molecule,Delta_E_ST_eV,S1_energy_eV,T1_energy_eV,S1_S_he,T1_S_he,Delta_S_he,Abs_Delta_S_he,S1_CT_number,T1_CT_number,Delta_CT_number,Abs_Delta_CT_number,S1_Lambda_D,S1_Lambda_A,T1_Lambda_D,T1_Lambda_A,Delta_Lambda_D,Abs_Delta_Lambda_D,Delta_Lambda_A,Abs_Delta_Lambda_A,S1_Delta_r,T1_Delta_r,Delta_Delta_r,Abs_Delta_Delta_r,S1_hole_on_A,S1_particle_on_D,T1_hole_on_A,T1_particle_on_D,Char_diff_squared,S_NTO_sum,S_NTO_product,S_NTO_ratio,S1_osc_strength,HOMO_LUMO_gap_eV,Delta_S_NTO,Abs_Delta_S_NTO,Log_Abs_S1,Log_Abs_T1,S1_overlap,T1_overlap
-ph-pCzAnBzt,0.9580000000000002,-0.17459673788048255,0.5634813879760235,0.021064499302834827,0.01830926405558346,0.0,0.0,0.0,0.019598748305878766,0.0,0.0,0.01277864433346732,0.0,0.0,0.0,0.0,0.0,0.0,0.012938214928584369,0.0,0.01124127689404491,0.012379206098619276,0.0,0.0,0.0,0.0,0.0,0.0,0.0,0.0,0.0,0.0,0.0,0.0,0.0,0.012510904304287144,0.0,0.0,0.0
11-AcBPdCN,0.5830000000000002,-0.5346842498583125,0.6599778769737698,0.0,0.0,0.0032581708252076317,0.0,0.0,0.0,0.0008265191510436656,-0.005329369346297977,0.0,0.008806955926295944,0.0,0.0,0.0,0.0072930618795404465,0.0,0.0,0.0,0.0,0.0,0.0,0.0,0.0,0.0,0.0,0.0,0.0,0.0,0.0,0.0,-0.014119920508210291,0.0,0.0,0.0059759086426678905,0.0,-0.006917188017767417,0.0
12AcCz-PM,0.4130000000000002,0.12820430271380598,-0.17429638579341541,0.0,0.0020531085958953445,0.0,0.004773185058217924,0.0,0.0,0.0,0.0,0.0,0.0,0.0,0.0,0.0022043849446788145,0.0,0.0,0.0010923257489461765,0.0,0.0,0.0,0.0,0.0,0.0,0.0,0.0,0.0,0.0,0.0,0.0,0.011508078139366737,0.002569971599006172,0.0,0.0,0.001541606677901723,0.0007821153806225473,0.0,0.0
12BTCzTPN,0.2789999999999999,-0.3765212361385196,0.23943172005864452,-0.010783654066847633,-0.011318551143805816,0.0,0.0,0.0,0.0,0.0,0.0,0.0,-0.004920698840657895,0.0,0.0,-0.004220796015920375,0.0,0.0,0.0,0.0,-0.002518373958192271,0.0,0.0,0.0,0.0,-0.0015718480576601265,0.0,-0.004814167609125869,0.0,0.0,0.0,0.0,0.0,-0.0026702090570838795,0.0,0.0,0.0,0.0,0.0
19a,1.084,0.0,0.5009336992463608,0.019800460235443743,0.02842686917921596,0.0,0.0,0.0,0.0,0.0076290726576319886,0.0,0.0,0.0,0.0,0.010303665049378519,0.0,0.0,0.0,0.0,0.0,0.012024327762118314,0.0,0.0,0.0,0.0,0.0,0.013077269328460726,0.0,0.011794846056749896,0.0,0.0,0.008065627393917234,0.0,0.0,0.0,0.0,0.0,0.0,0.007761113129144708
1CM,0.5310000000000001,0.0744804736117115,-0.019006153936073487,0.0,0.0,0.0,0.0,0.0,0.0,0.0,0.0,0.0,0.0,0.0010085069240289108,0.0,0.0,0.0,0.0,0.0,0.004306237259832829,0.0,0.0,-0.005395089180932816,0.0,0.002266147259944638,0.0,0.0,0.0,0.0,0.009919191828423145,0.0,0.0,0.010844630186030556,0.0,0.0,0.00733334606425509,0.0,0.0017405441435063898,0.0
1CzSO,0.4479999999999999,0.24022498236874296,-0.246291015195889,0.0,0.0,-0.008953878358070896,0.0,-0.004136713856904154,0.005011827315486872,0.0,0.006329539841820491,0.0,0.0,0.0,0.0,0.0,0.0,0.0,0.0029383893218894,0.0,0.0,0.0,0.0,0.0042145980856444845,0.0,0.0,0.0,0.0,0.0,0.0,0.0,0.0,0.010286333831496368,0.0,-0.005122278569436272,0.0,0.0,0.0,0.0
1G-F1,0.8059999999999992,0.7014813439197487,-0.5715366584950123,0.0,0.0,0.0,0.0,0.0,0.0,0.0,0.0,0.0,0.0,0.0,0.01017377867457012,0.0,0.0,0.0,0.0,0.01465246671796484,0.0,0.0,0.0,0.008527029504135187,0.0,0.0,0.0,0.0,0.028523478429387676,0.10233919401089679,0.0,0.011203794789213612,0.02088584142425516,0.0,0.0,0.0,0.0,0.015539960584481094,0.0
1MOBI,0.7529999999999997,-0.1908649608851551,0.41397424156515933,0.012397879454663085,0.019559931127943964,0.0,0.0,0.0,0.0,0.003155389047416199,0.0,0.005532593036137857,0.008015239721644484,0.0,0.0,0.0,0.0,0.0,0.00016094713849652335,0.008003828250163658,0.0,0.0,0.009511067576330337,0.0,0.0,0.0,0.0,0.0,0.0,0.0,0.0,0.0,0.0,0.0,0.0,0.0,0.0,0.0,0.0
1MPA,0.3919999999999999,0.4307681375298897,-0.48354343542944755,0.0,-0.0021212942168454497,0.0,0.0,0.0,-0.0041203561178573865,0.0,0.0,0.0,-0.00024594580256872824,0.0,0.0,0.0,-0.002188171569520698,0.0,0.0,0.0,-0.0027356298213154014,0.0,0.0,0.0,0.0,0.0,0.0,-0.0047127128308500285,0.0,0.0,0.0,0.0,0.010896662017542432,0.0,-0.0025437723962911064,0.0,0.0,0.0,0.0
1PCTRz,0.439,0.27217476783369376,-0.29326576800844667,0.003083235124003655,0.0,-0.006396451655893762,0.0,0.0,0.0,0.0,0.0,0.0,0.0,0.0,0.0,0.0,0.0,0.0016162214864308354,-0.0030222691237741864,0.0027426255700837027,0.0,0.005685999032703937,0.0006895142714621699,0.0,0.0,0.0,0.0,0.0,0.0,0.0,0.0,0.0,0.0,0.0,0.0,0.0,0.0026624414592943636,0.0,0.0
1PXZ-BP,0.3199999999999998,-0.131254934091877,0.09067390305500078,-0.01964043178486704,0.0,0.0,-0.013969677120565849,-0.006968340596551714,0.0,0.0,0.0,0.0,0.0,0.0,0.0,-0.0038634925758249663,0.0,0.0,0.0,-0.007107664732752121,0.0,-0.008834349645253353,0.0,0.0,0.0,0.0,0.0,0.0,0.0,0.0,0.0,0.0,-0.017705440108507085,0.0,0.0,0.0,0.0,-0.005357301525411411,0.0
1PXZP,0.2370000000000001,-0.24370783893491607,0.12690064096481135,-0.012787282079960384,0.0,0.0,-0.020421663294074494,0.0,0.0,0.0,0.0,0.0,-0.0051862818796080045,0.0,0.0,0.0,0.0,0.0,0.0,-0.0159745665188099,0.0,0.0,0.0,0.0,0.0,0.0,0.0,0.0,0.0,0.0,-0.0058133113604071085,0.0,-0.015291468370523401,-0.008723488886131704,0.0,0.0,0.0,0.0,-0.00580073473448206
1SBFN,0.8730000000000002,0.3627181730443188,-0.12976395910893024,0.0,0.04353519253956614,0.0,0.0,0.015148116435977946,0.0,0.0,0.027868371108521802,0.0,0.0,0.0,0.0,0.00957073620371941,0.0,0.0,0.03361290871525979,0.0,0.01704436978154292,0.0,0.0,0.0,0.0,0.0,0.0,0.023570806514592077,0.0,0.0,0.0,0.0,0.0,0.005713982310360144,0.0,0.0,0.0,0.0,0.0
2-TA-AN,1.086,0.0,0.44137007269093,0.030411237973582333,0.04117046011815855,0.012600514657420393,0.0,0.0,0.0,0.02010700804029081,0.0,0.009831487184679981,0.0,0.0,0.0,0.002632001633530834,0.0,0.012239595190360254,0.0,0.0,0.0,0.0,0.0,0.0,0.0,0.0,0.009552364550300169,0.04205093011014817,0.0,0.0,0.0,0.0,0.0,0.0,0.0,0.0,0.0,0.0,0.0
23AcCz-PM,0.3340000000000001,0.06187152068990776,-0.1473651572545167,-0.007712587449202624,-0.0024992550964686626,0.0,-0.0162005003932224,0.0,0.0,0.0,-0.002346955822545108,0.0,0.0,0.0,-0.0012998072825719735,0.0,0.0,0.0,0.0,-0.005597143475582916,0.0,0.0,0.0,0.0,0.0,0.0,0.0,0.0,0.0,0.0,0.0,0.0,-0.004653534679210078,0.0,0.0,0.0,0.0,0.0,-0.00422720601797158
24PQ-Cz,0.4809999999999998,0.23698122038721875,-0.22599713332824728,0.0023474643309947473,0.0029460070131572327,0.0,0.0,0.0,0.0,0.0,0.0040113160663998925,0.0,0.0,0.0,0.0,0.0,0.0,0.0011787051078058963,0.0,0.0,0.0,0.0,0.0038765554122110473,0.0,0.0,0.0,0.0,0.0,0.0025901878546265413,0.006095675971399623,0.0,0.0,0.0,0.0,0.0,0.0009731305381778799,0.0,0.0,0.0
25CzBPym,0.137,-0.14279425149357275,-0.04407713278838107,-0.02661246968197749,-0.037065907737050256,0.0,0.0,-0.006512494890320519,0.0,0.0,0.0,0.0,0.0,-0.014415606784112913,0.0,0.0,0.0,0.0,0.0,0.0,0.0,0.0,0.0,0.0,-0.007760908914076442,-0.0035389374013806416,-0.014582564286389163,0.0,0.0,0.0,0.0,0.0,0.0,0.0,0.0,0.0,0.0,-0.009687859461899335,0.0
25DAcBPy,0.133,-0.14712108063384913,-0.0625690324328199,-0.016311867930878368,-0.02697622475841147,0.0,0.0,0.0,0.0,0.0,0.0,0.0,0.0,0.0,0.0,0.0,-0.010771987353676373,0.0,0.0,-0.008763211892159449,-0.014041131057427802,0.0,-0.004906501928325598,0.0,0.0,0.0,0.0,0.0,0.0,0.0,0.0,0.0,-0.01440006143313958,0.0,-0.007802780499786444,0.0,0.0,0.0,0.0
25tCzBPym,0.1360000000000001,-0.1848389404635683,0.0,-0.02955705459004874,-0.030206644434723973,0.0,0.0,-0.015875016671001392,0.0,0.0,0.0,-0.005459477581583746,-0.004612810463669237,0.0,0.0,0.0,0.0,0.0,0.0,0.0,0.0,0.0,0.0,0.0,-0.007978739702571569,-0.00918776829714799,0.0,0.0,0.0,0.0,0.0,-0.006454248703177539,0.0,0.0,0.0,0.0,-0.013256501733559814,0.0,0.0
26DAcBPy,0.326,-0.1522087470092051,0.06772246592559929,-0.008223052491852205,-0.0210324336406941,0.0,0.0,0.0,0.0,0.0,0.0,0.0,0.0,0.0,0.0,0.0,0.0,0.0,0.0,-0.013479475523125593,-0.007560749461123421,0.0,0.0,0.0,0.0,0.0,0.0,0.0,0.005119953701608476,0.0,0.0,-0.0031288231795261485,-0.014154833500711709,0.0,0.0,0.009445111798636873,0.0,0.0,0.0
26DCzPPy,0.419,0.07393722235958876,-0.0757377529146636,0.0,0.0,0.0,0.0,0.0,0.0,-0.011455214371337561,0.0,-0.007661261559908995,-0.002287803830865568,0.0,0.0,0.0,0.0,0.0,-0.004893698970551925,0.0,0.0,0.0,0.0,-0.005928203578334608,0.0,0.0,-0.005937597148982267,0.0,0.0,0.0,0.0,0.0,0.0,-0.0034933192540747677,0.0,0.0,-0.0012917072114957578,0.0,0.0
26DPXZBPy,0.3189999999999999,-0.3842551180842928,0.3042750213073598,0.0,-0.01331513106087485,0.0,0.0,0.0,0.0,0.0,0.0,0.0,-0.004156144955545826,0.0,-0.0019520671299889578,0.0,0.0,0.0,0.0,0.0,0.0,0.0,0.0,0.0,0.0,-0.008378054723064845,0.0,0.0,0.0,-0.006210992335633074,0.0,-0.008950749934664964,-0.01707506720747767,0.0,0.0,0.0,0.0,0.0,-0.004814261745992781
2BFCzPy,0.3719999999999999,0.10342752735047117,-0.12885247517599804,0.0,0.0,0.0,0.0,0.0,0.0,0.0,0.0,0.0,0.0,0.0,-0.008054931241801386,-0.01059865682879195,-0.008293626076368096,-0.006165788540251593,-0.007312040379471539,0.0,0.0,-0.012356092061483945,0.0,0.0,0.0,0.0,-0.006405602025477387,0.0,0.0,0.0,0.0,0.0,0.0,0.0,0.0,0.0,0.0,0.020767038705826586,0.0
2BPy-mDTC,0.1499999999999999,-0.07197687542796473,-0.1355259000022284,0.0,-0.01502520314947439,0.0,-0.009595185994744498,0.0,-0.007512614076466029,0.0,0.0,0.0,0.0,0.0,0.0,0.0,-0.00424027928678632,0.0,0.0,0.0,-0.01538562846300515,0.0,0.0,0.0,0.0,0.0,0.0,0.0,0.0,0.0,0.0,-0.011992045538795746,0.0,0.0,0.0,-0.011765128570494476,-0.010659068039695853,0.0,0.0
2BTCz2CzTPN,0.2610000000000001,-0.20319879822955647,0.05313828414174131,-0.010061641578811977,-0.013092415482104618,-0.0018408408325068593,0.0,0.0,0.0,0.0,0.0,0.0,-0.0010166909253280934,-0.0021861246568211697,0.0,0.0,0.0,0.0,-0.0010042739012546265,-0.0004427654261792274,0.0,0.0,0.0,0.0,0.0,0.0,0.0,0.0,0.0,-0.0029655194804256895,0.0,0.0,0.0,0.0,0.0,0.0,0.0,0.0,0.0
2BTPA-INN,0.524,0.15926184064604934,-0.12105962189803356,0.0031241713022020488,0.0,0.0,0.0048015215742262815,0.0,0.0,0.0,0.0,0.0002574062489841304,0.0,0.00024392436635436898,0.0,0.0,0.0,0.0,0.0,0.0045891233804194465,0.0,0.005104820855211303,0.0,0.0,0.0,0.0,0.0,1.9539944439029973e-05,0.0,0.0,0.0,0.0,0.0,0.0,0.0036113147234246743,0.0,0.0,0.0,0.0
2BrCPT,0.435,0.24567185419285173,-0.2700397222693047,0.004060338413366963,-0.00750457661931572,-0.007597184519464022,0.0,0.0,0.0,0.0,0.0,0.0,0.0,0.0,0.0,0.0,0.0,0.0,0.0,0.003815503437088565,0.0038165408616167525,0.0,0.0,0.0,0.0,0.0,0.0,0.0,0.0,0.0,0.0,0.0,0.004797458339916804,0.0,-0.0034295595794712488,0.0028715064157184677,0.0,0.0,0.0
2C,0.8599999999999999,0.03787462145177359,0.21123603718810874,0.02085942216465705,0.04156917325546376,0.010472949676597787,0.0,0.0,0.0,0.0,0.0,0.0,0.0,0.0,0.0,0.0,0.0,0.0,0.010740865926015792,0.0,0.010059893299193304,0.0,0.0,0.0,0.0,0.0,0.0,0.03995138696025025,0.0,0.0,0.0,0.01962129817185755,0.0,0.0,0.013440194946668087,0.0,0.0,0.0,0.0
2CM,0.524,0.042479503058839393,0.0,0.003402265224257229,0.0,0.0,0.0,0.0,0.0,0.0,0.0,0.0,0.0,0.0011233047839024311,0.0025749758706596743,0.0,0.0,0.0,0.0,0.001359326065148893,0.0,0.0,0.0,0.0,0.0,0.0,0.0,0.003668165004893646,0.0,0.0007283546423023507,0.0,0.0,0.0,0.0010449364072464705,0.0050810820878629875,0.0,0.0,0.003828953750266692,0.0
2Cz-DMAC-BTB,0.3809999999999998,0.11788650891140275,-0.15900272099773569,0.0,-0.0026357571435213956,0.0,-0.021993810095349293,0.0,0.0,0.0,-0.026296380019470343,-0.010760655962441232,0.0,0.0,0.0,0.0,0.0,0.0,-0.00866595284449009,-0.016870032317968308,0.0,0.0,0.0,0.0,0.0,0.0,0.0,0.0,0.0,-0.009762806439882615,0.0,0.0,0.0,0.0,0.0,0.0,0.0,0.0,0.004496894794318859
2Cz-DMAC-TTR,0.4349999999999996,0.26397213835930694,-0.29637176088957196,0.0065969195436901985,0.0,0.0,0.0,0.0,0.0013940549751547402,0.0,0.0,0.0,0.0,0.0,0.0,0.0,0.0,0.0,0.0,0.0,0.0017089120234900605,0.0,0.0,0.0,0.0,0.0,0.0005375207782131278,0.0,0.0,0.0,0.0,0.0,0.006419386540766736,0.0,0.008059222789739024,0.0,0.0,0.00234670411816951,0.0020997265719324637
2Cz-DMAC-TXO,0.5329999999999999,-0.04542471793994763,0.09497241299773891,-0.020463343595757095,0.0,0.011865124609513793,-0.008578360022905091,0.0,0.007871210039901603,0.0,0.0,0.0,0.0,0.0,0.0,0.015370144216713472,0.0,0.0,0.007137244246555735,0.0,0.0,0.0,-0.005601362548246041,0.0,0.0,0.0,0.0,0.0,0.0,0.0,0.0,0.0,0.0,0.0,0.0,0.0,0.012169135318352009,0.0,0.0
2Cz2tCzBn,0.2529999999999996,-0.04380816426511757,-0.09991797410228151,-0.0009518084066528145,-0.007070620495016316,0.0,0.0,0.0,0.0,0.0,-0.0015703078083049286,-0.0006729516968071011,0.0,0.0,0.0,0.0,0.0,0.0,0.0,0.0,0.0,0.0,-0.006223263972780791,0.0,0.0,0.0,-0.00039771436224417256,0.0,0.0,0.0,0.0,-0.0011314303438231179,0.0,0.0,0.0,-0.002725687089722526,0.0,0.0,0.0
2CzBN,0.3370000000000002,0.16091861501440133,-0.23667206331011872,0.0,-0.00408961515233908,-0.0072096024785398465,0.0,0.0,0.0,0.0,0.0,0.0,0.0,-0.0031973000073519677,0.0,0.0,0.0,0.0,0.0,0.0,0.0,0.0,0.0,-0.00443537132873123,0.0,0.0,0.0,0.0,-0.002598716093434116,0.0,0.0,0.0,0.0,-0.0011094037746760313,-0.006247528607380718,0.0,0.0,-0.0021197306615304322,0.0
2CzCbPy,0.4370000000000003,0.11855701896321966,-0.14343479984169477,0.0037079510842652885,0.0,0.0,0.0,0.0,0.009283530582586972,0.0,0.0,-0.015016255633347428,0.0,0.0,-0.0015758328559221792,0.0,0.0,0.0,0.0,0.0,0.0,0.0,0.0,0.0,0.0,0.0,0.0,0.0,0.0,0.0,0.0,0.0,0.0053567455808902886,0.00640351245393028,0.0,0.005569012810318164,0.0,0.004523836527763529,0.0
2CzMC,0.5659999999999998,0.18476311840701676,-0.11834151900048281,0.004857283973904412,0.0,0.0,0.0,0.0,0.0,0.0,0.0,0.0,0.0,0.00243926589724644,0.0,0.0,0.0,0.0,0.0,0.009609495047414453,0.0,0.0,0.0,0.0,0.0,0.0,0.0023766626083452434,0.0,0.005398277038409065,0.0,0.0,0.0,0.00606457495270624,0.0008786126722263809,0.0,0.0,0.0,0.008362391477869652,0.0
2CzP-INN,0.4530000000000003,0.08521657256366019,-0.12543206858037664,0.0,-0.012991742278509324,0.0,0.0,0.0,0.0,0.01106347861063969,0.0029042919531298973,0.0,0.004592264196141281,0.0,0.01781978806364252,0.0,0.0,0.0,0.0,0.0,0.0,0.0,0.0,0.0,0.0026219345434506224,0.0,0.00427791044691539,0.0,0.0,0.0,0.0,0.0,0.0,0.0,0.0,0.0,0.0,0.0064501821329716515,0.0
2CzPN,0.3199999999999998,-0.021520145407584897,-0.08344017020601927,-0.001921449844654313,-0.0022300759761324966,0.0,0.0,0.0,0.0,-0.0006678034357534279,-0.0010693248834638383,0.0,0.0,0.0,0.0,0.0,0.0,-0.0008710451474105152,-0.0031149761596349517,0.0,0.0,0.0,-0.004761897509494227,0.0,0.0,0.0,0.0,0.0,0.0,0.0,0.0,-0.0039279973321975255,0.0,0.0,0.0,0.0,0.0,0.0,0.0
2CzPy,0.4590000000000001,0.1445808835238215,-0.1586451561320849,0.007511027256672888,0.0,0.0,0.0,0.0,0.0,0.0,0.0,-0.012590612001300417,0.0,-0.0034209559796020317,0.008864657043623428,-0.010964803548772755,0.0,0.0,0.0,0.0,0.0,0.0,0.0,-0.009845051342845407,0.0,0.0,0.009613749550993141,0.0,0.0,0.0,0.0,0.0,0.0,0.0,0.0,-0.004904449294599199,0.0,0.0,0.0
2CzTPE,0.7170000000000001,0.08258314274162556,0.09799268055570194,0.02675078781274626,0.03923684445173583,0.0,0.0,0.0,0.0,0.0,0.006771763426295046,0.0,0.0,0.0,0.0,0.0,0.0,0.0,0.0,0.0037376415659437856,0.0,0.0,0.0,0.0,0.0,0.0,0.0,0.0,0.0,0.004238575619061788,0.0,0.0,0.0017690339150577272,0.0,0.0,0.00425253983889351,0.0,0.0,0.006049208385533406
2CzTPEPCz,0.5690000000000004,0.2750974772319897,-0.20633711952835343,0.0,0.02773731448456105,0.0,-0.008076020721652158,0.0,0.0,0.0,0.0,0.0,0.0,0.0,0.0,0.0,0.0,0.0,0.0,0.00856963084292335,0.0,0.005177236694014937,0.0,0.0,0.0,0.0,0.0,-0.007079302766645035,0.0,0.0,0.0,0.014351344774100619,0.006416972769513327,0.0,0.0,0.0,0.007108464114963748,0.0,0.0
2DMAC-BP-F,0.585,-0.2382527360701542,0.3377562321897192,0.0,0.00805865764950868,0.001939304696291082,-0.01081070583366453,0.0,0.0,0.0,0.0,0.0,0.0,0.0,0.0,0.0,0.0,0.0,0.0,0.0,0.0,0.002151329235578145,0.0,0.0005197457565549735,0.004655464009402035,0.0,0.0008625382396296739,0.0,0.0,0.0,0.0,0.014058469912187194,0.0,0.0,0.0,0.0,0.0,0.0,0.0
2DN,0.1549999999999998,-0.5247806520790806,0.32743159735599014,-0.020817460112080605,-0.01650634096108846,0.0,-0.014416955003280042,0.0,0.0,-0.00720047993609281,0.0,0.0,0.0,0.0,-0.007793909369988528,0.0,0.0,0.0,0.0,0.0,0.0,0.0,0.0,0.0,0.0,0.0,0.0,-0.009236239201029648,-0.00546762990094074,0.0,0.0,0.0,-0.02004818231669199,0.0,0.0,0.0,0.0,0.0,0.0
2DPA-DPQ,0.6299999999999999,-0.3030694137621,0.44959167265330297,0.007904552930531538,0.006209283870059517,0.0,0.0,0.0010655622782205498,0.0,0.0,0.0,0.0,0.0,0.0,0.0025504937359007436,0.0,0.0020975777469558064,0.0,0.0,0.0,0.0,0.0,0.0,0.0,0.0,0.0,0.00015378681124719184,0.0,0.0,0.0,0.0,0.015205487522934307,0.0,0.0,0.0,0.007816796769714876,0.0,0.0,0.0
2F,0.4500000000000002,-0.07434264813076809,0.07254669604167716,0.0,-0.017447396323017006,-0.008663644592880045,0.0,0.0,0.0,0.0,0.0,0.0,0.0,0.0,0.0,0.0,0.0,0.0,0.0,0.006436082195687657,0.0,0.006117216160128142,0.0,0.0,0.0,0.0,0.0,-0.005192639810457902,0.0,0.0,0.0,0.0,-0.011031536712539775,0.0,0.0,0.010287417878264545,0.0,0.007162396183637218,0.0
2H-Qz,0.3609999999999997,-0.2688654425423834,0.206246633615935,0.0,0.0,-0.0032001766677550725,0.0,0.0,-0.0017210258826377252,0.0,0.0,0.0,0.0,0.0,0.0,0.0,0.0,0.0,-0.0019597915689909757,0.0,0.0,0.0,0.0,0.0,0.0,0.0,-0.0009434574365718151,0.0,0.0,-0.004016086829153731,0.0,-0.006575240468384537,-0.021272757814030128,0.0,0.0,0.0,0.0,-0.0009212650807273932,0.0
2ICz-OXD,0.4039999999999999,0.23816228818714447,-0.28009638058237246,-0.000573152320265975,-0.003552537550772626,0.0,0.002245365631089005,0.0,0.0,0.0,0.005954118108968705,0.0,0.0,0.0,0.0,0.0,0.0030660526989633244,0.0,0.0,0.0,0.0,0.0,0.0,0.0,0.0,0.0,0.0,0.0,-0.001831718444086178,0.0,0.0,0.0,0.0,0.0,0.0,0.0,-0.0034485883807355137,-0.0025361643472915597,0.0
2MeCZ-TRZ,0.4199999999999999,0.15749061512132337,-0.17346711548790464,0.0,0.0,0.0,0.0,0.0,0.0,0.0,-0.0026990299590627584,0.0,0.0,0.0,-0.006551368558205964,0.0,-0.00209951065937456,-0.005556322309378414,0.0,0.0,0.0,0.0,0.0,0.0,-0.0007727615160482928,0.0,0.0,-0.0018528461955699762,0.0,0.0,0.0,0.0,0.0,0.0,0.0,0.0,-0.0034448354668947146,-0.005101675095826927,0.0
2Mi2SB,0.5190000000000001,0.7928816807941689,-0.7836949286677303,0.003124170712315279,0.007917930030181259,0.008209105202863167,0.0,0.0,0.0,0.0,0.0,0.00843110131765328,0.004636493128734175,0.0,0.0,0.0026006247672856514,0.0,0.0,0.0,0.0,0.0023615817251390015,0.0,0.0,0.0,0.0,0.0,0.0,0.0,0.0,0.0,0.0,0.0,0.0,0.0,0.0,0.008082595177006142,0.0,0.0,0.0
2PBCzPy,0.4889999999999999,0.36258417188733255,-0.3497448781458986,0.0,0.0,0.0,0.0,0.0,0.0,0.0,0.0,0.0,0.0,0.0030173359978796573,0.0,0.0,0.0,0.0,0.0031452126928536582,0.0,0.0,0.0,0.003108044995443265,-0.0037722196170537807,0.0,0.002818278073843484,0.0,0.0,0.0,0.0,0.0,-0.006448262859213864,0.006583138264344942,0.0,0.0,0.004060362927895791,0.0,0.0,0.0
2PCzBN,0.4059999999999997,0.2830131864181319,-0.3357739130489247,0.0,-0.005222778279101543,-0.003959558892801227,0.009888340422952788,0.0,0.0,0.0,0.0,0.0,0.0,0.0,0.0,0.0,-0.003454260601660111,0.0,0.0,0.003003847354297199,0.0,0.0,0.0,0.0,0.0,0.0,0.0,-0.004705506780027756,-0.002600325262027243,0.0,0.0,0.0,0.007505446159234975,0.0,0.0,0.0,0.0,0.0,0.0
2PCzBN-tPh,0.3199999999999998,0.21216206795852635,-0.3186213004381294,0.0,-0.004043045309675547,0.0,0.005845281965392299,0.0043846511227707795,0.0,0.0,0.0,0.0,0.0,-0.0012182375708136017,0.0,0.0,0.0,0.0,0.0,0.0,0.0,0.0,0.0,-0.0022377312541791423,0.0,-0.0032405298241665673,0.0,0.0,0.0,0.0,0.0,0.0,0.0,0.0,0.0,0.0,-0.012857939671485711,-0.003750195584908953,0.0
2PN,0.1939999999999999,-0.64029046732751,0.54080454080963,-0.03453632646994085,-0.036116470253102016,0.0,0.0,0.0,0.0,0.0,0.0,0.0,0.0,0.0,0.0,-0.003711843125770442,-0.01040011550651766,0.0,0.0,0.0,-0.011790013893375176,0.0,0.0,0.0,0.0,0.0,0.0,0.0,0.0,0.0,-0.00700147817503476,-0.016188219404882593,-0.030715992583975327,0.0,0.0,0.0,0.0,0.0,0.0
2PS-2FPh,0.347,-0.18900999499513335,0.10570388745308784,0.0,0.0,0.0,0.0,0.0,0.005737019527965657,0.0,0.0,-0.006022755619748784,0.0,0.0,0.0,0.0,0.0,0.0,0.0,0.003990001667891292,0.0,0.0,-0.005222653500366316,0.0,0.0,0.0,0.0,0.0,0.0,0.0,0.0,-0.0073762531530406706,0.0039841212829393735,0.0,0.0,0.008330903814676051,0.0,0.0032916920120925164,0.0
2PXZ-OXD,0.2870000000000003,-0.27062778635281687,0.15658335222261663,-0.01213989397615048,-0.017111243294189605,0.0,0.0,0.0,0.0,0.0,0.0,0.0,0.0,0.0,0.0,0.0,0.0,0.0,-0.003908729380923932,0.0,0.0,0.0,-0.0019206886487597719,0.0,0.0,0.0,0.0,-0.003793273132942064,0.0,0.0,0.0,0.0054941924797846835,-0.0053075067373806704,0.004128240071204123,0.0,0.0,0.0,0.0,0.0
2PXZP,0.3349999999999999,-0.11934564712136841,0.0850861865600342,-0.017349630559261923,0.0,0.0,0.0,0.0,0.0,-0.008234520343229258,0.0,0.0,-0.00774712034559231,0.0,0.0,0.0,0.0,-0.002531521702863383,-0.013757519721513215,0.0,-0.0001500363725546534,0.0,0.0,0.0,0.0,0.0,0.0,0.0,0.0,0.0,0.0,0.0,-0.0159931908283567,0.0,0.0,0.0,0.0,-0.008903897922973886,0.0
2PyCNBCz,0.4369999999999998,0.21222385037688096,-0.2398062447788403,0.004302967540538043,-0.014001174421740788,-0.00422710792471295,0.0,0.0,0.0,0.0,0.0,0.0,0.0,0.0,0.0,0.0,0.004951775925256914,0.00379282747913877,0.0,0.0,0.0,0.0,0.0,0.0,0.0,0.0,0.0,0.0,0.0,0.0,0.0,0.0,-0.004390700824846241,0.0,0.005864732216439329,0.0,0.0,0.004325053586111505,0.0
2PyCNICz,0.3769999999999998,0.19186661190051119,-0.2545719414863684,0.0,-0.0022069462599548758,0.0,-0.0007418621704982743,0.0,0.0,0.0,0.0,0.0,0.0,0.0,0.0,0.0,0.0,0.0,0.0,0.0,0.0,-0.006706254893377272,0.0,0.0,0.0,0.0,0.0,-0.003694604212397647,0.0,-0.002176136866187762,0.0,0.0,-0.0036406726792015108,0.0,-0.0031306130449450104,-0.0021174676048369883,0.0,0.0,0.0
2SBFN,0.8169999999999997,0.2703449021428821,-0.12428262226014743,0.0,0.04205040153645422,0.0,0.0,0.0,0.0,0.0,0.0,0.0,0.0,0.0,0.0,0.0,0.02644601432916171,0.021863772029672435,0.0,0.0,0.014145922681556853,0.02000048779363489,0.0,0.0,0.0,0.0,0.0,0.0,0.0,0.03529144709076296,0.0,0.0,0.0,0.0,0.0,0.014445607701734567,0.0,0.03288265563535647,0.0
2SPBAC-BP,0.5829999999999997,0.11198041535637816,-0.028811964681363107,-0.009498250764977489,0.0,0.0,-0.011611823978553463,0.0,0.0,0.0,0.0,0.0,0.0,0.0,0.0,0.0,0.0,0.0,0.0,0.003333406625826493,0.003885269517907234,0.0,0.0,0.0,0.0,0.0,0.0,0.0,-0.004624196878986991,0.013906397480903112,0.0,0.0,0.0033901551019213188,0.0,0.0,0.006697402709984834,0.0,0.0,0.0
2TCz-DPS,0.4650000000000003,0.3127786469521615,-0.3043337439875504,0.0,-0.00362724641957274,0.0,0.008171433825284714,0.0,0.0,0.0,0.0,0.0,0.0,0.0,0.0,0.0,0.0,0.0,0.0,0.0,0.0,0.0,-0.0062748833720788055,0.0,0.0,0.0,0.0,-0.0045556432968092584,0.0,-0.002965179936700501,0.0,-0.003313749387837612,0.006726859937281215,-0.0014696655981427272,0.0,0.0,0.0,0.0,0.0
2TDBA-SBA,0.4980000000000002,0.07625343849003637,-0.04524084831193643,0.0,-0.01349761445735186,0.0,0.010013463213774578,0.002430031581495351,0.0,0.0,0.0,0.0,0.0,0.0,0.0,0.0,0.005128161043939851,0.0,0.0,0.0,0.0,0.0,0.0,0.0016578274808421484,0.0,0.0,0.0,0.0,0.0,0.0,0.0,0.0,-0.003952649547757358,0.0,0.0,0.00417906636909427,0.0,0.0019298773058621498,0.0
2Trz6CNDBT,0.3409999999999997,0.32640925182622854,-0.4223104905756843,0.0,-0.003164639331546279,0.0,0.0,0.0,0.0,0.0,0.0,0.0,-0.0017993814231615224,0.0,0.0,0.0,0.0,0.0,0.0,0.006614611697851078,0.0,0.0,0.0,0.0,0.0,0.0,-0.0014233400110146605,-0.004671575592124935,0.0,-0.0051635296883118555,0.0,0.0,0.005570561701230397,0.0,0.0,0.0,0.0,0.005376492302694502,0.0
2tCz2CzBn,0.2629999999999999,-0.03976044077391459,-0.12030511585782756,-0.003515076667225441,-0.013529324235152101,0.0,0.0,0.0,0.0,0.0,-0.004584424598703873,0.0,0.0,0.0,0.0,0.0,0.0,0.0,-0.0027739055988165173,0.0,0.0,0.0,-0.005072465543544825,0.0,0.0,0.0,0.0,-0.0024212683934967407,0.0,0.0,0.0,0.0,0.0,0.0,-0.0019782230557171035,-0.0030139830663051285,0.0,0.0,0.0
2tPAB,0.4399999999999999,-0.23865768813408633,0.23235530493054532,-0.0012885114035523504,-0.016459049644888153,0.0,0.00635683110721138,0.0,0.0,0.0,0.0,0.0,-0.0023596445509940626,0.0,0.0,0.0,0.0,0.0,0.0,-0.0037050478763236893,0.0,-0.0010160971319558018,0.0,0.0,0.0,0.0,0.0,0.0,-0.003645002136420381,-0.0028549839389619795,0.0,0.0,0.0,0.0,0.0,0.0,0.0,0.0,0.0
3-ACBPmCN,0.1320000000000001,-0.11342618181499894,-0.03312104507085588,0.0,-0.017154524908957327,-0.009316189003770691,0.0,0.0,0.0,0.0,0.0,0.0,0.0,0.0,0.0,0.0,0.0,0.0,-0.0014340735641119602,0.0,0.0,0.0,-0.022488936696946474,-0.0018791521815317968,0.0,0.0,0.0,-0.0009937609876806697,0.0,0.0,0.0,0.0,-0.015421606821004833,-0.0008241603196677529,0.0,0.0,0.0,0.0,0.0
3-AcBPdCN,0.5009999999999999,-0.424267914393894,0.47784695283432943,-0.00591268712046721,-0.005826039493737021,0.0025945494752917958,0.0,0.0,0.0,0.0,-0.007080180636435663,0.0,0.0,0.0,0.0,0.0027494229420210944,0.0,0.0,0.0,0.0,0.0,0.0,0.006642033986256902,0.0,0.0,0.0,0.0,0.0,0.0,0.0,0.0,0.007442041750516009,-0.017224900441164287,0.0,0.0,0.0,0.0,0.0,0.0
3-AcBPtCN,0.1899999999999999,-0.2757435816875866,0.1186422360848823,-0.025170189155338026,-0.026517633135503038,0.0,0.0,0.0,-0.006468926450173923,0.0,0.0,0.0,0.0,0.0,0.0,0.0,0.0,0.0,-0.005293044123374344,0.0,0.0,-0.0017830601513061225,0.0,0.0,-0.004910387078046641,-0.0034022800033723195,0.0,0.0,0.0,0.0,0.0,0.0,-0.04332724819373566,0.0,0.0,0.0,0.0,0.0,0.0
3-BHH,0.943,0.3448378677168879,-0.11023270548949848,0.001319872436055594,0.0,0.0,0.0,0.0,0.0,0.0,0.0,0.0,0.0,0.0,0.0,-0.012015628450391525,-0.025094487461214475,0.0,0.0,0.0069293206753396714,0.003690272864390418,0.0,0.0,0.0,0.0,0.0,0.0,0.0,0.0,0.0,0.0,0.0,0.006768204785034593,0.0,0.0,0.01194392938668946,0.0,0.006179615959679065,0.0
3-DPM,0.2710000000000003,-0.2264744067990253,0.147397949139729,-0.04052788963509565,-0.03217375618051875,0.0,-0.018302446719339786,0.0,0.0,0.0,0.0,0.0008710340411048263,0.0,0.0,0.0,0.0,0.0,-0.01242866202308525,0.0,0.0,-0.026656589806815283,0.0,0.0,0.0,-0.008279800064717988,0.0,0.0,0.0,0.0,0.0,0.0,-0.003450428394869365,0.0,0.0,0.0,0.0,0.0,0.0,0.0
3-DTPA-BBI,0.6359999999999997,-0.2545946286946936,0.3974174710079114,0.0,0.011204355877257856,0.010741672518278914,0.0,0.001129826752752219,0.0,0.0,0.0,0.0,0.0,0.01304094580715831,0.0,0.005927403711775722,0.0,0.0,0.0,0.0,0.0,0.0,0.0,0.0,0.0,0.0,0.0,0.0,0.0,0.004363588846951541,0.0,0.013681299609761699,-0.02527847425283673,0.0,0.0,0.0,0.0,0.0,0.0
35CzBPym,0.2600000000000002,0.04500456246943537,-0.17763340538587621,-0.012435073864440465,-0.014561756977249023,0.0,0.0,0.0,0.0,-0.0035663898774163927,0.0,0.0,-0.0007035716840331125,0.0,0.0,0.0,0.0,0.0,0.0,0.0,0.0,0.0,-0.0008369363863177683,0.0,-0.0021270585279414803,0.0,0.0,-0.005938796758173283,0.0,0.0,-0.0015975239607791281,0.0,0.0,0.0,0.0,0.0,0.0,0.0,0.0
35tCzBPym,0.258,0.0,-0.0929135910233649,-0.020113332440956654,-0.03792693916116636,0.0,0.0,0.0,0.0,0.0,-0.004381553468392119,0.0,0.0,0.0,0.0,0.0,0.0,0.0,0.0,-0.006017264591389157,0.0,0.0,0.0,0.0,0.0,-0.005254556006366948,-0.0035300497673255715,0.0,0.0,0.0,0.0,-0.004132059031909819,-0.004226659446542062,0.0,-0.007221611482032898,0.0,0.0,0.0,0.0
36DTPAFM,0.3489999999999997,-0.4270495062401251,0.378058480835371,-0.005529797809485215,0.0,0.0,-0.005965928641100372,0.0,0.0,0.0,0.0,0.0,0.0,-0.0042729295296949545,0.0,0.0,0.0,0.0,0.0,0.0,-0.0013520627390872552,0.0,0.011545073028862094,-0.001339215650029583,0.0,-0.0066275423345065615,0.0,0.0,0.0,0.0,0.0,0.0,-0.03219864418985612,0.0,0.0,0.0,0.0,0.0,0.0
3BPy-mDTC,0.2600000000000002,0.04861016618282866,-0.15705376436541857,-0.01588876751547195,-0.027058847691156032,-0.004978090509027072,0.0,0.0,0.0,0.0,0.0,0.0,-0.0031798267469682617,0.0,0.0,0.0,0.0,0.0,0.0,-0.010202387959515297,-0.006424014650157496,0.0,0.0,0.0,0.0,0.0,0.0,0.0,0.0,0.0,0.0,0.0,0.0,-0.0036017727123512644,0.0,0.0,-0.003956667806680261,0.0,0.0
3BrBI,0.7530000000000001,0.0,0.1599387109483952,0.020916033190386395,0.03069998997798941,0.0,0.0,0.0,0.0,0.0,0.009157164187044122,0.0,0.00663497063932255,0.0,0.0,-0.0023896143328914488,0.0,0.008315700813505798,0.0,0.0,0.0,0.0,0.0,0.0,0.005532364330283149,0.0,0.0,0.0,0.0,0.0,0.0,-0.0467692773073452,0.0,0.0,0.0,0.008891789222011637,0.0,0.0,0.0
3CP-DPS-DMAC,0.435,0.24979896125184609,-0.26478945903684564,0.0,0.0,-0.009588594881855655,0.0,0.0,0.0,0.0,0.0,-0.0005566934070087848,0.0,0.0,0.0,0.0,0.0,0.0,0.0,0.0,0.0,0.0,-0.0015485081610096042,0.0,0.0,0.0,0.0,0.0,0.0008253588663592599,0.0,0.0,-0.007845987004696046,0.0,0.0,-0.00593918920285028,-0.013579634408556704,-0.013216667187426985,0.0,0.0
3CP-DPS-PXZ,0.3649999999999997,-0.26423972152689024,0.20361319621527407,0.0,-0.004415634835087709,0.0,0.0,0.0,0.00659503567615296,0.0,0.0,0.0,0.0,0.0,0.0,0.0,0.0,0.0,0.0,0.005801555983561467,0.0017321606010874439,0.0,0.0,0.0,0.0,0.0,0.0,0.0,0.0,0.0,0.0,-0.011978602482552347,0.0,0.0,0.0,0.009325934963143353,-0.005456249565220521,0.005760295125432598,0.0
3CzAnBzt,1.007,-0.15032842848170277,0.5892279142614409,0.027510751780351006,0.03567594990239505,0.0,0.0,0.0,0.0,0.0,0.0,0.0,0.0,0.0,0.0,0.0,0.002668916707193776,0.0,0.0,0.0,0.0,0.0,0.0,0.0,0.0,0.008109007920196643,0.007287249271396835,0.0,0.0,0.01789222422645407,0.0,0.014903775960358452,0.0,0.0,0.0,0.0,0.0,0.0,0.012506622442896987
3CzAnN,1.0039999999999996,-0.14185542214949656,0.5978821274763854,0.021174055793629118,0.0,0.0015917841782719054,0.0,0.0,0.0,0.009785498065973773,0.0,0.008275297337954582,0.012458729193381457,0.0,0.0,0.0,0.012147918009718484,0.0,0.0,0.0,0.0,0.0,0.0,0.0,0.0,0.0,0.01796179489960189,0.0,0.0,0.0,0.0,0.016476603829197023,0.0,0.0,0.0,0.0,0.0,0.0,0.0
3CzBN,0.4479999999999999,0.18492910958761932,-0.19803770694211723,0.0,0.0,0.0,0.0,0.0,0.0030675040850797505,0.0,0.0,0.0,0.003943560232930274,0.0,0.0,0.0,0.0,0.0,0.009211688805671093,0.0,0.0,0.0,0.0,0.0,0.0010741548070206952,0.0,0.0,0.0,0.001450181023715123,0.0,0.0,0.0,0.019973397277541834,0.002184032325358895,0.0,0.0,0.0,0.0,0.008808667136755047
3CzFTFP,0.4519999999999999,0.23603378613393142,-0.2467593570926547,0.0,-0.007187676067475302,-0.010098405208248173,0.0,0.0,0.0,0.0,0.0,0.0,0.0,0.0,0.0,0.0,0.0,0.0,0.0,0.004662985795774627,0.0,0.0,0.0,-0.006675985052411279,0.0,0.0,0.0,0.0,0.006322214573968896,0.0,0.0,0.0,0.006239491147103332,0.0,0.0,0.007864402749400229,0.0,0.0049488035769072285,0.0
3CzPhpPM,0.403,0.24301630204593064,-0.2820895063062186,0.003180749593954077,-0.010258107686013734,-0.007368250016263148,0.0010950605751506807,0.0,0.0,0.0,0.0,0.0,0.0,0.0,0.0,0.0,0.0,0.0,0.0,0.0023362882860606033,0.0,0.0,0.0,0.0,0.0,0.0,0.0,0.0,0.0,0.0,0.0,0.0,0.004440829375632883,0.0,-0.004888889668399815,0.009806858100174794,0.0,0.0,0.0
3DCPO,0.4599999999999999,0.1497334926526123,-0.1646906121878786,0.002983539668369397,0.0,0.0,0.0,0.0,0.0,0.0,0.0,0.0,0.0,0.004622227844803067,0.0,0.0022033720407265834,-0.014082281140061987,0.0,0.0,0.002579678817153451,0.0,0.007144399245316721,0.0,0.0,0.0,0.0,0.0,0.0,0.0,0.0,0.0,0.0,0.0,0.0,0.0,0.007818519866176061,0.0,-0.005450556605530474,0.0
3DMAC-BP-Br,0.0540000000000002,-0.3205524429877433,0.11301573033970605,-0.05296752442619914,-0.06077378042042011,0.0,0.0,0.0,0.0,0.0,0.0,0.0,-0.004290583171754168,-0.01469595103773688,0.0,0.0,0.0,0.0,0.0,0.0,0.0,0.0,0.0,0.0,0.0,0.0,0.0,0.0,0.0,0.0,-0.005731553524052331,0.0,-0.018819314137975558,0.0,-0.009796735836400044,0.0,0.0,0.0,-0.014918622638101842
3DMAC-BP-CN,0.4449999999999998,-0.14756371413137448,0.16322664682982754,-0.029891827996384564,0.0,0.0,-0.013939039117708607,0.0,0.0,0.0,0.0,0.0,0.0,0.0,0.0,0.0,0.0,0.0,0.0,0.0,0.0,-0.02895917338168576,-0.03955025347662992,0.0,-0.02357498912208451,0.0,0.0,0.010089365188247122,0.0,0.0,0.0,0.0,0.0,0.0,0.0,-0.00946577559072297,-0.008734759674136339,0.0,0.0
3DMACIPN,0.161,-0.43776540835947014,0.21584304017947636,-0.015658011298123505,-0.021183032313091904,0.0,0.0,0.0,-0.007433869343754995,0.0,0.0,-0.00631211790018027,0.0,0.0,0.0,-0.003583776087226669,0.0,0.0,0.0,0.0,0.0,0.0,0.0,0.0,-0.0030015147472609895,0.0,0.0,-0.005834364480154684,0.0,0.0,0.0,0.0,-0.007849820700681777,0.0,0.0,0.0,0.0,0.0,0.0
3DPA3CN,0.3319999999999998,-0.08758982569559978,0.01555051294922456,0.0,0.0,0.0,0.0,0.0,-0.004589954897109596,0.0,0.0,0.0,0.0,0.0,0.0,0.0,-0.0213999407162345,0.0,0.0,-0.004647524459258796,0.0,0.0,0.0,0.0,0.0,0.0,-0.0037030373775863985,0.0,0.0,0.0,0.0,0.012761657784821974,0.0,-0.004602049874581041,0.0,-0.007650018666646187,-0.005926809158256691,0.0,0.0
3DPTIA,0.4420000000000001,0.14016365058072008,-0.1568894889663375,0.008086672970009638,-0.007596703417382016,0.0,0.0,0.0,0.0,0.0,0.0,0.0,0.0,-0.0037413746194972716,0.005521489553243846,0.0,0.0,0.004031738797097837,0.0,0.0,0.0,0.0,0.0,0.0,0.0,-0.005350745648524438,0.0,0.0,0.0,-0.009775059454628676,0.0,0.0,0.0,0.0,0.004036357860751792,0.0,0.0,0.0,0.0
3PCzPFP,0.4460000000000002,0.26920529736320425,-0.2797081090178646,0.0,0.0,0.0,0.0,0.0,0.0025264591301787645,0.0,0.0,0.0,-0.002320695564237382,0.0,0.0,0.0,0.0,0.0,0.0,0.0,0.000232335584938428,0.0,0.0,0.0,0.0,0.00277800617583766,0.0,0.0,0.0,0.005071449361555286,0.0,0.0,0.010388108651860434,0.0008518120828718114,0.0,0.0059731170436353245,0.0,0.0,0.0
3Py-DMAC,0.1359999999999996,0.0,-0.1585523001141195,-0.017332056083428863,0.0,-0.007652540293665397,-0.008851006270420458,0.0,0.0,0.0,-0.028023329903376592,0.0,0.0,-0.008658067926887331,0.0,0.0,0.0,0.0,0.0,-0.02569780669379384,0.0,-0.013245416016114031,0.0,0.0,0.0,0.0,-0.011326305006528706,0.0,0.0,0.0,0.0,0.0,0.0,0.0,0.0,0.0,-0.02859570449947887,0.0,0.0
3TCPM,0.3920000000000003,0.18938022210983244,-0.2511922969554366,0.0,-0.006462203369126397,0.0,0.004334600463871264,0.0,0.0,0.0,0.0,0.0,0.0,0.0,0.0,0.0,0.0,0.0,0.0,0.0,0.0,0.005365080167390073,0.0,0.0,0.0,0.0,0.0,-0.00511810521905486,0.0,0.0,0.0,0.010358177463449672,-0.005310217098957453,0.0,-0.0026696420669859136,0.0,0.0,-0.0016195841571469347,0.0
3TPAFM,0.246,-0.5550407722103187,0.43689368061452044,0.0,0.0,0.0,-0.008097952311806433,-0.0057432509491429085,0.0,0.0,0.0,0.0,0.0,0.0,0.0,0.0,0.0,0.0,0.0,0.0,-0.0107911294022512,0.0,0.0,0.0,0.0,0.0,0.0,-0.016582046687975915,0.0,0.0,0.0,-0.010686300128667267,-0.01690897309632412,0.0,0.0,0.0,-0.005362372702087104,-0.005317653868854915,0.0
3ai,1.098,0.11861687551499377,0.34157780222443396,0.026680313156348938,0.031349772260301355,0.0,0.0,0.0,0.020012176806405293,0.0,0.0,0.0,0.0,0.0,0.0,0.0,0.0,0.0,0.0,0.0,0.0,0.020248518101126486,0.0,0.0,0.0,0.0,0.0,0.0,0.0,0.021412636350469375,0.0,0.018597839339445255,0.01967645743016553,0.0,0.0,0.015985261865623764,0.0,0.0,0.0
3ca,0.8340000000000001,0.028687800300948432,0.251613337657178,0.02308070862763069,0.028255921489758962,0.0,0.0,0.0,0.0,0.0,0.0,0.0,0.0,0.0,0.0,0.0,0.0,0.006772655591031594,0.003152111938294122,0.0,0.007179842331204423,0.0,0.0,0.004005437944967277,0.0,0.0,0.0,0.0,0.0,0.0,0.0,0.015401504688058577,0.007897990868184731,0.0,0.0,0.0,0.0,0.0,0.0
4-Ac,0.6589999999999998,0.43205519122229763,-0.2625824091740775,0.0,0.0,0.0,0.005995413161351284,0.0,0.0,0.0,0.002794679854185564,0.0,0.0,0.0,0.0,0.0,0.0,0.0,0.0,0.0,0.005803641884841871,0.003794346017320918,0.0,0.005398010800256814,0.0,0.0,0.0,0.0,0.0,0.0,0.002218291629418576,0.00777849977423516,0.0,0.005262670816083642,0.0,0.0,0.0,0.0,0.0
4-DBFBI,0.4929999999999999,0.3186746174385127,-0.309695707590271,0.0,0.011847330525191973,0.0,0.0,0.0,0.0,0.0,0.0,0.0,0.0,0.0,-0.004826486201547884,-0.00960549434139823,-0.008152670817024405,-0.0027474695280943146,0.0,0.0,0.0,0.0,0.0,-0.012323858363652837,0.0,0.0,0.0,0.0,0.0,0.0,0.0,0.0,0.0,0.0,-0.0002033402032907011,0.0,0.0,-0.007380713157919529,0.0
4-DPM,0.6389999999999998,-0.33141104371013247,0.4967323822484149,0.005499661810115109,0.003570204346663558,0.0,0.0,0.0,0.0,0.0,0.0,0.0,0.0030342506141166625,0.0034255504374778624,0.0,0.002686078583008862,0.005980708334027744,0.0,0.0,0.0,0.0,0.0,0.0,0.0,0.0,0.0,0.0,0.0,0.0,0.0,0.0,0.01815829895238083,0.0,0.0,0.0,-0.012484538332429618,0.0,0.0,0.0
4-SCZ,0.552,0.09896386088875415,-0.05688415940457354,0.0,0.0,0.0,0.0,0.0,0.0,0.0,0.0,0.0,0.0004900125038016373,0.0,0.0,0.0,0.0,0.0,0.008498595787672484,0.0,0.0008604013170115222,0.0,0.0,0.0,0.0,0.0,0.0,0.0029374702729932484,0.0,0.0,0.0,0.0,0.010881713386234384,0.008836888797492651,0.007747241461409976,0.0,0.0,0.0,0.006027485292908625
4BPy-mDTC,0.2679999999999998,0.043298804149181705,-0.15598599024586604,-0.019861583519254485,-0.03906749520401841,0.0,0.0,0.0,0.0,0.0,0.0,-0.001547748616918504,-0.002503965753169242,0.0,0.0,0.0,0.0,0.0,0.0,-0.01090652212165338,0.0,0.0,0.0,0.0,0.0,0.0,-0.00195340441348705,0.0,0.0,0.0,0.0,-0.004520910574475058,0.0,0.0,-0.002901619206903301,0.0,0.0,0.0,0.0
4CzIPN,0.2120000000000002,-0.11168276562484909,-0.04713758022465993,0.0,-0.008875184662930819,-0.00726642219192655,0.0,0.0,0.0,0.0,0.0,0.0,0.0,0.0,0.0,-0.0023044944412142303,0.0,-0.0021790842397060904,0.0,0.0,0.0,0.0,0.0,0.0,0.0,0.0,-0.0020926904350523634,0.0,0.0,0.0,0.0,-0.004586616275676391,0.0,0.0,0.0,0.0,-0.003988791451480241,-0.002772702360013328,0.0
4CzMC,0.5310000000000001,0.2377699932113239,-0.18225551328768347,0.0,0.006517025178920361,0.001457514798941848,0.0,0.0,0.0016170718349209866,0.0,0.0,0.0,0.0,0.0,0.0,0.0019084518226767239,0.0,0.0,0.0,0.0,0.0,0.0,0.0,0.0033301571047942317,0.0,0.0,0.0,0.0,0.0,0.0037488593237003437,0.0,0.0,0.011558497520106637,0.0,0.0,0.0016981825468369517,0.0,0.0,0.0
4CzTPN,0.29,-0.40173676577499196,0.2745384654980228,-0.007201017754438505,-0.011751493004470096,-0.0015230985690614432,0.0,0.0,0.0,0.0,0.0,0.0,0.0,0.0,0.0,0.0,0.0,0.0,0.0,0.0,0.0,-0.0009600190421470145,-0.0017572794885852398,0.0,0.0,0.0,0.0,0.0,-0.0015014588123992516,-0.0036294784842809276,0.0,0.0,0.0,-0.0038139463723104025,0.0,0.0,0.0,0.0,0.0
4F-m-ν-DABNA,0.3499999999999996,-0.188462536093885,0.11132258318976226,-0.006538839306359818,-0.011901384600097068,-0.005261648027913255,0.0,0.0,0.0,0.0,0.0,0.0,0.0,0.0,0.0,0.0,0.0,0.0,-0.00045093982515509516,0.0,0.0,-0.0036707101854712393,0.0,0.0,0.0,0.0,0.0,0.0,0.0,0.0,0.0,0.004085010849094128,0.0,0.0,0.0,0.00794540198116461,0.0,-0.0008256968819508964,0.0
4F-ν-DABNA,0.3529999999999997,-0.20231772689143773,0.1279366663462863,0.0,-0.01069815565290649,-0.002548233639068405,0.0,0.0,-0.0030723942529279325,-0.0011524741329836461,0.0,0.0,0.0,0.0,0.0,0.0,0.0,0.0,0.0,0.0,0.0,0.0,0.0,0.0,0.0,0.0,0.0,-0.0035127084629618314,-0.0002496975504677479,0.0,0.0,0.007012708707202771,0.0,0.0,-0.00268690869689321,0.0,0.0,0.0,0.0
4FBTPI,0.4029999999999996,0.11270093609944937,-0.14198885097082506,0.0,-0.004451022695502779,-0.005682005899454232,0.0,0.0,0.0,0.0,0.0,0.0,-0.007417869185692921,-0.007745069437424732,0.0,0.0,0.0,-0.010614605647221869,0.0,0.0,0.0,0.0,-0.0037417650689582837,0.0,0.0,0.0,0.0,0.0,0.0,0.0,0.0,0.01842822964466043,0.0,0.0,0.0,0.0,0.0,0.00942515063649217,0.0
4NTAZ-PPI,0.496,0.0683149392626301,-0.0455653598104529,0.0,0.017889398160052587,0.0,0.0,0.0,0.0,0.0,0.0,-0.0031942539576741767,0.0,0.0,-0.009233134845871472,0.0,-0.006159054300566946,0.0,0.0,0.0,0.0,0.0,0.0,0.0,0.0,0.0,-0.006426320894316391,0.0,0.0,0.0,0.0,0.007905434381097259,-0.009616454210541867,0.0,0.0,0.0,0.0183936407983815,0.0,0.0
4PyCNICz,0.3839999999999999,0.19017899861150478,-0.2501412170987354,0.0,-0.0038003525739158713,0.006249980301275137,0.0,0.0,0.0,0.0,0.0,-0.003822342836979467,0.0032430923058551636,0.0,0.0,0.0,0.0,0.0,0.0,0.0,0.0,0.0,0.008760991046049929,-0.005120271199756255,0.0,0.0,0.00269579112164044,0.0,0.0,0.0,0.0,0.0,-0.008266325299552728,0.0,0.0,0.0,0.0,0.0,0.0
5-Cz-Sac,0.4460000000000002,0.3059628187853987,-0.31846191585868167,0.00469107798377827,-0.005468202338698937,0.0,0.0,0.0,0.0,-0.0025222166693778724,0.0,0.0,0.0,0.0,0.0,0.0,0.0,0.0,0.0,0.0,-0.0016414582802348706,0.0,0.0,0.0,0.0,0.0,-0.0014410733982843475,-0.0043338270848651845,0.0,-0.011723175804038597,0.0,0.0,0.01170759959914603,0.0,0.0,0.0,0.0,0.0,0.0
5-DBFBI,0.5219999999999998,0.34823667072089143,-0.33112480370356967,0.005708481079211163,0.007435377566247651,0.0,0.0,0.0,0.0,0.0,0.0,0.0,0.004238419409860507,0.0,0.0,-0.014671500111425243,0.0,0.0,0.008104559419644927,0.0,0.0,0.0,0.0,0.0,0.0,0.0,0.0,0.0,0.0,0.0,0.0,0.02348444329895825,0.014424726811180238,0.0,0.0,0.0,-0.008043810274496993,0.0,0.0
5CzICz,0.3799999999999999,0.07046517389793908,-0.12881646480485592,0.0,-0.015019954155368824,-0.008749775981362937,0.0,0.0,0.0011206432874301397,0.0044073950349504,0.0,0.0,0.0,0.0,0.0,0.0021526593642175683,0.0,0.0,0.0,0.0,0.0037728909737874453,0.0,0.0,0.0,0.0,0.0,0.0,0.0,0.0,0.0,0.0,0.0,0.010262982496779725,0.0,0.0,0.0,-0.0035570574145570586,0.0,0.0
6-Cz-Sac,0.4579999999999997,0.2705018073444716,-0.2743870125500684,0.0012824505603762873,-0.004190362928119596,0.0,0.0056175379467826555,0.0,0.0,0.0,0.0,0.0,0.0,0.0019219175325065373,0.0,0.0,0.0,0.0,0.0,0.0,0.0,0.0,0.0,0.0,0.0,0.0,0.0,0.0,0.0,-0.003963303270984345,0.0,0.0014358121695914922,0.009291177092261769,0.0,0.0,0.0,0.0,0.0017316019771975771,0.0
6AcBIQ,0.1160000000000001,-0.543922400917209,0.35095826749716075,-0.03362155066572917,-0.03775458553070631,0.0,0.0,0.0,0.0,0.0,0.0,0.0,0.0,0.0,0.0,0.0,0.0,0.0,-0.009288495868987617,0.0,0.0,0.0,0.0,0.0,-0.011625703719282244,0.0,0.0,-0.008498821193480777,-0.007590339389012546,0.0,0.0,-0.01829285845119703,0.0,0.0,0.0,-0.008146310984160281,0.0,0.0,0.0
6tBPA,0.5650000000000002,-0.6177393507191883,0.71657221772869,0.0,0.022608768250917365,0.0,0.0,0.0,0.0,0.0,0.0,0.0,0.0,0.0,0.0,0.0,0.009053590642878985,0.0,0.0,0.0,0.002958867524934358,0.0,0.0,0.0,0.0,0.0,0.0,0.0,0.0,0.0,0.0,0.004948708453619312,-0.01983127488023457,0.0,0.00506281167403371,0.0,-0.006003795545271889,0.0,0.003443315772808823
9ArFDBFxPO,0.4410000000000003,0.2339693501076995,-0.25253771530716124,0.0,0.0,-0.004487713685552,0.0053579859220478825,0.0,0.0,0.0,0.0,0.0,0.0,-0.004629726409922059,0.0,0.0,0.0,0.0,0.0,0.0,0.0,0.0,0.0,0.0,0.0,0.0,0.0,0.0,0.007583875614583949,0.0,0.0,-0.00254699080077307,0.01432392074780581,0.0,0.0,0.0,-0.00970183254465431,0.009973349453888617,0.0
9CzFDBFDPO,0.4500000000000002,0.23724868214069175,-0.2566389799207435,0.0,0.0,-0.006273895127312728,0.0,0.0,0.0,0.0,0.0,0.0,0.0,0.0,0.0,0.001745632212142773,0.0,0.0024855855961191395,0.0,0.004388434347516889,0.0,0.0033899908464579726,0.0,0.0,0.0,0.0,0.0,0.0,0.0,-0.008942481441144278,0.0,0.0,0.014241001939448059,0.0,0.008612763150504906,0.0,0.0,0.0,0.0
9CzFDBFSPO,0.4700000000000002,0.32120722864093326,-0.31657623275281216,0.004512236427629113,0.0,-0.007229877601350899,0.0041029452072219,0.0,0.0,0.0,0.0,0.0,0.0,0.0,0.0,0.0,0.004185522868603594,0.0,0.0,0.0,0.0,0.002935826438703145,0.0,0.0,0.0,0.0,0.0,0.0,0.0,0.0,0.0,0.0,0.007504503728350522,0.0,-0.006077172015951562,0.00561422664365196,0.0,0.0,0.0
9CzFDPEPO,0.4239999999999999,0.25506754872748755,-0.2823221290025888,0.0,-0.005528580712482774,-0.005685716249951265,0.0,0.0,0.0,0.0,0.0,0.0,0.0,0.0,-0.004817170194124123,0.0,0.0038624418006749737,0.0,0.0,0.0,0.0,0.0,0.0,0.0,0.0,0.0,-0.0018305058768630794,0.0,0.0,0.0023265807439087766,0.0,0.0,0.012021097562926356,0.0,0.0,0.0053077992680430385,0.0,0.0,0.0
9CzFDPESPO,0.4420000000000001,0.2826908668020439,-0.2965041818297588,0.004992500438180163,0.0,-0.008739457038365163,0.0040226347095306545,0.0,0.0,0.0,0.0,0.0,0.0,-0.001771221843081771,0.0,0.0,0.0,0.0,0.0,0.0,0.0,0.0,0.0,0.0,0.0,0.0,0.0,0.0,0.0,0.0047685301933722505,0.0,0.0,0.010480658139336576,0.0,-0.005104739496247818,0.0034447982783933685,0.0,0.0,0.0
9CzTPE,0.681,0.04880126990846293,0.10788734334210706,0.009809876332191055,0.023767249657462856,0.0024081512979523176,0.0,0.0,0.0,0.0,0.0,0.0008589286448903166,0.0,0.0,0.0,0.0,0.0,0.0,0.001966017962553906,0.0,0.0,0.0,0.0,0.0,0.0,0.0,0.0,0.0,0.0,0.0,0.0,0.009286404044594465,0.0008241215405613129,0.0007258600741248215,0.0,0.0,0.0,0.0,0.0
9PhCzFDBFDPO,0.4529999999999998,0.2563086375163628,-0.2621394109445129,0.0,-0.010218062111425811,-0.015438727497707078,0.0,0.0,0.0,0.003575565093982872,0.0,0.0,0.0,0.0,0.0,0.0,0.0,0.0,0.0,0.0,0.0,0.0,-0.007332213279606181,0.0,0.0,0.0,0.0,0.0,0.006509856742135028,0.005389629741981345,0.0,0.0,0.012525109469339912,0.0,0.0,0.010521838613525597,0.0,0.0,0.0
9PhCzFDBFSPO,0.4499999999999997,0.2637588371411745,-0.26902178621235656,0.0,-0.008965882031144385,-0.012130946882719474,0.0028825062825780967,0.0,0.0,0.0024697982610529775,0.0,0.0,0.0,0.0,0.0,0.0,0.0,0.0,0.0,0.0,0.0,0.0,-0.0039928348782109525,0.0,0.0,0.0,0.0,0.0,0.0,0.00481284290760427,0.0,0.0,0.009569449021223411,0.0,0.0,0.007723221001467338,0.0,0.0,0.0
ACID–BPPZ,0.4420000000000001,-0.04303215787432517,0.04034964688377389,-0.006829810817143246,-0.007039184310731302,0.0,0.0,0.0,0.0,-0.006911233452743745,0.0,0.0,0.0,0.0,0.008839200954304852,0.0,0.0,0.0,-0.00648592365091441,0.0,0.0,0.012748006317153946,0.0,0.0,-0.0029473049168657374,0.0,0.0,0.0,0.0,0.0,0.0,0.0,-0.010369382436167605,0.0,0.0,0.0,0.0,0.0,0.0
ACRF,0.0010000000000003,0.0,-0.24711159173944483,-0.03947144301373357,-0.05748881516807256,0.0,0.0,0.0,0.0,-0.008286659123959275,0.0,0.0,0.0,-0.019640396077229862,-0.017155380582961233,0.0,0.0,0.0,0.0,-0.009426636024981068,-0.023349352232888053,0.0,-0.01706724609356758,0.0,0.0,0.0,0.0,0.0,0.0,0.0,0.0,0.0,0.0,0.0,0.0,-0.022644057502113728,0.0,0.0,0.0
ACRFLCN,0.0009999999999998,-0.012306054899100638,-0.22473668854896905,-0.01961346814635563,-0.06212842211933465,0.0,0.0,0.0,0.0,0.0,0.0,0.0,-0.013542285145345952,-0.013535954292751012,0.0,0.0,0.0,0.0,0.0,-0.021697084633491962,-0.04014886803653708,0.0,0.0,0.0,0.0,0.0,0.0,0.0,0.0,0.0,0.0,0.0,0.0,0.0,-0.014752693193735497,0.0,-0.020721711044902107,0.0,0.0
ACRSA,0.004,0.0,-0.15049683370828473,-0.04323089640749792,0.0,0.0,-0.03608324143676365,0.0,0.0,-0.02965694593987546,-0.037129783834356035,0.0,0.0,0.0,0.0,0.0,0.0,0.0,0.0,-0.044971054566557395,0.0,0.0,0.0,0.0,0.0,0.0,0.0,0.0,0.0,0.0,0.0,-0.025115792910433976,0.0,0.0,0.0,-0.031497662221962944,0.0,-0.028735983103947267,-0.012781732516423061
ACRXTN,0.633,0.09722983773310764,0.044058921173165344,0.0,0.0,0.0,0.008339380684070205,0.0,0.0009328167039920343,0.0,0.0,0.0,0.0,0.0,0.0,0.0,0.0,0.0,0.0,0.0,0.0014087820677391152,0.0,0.0,0.0016080549447890205,0.0,0.0019202387809428652,0.0,0.0,0.0,0.0,0.0,0.005169600377016178,0.006408178481597419,0.0,0.001686399115642034,0.0,0.0,0.0,0.0
ADN,0.98,-0.17023832939390002,0.597666273553412,0.0,0.037605931931907664,0.0,0.0,0.0,0.0,0.0,0.007282998670026842,0.006430760164361117,0.0,0.0,0.0,0.0,0.0,0.0,0.004623791912804144,0.01905749027945446,0.007234000873609616,0.0,0.0,0.0,0.0,0.0,0.0,0.0,0.0,0.0,0.0,0.013204965913938027,0.0,0.0,0.005669609641133944,0.0,0.0,0.0,0.0
ADO-TPA,-0.0010000000000003,-1.0277869036039398,0.6891841887674705,0.0,0.0,0.0,0.0,-0.017538435457716686,-0.007608417620846985,0.0,-0.01986772455430019,0.0,0.0,-0.009613915449190788,0.0,0.0,0.0,-0.004594494576312105,0.0,0.0,0.0,0.0,0.0,0.0,0.0,0.0,0.0,-0.019675204809419863,0.0,0.0,-0.012917373262325171,0.0,0.0,0.0,-0.014564474528920771,0.0,0.0,0.0,0.0
AI-4Cz,0.2889999999999997,-0.5084447553553832,0.39584658134220896,-0.009986446064945826,-0.017299172583066354,0.0,0.0,0.0,0.0,0.0,0.0,0.0,0.0,0.0,0.0,0.0,0.0,0.0,0.0,0.0,0.0,0.0,0.0,0.0,0.0,0.0,-0.0039505897773346055,0.0,-0.0036652855214714675,0.0,0.0,-0.010983796493520253,0.0,0.0,0.0,-0.008455114563132034,-0.0058870211819783535,-0.0021042814695467244,0.0
ANOP-DMAC,0.2089999999999996,-0.6237885403147021,0.49452058888388734,-0.023534740765763885,-0.029690605952954065,0.0,-0.006144006410802844,0.0,0.0,0.0,0.0,0.0,0.0,0.0,0.0,0.0,0.0,0.0,0.0,-0.013258034259031477,-0.014667810752400545,0.0,0.0,0.0,0.0,0.0,0.0,0.0,0.00135393099706831,0.0,0.0,-0.013895065259238813,-0.01376018623387194,0.0,0.0,0.0,0.0,0.0,0.0
ANOP-MeFAC,0.2710000000000003,-0.5571197387034448,0.5338449711013512,-0.036113939992375346,-0.03537410099838059,0.0,0.0,0.0,0.0,0.0,0.0,0.0,-0.00755020536589505,0.0,0.0,0.0,0.0,0.0,0.0,-0.008672919469112852,0.0,0.0,0.0,0.0,0.0,0.0,0.0,0.0,-0.011568791757221005,0.0,0.0,-0.013323403512570223,-0.028393990673011207,-0.008556293056950465,0.0,0.0,0.0,0.0,0.0
ANQDC,0.5310000000000001,0.0,0.020759212968602128,0.008372385987780298,0.012743623382239121,0.0,0.0,0.0,0.0,0.0,0.004705023456028017,0.0,-0.005638791089774793,0.0,0.0,0.0,-0.006620079023278405,-0.009670510555733852,-0.009622117496979062,0.0,0.0,0.0,0.0,0.0,0.0,0.0,0.0,0.0,0.0,0.0,-0.012066219612636403,0.0,0.009690093686426506,0.0,0.0,0.0,0.0,0.0,0.0
ANQDC-PSTA,0.173,-0.6584556448592588,0.5126892889772531,0.0,-0.03618047695729867,0.0,0.0,-0.006977864896493103,0.0,0.0,0.0,0.0,0.0,0.0,0.0,0.0,0.0,-0.0028635653766168464,0.0,0.0,0.0,0.0,-0.007971146039382482,0.0,0.0,0.0,-0.005820878694410367,0.0,0.0,0.0,0.0,-0.014638756570207655,-0.027161441225321922,0.0,0.0,0.0,-0.023129036868232877,0.0,0.0
APDC-DTPA,0.528,-0.31185317628629644,0.38390182985777344,-0.0066506484893237615,0.0027764822661509453,0.0,0.0,0.0,0.0,0.0,0.0,0.0,0.0,0.0,0.0,0.0,0.0,0.0,0.0,0.0,0.0,0.0,0.0,0.0,0.0,0.0,0.0,0.0,0.0033344128893351855,0.0,0.00135390608447793,0.021951554298745624,-0.028646859324621084,0.0041938828539527205,0.0,0.0,-0.006362557475955717,0.0,0.0
APDC-tPh,0.5459999999999998,-0.15293398344721898,0.23383958997157359,0.0,0.008703352783362891,0.0029344430361003377,0.0,0.0,0.0,0.0,0.0,0.0,0.0,0.001447870184932936,0.0,0.0,0.0,0.0,0.0,0.0,0.0,0.0,0.0,0.0,0.003667521931311718,0.004240085577971681,0.0,-0.007240367038160819,0.0,0.005216856498618378,0.0,0.0,0.0025309999643560524,0.0,0.0,0.0,0.0,0.0,0.0
APPT,0.3729999999999998,-0.10514207471102904,0.053448849576919324,0.0,0.0,0.0,0.0,0.0,0.0,0.0,0.0,0.0,0.0,0.0,0.0,0.0,-0.0016796379019659328,0.0,0.0,0.0,0.0,0.0,0.0,0.0,0.0,0.0,0.0,-0.0032471903225637293,-0.0004536055303285269,-0.0025912536757632526,0.0,-0.010058553576732509,0.0,0.0,0.0,0.010202126746191467,-0.0065741010341993636,-0.0050351313594986374,0.0
APPT-PXZ,0.252,-0.6680302750596566,0.5824930845822011,0.0,-0.025898141647477363,-0.012238959393977495,0.0,0.0,0.0,0.0,0.0,-0.017223468942425553,0.0,-0.002773241245473499,0.0,0.0,0.0,0.0,0.0,0.0,0.0,0.0,0.0,0.0,0.0,0.0,-0.01372392018564926,0.0,-0.011455361449748352,0.0,0.0,-0.012801306017617524,0.0,0.0,0.0,0.0,-0.030369405254497665,0.0,0.0
AQ-S-CZ,0.4419999999999997,-0.31161434708508207,0.3299034308300527,0.0,-0.009067633012737457,0.0,0.0,0.0,0.0,0.0,0.0,0.0,0.0,0.0,0.0,0.0,0.0,0.0,-0.001852780770675157,-0.008738579287082772,-0.01059159295670991,0.0,0.0,0.0,0.0,0.0,0.0,0.0,0.0,0.0,0.0,-0.005307075057710117,-0.008723008928500385,0.0,0.0,0.010330050686835814,0.0,0.0071744707235963205,0.0
AQTC,0.4690000000000003,-0.03807029033326311,0.03396283708630814,0.0,0.012766571187032132,0.0,0.0,0.0,0.0,0.0,0.0,0.0,0.0,0.0,0.0,0.0,-0.006353865947671099,0.0,0.0,0.004042801218864049,0.0,0.0,0.0,0.0,0.0,0.007248133782628582,0.0,0.0,0.0,0.0,0.0,0.0,0.0052013572165043095,0.0,-0.008555677184567746,-0.008439154610311113,0.0032835305264231765,0.0,0.0
ATDBT,1.0,-0.13368619359879982,0.5652656123919702,0.019341154756877144,0.03044202937211059,0.0,0.0,0.0,0.0,0.0,0.0,0.006597941719498991,0.0,0.0,0.0,0.0,0.0,0.008205197934770257,0.0,0.0,0.0,0.0,0.0,0.0,0.0,0.008760541775681209,0.0,0.0,0.0,0.010136230458657887,0.0,0.008642497414216969,0.012118213276091017,0.0,0.0,0.0,0.0,0.0,0.0
Ac-BPCN,0.601,-0.542204205573409,0.6894827176703285,0.0,0.0,0.0,0.0,0.0,0.0,0.0,-0.008806564920157078,0.0,0.0,0.006395669272005716,0.0,0.0,0.005121041499769271,0.0,0.0,0.0,0.0,0.0025191577684073245,0.005884489676458516,0.0,0.005336236972150992,0.0,0.0,0.0,0.0,0.0,0.0,0.0,-0.012914915771676245,0.0,0.0,0.0,0.0,0.006552992580411225,0.0
AcCN,0.2689999999999997,0.10464999262541452,-0.20237527408142053,-0.016707399612728605,0.0,0.0,-0.032400864493832386,0.0,0.0,0.0,0.0,0.0,-0.008220757665185562,0.0,0.0,0.0,-0.00043715344543354874,-0.0028384447797705275,0.0,0.0,0.0,0.0,0.0,-0.004631873393385568,0.0,-0.0018682257649369803,0.0,0.0,0.0,0.0,0.0,0.0,-0.009745591979968049,0.0,0.0,0.0,0.0,0.0,0.0
AcCYP,0.1229999999999997,0.0,-0.28378510881528257,-0.0027905536504939654,0.0,0.0,-0.006604132705064999,0.0,0.0,-0.002397915660065661,0.0,0.0,0.0,0.0,-0.002495243172126456,0.0,0.0,0.0,-0.009860473054897977,0.0,0.0,-0.0028337975873501705,0.0,0.0,0.0,0.0,0.0,-0.003060499867801957,0.0,-0.0031800992848610024,0.0,0.0,0.0,-0.003615077392271435,0.0,0.0,0.0,0.0,0.0
AcDbp,0.0830000000000001,-0.18787702135521334,-0.1014780166358965,0.0,0.0,-0.007908308244135553,0.0,0.0,-0.009751759316472371,0.0,0.0,0.0,0.0,-0.007765266792528147,0.0,0.0,0.0,0.0,0.0,0.0,-0.005529944448447859,0.0,0.0,0.0,0.0,0.0,0.0,-0.004579669877375586,0.0,0.0,0.0,-0.014383325797967972,-0.015585339772692533,-0.005884182509536988,0.0,0.0,0.0,0.0,0.0
AcHPM,0.1259999999999999,0.0,-0.2533457800560301,-0.012902081117577976,-0.009910244895837104,0.0,-0.009993806831942462,0.0,0.0,0.0,0.0,0.0,0.0,0.0,0.0,0.0,-0.00247765077226059,0.0,-0.004856251342482764,0.0,0.0,0.0,-0.011461986141049353,-0.002478325983962082,0.0,0.0,0.0,0.0,0.0,0.0,0.0,0.0,0.0,0.0,-0.002873097176018737,0.0,0.0,0.0,-0.0072508301361082226
B-O-dpa,0.5389999999999997,-0.1676558020013623,0.22862651143289534,0.0,-0.011544647939079404,0.0,0.006520860810542367,0.0,0.0,0.0,0.0,0.0,0.0,0.0,0.0,0.0,0.0,0.0,0.0,0.0,0.0,0.0,0.0,0.0,0.0,0.0,0.0,0.0,0.0,0.0,0.011943764013744081,0.0,0.00660770727592939,0.0020099703651815094,0.0,-0.010334180373972959,0.003921166828901931,0.0,0.004724711209332322
B-dpa-Cz,0.4909999999999996,-0.29320242535541285,0.32941545691659996,-0.005157109459990476,-0.016171048832708635,0.0,0.005296492184602751,0.0,0.0,0.0,0.0,0.0,0.0,0.0,0.0,0.0,0.0,0.0,0.0,0.0,0.0,0.0,0.0,0.0016849529591879335,0.0,0.0,0.0,0.0,0.0021782703928621625,0.006421436806507954,0.0,0.005753844088057648,0.0,0.0,0.0,0.0073121036201884496,0.0,0.0,0.0
B-dpa-SpiroAC,0.447,-0.39506596869615096,0.39582665228488384,-0.003988272016221635,-0.014813059637103679,0.0,0.005422255833801096,0.0,0.0,0.0,0.0,0.0,0.0,0.0,0.0,0.0,0.0019817789438080114,0.0,0.0,0.0,0.002161576358955666,0.0,0.0,0.0,0.001722881423692021,0.0014019448599963122,0.0,0.0,0.0,0.0,0.0,0.004085840392018538,0.0,0.0,0.0,0.0,0.0,0.0,0.0
B4PyPPM,0.0459999999999993,0.3316860509102128,-0.6235398603484672,0.0,0.0,0.0,-0.02566757975858852,0.0,0.0,-0.010547573741436054,0.0,-0.013842466394279107,0.0,0.0,0.0,0.0,-0.012874298910428794,0.0,0.0,0.0,0.0,0.0,-0.0072508394325931196,0.0,0.0,0.0,0.0,-0.009692023723598427,0.0,0.0,0.0,-0.015582818054921788,0.0,0.0,0.0,0.0,0.0,-0.010751675192131311,0.0
BACF,0.577,-0.20385277398393054,0.28815461509527146,0.0,0.0,0.01347926468062216,0.0,0.0,0.0,0.0,0.002403864728898288,0.0,0.0,0.0,0.0,0.0,0.0,0.0,0.0,0.0,0.003870568952409184,0.002073820681744891,-0.0010216720971763249,0.0012552322446852675,0.0,0.0028902666861520044,0.0,0.0,0.0,0.0,0.0,0.0,0.0036162726365019686,0.0,0.0,0.0,0.0,0.0,0.0
BACH,0.5750000000000002,-0.15357213016133478,0.24623306910944043,0.0,0.0,0.0,0.003173085245630971,0.0,0.0,0.0,0.0,0.004517679956708487,0.0014883140791847247,0.0,0.0,0.0,0.0,0.0,0.0,0.0,0.0,0.0,0.0,0.0,0.006438738245685218,0.0,0.0,0.0,0.0,0.0,0.0,0.0,0.007142668234293866,0.0,0.0,0.005397603579336856,0.0027814147697901226,0.00785858394632706,0.0
BACN,0.5699999999999998,-0.23150145034403843,0.3212422237911845,0.0,0.0,0.002785507546825605,0.0,0.0,0.0,0.0018599513258471209,0.0,0.0,0.0,0.0033944216512309007,0.0,0.0,0.0,0.0,0.0,0.0,0.0,0.0,0.0,0.003960869720519065,0.0,0.004188115373719956,0.0,0.0,0.0,0.010472204954035943,0.0,0.0,0.0,-0.01258581509477365,0.0,0.0,0.0,0.005806206027346815,0.0
BACQ,0.7159999999999997,-0.1506563103897361,0.33954133806772246,0.01182333562228048,0.0,0.0,0.0,0.0,0.0,0.0,0.0,0.0,0.0,0.0,0.004478508318928726,0.0,0.0,0.0,0.0,0.004876795061563817,0.0,0.0021552774139229065,0.0,0.0,0.0,0.009604131136467943,0.0,0.0,0.0,0.0,0.0,0.0,0.0,0.012645345845655909,0.0,0.007637196268165702,0.009973238071976559,0.0,0.0
BANE,0.927,-0.21011053621448683,0.6117034625127116,0.017384313593369827,0.026862222972028903,0.0,0.0,0.0,0.0,0.0,0.0,0.010399888386297948,0.0,0.0,7.036006746258243e-05,0.0,0.0,0.0,0.0,0.0,0.0,0.0,0.0015946943871702377,0.0,0.0,0.0,0.0,0.0,0.0,0.0,0.0,0.017628966983093113,0.0,0.010680322793742593,0.0,0.0,0.0,0.005777640463707379,0.0
BAPCN,0.5830000000000002,-0.20772496058184944,0.3092755547137729,0.0,0.0053487397718365755,0.0036899913222252366,0.0030672371531596243,0.0,0.0,0.006913479997273224,0.0,0.0,0.005933286661583303,0.0,0.0,0.0,0.0,0.0,0.0,0.0,0.0,0.0,0.0,0.0,0.005614868550404218,0.0,0.0,0.0,0.0,0.0016422264066734704,0.0,0.0,0.0,0.0,0.0,-0.0013583266104163895,0.0,0.0,0.0
BBA-Pyr,0.4559999999999999,0.2179106727524563,-0.23760698686959802,0.009238658637694705,0.0,-0.009417904091309008,0.0033570926041471116,0.0,0.0,0.0,0.0,0.0,0.0,0.0,0.0,0.0,0.0,0.0,0.0,0.0,0.0,0.0036489103062382782,0.0,0.0,0.0,0.0,0.0,-0.006517778165295428,-0.0037532818502611608,0.0,0.0,0.009645033909496725,0.0,0.0,0.0,0.005438547533330981,0.0,0.0,0.0
BBCz,0.4780000000000002,0.21176638676061774,-0.20378115181503897,0.0,0.0,0.0,0.0,0.0,0.007713021119772562,0.0,0.0,0.0,0.0,0.0,0.0,0.0,-0.003514463441580511,-0.0017364869589033655,0.0,0.0,-0.004629364910581533,-0.0028616394699266454,0.0,0.0,0.0,0.0,0.0,0.0,0.0,0.0,0.0,-0.007432212859119756,0.009472607223615781,0.0,0.0,-0.005742257128769574,0.0,0.0,0.0
BBPA,0.963,0.0,0.28956677652611973,0.026711003339273155,0.0450136103527739,0.0,0.0,0.0,0.0,0.0,0.0,0.0,0.0,0.0,0.0,0.0,0.011751991713084654,0.0,0.0,0.0,0.0,0.0,0.0,0.0,0.0049910889791681765,0.0,0.01343633705120833,0.06735232156818113,0.0,0.0,0.0,0.0,0.0,0.011402786663690379,0.020343804180637977,0.0,0.0,0.0,0.008485596713917888
BCN,0.4950000000000001,-0.2580170451153515,0.30070352317202487,-0.002173938295122995,0.0,0.0,-0.0033663944147558763,-0.0021224336262722736,0.0,0.0,0.0,0.0,0.0,0.0,0.0,0.0,0.0,0.0,0.0,-0.005243517411885215,-0.005684102288467847,0.0,0.0,0.0,0.0,0.0,0.0,0.0,0.0,0.0,0.0,0.0,0.0,0.0,0.0,0.014288504081266883,-0.005485715926296941,0.0,-0.0019317615206894193
BCPBT,0.8660000000000001,0.17707026217677546,0.10251127085386313,0.017471662461012352,0.03578293755036388,0.0,0.0,0.01182834302861782,0.0,0.0,0.0059728564886020186,0.0,0.0,0.0,0.0,0.0,0.0,0.0,0.005225358767531304,0.0,0.0,0.0,0.014182313000060742,0.0,0.0,0.0,0.0,0.0,0.0,0.0,0.0,0.024785118226951043,0.0,0.0,0.007702377275296066,0.0,0.0,0.0,0.0
BCZ-DPS-AD,0.4199999999999999,0.2295516075037057,-0.25842464499887524,0.0,-0.00785358061394105,-0.012175429145370285,0.0,0.0,0.0,0.0,0.0,0.004450538253055643,0.0,0.0,0.0,0.0,-0.004008479603545127,0.0,0.0,0.0,0.0,0.0,0.0,0.0,0.0,0.0,0.0,0.0,0.0,0.0,0.0,0.0,0.007548171496156352,0.0,0.0,0.004664422134305734,-0.005168817970667982,-0.0024747936620373176,0.0
BCzBMes,0.4399999999999999,0.23878200245308012,-0.25690210721331913,0.0,-0.00901064314159263,0.0,0.0,0.0,0.0,0.0,0.0,0.0,0.0,0.0,0.0,0.0,0.0,0.0,0.0,0.006127069727730931,0.0,0.0,-0.003608753715692628,0.0,0.0,0.0,0.0,-0.005318946666002248,0.0,0.0,0.0,0.0,0.0042890226747312275,0.0021526861391323753,0.0036581420192329725,0.0,0.0,0.0033990911559619173,0.0
BCzPh,0.4810000000000003,0.291137786816687,-0.27258484541188144,0.0,-0.002866434827650688,-0.0030518828340463304,0.0023957293457660947,0.0,0.0,0.0,0.0,0.0,0.0,0.004964090701653039,0.0,0.0,0.0,0.0,0.0,0.0029050055999060957,0.0,0.0,0.0,0.0,0.0,0.0,0.0,0.0,0.0,0.0,0.0,0.0,0.008498888799065562,0.0,-0.0041417720005704015,0.0,-0.01036338557794117,0.0,0.0
BDAPM,0.4300000000000001,-0.011874112051991707,-0.009653700593689925,0.0,0.0,0.0,0.0,0.0,0.0,0.0,0.0,0.0,0.0,0.0,0.0,0.0,0.0,0.0,0.0,0.00203637140520129,0.0,0.003822105695904452,0.0012349187625961186,0.0,0.0,0.0,0.0,0.0,0.0,0.0,0.0,0.01502625696758378,0.004283855232028003,0.0,0.0,-0.0070944864841868535,0.002003440299096923,0.0,0.0018084019448464234
BDAVBi,0.6509999999999998,0.01126081199039604,0.12765225060492108,0.009310706281304515,0.01942472678531843,0.003957874144438753,0.0,0.0,0.002141315672231081,0.0,0.0,0.004392424344371027,0.0,0.0,0.0,0.0,0.0,0.0,0.0,0.0,0.0,0.007213443807741147,0.0,0.0,0.0,0.0,0.0,0.0,0.0,0.0,0.0,0.014918761194726711,0.0,0.0,0.0,0.0,0.007191018795037758,0.0,0.0
BDBFCz-Trz,0.387,0.2335714485772987,-0.29523144481732144,0.0,-0.004930895383054564,-0.005868606461088616,0.006155566473616612,0.0,0.0,0.0,0.0,0.0,0.0,0.0,0.0,0.0,0.0,0.0,0.0,0.0,0.004542045176563642,0.0,-0.003119684338094368,0.0008988457993072824,0.0,0.0,0.0,0.0,0.0,0.0,0.0,0.005343000452381174,0.002106198509087684,0.0,0.0,0.0,0.0,0.0,0.0
BDBTCz-Trz,0.387,0.2699142923420043,-0.3284880934054556,0.00424376327105643,-0.005537088098681177,0.0,0.005319494300164683,0.0,0.0,0.0,0.0,0.0,0.0,0.0,0.0,0.0,0.0,0.0,-0.003359043669004427,0.0,0.002098713395063495,0.0014978418620500656,0.0,0.0,0.0,0.0,0.0,0.0,0.0,0.0,0.0,0.0033184914374389182,0.0,0.0,-0.005667998492100905,0.0,0.0,0.0,0.0
BDPCC,0.4439999999999999,0.14737130592044073,-0.1524310585362909,0.0,-0.004484290666939395,0.0,0.0,0.0,0.011811803719084121,0.0036773986882657414,0.0,0.0,0.0,0.0,0.0,-0.0059303428791938236,0.0,0.0,-0.004639531737415296,0.0,0.0030794983373784958,0.0,0.0,0.0,0.0,-0.011417305919771697,0.0,0.0,0.0,0.0,0.0,0.0,0.013192630013528236,0.0,0.0,0.0,0.0,0.0,0.0
BDQ-tBuCz,0.2960000000000002,-0.500964692473557,0.40122605077696666,0.0,0.0,0.0,0.0,0.0,0.0,0.0,0.0,-0.004159247816694702,0.0,0.0,-0.003672953044678286,0.0,0.0,0.0,-0.0038472365813372765,-0.004681447381504611,-0.004507048777603155,0.0,0.0,0.0,0.0,0.0,0.0,-0.0044471107343622964,0.0,0.0,0.0,0.0,-0.008340470088872709,0.0,0.0,0.0,-0.014444483221683251,0.0,0.0
BDQC-2,0.351,-0.07634603697099848,0.0,0.0,0.0,0.0,0.006839709145124988,0.0,0.006247314927668613,0.0,0.008381957566489875,0.0,0.0,0.0,0.0,0.0,0.0,0.0,0.0,0.0,-0.0027040721515799696,0.0,0.0,0.0,-0.0028602828487682974,0.0,0.0,0.0,0.0,0.0,0.0,0.0,-0.013681894900924935,0.0,0.0,-0.002148788666776673,-0.011687464274053105,-0.004675442415350974,0.0
BDQDMAC,0.1320000000000001,-0.6770940746300439,0.41333962330430096,-0.011511732221471054,0.0,0.0,0.0,0.0,0.0,0.0,0.0,-0.008264912942820557,0.0,-0.005396544201037236,0.0,0.0,0.0,0.0,-0.006378846184553536,0.0,0.0,0.0,-0.007032015292423608,-0.005401378586665741,0.0,0.0,-0.008719013232318355,0.0,0.0,0.0,0.0,0.0,0.0,-0.004013184240870269,0.0,0.0,0.0,0.0,0.0
BDQPCz,0.3409999999999997,-0.01016660404909343,0.0,0.0,0.0,0.0,0.0,0.0,-0.007310961320784811,0.0,-0.004963159682236617,0.0,-0.0036357988560323518,0.0,0.0,-0.004347979534278781,0.0,0.0,0.0,0.0,0.0,0.0,0.0,0.0,-0.01369331986092294,-0.008747223337043562,0.0,0.0,0.0,-0.032573530893805235,0.0,0.0,0.0,-0.01513106873662998,0.0,0.0,-0.0020968368508706425,0.0,0.0
BFCZPZ1,0.407,0.04859059944672497,-0.08835483079948368,0.0,0.005838018590772414,0.0,0.0,0.0,0.0,0.0,0.0013340082881221395,0.0,0.0,0.0,0.0,0.0,0.006201647116543826,0.0,0.0,0.0,0.0,0.0,0.0,0.0,0.0,0.0,0.0,0.0,0.00942940380647386,0.022527260326648302,0.0,0.01108411656200647,0.0,0.0,0.0,0.0,0.0,0.008442742250951749,0.0046940543444906726
BFCZPZ2,0.423,0.08008996716241192,-0.11032559200546539,0.0051018797210967415,0.0,0.0,0.0,0.0,-0.0036280057393649114,0.0,0.0,0.0,0.0,0.0,0.0,0.0,0.0,0.0,0.0,0.0,-0.0027158602379572044,0.0,-0.006715150107377117,0.0,0.0,0.0,0.0,-0.00289587316757819,0.0,0.0,0.0,0.018578061833183186,0.007488076196689692,0.0,0.0,0.0,-0.005710610210726587,0.0,0.0
BFCZPZ3,0.4159999999999999,0.1595224146164707,-0.19345147979577632,0.007449618970469154,-0.008066970808543227,-0.0071019753870246475,0.0,0.0,0.0,0.0,0.0,0.0,0.0,0.0,0.0,0.0,0.0,0.0,0.0,0.0,0.0,0.0,-0.0013398469702640657,0.0,0.0,0.0,0.0,0.0,0.0,0.0,0.0,0.003976397779976673,0.010333915546014085,0.0,0.0,-0.00505455354180209,-0.0036523011622018723,0.0,0.0
BFDMAc-NAI,0.1379999999999999,-0.5025210765252307,0.3356766961640527,-0.034135071133007656,-0.03439564974444048,0.0,0.0,0.0,0.0,0.0,0.0,0.0,0.0,0.0,-0.007204874404817576,0.0,-0.005708267401491551,0.0,0.0,0.0,0.0,0.0,0.0,-0.007037693126423768,0.0,0.0,0.0,0.0,0.0,0.0,0.0,-0.014004482168107495,-0.028429355496815214,0.0,0.0,0.0,0.0,0.0,-0.007748215454665153
BICFOCz,0.4860000000000002,0.28019794555482047,-0.26532098857502434,0.008509849121237754,-0.0062298868319194825,0.0,0.0,0.0,0.0,0.0,0.0,0.0,0.0,0.0,0.0,0.0,0.0,0.0,0.0,0.0,0.0,0.0,-0.0023830365450354975,0.0,0.0,0.0,0.0,0.0,0.0,-0.003669587576110809,0.0,-0.008498750579880842,0.011490948708646281,0.0,0.0036191246026276978,0.0,0.0,0.0,0.004173451857365265
BIPOCz,0.4930000000000003,0.16549522321276675,-0.16104209560052996,0.0,0.0,0.0,0.0,0.0,0.0,0.0,0.0,0.0,0.0,0.001573441128515879,0.0,0.0,0.0,0.0,0.0,0.004459032117188821,0.0,0.0,0.008320972328935859,0.0,0.0,0.0,0.0,0.0,0.0,0.010749002047718254,0.0,-0.01156205520588896,0.013577443668060562,0.008515548942957817,0.0,0.0,0.0,0.008898130736159238,0.0
BMIM,0.528,-0.32637183836759676,0.41098728606034074,-0.0074643573036907015,0.0,0.0,-0.0036652572658921606,0.0,0.0,0.0,0.0,0.0,0.0,0.0,0.0,0.0,0.007036341894649608,0.0,0.0,0.0,0.0,-0.0040335952822459316,0.0,0.0,0.0,0.0,0.0,0.0,0.0,-0.005721655258447977,0.0,0.02405000713736049,-0.03334809936072555,0.006175967725534201,0.0,0.0,0.0,0.0,0.0
BMZ-TZ,-0.0209999999999999,-0.10862835253075334,-0.2521347051784025,0.0,0.0,-0.004641755851818107,0.0,0.0,0.0,0.0,-0.00631316618255757,0.0,0.0,0.0,0.0,0.0,0.0,-0.003103992786128653,-0.003592564231234032,-0.003959595055858793,0.0,0.0,-0.0044488505898606975,0.0,0.0,0.0,0.0,0.0,0.0,0.0,0.0,-0.015525732428911922,0.0,0.0,0.0,0.0,0.0,0.0,-0.0021574723003470186
BN-DBC-Ph2,0.71,-0.6432550047449085,0.8563473247926507,0.0,0.0,0.0,0.006214701183679046,0.0,0.0,0.0,0.0,0.0,0.0031265788494312962,0.0,0.0,0.0,0.006833745078149572,0.0024759134353913104,0.0,0.003919340794791976,0.0,0.0,0.005049003178113496,0.0008241392591976368,0.0,0.0,0.0,0.0,0.0,0.0,0.0,0.0,0.0,0.0,0.0049225198660133775,0.0,0.0,0.0,0.0
BO3N,0.9749999999999996,-0.2701372650151154,0.650609312040263,0.024483263648870147,0.040338326725536736,0.0,0.0,0.0,0.0,0.0,0.0,0.0,0.01984224769643242,0.0,0.0,0.0,0.0,0.0,0.0,0.0,0.013028181993520798,0.005073723769229664,0.009183495419657683,0.0,0.0,0.0,0.0,0.0,0.0,0.0,0.0,0.0,0.0,0.006252455002765663,0.0,0.0,0.0,0.01260025575816837,0.0
BP-mDTC,0.2999999999999998,0.1318925855992803,-0.2381801440092564,-0.0188877021708628,-0.00829058387972564,0.0,-0.008705776893741262,0.0,0.0,0.0,0.0,0.0,0.0,0.0,0.0,-0.0034412410433074803,0.0,0.0,0.0,-0.0063679436453144425,0.0,-0.0052767214958723,0.015154028685418002,0.0,0.0,0.0,-0.0015817809923023142,0.0,0.0,0.0,0.0,0.0,0.0,0.0,0.0,0.0,0.0,0.0,0.0
BPBiPA,0.9420000000000002,-0.20392593390252767,0.596939328248948,0.02626970252799286,0.03462018786289538,0.0,0.00400844123920574,0.0,0.0,0.0,0.0,0.00284375547902361,0.00837225103331174,0.0,0.0,0.0,0.0,0.0,0.0,0.011358870209150227,0.0,0.009853471825343577,0.0,0.0,0.0,0.0,0.0,0.0,0.0,0.0,0.0,0.007872202519364185,0.0,0.0,0.0,0.0,0.0,0.0,0.0
BPCN-2Cz,0.4780000000000002,0.26135383876483037,-0.24830163041265604,0.0,-0.0067050332762456245,-0.008402989622589023,0.002180966842232146,0.0,0.0,0.0,0.0,0.0,0.0,0.0,0.0,0.005071765776530877,0.0,0.0,0.0,0.0,0.0,0.0033718054844424183,0.0,0.0,0.0,0.0,0.0,0.0,0.0,0.0,0.0,0.0,0.002648541081100355,0.0,-0.003587311103937351,0.0066616052364266475,0.0,0.0,0.0
BPCN-Cz2Ph,0.4140000000000001,0.21871545231094172,-0.26405544505187184,0.004106696371633128,-0.017769735657313452,-0.00997343827584404,0.0,0.0,0.0,0.0,0.0,0.0,0.0,0.0,0.0,0.0,0.0,0.0,0.0052068604876748855,0.0,0.0,0.0,0.0,0.0,0.0,0.0,0.0,0.009828965585110901,0.0,0.0,0.0,0.0,0.0,0.005044677009453866,0.010306205697490498,0.0,0.0,0.008628934918924046,0.0
BPCP-2CPC,0.2839999999999998,0.0,-0.12303136075166393,-0.008453916965588776,-0.005081188216802602,0.0,0.0,0.0,-0.002545071692606782,-0.004750478404709374,0.0,0.0,-0.0015548813965620273,0.0,0.0,0.0,0.0,0.0,0.0,-0.008093067772210756,-0.0007859037163566729,0.0,0.0,0.0,-0.003284743726551115,0.0,0.0,0.0,0.0,0.0,0.0,0.0,0.0,0.0,0.0,0.0,-0.0029619379783084373,0.0,0.0
BPPyA,0.5340000000000003,-0.41928282447121934,0.4967915708113529,0.0,0.021958326467369896,0.004006762382893859,0.0,0.0,0.0020071185059184616,0.0,0.0,0.0,0.0,0.0,0.0,0.0,0.0,0.0,0.0051755750038669085,0.0,0.0,0.0,0.0,0.0,0.0,0.0,0.0,0.0,0.0,0.0,0.0,0.01058371381208219,0.0,0.0,0.0,0.00984091310890083,-0.030884039151489087,-0.010241873957731839,0.0
BPZPP,0.3050000000000001,-0.2469613130812685,0.1794190957633526,0.0,0.0,0.0,-0.012579571850554166,0.0,0.0,0.0,0.0,0.0,0.0,0.0,-0.0006823332417772443,0.0,-0.012696020325638767,0.0,0.0,-0.005694474095415799,0.0,0.0,0.0,0.0,0.0,0.0,0.0,0.0,0.0,0.0,0.0,-0.002205718966603215,-0.02909541587488102,-0.003984520458294549,-0.004196696220529601,0.0,0.0,0.0,0.0
BPy-TP2,0.302,0.21476743487823022,-0.3102686815881861,0.0,0.0,0.0,-0.004362062076624845,0.0,0.0,0.0,0.0,0.0,0.0,0.0,0.0,-0.008527526103998321,-0.004546143562075311,0.0,0.0,0.0,0.0,-0.018511977261405865,-0.016132070442208758,0.0,0.0,0.0,0.0,-0.0031592066005597325,0.0,0.0,0.0,-0.00932713252082522,0.017843362491619316,0.0,0.0,0.0,0.0,0.0,0.0
BSBFB,0.7849999999999997,0.6769446720233738,-0.4670852285475806,0.019667578353211177,0.03800513792321579,0.0,0.0,0.0,0.0,0.0,0.0,0.0,0.0,0.0,0.0,0.00998299013063575,0.0,0.0,0.0058058742793284015,0.0,0.0,0.0044792907188479685,0.005840612288785098,0.006589263764610469,0.0,0.0,0.0,0.0,0.0,0.0,0.0,0.0,0.02679665925255956,0.0,0.0,0.0,0.0,0.0,0.0
BTCZPZ1,0.379,-0.01349381510021327,-0.05102648293322611,0.009453711763250659,0.001976149463017605,0.0,0.0,0.0,0.0,0.0,0.0,0.0,0.0,0.0,0.0,0.0,0.0,0.0,0.0,0.0,0.0,0.0,-0.015249057414862417,0.0,0.0,-0.0051366810553054145,0.0,0.0,0.0,-0.014720633528583852,0.0,0.009568137602337313,0.007022683906923418,0.0,0.006609267348478734,0.0,0.0,0.0,0.0
BTCz3CzTPN,0.2789999999999999,-0.3499831117431445,0.22135224450828578,-0.010253833728221789,-0.012186625987199275,0.0,0.0,0.0,0.0,0.0,0.0,0.0,0.0,0.0,0.0,-0.0018145142579189654,0.0,0.0,0.0,0.0,0.0,0.0,-0.004269411857504344,0.0,0.0,0.0,0.0,0.0,0.0,-0.0008950846719114471,0.0,0.0,0.0,-0.002876787352114024,-0.00298777195891654,-0.0008624784077771289,0.0,0.0,0.0
BTD-PXZ,0.27,-0.19936565626962682,0.13585646679650093,-0.02148497268875423,-0.023971723406033957,0.0,0.0,-0.022639067803668464,-0.010717007057589016,0.0,0.0,0.0,0.0,0.0,0.0,0.0,0.0,0.0,0.0,0.0,0.0,0.0,-0.0056827581690570735,0.0,0.0,0.0,-0.003375855568987618,0.0,0.0,0.0,0.0,-0.007357444897741975,-0.014938763935266884,0.0,0.0,0.0,0.0,0.0,0.0
BTITrz,0.387,0.11644937237124142,-0.17593843214065114,-0.015837057620490036,0.0,0.0,0.0,-0.010325208956157478,0.0,-0.012256995137627512,0.0,-0.016806220514271667,0.0,0.0,0.0,0.0,0.0,-0.00921056397139491,0.0,-0.01200628871653883,-0.0078001353377905635,0.0,0.0,0.0,0.0,0.0,0.0,0.0,0.0,0.0,0.0,0.0,0.0,0.0,0.0,0.0,0.0,0.0,-0.0029125810025005822
BTPBFCz,0.4489999999999998,0.11178682694731226,-0.10658303148990128,0.0,0.0,-0.00941549163980309,-0.002746914226745752,0.0,0.0,0.0,0.0,0.0,0.0,0.0,0.0,0.0,0.0,0.0,0.0,0.0,0.0,-0.006639961524198435,-0.004907276256019221,0.0,0.0,0.0,0.0,0.0,0.0,0.011787485420483424,0.0,-0.004375600059336609,0.011130492577826707,0.0,0.0,0.0,0.0,0.005277679585194738,0.0
BTPBFCz-D3,0.3919999999999999,0.11260028872076541,-0.15321782892969016,0.0,-0.009921781400034564,-0.009073520819999363,0.0,0.0,-0.0021566002958461894,0.0,0.0,0.0,0.0,0.0,0.0,0.0,0.0,0.0,0.0,0.0,0.0,-0.007751922792886253,-0.007878044727919822,0.0,0.0,0.0,0.0,0.0,0.0,0.0,0.0,-0.001973092821232272,0.0,0.0,-0.00278936948261726,0.0,-0.018511270214743327,0.0,0.0
BTPO,0.5019999999999998,0.47965903172399693,-0.46612094506946455,0.0,0.0,0.0,0.0,0.0,0.0,0.0,0.0,0.0,0.0,0.0034356302164105824,0.0,0.0,0.0,0.0,0.0,0.0016144854390994575,0.002747781080297681,0.0,-0.006903717512440709,0.0,0.0,0.0,0.0,0.0,0.0,0.0044676766019922124,0.0,0.0014722070924461966,0.0006315388624107236,0.0,0.0,0.0,-0.0027138145477046314,0.0,0.0
BTZPP,0.5839999999999996,0.03416964245951678,0.02241424168229537,0.01053327659825237,0.007170630239077112,0.0,0.003573340465402855,0.0,0.0,0.0,0.0,0.0,0.0,0.002602260102807,0.0,0.0,0.0,0.0,0.0,0.004117502832858562,0.0,0.005370071531214015,0.0,0.0,0.0,0.002250359210423672,0.0,0.0,0.0,0.0,0.0,0.027963143499723748,0.0,0.0,0.0,0.0,0.0,0.0,0.0
BTZ–DMAC,0.2290000000000001,-0.3514506140389812,0.21262333795289054,-0.02420872749557411,-0.01497717135191311,0.0,0.0,0.0,0.0,0.0,0.0,0.0,0.0,0.0,0.0,0.0,0.0,0.0,-0.006808329343331254,0.0,0.0,0.0,-0.007906343032272731,0.0,0.0,0.0,0.0,0.0,0.0,-0.0071990762861187056,-0.011102528129650114,0.0,0.0,-0.00040382682699069384,0.0,0.0,0.0,-0.003568933870397569,0.0
BTZ–DPA,0.609,-0.4718420517863705,0.6143391760174849,0.0,0.0064019714292985475,0.0,0.0,0.0,0.0,0.0,0.0,0.0,0.003567721481583516,0.0,0.0,0.0,0.0,0.0,0.0,0.0,0.0,0.0,0.0,0.0,0.0066411162766773805,0.0,0.004404432632896599,0.0,0.0,0.0,0.005123734292282633,0.00757451909269512,0.0,0.004647781353701485,0.0,-0.016093894989735305,0.0,0.0,0.0
BTaz-Ar-PXZ,0.2559999999999998,-0.17614791817448242,0.10093589495057932,-0.024780064061506336,0.0,0.0,-0.006425708669666487,-0.00420977039223186,0.0,0.0,0.0,0.0,-0.005298807494498112,0.0,0.0,0.0,0.0,0.0,0.0,-0.017384509820701284,0.0,-0.025023068774020257,-0.027142080917590822,0.0,0.0,0.0,0.0,0.0,0.0,0.0,0.0,0.0,0.0,0.0,0.0,0.0,0.0,-0.00200668496077701,0.0
BTrztCz,0.1739999999999999,0.040935079940792374,-0.2695912500535924,0.0,-0.0077062814592408066,0.0,-0.0010766778111953265,0.0,0.0,0.0,0.0,0.0,0.0,-0.0048485514429412084,0.0,0.0,0.0,-0.004814002396588474,0.0,0.0,0.0,0.0,0.0,0.0,0.0,-0.0059749643834261104,0.0,0.0,0.0,0.0,-0.004915454594185659,-0.008381491270426034,0.0,0.0,0.0,0.0,0.0,0.0,-0.003646352275169018
BZC-PXZ,0.286,-0.4685292981988261,0.3644426589762092,-0.00996046811090766,-0.019290579469544822,0.0,0.0,0.0,0.0,-0.004479700048915375,0.0,0.0,0.0,0.0,0.0,0.0,-0.0019857046944013633,0.0,0.0,0.0,0.0,0.0,0.0,0.0,0.0,0.0,0.0,0.0,0.0,0.0,-0.00042706728055724475,-0.0024650076982348666,-0.009455069213544349,0.0,0.0,0.0,-0.005453309887329812,0.0,0.0
BmPyPhB,0.0909999999999997,-0.038329700048282164,-0.18210557150343545,-0.021995543280800688,-0.02468459085185836,0.0,0.0,0.0,0.0,-0.012203749272069414,-0.012362280773348139,0.0,0.0,0.0,0.0,0.0,0.0,0.0,0.0,-0.01567556061003451,-0.020384373632284358,0.0,0.0,0.0,0.0,0.0,0.0,0.0,0.0,0.0,0.0,0.0,-0.014966860377959143,0.0,0.0,-0.01022920620046358,0.0,0.0,0.0
BuCzCF3oB,0.1140000000000003,-0.228483493672059,0.0,-0.013693536919541015,-0.02685139349472125,0.0,0.0,0.0,0.0,0.0,-0.00932600732680699,0.0,0.0,-0.006525054108985298,0.0,0.0,0.0,0.0,0.0,-0.010167517382111349,0.0,0.0,-0.011016558193688089,-0.008042113360704317,0.0,0.0,0.0,0.0,0.0,0.0,0.0,-0.008578837916058245,0.0,0.0,0.0,0.0,0.0,0.0,-0.006918747718976372
BuPCzBCO,0.423,0.22623603834999867,-0.25624055186988903,0.006327698790025891,-0.006889215159131799,0.0,0.0,0.0,0.0,0.0,0.0,0.0,0.0,0.0030442955208933205,0.0,0.0,0.0,0.0,0.0,0.0,0.0,0.0,0.0,0.0,0.0,0.0038163930912331508,0.0,0.0,0.0,-0.009575253203727482,0.0,-0.005837555003960251,0.013144547346626389,0.0,0.005430544314222234,0.0,0.0,0.0,0.0
BzITz,0.4159999999999999,0.19962218320737574,-0.23561390542547953,-0.006311898685714151,-0.008945525214134883,0.0,0.0,0.0,0.0,0.0,0.0,-0.00487545659238852,0.0,-0.003278011598930619,-0.0023503828412253297,0.0,0.0,0.0,0.0,0.0,0.0,0.0,0.0,-0.003906178474147364,0.0,0.0,0.0,0.0,0.0,0.0,0.007746509917538959,0.009662427737125738,0.0,0.0,0.0,0.0,0.0,0.0,0.0
C-BPyIA,0.975,-0.15054671517844226,0.589523852786845,0.0,0.029623171073457164,0.0,0.0,0.0,0.010406121417113844,0.0,0.0,0.0,0.0,0.0,0.0,0.006587578336848688,0.0,0.0,0.0,0.017410557428270735,0.0,0.0,0.0,0.0,0.012105369093312458,0.0,0.0,0.0,0.006184458586801056,0.0,0.0,0.02565667766373792,0.0,0.0,0.0,0.0,0.0,0.005564177670939065,0.0
C-H,0.908,0.07398946319747744,0.1972658171335976,0.019565867585554002,0.05546174796490718,0.01730758114392461,0.0,0.0,0.0,0.0,0.0,0.0,0.0,0.0,0.0,0.0,0.0,0.0,0.01113602134706601,0.018915082695731958,0.0,0.0150380400932969,0.0,0.0,0.0,0.0,0.0,0.016813744228643925,0.0,0.0,0.0,0.01899945267010078,0.0,0.0,0.0,0.0,0.0,0.0,0.0
C-O,0.569,0.1963120485870552,-0.11517687311615038,0.0010925628821666295,0.0,0.0,0.0,0.0,0.003024923495115156,0.0,0.0,0.0,0.0,0.0,0.0019015286987384015,0.0,0.0,0.0,0.0,0.005607606812680053,0.0012102209592720875,0.0,0.0,0.0,0.0,0.0,0.0,0.0,0.0,0.00015193209837189973,0.0,0.0,0.00686557380731553,0.0,0.0,0.005493666460878527,0.0,0.0,0.0
C2FLA-1,0.6569999999999996,0.2513463256374003,-0.12153442164381467,0.0,0.03707468206434125,0.0,0.0,0.0,0.0,0.0,0.0057576638098747164,0.0,0.0,0.003286264489338747,0.0,0.0,0.0,0.0,0.0,0.007323804341574295,0.005168147590289195,0.0,0.0,0.0,0.0,0.0,0.0,0.0,0.0,0.0,0.0,0.0,0.0,0.010610148436530045,0.015615510781509986,0.0,0.0,0.016605220290062367,0.0
C2MPI,0.5329999999999999,0.44214458273205,-0.39856012984799705,0.0,0.0,0.004170071221022654,0.0013205841320503545,0.0,0.0,0.0,0.0,0.0,0.0,0.0,0.0,0.0,0.0,0.0,0.0,0.004049057916801638,0.005793639731718425,0.0,0.0,0.0,0.0,0.0,0.001146458590552471,0.0,0.0,0.0,0.0,0.00017173217292212973,0.0,0.0,0.0,0.0053807008228189965,0.003200768143121795,0.0,0.0
C3F7,0.1049999999999999,-0.09267172968834389,-0.16235999989925853,-0.018286731964749232,-0.02013679119823812,0.0,0.0,0.0,0.0,-0.006224750454145389,-0.007561530575930715,0.0,-0.007268857707953722,0.0,0.0,0.0,0.0,0.0,0.0,0.0,0.0,0.0,-0.010683046132041872,0.0,-0.007997597995522613,0.0,0.0,0.0,0.0,0.0,0.0,-0.004723220837046442,0.0,0.0,0.0,0.0,0.0,0.0,0.0
C3FLA-2,0.5029999999999997,0.11599455325474149,-0.09929808582918094,0.010402509074583774,0.02066378136856831,0.0,0.0,0.0,0.0,0.0035578779828701595,0.0,0.0,0.0,0.0,0.0,0.0,0.0,0.0,-0.0038945617483097175,0.0,0.0,0.0,-0.0033470385852505087,0.0,0.0,0.0,0.0,0.0,0.0,0.0,0.0,0.0,0.006668656965076565,0.0,-0.006914943962772203,0.0,0.0,0.0,-0.004660159259011311
CAPI,0.7319999999999998,-0.21267394499359887,0.359027160479047,0.0,0.031613184740777844,0.01802555343274978,0.0198793863441146,0.0,0.0,0.0042422982719622975,0.0,0.0,0.0057355926340461015,0.0,0.0,0.0,0.0,0.0,0.0,0.0,0.0,0.0,0.020430577028326555,0.0,0.0,0.0,0.007902344129478137,0.0,0.0,0.0,0.0,0.0,0.013880975648938636,0.0,0.0,0.0,0.0,0.0,0.0
CBIQD,0.8879999999999999,0.10146542144062948,0.1099542005412588,0.0,0.03159270588137043,0.033831214840927576,0.03925391267061793,0.0,0.02451973503471626,0.0,0.016454911352777858,0.0,0.0,0.0,0.0259225899845868,0.0,0.0,0.0,0.02184068900238504,0.0,0.0,0.0,0.0,0.0,0.0,0.0,0.0,0.0,0.0,0.0,0.0,0.0,0.0,0.0,0.0,0.0,0.01922901614958661,0.0,0.0
CBM,0.7309999999999999,-0.08832078010379323,0.3201178532938938,0.008540802590164931,0.00990548867009174,0.0,0.0,0.0,0.0,0.0,0.0,0.0,0.0,0.0,0.0039195172458289865,0.0,0.0,0.0,0.011104572703468213,0.0,0.003306460798183736,0.0043293678731645985,0.0,0.0,0.0,0.004821516714262875,0.0,0.0,0.0,0.0,0.0,0.00951657861518382,0.0,0.0,0.0,0.0,0.0,0.0,0.0
CBPBM,0.443,0.22408935100295352,-0.2326740569340259,0.0,0.0,0.0,0.0,-0.0021250273229044716,0.0,0.0,0.0,0.0,0.0,-0.002351143558472782,-0.0024759744361596003,-0.0035296744251522632,0.0,0.0,0.0,0.0,0.0,0.0,0.0,0.0,0.0,0.0,0.0,-0.0037373183179214755,0.0,0.0,0.0,0.0,0.009276043308339242,-0.0040896184857192935,0.0,0.0,0.0,-0.003318878309358487,0.0
CBPMCN,0.4130000000000002,0.2630296781436299,-0.2941612176322766,0.0,-0.007831704092930235,0.0,0.005053142446290174,0.0,0.0,0.0,0.0,0.0,0.0,-0.0029642035014747245,0.0,0.0,0.0,0.0,0.0,0.0,0.007706192587426548,0.0,0.0,0.0,0.0,-0.0029308556308769926,0.0,-0.005225268219447368,0.0,0.0,0.0,0.0,0.008394933704560365,0.0,0.0,0.0,-0.0020803883534564467,0.0,0.0
CBPPY,0.476,0.10406162110435883,-0.11845991674474661,0.0,0.0,0.0,0.0,0.0,0.0,0.0,0.0,0.0,0.0,0.0,0.0,0.0,-0.017624954403185497,0.0,0.0,0.0,0.008166863608454932,0.00663548163406561,0.007360522005663871,0.0,0.0,0.0,0.0,0.004582754262668527,0.0,0.0,0.0,0.0,0.0,0.01409042380805637,-0.0011313896715460462,0.0,0.0,0.0043508351432465266,0.0
CBPTZ,0.451,0.09569309621687,-0.07654033343264408,0.0,0.0,0.0,0.0,0.0,0.0,-0.0035290585982073646,0.0,0.0,0.0,0.0,0.0,0.0,0.0,-0.005562398527073261,-0.012264074541180534,0.0,0.0,0.0,0.0,-0.0017381745319435182,0.0,-0.011776402525613544,0.0,0.0,0.0,0.0,-0.003453367384191374,0.0,0.0,-0.004022987037456065,0.0,0.0,-0.007198925113226354,0.0,0.0
CBTD2,0.7189999999999999,0.0078037537472758454,0.06783996682598438,0.008855610583841017,0.019306364270630944,0.007667821927790993,0.0,0.0,0.0,0.0,0.0,0.011343249126541603,0.0,0.0,0.0,0.0,0.0,0.0,0.0,0.011685742893281089,0.0,0.0,0.0,0.0,0.0,0.0,0.0,0.06979419335652555,0.0,0.0,0.0,0.027989709756180477,0.0,0.0,0.022859548690888347,0.0,0.0,0.0,0.0
CBZ,0.2450000000000001,0.3268220218008308,-0.4773788489665394,0.0,-0.017818602109493004,-0.008165397989205911,-0.003418402048227631,0.0,0.0,0.0,0.0,0.0,-0.003649303742048006,0.0,0.0,0.0,0.0,0.0,0.0,0.0,0.0,0.0,0.0,0.0,0.0,0.0,0.0,-0.003309568703858749,-0.0037731119337548018,0.0,0.0,0.0,0.0,-0.003712824965907017,0.0,-0.004324533589033214,0.0,0.0,0.0
CCAPI,0.7160000000000002,-0.2917011680407034,0.44345451869590735,0.0,0.01745004596354981,0.018548486943630895,0.0,0.014877001682748855,0.010039767614977909,0.0,0.009220682802705696,0.0,0.009111261718096874,0.0,0.0,0.0,0.0,0.0,0.0,0.0,0.0,0.0,0.014804683821097073,0.0,0.0,0.0,0.0,0.0,0.0,0.0,0.0,0.0,0.0,0.0,0.0,0.0,0.0,0.0,0.006053223392755158
CCC,0.593,0.5014676415852697,-0.4360703183690708,0.0,0.021587873814153166,0.0,-0.01505160115822574,0.0,0.0,0.0,0.0,0.0,0.0,0.0,0.0,0.00935909265585165,0.0,0.0,0.0,0.0,0.017336982226055814,0.0,0.006000146177424723,0.007148483392814833,0.0,0.0,0.0,0.0,0.0,0.0,0.0,0.0,0.01092707578459951,0.006263095546812181,0.0,0.0,0.0,0.0,0.0
CCDC,0.443,0.14973374566951592,-0.16211350007867484,0.0,-0.0037438937806941346,-0.005427490188460818,0.003783032652587188,0.0,0.0,0.0,0.0,0.0,0.0,0.0030874264607503054,0.0,0.0,0.0,0.0,0.0,0.0,0.0,0.004883236011187222,0.0,0.0,0.0,0.0,0.0,0.0,0.0,0.0,0.0,-0.0040004011019358285,0.0,0.0,-0.002601753342940244,-0.004728675759312678,0.0,0.0,0.0
CCDD,0.4399999999999999,-0.05289981590285005,0.05095116071436163,0.0,-0.009595728748354694,-0.00509639602403387,-0.0012346700236658523,0.0,0.0,0.0,0.0,0.0,0.0,0.0,-0.002517507298538572,0.0,0.0,0.0,0.0,0.0,0.0,0.0,0.0,0.0,0.0,0.0,0.0,0.0,-0.003102470060241699,0.0,0.027522145809739624,0.0,-0.003616112017022755,0.0,0.0,0.0,0.0,-0.003761013499669548,0.0
CCDMB,0.4339999999999997,0.20268046961364233,-0.22632299552166835,0.001756443776725642,-0.005541399822577736,0.0,0.0,0.0024304700217139498,0.0030459555493152833,0.0,0.0,0.0,0.0,0.0,0.0,0.0,0.0,0.0,0.0,0.0,0.0,0.0,0.0,0.0,0.002063789959274084,0.0,0.0,0.0,0.0,-0.00492154202263716,0.0,0.0,0.0,0.0,-0.0070477896058623165,0.006710777431003422,0.0,0.0,0.0
CDBP-BP-DMAC,0.2730000000000001,0.07716427187286827,-0.21684598374824965,-0.019616512085129108,0.0,-0.006355582073902472,-0.03066883977977531,-0.004909547254410475,0.0,0.0,0.0,0.0,0.0,0.0,0.0,0.0,0.0,0.0,-0.004820331209175857,-0.004653700641755687,0.0,0.0,-0.006288860094984812,0.0,0.0,0.0,0.0,0.0,0.0,0.0,0.0,0.0,0.0,0.0,0.0,-0.00414043380224636,0.0,0.0,0.0
CDBP-BP-PXZ,0.3619999999999996,-0.18105816813844727,0.13237265289473785,0.0,-0.005031598366070661,-0.005018702840091494,0.0,0.0,-0.010656015587475604,0.0,0.0,0.0,0.0,0.0,0.0,0.0,-0.0010762367685204289,0.0,0.0,0.0,0.0,0.0,-0.0027588974445776106,0.0,0.0,0.0,0.0,-0.004603440463868827,0.0,0.0,0.0,-0.01158820195856748,-0.012652950667257926,0.0,0.0,0.0,0.0,0.0,0.0
CDDPI,0.4870000000000001,0.016342884940516084,0.003956794025690285,0.001986204077051829,0.017037486322423724,0.0,0.0,0.0,0.0,0.0,0.0,0.0,0.0,0.0,0.0,0.0,-0.00708331215195529,0.0,0.0,0.00030844004718904704,0.0,0.0,-0.008195677014002707,0.0,0.0,0.0,0.0,0.0,0.0,0.0,0.0,0.005438191468572086,0.004930953191313408,0.0,0.008679798144535187,0.0,0.0,0.0,0.0
CH3OH–CHCl3,0.973,0.10880305046828401,0.1869125673739842,0.0,0.043201476465573825,0.0,0.0,0.0,0.0,0.0,0.0,0.0,0.01091837711881866,0.014331405814088512,0.0,0.0,0.0,0.0,0.0,0.0,0.011428275235052321,0.0,0.0,0.0,0.007370988886238649,0.0080244365005876,0.0,0.0,0.0,0.0079611688499176,0.0,0.0,0.012264492650669484,0.0,0.0,0.0,0.0,0.0,0.0
CMP,0.1819999999999995,0.5508627692993918,-0.7005489071544253,0.0,0.0,0.0,-0.0045385914015609275,0.0,0.0,0.0,0.0,0.0,0.0,0.0,0.0,0.0,-0.025746120129774494,0.0,0.0,0.0,-0.011239123377084992,0.0,-0.00851838923098657,0.0,0.0,0.0,0.0,-0.021855749675876036,0.0,-0.010301689133968091,0.0,-0.014200125236419435,0.0,0.0,0.0,0.0,0.0,-0.015596009500743194,0.0
CN-QP,0.3560000000000003,-0.0510789028208424,0.02073202451220313,0.0,0.0,0.0,0.0,0.0,0.0,0.0,0.0,0.0,-0.0032884579404122444,-0.013551027793918907,0.0,-0.007320867319581518,0.0,-0.010322024931517761,0.0,0.0,0.0,0.0,0.0,0.0,-0.0035114899974812894,-0.012419992653093565,0.0,0.0,0.0,0.0,0.0,-0.00874723820230094,-0.01851409777514025,0.0,0.0,0.0,0.0,0.0,0.0
CN-TPA,0.5669999999999997,0.21680832423582946,-0.14245008488275346,0.0,0.0,0.0,0.00631963043584096,0.0,0.0,0.0,0.0,0.0,0.0,-0.004460925750802827,0.0,0.0,0.0,0.0,0.0,0.0,0.0,0.0,0.0,0.0,0.0,-0.0030911846720631892,0.0,0.0,0.0,0.013534213070737535,0.0,0.0044609832876271235,0.014437544181390097,0.0,0.0,0.007175157917178091,-0.009795613875283205,0.0,0.0
CNDSB,0.9099999999999996,0.18414814928585188,0.10333245603952901,0.02385804765526993,0.04609126815813875,0.0,0.0,0.0,0.0,0.0,0.008078153254119157,0.0,0.0,0.0,0.0,0.0,0.0,0.0,0.0,0.0,0.0,0.0,0.0,0.0,0.0,0.0,0.0,0.0,0.016194756673739662,0.025187457164213823,0.0,0.0,0.014060561934585002,0.012484447325337168,0.0,0.012520526054056291,0.0,0.0,0.0
CNPP-TPA,0.4740000000000002,-0.021095900849328594,0.038912101152869034,0.0,0.0,0.0,0.0,-0.0014727695103351041,0.0,0.0,0.0,0.0,0.0,0.0,0.0,0.0,0.0,0.0,-0.003926441885072387,0.0,0.0,0.0,-0.0028338477785701424,0.0,0.0,0.0,0.0,-0.002553155218268859,0.0,0.0,0.0,0.0052554491615868166,-0.014333168661531035,0.0,0.0,0.0034869562146654797,0.0,0.0,-0.002877849490019519
CNTPA-CZ,0.6240000000000001,0.2363858700151986,-0.10986165009215663,0.006045484272571718,0.0,0.0,0.0,0.0,0.0,0.0,0.002708649427187404,0.0,0.003246641735759273,0.0,0.0,0.0,0.0,0.0,0.0,0.0024447326326443677,0.0,0.0,0.0,0.0,0.0,0.002972835758376605,0.0,0.0,0.0,0.0,0.0,0.007274389073089299,0.009841667711688984,0.0,0.0,-0.0008354530517744881,0.0,0.0,0.0
CNTPA-PXZ,0.379,-0.058593347020443866,0.030464935447061945,0.0,0.0,-0.0032571315680561402,0.0,-0.013400511237410023,0.0,-0.004472614097188118,0.0,0.0,0.0,-0.009234707400464217,0.0,-0.006306033459029296,0.0,0.0,0.0,0.0,0.0,0.0,0.0,0.0,0.0,-0.008619462887080423,0.0,0.0,0.0,0.0,0.0,0.0,-0.0036301361228295386,0.0,0.0,0.0,-0.007854875235078652,0.0,0.0
CPBPMCN,0.403,0.2520308009019564,-0.29230653239681625,0.0,-0.007556341393971552,-0.005735539365795408,0.0020786778536857203,0.0,0.0,0.0,0.0,0.0,0.0,0.0,0.0,0.0,0.0,0.0,0.0,0.0,0.0,0.0,0.0,0.0,0.0,0.0,0.0,0.0,0.00470346615654649,0.0,0.0,0.0,0.003591095665332295,0.0,0.0,0.008271373165866715,-0.011959865044642895,0.005876311943840564,0.0
CPBzFC,0.5619999999999998,0.2149976733322746,-0.14249718196807182,0.006421180360988505,0.01540104286766895,0.0,0.0,0.0,0.0,0.0,0.0,0.0,0.0,0.0,0.0,0.0,0.0,0.0,0.0,0.0032962765794267435,0.007146054435444362,0.0,0.0,0.0,0.002551347249023295,0.0,0.0,0.0,0.0014956292582146461,0.0,0.0,0.007285218695560728,0.0,0.0020873177593950334,0.0,0.0,0.0,0.0,0.0
CPPyC,0.4159999999999999,0.10428079444647295,-0.12495602128207864,0.0,-0.008425410389975085,-0.0038989497390608738,0.0,0.0,0.0,0.0,0.0,0.0,0.0,0.0,0.0,0.0,0.0,0.005503472427198605,0.0,0.0,-0.008394582999269986,0.0,0.0,-0.010186306300616026,0.006439815813152604,0.0,0.0,0.0,0.0,0.0,0.0,0.0,0.012224498636490586,0.0,0.011667393423237124,0.0,0.0,0.0,0.0
CPTBF,0.4820000000000002,0.3144688933424946,-0.3039380107640417,0.004660694394806115,0.0,-0.006381398834601983,0.0,0.0,0.0,0.0,0.0,0.0003052218131175609,0.0,0.0048162733797697385,0.0,0.0,0.0,0.0,0.0,0.0,0.0,0.0,0.0,0.0,0.0,0.0024273331730682197,0.0,0.0,0.0,0.0,0.0,0.0,0.009613484733113827,0.0,0.0,0.0050542316900742505,-0.010100896055791033,0.0,0.0
CPzPC,0.3569999999999997,0.06974528906660568,-0.12648506259091755,0.0,0.0,0.0,-0.004294474279512575,0.015436584528651305,0.0,-0.004855072579807836,-0.0016891369362094016,0.0,0.0,0.0,0.0,0.0,-0.008275108567142931,0.0,0.0,0.0,-0.0021089539372686344,0.0,0.0,0.0,0.0,0.0,-0.010323730954111677,0.0,-0.013716261917577209,0.0,0.0,0.0,0.0,0.0,0.0,0.0,0.0,0.0,0.0
CPzPyC,0.3130000000000001,0.11198622039526115,-0.23212194949931317,-0.008304169910397691,-0.00426152023998504,0.0,0.0,0.0,0.0,0.0,0.0,0.0,0.0,0.0,0.0,0.0,0.0,0.0,-0.004069222419600139,-0.006839237470066611,0.0,0.0,0.0,0.0,0.0,0.0,0.0,-0.004552554884804815,0.0,0.0,0.0,-0.007021587669974072,0.0,0.0,-0.0026701642239621236,0.0,0.0,-0.004892684540541437,0.0
CPzPzC,0.443,0.02521716215985917,-0.03515143890837241,0.0,-0.0052151730351066,-0.006612059456121751,0.0,0.0,0.0,0.0,0.0,0.0,0.0,0.0,0.0,0.0,0.0,0.0018964700517413548,0.0,0.002906624110505393,0.0,0.0,0.0,0.0,0.0,0.0,0.0,0.0,0.0,0.0,0.0,-0.002171827043776805,0.006136373034551639,0.0,0.0,-0.005576035694159707,-0.022369279704780195,0.0,0.0
CTM,0.4100000000000001,0.18407449002766924,-0.22893123341154673,0.0,0.0,0.0,0.0,0.0,0.0,0.0,0.0,0.0,0.0,0.0,0.0,0.00852301472019036,-0.016105808272986546,0.0,0.0,0.0,0.0,-0.0025990451252613936,0.0,0.0,0.0,0.004692236215455468,0.0,-0.00534233102448741,0.0,0.0,0.0,0.005068620388915972,0.0,0.0,0.0,0.00488844193895798,0.01190534026569891,0.0,0.0
CZ-DPS-DMAC,0.3960000000000003,0.21075715474058676,-0.25985368020292493,-0.010337563469635958,0.0,0.0,-0.004124751699478482,0.0,0.0,0.0,0.0,-0.0018450247403290901,0.0,0.0,0.0,0.0,-0.010031886586249813,0.0,0.0,0.0,0.0,-0.004868227986246906,0.0,0.0,0.0,0.0,-0.0032329019239400606,-0.0012416956140993362,0.0,0.0,0.0,0.0,0.011935311310065437,0.0,0.0,0.0,0.0,0.0,0.0
CZ-TRZ,0.4209999999999998,0.34736265687490386,-0.37622580259085164,0.0,-0.0065667734746458085,-0.006591635249210487,0.0,0.0,0.0,0.0,0.0,0.0,0.0,0.0,0.0,0.0,0.003203415134176854,0.0,0.0,0.0027164142032258193,0.0027887784294905946,0.0,0.0,0.0,0.0,0.0,0.0,0.0,0.0,0.0,0.0,0.0046154250462028205,0.0,0.0,-0.005392067746095971,0.0,0.0014370497970438124,0.0,0.0
CZ9CZPZ,0.4609999999999998,0.15993373038545539,-0.1672062941008399,0.004176693524673801,0.0,0.0,0.0055791100063459975,0.0,0.0,0.0,0.0,0.0,0.0,0.0,0.0,0.0,0.0,0.0,0.0,0.0,0.0,0.0,0.0,0.0,0.0,0.0,0.0,-0.004322804179938719,0.0,0.0,-0.0030848317859421205,0.011714312881445577,0.005747198139540479,0.0,0.0,-0.0038531821090466217,-0.003367671769912653,0.0,0.0
CbBPCb,0.4549999999999996,0.26939347064711666,-0.28439902518550686,0.0,0.0,0.0,0.0,0.0,0.0,0.0,0.0,0.0,0.0,0.005220372585039914,0.0,0.0,-0.007049109476452514,0.0,0.0059182360820071575,0.0,0.0,0.003282426682121559,0.006907778572207156,0.0,0.0,0.0,0.0,0.0,0.00493757684805783,0.0,0.0,0.0,0.010336697095756936,-0.003178845216944462,0.0,0.0,0.0,0.0,0.0
Cbz-MI,0.4939999999999998,-0.6579701799620815,0.7143554616744714,0.004970940565995695,0.0,0.0,0.0,0.0,0.0,0.0,0.0,0.0,0.0,0.0,0.0,0.0,0.0,0.0,0.0,0.0,0.0,0.0035063844705453227,-0.004333060316541597,0.0,0.0,-0.0028187864506690843,0.0,0.0,-0.001937862600148603,0.0,0.0,-0.00968741960430811,-0.011762574740890446,-0.003865504571004957,0.0,0.0,0.0,0.0,0.0
Cbz-PYR,0.3679999999999999,0.2801565787799681,-0.34936866946264294,-0.0033592813375055135,-0.008522291960088798,0.0,0.008300256999854812,0.0,0.0,0.0,0.0,-0.004179723128778914,0.0,0.0,0.0,0.0,-0.007946982812417272,0.0,0.0,0.0,0.0,0.0,0.0,0.0,0.0,0.0,0.0,-0.0024946905230590235,0.0,-0.002468586307488394,0.0,0.0,0.013815696630383104,0.0,0.0,0.0,0.0,0.0,0.0
Cz-SO,0.4540000000000002,0.22882301841456415,-0.2361997367465433,0.0,0.0,0.0,0.0,0.0,0.0,0.0,0.0,-0.003837937964608189,0.0,0.0,0.0042907051254788805,-0.004311132647754155,0.0,0.0029437378984666354,0.0,0.0,0.0,0.0,0.0,0.0,0.0,0.0,0.005127518557738599,0.0,0.00778835400213109,0.0,0.0,-0.00576831239709361,0.0,0.0,0.0,0.0,0.0,0.0,0.004235729465042774
Cz2ICz,0.351,0.015377714911534977,-0.103118771179275,-0.0037350903435155298,-0.009011117208326324,0.0,0.007945244377085459,0.0,0.0,0.0,0.0,0.0,0.0,0.0,0.0,-0.0008312864791809172,0.0,0.0,0.0,0.0,0.0,0.0,0.0,0.0,0.0,0.0,0.0,-0.001609465471790835,0.0,-0.0033628091786650806,0.0,0.0,0.0040998023087533905,0.0,-0.0017339107048875008,0.0,0.0,0.0,0.0
CzA-PPO,0.5170000000000001,-0.5871638984480614,0.6698310860566731,0.0,0.012277896769438634,0.006490870019701669,-0.020025064108468472,0.0,0.0,0.0,0.0,0.0,0.0,0.0,0.0,0.0,0.0,0.0,0.0,-0.007993904028289938,0.0,0.0,0.007743105513779268,0.0,-0.005284717821541482,0.0,0.0,0.0,0.0,0.0,0.0,0.0,-0.011922126949607304,0.0,0.0,0.009485087632968923,0.0,0.0,0.0
CzB-FMPIM,0.484,0.270754613274883,-0.2795272078037403,0.006113058345099694,-0.011107494554813253,0.0,0.0,0.0,0.0,0.0,0.0,0.0,0.0,0.0,0.0,0.0,0.004027466655773705,0.0,0.0,0.0,0.0003456657362691359,0.0,0.0,0.0,0.0,0.0,0.002373033222273405,0.0,0.0,0.008639932072126514,0.0,0.006747329373264659,0.0,0.0,0.011492621958195741,0.0,0.0,0.0,0.0
CzB-FMPPI,0.4210000000000002,0.10685677951314566,-0.14010817753607643,0.0,0.009864451491289769,0.0,0.0,0.0,0.0,0.0,0.0,0.0,0.0,0.0,0.0,0.0,0.0,-0.015882167971124968,0.0,0.0,0.0,0.0,0.004339155479762127,0.0,0.0,0.0,0.0,0.0,0.006447693225145894,0.012287225334372771,0.0,0.0,0.00593227039060356,0.0,0.0,0.011257890262752627,0.0,0.01504913846201529,0.0
CzBN,0.3619999999999996,0.15807786800444004,-0.2213199593140223,-0.011076220828098044,-0.013836593565907865,0.0,-0.0029219917741860513,0.0,0.0,-0.0049057817093607755,0.0,0.0,0.0,0.0,0.0,0.0,0.0,-0.0004708120319026482,0.0,-0.0003065335401533442,0.0,-0.005805244724618152,0.0,0.0,0.0,0.0,0.0,0.0,0.0,0.0,0.0,0.0,0.012436668694997738,0.0,0.0,0.0,0.0,0.0,0.0
CzBPDCb,0.516,0.2653109414487364,-0.22066544381978792,0.005365324471474014,0.0,0.0,0.0,0.0016471247831582134,0.0,0.0,0.0,0.0,0.0,0.0,0.0,0.0,0.0020563131700718712,0.0,0.0,0.004927659415860208,0.005705519232050925,0.0,0.0,0.0,0.0,0.0,0.0,0.0,0.0,0.0,0.0,0.0,0.005438583882685443,0.0,-0.00807966962004145,-0.00952497275803157,0.0,0.0,0.0
CzBroB,0.1119999999999996,-0.10011772789017417,-0.15677699798878728,-0.011456228005536495,-0.015831309053435494,0.0,0.0,0.0,-0.004051719410010146,0.0,0.0,0.0,-0.006736060565231722,0.0,0.0,0.0,0.0,0.0,0.0,0.0,0.0,0.0,-0.010211321663193404,-0.01020224055623146,0.0,0.0,0.0,0.0,0.0,0.0,0.0,0.0,0.0,-0.00665830300719725,0.0,-0.011313881470030306,0.0,0.0,0.0
CzCNoB,0.1190000000000002,-0.2452927871068172,0.0,-0.014498243087761944,-0.015940694216149975,0.0,0.0,0.0,0.0,0.0,0.0,-0.007272590743795648,0.0,0.0,0.0,0.0,0.0,0.0,-0.004119337012489094,-0.006125317780432441,0.0,0.0,-0.011988745380579606,-0.011587207932154911,0.0,0.0,0.0,0.0,0.0,0.0,0.0,0.0,0.0,0.0,0.0,0.0,0.0,-0.0047817835166304445,-0.0034320572222259673
CzCbPy,0.4900000000000002,0.1365544129596905,-0.13003412100917558,0.0,0.0,0.0,0.0,-0.000507082115378947,0.01638222989778091,0.0,0.0,-0.008205876988674398,0.0,0.0,0.0,0.0,0.0,0.0,0.0,0.0,0.0,0.0,0.0,-0.01007327136447506,0.0,-0.0035237470572123683,0.0,-0.001625476730498416,0.0,0.0,0.0,0.0,0.009765287627008519,0.0,0.0,0.005042498062699145,0.0,0.0,0.0
CzDCbTrz,0.3029999999999999,0.10253716170674447,-0.20566564778754626,0.0,0.0,-0.001990572551957872,0.0,0.0,0.0,0.0,0.0,0.0,0.0,0.0,0.0,0.0,-0.002984130880562776,0.0,0.0,-0.004885780446932942,0.0,-0.004826848685869001,-0.007201681020057364,0.0,0.0,-0.0039376178740482826,0.0,0.0,0.0,0.0,0.0,-0.0020055406485544338,0.0,0.0,0.0,0.0,-0.013448609824781126,0.0,0.0
CzPm,0.4720000000000004,0.2860142921607335,-0.2832345781939285,0.0,0.0,8.161628741402881e-05,0.005227894078729936,0.0,0.0014254566962393718,0.0,0.002238541059200596,0.0,0.0,0.001368665175461945,0.0010362963548784323,0.0,0.0,0.0,0.0,0.0,0.0,0.0027949880599174885,0.0,0.0,0.0,0.0,0.0,0.0,0.0,0.0,0.0,0.011366396006638203,0.0,0.0,0.0,0.0,0.0,0.0,0.0
CzPrSBI,0.492,0.18990796985019767,-0.182820322943095,0.004767282201551178,0.0,0.0,0.0049585447328091906,0.0,0.007729114708590142,0.0,0.0,-0.013811929646828812,0.0,0.0,0.013087438365782075,0.0,0.0,0.0,0.0,0.0,0.0,0.0,0.0,-0.01166644181048142,0.0,0.0,0.006637359890654664,0.0,0.009171339056841768,0.0,0.0,0.0,0.0,0.0,0.0,0.0,0.0,0.0,0.0
CzS2,0.4689999999999998,0.13315783715228946,-0.14249541898195237,0.0,0.0,0.0,0.0,0.0,0.0,0.0,0.0012444152251005003,-0.011542979335933169,0.0,0.0,0.006144075784075546,0.0,0.007446572909580081,0.0,0.0,0.0,0.0,0.008079020389379453,0.0,-0.007746408802739682,0.0,0.0,0.0,0.0,0.0,0.0,0.0,0.0,0.007695744170159407,0.0,0.003082360300854835,0.0,0.0,0.0,0.0
CzSO-1CO,0.8620000000000001,0.18639415893667205,0.1290313105203205,0.016822408306215616,0.022276936186585352,0.0,0.0,0.0,0.0,0.0,0.0,0.0,0.0,0.0,0.0,0.0,0.015048798831071573,0.0,0.0,0.0,0.006919409862099539,0.0,0.0,0.004241555186356216,0.0,0.0,0.0,0.0,0.0,0.004202088141719764,0.012783825751805564,0.0,0.02054870698762856,0.0,0.0,0.0,0.0,0.0,0.0
CzTPA,0.4319999999999999,0.204021680411796,-0.23121164668976704,0.0,0.0,0.0,0.0034797122196973855,0.003003359306248821,0.0,0.0,0.0,0.0,0.0,0.0,0.0,0.0,0.0,0.0,0.0030213336940890026,0.0,0.0,0.004812598498121922,0.0,0.0,0.0,0.002539282859661151,0.0,-0.003979964877616303,0.0,0.0,0.0,-0.004903060151051384,0.007731138591896309,0.0,0.0,0.0,0.0,0.0,0.0
CzTPA-m-Trz,0.3980000000000001,0.0814811912750628,-0.1181034323245032,-0.01344085746719659,-0.01945479319725932,0.0,0.0,0.0,0.0,0.0038183476055326277,0.0,0.0,0.0,0.0,0.0,0.0,0.0,0.004089892123433881,0.0,-0.008248438873860188,0.004593052788022351,0.0,0.0,0.0,0.0,0.0,0.0,0.0,0.0,0.0,0.0,-0.005071030943060599,0.0,0.0,0.0,0.0049535328520880564,0.0,0.0,0.0
CzmPPC,0.1939999999999999,0.44366901737763476,-0.6000909401078729,-0.011898156099913241,0.0,-0.013291328620852205,-0.021672058420076804,0.0,0.0,0.0,0.0,0.0,0.0,0.0,0.0,0.0,0.0,0.0,0.0,0.0,0.0,0.0,-0.005206727100024683,0.0,0.0,0.0,0.0,0.0,0.0,0.0,-0.016176754209183783,-0.005328797744852169,0.0,0.0,0.0,0.0,-0.009493494296553023,-0.010074052786724767,0.0
CzoB,0.1059999999999998,-0.09831154787487469,-0.16852450338248454,-0.014033692410923981,-0.010266275990408021,0.0,0.0,0.0,0.0,-0.007721568709575569,0.0,0.0,0.0,0.0,0.0,-0.0075113755605251565,0.0,0.0,0.0,-0.0074101008723388645,0.0,0.0,-0.010548733228459567,0.0,0.0,0.0,0.0,-0.006322563829996408,-0.007151363305122124,0.0,0.0,0.0,0.0,0.0,0.0,0.0,0.0,0.0,0.0
CzppT,0.5219999999999998,0.20561498377060589,-0.19338741264575413,0.0,0.0,0.0,0.0,0.0,0.0,-0.0003154576573569891,-0.005909684907680008,0.0,0.0,0.0,0.0,-0.010125821562736,0.0,0.0,0.0,0.0,0.0,0.0,0.0,-0.008338127428951072,-0.00911785439770045,0.0,0.0,0.0,-0.0022531476883290895,0.0,0.0,0.0,0.0,-0.004527766366626685,0.0,0.0,-0.031243136069026,0.0,0.0
Cz–AQ,0.3449999999999997,-0.5119508271969727,0.4446320702603902,0.0,-0.00937244378320676,0.0,0.0,0.0,0.0,-0.0036368460931919767,-0.008493095999121878,0.0,0.0,0.0,0.0,0.0,0.0,0.0,0.0,0.0,0.0,0.0,0.0,0.0,-0.0013198367225495126,0.0,-0.0006894692751583525,-0.005254709718951434,0.0,0.0,0.0,0.0,-0.018603107420255876,0.0,0.0,0.0,-0.004210701684990173,0.0,0.0
D-BP-PXZ,0.3500000000000001,-0.25563860591822085,0.1879717677448363,-0.00913257679650682,-0.01998741230938045,-0.0004548170521184319,0.0,0.0,0.0,0.0,0.0,0.0,0.0,0.0,-0.0018263225114748282,0.0,0.0,0.0,0.0,0.0,0.0,-0.00186676069674897,0.0,0.0,0.0,-0.0008357697508592761,0.0,0.0,0.0,-0.0011076830207603222,0.0,0.0,-0.01069281480806531,0.0,0.0,0.0,0.0,0.0,0.0
D1–D6,0.4409999999999998,0.13939219227145372,-0.14643897961740857,0.0,0.0,-0.005356036823952654,-0.004802834422848083,-0.005481942403516696,0.0,-0.005591266213192645,0.0,0.0,0.008473901387721795,0.0,0.011347157798891233,0.0,0.0,0.0,0.0,0.0,0.0,0.0,0.0,-0.008680957459791432,0.0,0.0,0.0,0.0,0.0,0.0,0.0,0.0,0.0,0.0,0.0,0.0,0.0,0.0,-0.0014905329465514199
D5,0.4559999999999999,0.2231945374963537,-0.23552076730691793,0.006792432663999839,0.0,0.0,0.0,0.0,0.0,0.00391384099909945,0.0,0.0,0.0,0.0,0.0,0.0,0.0,0.0,0.0,0.0,0.00519498802686482,0.0,0.0,0.0,0.0,0.0,0.0,0.0015536414768450657,0.0,0.0036276365154214525,0.0,0.0,0.007615052921036733,0.0,0.008188802586072035,0.0,0.0,-0.012137781262837183,0.0
D6,0.4409999999999998,0.13682338114244638,-0.14797889844140946,0.0,0.0,-0.010006659264900412,0.0,0.0,0.0,0.0,0.0,0.0,0.0,0.0,0.0,0.0,0.0022649928292370514,0.0,0.0,0.0,0.0,0.0,0.0,0.0,0.0029083000145214335,0.0,0.003262738814804063,0.0,0.0,0.0,-0.006668058965671495,0.0,0.005676785653716745,0.0,0.0,0.0,0.0,0.00551318454128264,0.00545734035053435
DAcIPN,0.4939999999999998,-0.007108749312659185,0.016859283132235937,0.0,0.0,0.0,0.0,-0.004483685960212484,0.0,-0.011747669131535857,0.0,0.0,0.0,0.0,0.0,0.0,0.0,-0.004044746568888312,0.0,-0.004023741083522059,0.0,0.0,0.0,0.0,-0.001452785810344024,0.0,0.0,-0.0032915342656646934,0.0,0.0,0.0,0.0,0.0,0.0,-0.00239096345272934,0.0,-0.004198997374444263,0.0,0.0
DBBPZ-DPXZ,0.2529999999999996,-0.3766283886058821,0.22812506336854432,-0.0055851036411001115,-0.01131867471033304,0.0,0.0,0.0,0.0,0.0,-0.004287936316879626,-0.001996188624701204,0.0,0.0,0.0,0.0,0.0,0.0,0.0,0.0,0.0,0.0,-0.003165730724029832,-0.004220077912237255,0.0,0.0,0.0,0.0,0.0,-0.0030335325268096816,0.0,0.0,-0.017725427399254118,0.0,0.0,0.0,0.0,0.0,0.0
DBCP,0.0859999999999998,-0.41403802494335507,0.18645068709820697,-0.03214002767451976,-0.0361231331037807,0.0,0.0,0.0,0.0,0.0,0.0,0.0,-0.005000183918885915,0.0,0.0,0.0,-0.0078085150399893055,0.0,0.0,-0.010300535689771233,0.0,0.0,-0.005615420780555754,0.0,0.0,0.0,0.0,0.0,0.0,0.0,0.0,-0.017089775162934768,-0.017313762140575943,0.0,0.0,0.0,0.0,0.0,0.0
DBFDPO,0.2869999999999999,0.45889431504857536,-0.5937522201892346,0.0,0.0,0.0,0.0,0.00032422239723582256,-0.0072258016152229034,0.0,0.0,-0.00426864601598149,0.0,0.0,0.0,0.0,0.0,0.0,0.0,0.0,0.0,0.0,0.0,-0.007988823249750997,0.0,0.0,-0.003574150378176383,0.0,0.0,-0.006964985376968392,0.0,-0.007193714544024432,0.0,0.0,0.015003581045809206,0.0,0.0,0.0,0.0
DBP-3TPA,0.2370000000000001,-0.11383349149113577,-0.026630402856224335,0.0,0.0,0.0,0.0,0.0,0.0,0.0,0.0,0.0,0.0,0.0,0.0,0.0,-0.009635212155249838,0.0,0.0,0.0,0.0,0.0,0.0,-0.003270605071429622,0.0,-0.00509287392851839,0.0,-0.007859653972613154,0.0,0.0,0.0,-0.010823925089173249,-0.009696325099080378,0.0,0.0,-0.013927806304099491,0.0,-0.006065590399315908,0.0
DBQ-3PXZ,0.1920000000000001,-0.46057603166338473,0.3075248505570504,-0.015540668706369573,-0.02596900976979243,0.0,0.0,0.0,0.0,0.0,0.0,-0.010838191097873429,0.0,0.0,-0.006677044881489344,0.0,0.0,0.0,0.0,-0.018523764113062786,-0.025017536433005673,0.0,0.0,0.0,0.0,0.0,0.0,0.0,0.0,0.0,0.0,0.0,-0.01010234801280127,0.0,0.0,-0.02259442325184621,0.0,0.0,0.0
DBT-BZ-DMAC,0.5760000000000001,0.06024304450635714,0.02087036713417829,0.0,0.016198423400944916,0.0,-0.021834222517674928,0.0,0.0027829321537709054,0.0,0.0,0.0042575964573974626,0.0,0.0,0.0,0.004730063340682389,0.0,0.0,0.0,0.0,0.0,0.0,0.012899261899998035,0.0,0.0,0.0,0.0,0.0,0.0,0.004673180265246643,0.0,0.0,0.007027592686740493,0.0,0.0,0.0,0.0,0.0,0.0
DBT-SADF,0.3599999999999999,0.18306283181835903,-0.23732413540011685,-0.028800221320223602,-0.001813716058055074,0.0,-0.019098256294235297,0.0,0.0,0.0,0.0,0.0,0.0,0.0,0.0,0.0,0.0,0.0,0.0,-0.004673217390327875,0.0,0.0,0.019240848085629078,0.0,0.0,0.0,0.0,-0.007374413525210621,0.0,-0.004762978678250151,0.0,0.0,0.0,0.0,0.0,0.0,0.0,-0.002094604836019101,0.0
DBTO-PTZ,0.3849999999999998,-0.14261642821399037,0.09076347916351668,0.0,-0.005740967876816773,0.0,0.007380878863182299,0.0,0.0,0.0,0.0,0.0,0.0,0.0,0.0,0.0,0.0060972700131025695,0.0,0.0,0.0,0.005180121741044664,0.0,-0.005038517011681472,0.0,0.0,0.0,0.0,0.0,0.0,0.0,0.0,-0.0061190077332905985,-0.005685120551354566,0.0,0.0,0.0,-0.003172802978547197,0.0,0.0
DC-ACR,0.0070000000000001,-0.4917990221232585,0.15126369184545171,0.0,0.0,0.0,0.0,-0.008619291648338774,0.0,0.0,0.0,-0.00813211274216775,-0.00748121214437911,0.0,0.0,0.0,0.0,0.0,0.0,0.0,0.0,0.0,0.0,0.0,0.0,0.0,0.0,0.0,-0.009155872650465802,0.0,0.0,-0.023114106418141676,-0.01980846075526627,0.0,0.0,0.0,0.0,-0.01069148366082127,-0.00962774768004802
DC-TC,0.0099999999999997,-0.45005518980453724,0.10612203861650898,0.0,0.0,0.0,0.0,0.0,0.0,0.0,0.0,0.0,-0.0003932989673814234,0.0,0.0,0.0,0.0,0.0,-0.009940855720453166,0.0,0.0,0.0,-0.009944823815110046,-0.0076312652227595226,0.0,0.0,0.0,0.0,-0.006225120722348634,-0.0055941351581222255,0.0,-0.021554586044061175,0.0,0.0,0.0,0.0,0.0,-0.0027442976658182405,0.0
DCA,1.005,-0.16590710062513245,0.6192993368933803,0.02028279273218552,0.02877604133168086,0.0,0.0,0.0,0.0,0.0,0.0,0.0,0.0,0.0,0.007577437575976151,0.007073888624913933,0.0,0.006260215173063434,0.0,0.00997771737253986,0.0,0.0,0.0,0.011305773464628511,0.0,0.0,0.0,0.0,0.0,0.0,0.0,0.0,0.0,0.006633531769929313,0.0,0.0,0.0,0.0,0.0
DCBNPE,0.399,-0.7340326890447477,0.7283821352436647,-0.0022709462560434024,0.0,0.0,-0.003941439335491195,0.0,0.0,0.0,0.0,0.0,0.0,0.0,0.0,0.0,0.0,0.0,0.0,0.0,0.0,0.0,-0.006668528582879125,0.0,-0.003941752264066955,0.0,0.0,0.0,0.0,0.0,0.0,0.0,-0.013830477027830843,0.0,0.0,0.006588804388827402,-0.012415018754598113,-0.0022983416761597694,0.0
DCE,0.8250000000000002,0.8562083934217207,-0.6796995085459291,0.0,0.0,0.017706973910488925,0.0,0.0,0.0,0.0,0.0,0.0,0.0,0.0,0.020981672244001548,0.0,0.0,0.0,0.0,0.0,0.0,0.0,0.0,0.0,0.0,0.00985426754815605,0.0,0.0,0.0,0.0,0.0,0.014064375712099309,0.01688017653416612,0.0,0.0,0.05861116038028166,0.021373526535284532,0.0,0.025115081832820865
DCPDAPM,0.1110000000000002,-0.01830927832917526,-0.19615320626152455,-0.03444565831649396,-0.04119715412997786,0.0,0.0,0.0,-0.00604513323167125,0.0,0.0,0.0,-0.0027624569991391845,0.0,0.0,0.0,0.0,0.0,0.0,0.0,0.0,0.0,-0.007143989115629546,0.0,-0.006571703998288298,0.0,0.0,0.0,0.0,0.0,0.0,-0.009444849705544075,-0.010630652375700383,0.0,0.0,0.0,0.0,0.0,0.0
DCbz-Ph-Bz,0.4409999999999998,0.31202384810347866,-0.3339447682261048,0.004551326046676137,0.0,-0.006073166050907521,0.0028332977874358056,0.0,0.0,0.0,-0.0011971832203204608,0.0,0.0,0.0,-0.0015971482809138612,0.0,0.0,0.0,0.0,0.0,0.0,0.0,0.0,0.0,0.0,-0.0016137694358169046,0.0,0.0,0.0,-0.005258057312304807,0.0,0.0,0.00722866023881219,0.0,0.0,0.0,0.0,0.0,0.0
DCz-DPPZ,0.367,-0.21438483073504777,0.1596277038108117,-0.0038050263633012606,-0.014311952180750775,0.0,0.0,0.0,0.0,0.0,0.0,0.0,0.0,0.0,0.0,0.0,0.0,0.0,0.0,-0.0038037679988664475,0.007993884627986836,0.0,0.0,0.0,0.0,0.0,0.0,-0.002275200426533124,-0.0005191996964275025,0.0,0.0,0.009963166603294903,-0.015332124953196155,0.0,0.0,0.0,0.0,0.0,0.0
DCz-OTP,0.427,0.09110715877178488,-0.10439285702756249,0.0,0.0,0.013201154749249266,0.0,-0.00867527309879618,0.0,0.0,0.0,0.0,0.0,-0.009401194839364743,0.0,0.0,0.0,0.0,0.0,0.0,-0.003638223963445524,0.0,0.0,0.0,0.0,-0.009006779093312928,0.0,0.0,0.0,0.0,0.0,-0.009487118264996517,0.010762116728909428,0.0,0.0,0.0,0.009586143186312655,0.0,0.0
DCzBNPh-1,0.3740000000000001,0.2619748675189699,-0.3253244319032116,0.0,-0.0043155806474303145,0.0,0.008026902844939128,0.0,0.0,-0.00237012747763661,-0.0027752640252712148,0.0,0.0,0.0,0.0,0.0,0.0,0.0,0.0,0.0,0.0,0.0,0.0,0.0,0.0,-0.003516995499025175,0.0,-0.0027101296100635313,0.0,-0.0012509042607110055,0.0,-0.0024520263205690925,0.0,0.0,0.0,0.0,0.0,0.0,0.0
DCzIPN,0.4750000000000001,0.0955361988291739,-0.08719353406733069,0.0,0.0,0.0,0.0,0.0,0.0,0.0,0.0,0.004124449223766847,0.0,0.0,0.0,0.0021787009077427195,0.0,0.0,0.0,0.0,0.008592161339621962,0.0,0.0,0.0035401156149701823,0.0,0.0,0.0,0.0,0.0,0.0,0.0,0.0,0.01169250834663556,0.0006622298666065621,0.0,-0.008842513745077898,0.0,0.0,0.0010040737571360482
DCzPO,0.4990000000000001,0.3074740933214458,-0.27479321209002516,0.0,0.0,0.0,0.00433080435313284,0.0,0.0,0.0,0.0,0.0,0.0,0.003764485949095279,0.0,0.0,0.0,0.0,0.0,0.004176872736089018,0.0,0.0,-0.006240862552209772,0.0,0.0,0.0,0.0,0.0,0.0,-0.0017679317315097004,0.0,0.0,0.005941988758817104,0.0,-0.004370585706353183,0.0,-0.003300415091802555,0.0,0.0
DCzTrz,0.411,0.2974356411515481,-0.3350197917021088,0.0,-0.005860363231675416,-0.00247846350451462,0.0,0.0,0.0,0.0,0.0,0.0,0.0,-0.0019212639204018278,0.0,0.0,0.0,-0.0020527673503430224,0.0,0.0,0.0,0.001041887972392149,-0.003362088557807035,0.0,0.0,0.0,0.0,0.0,0.0,0.0,0.0,0.0,0.0,0.0,-0.000950864775370362,0.0,0.0,0.0,0.0
DC–TC,0.5819999999999999,0.4759500036133266,-0.3824496870533304,0.0,0.0,0.0,0.005503977282680969,0.0,0.0,0.0,0.0,0.002587226775619205,0.0,0.0,0.0009012653514976197,0.0,0.0,0.0,0.0,0.0,0.0,0.0,0.0,0.0,0.0,0.0,0.0,0.006594349664859733,0.0,0.0,0.0,0.0035246439191860537,0.00760479288500065,0.0,0.0,0.0,0.0010116370249756612,0.005646239797760281,0.0
DDBP,0.556,0.13011838408934145,-0.07362788552143655,0.007011505936368875,0.03263663318094512,0.005778075408046441,-0.017134040948552063,0.0,0.0,0.0,0.0,0.0,0.0,0.0,0.0,0.0,0.0,0.002318244857124327,0.0,0.0,0.0030160509351979097,0.0,0.0,0.0,0.0,0.0,0.0,0.0,0.0,0.03432815193437398,0.0,-0.012303576157186028,0.0,0.0,0.0,0.0,0.0,0.0,0.0
DDCzTrz,0.3229999999999999,0.25040189384323264,-0.34273005162969883,-0.010398411040036325,-0.011603042720943754,0.0,0.0,0.0,0.0,0.0,0.0,-0.0047735972972934295,0.0,0.0,0.0,0.0,-0.0033703520841575634,0.0,0.0,0.0,0.0,0.0,0.0,-0.006435866322467882,0.0,0.0,0.0,0.0,0.0,-0.0019443278444931655,0.0,-0.00039676833488344295,0.0,0.0,-0.0002870016693187005,0.0,0.0,0.0,0.0
DDMA-TXO2,0.6760000000000002,0.15785924451583563,-0.11916295063494962,0.0,-0.00702672551080335,-0.006339624846851991,0.0,0.0,-0.007293766929224857,0.0,0.0,-0.008791431262501261,-0.00985201943041806,0.0,0.0,0.0,0.0,-0.01146285303932622,0.0,0.0,0.0,0.0,0.0,0.0,-0.009870722587145048,0.0,0.0,0.0,0.0,0.0,0.0,0.0,0.0,0.0,0.0,0.0,0.0,0.0,-0.0044482316523931816
DDPA-Ph-Bz,0.383,0.14758053388424897,-0.18979414908447098,-0.005913251096039324,0.0,0.0,0.0,0.0,0.0,0.0,-0.007724969720309908,0.0,0.0,0.0,-0.002428315409126791,0.0,0.0,0.0,0.0,-0.018127293344495313,0.0,-0.008002839365203875,0.0,0.0,0.0,0.0,0.0,-0.004586208656426124,0.0,0.0,0.0,0.0,0.0,0.0,-0.012098644722727685,0.0,0.0,0.020615386000672607,0.0
DDPhCz-DCPP,0.4090000000000002,0.06983662499852099,-0.11186396001783475,0.0,-0.004443202081854901,0.0,0.0,0.0,0.0,0.0,0.0,0.0,0.0,0.0,0.0,0.0,0.0,0.0,0.0026731258124696178,0.0,0.0,0.0,0.0,0.0,0.0,0.0,0.0,0.0,0.0029467143671574117,0.008298565569995463,0.0,0.0,-0.009339361824581493,0.0,-0.003424744010386578,0.005584699782329147,0.0,0.004977960104596812,0.0
DDPhCz-DPPZ,0.3080000000000003,-0.13837737977066947,0.046758383559252895,0.0,0.0,0.0,0.0,0.0,0.0,-0.002399646305868941,0.0,0.0,0.0,0.0,0.0,0.0,0.0,0.0,0.0,-0.011664230333176956,-0.010920811669392709,0.0,0.0,0.0,0.0,-0.0029617859603389748,0.0,0.0,0.0,0.0,0.0,0.0,-0.010949025974698627,-0.002579262152707425,0.0,0.0,-0.006134664517613902,0.0,-0.001536603557811309
DFDBQPXZ,0.375,-0.03851293056382969,0.0,0.0,0.0,0.0,0.0,0.0,0.0,-0.0069345828691075055,0.0,0.0,0.0,0.0,0.0,0.0,-0.005269849456326137,-0.0054231259559039775,0.0,0.0,0.0,-0.0024577502992976586,-0.004555173208139726,0.0,0.0,0.0,0.0,-0.0026161199527307776,0.0,0.0,0.0,-0.0009853495279782578,-0.02134714087241939,0.0,0.0,0.0,0.0,0.01895201474641804,0.0
DFPBI,0.4660000000000002,0.05270592315691211,-0.05588418587894624,0.005063913365131845,0.007187618371339332,0.0,0.003294596188864077,0.0,0.0,0.0,0.0,0.0,0.0,0.0,0.0,0.0,0.0,0.0010053486658264175,0.0,0.0,0.0,0.0,0.0,0.0,0.0,0.0,0.0,0.00303617462903183,0.0,0.0,0.0,0.020854741648383426,0.0020529110299090294,0.0,0.0035387158430991894,0.0,0.0,0.0,0.0
DFPFPhe,0.6629999999999998,-0.1546294730425541,0.30154778951869027,0.0,0.0,0.0,0.0,0.006260113306202131,0.0,0.007687413915082051,0.002271132445303705,0.0,0.01051185954985232,0.0,0.006375858871389194,0.0,0.0,0.0,0.006278719094966498,0.0,0.0,0.0,0.0,0.0,0.00675104284337311,0.00607203864966807,0.0,0.0,0.0,0.0,0.0,0.0,0.0,0.0,0.0,0.0,0.0,0.0,0.0
DHID-DBS,0.5659999999999998,-0.044346858822827,0.11996463072434434,0.007068855349550586,0.010081492877316413,0.0,0.0,0.0,0.008569769986058419,0.0,0.0,0.0,0.0,0.0,0.0,0.0,-0.0007781251235512052,0.0,0.0,0.006865144554507309,0.0,0.0,0.0,0.0,0.0,0.0,0.0,0.0,0.0,0.004043640447601207,0.0,0.0,0.0,0.0,0.0,0.010251445282095975,0.0,0.0,0.0
DHID-DPS,0.6749999999999998,0.044523277824990035,0.13679534096387974,0.006127587627473611,0.008144710397978977,0.0,0.0,0.0008571894381525225,0.0,0.0,0.0,0.00241875772335047,0.0,0.0,0.0,0.0,0.0,0.0,0.0,0.0020683691571791144,0.0,0.0,0.0,0.0,0.0,0.0,0.0,0.0,0.0018684482359245477,0.0,0.0,0.0,0.006124400102191619,0.0,0.0,0.003493910183583327,0.0,0.0,0.0
DHPZ-2BI,0.242,-0.5662216547869636,0.442892341857079,0.0,0.0,0.0,0.0,0.0,0.0,0.0,0.0,0.0,0.0,0.0,0.0,0.0,-0.006132392622707432,-0.0020492303451342896,-0.008218755557844631,0.0,-0.003925307461815047,0.0,-0.011072560564118128,0.0,0.0,0.0,0.0,0.0,0.0,0.0,0.0,-0.020107561080895123,-0.016595330868203723,0.0,0.0,0.0,0.0,-0.010238667464460885,0.0
DHPZ-2BN,0.2449999999999996,-0.561652694825578,0.432505704361893,0.0,0.0,0.0,0.0,0.0,0.0,-0.005581273709604351,-0.010023801738588828,0.0,0.0,0.0,0.0,0.0,0.0,0.0,0.0,-0.0037449870533632643,0.0,0.0,-0.014130319424416332,-0.00771206131989851,0.0,0.0,-0.005120869566369738,0.0,0.0,-0.007878717294484732,0.0,-0.015182969595926646,0.0,0.0,0.0,0.0,0.0,0.0,0.0
DIC-TRZ,0.4610000000000003,0.01929042028482055,-0.025763958723134618,0.0022714787219345082,0.003246987634802384,0.0,0.0,0.0,0.0,0.0,0.0,0.0,0.0,0.0,0.0,0.0,0.0,0.0,0.0,0.0,0.0,0.0,0.0,0.0,0.0,0.0,0.0,0.0041669991012538285,0.002201075052778943,-0.013144941859824878,0.0,0.0,0.0,0.006888706737279582,0.004590329533102722,0.0,0.0,0.013263817429666144,0.0
DICzTrz,0.2810000000000001,0.0,-0.1256232641868015,-0.0029695939891711196,-0.004611539366976504,0.0,0.0,0.0,0.0,0.0,0.0,0.0,0.0,-0.0032895713765430574,0.0,0.0,0.0,-0.008384069503721035,0.0,0.0,0.0,0.0,-0.005437330522208092,0.0,-0.0015772507289939703,0.0,0.0,0.0,0.0,0.0,-0.00413661790077759,0.0,0.0,0.0,-0.003734665033468486,0.0,-0.0028980651825138704,0.0,0.0
DMAC-11-DPPZ,0.137,-0.30021211345290744,0.10403427118574711,-0.03222451216078821,-0.03420894333430135,0.0,0.0,0.0,0.0,0.0,0.0,0.0,0.0,0.0,0.0,0.0,0.0,0.0,0.0,0.0,0.0,0.0,-0.004972802284102446,0.0,0.0,0.0,-0.004258240819377952,-0.0051942242249979655,0.0,0.0,0.0,0.0,-0.028609165419263827,0.0,0.0,0.0,0.0,-0.005203024610078239,-0.008224008991837617
DMAC-AQ,0.573,-0.7150178743672839,0.8533303252107073,-0.0031808872658576734,-0.014260946198963832,0.0029630986897725975,0.0,0.002591974880417104,0.0,0.0,0.0,0.0,0.0,0.0,0.0,0.0,0.0,0.0,-0.0011549423405730196,0.0,0.0,0.0,0.0,0.0,0.0,0.0,0.0,0.0,0.0,0.0,0.0,-0.001469414612220771,-0.012080576675130798,0.0,0.0,0.0,-0.002650875337713926,0.0,0.0
DMAC-BP,0.1049999999999999,-0.06477879313228606,-0.18714719145661915,-0.018904347492076548,-0.02978062034244602,0.0,0.0,0.0,-0.010545465224821174,-0.005831736372277352,0.0,0.0,0.0,0.0,0.0,0.0,0.0,0.0,0.0,0.0,-0.008780894288986336,0.0,0.0,0.0,-0.00453561448360917,0.0,0.0,0.0,0.0,-0.007051248673167002,0.0,0.0,0.0,0.0,0.0,-0.006424728858366413,0.0,0.0,0.0
DMAC-BPP,0.181,0.085289078663785,-0.20920622231642153,-0.030932170388785034,0.0,0.0,-0.029018260757405424,0.0,0.0,0.0,0.0,0.0,0.0,0.0,-0.009991872566625974,0.0,-0.005822953093007717,0.0,0.0,-0.020117613699574304,0.0,-0.014268972903485305,0.0,0.0,0.0,0.0,0.0,0.0,0.0,0.0,0.0,0.0,0.0,0.0,-0.01695696977945571,-0.012219104949796526,0.0,0.0,0.0
DMAC-Cz,0.5249999999999999,0.24715303588292345,-0.21371144200585748,0.0,-0.008811289105592486,-0.008505090187557723,0.0,0.0,-0.003129780326520167,0.0,0.0,0.0,0.0,0.0,0.0,-0.007938012917524865,-0.02317603247398055,0.0,0.0,0.0,0.0,0.0,0.0,-0.001980019337340086,0.0,0.0,0.0,0.0,0.0,0.0,0.0,0.0,0.0,0.0,-0.0053335544015140355,0.0,0.0,0.0,-0.005497241971822614
DMAC-Cz-TTR,0.4159999999999999,0.24049775936183176,-0.2720322617602856,0.0,-0.006809222176811015,0.0,0.0,0.0,0.0,0.0,0.0,-0.0036962660720878935,0.0,0.0,0.0,0.0,0.003249195638003452,0.0,0.0,0.0,0.0,-0.00036315530173705005,-0.00838398147018692,-0.003420046305128887,0.0,0.0,0.0,-0.0023535580461051856,0.0,0.0,0.0,0.0,0.0,0.0,0.0,0.004884170959375164,0.0,0.0,0.0
DMAC-DPS,0.492,0.21798449162059033,-0.19145834570909767,0.0,0.006586780830480879,0.0,-0.009343492386889213,0.0,0.00347404161975468,0.0,0.0,0.0,0.0,0.0,0.0,0.0,0.0,0.0,0.0,0.0,0.0031216043497037,0.0,0.0,0.0037794520363804316,0.002263903412608688,0.0,0.0,0.0,0.0,0.0,0.000381039337778285,0.0,0.01143790763063616,0.0,0.0,0.0,0.0,0.0,0.0
DMAC-FO,0.201,-0.423534178430496,0.2999032314878572,0.0,-0.03625304555737417,0.0,0.0,0.0,0.0,0.0,0.0,0.0,0.0,0.0,0.0,-0.0019110002997609035,0.0,0.0,0.0,-0.0057011536410911095,0.0,-0.0074496390534183115,0.0,0.0,0.0,0.0,0.0,0.0,0.0,0.0,0.0,0.0,-0.029934311359538387,-0.008997446825928762,0.0,0.0,-0.024267634966822573,-0.004497035210754811,0.0
DMAC-ND,0.4870000000000001,-0.15993471589162273,0.18239176608619947,0.0,-0.016770631434786524,0.0,0.005600077840917785,0.0,0.0,0.0,0.0,0.0,0.0,0.0036830077732064835,0.0,0.0,0.0,0.0,0.0,0.0,0.0,0.0,-0.004011901517999313,0.0012474497532035105,0.0,0.0,0.0,0.0,0.0,0.0,0.0,0.007090873859302364,0.005322523409168551,0.0,0.0,0.003309156321285193,0.0,0.0,0.0
DMAC-PCN,0.2290000000000001,0.0,-0.1417768962955687,0.0,0.0,0.0,-0.028410875839186146,0.0,0.0,0.0,0.0,0.0,0.0,0.0,0.0,0.0,0.0,0.0,-0.01400346584294752,-0.019789583118155964,0.0,-0.012767066311526964,0.0,0.0,0.0,0.0,0.0,-0.008783507614477059,0.0,0.0,0.0,0.0,-0.018983173556450236,-0.0073395124959039545,0.0,0.0,-0.007647321018201668,-0.002942525054187628,0.0
DMAC-TRZ,0.0850000000000004,0.0,-0.2149985928572093,-0.033117213629037516,-0.026532161727099206,0.0,0.0,0.0,0.0,0.0,0.0,0.0,0.0,0.0,-0.0055295541476248315,0.0,0.0,0.0,-0.0029114881857511886,0.0,0.0,0.0,-0.004197291476846472,0.0,0.0,0.0,0.0,0.0,0.0,-0.004007353664951371,-0.0042032522740366885,0.0,-0.008596053420176922,0.0,-0.0029756150121111324,0.0,0.0,0.0,0.0
DMACMNPTO,0.601,0.3464708475456168,-0.25329032145885616,0.0,0.0,0.0,0.005275248588658322,0.0,0.0,0.0,0.0,0.0,0.0,0.0,0.0,0.0,0.0046654851088425995,0.0025881541470076878,0.0,0.0043721727622784414,0.0,0.0,0.0054939784355562404,0.0,0.0006138967181291691,0.0,0.0,0.0,0.0,0.0,0.0,0.0,0.017013163486621193,0.0,0.0,0.0,0.0,0.0038242406266326668,0.0
DMACN-B,0.4809999999999998,0.2031435129449122,-0.18383652405126333,0.0,-0.005039775576295636,0.0,0.008394515498089136,0.0016298140134618434,0.0029570695851353344,0.0,0.0,0.0,-0.0012578200109796202,0.0,0.0,0.0,0.0,0.0,0.0,0.0,0.0,0.0,-0.003151109347377584,0.0,0.0,0.0,0.0,0.0,0.0,0.0,0.0,0.0,0.00672184163669878,0.0,-0.004894443244214583,0.0,0.0,0.0,0.0
DMBFTX,0.6709999999999998,0.017938117038366928,0.08161484210316065,0.0,0.0,0.0,0.0,0.0,0.012149954916571391,0.015865962286905455,0.04001701642663327,0.0,0.0,0.007871458905381169,0.0,0.007544762612055805,0.0,0.0,0.007096471767632704,0.0,0.0,0.0,0.0,0.0,0.007133087655734178,0.0,0.0,0.0,0.009560880396836353,0.0,0.0,0.0,0.0,0.0,0.0,0.0,0.0,0.0,0.0
DMDHNP-DPS,0.1099999999999998,-0.7169705717490913,0.49631011768854216,0.0,-0.014364173232728872,0.0,0.0,0.0,0.0,0.0,-0.017891552458218205,0.0,0.0,0.0,0.0,0.0,0.0,0.0,0.0,0.0,0.0,0.0,-0.015210495809795594,-0.0036644573418588844,0.0,0.0,0.0,-0.01045355211244532,0.0,0.0,0.0,-0.010951150082023476,0.0,0.0,0.0,0.0,-0.002760726855901734,-0.005671702480975678,0.0
DMF-AnCN,0.944,-0.2072903753562276,0.619166973192725,0.0,0.028938692482757825,0.0,0.0,0.0,0.0,0.0,0.0,0.0,0.0,0.0,0.002208148664359165,0.008421426644228338,0.008969158467574699,0.0,0.0,0.012923436637076914,0.0,0.0,0.0,0.0,0.0,0.00805254489191712,0.0,0.0,0.0,0.0,0.0,0.012559968896959497,0.0,0.0,0.0,0.007027788139326974,0.0,0.0,0.0
DMIC-TRZ,0.673,-0.6229468154830302,0.8272417534947509,0.0,-0.01820202575767064,0.0,0.0,0.012151168600743794,0.0,0.0,0.0,0.0,0.021107977901736005,0.0,0.0,0.0,0.0,0.0,0.0,0.0,0.0,0.0,0.0,0.0,0.013033862169967825,0.010496764214649245,0.0,0.0,-0.018105041987257143,0.0,0.011539125215938546,0.0,-0.02733750571558544,0.0,0.0,0.0,0.0,0.0,0.0
DMPA,0.9570000000000004,-0.1954657057322715,0.6366272436349285,0.0,0.0,0.0,0.015084057594682673,0.0,0.0,0.0,0.0,0.0,0.0,0.0,0.0,0.010648997092378206,0.0,0.014009809257777287,0.0,0.017178851906533926,0.0,0.0064521912252720574,0.0,0.0,0.01689111100524221,0.0,0.0,0.0,0.0,0.0,0.0,0.011506415398831949,0.009068960589778923,0.0,0.0,0.0,0.0,0.0,0.0
DMTAC,0.6629999999999998,-0.3106592788074148,0.48342127229614396,0.009284459545860853,0.012937004183845677,0.0,0.0,0.0,0.0040947663394120815,0.001431781955345467,0.0,0.0,0.0,0.0,0.0,0.0,0.0,0.0,0.0,0.007889487288610187,0.0,0.0,0.0005179081271144321,0.0,0.0,0.0027914028505691855,0.0,0.0,0.0,0.0,0.0,0.0,0.0,0.0,0.0,0.0,0.002591131637979971,0.0,0.0
DMeCzIPN,0.3799999999999999,0.03131678936467601,-0.09204445613883756,-0.00577569379514214,-0.004779287492334947,0.004721337195831636,0.0,0.0,0.0,0.0,0.008405098052574347,0.0,0.0,0.0,0.0,0.0,0.0,0.0,0.009554555655849246,0.0,0.0,0.0,0.0017267894160791866,0.0,0.0,0.0,0.0,0.0,0.0,0.0,0.0,0.0,0.009984324882664172,0.0,0.0,0.0,0.0017705478744252429,0.0,0.0
DNFPh,0.7189999999999999,-0.18841323986225053,0.33348739586875964,0.0,0.016867311161611387,0.0,0.0,0.013906754343000101,0.0,0.0,0.0,0.0,0.016453599081504903,0.0,0.0,0.0,0.0,0.0,0.0,0.0,0.0,0.0,0.00483489484860844,0.0,0.0,0.0,0.0,0.02133498793654966,0.0,0.0,0.0,0.0,0.0,0.0,0.013399133353951816,0.014485619242315027,0.0,0.008449738397461957,0.0
DPA,1.052,-0.12585153499111135,0.6288406424665288,0.0174013322034601,0.030455683228079213,0.0,0.0,0.0,0.0,0.0,0.0,0.010417673084610335,0.0,0.012655088907298596,0.0,0.004440470996724399,0.0,0.0,0.0,0.0,0.0,0.0,0.0,0.0,0.005259803147689789,0.0,0.0,0.0,0.0,0.0,0.0,0.0,0.0,0.0,0.0,0.0,0.0,0.006659004543712012,0.009032645310225573
DPA-DPQ,0.56,-0.23273988608181026,0.31790280739035676,0.00312008243323722,0.0009126691499375649,0.0,0.0,0.0,0.0,0.0,0.0,0.0,0.0,0.0,0.0,0.0,0.0014109980353429192,0.0,0.0,0.0,0.0,0.0,0.0,0.0,0.0,0.0,0.0015238588023959577,0.0,0.0,0.0,0.0,0.0,0.004820712230306667,0.0,0.0063905434514576346,0.007830363638845865,0.0,0.005230645620241686,0.0
DPAA,1.0499999999999998,-0.09901158237429163,0.5256827663091778,0.03556820761543231,0.04168372824995573,0.014483196831452237,0.0,0.0,0.0,0.0,0.0,0.0,0.012474109719611286,0.01733671434646073,0.010765474090170368,0.0,0.0,0.0,0.0,0.015276192844241844,0.0,0.011621302708258906,0.0,0.0,0.0,0.0,0.0,0.0,0.0,0.0,0.0,0.0,0.0,0.0,0.0,0.0,0.0,0.0,0.0
DPACPhTPI,0.3860000000000001,0.11068958313448748,-0.13737407630477838,0.0,0.0,0.0,0.0,-0.0034099593200102793,0.0,0.0,0.0,-0.0013029896707665337,0.0,0.0,0.0,-0.004392779875089334,0.0,0.0,0.0,0.0,0.0,0.0,0.0,0.0,-0.0050421751187702665,-0.0018591556925230393,0.0,0.0,0.0,0.0,0.0,0.0,0.0,-0.009679559540062438,-0.004928706652928978,0.0,0.0,0.0,-0.0005744980625364195
DPACpBr,0.407,0.4865231966309137,-0.5273147258309162,0.0,0.0,0.0,0.0,0.0,0.0,0.0,0.0,0.0,0.0,0.0,0.0,0.0,-0.002823966729157336,0.0,0.0,0.0,0.0,0.0,-0.0027116624198310346,0.0,0.0,0.0,0.0,-0.001869257060167546,-0.003248454098716764,0.0,0.0,0.0,0.012973403673550973,0.0,-0.003599076191074384,-0.003971516241477824,-0.00378809370789461,0.0,0.0
DPCN,0.4560000000000004,0.17582114199485954,-0.18406622087784125,0.0,0.0,0.0,-0.01467188357137124,0.0,0.007370011908723156,0.0,-0.006006017154063141,0.0,0.0,0.0,0.004241626570793503,0.0,0.0,0.0,0.0,-0.014846881281014187,0.0,0.0,0.0,0.0,0.0,0.0,0.0,0.0,0.0,0.004879041196917894,0.0,0.0,0.0,0.0,0.009783759539715588,0.009588627356480499,0.0,0.0,0.0
DPE,0.383,-0.10683039352578635,0.08017709224192665,0.0,-0.010222505015851925,0.0,0.0008200051695255434,0.0,0.0,0.0,-0.003455061481659444,0.0,0.0,0.0,0.0,0.0,0.0,0.0,0.0,0.0,0.0,0.0,-0.0049735777307148565,0.0,0.0,0.0,0.0,0.0,-0.0015451296572592912,-0.0021160618228200454,0.0,-0.008111915377518458,-0.006120203997439081,0.0,0.0,0.0,0.0,0.0,0.0
DPE-DDMAc,0.2640000000000002,0.11065382512953705,-0.2351070080400175,-0.03348448203932217,-0.006579353368967418,0.0,-0.029502477944465158,0.0,0.0,0.0,0.0,0.0,0.0,0.0,0.0,0.0,0.0,0.0,0.0,0.0,0.0,0.0,0.0,0.0,-0.0030118688238528722,0.0,0.0,0.0,0.0,-0.0031731951784133914,-0.0030869524384815957,0.0,0.0,0.0,0.0,-0.002055904924618379,0.014465985714674483,0.0,0.0
DPE-DPXZ,0.3840000000000003,-0.09880395159419929,0.07198344457706625,0.0,-0.008200861073744901,0.0,0.0,-0.0020138595845388997,-0.006066492996685143,0.0,0.0,0.0,0.0,0.0,0.0,0.0,0.0,0.0,0.0,0.0,0.0,-0.0008565963709293066,-0.0035882200789788266,0.0,0.0,0.0,0.0,-0.0017642305383738885,0.0,0.0,0.0,-0.008827239777734605,-0.010423745970310842,0.0,0.0,0.0,0.0,0.0,0.0
DPF-AnCN,0.9259999999999996,0.0,0.2827789498926697,0.030564263445022537,0.02142978125029101,0.0,0.0,0.013540203545902782,0.0,0.0,0.0,0.0,0.0,0.0,0.0,0.0,0.0178278991583733,0.01910465160442279,0.0,0.0,0.0,0.0,0.0,0.0,0.0,0.0,0.0,0.0309693473382805,0.0,0.0,0.008673524443376537,0.0,0.0,0.0,0.03314981450661868,0.0,0.0,0.0,0.004331949026371185
DPFPhe,0.7309999999999999,-0.17793072877043878,0.34559756621636323,0.0,0.03883798009447146,0.0,-0.026961537864589685,0.0,0.0,0.011064929427746872,0.0,0.0,0.010108846427877547,0.0,0.0,0.0,0.0,0.0,0.005074064357779934,0.0032453970113340553,0.0,0.0,0.0,0.0,0.011109028999509593,0.0,0.0,0.0,0.010168106835958554,0.0,0.0,0.0,0.0,0.0,0.0,0.0,0.0,0.0,0.0
DPIBPZ-DPXZ,0.2640000000000002,-0.21391831106407144,0.18157471357599642,-0.007620628069741063,-0.015841691206132758,0.0,-0.008367171210149186,0.0,0.0,0.0,0.0,0.0,0.0,0.0,0.0,0.0,0.0,0.0,0.0,-0.0076616175696343665,0.0,-0.016005563753866855,0.0,-0.010422087302102673,0.0,0.0,0.0,0.0,0.0,0.0,0.0,0.0,-0.019997554918594212,0.0,0.0,-0.009764165921734617,0.0,0.0,0.0
DPNC,0.4519999999999999,-0.20478623893532982,0.20612753663518063,0.0,-0.010755503842618218,0.0,0.0,0.0,0.0,0.0,0.0,0.0,0.0,0.0,0.0,0.0,0.0,0.004189885916648034,0.0,0.00579412323372758,0.0,0.0,0.0,0.0,0.0,0.0,0.0,0.0,0.0,0.0,0.0,-0.005385969874616349,-0.004502518875096918,-0.0030535753457375785,0.003625195957441509,0.0,0.0,-0.0030448354270443127,0.0
DPP-PXZ,0.2549999999999999,-0.6275344121644966,0.5286701138566403,0.0,-0.02946928548776166,0.0,0.0,0.0,0.0,0.0,0.0,0.0,0.0,0.0,0.0,0.0,0.0,0.0,0.0,0.0,0.0,0.0,0.0,-0.0011944117695711768,0.0,-0.008745389908826381,0.0,-0.012216946690909896,0.0,-0.009593724319597124,-0.007255677089604784,-0.017964758441197673,0.0,0.0,0.0,0.0,0.0,-0.015426440890245289,0.0
DPPP,0.8169999999999997,-0.05761715088233824,0.3487393545226456,0.012879948171861446,0.027558504371943297,0.0,0.0,0.0,0.0,0.0,0.0,0.0,0.0,0.0,0.0,0.0,0.005023527919053842,0.0,0.0,0.011085038674667825,0.0,0.0,0.0,0.0,0.002556772272395147,0.0,0.0,0.0,0.0,0.0,0.0,0.011650339357890952,0.007494636405324202,0.0,0.0,0.0,0.0,0.003918261220170232,0.0
DPPSPF,0.7399999999999998,0.5920334716803376,-0.4339084441303531,0.031146958021859336,0.029232940707226457,0.0,0.0,0.0,0.0,0.0,0.0,0.0,0.0,0.0,0.0020899053477539376,0.00593719136038473,0.0,0.0,0.0,0.0,0.0,0.0,0.0,0.0,0.0,0.0,0.0011696209006208612,0.0,0.0,0.0,0.0,0.00451619730780982,0.009718983732789125,0.0,0.008123951243767346,0.0,0.0,0.0,0.0
DPQ-DMAC,0.1230000000000002,-0.20985869116375813,0.0,-0.01866609801591203,-0.04298363013946368,0.0,0.0,0.0,0.0,0.0,0.0,0.0,0.0,0.0,0.0,-0.007096021074858572,0.0,0.0,0.0,0.0,0.0,0.0,-0.00644173299237022,0.0,0.0,-0.003473453921346041,0.0,0.0,0.0,0.0,0.0,-0.01001158693003288,-0.01667108938709525,-0.010984856830036322,0.0,-0.01486661814054523,0.0,0.0,0.0
DPQ-PXZ,0.2100000000000004,-0.43058145316393664,0.31632523793658973,-0.028246498507612426,-0.044115516519934825,0.0,0.0,0.0,-0.011839068203179022,0.0,0.0,0.0,0.0,0.0,0.0,0.0,0.0,0.0,0.0,-0.00819989213601026,-0.00825142863734335,0.0,0.0,0.0,0.0,0.0,0.0,0.0,-0.007889482356460347,0.0,0.0,-0.0138375463635488,-0.02727218563921707,0.0,0.0,0.0,0.0,0.0,0.0
DPS-PXZ,0.3779999999999996,-0.03252355868097748,0.0,0.0,0.0,0.0,0.0,0.0,-0.0017582800926754655,0.0,0.0,-0.002938363375974108,0.0,0.0,0.0,0.0,-0.015433980933873291,-0.005992388865212587,0.0,0.0,0.0,-0.005420231298187061,0.0,-0.0031211769002464705,-0.006546875391278185,0.0,0.0,0.0,0.0,0.0,-0.002781402487428337,0.0,0.0,-0.004479190924027118,0.0,0.0,0.0,0.0,0.0
DPTPEA,0.5709999999999997,0.0361838837502351,0.05023749023586101,0.00668932712801606,0.006628226402951699,0.0,0.008190218917187374,0.0028450268684801763,0.0,0.0,0.0,0.0,0.0,0.0,0.0,0.0029902125898028514,0.0,0.0,0.0,0.0031467566383598907,0.0,0.0,0.0,0.0,0.0,0.0,0.0,0.0,0.0,0.0,0.0,0.006444897731783626,0.0,0.0,0.0,0.004007045422103133,0.0,0.0,0.0
DPVBi,0.649,0.1697938459996903,-0.06638860772507188,0.04248873733463356,0.04052956366970138,0.0,0.0,0.0,0.0,0.0,0.0,0.0,0.0049667503306793145,0.012141183806987914,0.0,0.0,0.0,0.0,0.0,0.0,0.0,0.0,0.0,0.009018597644617146,0.0,0.0,0.0,0.03938160396002001,0.0,0.0,0.0,0.04035579992035163,0.0,0.0,0.019692119795350908,0.0,0.0,0.0,0.0
DPXZ-DPPM,0.266,-0.4236909256450845,0.28968107903294055,0.0,0.0,0.0,0.0,0.0,0.0,0.0,-0.007412653768465214,0.0,0.0,0.0,0.0,0.0,-0.003212403781892313,-0.0016217900182104172,0.0,-0.007483390492924209,0.0,0.0,0.0,0.0,-0.0019656709493974284,0.0,0.0,-0.004889973942473697,0.0,0.0,0.0,0.0,-0.022722428093646708,0.0,0.0,0.0,-0.007978059196415817,0.0,0.0
DPhBCz,0.48,0.3020820472639721,-0.29033435041681505,0.003950663130100604,-0.005199264849689038,0.0,0.0038671739275665884,0.0,0.0,0.0,0.0,0.0,0.0,0.0,0.0,0.0,-0.0019314442626084775,0.0,0.0,0.002752564348303688,0.0,0.0,0.0,0.0,0.0,0.0,0.0,-0.003314394414513093,0.0,-0.004630610977171063,0.0,0.0,0.00858973466543685,0.0,0.0,0.0,0.0,0.0,0.0
DPimdPPA,0.7480000000000002,-0.0147025249564402,0.2077352255871387,0.010379029855569695,0.012630353723958414,0.0,0.002550680867301028,0.0,0.0,0.0,0.0,0.0,0.0029647412658050957,0.0,0.0,0.0,0.0,0.0,0.0,0.00811408517120943,0.004970827494542618,0.007112126810836034,0.0,0.0,0.0,0.0,0.0,0.01561097301783999,0.0,0.0,0.0,0.0,0.0,0.0,0.0,0.0,0.0,0.0,0.0
DQP,0.06,-0.11351894656681796,-0.10624784482929125,0.0,0.0,0.0,0.0,0.0,0.0,-0.01193660420295316,0.0,-0.010058693477160457,0.0,0.0,0.0,0.0,0.0,0.0,0.0,0.0,0.0,0.0,0.0,0.0,0.0,0.0,0.0,-0.01750081441731431,0.0,-0.014515681980186101,-0.04225968072499337,-0.021420206387101164,0.0,0.0,0.0,-0.03567944747983486,0.0,0.0,-0.01066946741076793
DTPCZPYTZ,0.8980000000000001,0.06702482588592881,0.1555189000011844,0.03803412551911157,0.04693341854065473,0.0,0.0,0.0,0.0,0.0,0.0,0.0,0.012554939882011599,0.0,0.0,0.0,0.0,0.0,0.0,0.015307410095615108,0.024760028049306087,0.0,0.0,0.0,0.0,0.0,0.0,0.041963189019658745,0.0,0.0,0.0,0.01671271554445461,0.0,0.0,0.0,0.0,0.0,0.014988734718230146,0.0
DTPCZTZ,0.4140000000000001,0.2541580322306185,-0.2865494577899803,0.006140170587018174,-0.01166302513408413,0.0,0.0,0.0,0.0,0.0,0.0,0.0,0.0,0.0,0.0,0.0,0.0,0.001274263364772855,0.0,0.00308643912734963,-0.0037045800108306015,0.0,0.0,0.0,0.0,0.0,0.0,0.0,0.0,0.0,0.0,-0.005533722337555698,0.004309849222546069,0.0,0.008420764080181786,0.0,0.0,0.0,0.0
DTPTCzDP-CN,0.415,-0.1345762926255442,0.10970568486914861,0.0,-0.010652396349335843,0.0,0.0,0.0,0.0,0.0,0.0,0.0,0.0,0.0,0.0,0.0,0.0,0.0,0.0,-0.004401070499651179,0.0,0.0,0.0,0.0,0.0,0.0,0.0,-0.002375865326405782,0.0,0.0,0.0,0.006153130828009594,-0.014607818473210412,0.0,0.0,0.008153296355781773,-0.016923866683713755,0.0047472030661913946,0.0
DTRZSFX,0.621,0.33632482761697835,-0.23680597951250115,0.017739543278936714,0.022790078938945645,0.0,0.0,-0.0012681899422527147,0.0,0.0,0.0,0.0,0.0,0.0,0.0,0.0,0.0,0.0,0.0,0.0,0.0,0.0,0.0,0.0027827898088096936,0.0,0.0,0.0,0.0,0.004486678115704585,0.0,0.0,0.01377091595686809,0.008451710828361719,0.0,0.0,0.0,0.0,0.00334033035022687,0.0
DTXO-TPA2,0.512,-0.03431440221819267,0.04842690461320562,0.0,0.0,0.011154987254092301,0.0,0.0,0.0,0.0,-0.01690244189235073,0.0,0.0,0.0,0.0,0.0,0.0,0.0,0.0,0.0,0.0,0.0,0.0,0.0,0.0,0.0,0.0,0.027418336012119432,0.0,0.0,0.0,0.0,0.0025547205730247075,0.0035417497132124425,0.009141207969927612,0.0027443503398566224,0.0,0.014197161190956771,0.0
DV-3CzCN,0.3540000000000001,0.21346416327537746,-0.30042408235505746,0.0,0.0,0.0,0.0,0.0,-0.0031317693805486104,0.0,0.0,0.0,0.0,0.0,0.0,0.0,-0.00352689213146877,0.0,0.0,0.0,0.0,0.0,-0.003539784286189092,0.0,0.0,0.0,0.0,0.0,0.0,0.0,0.0,0.004789212516727577,0.006872382115243811,0.0,0.0,0.005617967555843662,-0.00598394737056863,-0.004156383503531004,0.0
DVCz-2CzCN,0.3900000000000001,0.31725656567935095,-0.3750060485023218,0.0,-0.0066315968884817405,0.0,0.0,0.0,-0.003074184238847693,0.0,0.0,0.0,0.0,0.00031261803109356985,0.0,0.0,0.0,0.0,0.0,0.0,0.0,0.0,-0.010830099817035551,0.0,0.0,0.0,0.0,0.0,-0.0016242419557583217,-0.01026107823608613,0.0,-0.002651934623161059,0.0,0.0,0.0,0.0,0.0,0.0,-0.0013367236039659254
DiCz-Sac,0.3289999999999997,0.15559557688268635,-0.25999753723814467,0.0,-0.011180461975672405,0.0,0.007594420019549984,0.0,0.0,0.0,-0.004151405826847731,0.0,0.0,0.0,0.0,0.0,0.0,0.0,0.0,0.0,0.0,0.0,0.0,0.0,0.0,-0.003177715709594208,0.0,0.0,0.0,-0.007254361362595411,0.0,-0.0030157444898387528,0.007800252678515726,0.0,0.0031015448807000107,0.0,0.0,0.0,0.0
Diphenylsulfane,0.1779999999999999,0.4492762800250161,-0.6402341019227725,-0.011159127391136295,0.02319758649705228,-0.010532792373972581,-0.03452743803326455,0.0,0.0,-0.011322852719209514,0.0,0.0,0.0,0.0,0.0,0.0,0.0,0.0,0.0,0.0,0.0,0.0,0.0,0.0,0.0,0.0,0.0,0.0,0.0,0.0,-0.008086888054814697,0.0,0.0,-0.008168984663180077,0.0,0.0,-0.014326606327073298,0.0,0.0
DmPy-PPI,0.407,0.1443935827020341,-0.17613814871086092,0.0,0.0,0.0,0.0,-0.0069115865267422505,0.0,0.0,0.0,-0.009831110384761409,0.0,0.0,0.0,-0.007937325959574741,0.0,0.0,0.0,0.0,0.0,0.0,0.0,-0.009689259326283653,0.008494752735803858,0.0,0.009238152244402206,0.0,0.0,0.0,0.0,0.0,0.010351641163379648,0.0,0.0,0.0,0.0,-0.009493258105134662,0.0
DpAn-BzAc,0.5349999999999997,0.01845288735097433,0.0,0.0,0.0,0.0,0.0,0.0,0.004650767212696365,0.004198114906458466,0.00310736676664663,-0.007890550714630911,0.0,0.0,0.0,0.0014719619749656247,0.0,0.0,0.0,0.0,0.0,0.0,0.0,0.0,0.0,0.0,0.005030643215853351,0.0,0.0,0.0,0.0,0.0,-0.009641683033447118,0.0,0.002951938497201508,0.0,0.0,0.0,0.0025476501848597957
DphAn-Br,-0.0059999999999997,0.25187560879544696,-0.6253346845375378,0.0,0.0,0.0,0.0,0.0,0.0,0.0,0.0,0.0,0.0,-0.012013210951453435,-0.010741023140251845,0.0,0.0,0.0,0.0,0.0,0.0,0.0,-0.014145112438652581,0.0,0.0,0.0,-0.0029986343895312064,0.0,-0.010875071551784164,0.0,0.0,-0.008735415659090251,0.0,0.0,-0.012631986451619134,-0.004489402071217135,0.0,0.0,0.0
D–A–D,0.076,-0.15253812183377674,-0.09662361507176488,0.0,0.0,-0.00952522554663425,0.0,0.0,-0.0047817767701219815,0.0,-0.0074801450616616225,0.0,0.0,0.0,0.0,0.0,0.0,0.0,0.0,0.0,0.0,0.0,0.0,0.0,0.0,-0.006437683325035838,0.0,-0.0068618081828471875,0.0,0.0,0.0,-0.01846960795395741,0.0,0.0,0.0,-0.014243266215007867,-0.002912449366294518,0.0,0.0
E-o-DHMPA,1.005,-0.10974197319602738,0.4212729720162851,0.04526397832520366,0.06706476787631374,0.0,0.0,0.0,0.0,0.0,0.0,0.0,0.0,0.0,0.0,0.0,0.0,0.004805366254503346,0.0,0.019055055454126526,0.012899691247897116,0.0,0.0,0.0,0.0,0.0,0.0,0.042222971090689274,0.0,0.0,0.0,0.014607412380263307,0.0,0.0,0.023476971798874164,0.0,0.0,0.0,0.0
ECDPTT,0.645,0.13169073569898346,0.009758078595908739,0.007329634119068986,0.016966247792933705,0.0,0.0,0.0,0.0,0.0,0.0,0.0,0.0,0.0,0.0,0.0,0.007987940155257839,0.0,0.0,0.0,0.0,0.0,0.003152774950683461,0.005376618573585512,0.0,0.0,0.0,0.0,0.0,0.007507096694000936,0.0,0.0,0.006928595051288344,0.0,0.0,0.0,0.0,0.004725794787917324,0.0
Et3SiH,0.609,0.1234923352532892,-0.09595209085388672,0.014087726374789028,0.0,0.0,0.0,0.0,0.026691351047495416,0.01366174087033051,0.01741512041564809,0.0,0.0,0.0,0.017495535803977714,0.0,0.0,0.0,0.0,0.0,0.015626403220254572,0.0,0.0,0.0,0.006024826597800221,0.0,0.0,0.0,0.0,0.0,0.0,0.0,0.0,0.0,0.0,0.0,0.0,0.006918360970592892,0.0
F-2CzB,0.4290000000000002,0.22913144306891897,-0.2644070067107964,0.007364165273152274,-0.013968920446790344,0.0,0.0,0.0,0.0,0.0,0.0,0.0,0.0,0.0,0.0,0.0,0.0,0.0,0.0,0.0,-0.006819580309170091,0.0,0.0,0.0,0.0,0.0,0.0,0.008769696120631746,0.0,0.0023256101149707747,0.0,0.010193902288011134,0.004614079689814852,0.0,0.008296333561481444,0.0,0.0,0.0,0.0
F2AcBO,0.3980000000000001,0.03504758020398764,-0.07006010384684659,-0.009413824249581204,-0.00770538360494634,0.0,-0.013317433599201782,0.0,0.0,0.0,0.0,0.0,0.0,0.0,0.0,0.0,0.0,0.0,0.0,-0.012042133724657587,0.0,0.0,0.013164741645667681,0.0,0.0,0.0,0.0,0.0,0.0,0.0,0.0,0.0,0.0,0.0,0.0,-0.003339482121952647,0.0,0.0,0.0014765285002638917
F2PA,0.4889999999999999,0.04466897188505908,-0.024860877913444334,0.0,0.021021754724312145,0.00818418847197874,-0.010956953303692547,0.0,0.0,0.001868616303822405,0.0,0.0,0.0,0.0,0.0,0.0,0.0,0.0,0.0,0.0,0.0,-0.00885181408279539,0.005476838369215739,0.0,0.0,0.0,0.0,0.0,0.0,0.0,0.0,0.0034134438645774924,0.0,0.0,0.0,0.004896246496437867,0.0,0.0,0.0
FAC,0.621,0.44036265387564877,-0.3231110370584852,0.0,0.0,0.0,0.0,0.0,0.005579110659619197,0.005717036995258412,0.0,0.0,0.0,0.0,0.0,0.0,0.003846140062304916,0.002501903093480909,0.0,0.0,0.004509982813921595,0.0,0.0,0.0,0.0,0.0,0.0,0.0,0.0,0.0030036886929370814,0.0,0.0,0.00947556394084505,0.0,0.0,0.00531776621399028,0.0,0.0,0.0
FAPbCl3,0.383,0.5626695554970643,-0.6457354806961854,0.0,0.018975782769082492,0.0,-0.019213050779936857,0.0,0.0,0.0,0.0,0.0,0.0,0.0,0.0,0.0,0.0,0.0,0.0,0.0,0.006791151271941003,0.0065694307863413725,0.014364592227287282,0.0,0.0,0.0,0.003157351376901745,0.0,0.006733080260312552,0.0,0.0,0.0,-0.014934476459253183,0.0,0.0,0.0,0.0,0.0,0.0
FDQPXZ,0.2179999999999999,-0.5868755876908432,0.4518453163303074,-0.010503115974993283,-0.026453036692330546,0.0,0.0,-0.005325233507221638,0.0,0.0,0.0,-0.005630892514817309,0.0,0.0,0.0,0.0,0.0,0.0,0.0,0.0,0.0,0.0,0.0,0.0,-0.013264528266310513,0.0,0.0,0.0,0.0,0.0,0.0,0.0,0.0,-0.01030061181210425,0.0,-0.013498506724670317,0.0,-0.005684427869967389,0.0
FSF4A,0.3700000000000001,0.04607988798962672,-0.0952102603089445,0.0,0.0,0.007424993457127987,0.0,0.003585295119848635,0.0,0.0,0.0,0.0,0.0,0.0,0.0,0.0,0.0,0.0,0.0,-0.019998551861880747,0.0,0.0,0.013393594178836263,0.0,0.0,0.0,0.0,-0.0025405447826717803,0.0,0.0,-0.0021658733065212515,0.0,0.0,0.0,0.0,-0.018156007615131062,-0.006417361114100601,0.0,0.0
FTAT-FBO,0.0179999999999997,0.526662650276484,-0.8048608727884017,0.0,-0.013453805002207176,-0.018078392961507816,0.0,0.0,0.0,0.0,0.0,-0.01197541291787658,0.0,0.0,0.0,-0.016497723974274577,0.0,0.0,0.0,0.0,0.0,0.0,0.0,-0.006662803126911375,0.0,0.0,0.0,0.0,0.0,0.0,-0.0246025782624878,-0.013932373126669648,0.0,0.0,0.0,-0.04260669153889302,0.0,0.0,0.0
Fene,0.1879999999999997,-0.40879373184458156,0.21626051778476799,-0.013455461206921112,0.0,0.0,0.0,0.0,0.0,0.0,0.0,0.0,0.0,-0.004319124846310151,0.0,0.0,0.0,-0.005951392113191147,0.0,0.0,0.0,-0.005683738296112636,0.0,0.0,-0.005957353973552043,0.0,0.0,0.0,0.0,0.0,-0.0068322767317464195,-0.014014592408249923,0.0,0.0,-0.006863835195732424,0.0,0.0,0.0,0.0
Fens,0.3250000000000002,-0.22860865311591055,0.154969327093143,-0.011788141138021986,-0.004069980501520331,0.0,-0.013065837499620508,0.0,0.0,0.0,3.563963026483672e-05,0.0,0.0,0.0,0.0,0.0,0.0,0.0,0.0,0.0,0.0,0.0,0.0,0.0,0.0,0.0,0.0,0.0,-0.0021377919536276773,0.0,0.0,-0.006864343888546403,-0.0030913709235428355,0.0,0.0,-0.00419091119908156,0.0,0.0,0.0
FlCz,0.3250000000000002,0.18560831264897995,-0.29181267149202367,0.0,0.0,0.0,0.007531567546489817,0.0,0.0,0.0,0.0,-0.0040101575024730956,0.0,0.0,0.0,0.003413093483379523,0.0,0.0,0.0,0.0,0.0,0.0,0.0,-0.004390248858489021,0.0,0.0,0.0,0.0,0.0,-0.0022674272523858525,0.0,-0.006268620545563404,0.0,0.0,-0.003352107000305535,-0.0036515269372724584,0.0,0.0,0.0
H4TCPE,0.4130000000000002,0.7170086629093688,-0.748636159942851,0.0,0.009220885743774155,-0.004478488624600836,-0.02005210745314378,0.0,0.0,0.0,0.0,0.0,0.0,0.0,0.0,0.0,0.0,0.0,0.0,0.0,0.0,0.0,0.013022627159115594,0.0,0.0,0.0,0.0,-0.0027091994976181644,-0.0012514670597207579,-0.007512887615263835,0.0,-0.005686937276968911,0.0,0.0,0.0,0.0,0.0,0.0,0.0
HAP-3MF,0.0830000000000001,-0.13410222551942738,-0.09727348219876979,-0.03791190355082632,-0.049898527548201344,0.0,0.0,-0.009825300630134641,0.0,0.0,0.0,0.0,0.0,0.0,0.0,0.0,0.0,-0.008981192521578238,-0.004431111314472366,0.0,0.0,-0.0043411313607398805,0.0,0.0,0.0,0.0,0.0,0.0,0.0,0.0,0.0,-0.007692356320096755,0.0,0.0,0.0,0.0,0.0,-0.006351266538631184,0.0
HDP,0.0969999999999999,-0.3607280296716314,0.1402846376160298,0.0,-0.00922508813845052,0.0,0.0,0.0,0.0,-0.00903418365832509,0.0,0.0,-0.011737231625426494,-0.004881175271208821,0.0,0.0,0.0,-0.016784819702097845,0.0,-0.020202592171218114,-0.023070059904542983,0.0,0.0,0.0,0.0,0.0,0.0,0.0,0.0,0.0,0.0,0.0,0.0,0.0,0.0,-0.031850220971426875,0.0,0.0,0.0
HITPE,0.7559999999999998,0.16247733747790524,0.0,0.016800988800203587,0.0241416476355433,0.0,0.0029358686034955768,0.0,0.0,0.0,0.0,0.0,0.009277935633484113,0.0,0.0,0.0,0.0,0.0,0.0,0.0,0.0,0.0,0.0,0.0,0.0,0.0,0.0,0.026465281200907683,0.0,0.0,0.0,0.014475038793925204,0.011195553964677162,0.008130197419904343,0.016274613420065625,0.0,0.0,0.0,0.0
HPIPXZ,0.548,0.17575849340384136,-0.11574824196698262,0.0,0.0,0.0,0.0,0.0,0.0,0.0009091431439611639,0.0,0.0,0.0018559424800298902,0.0,0.0,0.0,0.0,0.0,-0.009166588141464633,0.007899067838674957,0.004129670187594925,0.0,0.0,0.0,0.0,0.0,0.0,0.0,0.0,0.0,0.0,0.0,0.006347707972831652,0.002294148078696157,0.0,0.0,0.0,0.00906715310581818,0.0
HPVAnt,1.1100000000000003,0.0,0.579226563625631,0.008042201888285852,0.015185494723745155,0.0,0.0,0.0,0.0,0.0,0.0,0.0,0.011321007287701674,0.0,0.0,0.0,0.004935592897803515,0.0,0.0,0.0,0.007164478437794414,0.0,0.0,0.0,0.0,0.0,0.0032693238737894537,0.0,0.00725399632303054,0.0,0.005415998958058351,0.0,0.0,0.0,0.0,0.004618206112859569,0.0,0.0,0.0
IABTCN,0.581,-0.2580584846570622,0.3624578185611743,0.0,0.005998512983549004,0.0,0.0,0.002684146134955823,0.0,0.0,0.004514071032840785,0.0,0.0,0.0,0.0,0.0,0.0,0.0,0.0,0.0,0.0,0.0,0.004265668966459518,0.0009460396047584526,0.002223103463575286,0.0,0.0013912489454452356,0.0,0.0,0.0,0.0,0.012757548137552864,0.0,0.0,0.0,0.0,0.0,0.0,0.0
ICBNTrz4,0.3409999999999997,0.11619023055382109,-0.21430671266437643,-0.0027273726518466635,-0.009009118037448343,0.0,0.0,0.0,0.0,0.0,-0.0011127522624531602,0.0,0.0,0.0,0.0,0.0,0.0,0.0,-0.0024200945295373383,0.0,0.008031133715982049,-0.0029982396240158388,0.0,0.0,0.0,0.0,0.0,0.0,0.0,0.0,0.0,0.007086354633474562,0.0,0.0,0.0,-0.001318166563768644,0.0,0.0,0.0
ICZ,0.5670000000000002,-0.10177948893973977,0.18883907849572729,0.0,0.0,0.0,0.006018635117873598,0.0,0.0014665035858551208,0.0,0.0046179751357590115,0.0,0.0,0.003277705784224783,0.0,0.0,0.0,0.0,0.0,0.004497848700409476,0.0,0.0,0.0,0.0,0.0,0.0,-0.0034275112551234305,0.0,0.0,0.0,0.0,0.0,0.004473881049080721,0.0,0.0,-0.0050827966835802485,0.0,0.0,0.0
ICz-2,0.2219999999999999,0.2726883854382035,-0.3945389341216485,0.0,0.0,0.0,0.0,0.0,0.0,-0.012235695980771247,-0.022054853017101413,0.0,0.0,0.0,0.0,0.0,0.0,-0.010273761374995555,-0.008948122630596227,0.0,0.0,0.0,0.0,0.0,-0.007105196212889594,-0.004070894022169813,0.0,0.0,0.0,0.0,0.0,0.0,0.0,0.0,0.0,-0.013692510417664517,-0.021912241451242778,0.0,0.0
IDAC-MCO,0.5249999999999999,-0.05734964826881786,0.1024922587295977,0.003729081866568024,0.0,0.0,0.004244486530819473,0.0,0.0,0.0,0.0,0.0,0.0,0.0,0.0,0.0,0.0,0.0,0.0,0.005109218166527299,0.0009193405636702123,0.0,0.0,0.0,0.0,0.0,0.0,0.0,0.001465477202475512,0.008437090527845852,0.0,0.0,0.0,0.004697975294988319,0.0028126848324270645,0.0,0.0,0.0,0.0
IDFL-2DPA,0.3169999999999997,-0.3065534857003042,0.19975217864424658,-0.010177971028964755,-0.008728305627645252,-0.0023359027308593808,0.0,0.0,0.0,-0.0020120034556203306,0.0,0.0,0.0,0.00023757583052864834,0.0,0.0,0.0,0.0,0.0,0.0,0.0,0.0,0.0,0.0,0.0,0.0,0.0,-0.010399982266443017,0.0,0.0,0.0,0.0,-0.005874791304184931,-0.00105263381681156,0.0,0.0,0.0,0.0,0.0
IP-PPI,0.5760000000000001,0.25601291874069654,-0.17600182009131676,0.0078972739435646,0.005213847154592693,0.002935520960050503,0.0,0.0,0.0,0.0,0.0,0.0,0.0,0.0,0.0,0.0,0.0,0.0,0.005121788007365416,0.0,0.0,0.0,0.0,0.0011245617736275336,0.0,0.0,0.0,0.0,0.0,0.0,0.0030900857107650026,0.009183395983396465,0.007631181416345901,0.0,0.0,0.0,0.0,0.0,0.0
IPTAC,0.669,-0.2591954175818079,0.4038393041031344,0.008244040184416905,0.017520513686202447,0.0,0.0,0.0,0.003564632460770073,0.0,0.0,0.0,0.0,0.0,0.0,0.0,0.005926158691023269,0.0,0.0,0.011616870537703047,0.0,0.0,0.0018412354658423721,0.0,0.0,0.0,0.0,0.0,0.0,0.0,0.006710133978267522,0.0,0.0,0.0,0.0,0.0,0.0050488935630144454,0.0,0.0
IQ-Se,0.7919999999999998,0.10442930470176438,0.13550739997389652,0.007014991699397601,0.017306465201484645,0.0,0.0,0.0,0.0,0.0,0.0,0.0,0.0,0.0,0.0,0.0,0.0,0.0,0.00976614335073385,0.009424905606100627,0.0,0.0,0.0,0.0,0.0,0.0,0.0,0.0,0.0,0.0,0.0,0.0,0.012778231309807628,0.008762058347931256,0.0,0.011107522044132184,0.0,0.011928663320433904,0.0
IQ-oTPA,-0.0020000000000002,-0.47781108749976936,0.13896124051228018,0.0,0.0,0.0,0.0,0.0,0.0,-0.0032159031997171317,0.0,0.0,0.0,0.0,0.0,0.0,0.0,0.0,0.0,0.0,-0.007172034974606944,0.0,0.0,0.0,0.0,0.0,0.0,-0.010686121245192245,0.0,-0.0047655451648242,0.0,-0.02656247245546192,-0.017877805366079535,0.0,0.0,-0.010751112276727981,-0.02578717128846047,0.0,0.0
ImPy-1,0.6339999999999999,0.0,0.08698250076509949,0.0,0.0,0.006729547595392059,0.0,0.0,0.0,0.0,0.0,0.0,0.0,0.0,0.0,0.0,0.0,0.0,0.0,0.0,0.0,0.0,0.0,0.00116660438982788,0.0,0.0,0.008169926446853604,0.0,0.018945188609187313,0.027677048782795973,0.0,0.0,0.0,0.0,0.005976025941150311,0.003364384707824473,0.0,0.006553494624763565,0.004607500093268187
ImPy-2,0.6299999999999999,-0.1248148116382092,0.25168494094405225,0.0,0.005450026501047623,0.0,0.0037333126411249547,0.0,0.0,0.0,0.0035258352822151173,0.0,0.0,0.0,0.0,0.0,0.0,0.0,0.0,0.0,0.0,0.0,0.0,0.0,0.006009582476475668,0.0,0.0,0.0,0.0,0.0,0.0,0.0,0.010194983300455197,0.005230349754886938,0.0005717733836471326,0.0,0.0,0.0,0.00478181241217819
ImPy-3,0.653,-0.19496934123663123,0.35371351078621677,0.0,0.003663230702157142,0.0,0.0029899397109842815,0.0,0.0,0.0,0.0,0.0,0.0,0.0011036705418789872,0.0,0.0,0.0,0.0,0.00561891032889149,0.0,-0.0009446632511313359,0.0,0.0,0.001883358369519734,0.0,0.0,0.0,0.0,0.0,0.0,0.0,0.015870334390561545,0.0,0.0,0.0,0.0,0.0,0.0,0.0
InDM,0.6280000000000001,0.2127489379796548,-0.13640595580855655,0.0,0.0,0.0031350067309117687,0.0,0.0,0.0,0.024877130683511765,0.0,0.0,0.0,0.0,0.0,0.01606864227683147,0.0,0.0,0.0,0.0,0.014949554106462658,0.0,0.0,0.0,0.0,0.007804328199746912,0.007225697781025979,0.0,0.0,0.0,0.008557077627916049,0.0,0.0,0.005007214624752489,0.0,0.0,0.0,0.0,0.0
IpCm-PhBzAc,0.6590000000000003,0.2129853220347304,-0.06916324179407439,0.0,0.0,0.0,0.005815723360689066,0.0,0.0,0.0,0.0,0.0,0.0,0.003935871693522992,0.0,0.0,0.0,0.0,0.0052190847952057196,0.0,0.0,0.0,0.0,0.004671232157427182,0.0,0.0,0.0,0.0,0.0,0.013096856498283321,0.0,0.011768740739375935,0.0,0.003985501862375035,0.0,0.0,0.0,0.002844115575857896,0.0
LEt,0.1900000000000004,0.651629828847474,-0.8417473011919537,0.0,0.0,0.0,-0.02162948035761414,0.0,0.0,0.0,0.0,0.0,0.0,-0.002560340393986951,0.0,0.0,0.0,0.0,0.0,0.0,0.0,0.0,0.0,0.0,0.0,0.0,0.0,0.0,-0.012973471797615021,-0.01141160205858653,0.0,-0.005665492850071508,-0.026533362950393727,0.0,0.0,0.0,-0.002567007599703229,0.0,-5.48568002035211e-05
LiPr,0.1829999999999998,0.703418944602602,-0.8823881918025175,-0.018301568972134925,0.0,0.0,-0.03808225604129489,0.0,0.0,0.0,-0.011336636616877607,0.0,0.0,-0.0075327003459842515,0.0,0.0,0.0,0.0,0.0,0.0,0.0,0.0,0.0,0.0,0.0,0.0,0.0,-0.005144182144876856,0.0,0.022981688343071655,0.0,0.0,0.0,0.0,-0.01221162662471767,-0.01209454373591587,0.0,0.0,0.0
MBF,0.298,-0.28628666403985026,0.23040922361371638,0.0,0.0,0.0,-0.012207719901463967,0.0,0.0,0.0,0.0,0.0,0.0,0.0,0.0,0.0,0.0,-0.002475198806805266,0.0,-0.01114549111209509,0.0,-0.014005818270201578,-0.023518551391610854,-0.008897368567232729,0.0,-0.003533843350861903,0.0,0.0,0.0,0.0,0.0,0.0,-0.014470299945187648,0.0,0.0,0.0,0.0,0.0,0.0
MCZ-P2-DTM,0.4120000000000003,0.1320889798272897,-0.16649364080776768,0.0,-0.006440605931578522,0.0,0.0,0.0,0.0,0.0,0.0,0.0,0.0,0.0,0.0,0.0,-0.0043640795726346965,0.0,0.0,0.0,-0.0016690836123237434,0.0067489981546277715,0.0,0.0,0.0,0.0,0.0,0.0,-0.003452614219447249,0.0,0.0,0.008108150807480223,0.0,0.0,0.0,-0.0024687122684794397,-0.006554101997651162,0.0,0.0
MDP3FL,0.427,0.1270842898244325,-0.15714018389559936,0.008527044741209777,0.0,-0.003888041428277151,0.0,0.0,0.0,0.0,0.0,0.0,0.0,0.0,0.0,-0.003414229961903988,0.0,0.0,0.0,0.0,-0.006577066447296117,0.0,0.0,0.0,0.0,0.0,-0.002449195770464631,0.0,0.0,-0.002953933794215027,0.0,0.03581030087669295,0.0,0.0,0.0,0.0,-0.011786765751956058,0.0,0.0
MOF,0.4660000000000002,0.6685797218920639,-0.6724879058943205,0.0,0.0,0.0,0.004842690705614189,0.0,-0.0060019738166390306,0.0,0.0,0.0,0.0,0.0,0.0,0.0,0.0,0.0,0.0,0.0029215506242050698,0.0,0.0,0.0,0.0,0.0,0.0,0.0,0.0,0.0,-0.013707215780058379,0.0,0.0,0.0,0.00913305560979833,0.010407931525659563,-0.005891272986332759,0.0,0.0,0.004076257242584272
MPA,0.3609999999999997,-0.24615288564154228,0.18402118879796084,0.0,0.0,0.0,0.0,0.0,0.005271248280267746,0.0,0.0,-0.004896003520948804,0.0,-0.0029665368613492255,0.0,0.0,0.0,0.0,0.0,0.0,0.0,0.0,0.0,0.0,0.0,-0.004966138357678628,0.0,0.0,0.0,0.0,0.0,-0.007164323259959963,-0.009487886354476876,0.0,0.0,0.006591567746389239,-0.00302655912376866,0.0,0.0
MPAc,0.5289999999999999,0.4666466630451499,-0.4390763457510729,0.0,0.0,0.002800201167437469,0.0,0.002078505690598024,0.0,0.0,0.0,0.0,0.0,0.0,0.0,0.01150334993643635,0.0,0.0,0.0,0.0,0.0,0.0,0.0,0.0,0.0,0.0,0.003529741910306834,0.0,0.0,0.0,0.0,0.0,0.018542755340116516,0.0,0.0,0.00107326983339139,0.002778413115186762,0.0,0.0027364111472552148
MPPA,0.3570000000000002,-0.38330788463343957,0.34857896392792587,-0.00509101452118634,0.0,0.0,-0.005375504410697675,0.0,0.0,0.0,0.0,0.0,0.0,0.0,0.0,0.0,0.0,0.0,0.0,0.0,0.0,0.0,0.0,0.0,0.0,0.0,-0.003676071520578034,0.0,0.0,-0.006330475528550289,0.0,-0.004994878713541484,-0.027825145458381034,0.0,0.0,-0.0062246857303349295,-0.012888548202808178,0.0,0.0
Me-DMAC,0.1709999999999998,0.0644394077512475,-0.22240840390615788,-0.01973358812306215,0.0,0.0,-0.01984826796603463,0.0,0.0,0.0,-0.009515906639692344,0.0,0.0,-0.004246573514422175,-0.006823316154386109,0.0,0.0,0.0,-0.005924697880122899,0.0,0.0,0.0,0.010863322125160196,0.0,0.0,0.0,0.0,0.0,0.0,0.0,0.0,0.0,-0.014072872805941548,0.0,0.0,0.0,0.0,0.0,0.0
Me-DOC,0.5629999999999997,0.03347941447130315,0.04575314380901571,0.0031289775450740096,-0.004452672867040223,0.0,0.007011640928846306,0.0,0.0,0.0,0.0,0.0,0.0,0.0,0.0,0.0,0.0,0.0,0.0,0.0,0.0007348162495451672,0.0,0.0,0.0,0.0,0.0,0.0,0.0,0.0,0.0,0.0,0.0038640502479572467,-0.005499448169269727,0.0,0.0,0.002095324900365858,0.0,-0.007426937974339513,0.0
Me-MOC,0.5130000000000003,0.1281435525741654,-0.08747993693454446,0.0,-0.004927135151131239,-0.0074669617669914125,0.0036974713205022627,0.0,0.0,0.0,0.0,0.0,0.0,0.0,0.0,0.0,0.0026428748715893327,0.0,0.0,0.004500552181987136,0.003050595735928098,0.0018596055956824511,0.0,0.0,0.0,0.0,0.0,0.0,0.0,0.0,0.0,0.0,0.0,0.0,0.0,0.004748228001965339,0.0,0.0,0.0
Me2ACBO,0.431,-0.03424859366585047,0.024078311720814025,-0.004033725494459267,0.0,0.005388995628087576,0.0,-0.008336671264757747,0.0,0.0,0.009276223919679036,0.0,0.0,0.0,0.0,0.0,-0.004062073380784601,0.0,0.0,0.0,0.0,0.0,0.0,0.0,-0.006223216521692988,0.0,0.0,0.0,0.0,0.0,-0.0017821111503528077,0.0,-0.013294653408220997,0.0,0.0,0.0,0.0,0.0,0.0
MeCZ-TRZ,0.4359999999999999,0.3449975606734327,-0.3622401492018279,0.0,-0.005766966540463267,0.0,0.005448134782445907,0.001002371508600134,0.0028490865200501703,0.0,0.0,0.0,0.0,0.0,0.0,0.0,0.0,0.002513424243209712,0.0,0.0,0.0,0.0,0.0037479965430319783,0.0,0.0,0.0,0.0,0.0,0.0,0.0,0.0,0.0034016161956826312,0.0,0.0,0.0,0.0,-0.004289153647616162,0.0,0.0
MeOCzPCN,0.6039999999999996,0.018720513059042158,0.09018399962474084,0.0,0.0,0.008134810663725477,0.0,0.0,0.0,0.0,0.0,0.0,0.0,0.0031237060072732137,0.0,0.0,0.0,0.004503690202295546,0.0,0.0,0.0,0.0,0.0054634960922291245,0.0,0.0,0.003676920481024423,0.0,0.0,0.0,0.010037374889530637,0.0,0.0,0.01103404304688192,0.0,0.0,0.0,0.0,0.0,0.001702017955457767
N-B,0.2560000000000002,0.44264999019048207,-0.5879271979418136,-0.007414874555802253,0.0,0.0,0.0,-0.006054952904073675,0.0,0.0,0.0,0.0,-0.007794894432939329,-0.0026559546872737417,0.0,0.0,0.0,0.0,0.0,0.0,0.0,0.0,-0.006693676749844739,0.0,0.0,0.0,-0.00304433867022712,0.0,0.0,-0.0037973982090014832,-0.005142088185091528,0.0,0.0,0.0,0.0,0.0,0.0,0.0,0.0
N-BPyIA,0.936,-0.19083147796329752,0.5602317584847848,0.016291857379627035,0.029923820542564216,0.0,0.0,0.0,0.0,0.0063876560842164865,0.0,0.0,0.0,0.0,0.0,0.0034775040749423594,0.0,0.0,0.0,0.0076747959255977815,0.0,0.0,0.0,0.0,0.0,0.003499566209744854,0.0,0.0,0.0,0.012401198002225871,0.0,0.007940113584479838,0.0,0.0,0.0,0.0,0.0,0.0,0.0
NA-TNA,0.6640000000000001,-0.2097354008989492,0.3770345767876447,0.0,0.014645811055755546,0.0,0.0,0.005309242273814448,0.0,0.0,0.0,0.006705836134180827,0.003129435288412906,0.0,0.0,0.0,0.0,0.0,0.0,0.0,0.0,0.005324912137692591,0.0,0.0,0.0036635235887659875,0.0,0.0,0.0,0.0,0.0,0.0,0.026055960440931978,-0.0161149401917125,0.0,0.0,0.0,0.0,0.0,0.0
NAI–BiFA,0.552,-0.6138993427744612,0.728603527258585,-0.0030577740934486504,-0.004762100377863733,0.0,0.0,0.0,0.0,0.0,0.0,0.0,0.0,0.0,0.0,0.0,0.0,0.0,0.0,-0.0026234713272468846,0.0,0.0,0.009135224625700555,0.0,0.0,0.0,0.0,-0.003365500303137052,0.0,0.0,0.0,0.01263796533696381,-0.011651390742064574,0.0,0.0,0.0,0.0,0.0,-0.0025053977622452586
NAI–PhBiFA,0.5609999999999999,-0.12397446944306108,0.21095184366958109,0.006304293101678299,0.01886106678432936,0.0,0.0,0.0,0.0,0.0,0.0,0.0,0.0,0.0,0.0,0.0,0.0,0.0,0.0038804763474606647,0.0,0.004455578096268757,0.0,0.0,0.0012992161918393105,0.0,0.0,0.0,-0.0048089541565071725,0.0,0.0,0.0,0.02172959993460967,-0.021888995873927557,0.0,0.0,0.0,0.0,0.0,0.0
NAQ3,0.4010000000000002,-0.4722755527030936,0.4964022521962673,-0.005104883703472196,-0.025874267842865107,-0.0032578337776986064,0.0,0.0,0.0,-0.006499038048408806,-0.008324913815139529,0.0,0.0069681942759109855,0.0,0.0,0.0,0.0,0.0,0.0,0.0,-0.0027761969598201794,0.0,0.0,0.0,0.0,0.0,0.0,0.0,0.0,0.0,0.0,0.0,-0.021952053996497738,0.0,0.0,0.0,0.0,0.0,0.0
NDN,0.3920000000000003,0.16227161498259393,-0.2033752026468046,0.0,0.0,0.0,0.0,0.0,0.012483061705943386,0.0,0.0,0.0,0.0,-0.014127503895717423,0.0,0.0,0.0,0.0,0.0,0.0,0.0,0.0,0.0,-0.004915613922197065,0.0,-0.007368554717331384,0.0,0.0,0.0,0.0,-0.0067219596348540534,0.0,0.02084535816451546,0.0,-0.009078083545353765,0.0,0.0,0.0,-0.00202770372335886
NIDPA-1,0.4830000000000001,-0.3151102606530134,0.3407986651703448,0.0,0.0,0.0,0.0,0.003172126067799858,0.0,0.0,0.0,0.0,0.0,0.0,0.0,0.006013316979715203,0.0,0.0,0.0,0.0,-0.00502206702342628,0.0,0.0,0.0,0.0,0.0,0.0,0.0,0.005046317845411175,0.016140133855264284,0.0,0.0,-0.011151906797896634,-0.004439770466882568,0.0,0.0038520312639875112,0.0,0.0,0.0
NIDPA-2,0.4259999999999997,-0.3195251050774162,0.30532733357160813,-0.003650586997196878,-0.013787279611255086,0.0,0.007867871132729333,-0.0036587969541627316,-0.0021630256182695166,0.0,0.0,0.0,0.0,0.0,0.00097948135329215,0.0,0.0,0.0,0.0,0.0,0.0,0.0,0.0,0.0,0.0,0.0,0.0,-0.004856127643204413,0.0,0.0,0.0,0.0,-0.004562018817679169,0.0,0.0,0.0,0.0,0.0,0.0
NPE-AcDPS,0.6019999999999999,0.29854516891775823,-0.2217039464361251,0.0,0.0,0.0,0.0,0.0,0.0,0.0042163350931757135,0.0,0.0,0.0,0.001921312161180514,0.0033957992810527606,0.008175022230800744,0.0,0.002542918181968251,0.0,0.0,0.0,0.0,0.003896743274573226,0.0,0.0,0.0,0.0,0.0,0.0,0.0,0.0,0.0,0.028918623078456312,0.0,0.0,0.0,0.008126214824758468,0.0,0.0
Na-DMAC,0.447,0.024717596823022638,-0.030140674791174858,-0.017298852452430777,0.020139268616250237,0.024180313143480566,0.02470457712412606,0.0,0.0,0.0,0.0,0.0,0.0,0.0,0.0,0.0,0.0,0.0,0.0,-0.018435198806631185,0.0,-0.017656386165458914,0.0,0.0,0.0,0.0,0.0,0.0,0.0,0.0,0.0,-0.0004576218754495725,0.0,0.0,0.0,0.0,-0.006573758457812636,0.0,0.0
NyDPAc,0.3610000000000002,0.17078527370716243,-0.2482391081893655,0.005404831790740124,0.0,0.0,0.0,0.0,0.0,0.0,0.0,0.0,0.0,0.0,0.0,2.2627175681404986e-05,-0.003767685821933292,0.0,0.0,0.0,0.0,0.0,-0.003345528451321755,0.0,0.0,0.0,0.0,-0.0037207296591542896,0.009303164584248545,0.0,0.0,-0.006461317828784255,-0.002621284122068685,0.0,0.0,0.0,0.0,0.0,0.0
NyDPO,0.3049999999999997,-0.14448789707287288,0.07359609944115429,-0.018689690916931866,0.0,0.0,-0.010418465944967845,0.0,0.0,0.0,0.0,0.0,0.0,0.0,-0.003275523090621041,0.0,0.0,-0.008314481890730877,0.0,0.0,0.0,0.0,0.0,0.0,0.0,-0.005073544233408466,0.0,0.0,0.0,0.0,0.0,0.016442292923994906,-0.03175776459334683,0.0,0.0,-0.007052507935736899,0.0,0.0,0.0
OCzBN,0.4899999999999997,0.04009344385911157,-0.04351734617296724,0.001860136158947059,0.0,0.0,0.0,0.0,0.0,0.0,0.0019358091143914236,0.0,0.0,0.0,0.0,0.0,0.0,0.0,0.0,-0.000564583163647196,0.0,0.0,0.0,0.0,0.0,0.0,0.0,0.0,0.010091672094433658,0.0,0.002217207963900397,0.0,0.0,0.0023596716784065647,-0.0008940154872257401,0.0,0.0,0.012169400925821635,0.0
OPDPO,0.3169999999999997,-0.27503512257381907,0.2336126124701866,-0.06117399829318918,0.0,0.0,0.0,-0.007289388673727691,0.0,0.0,0.0,-0.003942769523022988,0.0,0.0,0.0,0.0,0.0,0.0,0.0,0.0,0.0,0.0,0.0,-0.0011075797676302441,0.0,0.03471697123662154,0.0,0.0,0.0,0.0,0.0,0.0,-0.017995116092961064,-0.016310470568388344,0.0,-0.012444267786844139,0.0,0.0,0.0
OXD-7,0.7850000000000001,0.5205536284525673,-0.3071580593106897,0.022942337678775543,0.0,0.0,0.0,0.0,0.003979632160784245,0.0027604321014005184,0.016200679668390165,0.0,0.0,0.0,0.0046789237891395885,0.0,0.0,0.0,0.0,0.0,0.0,0.0,0.0,0.014184887609134398,0.0,0.0,0.0,0.0,0.0,0.0,0.0,0.02228108600005222,0.020836686918052124,0.0,0.0,0.0,0.0,0.0,0.0
Oxd-bCZ,0.4260000000000001,0.2832195518232707,-0.3262546241253991,0.010486624239193105,0.023579289472133454,0.0,0.0,0.0,0.0,0.0,0.0,0.0,0.0,0.0,-0.0028169117117862,0.0,0.0,0.0,0.0,0.0,-0.00485842592264844,0.0,0.0,0.0,0.0,0.0,0.0,-0.0046325533451320455,0.0,-0.005839441767378329,0.0,0.014652706523101742,0.0,0.0,0.0,-0.005232441513355288,0.0,0.0,0.0
P3C,0.907,0.016819860455326862,0.26755430612469716,0.011735272808741393,0.047030999942924964,0.0,0.0,0.0,0.0,0.0,0.0,0.0,0.0,0.0,0.0,0.0,0.0,0.0,0.0,0.014709775466210408,0.02072460521770296,0.0,0.0,0.0,0.0,0.0,0.0,0.0,0.0,0.0,0.0,0.019972828984840547,0.0,0.0,0.014895753971397753,0.0165751704880845,0.0,0.0,0.013026337424207612
P4CzCN–BCz,0.867,0.3339196057708164,-0.2064686686931828,0.0,0.061207488609602415,0.0,0.0,0.0,0.0,0.03736031731834374,0.026056972578175408,0.0,0.0,0.0,0.0,0.0,0.0,0.0,0.03615294494547135,0.0,0.020168002794780954,0.0,0.0,0.0,0.0,0.0,0.0,0.0,0.0,0.0,0.0,0.0,0.0,0.03145276193155134,0.018797923730530276,0.0,0.0,0.04480073670203161,0.0
PAB,0.4519999999999999,-0.24300744971188004,0.24578120984361415,-0.005287986309141402,-0.019973163551753596,0.0,0.0065339305785144615,0.0,0.0,0.0,-0.0026599977501696637,0.0,0.0,0.0,0.0,0.0,0.0,0.0,0.0,0.0,0.003974114101599816,0.0,0.0,0.0,0.0,0.0,0.0,0.0,0.0,0.0,0.0,0.0,0.0032957866916920203,0.0,-0.0032633918613362073,0.0026136708074932374,0.0,0.0,0.0
PABP,1.0620000000000005,-0.01502902692581938,0.07548063900992469,0.0,0.0,0.0,0.0,0.0,0.008539852525841185,0.0,0.0,0.0,-0.010799161326760887,0.0,0.0,0.0,0.0,-0.010624879012317633,0.0,-0.019392075931383077,0.029886941881959058,0.0,0.0,0.0,0.0,0.0,0.0,-0.060803051754313796,0.0,-0.039950203908343314,0.0,0.016645547909550088,0.0,0.0,0.0,0.0,0.0,0.0,0.0
PBICT,0.4060000000000001,0.021235154196244464,-0.03906452430751037,0.0,0.005594537854495409,0.0,0.0,0.0,0.0,0.0069742070489276576,0.0,0.0,0.0,0.0,0.0,0.0,0.0,0.0,0.006520285928753331,0.0,0.0,0.0,0.0,0.0015079657550943915,0.0,0.006184620649919604,0.0,0.0,0.0,0.005113001735587492,0.0,0.0,0.0,0.007118499662425678,0.0,0.0,0.0,0.012723513596377094,0.0
PBTPA,0.484,-0.2806531557245109,0.31563029149636407,0.0,0.0,0.0,0.0,0.0,0.0,0.0,0.006597649604603521,0.0,0.0,0.0,0.0,0.0,0.0035808167961712267,0.0,0.0,0.0,0.0,-0.006028242007937396,0.0,0.0,0.0,0.0,0.0,0.0,0.0,0.0,-0.006046495276585136,0.024358762678650562,-0.011628110411343194,0.0,-0.0024465884051125555,-0.0029830246318872356,0.0,0.0,0.0
PCBP,0.4569999999999998,0.25642382796397084,-0.25754450817358393,0.008661754077321305,-0.012278297092116926,-0.00920059398368475,0.0,0.0,0.0,0.0,0.0,0.0,0.0,0.0,0.0,0.0,0.0,0.0,0.0,0.0,0.0,0.0,0.0,0.0,0.0,0.0,0.0,0.0,0.003142371433906229,0.0205991521826872,0.0,0.0,0.0062602173801005806,0.0,0.0,0.0033459546185621316,-0.006645490165870679,0.0,0.0
PCDMB,0.3620000000000001,-0.31641436355327157,0.25368890734777644,0.0,-0.00432646614156351,0.0,0.0,0.0,0.0,0.0,0.0,-0.004409177596429528,0.0,0.0,0.0,0.0,0.0,-0.0017301823938669554,0.0,0.0,0.0,0.0,0.0,-0.004465865263357225,0.0,0.0,0.0,-0.004802472480618228,0.0,0.0,-0.0025655256471183757,-0.012154558645645745,0.0,-0.004583274926521757,0.0,0.0,0.0,0.0,0.0
PCTXO,0.3349999999999999,0.08625596378759262,-0.1848824559299443,0.0,0.0,0.0,0.0,0.0,-0.0040562651984989454,0.0,0.0,0.0,-0.0033908923549592985,0.0,0.0,0.0,-0.0029645873310075455,0.0,0.0,0.0,0.0,0.0,0.0,-0.0025827841038941397,0.0,0.0,0.0,-0.006867391948696454,0.0,-0.009346041453026198,0.0,-0.014066945208828044,-0.011755330860420537,0.0,0.0,0.0,0.0,0.0,0.0
PDA-DP,0.5429999999999997,0.2632297480183571,-0.21262338982703544,0.004720486518017817,0.0,0.0,0.006220374948188865,0.0,0.0,0.0,0.0,0.0,0.0012330605611505945,0.0,0.0,0.0,0.0,0.0,0.0,0.0,0.0019793334026906337,0.00144277904626211,0.0,0.0,0.0,0.0008317998127254228,0.0,0.0,0.0,0.0,0.0,0.0037689732423248786,0.008688006948241683,0.0,0.0,0.0,0.0,0.0,0.0
PFBP-2a,0.2640000000000002,-0.03694064127048052,-0.10307783389553522,-0.013826614538313249,-0.01888098775454287,0.0,0.0,0.0,0.0,0.0,-0.007576479527401052,0.0,0.0,0.0,0.0,0.0,0.0,0.0,0.0,0.0,0.0,0.0,0.0,-0.004913839672686866,0.0,-0.0036164488847684507,0.0,0.0,-0.0028257354160881043,0.0,0.0,-0.004041814466538151,0.0,0.0,0.0,-0.004311829001143658,0.0,0.0,0.0
PFBP-2b,0.2810000000000001,0.020879364717362722,-0.16391763655098837,-0.0075473871695237935,-0.010232742262972659,0.0,0.0,0.0,-0.0023900988548619744,0.0,0.0,0.0,-0.0023436302179202667,0.0,0.0,-0.0002064303809236599,0.0,0.0,-0.00407245833947369,0.0,0.0,0.0,-0.004105651631360119,0.0,0.0,0.0,0.0,-0.0024580142626771054,0.0,0.0,0.0,0.0,0.0,0.0,0.0,0.0,0.0,0.0,0.0
PIAnTPh,1.0179999999999998,0.0,0.26366594616958317,0.04691020402509249,0.03991799565021143,0.0,0.0,0.0,0.0,0.0,0.026567724640892732,0.0,0.0,0.0,0.0,0.0,0.010575783698210864,0.0,0.0,0.0,0.0,0.0,0.0,0.0,0.0,0.022806651469233333,0.0,0.0658483057799248,0.0,0.02496406854796468,0.0,0.01644907063407619,0.0,0.0,0.03627533080832896,0.0,0.0,0.0,0.0
PICFOCz,0.4649999999999998,0.1823278460689333,-0.1946637140968262,0.0,0.017904098844429065,0.005061944560158195,0.0,0.0,0.0,0.0,0.0,0.0,0.0,0.0,0.008342425425257373,0.0,0.0,0.0,0.0,0.0,0.0,0.0,0.0,-0.006824437270295857,0.0037994506962339436,0.0,0.012208438782695138,0.0,0.0,0.0,0.0,-0.011548769212611304,0.004836457152199621,0.0,0.0,0.0,0.0,0.0,0.0
PICNAnCz,0.427,0.22965667146277857,-0.26851147876391557,0.0,0.0,0.0,0.0,0.0,0.0,0.0,0.0,-0.00613836760877508,0.0029068624759664985,0.0,0.0,0.0,0.0,0.0,0.006592016044471507,0.0,0.0,0.0,0.0,0.0,0.0,0.0,0.0,0.0,0.0,-0.00832061974415272,0.0,0.0,0.005645725510273753,0.005804505625045645,0.0,0.008143971197628204,0.0,0.006894074702634917,0.0
PID-3,0.8800000000000003,0.0,0.3496301715947522,0.0073812708417558106,0.008165927779141371,0.0,0.012131059142705512,0.0,0.0017234172021218443,0.0,0.0,0.0,0.0,0.0,0.0,0.0,0.0,0.0,0.009105699387235707,0.0043353618896679325,0.0,0.0,0.003443627160179435,0.010347549303096818,0.0,0.0,0.0,0.0,0.0,0.0,0.0,0.0,0.0,0.0,0.0,0.0,0.0,0.009626018007938848,0.0
PLQYs,0.5289999999999999,-0.06639970549282317,0.11817401578741257,0.0,0.03749052779118145,0.0,-0.03002768519552822,0.0,0.0,0.0,0.0,0.0,0.0072888582030225645,0.004316148913939641,0.0,0.0,0.0,0.0,0.0,0.0,0.008380158529528158,0.0,0.0,0.0,0.0,0.0,0.0,0.0,0.0,0.014401792629282347,0.0,-0.014204433380522581,0.0,0.0,0.0,0.0058045210679947695,0.0,0.0,0.0
PO-ABN,0.951,-0.1709297536334345,0.5518699162643721,0.027151807099472663,0.03890508159346973,0.007756324566720737,0.0,0.0,0.0,0.0,0.0,0.01608845194686791,0.005615048989400249,0.0,0.0,0.0,0.0,0.0,0.0,0.0,0.006639738793562692,0.0,0.0,0.0,0.0,0.0,0.0,0.014091585472791275,0.0,0.0,0.0,0.0,0.0,0.0,0.009584491091226666,0.0,0.0,0.0,0.0
PO-TPA,0.601,-0.6654219049199478,0.8295190898029251,-0.00856258671704862,0.005972372873280707,0.008793648153208758,-0.00705396533182905,0.0,0.0,-0.005361483361085241,0.0,0.0,0.0,0.0,0.0,0.0,0.009560495409315709,0.0,0.0,0.0,0.0,0.0,0.0064085718900764865,0.0,0.0,0.0,0.0,0.0,0.0,0.0,0.0,0.0,-0.03656238343421962,0.0,0.0,0.0,0.0,0.0,0.0
POBBPE,0.4429999999999996,0.4192212887863114,-0.49041125170152994,0.0,0.0,0.0,0.0,0.0,0.027272844348707078,0.014650161770898168,0.036298302055134735,0.0,0.0,0.0,0.0,0.0164302632253296,0.0,0.0,0.011206560599883328,0.0,0.0,0.0,0.0,0.0,0.0,0.0,0.0035626693457215513,0.0,0.0,0.0,0.0,0.0,0.0,0.0,0.0,0.006817771408437342,0.0,0.0,0.015906657607150945
POZDBPHZ,0.165,-0.2573951192881168,0.08397705716898866,-0.027250942731019048,0.0,0.0,-0.016541784835578586,0.0,0.0,0.0,0.0,0.0,0.0,0.0,0.0,0.0,-0.009038127171135002,-0.0018481337874861289,0.0,0.0,0.0,0.0,0.0,0.0,0.0,0.0,0.0,-0.010512993454462296,0.0,-0.0032373171279330088,0.0,0.0,-0.03411518348176139,0.0,0.0,0.0,-0.0026729294093043783,0.0,0.0
PPI,0.3940000000000001,0.24185987953830043,-0.2853148511146731,0.0,0.0,0.0,0.0,0.0,0.0,0.0,0.0,0.0,-0.001969867025277321,0.0,0.0,0.0,0.0,0.0,0.0,0.0,0.0,0.0,-0.005417205382371849,0.0,0.0,0.005434127357786644,-0.002144640463595998,0.0,0.0,0.0,0.0,-0.004043334405340045,0.00994699239230932,0.0,0.0,0.0,-0.023730235297513468,-0.004244299430261142,0.0
PPI-An-NPIM,1.027,0.0,0.31109288912915073,0.04108547249733769,0.06582217426832218,0.0,0.0,0.0,0.0,0.0,0.0,0.0,0.0,0.013496654158440813,0.0,0.0,0.0,0.0,0.0,0.024675306667508196,0.0,0.0,0.0,0.0,0.0,0.0,0.009685921756532592,0.0796837637439359,0.0,0.01216888438553216,0.0,0.0,0.0,0.0,0.03315756859656407,0.0,0.0,0.0,0.013172487360993477
PPI-PIM-1,0.4250000000000002,0.19237968393979205,-0.18966219111256333,0.022170961064675046,0.0119518157468974,0.0,0.0,0.0,0.0,0.0,0.01008179230437603,0.0,0.006386786556071599,0.0,0.0,0.009659546074235373,0.0,0.0,0.0,0.0,0.0,0.0,0.0,0.0,0.0,0.018757826123119256,0.0,0.0,0.0,0.0,0.0,0.01423944549551126,0.0,0.0,0.0,0.0,0.0,0.003726582103765738,0.0
PPI-PIM-2,0.4410000000000003,0.1290559916748096,-0.144715894501134,0.0,0.0074367553171339204,0.0,0.0,0.0,-0.0025140287398266845,0.0,0.0,0.0,0.0,0.0,0.0,0.0,0.0,0.0,0.00958007624130725,0.0,0.0,0.0,0.0,0.0,0.0,0.0,0.004164454539713821,0.0,0.0,0.0,0.0,0.014551560656109404,0.010693511754127685,0.00213581935530794,0.0,0.0,0.0,0.015434133612368067,0.0
PPINCN,0.702,-0.033217614297506755,0.1796292765701293,0.0,0.03394447349580488,0.00668965877372768,0.0,0.0,0.0,0.0,0.0,0.010612727453588683,0.0,0.008474406545176333,0.0,0.0,0.0,0.0,0.0,0.0,0.0,0.0,0.0,0.0,0.0,0.0,0.0,0.005672199487832131,0.0,0.0,0.0,0.005094704514087875,0.0,0.0,0.0,0.014029242052557785,0.0,0.0,0.007346282381928626
PPINCN-Cz,0.956,0.09308911788993227,0.10904515592367425,0.0,0.06001234520222262,0.024546752346376093,0.0,0.0,0.0,0.0,0.0,0.0,0.0,0.0,0.0,0.0,0.0,0.0,0.0,0.0,0.021688755732662705,0.0,0.0,0.014129125278662563,0.0,0.0,0.0,0.07424628230553676,0.0,0.033706631283196904,0.0,0.0,0.016216231369101775,0.0,0.04552598827393101,0.0,0.0,0.0,0.0
PPO21,0.4289999999999998,0.2756033396359812,-0.2958984226283278,0.0,-0.005475117683917059,-0.0029734828239873943,0.0,0.0,0.0,0.0,0.0,0.0,0.0,0.0,0.0,0.0,0.0,0.0,0.0,0.0,-0.00346313779341724,0.0,0.0,0.0,-0.002002531250373145,0.0,0.0,-0.004681180951652066,0.0,-0.002399827867453612,0.0,-0.003687075005648475,0.009928465835589229,0.0,0.0,0.0,0.0,0.0,0.0
PPZPPI,0.2370000000000001,-0.4165770159935122,0.3141799061168885,0.0,-0.022842383129060485,-0.00997728216583336,0.0,-0.00803511759010117,0.0,0.0,0.0,0.0,0.0,0.0,0.0,0.0,0.0,0.0,0.0,0.0,0.0,0.0,0.0,-0.008554106937274692,0.0,0.0,-0.00025688981691956596,0.0,-0.013032019179135195,0.0,0.0,-0.015616332855365051,-0.026240107532671197,0.0,0.0,0.0,0.0,0.0,0.0
PPZTPI,0.238,-0.5476274381480242,0.4159525150188317,0.0,-0.014181519580345506,0.0,0.0,0.0,0.0,0.0,0.0,0.0,0.0,0.0,0.0,0.0,0.0,0.0,0.0,0.0,-0.008548746698289249,0.0,-0.00859095365888181,-0.005904598907754244,0.0,-0.006851538284481518,0.0,0.0,-0.0014746483557284613,0.0,0.0,-0.014830690359686696,-0.013904201969229717,0.0,0.0,0.0,0.0,0.0,0.0
PS-BZ-DMAC,0.7429999999999999,0.01788949331431509,0.20070507577025717,0.0,0.0,0.0,0.00555038860813343,0.0,0.004679079771237092,0.0,0.0,0.0,0.0,0.0,0.0,0.0,0.0,0.007537279184526131,0.0,0.0,0.0,0.0,0.0,0.008333433267097042,0.0,0.006662330803554994,0.0,0.0,0.0,0.0,0.0,0.009932421974448602,0.011362210807430842,0.0,0.0,0.006735492225213252,0.0,0.0,0.0
PSBC,0.3819999999999997,0.27923016768274145,-0.32890307123731777,0.0,-0.003743977981264054,-0.009183521277451083,0.0,0.0,0.0,0.0,0.0,0.0,-0.0017438956927867816,0.0,0.0,0.0,0.0,0.0,0.0,0.0,-0.0014301625462407224,-0.0025480758527661905,0.0,0.0,0.0,0.0,-0.001072035190081643,-0.0021448548100486417,0.0,0.0,0.0,-0.005229577625671147,0.0,0.0,0.0,0.0,0.0,0.0,0.0
PSPBP,0.3730000000000002,-0.07736441711190012,0.05064527391533711,0.0,-0.008713304512175302,-8.582266433748827e-05,0.0,0.0,0.0,0.0,-0.008679451631405663,0.0,0.0,0.0,0.0,-0.006261709550721056,0.0,0.0,-0.007403448446386075,0.0,0.0,0.0,0.0,0.0,0.0,-0.002283089480941603,0.0,0.0,0.0,-0.019076532778820435,0.0,-0.011762651529705022,0.0,0.0,0.0,0.0,0.0,0.0,0.0
PSPCz,0.451,0.16913108122564363,-0.17665131589442656,0.0,-0.0032968525775180298,-0.0068089332963833385,0.0,0.0,0.0,0.0,0.0,-0.009579289971860005,0.0,0.0,0.0,0.0,0.0,0.0,0.0,0.0,0.0,0.0,0.0,-0.005697453503466321,0.0,0.0,0.0,0.0,0.004476014688585063,0.012318713130216851,0.0,0.0,0.009499795423612373,0.0,0.0,0.0,0.0,0.0,0.008332569191856529
PSPP,0.3639999999999999,-0.20780951631456995,0.1631621686259112,0.0,-0.004402334342318848,0.0,0.0,0.0,-0.009243642570450987,0.0,0.0,0.0,0.0,0.0,0.0,0.0,0.0,0.0,-0.0018564793546917576,0.0,-0.002228259053155016,0.0,-0.002242897128067328,0.0,0.0,0.0,0.0,0.0,0.0,0.0,0.0,-0.005576661562122793,0.0,0.0,-0.009747817759105453,0.0,-0.00019271194116114926,0.0,0.0
PSPSF,0.7370000000000001,0.6357597331351719,-0.452397445946574,0.021548645815801796,0.022005047114062034,0.0,0.007304734948937081,0.0,0.0,0.0,0.0,0.0,0.0,0.0,0.00969710077451308,0.0030606648171855027,0.004972843786915218,0.0,0.0,0.0,0.0,0.0,0.0,0.0,0.0,0.0,0.0,0.0,0.0,0.0,0.0,0.016418941178588907,0.0,0.0,0.0,0.004571399430083167,0.0,0.0,0.0
PT-BZ-DMAC,0.1099999999999998,0.0,-0.1247670353071553,-0.03848649877036242,0.0,0.0,-0.027730150459754833,0.0,-0.019036548912018773,0.0,-0.031972717136008,0.0,0.0,0.0,0.0,0.0,0.0,-0.01710103985538231,0.0,-0.029859801641399605,0.0,0.0,0.0,0.0,0.0,0.0,0.0,0.0,0.0,0.0,-0.008907126081106373,0.0,-0.016137950249867195,-0.019868727489630453,0.0,0.0,0.0,0.0,0.0
PTPC,0.3729999999999998,0.28593275674869345,-0.35250434278069087,0.0,0.006452864690290817,0.0,0.0,0.0,0.0,0.0,0.0,0.0,0.0,-0.002613011816191063,0.00016817509774653302,0.0,0.0,0.0,0.0,0.0,0.0,0.0,0.0,0.0,0.0,-0.005155424857543129,0.0,-0.003299080983135181,0.0,0.0,0.0,0.0,0.007054873128816548,0.0,-0.001868053936717226,0.0,-0.0049329778660212814,0.0,0.0
PTZ-2PTO,0.3449999999999997,-0.15853936397058788,0.09623402192210781,-0.0033821594924922506,-0.013128381063549516,0.0,0.0,0.0,0.0,0.0,0.0,0.0,0.0,0.0,0.0,0.0,0.0,0.0,0.0,0.0,-0.0014070884932533858,-0.001645638941934091,0.0,0.0,0.0,0.0,0.0,-0.0052720902422458355,0.0,0.0,0.0,-0.006120344352910858,0.0,0.0,0.0,0.0,-0.002109614652855107,0.0,-0.00333235034018023
PTZ-DBTO2,0.4809999999999998,0.02346124415986418,-0.005461790530252244,-0.010041259528754554,-0.009501547420608616,0.0,0.0,0.0,0.0,0.0,0.0,0.0,0.002426531469492002,0.0,0.0,0.0,0.0,0.0,0.0,0.0,0.004652915361257819,0.0,0.0,0.0,0.0,0.0,0.0,0.0,0.0,0.0,0.0,-0.007315753433453981,0.011501677718557516,0.00215529593218889,0.0,0.005155110910798095,0.0,0.0,0.0
PTZ-DCPP,0.5269999999999997,-0.24265598771827532,0.3095419650479022,0.0,-0.006387806944273224,0.003988451955556888,0.0,0.0,0.0,0.0,0.0,0.0,0.0,0.0,0.0,0.0,0.0,0.0,0.005512919501220923,0.0,0.0,-0.00223194081445402,0.0,0.0,0.0,0.0,0.0,-0.003979118912796837,0.0,0.0,0.0,0.0,-0.008814718803917397,0.0,0.0,0.005047508579086366,0.0031753240996070676,0.0,0.0
PTZ-NAI,0.0,-0.4817315506047187,0.3366695136089487,-0.04763691490365766,-0.06941110416703962,0.0,0.0,0.0,0.0,0.0,0.0,0.0,0.0,0.0,0.0,-0.019422260344950537,0.0,0.0,0.0,-0.023420905973203007,0.0,0.0,0.0,0.0,0.0,-0.01243726145176446,0.0,0.0,0.0,0.0,0.0,-0.021387601984431286,0.0,0.0,0.0,0.0,-0.030410749148376503,-0.012974766699061117,0.0
PTZ-mPYR,0.367,-0.17246966147076323,0.12782501547670255,-0.0029542968958722435,-0.0082442037606877,-0.002199110276227694,0.0,0.0,-0.00425343797522582,0.0,0.0,0.0,0.0,0.0,0.0,0.0,0.0,0.0,0.0,0.0,0.0,0.0,0.0,0.0,0.0,0.0,0.0,0.0,-0.0025287075441442486,0.0,0.0,-0.009956322861881712,-0.013136636061229027,0.0,-0.0023665432068460624,0.0,0.0,0.0,0.0
PTZTPE-2,0.8030000000000004,0.2086581674480204,0.0,0.033366869297544455,0.042021128925219066,0.0,0.0,0.0,0.0,0.0,0.0,0.002698718258867886,0.0,0.0,0.0,0.00548197524329117,0.0,0.0,0.0,0.011884106412306557,0.010112691110424187,0.0,0.0,0.0,0.0,0.0,0.0,0.027641895336209227,0.0,0.0,0.0,0.0,0.009033373799630207,0.0,0.008429776523514565,0.0,0.0,0.0,0.0
PTZ–TAZ,0.282,-0.28735267829520433,0.15176220015753944,-0.011667926014452929,-0.01916774213669827,0.0,0.0,0.0,0.0,-0.0025259485866442897,0.0,0.0,0.0,0.0,0.0,0.0,0.0,0.0,-0.0005547050979549594,0.0,0.0,0.0,0.0,0.0,0.0,0.0,0.0,0.0,0.0,0.0,-0.0022889735580249038,0.008258131784685447,-0.007794121494809887,0.0,-0.003775459979420371,0.0,0.0,0.0,0.0
PX-TRZ,0.4430000000000005,0.37680663711717904,-0.40203114590393413,0.0,0.006264636474672306,0.011855701874580443,0.0,0.012167422921725544,0.0037628634853379087,0.0,0.0,0.0,0.0,0.0,0.0,0.0,-0.0070744124615115325,0.0,0.005417447497013757,-0.014275508606402603,0.0,0.0,0.006227595004636432,0.0,0.0,0.0,0.0,0.0,0.0,0.0,0.0,0.0,0.0,0.0,0.0,0.0,0.0,0.0,0.0
PXZ-10-DPPZ,0.1720000000000001,-0.7194795147604902,0.5889003802458266,-0.027900361696965564,-0.04508157306181594,0.0,0.0,0.0,0.0,0.0,0.0,-0.008565720832858737,0.0,0.0,0.0,0.0,0.0,0.0,0.0,-0.015623321831293268,0.0,0.0,0.0,-0.009563574124900796,0.0,0.0,0.0,0.0,0.0,0.0,0.0,-0.017511001098731202,0.0,-0.006697968091987916,0.0,0.0,-0.010378720589087323,0.0,0.0
PXZ-11-DPPZ,0.2310000000000003,-0.5509939904647778,0.44371129491340366,-0.024542052700161594,-0.03758575947053088,0.0,0.0,0.0,0.0,0.0,0.0,0.0,0.0,0.0,0.0,-0.00522709082498541,0.0,0.0,0.0,-0.010083936659807585,0.0,0.0,0.0,0.0,0.0,-0.006158166970777014,0.0,0.0,0.0,0.0,-0.004411948692827272,-0.007950928130530803,-0.029917501405915245,0.0,0.0,0.0,0.0,0.0,0.0
PXZ-BOO,0.2799999999999998,-0.2667119233402959,0.16754255749041394,-0.02023185282308391,-0.03910916247913283,0.0,0.0,0.0,0.0,0.0,0.0,0.0,0.0,0.0,0.0,0.0,-0.004060019481097121,-0.00037783870351250175,0.0,0.0,0.0,0.0,0.0,0.0,0.0,0.0,0.0,0.0,0.0,0.0,-0.0022471908868840484,-0.00468905452151851,-0.00909302274111536,0.0,-0.0045786124086204,0.0,0.0,0.0,0.0
PXZ-NAI,0.26,-0.7892131590107145,0.7301945872949576,-0.02974378057273086,-0.03278103053141396,0.0,0.0,0.0,-0.0070496730733858705,0.0,-0.01130321886045928,0.0,0.0,-0.01787547597951662,0.0,0.0,-0.01218054282089076,0.0,0.0,-0.012311601370319603,0.0,0.0,0.0,0.0,0.0,-0.001197970728072202,0.0,0.0,0.0,0.0,0.0,0.0,0.0,0.0,0.0,0.0,0.0,0.0,0.0
PXZ-ND,0.4240000000000004,-0.3950198206190981,0.3803182053244862,0.0,-0.011714048501694356,-0.0014790050803102327,0.0,0.0,-0.0030032112432467365,0.0,-0.00523492686543766,0.0,0.0,0.0,0.0,0.0,0.0,0.0,-0.0023435148917237566,0.0,0.0,0.0,-0.00801566759418733,0.0,0.0,0.0,0.0,-0.0042310484461538095,0.0,0.0,0.0,0.010645422116489835,0.0,0.0,0.0,0.0,0.0,0.0,0.0
PXZ-OXD,0.3490000000000002,-0.2068080749009083,0.1495814838469634,-0.00806966493953644,0.0,0.0,-0.01389881798671096,0.0,-0.0029678959258046343,0.0,0.0,0.0,-0.0038077349288520718,0.0,0.0,0.0,0.0,0.0,0.0,-0.009489873656082297,0.0,0.0,0.0,0.0,0.0,0.0,0.0,0.0,-0.0050804850880195075,0.000752767733834223,0.0,0.0,-0.01532899832786485,0.0,0.0,0.0,0.0,0.0,0.0
PXZ-PPO,0.6280000000000001,0.056661103492355,0.07794056104016642,0.0,0.0,0.0,0.004530760579662699,0.0,0.0,0.0,0.0,0.00192586074316767,0.0,0.0,0.0,0.0,0.0016210599604584105,0.0,0.005085768457753123,0.0,0.0,0.0020926018600274654,0.0,0.0,0.0,0.0,0.0,0.0,0.0021587534008433162,0.0,0.0,0.005096707164568588,0.006647266172734934,0.0,0.0,0.0,0.0,0.0,0.0
PXZ-QL,0.4429999999999996,-0.21603878865515347,0.21027390366268933,-0.007816415484202066,-0.021320391024079784,0.0,0.0,0.0,0.00316991539705301,0.0,0.0,0.0,0.0,0.0,0.0,0.0,0.0,0.0,0.0,0.0,0.0,0.0,0.0,0.0,0.0,0.0,0.0,0.0,0.00465859084375559,0.006287144149048091,0.0,0.0,0.0,0.003021995905221124,0.0,0.007905103696015109,0.0,0.00934163249384502,0.0
PXZ2PTO,0.3639999999999999,-0.13882062776729234,0.1128570465157495,0.0,-0.02314462663843827,0.0,0.0,0.0,0.0,0.0,0.0,0.0,0.0,0.0,0.0,0.0,0.0,0.0,0.0,0.0,0.0,-0.00814400074639565,-0.004083410005931662,0.0,0.0,0.0,-0.010626516523531665,0.020230153417716692,0.0,-0.0176979708792285,0.0,-0.004941808346944885,0.0,0.0,0.0,0.0,-0.0054101055800862404,0.0,0.0
PXZPDO,0.3649999999999997,-0.18298830582735096,0.15040907115181934,0.0,-0.003979990266198732,0.0,0.00011045249782464242,0.0,-0.0023100831033060656,0.0,-0.004666815865086771,0.0,0.0,0.0,0.0,0.0,0.0,0.0,0.0,0.0,0.0,0.0,0.0,0.0,0.0,0.0,0.0,-0.0019478140049643666,0.0,-0.00569813019719155,0.0,-0.012216174754761938,-0.015357066040987574,0.0,0.0,0.0,0.0,0.0,0.0
PY-TPA,0.3189999999999999,-0.1295072760089113,0.05010086661191254,0.0,0.0,-0.011622164922646061,0.0,0.0,0.0,0.0,0.0,0.0,0.0,0.0,0.0,0.0,0.0,0.0,0.0,0.0,-0.0138668731937258,0.0,0.0,0.0,-0.0003320993173952709,0.0,0.0,-0.0023372014723915834,0.0,0.0,0.0,-0.007001993260335715,-0.00945123356593794,0.0,0.0,-0.0033109032561582587,0.0,-0.0010876455477853708,0.0
Pd-1,0.3249999999999997,-0.4178837904754505,0.31622668022991557,0.0,0.0,-0.008434808319466205,0.0,0.0,0.0,-0.0034168018246094442,0.0,0.0,0.0,0.0,0.0,0.0,0.0,0.0,0.0,0.006919494337532889,0.0,0.0,0.0,0.0,0.0,0.0,-0.002191050132654869,-0.004722371353669328,0.0,0.0,0.0,-0.01011485625129632,0.0,0.0,-0.004401149471286716,-0.009503202494280221,0.0,0.0,0.0
Perylene,1.098,-0.1467692493829229,0.6471088722124828,0.03311658088429012,0.042275563263022585,0.0,0.0,0.0,0.0,0.0,0.0,0.010792451260262882,0.0,0.0,0.0,0.0,0.0,0.010803658051044662,0.0,0.0,0.00595009700925423,0.0,0.0,0.0,0.0,0.0,0.0,0.0,0.0,0.006917545920178954,0.0,0.014678555850891301,0.0,0.008969963553518024,0.0,0.0,0.0,0.0,0.0
Ph-CF3,0.455,0.29254613935549956,-0.29927474839445617,0.0,-0.004739342049452543,0.0,0.006317221341098635,0.0,0.0,0.0,0.0035485455664484933,0.0,0.0,0.0,0.0,0.0,0.0,0.0,0.0,0.0,0.0,0.0,0.0,0.0,0.0,0.0,0.0,-0.00455574483604791,0.0,0.0,0.0,0.007705972615008658,0.008794731326820295,0.0,-0.004388211752109263,0.005231567282024433,0.0,0.0,0.0
Ph-OBNA,0.3970000000000002,0.0,-0.025786864996254787,0.0,-0.00697156392124075,0.0,0.0,-0.005999796002346666,0.0,0.013345628382796512,0.008272188927794409,0.0,0.0,0.0,0.0,-0.00549780175310935,0.0,0.0,0.0,0.0,0.0,0.007971756273784589,-0.006681081281064411,0.0,-0.001544800402280247,0.0,0.0,0.0,0.0,0.0,0.0,0.0,0.0,0.0,0.0,0.0,-0.044155129511974485,0.0,0.0
PhCO-DMAC,0.1169999999999999,0.0,-0.20522907870464438,-0.02955390251058013,-0.04123441672715061,0.0,0.0,-0.005574541861271209,0.0,0.0,0.0,0.0,-0.0077729963615987665,0.0,0.0,0.0,0.0,0.0,0.0,0.0,-0.01645675085243777,0.0,-0.007330599346672921,0.0,-0.011050225369246951,0.0,0.0,0.0,0.0,0.0,0.0,0.0,-0.014779713126771975,0.0,0.0,0.0,0.0,-0.007968834103458824,0.0
PhCz-Pyr,0.4170000000000002,0.13400530515796918,-0.1453781014687089,0.0,-0.018883335083019297,-0.015322336851729864,0.0,0.0,0.0,0.0,0.0,0.0,0.0,0.0,0.0,0.0,0.0,0.0,0.0,0.0,0.0,0.0,0.0,-0.004387701496497885,0.0,0.0,-0.005027984688142265,0.0,0.0,0.029391386394796916,0.0,-0.007455318945517427,0.0,0.0,-0.0049604556324339575,0.011137116816531024,0.0,0.0,0.0
PhCzSPOTz,0.4169999999999998,0.20102699800178778,-0.233705274031165,0.0,0.0,0.0,0.0,0.0,-0.0018296097137569718,0.008388625729976756,0.0,-0.007630393605746067,0.00903422604437683,0.0,0.0,0.0,-0.005168857039402977,0.0,0.0,0.0,0.0,0.0,0.0,-0.004498639999150557,0.0,0.0,0.0,0.0,-0.007364079940428902,0.0,0.0,-0.005260790465577237,0.0,0.0,0.0,0.0,0.0,0.0,0.0
PhICz-Pyr,0.3960000000000003,0.14793547229316414,-0.19265201027956302,0.0,-0.017515463808499738,-0.003223408421732181,0.0,0.0,0.0,-0.006583723745077183,0.0,0.0,0.0,0.0,0.0,0.0,-0.004585688493157345,0.0,0.0031991007142222207,0.0,0.0,0.0,0.0,0.0,0.0,0.0,0.0,0.0,0.0,0.010535905213221437,0.0,0.0,0.009324719916347637,0.0,0.0,0.005645649786337882,0.0,0.0,0.0
PhPC,1.0470000000000002,0.0,0.36916815740317466,0.0512853852165336,0.04531573176288986,0.0,0.0,0.0,0.0,0.01178655260114468,0.0,0.0,0.0,0.0,0.0,0.0,0.0,0.0,0.0,0.0,0.010693587798475627,0.0,0.0,0.0,0.015700531342299536,0.005183069470633073,0.0,0.026794186996135602,0.0,0.0,0.0,0.0,0.0,0.0,0.020370801009633847,0.0,0.02663691040661481,0.0,0.0
PhQLPXZ,0.1939999999999999,-0.30187542331773304,0.15813982380655955,-0.022630408025882176,0.0,0.0,-0.024589785625475737,0.0,0.0,0.0,0.0,0.0,-0.0065703406945323214,0.0,0.0,0.0,0.0,0.0,0.0,-0.008679964918741236,0.0,0.0,0.0,0.0,-0.005646531907452955,0.0,0.0,0.0,0.0,0.0,-0.0078793393678456,0.0,-0.019615608454211526,0.0,0.0,0.0,-0.010457603514515837,0.0,0.0
PmPmP,0.3609999999999997,-0.2718514254312094,0.19747074388866587,0.0,-0.0027067218634529533,0.0,0.0,0.0,0.0,0.0,-0.004137039592408971,0.0,0.0,0.0,0.0,0.0,0.0,0.0,0.0,0.007651993628166634,0.0,0.0,0.0,0.0,0.0,0.0,0.0,0.0,-0.0022648831338431957,-0.0018060364246334953,0.0,-0.010016117456910459,-0.011049857878982845,0.0,-0.004444655816136912,0.0,0.0,0.0,0.0
PnB,0.8580000000000001,0.03884733195945293,0.18716164775237942,0.0,0.0,0.007746563597281575,0.0,0.01410249326829135,0.005512258141432925,0.0,0.0,0.0,0.0,0.0,0.0,0.0,0.0,0.0,0.0,-0.026391758483802923,0.0,-0.03456855815616287,-0.01076202309584009,0.0,0.0,0.0,0.0,0.0,0.0,0.0,0.0,0.0,0.0,0.0,0.0,0.0,-0.012579163486138661,0.0,-0.015877407875532698
PrDPhAc,0.6560000000000001,0.26448596957470744,-0.14104992682335377,0.0,0.0,0.0,0.0,0.0,0.0,0.0,0.0,0.0,0.0,0.0,0.0,0.0,0.0,0.005763567443381344,0.009416349856398193,0.007406262024654144,0.0,0.0,0.0,0.0,0.007156715282858442,0.009942831490011569,0.0,0.0,0.0,0.0,0.0,0.0,0.016220208467579513,0.0047303596515936575,0.0,0.008338160497885614,0.0,0.0,0.0
Pra-2DMAC,0.6060000000000003,0.28082119401578115,-0.20233349754867566,0.0,0.0,0.0,0.0,0.0,0.0,0.0,0.010937399130524847,0.0,0.0,0.0,0.0,0.005552536339996337,0.0,0.0,0.0055222052081353515,0.012016607580370736,0.0,0.0,0.0,0.0,0.0,0.0,0.0010605968770288558,0.0,5.792264763795159e-05,0.0,0.0,0.0,0.020261958130543652,0.0,0.0,0.0,0.008022371621242964,0.0,0.0
PtB,0.8550000000000004,0.0,0.2394460748233387,0.0,0.015106579908991348,0.0,0.0,0.0,0.0,0.0,0.0,0.0,0.0,0.0,0.0,0.0,0.0,0.0,0.0,-0.01329666982632534,0.009934296689637773,-0.03043555600220391,-0.011784501587014025,0.0,0.0,0.0,0.0,0.0,0.0,0.0,0.0,0.007778489231127901,0.0,0.0,0.0,-0.014209421786872794,0.0032614070883225654,0.0,0.006051275703092574
PtOEP,0.7809999999999999,-0.9785855428238724,1.162705251514104,0.0,0.010862159580036529,-0.002144545124115553,0.0,-0.006819403125868695,-0.004545934295970179,0.0,0.0,0.0,0.0,0.0,0.0,0.0,0.0,0.0,0.0,0.0,0.0,0.0,0.0,0.0,0.0,0.0,-0.0020532645370444575,0.0,0.0,0.0,0.0,-0.023432938803424515,-0.025410709127603154,0.0,0.0,0.005810132548785157,0.0,0.0,0.0
Px2BP,0.3409999999999997,-0.3928054962950754,0.3262225082467529,-0.01424750777738767,-0.023042426870159935,0.0,0.0,0.0,0.0,0.0,0.0,0.0,0.0,-0.0032605371613149505,0.0,0.0,0.0,0.0,0.0,0.0,0.0,0.0,0.0,0.0,-0.0005942795352139588,0.0,0.0,0.0,0.0,0.0,0.0,-0.006562517569709592,0.0003176655493734368,0.0,0.0,-0.00695318676205472,0.0,-0.0020465659726588564,0.0
PxCN,0.383,-0.15419604100290196,0.1034683906141723,0.0,0.0,0.0,0.0,0.0,0.0047339397600890815,0.0,-0.003511290721950152,0.0,0.0,0.0,0.0,0.0,0.0,0.0,0.0,0.006482479682060584,0.003689078142096831,0.0,-0.005171695040577017,-0.004164822489906508,0.0,0.0,0.0,0.0,0.0,0.0,0.0,-0.010743297529073582,-0.005563364120333521,0.0,0.0,0.0,0.0,0.0,0.0
PxCYP,0.3340000000000001,-0.10451291346367787,0.08149374178014633,-0.02517376238653643,0.0,0.0,-0.017476898582606613,-0.007969570783853151,0.0,0.0,0.0,0.0,0.0,-0.006963503235066587,0.0,0.0,0.0030286682634903337,-0.02153103160953681,-4.076049233561729e-05,0.0,0.0,-0.01051950657514463,0.0,0.0,0.0,0.0,0.0,0.0,0.0,0.0,0.0,0.0,0.0,0.0,0.0,0.0,0.0,0.0,0.0
PxPYM,0.27,-0.17582340264609236,0.07386192136081315,-0.005150082835793196,0.0,0.0,-0.0031563183981956036,0.0,0.0,0.0,0.0,0.0,-0.00665101688319973,-0.0078807451212555,0.0,0.0,0.0,0.0,0.0,-0.014272704247513028,0.0,-0.011437433631402193,0.0,0.0,0.0,0.0,0.0,0.0,0.0,-0.007958954876638084,0.0,0.0,-0.015198606852280687,0.0,0.0,0.0,0.0,0.0,0.0
Py-TPA,0.3479999999999998,-0.19283704206951927,0.11064783598287194,0.0,0.0,-0.008904201121582331,0.0,0.0,0.0,0.0,0.0,0.0,0.0,0.0,0.0,0.0,0.0,0.0,0.0,0.005911893398893655,-0.004426284863064004,0.007169182809219214,0.0,0.0,0.0,0.0,0.0,-0.003977201215635665,0.0,0.0,0.0,-0.011977685291908617,-0.013587413097892121,0.0,0.0,-0.0035856745067188583,0.0,0.0,0.0
PyDCN,0.613,0.5050385296958793,-0.43298254474927705,0.0,0.013660066844701588,0.0,0.0,0.0,0.0,0.0,0.0,0.0,0.0,0.0,0.0,0.007319524033190888,0.0,0.0,0.002449757736204444,0.0,0.012551319323875071,0.0,0.014281695946556153,0.004157940855328148,0.0,0.0,0.0,0.0,0.0,0.0,0.0,-0.0015645113742779621,0.024441039154937616,0.0,0.0,0.0,0.0,0.0,0.0
PyDCN–DMAC,0.3799999999999999,0.09336474024186502,-0.11836022264912839,-0.011881582922433279,0.0,0.017993529296662314,-0.0050368522479721945,0.0,-0.007634743232683465,0.0,-0.02132706197812962,0.0,0.0,0.0,0.0,0.0,0.0,0.0,0.0,-0.0191146982336244,0.0,0.0,0.0,0.0,0.0,0.0,0.0,0.0,0.0,0.0,0.0,0.0,-0.007330639247780655,0.0,0.0,0.0,0.0,-0.004760692292585589,0.0
PyI,0.899,0.20469271289459687,0.1303584812477364,0.008616469801526852,0.02434271537651663,0.0,0.0,0.0,0.0,0.0,0.0,0.0,0.0,0.009968887125695177,0.0,0.0,0.0,0.010018160765708006,0.0,0.0,0.012219198192062708,0.00848686789178415,0.0,0.0,0.0,0.0,0.0,0.0,0.0,0.017985825939607587,0.0,0.0,0.0,0.0,0.0,0.0,0.0,0.0,0.008293587865023433
PyIAnTPh,0.9620000000000002,-0.14351202949512426,0.5740498457209292,0.02275611857262481,0.0,0.0,0.0,0.005750757368465581,0.014844617381712789,0.012171034900774987,0.0,0.0,0.0,0.0,0.0,0.0,0.0,0.0,0.00605749242390625,0.0,0.010007845393764765,0.0,0.0,0.0,0.0,0.0,0.0,0.0,0.011800823877544664,0.0,0.0,0.018863847314237726,0.0,0.0,0.0,0.0,0.0,0.0,0.0
PzTDBA,0.4439999999999999,0.14065362292572747,-0.1514459265552774,-0.003128350063858923,-0.005095677611444765,0.0,0.008576223163572106,0.0,0.0,0.0,0.0033011118841638092,0.0,0.0,0.0,0.0,0.0024107360310659932,-0.0022873468937454375,0.0,0.0,0.0,0.0,0.0,0.0,0.0,0.0,0.0,0.0,0.0015000194181203803,0.0,0.0,0.0,0.0,0.00574736923549273,0.0,0.0,0.0,0.0,0.0,0.0
P–Cu–C,0.5500000000000007,0.7252168727787038,-0.7057812919789986,0.0,0.024645628142148445,0.011133648272560226,0.0,0.003849105347582862,0.0,0.0,0.0,-0.0017156082096911527,0.0,0.0,0.0,0.0,0.0,0.0,0.0,0.0,0.007943886044527242,0.004250910696806498,0.0,0.0,0.0,0.0,0.0,0.0,0.0,0.0,0.0,0.0,0.0,0.0,0.0,0.0,0.01625398913730255,0.0,0.0
SABIQ,0.4479999999999999,-0.3253763831922033,0.3447072546291526,-0.012158594226839696,0.01939690768425026,0.011840668420615649,-0.011570070440711238,0.0,0.0,0.0,0.0,0.0,0.0,0.0,0.0,0.0,0.0,0.0,0.0,0.0,0.0,0.0,0.009158378556312456,0.0,0.0,0.0,0.0,-0.0065418773834755905,0.0,0.0,0.0,0.0,-0.014101745511286254,0.0,0.0,-0.01127866469288702,0.0,0.0,0.0
SAF-2CzB,0.4250000000000002,0.2720297383947191,-0.3082605291321583,0.0016346883770815075,-0.006316710824396864,0.0,0.004533579386191429,0.006176406882965559,0.0,0.0,0.0,0.0,0.0,0.0,0.0,0.0,0.0,0.0,0.0,0.0,0.0,0.0,0.0,-0.0035068380579204557,0.0,0.0,0.0,-0.004707187630188857,0.002127531519865425,0.0,0.0,0.0021403565542347427,0.0,0.0,0.0,0.0,0.0,0.0,0.0
SAF-2NP,0.1939999999999999,-0.3766574349154165,0.2114104120969977,-0.02308244360891093,-0.03155083730477407,0.0,0.0,0.0,0.0,0.0,-0.006654085295341056,-0.003129101632027731,0.0,0.0,0.0,0.0,0.0,0.0,-0.006109482891719537,0.0,0.0,0.001239264842790337,0.0,0.0,0.0,0.0,0.0,0.0,0.0,0.0,0.0,0.0,-0.025547611166489553,-0.003602467483060562,0.0,0.0,0.0,0.0,0.0
SAF-CzB,0.3970000000000002,0.23923494146701776,-0.28416241455446056,0.0,-0.008653903182266071,-0.008770737648186111,0.0,0.0,0.0,-0.0017527912882746377,0.0,0.0,0.0,0.0,0.0,0.0,0.0,0.0,0.0,0.009235033122518856,0.0,-0.00209422286008675,0.004264583663013952,0.0,0.0,0.0,0.0,0.0,0.0,0.0,0.0,0.0,0.0,0.0,-0.005434150161989772,-0.001972509684163455,0.0,0.0,0.0
SAFDPA,0.3610000000000002,0.14301515275652601,-0.2169582228141116,0.0,0.0,0.0,0.0,-0.008720817110669372,0.0,0.0,0.0,-0.0007983858127620674,0.0,0.0,0.0,0.0,0.0,0.0026464694381479136,0.0,0.0,-0.009756306392355679,0.0,0.0,0.0,-0.004506568611768957,0.0,-0.0023590887310199356,0.0,0.0,-0.005577102428922528,0.0,0.0,0.0,0.0,0.0,0.0,0.0,0.0,0.0
SAIP,0.213,0.059577466490647005,-0.21607456541919567,-0.008963274392460795,0.0,-0.007034409905890622,-0.017211968104270576,0.0,0.0,-0.01057561705288273,-0.016826880364633867,0.0,-0.011827184541564046,0.0,0.0,0.0,0.0,-0.014439774658789706,0.0,0.0,0.0,0.0,0.0,0.0,0.0,0.0,0.0,0.0,-0.007611978092176838,0.0,0.0,0.0,0.0,0.0,0.0,0.0,0.0,0.0,0.0
SBA,0.6179999999999994,0.43899622104586694,-0.32840554579897446,0.0,0.0,0.0,0.006099974591529861,0.0,0.0,0.0,0.0,0.0,0.0,0.0,0.0,0.005094137277590286,0.0022079583245767044,0.0,0.004738682906506027,0.0,0.0,0.0,0.0,0.0,0.0,0.0,0.0016040719801298387,0.0,0.0,0.006501623548363162,0.0013750132139042082,0.0,0.016016882563371016,0.0,0.0,0.0,0.0,0.0,0.0
SBA-2DPS,0.5909999999999997,0.31396845845166105,-0.2408036736433817,0.0004353384846024988,0.0,0.0,0.002068493150136428,0.0,0.0,0.0,0.0,0.0,0.0,0.0,0.0,0.005179498056945108,0.00578927382211318,0.0,0.0,0.0044742418717501065,0.0,0.0,0.0,0.010905101543419964,0.0,0.0,0.0,0.0,0.0,0.0,0.0,0.0,0.016857738748600335,0.0,0.0,0.0,0.007908159477695664,0.0,0.0
SBDBQ-PXZ,0.1979999999999999,-0.40799986753864104,0.27422255849694355,-0.024745808542172256,-0.044819888439402725,0.0,0.0,0.0,0.0,0.0,0.0,0.0,0.0,0.0,0.0,0.0,0.0,0.0,0.0,-0.008412485140519293,0.0,0.0,-0.0022370246741558277,0.0,0.0,0.0,0.0,0.0,-0.006089315051293555,0.0,0.0,-0.009774656724150677,-0.021663329051016925,-0.01104176178533579,0.0,0.0,0.0,0.0,0.0
SBF-AnCN,0.932,-0.17020156736666636,0.5046491517135491,0.04114278552314907,0.03610902481238236,0.0,0.011178304973148012,0.0,0.0,0.009006698385155299,0.0,0.0,0.006196995370939957,0.0,0.0,0.016436826650991988,0.0,0.0,0.0,0.0,0.017840709497333518,0.0,0.0,0.0,0.0,0.0,0.0,0.015935756842424702,0.0,0.0,0.0,0.0,0.0,0.0,0.0,0.0,0.0,0.0,0.0
SBF-PXZ,0.387,-0.058825313770373276,0.03739001561412719,0.0,0.0,0.0,0.0,0.0,0.0,0.0,0.0,0.0,0.0,0.0,0.0,0.0,-0.0034105204239438247,0.0,0.0,0.0,-0.006396868783504055,0.0,-0.004044991356706373,0.0,0.0,0.0,-0.0029777099328075337,-0.0054337133380960275,-0.009679735806800469,0.0,0.0,-0.007104100055454592,0.0,0.0,0.0,0.0,0.0,0.0,-0.008215736531114303
SBTF,0.7359999999999998,0.04278069963500644,0.10911127868149514,0.024493417047454193,0.037020971113788645,0.0,0.0,0.0,0.0,0.0,0.0,0.001679517009587417,0.0,0.0,0.0,0.0,0.0,0.0,0.0,0.008638740575910495,0.005397204280493062,0.0,0.0,0.0,0.0,0.0,0.0,0.0,0.0,0.031805172010288936,0.0,0.0,0.006904705872687674,0.0,0.0,0.0,0.0,0.004634644165906834,0.0
SF-DPSO,0.7239999999999998,0.5611480293356345,-0.44803420006601313,0.014996684192607053,0.026682806463186933,0.0,0.0,0.0,0.0,0.0,0.0,0.0,-0.0005212337586994252,0.0,0.0,0.0,0.0,0.0,0.0,0.006836068796377169,0.0,0.006110037449670591,0.0,0.0,0.0,0.0,0.0,0.0,0.0,0.0,0.0045523211729120005,0.00982875807617227,0.013591898006073232,0.0,0.0,0.0,0.0,0.0,0.0
SFAC-BP-SFAC,0.1259999999999999,-0.04485195751389033,-0.19624936321860315,-0.013800027388240694,-0.02059993201324604,0.0,0.0,0.0,0.0,0.0,0.0,0.0,-0.006435578351435989,0.0,0.0,0.0,0.0,0.0,0.0,-0.005075705125392826,0.0,0.0,-0.005109779374060125,0.0,0.0,0.0,0.0,0.0,0.0,0.0,0.0,0.0,-0.008595579234617304,0.0,0.0,-0.00694832529186224,0.0,-0.010387533438236743,0.0
SFCz,0.3409999999999997,0.12621268357958534,-0.18520215859006517,0.0,0.0,0.0,0.0,0.0,0.0,0.0,0.0,0.0,-0.0040891838692301685,-0.013038326992654356,0.0,0.0,0.0,-0.0015798819929360858,-0.005480074020223331,0.0,0.0,0.0,0.0,-0.008362253501395911,0.0,-0.008558774648803546,0.0,0.0,0.0,0.0,0.0,-0.003640989424002403,0.0,0.0,0.0,0.0009965794888548618,0.0,0.0,0.0
SFI23pPM,0.3890000000000002,0.24721688340453193,-0.30219662374923617,0.003611105831088417,-0.006053992002384734,0.0,0.004458751660754416,0.0,0.0,0.0,0.0,0.0,0.0,0.0,0.0,0.0,0.0,0.0,0.0,0.0,0.0,0.0010084471688424836,0.0,0.0,0.0,0.0,0.0,0.0,0.001021686042130765,0.0,0.0,0.0,0.005604338168783251,0.0,0.0,0.008185816117526688,0.0,0.004220926415044327,0.0
SFI34pPM,0.3660000000000001,0.2001116323035119,-0.26881094239441267,0.0,-0.002618804658796926,0.0,0.0,-0.0009167935390084434,0.0,0.0,0.0,0.0,-0.000680908058312063,0.0,-0.0029446603394992876,0.0,0.0,0.0,0.0,0.0,0.0,0.0,0.0,0.0,0.0,0.0,0.0,0.0,0.0,-0.005021779105239909,0.0,0.0,0.0,0.0,0.0,0.006909928293649947,-0.005446680477755027,-0.0039138134326775565,0.0
SFPC,0.3389999999999999,-0.16569571698758373,0.07203969131589698,0.0,0.0,0.0,0.0,0.0,0.0,0.0,0.0,-0.001813511874767229,0.0,0.0,0.0,0.0,0.0,0.0,0.0,0.0,-0.0024884393400131668,0.0,-0.005673675592920159,-0.004914090975744293,0.0,-7.532783188637648e-05,0.0,0.0,0.0,-0.0038225496319121005,0.0,-0.007737772381574928,0.0,0.0,0.0,-0.005091442595794002,0.0,0.0,0.0
SFX-bPy,0.5990000000000002,0.30606966219166154,-0.23777446967332727,0.0,0.021400812261385713,0.0,0.0,0.0,0.0003230742280182146,0.0,0.006726422761526268,0.006714715021632534,0.0,0.0,0.0,0.0,0.0008171676923832711,0.0,0.0,0.0,0.0,0.0,0.0,0.0,0.0,0.0,0.0,0.012235655442127949,0.0,0.0,0.0,0.0,0.0056316876239777885,0.0,0.012964180170966353,0.0,0.0,0.0,0.0
SIR-A,0.0,-0.06074786670006135,-0.15510378734737496,-0.020886759569352254,-0.06154622014610259,-0.01589605474323296,0.0,0.0,0.0,0.0,0.0,0.0,-0.023398774504200692,0.0,0.0,0.0,0.0,0.0,0.0,-0.03319461566963367,-0.031048637208144964,0.0,0.0,0.0,0.0,0.0,0.0,0.0,0.0,0.0,0.0,0.0,-0.013605663471240757,0.0,0.0,-0.028608440817613552,0.0,0.0,0.0
SIR-B,0.0109999999999996,-0.1182785099049166,-0.11235163420820231,0.0,-0.039830850047386575,0.0,0.0,0.0,0.0,0.0,0.0,0.0,0.0,0.0,-0.02819614423930424,0.0,0.0,0.0,-0.020555939815086337,-0.025527839424870115,-0.03698523545575562,0.0,0.0,0.0,-0.013620372200936925,0.0,0.0,0.0,0.0,0.0,0.0,0.0,0.0,0.0,-0.020520334678218434,-0.0214076919054447,0.0,0.0,0.0
SIR-C,0.0139999999999997,-0.0900370124816412,-0.12615813421589006,-0.03707760663381084,-0.05533917380180244,0.0,0.0,0.0,-0.01786919890263648,0.0,0.0,0.0,0.0,0.0,0.0,0.0,0.0,0.0,0.0,-0.024622184553637516,-0.025245468415945143,-0.023729549139087557,0.0,0.0,0.0,0.0,0.0,0.0,0.0,0.0,0.0,0.0,-0.008747778586964695,0.0,-0.02089784997281219,0.0,0.0,0.0,0.0
SPAC-FO,0.221,-0.5286046056670026,0.37549161959429234,-0.010839394054769068,-0.01772442193267261,0.0,0.0,0.0,0.0,-0.0030356125398217364,0.0,0.0,0.002053543466661225,0.0,0.0,0.0,0.0,0.0,0.0,-0.008046248735795652,0.0,0.0,0.0,0.0,0.0,0.0,0.0,0.0,0.0,0.0,0.0,-0.003963287407996569,-0.01689444782613038,0.0,0.0,0.0,-0.01095625936862677,0.0,0.0
SPBAC-PH,0.6100000000000003,-0.03490719145617646,0.11893478384186429,0.0,0.0,0.0,0.0,0.003944321156251,0.012200412883219627,0.0,0.006785781830117352,0.0,0.009242923983688296,0.0,0.010813264877120417,-0.00020120203759890862,0.0,0.0,0.0,0.0,0.0,0.0,0.0,0.0,0.0,0.0,0.015382707979784398,0.003974486821253176,0.0,0.0,0.0,0.0,0.0,0.0,0.0,0.0,0.0,0.0,0.0
SPBP-DPAC,0.6179999999999999,-0.059810687600630845,0.19464931464290153,0.0,-0.004530302830634957,0.0,0.0049700930581245565,0.0017401907547749216,0.0,0.0,0.0,0.0023593735410240304,0.0,0.0,0.0,0.0,0.0,0.0,0.0,0.0,0.0,0.0,0.0016299414214795177,0.0,0.0,0.0,0.0,0.0,0.0,0.0,0.0,0.009363939976260642,0.0023500365001063437,0.0,0.0,0.0,0.0014537232157617874,0.0,0.0
SPFS-PXZ,0.3850000000000002,-0.0614057044286222,0.027519875742127695,0.006336207031779423,0.0,0.0,0.0,0.0,0.0,0.0,0.0,-0.006504159091891443,-0.0052514560703661025,0.0,0.0,0.0,0.0,0.0,0.0,-0.003889203694059344,-0.004592014766178114,0.0,0.010664718733132275,-0.012039303598673596,-0.009860035820532137,0.0,0.0,0.0,0.0,0.0,0.0,0.0,0.0,0.0,0.0,0.0,0.0,0.0,0.0
STAC-BP-STAC,0.1379999999999999,-0.05127463688416079,-0.1999491093839684,-0.007474068255357144,-0.015496739387231341,0.0,0.0,0.0,0.0,0.0,-0.004394978680132666,0.0,-0.0049896959580025485,0.0,0.0,0.0,0.0,0.0,0.0,-0.005538557432230224,0.0,0.0,0.0,0.0,0.0,0.0,0.0,0.0,0.0,0.0,0.0,-0.005015114585759313,0.0,0.0,-0.0038525755985674326,-0.0077415840129710775,0.0,0.0,0.0
SXAC-BP-SXAC,0.1340000000000003,-0.04397188420960829,-0.2002077381256559,-0.014031950172220876,-0.017906052819362726,0.0,0.0,0.0,-0.005918821456363659,-0.004348646661817017,0.0,0.0,0.0,0.0,0.0,0.0,0.0,0.0,-0.006192523313301425,0.0,0.0,0.0,0.0,0.0,0.0,0.0,-0.004303318534578271,0.0,0.0,0.0,0.0,0.0,0.0,0.0,0.0,-0.007652303061729505,0.0,-0.005342300627518236,0.0
SiCN2Cz,0.4130000000000002,0.4120228321733527,-0.45996107382484175,0.008217635531443019,-0.007167180499031627,0.0,0.0,0.0,0.0,0.0,0.0,0.0,0.0,0.0,0.0026109869233540447,0.0,0.004297405141833605,0.0,0.0,0.0,0.0034770176187406366,0.0,-0.005974891249470343,0.0,0.0,0.0,0.0,0.0,0.0,0.0,0.0,0.0,0.0077611407492921775,0.0,0.0,0.0,0.0,0.0,0.0037915743482841674
SiCz1Py3,0.431,0.10638964407597878,-0.11776582086671894,0.0,0.0,-0.014018507379801952,0.0,0.0,0.0,0.0,0.0,0.0,0.015488825884651539,0.0,0.0,0.0,0.0,0.0,0.0,-0.0004658705671265541,0.0,0.0,0.0,0.0,0.0,-0.01048513436539436,0.017351821492041754,0.0,0.0,0.0,0.0,-0.007609182852213722,0.0,0.0,0.0,0.0,-0.006624732942625944,-0.007694952880595808,0.0
SiCz2Py2,0.4220000000000001,0.09500124704069884,-0.08172878527875103,-0.013872929544764635,0.0,0.0,0.0,0.0,0.0,0.0,-0.00904959461219805,-0.01203312668525562,0.0,0.0,0.0,0.0,0.005298531190390701,0.0,0.0,0.0,0.0,0.0,0.0,0.0,0.0,0.0,0.010307656702728556,0.0,0.011081380027636542,0.0,0.0,0.0,0.0,0.0,0.0,0.0,0.0,0.014667484859773643,-0.011537003371640236
SiCz3Py1,0.419,0.2735425274152181,-0.30786460082872996,0.0,0.0,-0.00333412493489714,0.010864809688775762,0.0,0.0007158224961994209,0.0,0.0,0.0,0.0,0.0,0.0,0.0,0.0,0.0,0.0,0.0013785198236874277,0.0,0.0,-0.007293707720102055,0.0,0.0,0.0,0.0,0.0,0.0,0.0,0.0,0.0,0.007046773268798606,0.0,-0.0022504994898472014,0.00235413428204315,0.0,0.0,0.0
SiTCNCz,0.4129999999999993,0.18239509808327453,-0.20796743291180173,0.0,-0.008611659345688352,-0.00926494713663968,0.0,0.0,0.0,0.0,0.0,0.0,0.0,0.0,0.0,0.0,0.0,0.0,0.0,0.0,0.0,-0.00966755824787287,0.0,0.0,0.0,0.0,0.011114935821121068,-0.008517386322059027,0.0,0.0,0.0,-0.006082279532735957,0.0,0.0,0.0,0.02026443106581204,-0.006976374303223927,0.0,0.0
Spiro-CN,0.4290000000000002,-0.103345541597869,0.08300577801116563,0.0,0.0,0.0,0.0,0.0,-0.0012235305590407408,-0.0027720400616528503,0.0,0.0,0.0,0.0,0.0,0.0,0.0,0.0,-0.003188652688069415,0.0,0.0,0.0,0.0,0.0,0.0,-0.003876249672826927,0.0,-0.002476200025035175,0.0,0.0,0.0,0.033736295649468465,-0.010755690585120499,0.0,0.0,0.0,0.0,-0.003751407071459408,0.0
SpiroAC-TRZ,0.1169999999999999,0.0,-0.27478021518224527,-0.008720189235942588,-0.019353617226741303,0.0,-0.0041600849224807095,0.0,-0.006595307128551241,0.0,0.0,0.0,0.0,0.0,0.0,0.0,0.0,0.0,0.0,0.0,0.0,0.0,-0.006148350122526746,0.0,0.0,0.0,0.0,0.0,0.0,-0.002223487756355391,0.0,-0.0031062017921568005,0.0,0.0,0.0,-0.004692619741908392,0.0,-0.0058607509051569855,0.0
SpiroAc,0.6240000000000001,0.4676572019981907,-0.3388376076415292,0.0,0.0,0.0032254223025869663,0.01155107044000249,-0.00039266478239010646,0.0,0.0,0.0,0.0,0.0,0.0,0.0,0.0,0.0,0.0,0.0,0.002372908183878603,0.006440110943245293,0.003359286285720073,0.0,0.0022577218624965753,0.0,0.0,0.0,0.0,0.0,0.0,0.0,0.0,0.0,0.0,0.0,0.002041684274730504,0.0,0.0,0.0
TAA-PPO,0.5160000000000002,-0.5008573642149331,0.60522806859723,-0.011057915295618934,0.019021336384391727,0.0,-0.021984625669481395,0.0,-0.0051990559400264535,0.0,0.0,0.0,0.0,0.0,-0.0021058820976461584,0.0,0.0,0.0,0.0,-0.016416580079802685,0.0,-0.008722033082464355,0.0,0.0,0.0,0.0,0.0,0.0,0.0,0.0,0.0,0.0,-0.00610484043586433,0.0,0.0,0.0,0.0,0.0,0.0
TABD-COOH,0.714,-0.09697808612648033,0.3123429989217998,0.0,0.02565787884700337,0.0,0.0,0.0,0.0,0.0,0.0,0.0,0.0,0.0,0.0,0.0,0.0043260841948626364,0.0,0.0006566852213671783,0.0,0.0,0.0,0.0,0.004043521175898081,0.0,0.0021555413701930047,0.0,0.0,0.0,0.0,0.0,0.008301753636188456,0.005631416769209039,0.0,0.0,0.004137118952423191,0.0,0.0,0.0
TATP-BP,0.2389999999999998,0.07418418154551706,-0.18713083031322125,0.0,0.0,0.0,0.0,0.0,0.0,0.0,0.0,0.0,0.0,-0.013911472463291247,0.0,-0.013996595619012168,-0.004749637704980641,0.0,0.0,0.0,0.0,0.0,-0.012015614860659376,-0.006148302760065041,-0.005731677840286871,-0.008287610652604518,0.0,0.0,0.0,0.0,0.0,0.0,0.0,0.0,0.0,0.0,-0.02718561177698134,0.0,0.0
TAZ-PPI,0.3930000000000002,0.21581142842533133,-0.2700287528566682,0.0,0.004319314039393706,0.0,0.0,0.0,0.0,0.0,0.0,0.0,0.0,0.0,0.0,0.0,0.0,0.0,0.0,0.0,0.0,0.0,0.0,0.0,0.0,0.0,0.0,0.010994644146032696,0.0,0.005477491901647355,0.0,0.003822844990105065,0.0027820901084821196,0.0023166856165986838,0.01260017824246035,0.0,0.0,0.009492476301191488,0.0
TBAc,0.7720000000000002,0.19729175834292462,0.0,0.0,0.0326810762730306,0.0,0.0,0.006554991649304077,0.0,0.0,0.0,0.0,0.0,0.0054914476010948865,0.0,0.0,0.0,0.0,0.00517668408651234,0.006461990871720822,0.017238751933300114,0.0,0.013504762913901945,0.0,0.0,0.008013356580475793,0.0,0.015578533269392224,0.0,0.0,0.0,0.0,0.0,0.0,0.0,0.0,0.0,0.0,0.0
TBN-TPA,0.4599999999999999,-0.2530864095054853,0.25800340887033313,0.0,-0.014373625968058041,0.0,0.006495446186429019,0.003498075493280529,0.0,0.0,0.0,0.0,0.0,0.0,0.0,0.0,0.006832304549045946,0.0,0.0,0.0,0.0,0.0,0.0,0.0,0.0,0.0,0.0,0.0,0.0,0.0,0.0,0.004063662802053749,0.002658644109025191,0.0,-0.0036321083456108193,-0.004934626858012648,0.0,0.0,0.0
TBPM2CN,0.403,0.19311298268596963,-0.2403872893072812,0.0,0.006215196131307355,0.0,0.0,0.0,0.0,0.0,0.0,0.0,0.0,0.0,0.0,0.0,0.0,0.0,0.0,0.0,0.0,0.010245147524820373,-0.007862827653753061,0.0,0.0,0.004350326043717695,0.0,-0.00568205829716085,0.0,-0.0019020009064462714,0.0,0.0,0.0,0.0,0.0,-0.003215832537462479,0.004198354246632903,0.0,0.0
TBPe,1.003,-0.14902045828303817,0.5671323958471606,0.018620737728366143,0.035683468914981496,0.0,0.021911379308824773,0.0,0.017934249465307875,0.0,0.0,0.0,0.0,0.0,0.0,0.0073622801368070255,0.01672681145236411,0.006684882372625905,0.0,0.0,0.0,0.0,0.0,0.0,0.0,0.0,0.0,0.0,0.0,0.0,0.0,0.01574667076665841,0.0,0.0,0.0,0.0,0.0,0.0,0.0
TBRb,0.9209999999999998,-0.6490513698187019,0.9917241088718635,0.02477551444032145,0.02669895860959648,0.0,0.012161422520877475,0.0,0.008913945154024881,0.0,0.0,0.0,0.0,0.0,0.0,0.0,0.012873809821588028,0.0,0.0,0.010781717633056694,0.0,0.0,0.0,0.0,0.0,0.0,0.0,0.0,0.0,0.0,0.0,0.0,0.0,0.0,0.014341553511328707,0.0,0.0,0.0,0.0039617105338870485
TBTAC,0.673,-0.2848256791741215,0.450123615110402,0.0037971717525628283,0.012159261414945326,0.0,0.0024885672013293834,0.0,0.0,0.0,0.006017656488452402,0.0,0.0,0.0,0.0,0.0,0.0,0.0,0.003925023508932778,0.013934456588363576,0.0,0.0,0.000700790340633417,0.0,0.0,0.0,0.0,0.0,0.0,0.0,0.0,0.0,0.0,0.0019075269589278311,0.0,0.0,0.0,0.0,0.0
TCB,0.3930000000000002,0.1734221269284001,-0.23242417744938665,-0.0023766901097212884,-0.006612910936747932,0.004445427198601692,0.0034072228761247146,0.0,0.0,0.0,0.0,0.0,0.0,0.0,0.0,0.0,0.0,0.0,0.0,0.0,0.0,0.006337069736048303,-0.004113433363086343,0.0,0.0,0.0,0.0,0.0,0.0,0.0,0.0,0.011930807990864881,-0.0034313402367713358,0.0,0.0,0.0,0.0,0.0,0.0
TCP,0.4949999999999996,0.31650766008357767,-0.3006465423136727,0.0,-0.005924754384408774,-0.0038945590393102227,0.0,0.0033626307199245507,0.0,0.0,0.0015548821315213954,0.0,0.0,0.0,0.0,0.0,0.0,0.0,0.004622616460083944,0.0,0.0,0.0,0.0,0.0,0.0,0.0,0.0,0.0,0.0,-0.0031381288608030786,0.0,0.0,0.01576431890576556,0.0,0.0,0.0034558432363203085,0.0,0.0,0.0
TCPZ,0.72,-0.3139676789419684,0.4176540499129951,0.0,0.009329125467608553,0.0,0.0,0.0,0.0,0.0,0.0,0.0,0.0,0.0,0.0,0.007966851751823736,0.0,0.0,0.0,0.0,0.0,0.013241538435892297,0.0,-0.028154614933345146,0.0,0.0,0.0,0.07854900683825247,0.0,0.026850190884513448,0.0,0.0,0.0,0.02700442315160068,0.0,0.0,0.0,0.01782238075617121,0.0
TCZ1,0.4670000000000001,0.09295079684427618,-0.08001425203961972,0.006512796986830313,-0.010623976530029033,-0.012752861581560726,0.0,0.0,0.0,0.0,0.0,0.0,0.0,0.0,0.0,0.0,0.0,0.0,0.0,0.0,0.0,0.0,0.0,0.0,0.0,0.0,0.0,0.0,0.0,0.016577859426872687,0.0,-0.0063563210754982065,0.015298304846084333,-0.001391756495175582,0.0,0.0,0.0,0.002643422504646562,0.0
TCbTrz,0.3780000000000001,0.07610282008421156,-0.10223944188229578,0.0,0.0,0.0,-0.009150296444581464,0.0,0.0,-0.002850801415079395,0.0,0.0,0.0,0.0,0.0,0.0,0.0,-0.0016811884518597442,-0.009871678652224339,0.0,-0.0017756952941694168,0.0,0.0,0.0,0.0,0.0,0.0,0.0,-0.0026585055831449675,0.0,0.0,0.0,0.0,0.0,0.0,0.0,-0.007239600750610378,-0.004507639350550387,0.0
TCz-3PA-TCz,0.4710000000000001,0.1451728787243497,-0.14778031801929248,0.006872703459690779,0.008766283136409262,0.0,0.004112093435466931,0.0,0.0,0.0,0.0,0.0,0.0,0.0,0.0,0.0,-3.0453477663411067e-05,0.0,-0.00041053385130653854,-0.00040096108154277657,0.0,0.0,0.0,0.0,0.0,0.0,0.0,0.0,0.0,0.0,0.0,0.0049808811403938115,0.006008114332967582,0.0,0.0,0.0,0.0,0.0,0.0
TCz1,0.4679999999999999,0.11234404069944358,-0.10584124704915185,0.004613386153397562,0.0,0.00397880615342674,0.0,0.0,0.0,0.0,0.0,0.0,0.0,0.0,0.0,0.0,0.0,0.0,0.0,0.0,0.0,0.0035788392587632967,0.0,0.0,0.002105341394852099,0.0,0.0,0.0,0.0,-0.005388938257528452,0.0,-0.006486537258918313,0.007696594344725383,0.0,0.0,0.00583239554866005,0.0,0.0,0.0
TCzTrz,0.3080000000000003,0.13594763276641608,-0.22677543329520833,0.0,0.0,-0.007256354305501491,0.0,0.0,0.0,0.0,0.0,-0.002858828168938954,0.0,0.0,0.0,-0.003596520752756253,-0.010313648157106534,0.0,0.0,0.0,0.0,0.0,-0.02653694205730111,-0.006092479408920928,0.0,0.0,0.0,0.0,0.0,0.0,0.0,0.0,0.0,0.0,0.0,-0.006473801675072773,0.0,0.0,-0.0019427057915905167
TDBA-DI,0.4779999999999997,0.06407219453542543,-0.05162821003932811,0.0,-0.012329828910988773,0.0,0.0,0.0,0.0,0.0,0.0,0.0,0.0015947267336255712,0.0,0.0,0.0033501846125231723,0.0,0.0,0.0,0.0,0.0,0.0,0.0,0.0,0.0,0.0028249906567463356,0.0,0.0,0.0,0.003270233672038776,0.0,0.0,0.0,0.0,0.0031466518382053496,0.003907108041525469,0.0,-0.004231323549311347,0.0
TDBA-SBA,0.492,0.06309782913829691,-0.036269377268421395,0.0,-0.011041926219376256,0.0,0.010781520010842021,0.0,0.0,0.0,0.0,0.0,0.0,0.0,0.0,0.0,0.0,0.0,0.002350159599066261,0.00719322888709794,-0.004490988712157411,0.0,-0.004356713831498779,0.0029953232202536133,0.0,0.0,0.0,0.0,0.0,0.0,0.0,0.0,-0.002504627029276063,0.0,0.0,0.0,0.0,0.0,0.0
TDBA-TPDICz,0.5009999999999999,-0.17215954884082207,0.2104278144722212,0.009689498723112411,-0.012660764071947378,-0.0034773725290052956,0.0,0.0,0.0,0.0,0.0,0.0,0.0,0.0,0.0,0.0,0.0,0.0,0.0,0.0,-0.007365921514295567,0.0,0.0,0.0,0.0,0.0,0.0,0.009496272591576338,0.0,0.0,0.0,0.0,-0.006665019066643733,0.006002744761975346,0.006991477417369117,0.0,0.0,0.0,0.0
TDPA–TRZ,0.5309999999999997,0.012290120967549934,0.03703243385253809,0.0,0.002345638317909978,0.002727906379064764,0.0,0.0020815601393022235,0.0,0.0,0.0,0.0,0.0,0.0,0.0,0.0,0.0,0.0,0.0,-0.005147402634673795,0.0,-0.009889612613202247,0.0,0.0,0.0,0.0,0.0,0.0,0.0,0.0,0.0,0.003765673400321405,0.0020858673817093307,0.0,0.0,0.003895190573721018,0.0,0.0,0.0
TFM-QP,0.3780000000000001,-0.018355297877449023,0.0,0.0,-0.005800619026637296,0.0,0.0,0.0,0.0,0.0,-0.0013126467694898752,0.0,0.0,-0.0028144726632260007,-0.007937161464790439,0.0,0.0,0.0,0.0,0.0,0.0,0.0,0.0,0.0,0.0,-0.0038480290655600806,-0.004208396353108054,0.0,0.0,-0.00990181547603993,0.0,-0.003348412240057283,-0.008389794136973522,0.0,0.0,0.0,0.0,0.0,0.0
TMAB,0.4250000000000002,0.306259242515272,-0.3373842006789666,-0.013235188569121816,-0.0073927855133039235,0.0,0.0,0.0,0.0032552203017905167,0.0,0.0,0.0,0.0,0.0,0.0,0.0,0.0,0.0026354130031637753,0.0,0.0,-0.007310879757540901,0.0,0.0,0.0,0.0,0.0,0.0,0.0,0.0,0.0042821500901084174,0.0,0.0,0.0,0.004334979978925618,0.005766520718794535,0.0,0.0,0.0,0.0
TMDBP,0.5819999999999999,0.33191907174149643,-0.24360353750527686,0.0,0.0,0.0,0.0,0.0,0.003745612726973967,0.0,0.0,0.0,0.0,0.0,0.0,0.0,0.0,0.0019010342999828955,0.0,0.0,0.003408387081857879,0.0,0.0,0.0,0.0009096353682563591,0.0,0.0,0.0,0.0,0.007590957125524744,0.0,0.0,0.011693065043130727,0.0,0.0,0.006642942573088757,0.0,0.003311469740325138,0.0
TMOE,0.766,0.15509059585613816,0.08410392277662751,0.018989752721237624,0.01807549688227737,0.0,0.0,0.006791834255321583,0.009773129009877224,0.0,0.0,0.0,0.0,0.0,0.0,0.0,0.0,0.0,0.0,0.006783091947130036,0.0,0.0,0.0,0.0,0.007863925399992413,0.0,0.0,0.0,0.0,0.0,0.0,0.01407905078827734,0.008510654409092933,0.0,0.0,0.0,0.0,0.0,0.0
TNPZ,0.2179999999999999,-0.13193617094130147,-0.04872817565620134,0.0,0.0,0.0,0.0,0.0,0.0,-0.004638656481882963,0.0,0.0,0.0,0.0,0.0,0.0,-0.011473299288421768,0.0,0.0,0.0,0.0,0.0,0.0,0.0,0.0,0.0,0.0,-0.007672828473803402,0.0,-0.0059228836742136306,0.0,-0.016576420178049996,0.0,-0.0055222845820782455,-0.005188216126886691,-0.008422261607831431,0.0,0.0,0.0
TPA-2,0.1399999999999996,-0.47224113561829334,0.291094691793177,0.0,0.0,-0.01742622767037206,0.0,0.0,0.0,-0.01675050468293017,0.0,0.0,0.0,0.0,-0.002750476827201818,0.0,0.0,0.0,0.0,0.0,0.0,-0.015741935042711194,-0.02129476483381232,0.0,0.0,0.0,0.0,-0.02128149695021615,0.0,0.0,0.0,-0.019723690345936483,0.0,0.0,0.0,0.0,0.0,0.0,-0.007277508505531016
TPA-AN-NA,0.951,-0.15271282771366204,0.5258378636475444,0.03292405530927116,0.03750245794866137,0.005083359610489557,0.0,0.0,0.0,0.0,0.0,0.0,0.007493342607097287,0.0,0.0,0.0,0.0,0.0013250007533035305,0.0,0.0,0.02045809856518173,0.0,0.0,0.0,0.0,0.0,0.0,0.0,0.0,0.0,0.0,0.012955360441670033,0.0,0.0,0.016346413120039868,0.0,0.0,0.0,0.0
TPA-AP,0.552,0.021753630758196987,0.005531312873694867,0.01060557949058302,0.025176750663260146,0.0,0.0,0.0,0.0,0.0,0.0,0.0,0.0,0.0,0.0,0.002877151255720017,0.0,0.0,0.0,0.0,0.014070913444380504,0.0,0.0,0.0,0.0,0.0048732946956476925,0.0,0.0,0.0,0.03393342577449354,0.0,0.0,-0.015704901849753202,0.0,0.0022058295497161817,0.0,0.0,0.0,0.0
TPA-APm,0.0190000000000001,-0.6226787161785187,0.27373390845805945,0.0,-0.010947339103679128,0.0,0.0,0.0,0.0,0.0,0.0,-0.005382998403605835,0.0,0.0,0.0,0.0,0.0,0.0,-0.00843780843055871,0.0,0.0,0.0,0.0,0.0,0.0,-0.008986457320437742,0.0,0.0,-0.006377935544855242,0.0,0.0,-0.02160918259386141,-0.013948484102872367,-0.0004658401316838743,0.0,0.0,0.0,0.0,0.0
TPA-APy,-0.0350000000000001,-0.4565119570727102,0.1011414163927104,0.0,0.0,0.0,0.0,0.0,0.0,0.0,-0.011718415274351688,0.0,-0.005452026614874823,0.0,0.0,-0.016445777280353728,0.0,-0.009935117775191904,0.0,0.0,0.0,0.0,0.0,0.0,-0.012930086593592566,0.0,0.0,0.0,0.0,0.0,0.0,0.0,-0.02398577846456726,0.0,0.0,-0.02284547228244662,-0.020089947448376624,0.0,0.0
TPA-BT-Q,0.5839999999999996,0.4519369160059226,-0.357612947520714,0.0032003505500744706,0.0,0.0,0.013819744264833676,0.0,0.0,0.0,0.0,0.0,0.0,0.0,0.0,0.0,0.0,0.0,0.0,0.0,0.0,0.0,0.0,0.0,0.0,0.0,0.0037088349255233236,0.0016828248419311809,0.00406062423251411,0.0,0.0,0.003837112829179948,0.01043326122585277,0.0,0.0,0.0,0.0,0.00509292874549605,0.0
TPA-CN-N4,0.0659999999999998,-0.16896828319914495,-0.09792672788621766,0.0,0.0,0.0,-0.010258664171964747,0.0,0.0,0.0,0.0,0.0,0.0,0.0,0.0,0.0,0.0,0.0,0.0,0.0,0.0,0.0,-0.01278920817857574,0.0,0.0,0.0,0.0,-0.012258413521720945,0.0,0.0,-0.02835358449010689,-0.019713829314140924,0.0,-0.007046808775595936,0.0,-0.01002620685805361,0.0,-0.010740091702073669,0.0
TPA-CN-N4-2PY,0.556,0.22181281437788963,-0.1431821280530676,0.0,0.0,0.0,0.005590607761116133,0.0034407872537689245,0.0,0.0,0.0,0.0,0.0,0.0,0.0,0.0,0.005407514956663556,0.0,0.0,0.0,0.0,0.0,0.0,0.0,0.0,0.0,0.0,0.0,0.0,0.0,0.0,0.005657701782587192,0.009318604791506285,0.002386918509194322,0.0,0.0041661128339023756,0.0,0.0,0.0036085168675466985
TPA-DCPP,0.3919999999999999,0.12614634608562075,-0.18626672989085932,0.0,0.0,-0.00497823947050271,0.003814391330973555,0.0,-0.0015579432184159997,0.0,0.0,0.0,0.0,0.0,0.0,0.0,0.0,0.0,0.0,0.0,0.0,0.0048589299998490374,0.0,0.0,0.0,0.0,-0.0011999417214367326,-0.0039300772111739695,0.0,0.005089332073007375,0.0,0.0,-0.01399117677969883,0.0,0.0,0.0,0.0,0.0,0.0
TPA-DPPI,0.399,0.2829094597671027,-0.33378329696666964,0.0,0.00651981182352125,0.0,-0.007021008643361445,0.0,0.0,0.0,0.0,0.0,0.0,0.0,0.0,0.0,0.0,0.0,0.0,0.0,0.0,0.0,-0.011209915089696045,0.0,0.0,0.0,0.0,-0.0032087139093352544,0.0,-0.0028881692598340253,0.0,0.015022023701663894,0.0,0.0,-0.0032215543879296885,0.0,0.00716131359433296,0.0,0.0
TPA-L-BN,0.5369999999999999,0.38174675719220197,-0.31311048322050294,0.0,-0.005771149629383757,0.0,0.0,0.0,0.0,0.0,0.0,0.0,0.0,0.0,0.0,0.0,0.0024923034890784413,0.0,0.0,0.0,0.0,0.0,0.0,0.0,0.0,0.003173036175519258,0.0,0.006238958471621733,0.0,0.0,0.0,0.0006959643095976396,0.003976298096392344,0.0,0.0,-0.008321876572393987,0.0020708507813336414,0.0,0.0
TPA-NZP,1.004,-0.31106521374378343,0.7165884026498611,0.016899189800461803,0.03982504456228562,0.0,0.0,0.009017681970936556,0.0,0.0110877582506707,0.0,0.0,0.0,0.0,0.010235879866826673,0.0,0.0,0.0,0.0,0.0,0.0,0.0,0.0,0.0,0.013637405240664577,0.0,0.0,0.029542838352864198,0.004427035019069563,0.0,0.0,0.0,0.0,0.0,0.0,0.0,0.0,0.0,0.0
TPA-PPO,0.6349999999999998,0.06068052554808571,0.06559843335970825,0.006424959813235198,0.013399408268444149,0.0025325729544296693,0.0,0.0,0.0,0.0,0.0,0.0,0.0,0.0,0.0,0.0,0.0,0.0009489767780990477,0.0,0.0,0.0,0.008088380886458186,0.0,0.001653595299587383,0.0,0.0,0.0010315409449746986,0.0,0.0,0.0,0.0,0.010558455364818038,0.0,0.0,0.0,0.0,0.0,0.0,0.0
TPA-PZCN,0.242,-0.12796925332991466,-0.005885359552312703,0.01740748500629385,0.0,0.0,0.0,0.0,0.0,0.0,0.0,0.0,0.0,0.0,0.0,0.0,-0.004555500669355107,0.0,0.0,0.0,0.0,0.0,0.0,0.0,0.0,0.0,0.0,0.0,0.013574644882116571,0.0,-0.0027452903108364647,-0.011594683337646685,-0.008693913716753245,0.0,0.0,-0.003441140480300358,0.0,-0.0018301612401842744,0.0
TPA-PyF2,0.5030000000000006,0.35483363238746607,-0.3181345600022524,0.0,0.0,0.0,0.0,0.0,0.0,0.0,0.00510319893162082,0.0,0.0026693910979253195,0.0,0.0,0.0,0.0,0.0025509727138517038,0.0,-0.007631885757184575,0.0,0.0,0.0,0.0,0.0,0.0,0.0,0.003254640136602105,0.0,0.0,0.0,0.0,0.0041234108341224734,0.0,0.0,0.0,-0.01153670920406457,0.003887246446190407,0.0
TPA-PyI,0.4599999999999999,0.19092761353505716,-0.2111820797526079,0.00189698498006384,0.012328515686980348,0.0,0.0,0.0,0.0,0.0,0.0,0.0,0.0,0.002379862386502498,0.0,0.0,0.0,0.0,0.0,0.0,0.0,0.0,0.0,0.0024459733549555304,0.0,0.0,0.0,0.004376188752099822,0.003747015726403819,0.0,0.0,0.00667270374475851,0.002326208729257534,0.0,0.0,0.0,0.0,0.0,0.0
TPACzPI,0.4050000000000002,0.17949821484762551,-0.21771817221450052,0.0,-0.010115390851066887,-0.008106069845892606,0.0,0.0,0.0,0.0,0.0,-0.0021600524990512426,0.0,0.0,0.0,0.0,0.0,0.0,0.007959098702392281,0.0,0.0,-0.004827865223496576,-0.007534487605168452,0.0,0.0,0.0,0.0,0.0,0.0,0.0,0.0,0.0,0.009125713215018356,0.0,-0.004598748854473057,0.0,0.0,0.0,0.0
TPADSO2,0.5420000000000003,0.16624374468191744,-0.09844132144197013,0.0035477639166434623,0.0,0.0,0.003227419681715181,0.0,0.0,0.0,0.0,0.0,0.003141471223545997,0.0,0.0,0.0,0.0,0.001736412488498217,0.0,0.0,0.0,0.0,0.0,0.0,0.0,0.0,0.0,0.0,0.0,0.0,0.0,0.0118325041424177,0.010553852125934115,0.001452546507234032,0.0,0.0,0.0,0.0,0.0013105442471393058
TPAPm,0.6310000000000002,0.009828697329110217,0.12414804689199822,0.0,0.0,0.0009504046784029723,0.0038918392783847903,0.0,0.0,0.0,0.0,0.0015124221168873074,0.0,0.0,0.0,0.0,0.0032579408570636566,0.0,0.0,0.0,0.0,0.0034715125273013787,0.0,0.0,0.0,0.0,0.0,0.0,0.0,0.0,0.0,-0.009185140870988623,0.0,0.0016811863640563906,0.0,0.0026302498063017353,0.0,0.0,0.0
TPAPyPI,0.952,0.12799358235047628,0.146050277532717,0.0,0.05914077522197649,0.0,0.0,0.0,0.0,0.0,0.031043014751868086,0.0,0.0,0.0,0.018538955860858478,0.0,0.0,0.0,0.0,0.024991166948729694,0.0,0.0,0.016481903720785007,0.0,0.0,0.02722117737684521,0.020848925555977855,0.0,0.0,0.015798737646515813,0.0,0.0,0.0,0.0,0.0,0.0,0.0,0.0,0.0
TPA–2PPITPA,0.3719999999999999,0.09065952603119197,-0.11203502219654801,0.009540184710775126,0.0,0.0,0.0,0.0,0.0,0.0,0.0,0.0,-0.011643867820673476,0.0,0.0,0.0,-0.017095119733719844,-0.013536991109565482,0.0,0.0,0.0,0.0,0.0,-0.007093866723479011,-0.005303423078094427,0.0,0.0,0.0,-0.0022643793986976252,-0.004766844095259052,0.0,0.0,0.0,0.0,0.0,0.0,0.0,0.0,0.0
TPA–2SPPITPA,0.613,0.02350719316604626,0.10418479843793729,0.0033077104184111106,0.010320983433202676,0.0,0.0,0.0,0.0,0.0,0.0,0.0,0.0,0.0025246048735376725,0.0,0.0,0.0,0.0,0.0,0.0,0.0,0.0,0.00384883984471503,0.0034005064496469397,0.0,0.0,0.0,0.0,0.0,0.0,0.0,0.008006155081686745,0.0,0.0,0.0,0.006272330742110673,0.004051503965998527,0.0,0.0
TPA–DAP–TPA,0.9129999999999998,-0.1420780357791018,0.4500453566079253,0.0427688300024103,0.05408458618380826,0.007947230608761065,0.0,0.0,0.0,0.0,0.0,0.0,0.0,0.0,0.0,0.0,0.0,0.0,0.0,0.0,0.008234983315937323,0.0016356528484415323,0.0,0.0,0.0059677964880380085,0.0,0.0,0.015977291979843378,0.0,0.0,0.0,0.0,0.0,0.0,0.0,0.0047633639479050015,0.0,0.0,0.0
TPB-AC,0.4830000000000001,0.32054574576996475,-0.30340015226215594,0.0,-0.002401437007127004,0.0,0.006779595609068943,0.0,0.0,0.0,0.0,0.0,0.0,0.0,0.0,0.0,0.0,0.0,-0.002482706189766102,0.001825519975490325,0.0,0.0,-0.0033440068456995547,0.0,0.0,0.0,0.0,0.0,0.0,0.0,0.0,0.004270684869563125,0.001801809318772439,0.0,-0.0048667604272235356,0.0,0.0,0.0,0.0
TPBPPI-PBI,0.3359999999999998,0.34116942445245363,-0.43116819463373285,0.0,0.0,0.0,0.0,0.0,0.0,0.0,0.0,0.0,0.0,0.0,0.0,0.0,0.0,0.0,-0.0036606448796541397,0.0,0.0,0.0,-0.010563692979384127,-0.0023963819896826674,0.0,0.0,0.0,0.0,0.0,-0.004455043725088895,-0.0025870654764038378,-0.0036899787430240572,0.006037239932060643,0.0,0.0034413691900373883,0.0,0.0,0.0,0.0
TPBPPI-PY,0.415,0.2899621504440114,-0.3332871792237714,0.0035748189354418624,0.011658743157863598,0.0,0.0,0.0,0.0,0.0,0.004904120676133253,0.0,0.0,0.0,0.0,0.0,0.0,0.0,0.0,0.0,0.0,0.0,-0.008115342280704515,0.0,0.0,0.0,0.0,-0.00749409825273082,0.0,0.0034305706886725777,0.0,0.0,0.010598510208685904,-0.003971974291485797,0.0,0.0,0.0,0.0,0.0
TPD4PA,0.3930000000000002,-0.11747623084770661,0.07963993475180771,-0.00208050868786939,-0.009525844819068556,0.0,0.0,0.0,0.0,0.0,0.004300582075161527,0.0,0.0,0.0,0.0,0.0,-0.005020114572332453,0.0,0.0,0.0,0.0,0.0,0.0,0.0,0.0,0.0,0.0,0.0,0.0,0.0,0.0,0.0,-0.00164968970315942,0.0,0.0,0.008160456240184084,-0.012795736439447378,-0.00614098449267022,0.0
TPM2CN,0.4069999999999996,0.20078614800761577,-0.23205808796482,0.0,0.0,0.0038942390480300737,0.0,0.0,0.0,-0.0026116445683353243,0.0,0.0,0.0,0.0,0.0,0.0,0.0,0.0,0.0,0.0,0.0,0.0,-0.004089781312118449,0.0,0.0,0.0,0.0,0.0,0.0,0.0,0.0,0.015960853825152853,-0.0028102550904886107,0.0,-0.004104638648793799,-0.008037154544281637,-0.0223585256486488,0.0,0.0
TPSi-F,0.8300000000000001,0.5619477844359765,-0.37753437571710025,0.0,0.056506548455145605,0.0,0.0,0.009562740607442208,0.0,0.0,0.0,0.0,0.0,0.0,0.0,0.0,0.0,0.0,0.0,0.0218084162895504,0.011854274594111225,0.0,0.0,0.0,0.0,0.01763558180092656,0.022935205614025286,0.0,0.0,0.0,0.0,0.0,0.0,0.0,0.020503673804026384,0.0,0.0,0.0,0.02072016886915435
TPTI,0.6640000000000001,-0.17267882018545655,0.3499644478400182,0.0058947470810724305,0.0,0.0,0.0020532739970841206,0.0,0.0,0.004995035885366922,0.0,0.0,0.0,0.0,0.0009589519443061585,0.0,0.0,0.0,0.0035660579199750255,0.0,0.0,0.0,0.0,0.0,0.0,0.0,0.0,0.0,0.0,0.0,-0.003319280414555481,0.0,0.006678790065662915,0.0,0.0,0.0,0.0,0.0017341398923218013,0.0
TPXZ-as-TAZ,0.2069999999999998,-0.1715751102649371,0.07488973597278525,0.0,-0.024898675736978675,-0.01834048539867903,0.0,0.0,0.0,0.0,0.0,0.0,-0.006481042504213996,0.0,-0.007610043441076873,0.0,-0.0071992549291846715,0.0,0.0,0.0,-0.01027280229238178,0.0,-0.048029196747207466,0.0,0.0,0.0,0.0,0.0,0.0,0.0,0.0,0.0,-0.017627332657118817,0.0,0.0,0.0,0.0,0.0,0.0
TPXZ–as-TAZ,0.2139999999999999,-0.1394485363351489,0.05844740288790886,-0.008342424370799363,0.0,0.0,0.0,0.0,0.0,0.0,0.0,0.0,0.0,0.0,0.0,-0.0062356582738894994,0.0,0.0,-0.01897421845984541,0.0,-0.02495526299708166,0.0,-0.0454991617326066,-0.007192257951929575,0.0,0.0,0.0,0.0,0.0,0.0,0.0,0.0,-0.02399044140412231,0.0,-0.013633821044888396,0.0,0.0,0.0,0.0
TRZ-3SO2,0.0680000000000005,0.48833577041861753,-0.7824642023771456,0.0,0.0,0.0,0.0,0.0,0.0,0.0,0.0,0.0,0.0,-0.009709418070098433,0.0,-0.007170301285907542,0.0,0.0,0.0,0.0,0.0,0.0,0.0,0.0,-0.008251753865159195,0.0,-0.01296618771018824,-0.00967265458501734,0.0,0.0,-0.01624124031490413,0.0,0.0,-0.015157273636265341,-0.005206923108662453,0.0,0.0,0.0,0.0
TRZ-pIC,0.5009999999999999,-0.20825070908794396,0.2475046530443155,0.004560761484097571,-0.008791843505645004,-0.010968940925336674,0.0,0.0,0.00337564186825344,0.0045557806436331335,0.0,0.0,0.0,0.0,0.0,0.0,0.0,0.0,0.0,0.0,0.0,0.004824193236860372,0.0,0.0,0.0,0.0,0.0,0.0,0.0,0.0,0.0,0.0,-0.005297280273290403,0.0,0.0,0.005388373241031064,0.0,0.0,0.0
TRZ3DPA,0.5299999999999998,0.018330061521207884,0.03551172693229654,0.0,0.0038499362709379812,0.0,0.0,0.0,0.0,0.0,0.003636836656084875,0.0,0.0,0.0,0.0,0.0,0.0,0.0018189776305436818,0.00640346542220508,0.0,0.0,0.0,0.0,0.0,0.0020919007206889988,0.001801268921656135,0.0,0.0,0.0,0.0,0.0,0.01032990827500076,0.0025225126773974083,0.0,0.0,0.0,0.0,0.0,0.0
TS-1,0.4540000000000002,0.22559892081214056,-0.23201151470979792,0.005610720368521186,-0.0032166362381221125,0.0,0.0,0.0,0.0,0.0,0.0,-0.0067488953716741155,0.0,0.0,0.0,0.0,0.0,0.0,0.0,0.0,0.0,0.0,0.0,-0.007319575633495665,0.0,0.0,0.0,0.0,0.0,0.007496316520219721,0.0,0.0,0.011052325103891775,0.0,-0.005134674963622017,0.004299508599425669,0.0,0.0,0.0
TSBFB,0.7510000000000003,0.39654236989047464,-0.3102688320299239,0.02911807290812302,0.0,0.0,0.0,0.0,0.0,0.0,0.0,0.0,0.0,0.0,0.0,0.0,0.0,0.0,0.01707098712866197,0.0035514923346834917,0.0,0.0,0.0,0.0,0.0,0.0,0.0,0.0,0.0,0.0,0.0,0.0,0.021368142825263114,0.01896047852370257,0.0,0.012378634820191551,0.0,0.012149502587157843,0.004818877365454582
TX-CzPh,0.7120000000000002,0.09656824683176751,0.10287597528490085,0.003756076696693339,0.0,0.0,0.005107587698930069,0.0,0.0,0.0,0.0,0.0,0.0,0.005565985132460441,0.0,0.0,0.0,0.0,0.0,0.0037722359016459633,0.00594934616193061,0.0,0.0,0.0,0.0,0.0,0.0,0.0,0.0,0.0,0.0,0.0,0.008866148465933052,0.0,0.0,0.00879703204408344,0.0,0.007015600315667955,0.0
TXO-P-Si,-0.0090000000000003,0.0,-0.405542803067925,0.0,0.0,-0.00533215418937705,0.0,0.0,0.0,-0.0038788524302436006,0.0,0.0,0.0,0.0,0.0,0.0,0.0,0.0,0.0,0.0,0.0,0.0,-0.012473548644672972,0.0,0.0,-0.0032181844185527253,-0.0052642608475044796,0.0,0.0,-0.007778487300785963,0.0,-0.004030142380280828,0.0,-0.0029791661978049166,0.0,-0.002724741994768258,0.0,0.0,0.0
TXO-TPA,0.4199999999999999,0.09707767185138343,-0.12562920141983047,0.0,0.0,-0.004361201069076671,0.0,0.0,0.0,0.0,0.0,0.0,0.0,0.0,0.0,0.0,-0.0032882284405736095,0.0,0.0,0.0,0.0,0.0,0.0,0.0,0.0,0.0,0.0,0.0,0.0,0.007773004129366871,0.0,-0.007029475917285357,-0.013808515701684466,0.0,-0.0009824869111170799,0.007186049725566088,0.0,-0.002100823451661907,0.0
Tri-PXZ-PCN,0.286,-0.17649537471262386,0.12823909156810917,0.0,-0.01596094491950831,0.0,0.0,0.0,0.0,0.0,0.0,0.0,0.0,0.0,0.0,0.0,-0.012457824370801014,0.0,0.0,-0.006970815373308692,0.0,0.0,-0.02745452002602643,0.0,0.0,0.0,0.0,-0.011715251434934931,0.0,0.0,0.0,0.0,-0.019629155111602837,0.0,-0.011053291353725373,0.0,0.0,-0.004471065738524169,0.0
TrisCz-Trz,0.2390000000000003,0.10758254050762074,-0.28172618970130847,-0.014644177483879894,0.0,0.0,-0.010565070481608766,0.0,0.0,0.0,0.0,0.0,-0.004338347013251724,-0.0055541616872633315,0.0,0.0,0.0,-0.0035762360520434186,0.0,0.0,0.0,0.0,0.0,0.0,0.0,-0.005692796415722598,0.0,0.0,0.0,-0.0033953902843254745,0.0,0.0,0.0,0.0,0.0,0.0,0.0,-0.0032349803391169105,0.0
UGH3,-0.0020000000000006,0.2312910615261976,-0.3800052428484238,0.0,0.0,0.0,0.0,0.0,-0.025220238175347187,0.0,0.004102750367558541,0.0,0.0,0.0,0.0,-0.06053000030716348,-0.05315369826096904,-0.058830078355239394,0.0,0.0,0.0,0.0,0.0,0.0,-0.05212346929235646,0.0,0.0,0.0,0.0,0.0,0.0,0.0,-0.033979838435799395,-0.017603477780850207,0.0,0.0,0.0,0.0,0.0
VBC-PTZ,0.6120000000000001,-0.2250467692735911,0.3621171704229744,0.004703491058270286,0.0,0.0,0.000240810901852849,0.0,0.0,0.0,0.0018612237170764212,0.0,0.0,0.0,0.0020630159878344354,0.0,0.0,0.0,0.002894180318781926,0.0,0.0,0.0,0.0,0.0,0.002597966910722616,0.004507118531900024,0.0,0.0,0.0,0.0,0.0,0.011786133152020588,0.0,0.0,0.0,0.0,0.0,0.0,0.0
VBN0,0.4529999999999998,0.12398413114985084,-0.13585042729964728,0.0,0.0,0.0,0.0032850101488559923,0.0,0.003725843069557398,0.0,0.0,0.0016551856477270985,0.0,0.0,0.0,0.0,0.0,0.0,0.0012390587218520553,0.0024862569775155616,0.0,0.00046717077771915485,0.0,0.0,0.0,0.0,0.0,0.0,0.0,0.0,0.0,0.0,0.005161517843399914,0.0,0.0,0.0,0.0032106734610760756,0.0,0.0
V–TPA,0.3730000000000002,0.247481372294128,-0.3218256418138228,0.0,0.0,0.0,0.0,0.0,0.0,0.0,-0.0031955996877832413,0.0,0.0,0.0,0.0,0.0,-0.006359504578874891,0.0,0.0,0.0,-0.0022385299904679502,0.006683134132871624,0.0,0.0,0.0,0.0,0.0,-0.004731854562169898,-0.004153556620850821,0.0,0.0,0.008835367071092703,0.0,0.0,0.0,-0.004105488844347528,0.0,0.0,0.0
XCBP,0.4609999999999998,0.2864137420803502,-0.28100748212033766,0.0,-0.002490771712627145,0.0,0.0,0.0,0.0,0.0,0.0,0.0,0.0,0.0,0.0,0.0,0.0,0.0,0.0,0.0,0.0,0.0,-0.003118254988489004,-0.0019521273608093168,0.0,0.004847958765905751,0.0,0.0,0.0,-0.0037606744311276404,0.0,0.0,0.0,0.0,0.0,0.003285994832013529,-0.0014017575605227324,-0.003982389749386491,0.0
XPhos,1.146,0.4717935401129556,0.0,0.03931327943120364,0.04057059377159192,0.0,0.015858545593722684,0.0,0.0,0.0,0.0,0.0,0.008183151454966606,0.0,0.0,0.0,0.011842039732136487,0.0,0.0,0.026644459892254554,0.0,0.016380932401007433,0.0,0.01492959428377028,0.0,0.0,0.0,0.0,0.0,0.0,0.0,0.0,0.03642601856019907,0.0,0.0,0.0,0.0,0.0,0.0
XT-T,0.504,0.38994379303468124,-0.3658510343932093,-0.006164392462089566,0.0,0.0,0.0,0.0,0.0016977013926975483,0.0,0.0,0.0,0.0,0.0,0.0,0.0,0.0,0.0016774093063857257,0.0,0.0,0.003987953111020568,0.0,0.004970294361764455,0.0,0.0,0.0,0.0,0.0,0.0,0.0,0.0,0.0,0.00650014141821993,0.0,0.0,0.0035364762583967885,0.003172237624192209,0.0,0.0
Xm-mCP,0.6309999999999998,0.28014594465450166,-0.15814129455694229,0.0,0.0,-0.008901125309162615,0.0,0.0,0.0,-0.00315280117984225,0.0,0.0,0.0,0.0,0.0,0.0,0.0,0.0,0.0025144145657630527,0.002812269652625257,0.0018952250593973763,0.0,0.0,0.0,0.0,0.0,0.0,0.0,0.0,0.0050392756186864425,0.0,0.0,0.0,0.0,-0.005102912838648554,0.004697499653258995,0.0,0.0,0.0
Xp-mCP,0.645,0.3297005492215542,-0.1841831700102852,0.0037554729078454973,0.0,0.0,0.0054883840362296155,0.0,0.0,0.0,0.0,0.0,0.0,0.0,0.0,0.0,0.0,0.0,0.0,0.004694882026881122,0.0,0.0,0.0,0.0,0.0,0.0,0.0,0.0,0.0,0.001162510837779964,0.0,0.0,0.005372502843803126,0.0,0.0,0.007440078063632175,0.0,0.003729220152134227,0.004067576485942246
Yad,0.5150000000000001,-0.09783695666481798,0.15164873129274084,0.0,0.0,0.0,0.004331376127325266,0.0,0.0,0.0,0.0,0.0027104233805618824,0.0,0.0,0.0,0.0010038124216755484,0.004118475037198616,0.0,0.0,0.0,0.0,0.0,0.0,0.0,0.0001638350076765031,0.0,0.0,-0.004018356889566506,0.0,0.0,0.0,0.0,0.0028708525731778005,0.0,0.0,0.0025831229316622953,0.0,0.0,0.0
Z-o-DHMPA,1.004,-0.1380431852187063,0.5184145225446851,0.0477887131902988,0.05409971298991612,0.0,0.0,0.0023370601322137974,0.0,0.0,0.0,0.0,0.0,0.0,0.0,0.0,0.0,0.0,0.0,0.0,0.0,0.007286352871656228,0.0,0.0,0.0,0.0022111081887353267,0.0,0.0332374551977529,0.014261645657919281,0.0,0.0,0.0,0.0,0.0,0.0,0.004230788127859085,0.0,0.0,0.0
ZDN,0.4060000000000001,0.18659217312313345,-0.2255566844622253,-0.0009476432968993249,0.0,0.0,0.0,0.0,0.0,-0.0027944630126715666,-0.0020085438909784926,0.0,0.0,0.0,0.0,0.0,-0.014636020234737045,0.0,0.0,0.0,0.0,0.0,0.0,-0.0014599882680420607,0.0,0.0,0.0,0.0,0.0,-0.002750642052720083,0.0,-0.002980669125067513,0.008479642173505539,0.0,0.0,0.0,0.0,0.0,0.0
ZDZ,0.3820000000000001,0.15639251032803986,-0.2055652478910595,0.0,0.0,0.0,0.0047429591416265895,0.0,0.013762671710226888,0.0034374152827607303,0.006782268908865676,0.0,0.0,0.0,0.0,0.0032578853779262275,0.0,0.0,0.0,0.0,0.0,0.0,0.0,0.0,0.0,0.0,0.0,0.0,0.0,0.0,0.0,-0.010340682687585825,0.013695390312500041,0.0,0.0,0.0,-0.04794410289201758,0.0,0.0
[BMIM][PF6],0.7869999999999999,0.6766771409899723,-0.46357977518625737,0.0,0.030944041590795487,0.0,0.0,0.009524075573677068,0.0,0.0,0.0,0.0,0.0,0.0,0.0,0.0,0.0,0.0,0.014607269160689553,0.0,0.018284994155241024,0.0,0.00688319859677803,0.0,0.0,0.0,0.0,0.0,0.0,0.0,0.01616298759424373,0.0,0.0,0.004370166151497379,0.0,0.0,0.009020437757122479,0.0,0.0
arylene,0.4559999999999999,0.2870737237660434,-0.2957390526161052,0.004519214047509389,0.0,0.0,0.0,0.0,0.0,0.0,0.0,0.0,0.0,0.0,-0.0014964021136614014,0.0,0.0,0.0,0.0,0.0,-0.004308405902861096,0.0,0.0,0.0,0.0,0.0,0.0,-0.005353811436018315,0.0,-0.0023069082521157253,0.0,0.012292081267658279,0.007824746656005402,0.0,0.0,0.0,-0.005868280173876064,0.0,0.0
benzoxazole,0.6719999999999997,0.1233557822369839,0.026706807207239055,0.0,0.021843409931339073,0.0,0.0,0.0,0.0,0.0,0.0,0.0,0.0,0.0,0.0,0.0,0.005777102705254957,0.0,0.0,0.0,0.013275037826200554,0.0,0.0,0.0044319972893581494,0.0,0.0,0.0,0.006880498294177451,0.0,0.0,0.00479378212779677,0.0,0.013975231308968862,0.0,0.006716575244728492,0.0,0.0,0.0,0.0
bpipH,0.637,0.2683240077526765,-0.13658596359357253,0.005129179232119478,0.004389581852720127,0.0,0.0,0.0,0.0,0.0,0.0,0.0,0.0027923629176070494,0.0,0.0,0.0,0.0,0.0,0.0,0.0,0.0028012435429068355,0.0,0.0,0.0,0.0,0.003195201464859382,0.0,0.0,0.0,0.003669294440814474,0.0,0.005394768263397382,0.013607283271473803,0.0,0.0,0.0,0.0,0.0,0.0
c-D2T,0.2160000000000002,0.06299028266137333,-0.25042833781527574,-0.012482124940704619,-0.01690406894773756,0.0,0.0,-0.000627701758120829,0.0,0.0,0.0,0.0,0.0,-0.003525229858495191,0.0,0.0,0.0,0.0,-0.005282824811012923,0.0,0.0,0.0,0.0,0.0,0.0,0.0,0.0,-0.0021124428384144706,0.0,0.0,0.0,0.0,0.0,-0.003383864857633395,-0.0031960698413719658,0.0,0.0,0.0,0.0
cyclohexanone,0.7710000000000004,0.6797464810020268,-0.48746166673112534,0.0,0.03632245912871412,0.0,0.0,0.0,0.0,0.0,0.0,0.015248598169926004,0.0,0.0,0.0,0.0,0.0,0.00848521171702035,0.0,0.008857909268193685,0.0,0.0,0.0,0.014506153325354487,0.0,0.0,0.0,0.0,0.006774418034630972,0.016858743222630486,0.0,0.0,0.0,0.0,0.0,0.0,0.0,0.0,0.007842549755552335
czpzpy,0.5250000000000004,0.10242218258730601,-0.04779474315449481,0.0,-0.006111198502689821,-0.003760728512586324,0.006373463218827638,0.0,0.0,0.0,0.002774866735681017,0.0,0.0,0.0,0.0,0.0,0.0,0.0,0.0,0.0034954046753240316,0.0,0.0,0.0,0.0,0.0,0.0,0.0,0.0,0.0,0.0,0.0,0.0,0.00815797208059298,0.0,-0.005575023135205,0.007112701302797351,0.0,0.0,0.0
dTolmp,0.064,0.7471508236991575,-0.9654662211440382,-0.013782789654260063,0.0,-0.013634028015172777,-0.02345499779926639,0.0,-0.004949751608329611,-0.011322404677559279,0.0,0.0,0.0,0.0,0.0,0.0,0.0,0.0,0.0,0.0,0.0,0.0,0.0,0.0,0.0,0.0,0.0,0.0,0.0,0.0,0.0,-0.0073469411459744435,0.0,-0.009400931554375037,0.0,0.0,0.0,-0.005670446823690694,0.0
dbG2TAZ,0.6000000000000001,0.133293604126603,-0.03224161578286431,0.00700661826745349,0.021640307102046688,0.0,0.0,0.0,0.0,0.0,0.005453779734052433,0.0,0.0,0.0024754001949577665,0.0010430542336969106,0.00617391040005214,0.0,0.0,0.0,0.0,0.0,0.0,0.0,0.0,0.0,0.0,0.0,0.0,0.0,0.0,0.0,0.0,0.008716010789859735,0.0,0.0,0.0,0.0,0.0022337170326153398,0.0
diarylbiindole,0.988,0.08486021334783238,0.17810117161819566,0.0,0.05657306286439481,0.021029689740165867,0.0,0.0,0.0,0.0,0.0,0.0,0.0,0.0,0.0,0.0,0.0,0.016144306300293655,0.0,0.0,0.01998887448812496,0.0,0.0,0.0,0.0,0.0,0.0,0.07849659727920126,0.0,0.0,0.008268193011915425,0.0,0.0,0.0,0.0444907438785943,0.0,0.0,0.01614742331446095,0.0
dpmb,0.1610000000000004,0.8311097752997526,-1.0156962127900275,-0.005799408072738872,0.0,-0.016447107392821944,-0.02586730939004578,0.0,0.0,0.0,0.0,-0.007009776634185121,0.0,0.0,0.0,-0.004758457574640379,0.0,0.0,-0.008552443834859758,0.0,0.0,0.0,0.0,0.0,0.0,0.0,0.0,0.0,0.0,0.0,0.0,-0.015076539995182676,-0.014528832448017866,0.0,0.0,0.0,0.0,0.0,0.0
dpmt,1.0490000000000004,0.893908360037424,-0.6137415935492895,0.0,0.015315014247689813,0.0,-0.03057408201863181,0.0,0.004712036299393541,0.0,0.0,0.009473671254968861,0.0011344722938269544,0.0,0.0,0.0,0.0,0.0,0.007332543304679869,0.0,0.0,0.0,0.0,0.0,0.0,0.0,0.0,0.0,0.0,0.0,0.0,0.0,-0.019142540098634066,0.0,0.0,0.008199312441935835,0.0,0.0,0.0
ethylacetate,0.1320000000000001,-0.2534754902349727,0.0,-0.0035897785460805684,-0.007022199850566737,0.0,0.0,0.0,0.0,-0.005193618225779916,0.0,-0.009164023030233674,0.0,0.0,0.0,-0.003024187358467619,0.0,0.0,0.0,-0.005995366578486608,0.0,0.0,0.0,-0.008301625347298601,0.0,0.0,0.0,0.0,0.0,0.0,0.0,-0.009343407066997338,0.0,0.0,-0.006613887445933497,0.0,0.0,0.0,0.0
iTPBI-CN,0.4119999999999999,0.42852162932354715,-0.4879934741897741,0.0026866096120976243,0.002607865289126502,0.00560112497572163,0.0,0.0,0.0,0.0,0.0,0.0,0.0,0.0,0.0,0.0,0.0,0.0,0.002250901025024038,0.0,0.0,0.0,0.0030765746009908737,0.000245397015859496,0.0,0.0,0.0,0.0,0.0,0.007895407868349342,0.0,0.0,0.0035490398785978593,0.0,0.0,0.0,0.0,0.0,0.0
indenoacridine,0.954,-0.6260129101253281,1.0233031593629096,0.0,0.0,0.0,0.0,0.010065114129937713,0.0,0.0,0.014205330532345269,0.0,0.008341678775117142,0.019677715017513517,0.0,0.0,0.0,0.0,0.0,-0.002369002297170601,0.0,0.0,0.0,0.011470970656587072,0.0,0.0,0.0,0.0,0.0,0.0,0.0,0.01613864703277427,0.0,0.0,0.0,0.0,0.0,0.0,0.015257456865463455
m-CF3PIBI,0.4319999999999999,0.16545094266080762,-0.18038321677802796,0.0,0.016055596030829823,0.0,0.0,0.0,0.0,0.0,0.0,-0.008492249989249034,0.0,0.0,0.0,-0.0044483971127862775,0.0,0.0,0.0,0.0,0.0,0.0,0.0,-0.007548358083927024,0.0,0.0,0.013889326016116352,0.0,-0.01518924614371674,-0.005495106187391189,0.0,0.0,0.0,-0.005751868933276467,0.0,0.0,0.0,0.0,0.0
m-CZ-DPS-DMAC,0.4239999999999999,0.1418097622742848,-0.16003438932139757,0.0,0.0,0.0,0.0,-0.005154965331471757,0.0,0.0,0.0,-0.007498213771720246,0.0,0.0,0.0,0.0,0.0,-0.0034104378920281737,0.0,0.0,0.0,0.0,0.0,0.0,0.0,0.0,0.0,0.0,0.008015834509257018,-0.007581582746029671,-0.004293741926974917,0.0,0.008706613476642379,0.0,0.0,-0.010558272648858846,0.0,0.0,0.0
m-CzCNDMT,0.4119999999999999,0.11978129957051879,-0.16131365942490258,0.0,0.0,0.0,0.0,-0.006826299946165317,0.0,0.0,0.0,-0.012511029302659904,0.0,0.0,0.011894726632464919,0.0,0.0,0.0,0.0,0.0,0.0,0.0,-0.008899201936634463,0.0,0.018550219474919444,0.0,0.015157248486200694,0.0,0.0,0.0,0.0,0.0,0.009303016224214245,0.0,0.0,0.0,-0.01679435912071828,0.0,0.0
m-DHMPA,1.0099999999999998,-0.13158032002207215,0.568937289153932,0.024455828634919918,0.03763204993365615,0.0,0.0,0.0,0.0,0.0,0.0,0.007514560210666301,0.005077761313434891,0.0,0.0105485521571033,0.0,0.0,0.0,0.0,0.0,0.0,0.0,0.0,0.0,0.008768414731546211,0.0,0.0,0.015917028996986243,0.0,0.0,0.0,0.0,0.006308674732778186,0.0,0.0,0.0,0.0,0.0,0.0
m-DTPACO,0.427,-0.021843324186411765,0.0,0.0,0.0,0.0,0.002642446065760125,0.0,0.0,0.0,0.0,0.0,0.0,-0.001542762074345224,0.0,0.0,0.0,0.0,0.0,0.0,0.0,0.0,-0.0008198811942895174,0.0,0.0,0.0,0.0,0.0,0.0,0.0,0.0,-0.005623702120930472,0.0,-0.0001745666422146787,-0.0024079113521886897,0.004294746922474748,-0.0016429692339524514,0.0037989956807377365,0.0
m-PCzTPD,0.625,0.10931583916571815,0.0,0.0,0.012729742936205636,0.0,0.0009292994187298533,0.009601091593432629,0.0,0.0031002708242881755,0.0,0.0,0.0035901775600836318,0.0,0.0,0.0,0.0,0.0,0.010576266510945087,0.0,0.0,0.0015943239418145516,0.0,0.0,0.0,0.0,0.0,0.0,0.0,0.0,0.0,0.0,0.008312178414040272,0.0013128093081642854,0.0,0.0,0.0,0.0,0.0
m-PO-ABN,0.9529999999999998,-0.19575883893172746,0.5937148654862403,0.020981372635825214,0.027547824052232998,0.0,0.013121345468205235,0.0,0.0,0.0,0.0,0.012096769899609627,0.0,0.0,0.0,0.0,0.0,0.0,0.0,0.0,0.0,0.009307719540600709,0.0,0.0,0.0,0.009331861871601578,0.0,0.0,0.0,0.0,0.0,0.0,0.0,0.0,0.0,0.0062157930919928125,0.0,0.012419910290704161,0.0
m-TPA-AP-TPA,0.947,-0.11297075069307749,0.3910739671469269,0.03850826091794142,0.0523429403982245,0.0,0.0,0.0,0.0,0.0,0.0,0.0,0.0,0.0,0.0,0.0,0.014916251185078508,0.0,0.0,0.019619352524114436,0.0,0.0,0.0,0.0,0.008117651940140802,0.0,0.0,0.08508013085187666,0.0,0.0,0.0,0.0,0.0,0.0,0.04418664647074334,0.0,0.0,0.00988464094873654,0.0
m-ν-DABNA,0.3600000000000003,-0.22403569443787646,0.15410622002789542,-0.002881999425876074,-0.010124617669541695,0.0,0.005953048308143381,0.0,0.0,0.0,-0.002727405129343445,0.0,0.0,0.0,0.0,0.0,0.0,0.0,0.0,0.0,0.0,0.0,0.0,0.0,0.0,-0.004792227886430317,0.0,0.0,0.0,0.005385731166813235,0.0,0.0,0.0,0.0,-0.0038965539264598187,0.0,-0.007211882051954851,0.0,0.0
m2Cz2Trz,0.2559999999999998,0.0,-0.13583413903143784,0.0,-0.011557682134888808,0.0,0.0,0.0,0.0,-0.01068211569527193,-0.005158139635447958,0.0,0.0,0.0,0.0,0.0,0.0,-0.005081888733411588,0.0,0.0,-0.004827716845850799,0.0,0.0,-0.004832532353953425,0.0,0.0,0.0,0.0,0.0,-0.005590096394140556,0.0,-0.009923313389165092,0.0,0.0,0.0,-0.01066990529053636,0.0,0.0,0.0
mAP,0.6849999999999996,0.3535077094822644,-0.2228860524224454,0.0,0.0,0.012039094219708923,0.0,0.0,0.012033204792429489,0.0,0.0,0.0,0.0,0.009697156278156671,0.0025793408177181014,0.010474238378394302,0.0,0.0,0.0,0.0,0.0,0.0,0.0,0.0,0.007501434240504999,0.0,0.0,0.0,0.0,0.024312829632330224,0.0,0.0,0.0,0.0,0.0,0.0,0.011586709284241332,0.0,0.0
mCBP,0.4750000000000001,0.3254236071703004,-0.3146938837371866,0.0,0.0,-0.006500300427247674,0.004041426203654606,0.0,0.0,0.0,0.0,0.0030106209213516164,0.0,0.0012989880069264245,0.0,0.0,0.0,0.0,0.001936843585805351,0.0018348434189814123,0.0,0.0,0.0,0.0,0.0,0.0,0.0,0.0,0.0,0.0,0.0,0.0,0.011077151035856781,0.0,0.0,0.0,-0.01616617232037243,0.0,0.0
mCP,0.4910000000000001,0.24231765298789937,-0.22122603006096606,0.0,0.0,0.0,0.0,0.0,0.0,0.013146488710333434,0.005779983722932796,0.0147006109638857,0.0,0.0,0.0,0.0,0.0,0.0,0.0,0.008869048168857923,0.0,0.0,0.0,0.0138861265169577,0.0,0.0,0.0,0.0,0.0,0.0,0.00337647893613742,0.0,0.020187822293406568,0.0,0.0,0.0035402567026741835,0.0,0.0,0.0
mCP-BP-DMAC,0.363,-0.24864732680084234,0.19030232967884328,0.0,0.0,0.0,0.009897551976204748,0.0,0.007457997629245119,0.0,0.0,0.0,0.0,-0.0024731203859170436,0.0,0.0,0.0,0.0,0.0,0.0,0.0,0.0,-0.0038101275533663683,0.0,0.0,-0.0021045840921562185,0.0,0.0,0.0,0.0,0.0,-0.007546792980044719,-0.009641495783727649,0.0,0.0,0.0,-0.0025742720534516253,0.0,0.0
mCP-BmPy,0.4609999999999998,0.19322617548129611,-0.1959955467609656,0.005839598601936109,0.0,0.0,0.0,0.0,0.0,0.008553788683803373,0.0,0.0,0.0,0.0,0.0,0.0,-0.011560968459938323,0.0,0.0,0.0,0.0,0.0,0.010064366980607156,0.0,0.0,0.0,0.0,0.0,0.0,0.0,0.004854454531884761,0.0,0.011032623945905914,0.0,0.0,-0.029024079209116923,-8.460204088223399e-05,0.0,0.0
mCP-Ph,0.4119999999999999,0.271050376315451,-0.30089319817423377,0.0,-0.002185278721543775,-0.002334350315236541,0.0032094050415879334,0.0,0.0,0.0,0.0,0.0,0.0,0.0,-0.0029002055681070925,0.0,0.0,0.0,0.0,0.0,0.0,0.0,0.0,0.0,0.0,0.0,0.0,0.0,-0.002522729170825168,-0.003454667232400444,-0.004029763368448288,0.0,0.011938681879721597,0.0,0.0,0.0,0.0,0.0,0.0
mCP-Py,0.476,0.3033009894850949,-0.29902963912951774,0.005460147421702557,0.0,0.0,0.0,0.0,0.0,0.0,0.0,0.0,0.0,0.0,0.0,0.0,0.002318920803554569,0.0,0.0018866006049764739,0.0,0.0,0.0,0.0,0.0,0.0,0.0,0.0,0.0,0.0008529992564594517,0.0,-0.007528571838592566,0.0,0.00919075917309635,0.0,0.002477971630612564,-0.002664857571663762,0.0,0.0,0.0
mCz-TAn-CN,0.9219999999999996,-0.18978290103442813,0.5764839912717536,0.016129563949567993,0.032808591547495,0.0,0.0,0.0,0.0,0.0,0.0,0.0,0.0,0.0,0.0,0.0048802792377278924,0.0061218474661647575,0.002855165443748986,0.0,0.008962828440357007,0.0060822902298572025,0.0,0.0,0.0,0.0,0.0,0.0,0.0,0.0,0.0,0.0,0.011069463563999994,0.0,0.0,0.0,0.0,0.0,0.0,0.0
mDPBPZ-DPXZ,0.2570000000000001,-0.45602681850881205,0.310545252244759,-0.009563410788228213,-0.012375091929320504,0.0,0.0,0.0,0.0,0.0,0.0,-0.001680467671638573,0.0,0.0,0.0,0.0,0.0,0.0,0.0,0.0,0.0,0.0,-0.006696105670958856,-0.005848586859207916,0.0,0.0,0.0,0.0,0.0,0.0,0.0,0.0,-0.018369395594693704,0.0,0.0,0.0,-0.0011668104652594543,0.0,-0.005507248034866581
mP2MPC,0.3929999999999998,0.20513041759244918,-0.26178079922094205,0.0,0.008305192050002708,0.0,0.0,0.0,0.0,-0.004104075592609634,0.0,-0.006503462458684852,0.005492967902447225,0.0,0.0,0.0,0.0,0.0,0.0,0.0,0.0,-0.006238026122902404,0.0,0.0,0.005313462705072988,0.0,0.0,0.0,0.0,0.0,0.0,0.0,0.008571551294832936,0.0,0.0,0.0,-0.004971809973135209,0.0,0.0
mPTBC,0.2810000000000001,-0.3142509313730111,0.19194146418627273,-0.012788128409289182,-0.024955787182972648,0.0,0.0,0.0,0.0,0.0,0.0,0.0,0.0,0.0,0.0,0.0,0.0,0.0,0.0,-0.01376074599346861,0.0,0.0,0.0,0.0,-0.0020222578766521527,0.0,0.0,0.0,0.0,0.0,5.119036948187111e-05,0.0,-0.02105151999523522,-0.006837545189924771,-0.0049266852251877115,0.0,0.0,0.0,0.0
mPXTMP,0.4159999999999999,0.2906451322905016,-0.32185411325505264,-0.0007045202864509911,0.0,0.0,0.0,0.0,0.003101371208830601,0.0,0.0,0.0,0.0,0.0,0.0,0.0,0.0,0.0,0.0,0.0,0.0,0.0,0.0,0.0,0.0,0.0,0.0,0.0,-0.0028647618789085995,-0.0010584419361429308,0.0,-0.007464435721686185,0.01047662761319462,0.0,0.0,0.006516652054503245,-0.0048735220260742,0.0,0.0
mTPA-PPI,0.363,0.19765154940447366,-0.2718021658801613,0.0,0.0,0.0,0.0,0.0,0.0,0.0,-0.009635894746729453,0.0,0.0,0.0,0.0,0.0,0.0,0.0,0.0,-0.009308776109196221,0.0,-0.007893854647209986,0.012383402198300647,0.0,0.0,0.0,-0.008024323274608945,0.0,0.0,0.0,0.0,0.0,0.007213656510544219,0.0,0.0,0.0,0.003719079578591608,0.004795071832791209,0.0
mTPA–PPI,0.3620000000000001,0.2587752550753947,-0.34763345241869065,0.0,0.0,0.0,0.0,0.0,0.0,-0.0012293162299457166,0.0,0.0,-0.001197663609437962,-0.0022923534467646084,0.0,0.0,0.0,0.0,0.0,-0.0025665657631408273,0.0,0.0,0.0,0.0,0.0,0.0,0.0,0.0,-0.002263208796975736,0.0,0.0,0.0,0.007930864790445665,0.0,-0.0021095391608874155,0.0,0.0,-0.0025693681464940502,0.0
o-Ac2BBP,0.5330000000000004,-0.096937843480743,0.15478696214039123,0.0,0.0,0.0,-0.008582200610857698,0.0,0.0,0.0,0.0,0.0,0.0,0.0,0.0,0.0,0.00917768577869051,0.0,0.0,-0.010437597131400272,0.0,-0.00798180217694916,0.014013871348380539,0.0,0.005568932464151094,0.0,0.0,0.0,0.0,0.0,0.0,0.0,0.0,0.0,0.0,0.0014116357159789877,0.008447886533559901,0.0,0.0
o-CzOXD,0.3409999999999997,0.11136607193593241,-0.159815057321138,0.0,0.0,0.0,0.0,0.0,0.0,0.0,0.0,0.0,0.0,0.0,0.0,-0.005896846872086049,-0.0030972375977600846,-0.009036602594168084,-0.014900616349302875,-0.004102730594152578,0.0,0.0,-0.000628302456360183,0.0,0.0,-0.008222121727130386,0.0,0.0,-0.008818299603345733,0.0,0.0,0.0,0.0,0.0,0.0,0.0,0.0,0.0,0.0
o-PCzTPD,0.4450000000000003,0.1852660876675288,-0.20093677321943973,0.000355782974733522,0.0057359210626077095,0.002811350105725358,0.0,0.0,0.0,0.0,0.0,0.0,0.0,0.0,0.0,0.0,0.0,0.0,0.0,0.0,0.0,0.002171906385063708,0.0,0.0,0.0,0.0,0.0,0.0,0.0,0.0,0.0,-0.0065609489522292985,0.0044503372832071005,0.0,0.0,0.0021729358094664504,0.0,0.004536557278687462,0.0
o-Px2BBP,0.391,-0.31903211919941143,0.3014271557176309,-0.007930483171114814,-0.015202285392989458,0.0,-0.002840187541347763,0.0,0.0,-0.0064111468128940086,0.0,0.0,-0.0019022334889299275,0.0,-0.008496957850810366,0.0,0.0,0.0,0.0,0.0,0.0,0.0,0.0,0.0,-0.00930573726644548,0.0,0.0,0.0,0.0,0.0,0.0,0.0,-0.0031005906418795077,0.0,0.0,0.0,0.0,0.0,0.0
o-TPA-AP-TPA,0.9139999999999996,-0.24581005087469301,0.6054930448780179,0.016362177654842283,0.028212951057479094,0.0,0.0,0.0,0.0,0.00820928126726473,0.0,0.0,0.0,0.0,0.0,0.007666354261928965,0.0,0.0,0.0,0.015105507045255004,0.007626603657400412,0.0,0.0,0.007121003108329515,0.0,0.0,0.0,0.0,0.0,0.0,0.0,0.011061103475542086,0.0,0.0,0.0,0.0,0.0,0.0,0.0
oCBP,0.48,0.2758413629879889,-0.2647196554894722,0.0,-0.004859063061701813,0.0,0.005017900209274997,0.0,0.003838239600314404,0.0,0.0,0.0,0.0,0.0,0.0,0.0,0.0,0.0,0.0,0.0,0.0,0.0,-0.005235226606839383,0.0,0.0,0.0,0.0,-0.0038221326930522005,0.0,-0.004720865109719552,0.0,0.0,0.01006626948511735,0.0,0.0,0.004497762948791447,0.0,0.0,0.0
oDTBPZ-DPXZ,0.2489999999999996,-0.36022988811031353,0.19934901814482792,0.0,-0.011925913488442397,0.0,0.0,0.0,0.0,0.0,-0.008762566464876054,0.0,0.0,0.0,0.0,0.0,-0.006782933930216207,-0.004264905378579175,0.0,0.0,0.0,0.0,0.0,0.0,-0.003569384777106776,0.0,0.0,0.0,0.0,-0.004904703596477242,0.0,0.0,0.0,0.0,0.0,-0.00993167778463447,0.0,0.0,-0.0030883547168165013
oDTPA-DTPZ,0.4849999999999999,-0.22606054159556838,0.26674347663027415,0.01023839625752903,0.014078865175666882,0.0,0.0,-0.0076453502531739605,0.0,0.0,0.0,0.0,0.0,0.0,0.0,0.0,-0.006042812915687749,0.0,0.0,0.0,-0.006034979622213351,0.0,0.0,-0.006001613630064799,0.0,0.0,0.0,0.0,0.0,0.0,0.0,-0.008949144531335296,0.0,0.0,0.0,0.0,0.010887179035276275,0.0,0.0
oPTBC,0.153,-0.4814990331024517,0.27878133797855376,0.0,-0.013994345203858635,0.0,0.0,0.0,0.0,0.0,0.0,0.0,0.0,0.0,0.0,-0.009434039894718723,0.0,0.0,0.0,-0.009278466786170659,-0.013334894313176446,0.0,0.0,0.0,0.0,0.0,0.0,0.0,0.0,0.0,0.0,-0.019593050416383557,0.0,-0.007567976283117062,-0.002756473121936433,0.0,-0.011875532216523292,0.0,0.0
oTPAPO-DTPZ,0.4939999999999998,-0.26407490112791576,0.30789048915863476,0.0,0.0,0.0,0.0,0.0,0.0,0.0,0.0,-0.00664409500562223,0.0,-0.008252706788029508,0.0,0.0,0.0,0.0,0.0,-0.0015136329994724083,-0.004623003117980045,0.0,0.0,0.0,0.0,0.0,0.0,0.0,-0.009852243208068871,0.0,0.0,0.0,-0.008267794845773849,0.0,0.0,0.0,-0.015194938550031012,-0.001595049712988553,0.0
p-DHMPA,1.0099999999999998,-0.16264764534066345,0.638178926073036,0.0,0.03561368203653263,0.0,0.0,0.002438167913931522,0.0,0.0,0.0,0.0,0.0,0.0,0.012616932969392158,0.011142172406926387,0.005688288301712192,0.0,0.0,0.0,0.0,0.0065581128102975995,0.0,0.0,0.0,0.0,0.0,0.0,0.0,0.0,0.0,0.01065738124043102,0.0,0.004254741029730518,0.0,0.0,0.0,0.0,0.0
p-DTPACO,0.5840000000000001,-0.0434387929647224,0.13173313416276972,0.0,-0.009407596244871334,0.0,0.005110028075967195,0.0030380582116814737,0.0,0.0019954419777834798,0.0,0.0,0.0,0.0,0.0,0.0,0.0,0.0,0.0,0.0,0.002514289410899034,0.0014407174827709083,0.0,0.0,0.0,0.0,0.0,0.0,0.0,-0.00628320518078543,0.0,0.03358701631016411,0.0,0.0,0.0,0.0,0.0,0.0,0.0
p-PCzTPD,0.5820000000000003,-0.01865736587555988,0.10054720994729213,0.0012046240031259592,0.013463145589458445,0.0,0.0,0.0,0.0,0.0,0.0,0.0,0.0,0.0,0.0,0.0,0.0,0.0,0.0,0.004707335935609674,0.0,0.0013821361377398518,0.0,0.0,0.0,0.0,0.0,0.013342037137997335,0.0,0.0,0.0,0.013284374925781427,0.0,0.0,0.004667292728484685,0.0,0.0,0.004013637217664945,0.0
p-PO-ABN,0.98,-0.14615296710722928,0.5216329823365466,0.02367874851071987,0.04405587742804508,0.013195657250597542,0.0,0.0,0.0017743504826645948,0.0,0.0,0.0,0.0,0.0,0.0,0.0,0.0,0.0,0.0,0.0,0.0,0.0,0.0,0.0,0.0,0.0,0.0,0.004895367576695843,0.0,0.019115378375787195,0.013625874901753817,0.02011845769023174,0.0,0.0,0.0,0.0,0.0,0.0,0.0
p-PO15NCzDPA,0.9499999999999996,-0.13199509177829435,0.4362374392356065,0.0,0.029457558661923896,0.0,0.0,0.0,0.0,0.0,0.020080192990988177,0.0,0.0,0.0,0.0,0.0,0.0,0.02175248728503025,0.0,0.0,0.0,-4.724819378806126e-05,0.019131237519070414,0.01835848670981964,0.0,0.0,0.0,0.036560211190665916,0.0,0.0,0.0,0.0,0.0,0.0,0.03651552707440677,0.0,0.0,0.0,0.0
p-TPA-AP-TPA,0.956,-0.14923500234799722,0.5499237253826018,0.025056530750223096,0.036627372974634004,0.0,0.0,0.0,0.0,0.0,0.0,0.0,0.0,0.0,0.0,0.0025664460826488877,0.0,0.0,0.0,0.011771283324286645,0.0,0.004549509877911949,0.0,0.0,0.0,0.0,0.005105900039718929,0.0,0.0,0.0,0.0,0.01259445092792514,0.0,0.0,0.0,0.0,0.006087782502354295,0.0,0.0
p2Cz2Trz,0.201,-0.16628897954765226,-0.03933524061906016,0.0,-0.009174527001260657,0.0,0.0,-0.0032124935435089265,0.0,0.0,0.0,0.0,0.0,-0.004834806391086022,0.0,0.0,0.0,0.0,0.0,0.0,0.0,0.0,0.0,0.0,-0.004561800263418385,-0.00516411609220216,-0.0053075527898338495,0.0,0.0,0.0,0.0,-0.005950133837039833,0.0,0.0,0.0,0.0,-0.009259912337590957,0.0,0.0
pCNBCzoCF3,0.4220000000000001,0.31990876000853746,-0.34842640428453125,0.0,-0.006983367312362274,0.0,0.0024772848836564125,0.0,0.0,0.0,0.0,0.0,-0.0018053324939825447,0.0,0.0,0.0,0.001983458295045582,0.0,0.0,0.0,0.0,-0.003909226049967414,0.00448720103625563,0.0,0.0,0.0,0.0,0.0,0.0,0.0,0.0,0.0,0.007151002057507338,0.0,-0.0029771317494197997,0.0,0.0,0.0,0.0
pCbz-PYR,0.3759999999999999,0.24474147850645137,-0.30881220148855865,0.0,-0.006459578827298585,0.0,0.0,0.0,0.0045522429939216765,0.0,0.0,0.0,0.0,-0.0021048055990346842,0.0,0.0,0.0,0.0,0.0,0.00024399033978503293,0.0,-0.007398918708674896,-0.008959049103910354,0.0,0.0,0.0,0.0,0.0,0.0,0.0,0.0,0.003710618006823295,0.012913922692853614,0.0,0.0,0.0,0.0,0.0,0.0
pCzAnBzt,1.0060000000000002,-0.12597040050173952,0.5780191557077797,0.014894117033021964,0.03130780216565297,0.0,0.0,0.004099737316076367,0.0,0.00682752011247752,0.0,0.0,0.0,0.0,0.0,0.0,0.0,0.004901466856770382,0.0,0.0,0.0,0.0,0.0,0.012468424253893051,0.0,0.0,0.0,0.0,0.0,0.005843609829847626,0.0,0.009601665376405902,0.0,0.0,0.0,0.0,0.0,0.0,0.0
pCzAnN,1.0180000000000002,-0.07859114053494427,0.38384164588809405,0.03536085901632332,0.04192633215649861,0.0,0.0,0.0,0.0,0.0,0.0,0.0,0.034778785916121914,0.0,0.0,0.0,0.0,0.0,0.0,0.0,0.017214018725236646,0.0,0.0,0.0,0.0,0.0,0.012968335421920612,0.0,0.023284614411423092,0.05649559680185804,0.0,0.027158280473944963,0.0,0.0,0.0,0.0,0.0,0.0,0.0
pDPAPQ-PXZ,0.2449999999999998,-0.7709798670471715,0.6903727999658743,-0.025974777635868824,-0.039375375429540255,0.0,0.0,0.0,0.0,0.0,0.0,0.0,0.0,-0.005150081072277509,0.0,0.0,0.0,0.0,-0.007765582594055381,-0.011918881279195737,-0.016765479038895824,0.0,0.0,0.0,0.0,0.0,0.0,0.0,0.0,0.0,0.0,0.0,-0.02223466168454618,0.0,0.0,0.0,0.0,0.0,-0.008648237545752405
pDPBPZ-PXZ,0.2279999999999997,-0.18583760103587924,0.0878254747893858,-0.021505340344897136,0.0,0.0,0.0,0.0,0.0,0.0,0.0,0.0,0.0,0.0,0.0,-0.009662653815045219,0.0,0.0,-0.008786826382673767,-0.021198606626831065,0.0,0.0,-0.012288612603669345,0.0,0.0,0.0,0.0,0.0,0.0,0.0,0.0,0.0,-0.027197094120010836,0.0,0.0,-0.011718991159703318,-0.005654950826200587,0.0,0.0
pDTCz-2DPyS,0.359,0.18375896248087428,-0.2663519899678764,0.0024865104974334086,-0.005798492444581599,0.0,0.0,0.0,0.0,0.0,0.0,0.0012150598492386795,0.0,0.0,0.0,0.0,0.0,0.0,0.0,0.0,0.0,0.0,-0.004415110672486135,0.0,0.0,0.0,0.0,0.0,0.0,0.0,0.0,0.0,0.004695730423515688,0.0,-0.005618678794957164,0.0035383467161937267,0.0,0.0,0.000990063209094602
pDTPA-DTPZ,0.5230000000000001,-0.3133962674279494,0.3812877477415761,0.0028277293601890185,0.010924448797085127,0.0,0.0,0.0020680126916750034,0.0,0.0,0.0,0.0,0.0043007402903830405,0.0,0.0,-0.0006214254023978237,0.0,0.0,0.0,0.0,0.0,0.0,0.0,0.0,0.004153512456594087,0.0,0.0,0.0,0.0,0.004998934489582432,0.0,0.0,-0.01748859939309993,0.0,0.0,0.0,0.0,0.0,0.0
pSFIAc2,0.431,-0.28769580030313485,0.2763599303301259,0.0,-0.005571740467606345,-0.005351304616878612,0.0,0.0044690139686714815,0.006040358487469564,0.0,0.0,-0.004796133126107864,0.0,0.0,0.0,0.0,0.0,0.0,0.0,0.004295653106305261,0.0,0.0,0.0,-0.002410816441456385,0.0,0.0,0.0,0.0,0.0,0.0,0.0,0.0,0.0,0.0,-0.004451582150919333,0.0,0.0,0.0,0.0
phenazasiline,0.076,-0.16377884032390191,-0.09904260238342442,0.0,0.0,0.0,0.0,0.0,0.0,-0.012931205067245936,0.0,0.0,0.0,0.0,0.0,0.0,-0.010938212414376858,0.0,-0.008874287244379225,0.0,0.0,0.0,0.0,0.0,0.0,0.0,0.0,-0.008974150346759413,-0.008216904958768673,0.0,0.0,-0.024904619263917356,0.0,0.0,0.0,-0.016675586765178007,-0.013570482028875017,0.0,0.0
phenylperylene,0.9819999999999998,-0.20375869534724875,0.5068819444702846,0.025595991944128513,0.038703088609376025,0.0,0.0,0.0,0.0,0.0,0.0,0.0027351607099387323,0.0,0.0,0.0,0.0,0.0,0.0,0.0,0.0,0.0,0.0,0.0,0.0,0.0,0.005894063079602932,0.0,0.008067625109787537,-0.019955974657155373,0.0,0.0,0.011653426106466025,0.0,0.0,0.0,0.0,0.0,-0.035253102684573795,0.0
poCz-SO,0.4399999999999999,0.25974624965349286,-0.2891957031780984,0.0,0.0,0.0,0.0,0.0,0.013026605942652536,0.015436134592970644,0.012105920473986632,-0.009954455075151749,0.0,0.0,0.006391663975621355,0.0,0.0,0.0,0.0,0.0,0.0,0.0,0.0,-0.010200317292012293,0.0,0.0,0.0,0.0,0.0,0.0,0.0,0.0,0.00948315009986966,0.0,0.0,-0.010501228160257182,0.0,0.0,0.0
pzpy,0.9420000000000002,-0.10031657089216638,0.37078166039369503,0.04987245835369807,0.04518575448266633,0.0,0.018320447700115372,0.0,0.0,0.0,0.0,0.0,0.0,0.0,0.0,0.0,0.0,0.011557696469872036,0.0,0.017112517163706757,0.025058231192895842,0.0,0.0,0.0,0.0,0.0,0.008940799628258812,0.0852113385724732,0.0,0.0,0.0,0.0,0.0,0.0,0.0,0.0,0.0,0.0,0.0
s-triazine,0.0549999999999997,0.7100249906090301,-0.9683463274563827,0.0,0.0,0.0,0.0,0.0,0.0,0.0,0.0,0.0,0.0,0.0,-0.016992211125140377,0.0,0.0,0.0,0.0,0.0,0.0,0.0,-0.02522553740444824,0.0,-0.010546482363103394,-0.009595295256779194,0.0,0.0,0.0,-0.014859451006253209,0.0,0.0,-0.03367243811132525,0.0,0.0,0.0,-0.009959282419300108,0.0,-0.0095227933613309
t-BuPCz,0.4040000000000003,0.2799243610909569,-0.31963337790576885,0.0,-0.003153354955740241,-0.0052517728161594595,0.0,0.0,0.0032922448731297687,0.0,0.0,0.0,0.0,0.0,0.0,0.0,0.0,0.0,0.0,0.0,-0.004365097764740833,0.0,0.0,0.0,0.0,0.0,0.0,0.0,-0.002373550776354318,0.0,0.0,-0.005684931065110158,0.01753904526254168,0.0,0.0,0.0,0.0,0.0,-0.00028356169809019854
t-DABNA,0.4889999999999999,-0.13670770868611173,0.14855754699996518,-0.006575895362253459,-0.016073820828103172,0.0,0.0,0.0,0.0,0.0,0.0,0.0,0.0,0.0,0.0,0.0,0.005062350966637361,0.0,0.0,0.0,0.0,0.0,0.0,0.004353550677237273,0.0,0.007045284783545292,0.0,0.0,0.0,0.0,-0.02105430131513536,0.0,0.0,0.0,0.0,-0.007579826413139517,0.0,0.0,-0.005408339236308362
t3Cz-SO,0.4489999999999998,0.06331049799348595,-0.072256329176124,0.0,-0.011855309258332091,-0.005511157548581056,0.0,0.0,0.0,-0.0045704208455817595,0.0,0.0,0.0,0.0,0.0,0.0,0.0,0.0,0.0,0.008375463706087383,0.0,0.0,0.0,0.0,0.0,0.0,0.0,0.0,0.0,0.00824287618639886,0.0,0.0,0.0,0.005540256644682529,0.005210481390500049,0.0,0.0,0.008683321322236691,0.0
tBuCz2,0.4689999999999998,0.10444711445323558,-0.1069719984172582,0.0,0.0,0.0,0.006568711984610156,0.0,0.013793964778759335,0.0,0.007846715196049053,0.0,0.0,0.0,0.0,0.0,0.0,0.0,0.0,0.0,-0.008042141307819252,0.0,0.0,0.0,0.0,0.0019379494699938125,0.0,0.0,0.0,0.0,0.0,-0.008419340006810034,0.010780077098763491,0.0,0.0,0.003426638085315413,0.0,0.0,0.0
tBuCzDBA,0.0629999999999997,-0.2166945968615842,0.03092157601025423,-0.01720899294141682,0.0,0.012819589828725051,-0.007852541006084294,0.0,0.0,0.0,0.0,0.0,0.0,0.0,0.0,0.013762095608232196,0.0,0.0,0.0,0.0,0.0,0.015533735269340149,0.0,0.0,-0.007707599661257338,0.0,0.0,0.0,-0.003610555961051365,0.0,0.0,0.0,-0.01965596961110078,0.0,0.0,0.0,0.0,0.0,0.0
tCTM,0.3900000000000001,0.18588740163316791,-0.2494051740243865,0.0,-0.001733763402394968,0.0,0.0,0.0,0.0,0.0,0.0,0.0,0.0,0.0,0.0,0.0,0.0,0.0,0.0,0.0,0.0,0.0023933461197708367,0.0,0.0,-0.001761815786177338,0.0,0.0,-0.0036004288423927507,0.0,-0.003388429601209077,-0.0019330281274823765,0.0029348463324004024,0.0,0.0,-0.0036808153820308592,0.0,0.0,0.0,0.0
tCbz-mPYRs,0.3930000000000002,0.25805517699937175,-0.31160170376410135,0.0,-0.0025664343271253748,0.0,0.0066010004016655134,0.0,0.0,0.0,0.0,0.0,0.0,0.0,0.0,0.0,0.0,0.0,0.0,0.0,-0.001166747781407941,0.0,-0.0045571035998677924,0.0,-0.0020776865509364063,0.0,0.0,0.0,0.0,0.0,0.0,0.0,0.011369894226917766,0.0,0.0,-0.0014886932099193542,-0.003431917907412321,0.0,0.0
tDMAC-BN,0.411,-0.29039198824554696,0.2716810608538145,-0.0017546748696720827,-0.010053668106336405,-0.004614421362562404,0.0,0.0,0.0,0.0,-0.004114081271757797,0.0,0.0,0.0,0.0,0.0,0.0,0.0,0.0,-0.002794001121372568,-0.005333831007465274,0.0,0.0,0.0,0.0,-0.0017051286872950995,0.0,0.0,0.0,0.0,0.0,0.0,0.0,0.0,-0.003947694537363721,0.0,0.0,0.0,0.0
tDPAC-BN,0.4630000000000001,-0.2196260087903577,0.24089671882270214,-0.0047383613609964965,-0.014511797239078823,0.0,0.008586308505316815,0.0,0.005013558383401277,0.0,0.0,0.0,0.0017130259349676235,0.0,0.0,0.0,0.0,0.0,0.0,-0.006065110484895739,0.0,0.0,0.0,0.0,0.0,0.0,0.0,0.0,0.0,0.0,0.0,0.0030160235297293086,0.004970805197942932,0.0,0.0,0.0,0.0,0.0,0.0
teracridan,0.484,0.2897916420410213,-0.2718888754860537,-0.006605715319061143,0.0,0.0,0.0,0.0,0.0,0.0,0.007155106577376725,0.0,0.0,0.0,0.0,0.010093143473445644,0.0,0.0,0.0,0.0,0.0,0.0,0.0,0.0,0.0,0.0,0.0,-0.004370583176216923,0.0,-0.01232136744353394,0.0,-0.012038264306468493,0.014789906673911604,0.0,0.0,0.0,0.005570919617491149,0.0,0.0
thio-ether,0.417,-0.756401763897899,0.794401012717736,-0.005683484375669457,0.0,0.0,0.0,0.0,0.0,0.0,-0.011856385099723504,0.0,0.0,0.0,-0.0151553271956197,0.0,-0.0065566353703828215,0.0,0.0,0.0,-0.012866933762265819,0.0,-0.00037247954433066506,0.0,0.0,0.0,0.0,0.0,0.0,0.0,0.0,-0.010029915527656943,0.0,0.0,0.0,0.0,0.0,0.0,-0.0021996018377530846
trimesitylboron,0.3129999999999997,0.40841196171528155,-0.5236957742821684,-0.0020154531298187577,0.0,0.0,0.0,-0.002815982655519872,0.0,-0.004443049861096912,0.0,0.0,0.0,0.0,0.0,-0.0016534105055973844,0.0,0.0,0.0,0.0,0.0,0.0,-0.006253744654656913,0.0,0.0,0.0,0.0,0.0,0.0,0.0,0.0,-0.005094193623157004,0.0058633590971426675,-0.0025693407256158506,0.0,0.0,0.0,0.0,0.0
t–BuCz2BP,0.496,0.17850014156285393,-0.1546129586674202,0.0,-0.004026094127431289,0.0,0.002051863686130289,0.0,0.0,0.0,0.004450511632843899,0.0,0.0,0.00413652654520802,0.0,0.0,0.0,0.0,0.0,0.0,0.0,0.0,0.0027245743684802927,0.0,0.0,0.0,0.0,0.0,0.0,0.0,0.0,0.02241868061803057,0.0,0.0,0.0,0.0,-0.026515371765001818,0.0,0.003016578073429482
α-2CbPN,0.3900000000000001,0.16760180826594215,-0.22272867555828715,0.0,0.0,0.0057471271530094205,0.0,0.002594439821252274,0.0,0.0,0.0,0.0,0.0,0.0,0.0,0.0,0.0,0.0,-0.0037578360033941605,0.0,0.0,0.0,0.0,0.0011460319622561082,0.0,0.0,0.0,0.0,0.003599970008259302,0.01738176341123218,0.0,0.0,0.010831725981617529,0.0,0.0,0.0,0.0,0.007061429189232163,0.0
α-2DMAC-DBP,0.1280000000000001,-0.7662024366247353,0.5289745407322298,0.0,-0.012192522246965376,0.0,0.0,0.0,0.0,0.0,-0.01271121473969134,-0.0009516557958928481,0.0,0.0,0.0,0.0,0.0,0.0,0.0,0.0,-0.007122079319772905,0.0,-0.011954812428757337,0.0,0.0,0.0,0.0,-0.005483736480229651,-0.010674189353103939,0.0,0.0,-0.018508939130157217,0.0,0.0,0.0,0.0,0.0,0.0,0.0
α-DMAC-DBP,0.1169999999999999,-0.6247712177452268,0.3985743913748258,-0.011757715804230906,-0.028845869948100407,0.0,0.0,0.0,0.0,0.0,0.0,0.0,0.0,0.0,0.0,0.0,0.0,-0.003084250120584101,0.0,0.0,0.0,0.0,0.0,-0.007329995427077005,0.0,0.0,0.0,0.0,0.0,0.0,0.0,-0.017330009818807078,-0.020613514158232586,-0.006443599196404889,0.0,0.0,-0.005373156566716442,0.0,0.0
β-DI-DBP,0.2730000000000001,-0.12590263509908206,0.0,0.0,0.0,-0.00935341501399448,0.0,0.0,0.0,-0.001165683747126528,0.0,0.0,0.0,0.0,0.0,0.0,-0.003720008186290463,0.0,0.0,0.0,0.0,0.0,0.0,0.0,0.0,-0.0020403394971676442,0.0,-0.0026407552457521242,-0.004196830161252708,-0.0036055798979979467,0.0,0.0,-0.006644328227149225,0.0,-0.0022671042446883454,0.0,0.0,0.0,0.0
δ-2CbPN,0.3529999999999997,0.032441683629703025,-0.113613729465634,0.0,-0.0033068002895384843,0.0,0.0,0.0,-0.003919596373273611,0.0,0.0,0.0,0.0,0.0,0.0,0.0,0.0,0.0,-0.005656299380412104,0.0,0.0,0.0,-0.0036247874206759966,0.0,0.0,0.0,0.0,0.0,0.0,0.008265607599854834,0.0,0.0,0.006379632850100861,0.0,-0.003672505505118827,0.0,-0.006137465044041962,0.0,0.0
