Molecule_id,SMILES,total_donors,total_acceptors,architecture,molecular_weight,logp
4CzTPN,N#Cc1c(-n2c3ccccc3c3ccccc32)c(-n2c3ccccc3c3ccccc32)c(C#N)c(-n2c3ccccc3c3ccccc32)c1-n1c2ccccc2c2ccccc21,4,4,Multi-D/A,788.914,13.818359999999975
DMAC-DPS,CC1(C)c2ccccc2N(c2ccc(S(=O)(=O)c3ccc(N4c5ccccc5C(C)(C)c5ccccc54)cc3)cc2)c2ccccc21,2,0,2D-0A,632.8290000000002,10.73759999999999
PSPCz,C1=CC=C(C=C1)S(=O)(=O)C2=CC=CC(=C2)N3C4=CC=CC=C4C5=CC=CC=C53,1,0,1D-0A,383.4720000000001,5.616500000000004
Px2BP,C1=CC=C2C(=C1)N(C3=CC=CC=C3O2)C4=CC=C(C=C4)C(=O)C5=CC=C(C=C5)N6C7=CC=CC=C7OC8=CC=CC=C86,4,0,Multi-D/A,544.6100000000002,10.068599999999993
CzS2,C1=CC=C2C(=C1)C3=CC=CC=C3N2C4=CC=C(C=C4)S(=O)(=O)C5=CC=C(C=C5)N6C7=CC=CC=C7C8=CC=CC=C86,2,0,2D-0A,548.6670000000003,8.713600000000001
2TCz-DPS,CC(C)(C)C1=CC2=C(C=C1)N(C3=C2C=C(C=C3)C(C)(C)C)C4=CC=C(C=C4)S(=O)(=O)C5=CC=C(C=C5)N6C7=C(C=C(C=C7)C(C)(C)C)C8=C6C=CC(=C8)C(C)(C)C,2,0,2D-0A,773.0989999999998,13.903599999999969
TDBA-DI,CC(C)(C)c1ccc2c(c1)B1c3cc(C(C)(C)C)ccc3Oc3cc(-n4c5ccccc5c5c6c(c7ccccc7n6-c6ccccc6)c6c(c7ccccc7n6-c6ccccc6)c54)cc(c31)O2,3,0,Multi-D/A,877.8969999999999,14.300499999999968
OPDPO,O=CC1=CCC(c2ccccc2N2c3ccccc3Sc3ccccc32)(P(=O)(c2ccccc2)c2ccccc2)C=C1,2,0,2D-0A,581.6770000000002,8.915600000000001
2CzTPEPCz,C(=C(c1ccc(-n2c3ccccc3c3ccccc32)cc1)c1ccc(-n2c3ccccc3c3ccccc32)cc1)c1ccc(-c2ccc(-n3c4ccccc4c4ccccc43)cc2)cc1,3,0,Multi-D/A,828.0310000000001,16.23379999999997
TBRb,CC(C)(C)c1ccc(-c2c3ccc(C(C)(C)C)cc3c(-c3ccccc3)c3c(-c4ccc(C(C)(C)C)cc4)c4ccc(C(C)(C)C)cc4c(-c4ccccc4)c23)cc1,0,0,Unknown,757.118,17.00419999999997
TBPe,CC(C)(C)c1cc2cc(C(C)(C)C)cc3c4cc(C(C)(C)C)cc5cc(C(C)(C)C)cc(c(c1)c23)c54,0,0,Unknown,476.7480000000003,10.927199999999988
2CzPN,N#Cc1cc(-c2cccc3c2[nH]c2ccccc23)c(-c2cccc3c2[nH]c2ccccc23)cc1C#N,2,4,Multi-D/A,458.52400000000017,8.032960000000003
3CzFTFP,Fc1nc(F)c(F)c(C2(c3ccc4c(c3)c3ccccc3n4-c3ccccc3)c3ccccc3-c3ccccc32)c1F,1,0,1D-0A,556.5620000000002,9.0982
DDPhCz-DCPP,N#Cc1nc2c3ccc(-n4c5ccc(-c6ccccc6)cc5c5cc(-c6ccccc6)ccc54)cc3c3cc(-n4c5ccc(-c6ccccc6)cc5c5cc(-c6ccccc6)ccc54)ccc3c2nc1C#N,2,3,Multi-D/A,915.0719999999999,16.541759999999975
ACRXTN,CC1(C)c2ccccc2N(c2ccc3c(=O)c4ccccc4oc3c2)c2ccccc21,1,0,1D-0A,403.4810000000001,7.055300000000005
TXO-TPA,O=C1c2ccccc2S(=O)(=O)c2ccc(-c3ccc(N(c4ccccc4)c4ccccc4)cc3)cc21,1,0,1D-0A,487.58000000000015,7.200600000000006
PCTXO,O=C1c2ccccc2S(=O)(=O)c2ccc(-c3ccc(N(c4ccc(Br)cc4)c4ccc(Br)cc4)cc3)cc21,1,0,1D-0A,645.3720000000001,8.725600000000002
IP-PPI,c1ccc(-n2c(-c3ccc(-c4ccc(-c5cn6ccccc6n5)cc4)cc3)nc3c4ccccc4c4ccccc4c32)cc1,0,0,Unknown,562.6760000000002,9.980599999999992
DMDHNP-DPS,CC1(C)c2cnccc2Nc2ccncc21.O=S(=O)(c1ccccc1)c1ccccc1,0,0,Unknown,429.54500000000013,5.378900000000004
4NTAZ-PPI,c1ccc(-c2nnc(-c3ccc(-c4ccc(-c5nc6c7ccccc7c7ccccc7c6n5-c5ccccc5)cc4)cc3)n2-c2cccc3ccccc23)cc1,0,0,Unknown,715.8600000000001,12.73379999999998
TAZ-PPI,c1ccc(-c2nnc(-c3ccc(-c4ccc(-c5nc6c7ccccc7c7ccccc7c6n5-c5ccccc5)cc4)cc3)n2-c2ccccc2)cc1,0,0,Unknown,665.8000000000002,11.580599999999983
PTZ-mPYR,Cc1cc(N2c3ccccc3Sc3ccccc32)ccc1-c1cc(-c2ccc(N3c4ccccc4Sc4ccccc43)cc2C)ncn1,4,1,Multi-D/A,654.8640000000001,12.296239999999978
pCNBCzoCF3,N#Cc1ccc(-n2c3ccccc3c3cc(-c4ccc5c(c4)c4ccccc4n5-c4ccc(C#N)cc4C(F)(F)F)ccc32)c(C(F)(F)F)c1,2,4,Multi-D/A,670.6160000000003,11.328759999999987
PTZTPE-2,CC1(C)OB(c2ccc(C(=C(c3ccccc3)c3ccccc3)c3ccccc3)cc2)OC1(C)C,0,0,Unknown,458.4100000000002,6.993200000000007
4CzIPN,N#Cc1c(-n2c3ccccc3c3ccccc32)c(C#N)c(-n2c3ccccc3c3ccccc32)c(-n2c3ccccc3c3ccccc32)c1-n1c2ccccc2c2ccccc21,4,4,Multi-D/A,788.914,13.818359999999975
DMAC-TRZ,CC1(C)c2ccccc2N(c2ccc(-c3nc(-c4ccccc4)nc(-c4ccccc4)n3)cc2)c2ccccc21,1,1,D-A,516.6480000000001,8.981700000000002
TCzTrz,c1ccc(-c2nc(-c3ccccc3)nc(-c3cc(-n4c5ccccc5c5ccccc54)c(-n4c5ccccc5c5ccccc54)c(-n4c5ccccc5c5ccccc54)c3)n2)cc1,3,1,Multi-D/A,804.957,14.163899999999972
δ-2CbPN,N#Cc1cc(-n2c3ccccc3c3ncccc32)c(-n2c3ccccc3c3ncccc32)cc1C#N,0,4,Multi-D/A,460.50000000000017,6.414160000000004
CzDCbTrz,c1ccc(-c2nc(-c3ccccc3)nc(-c3cc(-n4c5ccccc5c5ncccc54)c(-n4c5ccccc5c5ccccc54)c(-n4c5ccccc5c5ncccc54)c3)n2)cc1,1,1,D-A,806.933,12.953899999999972
α-2CbPN,N#Cc1cc(-n2c3ccccc3c3cccnc32)c(-n2c3ccccc3c3cccnc32)cc1C#N,0,4,Multi-D/A,460.50000000000017,6.414160000000004
CN-QP,N#Cc1ccc2nc(-c3ccc(N4c5ccccc5Oc5ccccc54)cc3)c(-c3ccc(N4c5ccccc5Oc5ccccc54)cc3)nc2c1,4,3,Multi-D/A,669.7440000000001,11.98647999999998
TFM-QP,FC(F)(F)c1ccc2nc(-c3ccc(N4c5ccccc5Oc5ccccc54)cc3)c(-c3ccc(N4c5ccccc5Oc5ccccc54)cc3)nc2c1,4,1,Multi-D/A,712.7310000000001,13.13359999999998
NDN,c1ccc2c(c1)c1cccnc1n2-c1ccc2sc3ccc(-n4c5ccccc5c5cccnc54)cc3c2c1,0,0,Unknown,516.6290000000002,9.038699999999995
mCP,c1cc(-n2c3ccccc3c3ccccc32)cc(-n2c3ccccc3c3ccccc32)c1,2,0,2D-0A,408.5040000000001,7.880800000000005
ZDZ,c1ccc2c(c1)c1ccccc1n2-c1ccc2sc3ccc(-n4c5ccccc5c5ccccc54)cc3c2c1,2,0,2D-0A,514.6530000000002,10.248699999999987
ZDN,c1ccc2c(c1)c1ccccc1n2-c1ccc2sc3ccc(-n4c5ccccc5c5cccnc54)cc3c2c1,1,0,1D-0A,515.6410000000003,9.643699999999992
BTCz3CzTPN,N#Cc1c(-n2c3ccccc3c3ccccc32)c(-n2c3ccccc3c3ccccc32)c(C#N)c(-n2c3ccccc3c3c4sc5ccccc5c4ccc32)c1-n1c2ccccc2c2ccccc21,4,4,Multi-D/A,895.0629999999999,16.186259999999976
2BTCz2CzTPN,N#Cc1c(-n2c3ccccc3c3ccccc32)c(-n2c3ccccc3c3c4sc5ccccc5c4ccc32)c(C#N)c(-n2c3ccccc3c3ccccc32)c1-n1c2ccccc2c2c3sc4ccccc4c3ccc21,4,4,Multi-D/A,1001.2119999999996,18.554160000000007
APDC-DTPA,N#Cc1nc2c(nc1C#N)-c1ccc(-c3ccc(N(c4ccccc4)c4ccccc4)cc3)c3c(-c4ccc(N(c5ccccc5)c5ccccc5)cc4)ccc-2c13,2,2,2D-2A,740.8700000000001,13.294159999999977
BMIM,N#Cc1nc2c(nc1C#N)-c1ccc(-c3ccc(N(c4ccccc4)c4ccccc4)cc3)c3c(-c4ccc(N(c5ccccc5)c5ccccc5)cc4)ccc-2c13,2,2,2D-2A,740.8700000000001,13.294159999999977
ADO-TPA,O=C1C(=O)c2ccc(-c3ccc(N(c4ccccc4)c4ccccc4)cc3)c3cccc1c23,1,0,1D-0A,425.48700000000014,7.355600000000005
DCzTrz,c1ccc(-c2nc(-c3ccccc3)nc(-c3cc(-n4c5ccccc5c5ccccc54)cc(-n4c5ccccc5c5ccccc54)c3)n2)cc1,2,1,D-A-D,639.7620000000002,11.066799999999985
BDPCC,c1ccc(-c2ccc3[nH]c4c(-c5ccc6c([nH]c7ccccc76)c5-c5cc(-c6ccccc6)cc6c5[nH]c5ccc(-c7ccccc7)cc56)cc(-c5ccccc5)cc4c3c2)cc1,3,0,Multi-D/A,801.993,16.592099999999977
SpiroAC-TRZ,c1ccc(-c2nc(-c3ccccc3)nc(-c3ccc(N4c5ccccc5C5(c6ccccc6-c6ccccc65)c5ccccc54)cc3)n2)cc1,1,1,D-A,638.7740000000002,11.018899999999988
DBT-BZ-DMAC,CC1(C)c2ccccc2Nc2cccc(C(=O)c3ccccc3)c21.c1ccc2c(c1)sc1ccccc12,0,0,Unknown,497.6630000000001,9.354999999999997
DQP,c1ccc2nc3c(nc2c1)c1nc2ccccc2nc1c1nc2ccccc2nc31,0,6,Multi-D/A,384.40200000000016,4.975800000000002
TPA-DCPP,N#Cc1nc2c3ccc(-c4ccc(N(c5ccccc5)c5ccccc5)cc4)cc3c3cc(-c4ccc(N(c5ccccc5)c5ccccc5)cc4)ccc3c2nc1C#N,2,3,Multi-D/A,766.908,13.953159999999972
2PXZ-OXD,c1ccc2c(c1)Oc1ccccc1N2c1ccc(-c2nnc(-c3ccc(N4c5ccccc5Oc5ccccc54)cc3)o2)cc1,4,0,Multi-D/A,584.6350000000002,10.554599999999988
BmPyPhB,CC1(C)c2ccccc2N(c2ccc(-c3nc(-c4ccc(N5c6ccccc6C(C)(C)c6ccccc65)cc4)nc(-c4ccc(N5c6ccccc6C(C)(C)c6ccccc65)cc4)n3)cc2)c2ccccc21,3,1,Multi-D/A,931.1999999999998,17.199899999999975
MPPA,COc1ccc(N(c2ccc(OC)cc2)c2ccc(-c3ccc4c(c3)C(=O)c3ccc(-c5ccc(N(c6ccc(OC)cc6)c6ccc(OC)cc6)cc5)cc3C4=O)cc2)cc1,2,0,2D-0A,814.9380000000002,12.769999999999978
ACRFLCN,N#Cc1ccc2c(c1)C1(c3cc(C#N)ccc3-2)c2ccccc2N(c2ccccc2)c2ccccc21,1,4,Multi-D/A,457.5360000000001,7.576260000000006
PTZ-DCPP,N#Cc1nc2c3ccc(N4c5ccccc5Sc5ccccc54)cc3c3cc(N4c5ccccc5Sc5ccccc54)ccc3c2nc1C#N,4,3,Multi-D/A,674.814,11.548359999999985
BBA-Pyr,c1ccc(-c2ccc(N(c3ccc(-c4ccccc4)cc3)c3ccc(-c4ccc(-c5cc(-c6ccccc6)nc(-c6ccccc6)n5)cc4)cc3)cc2)cc1,1,1,D-A,703.8890000000002,13.94839999999997
PhICz-Pyr,c1ccc(-c2ccc3c(c2)c2cc(-c4ccccc4)cc4c5cc(-c6ccc(-c7cc(-c8ccccc8)nc(-c8ccccc8)n7)cc6)ccc5n3c24)cc1,2,1,D-A-D,699.8570000000002,13.628699999999974
PhCz-Pyr,c1ccc(-c2ccc3c(c2)c2cc(-c4ccccc4)ccc2n3-c2ccc(-c3ccc(-c4cc(-c5ccccc5)nc(-c5ccccc5)n4)cc3)cc2)cc1,1,1,D-A,701.8730000000002,13.575699999999971
PDA-DP,CC1(C)c2cc(-c3ccccc3)ccc2N(c2ccc(S(=O)(=O)c3ccc(N4c5ccc(-c6ccccc6)cc5C(C)(C)c5cc(-c6ccccc6)ccc54)cc3)cc2)c2ccc(-c3ccccc3)cc21,2,0,2D-0A,937.221,17.40559999999998
9CzFDBFDPO,O=P(c1ccccc1)(c1ccccc1)c1cccc2c1oc1c(P(=O)(c3ccccc3)c3ccccc3)cc(-c3ccc(C4(c5ccc(-n6c7ccccc7c7ccccc76)cc5)c5ccccc5-c5ccccc54)cc3)cc12,1,0,1D-0A,1050.147,15.991999999999964
9PhCzFDBFDPO,O=P(c1ccccc1)(c1ccccc1)c1cccc2c1oc1c(P(=O)(c3ccccc3)c3ccccc3)cc(-c3ccc(C4(c5ccc(-c6ccc(-n7c8ccccc8c8ccccc87)cc6)cc5)c5ccccc5-c5ccccc54)cc3)cc12,1,0,1D-0A,1126.2449999999997,17.65899999999998
9PhCzFDBFSPO,O=P(c1ccccc1)(c1ccccc1)c1cccc2c1oc1ccc(-c3ccc(C4(c5ccc(-c6ccc(-n7c8ccccc8c8ccccc87)cc6)cc5)c5ccccc5-c5ccccc54)cc3)cc12,1,0,1D-0A,926.0680000000001,16.019599999999965
9CzFDBFSPO,O=P(c1ccccc1)(c1ccccc1)c1cccc2c1oc1ccc(-c3ccc(C4(c5ccc(-n6c7ccccc7c7ccccc76)cc5)c5ccccc5-c5ccccc54)cc3)cc12,1,0,1D-0A,849.9700000000001,14.35259999999997
9ArFDBFxPO,O=P(c1ccccc1)(c1ccccc1)c1cccc2c1oc1c(P(=O)(c3ccccc3)c3ccccc3)cc(-c3ccc(C4(c5ccc(-n6c7ccccc7c7ccccc76)cc5)c5ccccc5-c5ccccc54)cc3)cc12,1,0,1D-0A,1050.147,15.991999999999964
12BTCzTPN,N#Cc1c(-n2c3ccccc3c3ccccc32)c(-n2c3ccccc3c3ccc4c5ccccc5sc4c32)c(C#N)c(-n2c3ccccc3c3ccccc32)c1-n1c2ccccc2c2ccc3c4ccccc4sc3c21,4,4,Multi-D/A,1001.2119999999996,18.554160000000007
oDTBPZ-DPXZ,Cc1ccccc1-c1cc2nc3c4ccc(N5c6ccccc6Oc6ccccc65)cc4c4cc(N5c6ccccc6Oc6ccccc65)ccc4c3nc2cc1-c1ccccc1C,4,2,Multi-D/A,822.968,16.191239999999972
3DMAC-BP-CN,CC1(C)c2ccccc2N(c2ccc3c(c2)c2cc(N4c5ccccc5C(C)(C)c5ccccc54)ccc2c2nc4cc(N5c6ccccc6C(C)(C)c6ccccc65)c(C#N)cc4nc32)c2ccccc21,3,4,Multi-D/A,927.1679999999997,17.288379999999975
3DMAC-BP-Br,CC1(C)c2ccccc2N(c2ccc3c(c2)c2cc(N4c5ccccc5C(C)(C)c5ccccc54)ccc2c2nc4cc(N5c6ccccc6C(C)(C)c6ccccc65)c(Br)cc4nc32)c2ccccc21,3,2,Multi-D/A,981.0539999999997,18.17919999999999
TPA-PZCN,N#Cc1ccc2c(c1)c1cc(C#N)ccc1c1nc3cc(-c4ccc(N(c5ccccc5)c5ccccc5)cc4)c(-c4ccc(N(c5ccccc5)c5ccccc5)cc4)cc3nc21,2,6,Multi-D/A,816.968,15.106359999999968
1PXZ-BP,c1ccc2c(c1)Oc1ccccc1N2c1ccc2c(c1)c1ccccc1c1nc3ccccc3nc21,2,2,2D-2A,461.52400000000017,8.664899999999998
PTZ-DBTO2,O=S1(=O)c2ccccc2-c2cc(N3c4ccccc4Sc4ccccc43)ccc21,2,0,2D-0A,413.5230000000001,6.434200000000004
BACQ,CC1(C)c2c(ccc3ccccc23)-n2c3ccccc3c(=O)c3cccc1c32,1,0,1D-0A,361.44400000000013,5.936400000000005
2Cz-DMAC-TXO,CC1(C)c2cc(-n3c4ccccc4c4ccccc43)ccc2N(c2ccc3sc4ccccc4c(=O)c3c2)c2ccc(-n3c4ccccc4c4ccccc43)cc21,3,0,Multi-D/A,749.9390000000001,13.717999999999973
2Cz-DMAC-TTR,CC1(C)c2cc(-n3c4ccccc4c4ccccc43)ccc2N(c2ccc3c(c2)S(=O)(=O)c2ccccc2S3(=O)=O)c2ccc(-n3c4ccccc4c4ccccc43)cc21,3,0,Multi-D/A,817.9920000000001,11.968899999999982
2Cz-DMAC-BTB,CC1(C)c2cc(-n3c4ccccc4c4ccccc43)ccc2N(c2ccc3c(c2)-c2ccccc2S3(=O)=O)c2ccc(-n3c4ccccc4c4ccccc43)cc21,3,0,Multi-D/A,753.927,12.803099999999977
DMAC-BPP,CC1(C)c2ccccc2N(c2cc(-c3cc(-c4ccc(-c5ccccc5)cc4)nc(-c4ccccc4)n3)cc(N3c4ccccc4C(C)(C)c4ccccc43)c2)c2ccccc21,2,1,D-A-D,799.0339999999999,15.362799999999968
Me-MOC,COc1ccc2c(c1)c1ccccc1n2-c1ccc(-c2c(C#N)c(C)nc(C)c2C#N)cc1,1,2,A-D-A,428.49500000000023,6.2145000000000055
Me-DOC,COc1ccc2c(c1)c1cc(OC)ccc1n2-c1ccc(-c2c(C#N)c(C)nc(C)c2C#N)cc1,1,2,A-D-A,458.52100000000024,6.223100000000006
3DCPO,O=P(c1ccccc1)(c1ccc2c(c1)c1ccccc1n2-c1ccccc1)c1ccc2c(c1)c1ccccc1n2-c1ccccc1,2,0,2D-0A,608.6810000000002,9.520199999999997
TDBA-TPDICz,CC(C)(C)c1ccc2c(c1)B1c3cc(C(C)(C)C)ccc3Oc3cc(-n4c5ccccc5c5c(-c6ccccc6)c6c(c(-c7ccccc7)c54)c4ccccc4n6-c4ccccc4)cc(c31)O2,2,0,2D-0A,864.898,14.537399999999964
TRZ-pIC,CC(C)(C)c1ccc2c(c1)B1c3cc(C(C)(C)C)ccc3Oc3cc(-n4c5ccccc5c5c(-c6ccccc6)c6c(c(-c7ccccc7)c54)c4ccccc4n6-c4ccccc4)cc(c31)O2,2,0,2D-0A,864.898,14.537399999999964
SBF-PXZ,c1ccc2c(c1)Oc1ccccc1N2c1ccc2c(c1)C1(c3ccccc3-c3ccccc31)c1cc(N3c4ccccc4Oc4ccccc43)ccc1-2,4,0,Multi-D/A,678.7910000000002,13.18109999999998
PtOEP,CCC1=C(CC)c2cc3[nH]c(cc4nc(cc5[nH]c(cc1n2)c(CC)c5CC)C(CC)=C4CC)c(CC)c3CC.[Pt+2],0,0,Unknown,729.8700000000003,10.023499999999993
PxCYP,N#Cc1ccc(-c2ccc(N3c4ccccc4Oc4ccccc43)cc2)nc1-c1ccc(N2c3ccccc3Oc3ccccc32)cc1,4,1,Multi-D/A,618.6960000000001,11.438279999999985
AcCYP,CC1(C)c2ccccc2N(c2ccc(-c3ccc(C#N)c(-c4ccc(N5c6ccccc6C(C)(C)c6ccccc65)cc4)n3)cc2)c2ccccc21,2,1,D-A-D,670.8600000000001,12.505479999999979
BCN,CC1(C)c2ccccc2N2c3ccc4cc(C#N)ccc4c3C(C)(C)c3cccc1c32,1,2,A-D-A,400.52500000000015,7.459880000000006
DPPSPF,O=S(=O)(c1ccccc1)c1ccc(-c2ccc3c(c2)C(c2ccccc2)(c2ccccc2)c2ccccc2-3)cc1,0,0,Unknown,534.6800000000002,8.549500000000005
Me2ACBO,CC(C)(c1ccc2c(c1)B1c3ccc(N4c5ccccc5C(C)(C)c5ccccc54)cc3Oc3cccc(c31)O2)c1ccc2c(c1)B1c3ccc(N4c5ccccc5C(C)(C)c5ccccc54)cc3Oc3cccc(c31)O2,2,0,2D-0A,994.8089999999999,13.685899999999974
F2AcBO,CC1(C)c2ccccc2N(c2ccc3c(c2)Oc2cccc4c2B3c2cc(C3(c5ccc6c(c5)B5c7ccc(N8c9ccccc9C(C)(C)c9ccccc98)cc7Oc7cccc(c75)O6)c5ccccc5-c5ccccc53)ccc2O4)c2ccccc21,2,0,2D-0A,1116.935,15.723099999999963
PSPSF,O=S(=O)(c1ccccc1)c1ccc(-c2ccc3c(c2)C2(c4ccccc4-c4ccccc42)c2ccccc2-3)cc1,0,0,Unknown,532.6640000000002,8.529900000000005
TXO-P-Si,O=C1c2ccccc2S(=O)(=O)c2ccc(-c3ccc([Si](c4ccccc4)(c4ccccc4)c4ccccc4)cc3)cc21,0,0,Unknown,578.7650000000002,5.108200000000005
CzB-FMPIM,FC(F)(F)c1ccc(-n2c(-c3ccc(-c4ccc(-n5c6ccccc6c6ccccc65)cc4)cc3)nc(-c3ccccc3)c2-c2ccccc2)cc1,1,0,1D-0A,681.7610000000002,12.656199999999977
CzB-FMPPI,FC(F)(F)c1ccc(-n2c(-c3ccc(-c4ccc(-n5c6ccccc6c6ccccc65)cc4)cc3)nc3c4ccccc4c4ccccc4c32)cc1,1,0,1D-0A,679.7450000000001,12.78179999999998
BACF,CC1(C)c2ccccc2N(c2ccccc2)c2ccc3cc(F)ccc3c21,1,0,1D-0A,353.44000000000005,7.0880000000000045
BACH,CC1(C)c2ccccc2N(c2ccccc2)c2ccc3ccccc3c21,1,0,1D-0A,335.45000000000005,6.948900000000005
PzTDBA,CC(C)(C)c1ccc2c(c1)B1c3cc(C(C)(C)C)ccc3Oc3cc(N4c5ccccc5N(c5cc6c7c(c5)Oc5ccc(C(C)(C)C)cc5B7c5cc(C(C)(C)C)ccc5O6)c5ccccc54)cc(c31)O2,2,0,2D-0A,942.8179999999998,13.584799999999976
3TCPM,O=C(c1ccccc1)c1ccc(-n2c3ccccc3c3cc(-c4ccc(N(c5ccccc5)c5ccccc5)cc4)ccc32)cc1,2,0,2D-0A,590.7260000000002,11.151499999999986
TPA-PPO,c1ccc(-c2nc(-c3ccc(-c4ccc(N(c5ccccc5)c5ccccc5)cc4)cn3)oc2-c2ccccc2)cc1,1,0,1D-0A,541.6540000000002,10.207399999999993
CzPh-PPO,c1ccc(-c2nc(-c3ccc(-c4ccc(-n5c6ccccc6c6ccccc65)cc4)cn3)oc2-c2ccccc2)cc1,1,0,1D-0A,539.6380000000003,9.834699999999994
m-CF3PIBI,FC(F)(F)c1cccc(-n2c(-c3ccc(-c4ccc(-c5ccc(-c6nc7ccccc7n6-c6ccccc6)cc5)cc4)cc3)nc3c4ccccc4c4ccccc4c32)c1,0,0,Unknown,782.869,14.357599999999977
DPTPEA,c1ccc(C(=C(c2ccccc2)c2ccc(N(c3ccccc3)c3ccccc3)cc2)c2ccccc2)cc1,1,0,1D-0A,499.6570000000001,10.163799999999993
PICNAnCz,N#Cc1ccc(-n2c(-c3ccc(-c4c5ccccc5c(Br)c5ccccc45)cc3)nc3c4ccccc4c4ccccc4c32)cc1,0,2,0D-2A,650.5790000000001,11.606479999999983
DPA-DPQ,c1ccc(-c2cc3ncc(N(c4ccccc4)c4ccccc4)nc3cc2-c2ccccc2)cc1,0,1,0D-1A,449.55700000000013,8.433600000000004
PhQLPXZ,c1ccc(-c2cc(-c3ccccc3)c3cc(N4c5ccccc5Oc5ccccc54)ccc3n2)cc1,2,0,2D-0A,462.55200000000013,9.144299999999998
2DPA-DPQ,c1ccc(-c2cc3nc(N(c4ccccc4)c4ccccc4)c(N(c4ccccc4)c4ccccc4)nc3cc2-c2ccccc2)cc1,0,1,0D-1A,616.7680000000001,11.903399999999982
FDQPXZ,Fc1cc2nc(-c3ccccc3)c(-c3ccccc3)nc2cc1N1c2ccccc2Oc2ccccc21,2,1,D-A-D,481.53000000000026,8.678400000000002
DTRZSFX,c1ccc(-c2nc(-c3ccccc3)nc(-c3ccc4c(c3)C3(c5ccccc5Oc5ccccc53)c3cc(-c5nc(-c6ccccc6)nc(-c6ccccc6)n5)ccc3-4)n2)cc1,0,2,0D-2A,794.918,12.527399999999979
E-o-DHMPA,OCc1ccccc1-c1c2ccccc2c(-c2ccccc2CO)c2ccccc12,0,0,Unknown,390.48200000000014,6.311600000000006
Z-o-DHMPA,OCc1ccccc1-c1c2ccccc2c(-c2ccccc2CO)c2ccccc12,0,0,Unknown,390.48200000000014,6.311600000000006
p-DHMPA,OCc1ccc(-c2c3ccccc3c(-c3ccc(CO)cc3)c3ccccc23)cc1,0,0,Unknown,390.4820000000001,6.3116000000000065
STAC-BP-STAC,O=C(c1ccc(N2c3ccccc3C3(c4ccccc4Sc4ccccc43)c3ccccc32)cc1)c1ccc(N2c3ccccc3C3(c4ccccc4Sc4ccccc43)c3ccccc32)cc1,2,0,2D-0A,905.16,16.178599999999967
SXAC-BP-SXAC,O=C(c1ccc(N2c3ccccc3C3(c4ccccc4Oc4ccccc43)c3ccccc32)cc1)c1ccc(N2c3ccccc3C3(c4ccccc4Oc4ccccc43)c3ccccc32)cc1,2,0,2D-0A,873.0240000000001,15.460799999999965
m-DHMPA,OCc1cccc(-c2c3ccccc3c(-c3cccc(CO)c3)c3ccccc23)c1,0,0,Unknown,390.48200000000014,6.3116000000000065
SFAC-BP-SFAC,O=C(c1ccc(N2c3ccccc3C3(c4ccccc4-c4ccccc43)c3ccccc32)cc1)c1ccc(N2c3ccccc3C3(c4ccccc4-c4ccccc43)c3ccccc32)cc1,2,0,2D-0A,841.0260000000002,15.210199999999967
PBTPA,CCN1c2ccccc2Sc2cc(-c3ccc(-c4ccc(N(c5ccccc5)c5ccccc5)cc4)c4nsnc34)ccc21,2,0,2D-0A,604.804,11.117699999999985
HDP,O=C1c2ccccc2C(=O)c2nc3c(cc(O)c4ccccc43)nc21,0,1,0D-1A,326.31100000000004,3.264000000000002
PY-TPA,CC(C)(C)c1ccc(N(c2ccc(-c3cc4nc5c6ccc(C#N)cc6c6cc(C#N)ccc6c5nc4cc3-c3cccnc3)cc2)c2ccc(C(C)(C)C)cc2)cc1,1,6,Multi-D/A,762.9610000000001,13.626559999999971
CN-TPA,CC(C)(C)c1ccc(N(c2ccc(-c3cc4nc5c6ccc(C#N)cc6c6cc(C#N)ccc6c5nc4cc3C#N)cc2)c2ccc(C(C)(C)C)cc2)cc1,1,8,Multi-D/A,710.8850000000001,12.436239999999977
DMIC-TRZ,CC1(C)CC(c2cccc(-c3nc(-c4ccccc4)nc(-c4ccccc4)n3)c2)C=c2[nH]c3cc4c(cc3c21)-c1ccccc1C=4,0,1,0D-1A,592.7460000000002,8.408700000000007
NyDPAc,CC1(C)c2ccccc2Nc2cccc(-c3ccc(-c4ccc5nc(-c6ccc(-c7cccc8c7C(C)(C)c7ccccc7N8)cc6)ccc5n4)cc3)c21,0,0,Unknown,696.8980000000003,13.063599999999978
oCBP,c1ccc(-n2c3ccccc3c3ccccc32)c(-c2ccccc2-n2c3ccccc3c3ccccc32)c1,2,0,2D-0A,484.60200000000015,9.547799999999995
PABP,Cc1cc(-c2c3ccccc3c(-c3ccccc3)c3ccccc23)ccc1-c1ccc(-c2c3ccccc3c(-c3ccccc3)c3ccccc23)cc1C,0,0,Unknown,686.8980000000003,15.251239999999967
DHID-DPS,CCn1c2ccccc2c2c1c1ccccc1n2-c1ccc(S(=O)(=O)c2ccc(-n3c4ccccc4c4c3c3ccccc3n4CC)cc2)cc1,0,0,Unknown,682.849,10.66279999999999
4FBTPI,CC(C)(C)c1ccc(-n2c(-c3ccc(-c4c(F)c(F)c(-c5ccc(-c6nc7c8ccccc8c8ccccc8c7n6-c6ccc(C(C)(C)C)cc6)cc5)c(F)c4F)cc3)nc3c4ccccc4c4ccccc4c32)cc1,0,0,Unknown,999.1679999999999,18.796599999999998
BCzBMes,Cc1cc(C)c(B(c2c(C)cc(C)cc2C)n2c3ccccc3c3cc(-c4ccc5c(c4)c4ccccc4n5-c4ccccc4)ccc32)c(C)c1,2,0,2D-0A,656.6820000000001,11.063119999999989
CCDMB,Cc1cc(C)c(B(c2ccc(-n3c4ccccc4c4cc(-n5c6ccccc6c6ccccc65)ccc43)cc2)c2c(C)cc(C)cc2C)c(C)c1,2,0,2D-0A,656.682,10.247519999999996
PCDMB,Cc1cc(C)c(B(c2ccc(-n3c4ccccc4c4cc(N5c6ccccc6Oc6ccccc65)ccc43)cc2)c2c(C)cc(C)cc2C)c(C)c1,3,0,Multi-D/A,672.6809999999999,10.725919999999991
BTrztCz,CC(C)(C)c1ccc2c(c1)c1cc(C(C)(C)C)ccc1n2-c1ccccc1-c1nc(-c2ccccc2)nc(-c2ccc(-c3nc(-c4ccccc4)nc(-c4ccccc4-n4c5ccc(C(C)(C)C)cc5c5cc(C(C)(C)C)ccc54)n3)cc2)n1,2,2,2D-2A,1095.4519999999998,19.4428
DHID-DBS,CCCCn1c2ccccc2c2c1c1ccccc1n2-c1ccc2c(c1)-c1cc(-n3c4ccccc4c4c3c3ccccc3n4CCCC)ccc1S2(=O)=O,0,0,Unknown,736.941,12.203599999999978
CZ-DPS-DMAC,CC1(C)c2ccccc2N(c2ccc(S(=O)(=O)c3cc(-n4c5ccccc5c5ccccc54)cc(-n4c5ccccc5c5ccccc54)c3)cc2)c2ccccc21,3,0,Multi-D/A,755.9430000000001,12.822699999999976
XT-T,Cc1ccc(N(c2ccc(C)cc2)c2ccccc2C2(c3ccccc3N(c3ccc(C)cc3)c3ccc(C)cc3)CCCCC2)cc1,2,0,2D-0A,626.888,13.110079999999975
3DPTIA,CC1(C)c2ccccc2N(c2nc(-c3ccccc3)nc(-c3ccccc3)n2)c2cc3c4ccccc4n(-c4ccccc4)c3cc21,1,1,D-A,605.7450000000002,10.41179999999999
PyIAnTPh,c1ccc(-c2cc(-c3ccccc3)cc(-c3c4ccccc4c(-c4ccc(-c5nc6c7cccc8ccc9cccc(c9c87)c6n5-c5ccccc5)cc4)c4ccccc34)c2)cc1,0,0,Unknown,798.989,16.564299999999974
2CzP-INN,N#Cc1c(-c2ccc(-n3c4ccccc4c4ccccc43)cc2)cncc1-c1ccc(-n2c3ccccc3c3ccccc32)cc1,2,1,D-A-D,586.6980000000002,10.481479999999989
VBN0,C=Cc1ccc(COc2ccc3c(c2)c2ccccc2n3-c2cccc(-n3c4ccccc4c4cc(OCc5ccc(C=C)cc5)ccc43)c2C#N)cc1,2,2,2D-2A,697.8380000000002,12.19647999999998
PIAnTPh,c1ccc(-c2cc(-c3ccccc3)cc(-c3c4ccccc4c(-c4ccc(-c5nc6c7ccccc7c7ccccc7c6n5-c5ccccc5)cc4)c4ccccc34)c2)cc1,0,0,Unknown,774.9670000000001,15.973299999999966
BCZ-DPS-AD,CC1(C)c2ccccc2N(c2cc(N3c4ccccc4C(C)(C)c4ccccc43)cc(S(=O)(=O)c3ccc4c(c3)c3ccccc3n4-c3ccccc3)c2)c2ccccc21,3,0,Multi-D/A,798.0240000000001,13.834699999999971
2BTPA-INN,N#Cc1c(-c2ccc(N(c3ccc(-c4ccccc4)cc3)c3ccc(-c4ccccc4)cc3)cc2)cncc1-c1ccc(N(c2ccc(-c3ccccc3)cc2)c2ccc(-c3ccccc3)cc2)cc1,2,1,D-A-D,895.1220000000001,17.894879999999986
SpiroAc,c1ccc2c(c1)Nc1ccccc1C21c2ccccc2-c2ccccc21,0,0,Unknown,331.41800000000006,6.1067000000000045
BuPCzBCO,Cc1ccc2c3cc(Br)c(C)cc3n(-c3ccc(C(C)(C)C)cc3)c2c1,1,0,1D-0A,406.3670000000002,7.460540000000005
AQ-S-CZ,O=C1c2ccccc2C(=O)c2cc(Sc3ccc(-n4c5ccccc5c5ccccc54)cc3)ccc21,1,0,1D-0A,481.57600000000014,7.7103000000000055
DBP-3TPA,c1ccc(N(c2ccccc2)c2ccc(-c3ccc4nc5c6ccc(-c7ccc(N(c8ccccc8)c8ccccc8)cc7)cc6c6cc(-c7ccc(N(c8ccccc8)c8ccccc8)cc7)ccc6c5nc4c3)cc2)cc1,3,2,Multi-D/A,1010.257,20.49980000000002
DCzIPN,N#Cc1cc(C#N)c(-n2c3ccccc3c3ccccc32)cc1-n1c2ccccc2c2ccccc21,2,4,Multi-D/A,458.5240000000002,7.624160000000005
DMeCzIPN,Cc1cccc2c3ccccc3n(-c3cc(-n4c5ccccc5c5cccc(C)c54)c(C#N)cc3C#N)c12,2,4,Multi-D/A,486.57800000000026,8.241000000000003
SAFDPA,c1ccc(N(c2ccccc2)c2ccc3c(c2)-c2ccccc2C32c3ccccc3N(c3ccccc3)c3ccccc32)cc1,2,0,2D-0A,574.7270000000002,11.302699999999986
t-DABNA,CC(C)(C)c1ccc(N2c3ccc(C(C)(C)C)cc3B3c4cc(C(C)(C)C)ccc4N(c4ccc(C(C)(C)C)cc4)c4cccc2c43)cc1,2,0,2D-0A,644.7560000000002,10.95919999999999
3-AcBPtCN,CC1(C)c2ccccc2N(c2ccc3c(c2)c2cc(C#N)ccc2c2nc4cc(C#N)c(C#N)cc4nc32)c2ccccc21,1,8,Multi-D/A,562.6360000000003,8.81354
3-AcBPdCN,CC1(C)c2ccccc2N(c2ccc3c(c2)c2ccccc2c2nc4cc(C#N)c(C#N)cc4nc32)c2ccccc21,1,6,Multi-D/A,537.6260000000002,8.941859999999998
11-AcBPdCN,CC1(C)c2ccccc2N(c2ccc3nc4c5ccc(C#N)cc5c5cc(C#N)ccc5c4nc3c2)c2ccccc21,1,6,Multi-D/A,537.6260000000002,8.94186
PID-3,c1ccc(-n2c(-c3ccc(-c4cccs4)s3)nc3c4ccccc4c4ccccc4c32)cc1,0,0,Unknown,458.6110000000002,8.788899999999998
3-ACBPmCN,CC1(C)c2ccccc2N(c2ccc3c(c2)c2cc(C#N)ccc2c2nc4ccccc4nc32)c2ccccc21,1,4,Multi-D/A,512.6160000000002,9.070179999999999
3-DTPA-BBI,O=c1c2ccc(-c3ccc(N(c4ccccc4)c4ccccc4)cc3)c3c(-c4ccc(N(c5ccccc5)c5ccccc5)cc4)ccc(c32)c2nc3ccccc3n12,2,0,2D-0A,756.909,13.865499999999978
IABTCN,CC1(C)c2ccccc2-c2cc3c(cc21)N(c1ccccc1)c1ccc(-c2ccc(C#N)c4nsnc24)cc1C3(c1ccccc1)c1ccccc1,1,2,A-D-A,684.8680000000002,11.702179999999982
BTZPP,CC(C)(C)c1ccc(-n2c(-c3ccc(-c4cccc5nsnc45)cc3)cc3c2cc(-c2ccc(-c4cccc5nsnc45)cc2)n3-c2ccc(C(C)(C)C)cc2)cc1,0,0,Unknown,791.0619999999999,13.693599999999972
DPimdPPA,N#C/C(=C\c1ccc(-c2nc(-c3ccccc3)c(-c3ccccc3)[nH]2)cc1)c1ccccc1,0,1,0D-1A,423.51900000000006,7.474880000000006
BCzPh,c1ccc(-n2c3ccccc3c3cc(-c4ccc5c(c4)c4ccccc4n5-c4ccccc4)ccc32)cc1,2,0,2D-0A,484.60200000000015,9.547799999999995
TBPM2CN,N#Cc1ccc(-c2ccc3c(c2)c2cc(-c4ccc(C#N)cc4)ccc2c2c3nc(-c3ccc(-c4ccc(N(c5ccccc5)c5ccccc5)cc4)cc3)n2-c2ccccc2)cc1,1,4,Multi-D/A,815.9800000000002,15.213059999999965
TPM2CN,N#Cc1ccc(-c2ccc3c(c2)c2cc(-c4ccc(C#N)cc4)ccc2c2c3nc(-c3ccc(N(c4ccccc4)c4ccccc4)cc3)n2-c2ccccc2)cc1,1,4,Multi-D/A,739.8820000000002,13.546059999999972
PT-BZ-DMAC,CC1(C)c2ccccc2N(c2ccc(C(=O)c3ccc(Sc4ccccc4)cc3)cc2)c2ccccc21,1,0,1D-0A,497.6630000000001,9.1779
PS-BZ-DMAC,CC1(C)c2ccccc2N(c2ccc(C(=O)c3ccc(S(=O)(=O)c4ccccc4)cc3)cc2)c2ccccc21,1,0,1D-0A,529.6610000000002,7.859500000000008
2PCzBN-tPh,CC(C)(C)c1ccc(-c2cc(-n3c4ccc(-c5ccccc5)cc4c4cc(-c5ccccc5)ccc43)c(C#N)c(-n3c4ccc(-c5ccccc5)cc4c4cc(-c5ccccc5)ccc43)c2)cc1,2,2,2D-2A,870.112,17.38497999999998
2PCzBN,N#Cc1c(-n2c3ccc(-c4ccccc4)cc3c3cc(-c4ccccc4)ccc32)cccc1-n1c2ccc(-c3ccccc3)cc2c2cc(-c3ccccc3)ccc21,2,2,2D-2A,737.9060000000002,14.420479999999973
TPA-2,O=C1c2ccccc2C(=O)c2c1ccc1nc(-c3ccc(N(c4ccccc4)c4ccccc4)cc3)c(-c3ccc(N(c4ccccc4)c4ccccc4)cc3)nc21,2,1,D-A-D,746.87,12.678799999999978
36DTPAFM,N#CC(C#N)=C1c2ccc(-c3ccc(N(c4ccccc4)c4ccccc4)cc3)cc2-c2cc(-c3ccc(N(c4ccccc4)c4ccccc4)cc3)ccc21,2,2,2D-2A,714.8720000000003,13.789659999999971
AQTC,N#Cc1cc2nc3c(nc2c(C#N)c1C#N)-c1cccc2cccc-3c12,0,7,Multi-D/A,329.32200000000006,4.045440000000001
3TPAFM,N#CC(C#N)=C1c2ccccc2-c2cc(-c3ccc(N(c4ccccc4)c4ccccc4)cc3)ccc21,1,2,A-D-A,471.5630000000001,8.652860000000002
BBPA,CCCCOc1ccccc1-c1c2ccccc2c(-c2ccccc2OCCCC)c2ccccc12,0,0,Unknown,474.6440000000003,9.684799999999996
DMPA,COc1ccc(-c2c3ccccc3c(-c3ccc(OC)cc3OC)c3ccccc23)c(OC)c1,0,0,Unknown,450.5340000000002,7.361400000000007
PXZ-NAI,O=C1c2cccc3c(N4c5ccccc5Oc5ccccc54)ccc(c23)C(=O)N1c1ccccc1,2,0,2D-0A,454.4850000000002,7.215900000000004
PTZ-NAI,O=C1c2cccc3c(N4c5ccccc5Sc5ccccc54)ccc(c23)C(=O)N1c1ccccc1,2,0,2D-0A,470.5530000000002,7.574800000000004
AI-4Cz,O=C1c2c(c(-n3c4ccccc4c4ccccc43)c(-n3c4ccccc4c4ccccc43)c(-n3c4ccccc4c4ccccc43)c2-n2c3ccccc3c3ccccc32)C(=O)N1c1ccccc1,4,0,Multi-D/A,884.011,14.87559999999997
DAcIPN,CC1(C)c2ccccc2N(c2cc(N3c4ccccc4C(C)(C)c4ccccc43)c(C#N)cc2C#N)c2ccccc21,2,4,Multi-D/A,542.6860000000003,9.648159999999995
TCz1,CCCCC(CC)Cn1c2ccc(-n3c4ccccc4c4ccccc43)cc2c2cc(-n3c4ccccc4c4ccccc43)ccc21,3,0,Multi-D/A,609.8170000000002,12.205099999999979
MBF,F[B-]1(F)OC(c2ccccc2)=Cc2cc(-c3ccc(N4c5ccccc5Oc5ccccc54)cc3)nc[n+]21,2,1,D-A-D,503.3170000000002,7.362600000000007
MPA,O=C(Cc1cc(-c2ccc(N3c4ccccc4Oc4ccccc43)cc2)ncn1)c1ccccc1,2,1,D-A-D,455.5170000000001,7.144500000000005
"3,3−NHC",O=c1oc2ccccc2c(O)c1C(c1ccc2ccccc2c1)c1c(O)c2ccccc2oc1=O,0,0,Unknown,462.4570000000002,5.644000000000005
3CP-DPS-DMAC,CC1(C)c2ccccc2N(c2ccc(S(=O)(=O)c3ccc4c(c3)c3ccccc3n4-c3ccccc3)cc2)c2ccccc21,2,0,2D-0A,590.7480000000002,9.725599999999996
3CP-DPS-PXZ,O=S(=O)(c1ccc(N2c3ccccc3Oc3ccccc32)cc1)c1ccc2c(c1)c1ccccc1n2-c1ccccc1,3,0,Multi-D/A,564.6660000000003,9.191999999999998
3CzAnN,c1ccc(-n2c3ccccc3c3cc(-c4c5ccccc5c(-c5ccc6ccccc6c5)c5ccccc45)ccc32)cc1,1,0,1D-0A,545.6850000000002,11.577299999999981
DPQ-DMAC,CC1(C)c2ccccc2N(c2ccc3nc(-c4ccccn4)c(-c4ccccn4)nc3c2)c2ccccc21,1,1,D-A,491.5980000000001,7.862900000000007
DPAA,c1ccc(-c2c3ccccc3c(-c3ccccc3)c3ccccc23)cc1,0,0,Unknown,330.43,7.327000000000004
t3Cz-SO,CC(C)(C)c1ccc2c(c1)c1cc(C(C)(C)C)ccc1n2-c1ccc2c(c1)c1cc(-n3c4ccc(C(C)(C)C)cc4c4cc(C(C)(C)C)ccc43)ccc1n2-c1ccc(S(=O)(=O)c2ccccc2)cc1,3,0,Multi-D/A,938.294,17.000699999999963
Cz-SO,O=S(=O)(c1ccccc1)c1ccc(-n2c3ccccc3c3ccccc32)cc1,1,0,1D-0A,383.4720000000001,5.616500000000005
DPQ-PXZ,c1ccc(-c2nc3ccc(N4c5ccccc5Oc5ccccc54)cc3nc2-c2ccccn2)nc1,2,1,D-A-D,465.51600000000013,7.329300000000005
pCzAnN,c1ccc2cc(-c3c4ccccc4c(-c4ccc(-n5c6ccccc6c6ccccc65)cc4)c4ccccc34)ccc2c1,1,0,1D-0A,545.6850000000002,11.577299999999981
3-BHH,O=c1oc2ccccc2c(O)c1C(c1ccc(Br)s1)c1c(O)c2ccccc2oc1=O,0,0,Unknown,497.3220000000002,5.314800000000003
DPP-PXZ,c1ccc(-c2nc3cc(N4c5ccccc5Oc5ccccc54)cnc3nc2-c2ccccn2)nc1,1,0,1D-0A,466.50400000000013,6.724300000000004
APPT-PXZ,c1ccc2c(c1)Oc1ccccc1N2c1ccc2c3c(cccc13)-c1nc3c4cccnc4c4ncccc4c3nc1-2,2,1,D-A-D,537.5820000000002,9.102299999999994
HITPE,Oc1ccc(-c2ccc(C(=C(c3ccccc3)c3ccccc3)c3ccccc3)cc2)cc1-c1nc(-c2ccccc2)c(-c2ccccc2)n1-c1ccccc1,0,0,Unknown,718.9000000000001,13.253299999999975
DV-3CzCN,C=Cc1ccc(COc2cccc3c2c2ccccc2n3-c2cc(-n3c4ccccc4c4c(OCc5ccc(C=C)cc5)cccc43)c(C#N)c(-n3c4ccccc4c4c(OCc5ccc(C=C)cc5)cccc43)c2)cc1,3,2,Multi-D/A,995.1949999999998,17.515579999999982
SF-DPSO,O=S(=O)(c1ccc(-c2ccc3c(c2)C2(c4ccccc4-c4ccccc42)c2ccccc2-3)cc1)c1ccc(-c2ccc3c(c2)C2(c4ccccc4-c4ccccc42)c2ccccc2-3)cc1,0,0,Unknown,847.051,14.54039999999997
BDQ-tBuCz,CC(C)(C)c1ccc2c(c1)c1cc(C(C)(C)C)ccc1n2-c1ccc(-n2c3ccc(C(C)(C)C)cc3c3cc(C(C)(C)C)ccc32)c2nc(-c3ccccc3)c(-c3ccccc3)nc12,2,1,D-A-D,837.1679999999999,16.34799999999996
BDQDMAC,CC1(C)c2ccccc2N(c2ccc(N3c4ccccc4C(C)(C)c4ccccc43)c3nc(-c4ccccc4)c(-c4ccccc4)nc23)c2ccccc21,2,1,D-A-D,696.8980000000001,13.181999999999976
BDQPCz,c1ccc(-c2nc3c(-c4ccc(-n5c6ccccc6c6ccccc65)cc4)ccc(-c4ccc(-n5c6ccccc6c6ccccc65)cc4)c3nc2-c2ccccc2)cc1,2,1,D-A-D,764.932,14.491999999999972
4-SCZ,c1ccc2c(c1)-c1ccccc1C21c2ccccc2-c2c1ccc1[nH]c3ccccc3c21,1,0,1D-0A,405.5000000000001,7.664600000000004
Py-TPA,CC(C)(C)c1ccc(N(c2ccc(-c3cc4nc5c6ccc(-c7ccncc7)nc6c6nc(-c7ccncc7)ccc6c5nc4cc3C#N)cc2)c2ccc(C(C)(C)C)cc2)cc1,1,4,Multi-D/A,817.0129999999998,13.60687999999997
DPACPhTPI,CC(C)(C)c1ccc(-n2c(-c3ccc(-c4ccc(N5c6ccccc6C(c6ccccc6)(c6ccccc6)c6ccccc65)cc4)cc3)nc3c4ccccc4c4ccccc4c32)cc1,1,0,1D-0A,834.0790000000001,16.129299999999972
oPTBC,N#Cc1ccc(-c2cc(C#N)cc(-c3ccc(C#N)cc3)c2N2c3ccccc3Oc3ccccc32)cc1,2,6,Multi-D/A,486.53400000000016,8.211140000000006
mPTBC,N#Cc1ccc(-c2cc(N3c4ccccc4Oc4ccccc43)cc(-c3ccc(C#N)cc3)c2C#N)cc1,2,6,Multi-D/A,486.5340000000002,8.211140000000004
P3C,CCCCC(CC)Cn1c2cc(C#N)ccc2c2ccc(C#Cc3ccc4ccc5cccc6ccc3c4c56)cc21,1,2,A-D-A,528.6990000000003,10.179779999999992
DBCP,c1ccc2c(c1)Oc1ccccc1N2c1cc2c3ccccc3c3ccc4ccc5c6ccccc6c1c1c5c4c3c21,2,0,2D-0A,531.6140000000003,11.647899999999986
NAQ3,O=C1c2ccccc2C(=O)c2cc(N(c3ccc4c(c3)C(=O)c3ccccc3C4=O)c3ccc4c(c3)C(=O)c3ccccc3C4=O)ccc21,1,0,1D-0A,635.6310000000003,7.482600000000007
mCP-BP-DMAC,O=C(c1ccc(N2c3ccccc3Oc3ccccc32)cc1)c1ccc2c(c1)c1ccccc1n2-c1cccc(-n2c3ccccc3c3ccccc32)c1,4,0,Multi-D/A,693.8060000000002,12.687299999999977
BFCZPZ3,c1ccc2c(c1)oc1ccc3c4ccccc4n(-c4cnc(-n5c6ccccc6c6ccc7oc8ccccc8c7c65)cn4)c3c12,2,0,2D-0A,590.642,10.469599999999986
BTCZPZ1,c1ccc2c(c1)sc1c2ccc2c3ccccc3n(-c3cnc(-n4c5ccccc5c5ccc6c7ccccc7sc6c54)cn3)c21,2,0,2D-0A,622.7780000000001,11.406599999999987
BFCZPZ2,c1ccc2c(c1)oc1c2ccc2c1c1ccccc1n2-c1cnc(-n2c3ccccc3c3c4oc5ccccc5c4ccc32)cn1,2,0,2D-0A,590.6420000000002,10.469599999999986
CZ9CZPZ,c1ccc2c(c1)c1ccccc1n2-c1ccc2c(c1)c1ccccc1n2-c1cnc(-n2c3ccccc3c3cc(-n4c5ccccc5c5ccccc54)ccc32)cn1,4,0,Multi-D/A,740.87,12.864999999999975
BFCZPZ1,c1ccc2c(c1)oc1c2ccc2c3ccccc3n(-c3cnc(-n4c5ccccc5c5ccc6c7ccccc7oc6c54)cn3)c21,2,0,2D-0A,590.642,10.469599999999986
TPBPPI-PY,c1ccc(-c2cc(-c3ccc(-c4nc5c6ccccc6c6ccccc6c5n4-c4ccc(-c5cccnc5)cc4)cc3)c(-c3ccccc3)c(-c3ccccc3)c2-c2ccccc2)cc1,0,0,Unknown,828.0310000000001,16.39589999999997
TPBPPI-PBI,c1ccc(-c2cc(-c3ccc(-c4nc5c6ccccc6c6ccccc6c5n4-c4ccc(-c5ccc(-c6nc7ccccc7n6-c6ccccc6)cc5)cc4)cc3)c(-c3ccccc3)c(-c3ccccc3)c2-c2ccccc2)cc1,0,0,Unknown,1019.2640000000001,20.006800000000005
PTZ-2PTO,O=S1(=O)c2ccccc2N(c2ccccc2)c2cc(N3c4ccccc4Sc4ccccc43)ccc21,4,0,Multi-D/A,504.6360000000002,8.237000000000004
4F-m-ν-DABNA,Cc1cccc(N(c2cccc(C)c2)c2cc3c4c(c2)N(c2c(F)cccc2F)c2cc5c(cc2B4c2ccc(C)cc2N3c2cccc(C)c2)B2c3ccc(C)cc3N(c3cccc(C)c3)c3cc(N(c4cccc(C)c4)c4cccc(C)c4)cc(c32)N5c2c(F)cccc2F)c1,6,0,Multi-D/A,1281.1319999999996,19.815160000000002
m-ν-DABNA,Cc1cccc(N(c2cccc(C)c2)c2cc3c4c(c2)N(c2ccccc2)c2cc5c(cc2B4c2ccc(C)cc2N3c2cccc(C)c2)B2c3ccc(C)cc3N(c3cccc(C)c3)c3cc(N(c4cccc(C)c4)c4cccc(C)c4)cc(c32)N5c2ccccc2)c1,6,0,Multi-D/A,1209.1719999999996,19.258759999999995
TPA-PyI,Brc1cccc(-n2c(-c3ccc(-c4ccc(N(c5ccccc5)c5ccccc5)cc4)cc3)nc(-c3ccccc3)c2-c2ccccc2)c1,1,0,1D-0A,694.676,12.772599999999978
4F-ν-DABNA,Fc1cccc(F)c1N1c2cc3c(cc2B2c4ccccc4N(c4ccccc4)c4cc(N(c5ccccc5)c5ccccc5)cc1c42)B1c2ccccc2N(c2ccccc2)c2cc(N(c4ccccc4)c4ccccc4)cc(c21)N3c1c(F)cccc1F,6,0,Multi-D/A,1168.916,17.347799999999978
CBPTZ,c1ccc(-c2nc(-c3ccccc3)nc(-c3cccc(-c4cc(-n5c6ccccc6c6ccccc65)ccc4-c4ccc(-n5c6ccccc6c6ccccc65)cc4)c3)n2)cc1,2,1,D-A-D,791.9580000000001,14.40079999999997
CBPBM,c1ccc(-n2c(-c3ccc(-c4cc(-n5c6ccccc6c6ccccc65)ccc4-c4ccc(-n5c6ccccc6c6ccccc65)cc4)cc3)nc3ccccc32)cc1,2,0,2D-0A,752.9210000000002,14.22069999999997
CBPPY,c1cncc(-c2cc(-n3c4ccccc4c4ccccc43)ccc2-c2ccc(-n3c4ccccc4c4ccccc43)cc2)c1,2,0,2D-0A,561.6880000000002,10.609799999999987
N-B,Cc1cc(C)c(B(c2ccccc2)c2c(C)cc(C)cc2C)c(C)c1,0,0,Unknown,326.2920000000001,4.053320000000003
DPACpBr,Cc1cc(N2c3ccccc3C(c3ccccc3)(c3ccccc3)c3ccccc32)cc(C)c1Br,1,0,1D-0A,516.4820000000002,9.231839999999998
DPCN,CC1(C)c2ccccc2N(c2ccc(-c3ccc(-c4nc5c6ccccc6c6ccccc6c5n4-c4ccc(C#N)cc4)cc3)cc2)c2ccccc21,1,2,A-D-A,678.8390000000002,12.646679999999975
BZC-PXZ,O=C(CC(=O)c1ccccc1O)c1ccc(N2c3ccccc3Oc3ccccc32)cc1,2,0,2D-0A,421.4520000000001,6.423400000000004
CzBN,N#Cc1c(-n2c3ccccc3c3ccccc32)cccc1-n1c2ccccc2c2ccccc21,2,2,2D-2A,433.5140000000001,7.752480000000005
2CzBN,CC(C)(C)c1ccc2c(c1)c1cc(C(C)(C)C)ccc1n2-c1cccc(-n2c3ccc(C(C)(C)C)cc3c3cc(C(C)(C)C)ccc32)c1C#N,2,2,2D-2A,657.946,12.942479999999975
TPA-DPPI,c1ccc(-c2nc3c4ccccc4c4ccccc4c3n2-c2ccc(-n3c(-c4ccc(-c5ccc(N(c6ccccc6)c6ccccc6)cc5)cc4)nc4c5ccccc5c5ccccc5c43)cc2)cc1,1,0,1D-0A,906.1050000000001,17.447999999999983
ANQDC-PSTA,N#Cc1cc2nc3c(nc2cc1C#N)-c1ccc(N2c4ccc(-c5ccccc5)cc4C4(c5ccccc5-c5ccccc54)c4ccc5c(sc6ccccc65)c42)c2cccc-3c12,1,5,Multi-D/A,815.961,14.354959999999979
pDPAPQ-PXZ,c1ccc2c(c1)Oc1ccccc1N2c1ccc2c3c(cccc13)-c1nc3cc(-c4ccncc4)c(-c4ccncc4)cc3nc1-2,2,1,D-A-D,589.6580000000001,10.12989999999999
m-CZ-DPS-DMAC,CC1(C)c2ccccc2N(c2cccc(S(=O)(=O)c3cc(-n4c5ccccc5c5ccccc54)cc(-n4c5ccccc5c5ccccc54)c3)c2)c2ccccc21,3,0,Multi-D/A,755.9430000000001,12.822699999999976
pDPBPZ-PXZ,c1ccc2c(c1)Oc1ccccc1N2c1ccc2c(c1)c1ccccc1c1nc3cc(-c4ccncc4)c(-c4ccncc4)cc3nc21,2,2,2D-2A,615.6960000000001,10.788899999999986
DDPhCz-DPPZ,c1ccc(-c2ccc3c(c2)c2cc(-c4ccccc4)ccc2n3-c2cc3nc4c5cccnc5c5ncccc5c4nc3cc2-n2c3ccc(-c4ccccc4)cc3c3cc(-c4ccccc4)ccc32)cc1,2,2,2D-2A,917.0879999999999,16.741599999999973
DCz-DPPZ,c1cnc2c(c1)c1nc3cc(-n4c5ccccc5c5ccccc54)c(-n4c5ccccc5c5ccccc54)cc3nc1c1cccnc12,2,2,2D-2A,612.696,10.07359999999999
Oxd-bCZ,c1ccc2c(c1)c1ccccc1n2-c1ccc(-c2ccc(-c3nnc(-c4ccc(-c5ccc(-n6c7ccccc7c7ccccc76)cc5)cc4)o3)cc2)cc1,2,0,2D-0A,704.8330000000003,12.931799999999976
Fene,c1ccc2c(c1)Oc1ccccc1N2c1ccc2cccc(N3c4ccccc4Oc4ccccc43)c2n1,3,0,Multi-D/A,491.55000000000024,9.385799999999996
Fens,c1ccc2c(c1)Sc1ccccc1N2c1ccc2cccc(N3c4ccccc4Sc4ccccc43)c2n1,3,0,Multi-D/A,523.6860000000001,10.103599999999991
Yad,CC1(C)c2ccccc2N(c2ccc3cccc(N4c5ccccc5C(C)(C)c5ccccc54)c3n2)c2ccccc21,1,0,1D-0A,543.7140000000003,10.45299999999999
DTPCZPYTZ,CC(C)(C)c1ccc2c(c1)c1cc(C(C)(C)C)ccc1n2-c1ccc(-c2ccc3ccc4c(-c5ccc(-c6nnc(-c7ccccc7)n6-c6ccccc6)cc5)ccc5ccc2c3c54)cc1,1,0,1D-0A,851.11,16.524799999999974
TPADSO2,O=S1(=O)c2ccccc2S(=O)(=O)c2cc(-c3ccc(N(c4ccccc4)c4ccccc4)cc3)ccc21,1,0,1D-0A,523.6350000000001,6.802400000000006
B4PyPPM,c1ccc(-c2nc(-c3cc(-c4ccncc4)cc(-c4ccncc4)c3)cc(-c3cc(-c4ccncc4)cc(-c4ccncc4)c3)n2)cc1,0,1,0D-1A,616.7280000000002,9.725599999999996
mAP,CC1(C)c2ccccc2N(c2cccc(N3c4ccccc4C(C)(C)c4ccccc43)c2)c2ccccc21,2,0,2D-0A,492.6660000000002,9.904799999999994
DBBPZ-DPXZ,c1ccc(-c2cc3nc4c5ccc(N6c7ccccc7Oc7ccccc76)cc5c5cc(N6c7ccccc7Oc7ccccc76)ccc5c4nc3cc2-c2ccccc2)cc1,4,2,Multi-D/A,794.914,15.57439999999997
DPIBPZ-DPXZ,c1ccc2c(c1)Oc1ccccc1N2c1ccc2c(c1)c1cc(N3c4ccccc4Oc4ccccc43)ccc1c1nc3cc(-c4cncnc4)c(-c4cncnc4)cc3nc21,4,4,Multi-D/A,798.8659999999996,13.154399999999976
m-DTPACO,O=C(c1ccc(N(c2ccccc2)c2ccccc2)cc1)c1cccc(C(=O)c2ccc(N(c3ccccc3)c3ccccc3)cc2)c1,2,0,2D-0A,620.7520000000003,11.088199999999988
mDPBPZ-DPXZ,c1cncc(-c2cc3nc4c5ccc(N6c7ccccc7Oc7ccccc76)cc5c5cc(N6c7ccccc7Oc7ccccc76)ccc5c4nc3cc2-c2cccnc2)c1,4,2,Multi-D/A,796.89,14.364399999999975
p-DTPACO,O=C(c1ccc(C(=O)c2ccc(N(c3ccccc3)c3ccccc3)cc2)cc1)c1ccc(N(c2ccccc2)c2ccccc2)cc1,2,0,2D-0A,620.7520000000002,11.088199999999986
2TDBA-SBA,CC(C)(C)c1ccc2c(c1)B1c3cc(C(C)(C)C)ccc3Oc3cc(N4c5ccccc5C5(c6ccccc64)c4ccccc4N(c4cc6c7c(c4)Oc4ccc(C(C)(C)C)cc4B7c4cc(C(C)(C)C)ccc4O6)c4ccccc45)cc(c31)O2,2,0,2D-0A,1107.0249999999996,16.280899999999964
TPA-APm,c1ccc(N(c2ccccc2)c2ccc(-c3cnc4nc5c(nc4n3)-c3cccc4cccc-5c34)cc2)cc1,1,0,1D-0A,499.5770000000002,8.357200000000004
TPA-AP,c1ccc(N(c2ccccc2)c2ccc(-c3ccc4nc5c(nc4c3)-c3cccc4cccc-5c34)cc2)cc1,1,1,D-A,497.6010000000002,9.567199999999994
TDBA-SBA,CC(C)(C)c1ccc(N2c3ccccc3C3(c4ccccc42)c2ccccc2N(c2cc4c5c(c2)Oc2ccc(C(C)(C)C)cc2B5c2cc(C(C)(C)C)ccc2O4)c2ccccc23)cc1,2,0,2D-0A,858.935,14.25579999999997
TPA-APy,c1ccc(N(c2ccccc2)c2ccc(-c3cnc4nc5c(nc4c3)-c3cccc4cccc-5c34)cc2)cc1,1,0,1D-0A,498.5890000000002,8.9622
TPD4PA,c1ccc(N(c2ccccc2)c2cc3c4c(c2)N(c2ccccc2)c2cc5c6c(c2B4c2ccccc2N3c2ccccc2)Oc2ccccc2B6c2ccccc2O5)cc1,3,0,Multi-D/A,779.5170000000003,9.966599999999998
o-Ac2BBP,CC1(C)c2ccccc2N(c2ccc(C(=O)c3ccccc3C(=O)c3ccc(N4c5ccccc5C(C)(C)c5ccccc54)cc3)cc2)c2ccccc21,2,0,2D-0A,700.8820000000003,12.36679999999998
TPA-PyF2,Cc1ccc(N(c2ccc(C3(c4cccnc4)c4cc(C(C)(C)C)ccc4-c4ccc(C(C)(C)C)cc43)cc2)c2ccc(C3(c4cccnc4)c4cc(C(C)(C)C)ccc4-c4ccc(C(C)(C)C)cc43)cc2)cc1,1,0,1D-0A,966.3699999999999,18.17101999999998
o-Px2BBP,O=C(c1ccc(N2c3ccccc3Oc3ccccc32)cc1)c1ccccc1C(=O)c1ccc(N2c3ccccc3Oc3ccccc32)cc1,4,0,Multi-D/A,648.7180000000003,11.299599999999986
D-BP-PXZ,O=C(c1ccc(N2c3ccccc3Oc3ccccc32)cc1)c1ccccc1-c1ccccc1C(=O)c1ccc(N2c3ccccc3Oc3ccccc32)cc1,4,0,Multi-D/A,724.8160000000001,12.966599999999978
BTD-PXZ,c1ccc2c(c1)Oc1ccccc1N2c1ccc2nsnc2c1,2,0,2D-0A,317.37300000000005,5.266800000000002
tBuCzDBA,Cc1cc(-n2c3ccc(C(C)(C)C)cc3c3cc(C(C)(C)C)ccc32)cc(C)c1B1c2ccccc2B(c2c(C)cc(-n3c4ccc(C(C)(C)C)cc4c4cc(C(C)(C)C)ccc43)cc2C)c2ccccc21,2,0,2D-0A,938.9619999999996,13.650279999999979
5-Cz-Sac,CC(C)(C)N1C(=O)c2cc(-n3c4ccccc4c4ccccc43)ccc2S1(=O)=O,1,0,1D-0A,404.4910000000001,4.726700000000004
6-Cz-Sac,CC(C)(C)N1C(=O)c2ccc(-n3c4ccccc4c4ccccc43)cc2S1(=O)=O,1,0,1D-0A,404.4910000000001,4.726700000000005
DiCz-Sac,CC(C)(C)N1C(=O)c2cc(-n3c4ccccc4c4ccccc43)c(-n3c4ccccc4c4ccccc43)cc2S1(=O)=O,2,0,2D-0A,569.6860000000003,7.823800000000007
2CM,CCCCCCCCn1c2ccccc2c2cc(Nc3nc(Nc4ccc5c(c4)c4ccccc4n5CCCCCCCC)nc(OC)n3)ccc21,2,1,D-A-D,695.9559999999998,12.304199999999982
CzoB,Cc1cc(C)c(B(c2ccccc2-n2c3ccccc3c3ccccc32)c2c(C)cc(C)cc2C)c(C)c1,1,0,1D-0A,491.4870000000003,7.150420000000007
CzBroB,Cc1cc(C)c(B(c2ccc(Br)cc2-n2c3ccccc3c3ccccc32)c2c(C)cc(C)cc2C)c(C)c1,1,0,1D-0A,570.3830000000002,7.912920000000009
PxCN,N#Cc1c(-c2ccc(N3c4ccccc4Oc4ccccc43)cc2)cncc1-c1ccc(N2c3ccccc3Oc3ccccc32)cc1,4,1,Multi-D/A,618.6960000000001,11.438279999999983
AcCN,CC1(C)c2ccccc2N(c2ccc(-c3cncc(-c4ccc(N5c6ccccc6C(C)(C)c6ccccc65)cc4)c3C#N)cc2)c2ccccc21,2,1,D-A-D,670.8600000000001,12.505479999999979
CzCNoB,Cc1cc(C)c(B(c2ccc(C#N)cc2-n2c3ccccc3c3ccccc32)c2c(C)cc(C)cc2C)c(C)c1,1,2,A-D-A,516.4970000000003,7.022100000000006
CNPP-TPA,N#Cc1nc2c3ccc(-c4ccc(N(c5ccccc5)c5ccccc5)cc4)nc3c3nc(-c4ccc(N(c5ccccc5)c5ccccc5)cc4)ccc3c2nc1C#N,2,3,Multi-D/A,768.884,12.743159999999978
SPAC-FO,O=C1c2ccc(N3c4ccccc4C4(c5ccccc5-c5ccccc54)c4ccccc43)cc2-c2cc(N3c4ccccc4C4(c5ccccc5-c5ccccc54)c4ccccc43)ccc21,2,0,2D-0A,839.0100000000001,15.190599999999966
DMAC-FO,CC1(C)c2ccccc2N(c2ccc3c(c2)-c2cc(N4c5ccccc5C(C)(C)c5ccccc54)ccc2C3=O)c2ccccc21,2,0,2D-0A,594.7580000000002,11.116199999999989
6AcBIQ,CC1(C)c2ccccc2N(c2ccc3c4c(cccc24)C(=O)N(c2ccccc2)C3=O)c2ccccc21,1,0,1D-0A,480.5670000000002,7.7495000000000065
PtB,CC(C)(C)c1ccc(-n2c(-c3ccc4ccc5cccc6ccc3c4c56)nc(-c3ccccc3)c2-c2ccccc2)cc1,0,0,Unknown,552.7210000000003,11.068199999999988
BCPBT,c1ccc2c(c1)c1ccccc1n2-c1cc(-c2ccc(-c3cc(-n4c5ccccc5c5ccccc54)cc(-n4c5ccccc5c5ccccc54)c3)c3nsnc23)cc(-n2c3ccccc3c3ccccc32)c1,4,0,Multi-D/A,949.1549999999999,17.413699999999984
InDM,CN(C)c1ccc(-n2c(-c3ccccc3)nc(-c3ccccc3)c2-c2ccccc2)cc1,0,0,Unknown,415.5400000000001,6.939300000000006
PnB,CCCCc1ccc(-n2c(-c3ccc4ccc5cccc6ccc3c4c56)nc(-c3ccccc3)c2-c2ccccc2)cc1,0,0,Unknown,552.7210000000003,11.113299999999986
BANE,c1ccc(-c2ccc(-c3c4ccccc4c(-c4c5ccccc5c(-c5ccc(-c6ccccc6)cc5)c5ccccc45)c4ccccc34)cc2)cc1,0,0,Unknown,658.8440000000002,14.634399999999975
CBM,CCCCn1c2ccc(C=C(C#N)C#N)cc2c2cc(C=C(C#N)C#N)ccc21,1,4,Multi-D/A,375.4350000000001,5.455720000000005
DCzBNPh-1,N#Cc1ccc(-c2cccc(-c3ccc(C#N)c(-n4c5ccccc5c5ccccc54)c3)c2)cc1-n1c2ccccc2c2ccccc21,2,4,Multi-D/A,610.7200000000001,10.958159999999985
MCZ-P2-DTM,COc1ccc(-c2ccc3c(c2)c2cc(-c4ccc(OC)cc4)ccc2n3-c2ccc(C(=O)c3ccc4sc5ccccc5c4c3)cn2)cc1,1,0,1D-0A,666.8020000000001,11.128799999999986
DBTO-PTZ,O=S1(=O)c2ccc(N3c4ccccc4Oc4ccccc43)cc2-c2cc(N3c4ccccc4Oc4ccccc43)ccc21,4,0,Multi-D/A,578.6490000000002,9.650799999999995
α-DMAC-DBP,CC1(C)c2ccccc2N(c2cccc3nc4c5ccccc5c5ccccc5c4nc23)c2ccccc21,1,2,A-D-A,487.60600000000017,9.198499999999997
α-2DMAC-DBP,CC1(C)c2ccccc2N(c2ccc(N3c4ccccc4C(C)(C)c4ccccc43)c3nc4c5ccccc5c5ccccc5c4nc23)c2ccccc21,2,2,2D-2A,694.8820000000001,13.30759999999997
β-DI-DBP,c1ccc(-n2c3ccccc3c3c2c2c4ccccc4n(-c4ccc5nc6c7ccccc7c7ccccc7c6nc5c4)c2c2c4ccccc4n(-c4ccccc4)c32)cc1,3,2,Multi-D/A,775.915,14.380699999999969
DIC-TRZ,c1ccc(-c2nc(-c3ccccc3)nc(-n3c4ccccc4c4ccc5c6ccccc6n(-c6ccccc6)c5c43)n2)cc1,2,1,D-A-D,563.6640000000002,9.399799999999995
PO-TPA,CC(C)(C)c1ccc(N(c2ccc(-c3cc4c(cc3C#N)=NC3c5ccc(P(=O)(c6ccccc6)c6ccccc6)nc5-c5nc(P(=O)(c6ccccc6)c6ccccc6)ccc5C3N=4)cc2)c2ccc(C(C)(C)C)cc2)cc1,1,2,A-D-A,1065.211,13.074679999999978
DMAC-Cz-TTR,CC1(C)c2ccccc2N(c2ccc3c(c2)c2cc(N4c5ccccc5C(C)(C)c5ccccc54)ccc2n3-c2ccc3c(c2)S(=O)(=O)c2ccccc2S3(=O)=O)c2ccccc21,3,0,Multi-D/A,860.0730000000002,12.980899999999977
DCzPO,Cc1ccc2c(c1)c1cc(C)ccc1n2-c1cccc(-n2c3ccc(C)cc3c3cc(C)ccc32)c1P(=O)(c1ccccc1)c1ccccc1,2,0,2D-0A,664.7890000000003,10.753879999999992
IQ-oTPA,O=C1c2ccccc2-c2nc3cc(-c4ccc(N(c5ccccc5)c5ccccc5)cc4)c(-c4ccc(N(c5ccccc5)c5ccccc5)cc4)cc3nc21,2,1,D-A-D,718.8600000000001,13.114799999999976
2C,N#CC(C#N)=Cc1ccc(-c2ccc3ccc4cccc5ccc2c3c45)cc1F,0,2,0D-2A,372.4020000000001,6.820660000000004
C-H,N#CC(C#N)=Cc1c(F)cc(-c2ccc3ccc4cccc5ccc2c3c45)cc1F,0,2,0D-2A,390.3920000000001,6.959760000000003
PSPP,O=S(=O)(c1cccnc1)c1cccc(N2c3ccccc3Oc3ccccc32)c1,2,0,2D-0A,400.4590000000001,5.489900000000004
2DN,CC(C)c1cccc(C(C)C)c1N1C(=O)c2cc(N3c4ccccc4C(C)(C)c4ccccc43)cc3cc(N4c5ccccc5C(C)(C)c5ccccc54)cc(c23)C1=O,2,0,2D-0A,772.0049999999999,14.105399999999968
PSPBP,O=S(=O)(c1cccnc1)c1cc(N2c3ccccc3Oc3ccccc32)cc(N2c3ccccc3Oc3ccccc32)c1,4,0,Multi-D/A,581.6530000000002,9.0654
2PN,CC(C)c1cccc(C(C)C)c1N1C(=O)c2cc(N3c4ccccc4Oc4ccccc43)cc3cc(N4c5ccccc5Oc5ccccc54)cc(c23)C1=O,4,0,Multi-D/A,719.8410000000001,13.038199999999975
pCbz-PYR,c1ccc(-c2ccc3c(c2)c2cc(-c4ccccc4)ccc2n3-c2cc(-n3c4ccc(-c5ccccc5)cc4c4cc(-c5ccccc5)ccc43)ncn2)cc1,2,1,D-A-D,714.8720000000001,13.338799999999972
PPI-An-NPIM,c1ccc(-c2nc(-c3ccccc3)n(-c3ccc(-c4c5ccccc5c(-c5ccc(-c6nc7c8ccccc8c8ccccc8c7n6-c6ccccc6)cc5)c5ccccc45)cc3)c2-c2ccccc2)cc1,0,0,Unknown,917.1280000000002,17.825999999999983
2PS-2FPh,Fc1cc(N2c3ccccc3Sc3ccccc32)c(F)cc1N1c2ccccc2Sc2ccccc21,4,0,Multi-D/A,508.61800000000017,9.833599999999993
9CzTPE,C(=Cc1ccc(-n2c3ccccc3c3ccccc32)cc1)c1ccc(C(=C(c2ccccc2)c2ccccc2)c2ccccc2)cc1,1,0,1D-0A,599.7770000000003,11.961499999999983
2CzTPE,CCn1c2ccccc2c2ccc(-c3ccc(C=Cc4ccc(C(=C(c5ccccc5)c5ccccc5)c5ccccc5)cc4)cc3)cc21,1,0,1D-0A,627.8310000000002,12.65919999999998
FTAT-FBO,O=P(c1ccccc1)(c1ccccc1)c1ccc([Si](c2ccccc2)(c2ccccc2)c2ccccc2)cc1,0,0,Unknown,536.6870000000001,4.703400000000005
DmPy-PPI,c1ccc(-n2c(-c3ccc(-c4cc(-c5cccc(-c6cccnc6)c5)cc(-c5cccc(-c6cccnc6)c5)c4)cc3)nc3c4ccccc4c4ccccc4c32)cc1,0,0,Unknown,752.921,14.123899999999974
mCP-BmPy,CC(C)(C)c1ccc2c(c1)C(c1cc(-c3cccnc3)cc(-c3cccnc3)c1)(c1ccc3c(c1)c1ccccc1n3-c1cccc(-n3c4ccccc4c4ccccc43)c1)c1cc(C(C)(C)C)ccc1-2,2,0,2D-0A,915.1969999999998,16.96289999999997
mCP-Py,CC(C)(C)c1ccc2c(c1)C(c1cccnc1)(c1ccc3c(c1)c1ccccc1n3-c1cccc(-n3c4ccccc4c4ccccc43)c1)c1cc(C(C)(C)C)ccc1-2,2,0,2D-0A,762.013,14.233899999999968
mCP-Ph,CC(C)(C)c1ccc2c(c1)C(c1ccccc1)(c1ccc3c(c1)c1ccccc1n3-c1cccc(-n3c4ccccc4c4ccccc43)c1)c1cc(C(C)(C)C)ccc1-2,2,0,2D-0A,761.025,14.838899999999967
DMTAC,Cc1ccc(-c2c(-c3ccccc3)c(-c3ccccc3)c3c(N)cc4c5ccccc5c(N)cc4c3c2-c2ccc(C)c(C)c2)cc1C,0,0,Unknown,618.8240000000002,12.212279999999986
IPTAC,Cc1ccc(-c2c(-c3ccc(C(C)C)cc3)c(-c3ccc(C(C)C)cc3)c3c(c(N)cc4c5ccccc5c(N)cc43)c2-c2ccc(C)cc2)cc1,0,0,Unknown,674.9320000000001,13.842239999999974
TBTAC,Cc1ccccc1-c1c(-c2ccc(C(C)(C)C)cc2)c(-c2ccc(C(C)(C)C)cc2)c2c(c(N)cc3c4ccccc4c(N)cc32)c1-c1ccccc1C,0,0,Unknown,702.9860000000001,14.190439999999972
p2Cz2Trz,c1ccc(-c2nc(-c3ccccc3)nc(-c3cc(-n4c5ccccc5c5ccccc54)c(-c4nc(-c5ccccc5)nc(-c5ccccc5)n4)cc3-n3c4ccccc4c4ccccc43)n2)cc1,2,2,2D-2A,871.0199999999999,14.252799999999974
m2Cz2Trz,c1ccc(-c2nc(-c3ccccc3)nc(-c3cc(-c4nc(-c5ccccc5)nc(-c5ccccc5)n4)c(-n4c5ccccc5c5ccccc54)cc3-n3c4ccccc4c4ccccc43)n2)cc1,2,2,2D-2A,871.02,14.252799999999972
"2,4-CzPyCl3",Clc1nc(-n2c3ccccc3c3ccccc32)c(Cl)c(-n2c3ccccc3c3ccccc32)c1Cl,2,0,2D-0A,512.8270000000002,9.235999999999994
DMAC-PCN,CC1(C)c2ccccc2N(c2ccc(-c3c(C#N)c(-c4ccccc4)nc(-c4ccccc4)c3C#N)cc2)c2ccccc21,1,2,A-D-A,564.6920000000001,9.935059999999995
2PXZP,Cn1cnc2c(-c3ccc(N4c5ccccc5Oc5ccccc54)cc3)nc(-c3ccc(N4c5ccccc5Oc5ccccc54)cc3)nc21,4,1,Multi-D/A,648.7260000000001,10.848299999999988
"2,4,6-CzPyCl2",Clc1c(-n2c3ccccc3c3ccccc32)nc(-n2c3ccccc3c3ccccc32)c(Cl)c1-n1c2ccccc2c2ccccc21,3,0,Multi-D/A,643.5770000000002,11.679699999999983
1PXZP,Cn1cnc2c(-c3ccc(N4c5ccccc5Oc5ccccc54)cc3)ncnc21,2,1,D-A-D,391.4340000000001,5.605800000000004
"3,6-T2C",N#Cc1ccc(-c2nc3c4ccc(-c5ccc(N(c6ccccc6)c6ccccc6)cc5)cc4c4cc(-c5ccc(N(c6ccccc6)c6ccccc6)cc5)ccc4c3n2-c2ccc(C#N)cc2)cc1,2,4,Multi-D/A,907.093,17.015859999999975
"3,6-TC",N#Cc1ccc(-c2nc3c4ccc(-c5ccc(N(c6ccccc6)c6ccccc6)cc5)cc4c4cc(-c5ccc(N(c6ccccc6)c6ccccc6)cc5)ccc4c3n2-c2ccccc2)cc1,2,2,2D-2A,882.0830000000001,17.144179999999977
Ph-CF3,c1ccc2c(c1)c1ccccc1n2-c1ccc(Nc2ccc(-n3c4ccccc4c4ccccc43)cc2)cc1,2,0,2D-0A,499.6170000000002,9.624399999999994
arylene,c1ccc2c(c1)c1ccccc1n2-c1ccc(Nc2ccc(-n3c4ccccc4c4ccccc43)cc2)cc1,2,0,2D-0A,499.6170000000002,9.624399999999994
TS-1,O=S(=O)(c1ccccc1)c1ccc(-n2c3ccccc3c3ccccc32)cc1,1,0,1D-0A,383.4720000000001,5.616500000000005
"3,6-MeCzOXD",Cc1ccc2c(c1)c1cc(C)ccc1n2-c1ccccc1-c1nnc(-c2ccccc2-n2c3ccc(C)cc3c3cc(C)ccc32)o1,2,0,2D-0A,608.7450000000002,10.831479999999987
p-PO15NCzDPA,O=P(c1ccccc1)(c1ccccc1)c1ccc(-c2c3ccccc3c(-c3ccc(-n4c5cccnc5c5cccnc54)cc3)c3ccccc23)cc1,0,0,Unknown,697.7780000000001,10.853499999999988
"2,7-MeCzOXD",Cc1ccc2c3ccc(C)cc3n(-c3ccccc3-c3nnc(-c4ccccc4-n4c5cc(C)ccc5c5ccc(C)cc54)o3)c2c1,2,0,2D-0A,608.7450000000002,10.831479999999987
BPCN-Cz2Ph,N#Cc1ccccc1-c1ccc(-n2c3ccc(-c4ccccc4)cc3c3cc(-c4ccccc4)ccc32)cc1,1,2,A-D-A,496.61300000000017,9.656379999999995
o-CzOXD,c1ccc(-n2c3ccccc3c3ccccc32)c(-c2nnc(-c3ccccc3-n3c4ccccc4c4ccccc43)o2)c1,2,0,2D-0A,552.6370000000002,9.597799999999994
BPCN-2Cz,N#Cc1ccccc1-c1ccc(-n2c3ccccc3c3cc(-c4ccc5c(c4)c4ccccc4n5-c4ccccc4)ccc32)cc1,2,2,2D-2A,585.7100000000003,11.086479999999984
Cbz-MI,CCCCCCN1C(=O)C(c2ccc(-c3ccc(-n4c5ccccc5c5ccccc54)cc3)cc2)=C(c2ccc(-c3ccc(-n4c5ccccc5c5ccccc54)cc3)cc2)C1=O,2,0,2D-0A,816.017,14.07469999999997
DBFDPO,O=P(c1ccccc1)(c1ccccc1)c1cccc2c1oc1c(P(=O)(c3ccccc3)c3ccccc3)cccc12,0,0,Unknown,568.5490000000002,6.864800000000007
XCBP,Cc1cc(-n2c3ccccc3c3ccccc32)c(C)cc1-c1ccc(C(=O)c2ccccc2)cc1,1,0,1D-0A,451.5690000000002,8.298540000000004
Cbz-PYR,c1ccc2c(c1)c1ccccc1n2-c1cc(-n2c3ccccc3c3ccccc32)ncn1,2,1,D-A-D,410.4800000000001,6.670800000000004
tCbz-mPYRs,CSc1nc(-n2c3ccc(C(C)(C)C)cc3c3c(C(C)(C)C)cccc32)c(C)c(-n2c3ccc(C(C)(C)C)cc3c3c(C(C)(C)C)cccc32)n1,2,1,D-A-D,695.033,12.891119999999976
PCBP,O=C(c1ccccc1)c1ccc(-c2ccc(-n3c4ccccc4c4ccccc43)cc2)cc1,1,0,1D-0A,423.5150000000001,7.6817000000000055
MeCZ-TRZ,Cc1ccc2c(c1)c1ccccc1n2-c1ccc(-c2nc(-c3ccc(-n4c5ccccc5c5cc(C)ccc54)c(C)c3)nc(-c3ccc(-n4c5ccccc5c5cc(C)ccc54)c(C)c3)n2)cc1C,3,1,Multi-D/A,889.1189999999998,16.014419999999966
3ca,COc1ccc(-c2cc(-c3ccc(C(F)(F)F)cc3)c(-c3nc4ccccc4[nH]3)s2)cc1,0,0,Unknown,450.48500000000007,7.6528000000000045
2MeCZ-TRZ,Cc1ccc2c(c1)c1cc(C)ccc1n2-c1ccc(-c2nc(-c3ccc(-n4c5ccc(C)cc5c5cc(C)ccc54)c(C)c3)nc(-c3ccc(-n4c5ccc(C)cc5c5cc(C)ccc54)c(C)c3)n2)cc1C,3,1,Multi-D/A,931.1999999999997,16.93967999999997
CZ-TRZ,Cc1cc(-c2nc(-c3ccc(-n4c5ccccc5c5ccccc54)c(C)c3)nc(-c3ccc(-n4c5ccccc5c5ccccc54)c(C)c3)n2)ccc1-n1c2ccccc2c2ccccc21,3,1,Multi-D/A,847.0379999999999,15.08915999999997
DMAC-AQ,CC1(C)c2ccccc2N(c2ccc3c(c2)C(=O)c2ccccc2C3=O)c2ccccc21,1,0,1D-0A,415.4920000000001,6.571100000000006
DTPTCzDP-CN,CC(C)(C)c1nc(-c2ccc(-n3c4ccc(N(c5ccccc5)c5ccccc5)cc4c4cc(N(c5ccccc5)c5ccccc5)ccc43)c(C#N)c2)nc(C(C)(C)C)n1,3,3,Multi-D/A,794.0189999999998,14.041979999999967
mP2MPC,Cc1cc(-c2cccc(-n3c4ccccc4c4ccccc43)c2)c(C)cc1-c1cccc(-c2nc3c4ccccc4c4ccccc4c3n2-c2ccccc2)c1,1,0,1D-0A,715.9000000000001,14.046839999999973
XPhos,CC(C)C1=CC(C(C)C)=C(c2ccccc2)C(C(C)C)(P(C2CCCCC2)C2CCCCC2)C1,0,0,Unknown,478.74500000000046,10.62439999999999
TPXZ-as-TAZ,c1ccc2c(c1)Oc1ccccc1N2c1ccc(-c2nnc(-c3ccc(N4c5ccccc5Oc5ccccc54)cc3)c(-c3ccc(N4c5ccccc5Oc5ccccc54)cc3)n2)cc1,6,0,Multi-D/A,852.954,15.599099999999968
2Trz6CNDBT,N#Cc1cccc2c1sc1ccc(-c3nc(-c4ccccc4)nc(-c4ccccc4)n3)cc12,0,3,Multi-D/A,440.5310000000001,7.112180000000005
TPAPyPI,c1ccc(N(c2ccccc2)c2ccc(-c3ccc(-c4nc5c6ccccc6c6ccccc6c5n4-c4cccc(-c5ccc6ccc7cccc8ccc5c6c78)c4)cc3)cc2)cc1,1,0,1D-0A,814.004,16.700099999999978
TPACzPI,c1ccc(N(c2ccccc2)c2ccc(-c3ccc(-c4nc5c6ccccc6c6ccccc6c5n4-c4cccc(-c5ccc6c(c5)c5ccccc5n6-c5ccccc5)c4)cc3)cc2)cc1,2,0,2D-0A,855.057,16.899799999999974
NA-TNA,CC(C)(C)c1ccc(N2C(=O)c3cccc4c(/C=C/c5ccc6cc(N(c7ccccc7)c7ccccc7)ccc6c5)ccc(c34)C2=O)cc1,1,0,1D-0A,648.8060000000002,11.731299999999983
CzPrSBI,O=C1c2ccccc2S(=O)(=O)N1CCCn1c2ccccc2c2ccccc21,1,0,1D-0A,390.46400000000006,4.029300000000003
m-CzCNDMT,Cc1cc(-c2cccc(-n3c4ccccc4c4cc(C#N)ccc43)c2)c(C)cc1-c1cccc(-n2c3ccccc3c3cc(C#N)ccc32)c1,2,4,Multi-D/A,638.774,11.574999999999982
DTXO-TPA2,Cc1cc(N(c2ccccc2)c2cccc3ccccc23)ccc1-c1ccc(N(c2ccccc2)c2cccc3ccccc23)cc1C,2,0,2D-0A,616.8080000000001,13.216439999999976
24PQ-Cz,c1ccc2c(-c3ccc(-n4c5ccccc5c5ccccc54)cc3)nc(-c3ccc(-n4c5ccccc5c5ccccc54)cc3)nc2c1,2,1,D-A-D,612.7360000000002,11.157999999999985
SFPC,O=S(=O)(c1ccc(N2c3ccccc3Sc3ccccc32)cc1)c1ccc(-n2c3ccccc3c3ccccc32)cc1,3,0,Multi-D/A,580.7340000000003,9.550899999999995
2CzMC,COc1cc(=O)oc2cc3c(cc12)c1ccccc1n3-c1ccccc1,1,0,1D-0A,341.36600000000004,4.898700000000003
PPI-PIM-2,FC(F)(F)c1ccc(-n2c(-c3ccc(-c4ccc(-n5c(-c6ccccc6)nc(-c6ccccc6)c5-c5ccccc5)cc4)cc3)nc3c4ccccc4c4ccccc4c32)cc1,0,0,Unknown,808.907,14.871399999999975
4CzMC,COc1cc(=O)oc2c1ccc1c2c2ccccc2n1-c1ccccc1,1,0,1D-0A,341.36600000000004,4.898700000000003
PPI-PIM-1,FC(F)(F)c1ccc(-n2c(-c3ccc(-c4ccc(-c5nc(-c6ccccc6)c(-c6ccccc6)n5-c5ccccc5)cc4)cc3)nc3c4ccccc4c4ccccc4c32)cc1,0,0,Unknown,808.907,14.871399999999975
CzTPA,c1ccc(N(c2ccccc2)c2ccccc2-n2c3ccccc3c3ccccc32)cc1,2,0,2D-0A,410.5200000000001,8.253500000000003
SFX-bPy,c1ccc2c(c1)Oc1ccc(-c3ccc4ccccc4n3)cc1C21c2ccccc2-c2ccccc21,0,0,Unknown,459.54800000000023,8.370600000000003
t–BuCz2BP,CC(C)(C)c1ccc2c(c1)c1cc(C(C)(C)C)ccc1n2-c1ccc(C(=O)c2ccc(-n3c4ccc(C(C)(C)C)cc4c4cc(C(C)(C)C)ccc43)cc2)cc1,2,0,2D-0A,737.044,14.301799999999966
SAF-2CzB,CC(C)(C)c1ccc2c(c1)c1cc(C(C)(C)C)ccc1n2-c1ccc(-c2ccc3c(c2)C2(c4cc(-c5ccc(-n6c7ccc(C(C)(C)C)cc7c7cc(C(C)(C)C)ccc76)cc5)ccc4-3)c3ccccc3N(c3ccccc3)c3ccccc32)cc1,3,0,Multi-D/A,1114.5339999999997,22.551100000000027
F-2CzB,CC(C)(C)c1ccc2c(c1)c1cc(C(C)(C)C)ccc1n2-c1ccc(-c2ccc3c(c2)C(C)(C)c2cc(-c4ccc(-n5c6ccc(C(C)(C)C)cc6c6cc(C(C)(C)C)ccc65)cc4)ccc2-3)cc1,2,0,2D-0A,901.2949999999998,18.711099999999988
SAF-CzB,CC(C)(C)c1ccc2c(c1)c1cc(C(C)(C)C)ccc1n2-c1ccc(-c2ccc3c(c2)C2(c4ccccc4-3)c3ccccc3N(c3ccccc3)c3ccccc32)cc1,2,0,2D-0A,761.0250000000002,15.191999999999965
BPy-TP2,c1ccc(-c2ccc(-c3ccc4c5ccc(-c6ccc(-c7ccccn7)nc6)cc5c5ccccc5c4c3)cn2)nc1,0,0,Unknown,536.6380000000001,9.394199999999996
Cz–AQ,O=C1c2ccccc2C(=O)c2cc(-n3c4ccccc4c4ccccc43)ccc21,1,0,1D-0A,373.4110000000001,5.5591000000000035
-ph-pCzAnBzt,Cc1cc(-c2c3ccccc3c(-c3ccc(C#N)cc3)c3ccccc23)c(C)cc1-c1ccc(-n2c3ccccc3c3ccccc32)cc1,1,2,A-D-A,624.7870000000001,12.579619999999979
PyI,c1cc2ccc3cccc4c5[nH]cnc5c(c1)c2c34,0,0,Unknown,242.28099999999998,4.460300000000002
DVCz-2CzCN,C=Cc1ccc(COc2cccc3c2c2ccccc2n3CCCCCCOc2cccc3c2c2ccccc2n3-c2cccc(-n3c4ccccc4c4c(OCCCCCCn5c6ccccc6c6c(OCc7ccc(C=C)cc7)cccc65)cccc43)c2C#N)cc1,4,2,Multi-D/A,1228.5499999999997,21.691080000000017
ATDBT,c1ccc(-c2c3ccccc3c(-c3ccc(-n4c5ccccc5c5c6sc7ccccc7c6ccc54)cc3)c3ccccc23)cc1,1,0,1D-0A,601.7740000000002,12.791999999999978
DPhBCz,c1ccc(-n2c3ccccc3c3cc(-c4ccc5c(c4)c4ccccc4n5-c4ccccc4)ccc32)cc1,2,0,2D-0A,484.60200000000015,9.547799999999995
AcHPM,CC1(C)c2ccccc2N(c2ccc(-c3cc(-c4ccc(N5c6ccccc6C(C)(C)c6ccccc65)cc4)ncn3)cc2)c2ccccc21,2,1,D-A-D,646.8380000000001,12.028799999999983
PhCO-DMAC,CC1(C)c2ccccc2N(c2ccc(C(=O)c3ccccc3)cc2)c2ccccc21,1,0,1D-0A,389.49800000000005,7.026700000000006
Diphenylsulfane,c1ccc(-c2cccc(-c3nc(-c4cccc(-c5ccccc5)c4)nc(-c4cccc(-c5ccccc5)c4)n3)c2)cc1,0,1,0D-1A,537.6660000000002,9.873599999999994
2BrCPT,Brc1ccc2c(c1)c1cc(Br)ccc1n2-c1ccc(-c2nc(-c3ccccc3)nc(-c3ccccc3)n2)cc1,1,1,D-A,632.3590000000002,9.494699999999996
DCbz-Ph-Bz,c1ccc(-n2c(-c3ccc(-c4cc(-n5c6ccccc6c6ccccc65)cc(-n5c6ccccc6c6ccccc65)c4)cc3)nc3ccccc32)cc1,2,0,2D-0A,676.8230000000001,12.553699999999978
DDPA-Ph-Bz,c1ccc(N(c2ccccc2)c2cc(-c3ccc(-c4nc5ccccc5n4-c4ccccc4)cc3)cc(N(c3ccccc3)c3ccccc3)c2)cc1,2,0,2D-0A,680.8550000000002,13.299099999999974
IDAC-MCO,Cc1cc2cc(-n3c4ccccc4c4cc5c(cc43)C(C)(C)c3ccccc3N5c3ccccc3)ccc2c(=O)o1,2,0,2D-0A,532.6430000000003,9.307619999999998
diarylbiindole,c1ccc(-c2c(-c3ccccc3)c3ccc4cccc5cc(-c6ccccc6)c(c2-c2ccccc2)c3c45)cc1,0,0,Unknown,506.6480000000002,11.251999999999985
CNDSB,N#CC(=Cc1ccccc1)c1ccc(C(C#N)=Cc2ccccc2)cc1,0,2,0D-2A,332.406,5.814960000000005
TMAB,Cc1cc(C)c(CC#Cc2ccc(N(C)C)cc2)c(B(c2c(C)c(C)cc(C)c2CC#Cc2ccc(N(C)C)cc2)c2c(C)c(C)cc(C)c2CC#Cc2ccc(N(C)C)cc2)c1C,0,0,Unknown,840.0209999999998,9.95918
MOF,c1cncc(CC(c2nc3ccccc3[nH]2)N(C(Cc2cccnc2)c2nc3ccccc3[nH]2)C(Cc2cccnc2)c2nc3ccccc3[nH]2)c1,0,0,Unknown,680.82,8.054300000000007
DICzTrz,N#Cc1cc(-c2nc(-c3ccccc3)nc(-c3ccccc3)n2)ccc1-n1c2ccccc2c2cc3c4ccccc4n4c5ccccc5c(c21)c34,3,3,Multi-D/A,662.7560000000001,10.991479999999983
PXZ2PTO,O=S1(=O)c2ccccc2N(c2ccccc2)c2cc(N3c4ccccc4Oc4ccccc43)ccc21,4,0,Multi-D/A,488.5680000000002,7.878100000000005
SPBP-DPAC,O=C1c2ccccc2C2(c3cc(N4c5ccccc5C(c5ccccc5)(c5ccccc5)c5ccccc54)ccc31)c1ccccc1-c1ccccc12,1,0,1D-0A,675.831,11.759999999999984
PX-TRZ,Cc1cc(C)c(B(c2ccc(-c3nc(Cl)nc(-c4ccccc4)n3)cc2)c2c(C)cc(C)cc2C)c(C)c1,0,1,0D-1A,515.8970000000003,6.225720000000005
C2MPI,Cc1ccc(N(c2ccc(C)cc2)c2ccccc2C2(c3ccccc3N(c3ccc(C)cc3)c3ccc(C)cc3)CCCCC2)cc1,2,0,2D-0A,626.888,13.110079999999975
p-PCzTPD,CCCCCCCCN1C(=O)c2c(-c3ccc(-n4c5ccccc5c5ccccc54)cc3)sc(-c3ccc(-n4c5ccccc5c5ccccc54)cc3)c2C1=O,2,0,2D-0A,747.964,13.232799999999973
m-PCzTPD,CCCCCCCCN1C(=O)c2c(-c3cccc(-n4c5ccccc5c5ccccc54)c3)sc(-c3cccc(-n4c5ccccc5c5ccccc54)c3)c2C1=O,2,0,2D-0A,747.964,13.232799999999973
o-PCzTPD,CCCCCCCCN1C(=O)c2c(-c3ccccc3-n3c4ccccc4c4ccccc43)sc(-c3ccccc3-n3c4ccccc4c4ccccc43)c2C1=O,2,0,2D-0A,747.964,13.232799999999974
CPBzFC,c1ccc2c(c1)c1ccccc1n2-c1ccc(-c2ccc(-c3ccc4c(c3)Cc3cc(-n5c6ccccc6c6ccccc65)ccc3-4)c3nnsc23)cc1,2,0,2D-0A,706.8740000000001,12.79069999999998
SiCz2Py2,c1cncc(-c2ccc([Si](c3ccc(-c4cccnc4)cc3)(c3ccc(-n4c5ccccc5c5ccccc54)cc3)c3ccc(-n4c5ccccc5c5ccccc54)cc3)cc2)c1,2,0,2D-0A,821.072,11.382199999999985
SiCz1Py3,c1cncc(-c2ccc([Si](c3ccc(-c4cccnc4)cc3)(c3ccc(-c4cccnc4)cc3)c3ccc(-n4c5ccccc5c5ccccc54)cc3)cc2)c1,1,0,1D-0A,732.9630000000001,9.3471
SiCz3Py1,c1cncc(-c2ccc([Si](c3ccc(-n4c5ccccc5c5ccccc54)cc3)(c3ccc(-n4c5ccccc5c5ccccc54)cc3)c3ccc(-n4c5ccccc5c5ccccc54)cc3)cc2)c1,3,0,Multi-D/A,909.181,13.417299999999972
POBBPE,CC(C)(C)c1ccc(Oc2ccc(C(C)(C)C)cc2P(=O)(c2ccccc2)c2ccccc2)cc1,0,0,Unknown,482.6040000000001,7.71330000000001
CzppT,c1ccc(-c2c(-c3ccccc3)c(-c3ccc(-c4cccc5c4[nH]c4ccccc45)cc3)c(-c3ccccn3)c(-c3ccccn3)c2-c2ccc(-c3cccc4c3[nH]c3ccccc34)cc2)cc1,2,0,2D-0A,867.068,17.08159999999998
SBDBQ-PXZ,c1ccc(-c2nc3ccc(N4c5ccccc5Oc5ccccc54)cc3nc2-c2ccccc2)cc1,2,1,D-A-D,463.54000000000013,8.539300000000003
DBQ-3PXZ,c1ccc2c(c1)Oc1ccccc1N2c1ccc(-c2nc3ccc(N4c5ccccc5Oc5ccccc54)cc3nc2-c2ccc(N3c4ccccc4Oc4ccccc43)cc2)cc1,6,1,Multi-D/A,825.928,15.690299999999969
P4CzCN–BCz,C=Cc1ccc(COc2ccc(C(C)(C)c3ccc(O)cc3)cc2)cc1,0,0,Unknown,344.454,5.940100000000006
"NAP-1,5-DPA",COc1ccc(N(c2ccc(OC)cc2)c2cccc3c(N(c4ccc(OC)cc4)c4ccc(OC)cc4)cccc23)cc1,2,0,2D-0A,582.7000000000003,9.813799999999995
3DPA3CN,N#Cc1c(-c2ccc(N(c3ccccc3)c3ccccc3)cc2)c(C#N)c(-c2ccc(N(c3ccccc3)c3ccccc3)cc2)c(C#N)c1-c1ccc(N(c2ccccc2)c2ccccc2)cc1,3,6,Multi-D/A,883.071,16.712039999999973
TPA-AN-NA,c1ccc(N(c2ccccc2)c2ccc(-c3c4ccccc4c(-c4ccc5ccccc5c4)c4ccccc34)cc2)cc1,1,0,1D-0A,547.7010000000002,11.94999999999998
OCzBN,COc1ccc2c(c1)c1ccccc1n2-c1cc(-n2c3ccccc3c3cc(OC)ccc32)c(C#N)c(-n2c3ccccc3c3cc(OC)ccc32)c1,3,2,Multi-D/A,688.7870000000003,10.875379999999986
BBCz,c1ccc2c(c1)[nH]c1cc3[nH]c4ccccc4c3cc12,2,0,2D-0A,256.308,4.955600000000002
IQ-Se,COc1c(C#N)c(C)cc2c([Se][Se]c3c(C)nc(N4CCCCC4)c4c(OC)c(C#N)c(C)cc34)c(C)nc(N3CCCCC3)c12,0,4,Multi-D/A,746.6759999999996,5.032040000000005
dTolmp,Cc1ccccc1P(CP(CP(c1ccccc1C)c1ccccc1C)c1ccccc1)c1ccccc1C,0,0,Unknown,562.6140000000001,8.20828000000001
SiTCNCz,N#Cc1cccc(-c2nc(-c3cccc([Si](c4ccccc4)(c4ccccc4)c4ccccc4)c3)nc(-n3c4ccccc4c4ccccc43)n2)c1,1,3,Multi-D/A,681.875,7.551780000000006
dpmb,Cc1cc(P(c2ccccc2)c2ccccc2)c(P(c2ccccc2)c2ccccc2)cc1C,0,0,Unknown,474.52400000000017,5.819840000000005
3CzBN,N#Cc1c(-n2c3ccccc3c3ccccc32)cc(-n2c3ccccc3c3ccccc32)cc1-n1c2ccccc2c2ccccc21,3,2,Multi-D/A,598.7090000000002,10.849579999999985
TCB,O=C(c1ccccc1)c1ccc(-n2c3ccccc3c3cc(-c4ccc(N(c5ccccc5)c5ccccc5)cc4)ccc32)cc1,2,0,2D-0A,590.7260000000002,11.151499999999986
CPzPyC,c1ccc2c(c1)c1ccccc1n2-c1cncc(-c2cncc(-n3c4ccccc4c4ccccc43)n2)c1,2,0,2D-0A,487.56600000000014,7.7328000000000054
CPzPzC,c1ccc2c(c1)c1ccccc1n2-c1cncc(-c2cncc(-n3c4ccccc4c4ccccc43)n2)n1,2,0,2D-0A,488.55400000000014,7.127800000000005
CPzPC,c1cc(-c2cncc(-n3c4ccccc4c4ccccc43)n2)cc(-n2c3ccccc3c3ccccc32)c1,2,0,2D-0A,486.5780000000002,8.337800000000003
CBIQD,O=C1c2cccc3cccc(c23)C(=O)N1c1nc2ccc(Cl)cc2s1,0,0,Unknown,364.81300000000005,4.903500000000002
PXZ-QL,c1ccc2c(c1)Oc1ccccc1N2c1ccc2ccccc2n1,1,0,1D-0A,310.35600000000005,5.8103000000000025
SBA,c1ccc2c(c1)Nc1ccccc1C21c2ccccc2Nc2ccccc21,0,0,Unknown,346.43300000000005,6.183300000000004
TATP-BP,O=C(c1ccc(-n2c3ccccc3c3c4c(c5ccccc5n4-c4ccccc4)c4c(c5ccccc5n4-c4ccccc4)c32)cc1)c1ccc(-n2c3ccccc3c3c4c(c5ccccc5n4-c4ccccc4)c4c(c5ccccc5n4-c4ccccc4)c32)cc1,6,0,Multi-D/A,1173.3919999999998,21.500200000000035
Pd-1,CCCCN(CCCC)c1ccc(C=Nc2cc(C#N)c(C#N)cc2N=Cc2ccc(N(CCCC)CCCC)cc2O)c(O)c1,0,4,Multi-D/A,620.8420000000003,9.155559999999998
C3F7,Cc1cc(C)c(B(c2ccccc2-n2c3ccccc3c3ccccc32)c2c(C)cc(C)cc2C)c(C)c1,1,0,1D-0A,491.4870000000003,7.150420000000007
BuCzCF3oB,Cc1cc(C)c(B(c2ccc(C(F)(F)F)cc2-n2c3ccc(C(C)(C)C)cc3c3cc(C(C)(C)C)ccc32)c2c(C)cc(C)cc2C)c(C)c1,1,0,1D-0A,671.7,10.764219999999993
phenazasiline,Brc1ccc2nc3c4ccc(Br)cc4c4ccccc4c3nc2c1,0,2,0D-2A,438.1220000000001,6.6144000000000025
D–A–D,Brc1ccc2nc3c4ccc(Br)cc4c4ccccc4c3nc2c1,0,2,0D-2A,438.1220000000001,6.6144000000000025
pzpy,c1ccc(-c2nc3ccccc3n2-c2ccc(-c3c4ccccc4c(-c4ccc(-n5c(-c6ccccc6)nc6ccccc65)cc4)c4ccccc34)cc2)cc1,0,0,Unknown,714.8720000000002,13.338799999999976
m-PO-ABN,N#Cc1ccc(-c2c3ccccc3c(-c3cccc(-c4nc5c6ccccc6c6ccccc6c5o4)c3)c3ccccc23)cc1,0,2,0D-2A,572.6670000000003,11.313279999999983
PO-ABN,N#Cc1ccc(-c2c3ccccc3c(-c3cccc(-c4nc5c6ccccc6c6ccccc6c5o4)c3)c3ccccc23)cc1,0,2,0D-2A,572.6670000000003,11.313279999999983
p-PO-ABN,N#Cc1ccc(-c2c3ccccc3c(-c3ccc(-c4nc5c6ccccc6c6ccccc6c5o4)cc3)c3ccccc23)cc1,0,2,0D-2A,572.6670000000003,11.313279999999983
teracridan,c1ccc2c(c1)Cc1c(cccc1-c1ccc3c(c1-c1cccc4c1Cc1ccccc1N4)Cc1ccccc1N3)N2,0,0,Unknown,539.6820000000002,9.964
PTPC,CC(C)(C)c1ccc2c(c1)c1cc(C(C)(C)C)ccc1n2-c1ccc(-c2ccc(-c3cc(-c4ccccc4)c(-c4ccc(-c5nc6c7ccccc7c7ccccc7c6n5-c5ccccc5)cc4)cc3-c3ccccc3)cc2)cc1,1,0,1D-0A,1028.356,21.026000000000018
TPTI,O=c1[nH]c2ccsc2c2cc3c(=O)[nH]c4ccsc4c3cc12,0,0,Unknown,324.3860000000001,3.7990000000000013
BDBTCz-Trz,c1ccc(-c2nc(-c3ccccc3)nc(-c3ccc(-n4c5ccc(-c6ccc7sc8ccccc8c7c6)cc5c5cc(-c6ccc7sc8ccccc8c7c6)ccc54)cc3)n2)cc1,1,1,D-A,839.061,16.039499999999972
BDBFCz-Trz,c1ccc(-c2nc(-c3ccccc3)nc(-c3ccc(-n4c5ccc(-c6ccc7oc8ccccc8c7c6)cc5c5cc(-c6ccc7oc8ccccc8c7c6)ccc54)cc3)n2)cc1,1,1,D-A,806.9250000000002,15.102499999999973
HAP-3MF,Cc1cc(C2=NC3=NC(c4ccc(F)c(C)c4)=NC4=NC(c5ccc(F)c(C)c5)=NC(=N2)N34)ccc1F,0,0,Unknown,497.4840000000002,5.080160000000004
FlCz,CC1(C)c2ccccc2-c2ccc(-c3ncc(-c4ccc(-n5c6ccccc6c6ccccc65)cc4)cn3)cc21,1,1,D-A,513.6440000000001,9.213999999999999
SFCz,c1ccc2c(c1)-c1ccccc1C21c2ccccc2-c2ccc(-c3ncc(-c4ccc(-n5c6ccccc6c6ccccc65)cc4)cn3)cc21,1,1,D-A,635.7700000000002,11.251199999999985
o-TPA-AP-TPA,c1ccc(N(c2ccccc2)c2ccccc2-c2c3ccccc3c(-c3ccc4ccc5c(-c6ccccc6N(c6ccccc6)c6ccccc6)ccc6ccc3c4c65)c3ccccc23)cc1,2,0,2D-0A,865.0920000000001,18.831
p-TPA-AP-TPA,c1ccc(N(c2ccccc2)c2ccc(-c3c4ccccc4c(-c4ccc5ccc6c(-c7ccc(N(c8ccccc8)c8ccccc8)cc7)ccc7ccc4c5c76)c4ccccc34)cc2)cc1,2,0,2D-0A,865.0920000000002,18.831
TNPZ,N#Cc1ccc(-c2ccc3c(c2)c2cc(-c4ccc(C#N)cc4)ccc2c2nc4cc(-c5ccc(N(c6ccccc6)c6ccccc6)cc5)c(-c5ccc(N(c6ccccc6)c6ccccc6)cc5)cc4nc32)cc1,2,6,Multi-D/A,969.164,18.44035999999999
m-TPA-AP-TPA,c1ccc(N(c2ccccc2)c2cccc(-c3c4ccccc4c(-c4ccc5ccc6c(-c7cccc(N(c8ccccc8)c8ccccc8)c7)ccc7ccc4c5c76)c4ccccc34)c2)cc1,2,0,2D-0A,865.0920000000002,18.831
"5,6PXZ-PIDO",CC1(C)C(=O)c2cc(-c3ccc(N4c5ccccc5Oc5ccccc54)cc3)c(-c3ccc(N4c5ccccc5Oc5ccccc54)cc3)cc2C1=O,4,0,Multi-D/A,688.7830000000001,12.576799999999977
TRZ-3SO2,O=S(=O)(c1ccccc1)c1cccc(-c2nc(-c3cccc(S(=O)(=O)c4ccccc4)c3)nc(-c3cccc(S(=O)(=O)c4ccccc4)c3)n2)c1,0,1,0D-1A,729.8610000000002,7.3710000000000075
35tCzBPym,CC(C)(C)c1ccc2c(c1)c1cc(C(C)(C)C)ccc1n2-c1cc(C(=O)c2cncnc2)cc(-n2c3ccc(C(C)(C)C)cc3c3cc(C(C)(C)C)ccc32)c1,2,1,D-A-D,739.0199999999999,13.091799999999974
35CzBPym,O=C(c1cncnc1)c1cc(-n2c3ccccc3c3ccccc32)cc(-n2c3ccccc3c3ccccc32)c1,2,1,D-A-D,514.5880000000002,7.901800000000006
25CzBPym,O=C(c1cncnc1)c1cc(-n2c3ccccc3c3ccccc32)ccc1-n1c2ccccc2c2ccccc21,2,1,D-A-D,514.5880000000002,7.901800000000006
25tCzBPym,CC(C)(C)c1ccc2c(c1)c1cc(C(C)(C)C)ccc1n2-c1ccc(-n2c3ccc(C(C)(C)C)cc3c3cc(C(C)(C)C)ccc32)c(C(=O)c2cncnc2)c1,2,1,D-A-D,739.02,13.091799999999976
BPBiPA,c1ccc(-c2nc3ccccc3n2-c2ccc(-c3c4ccccc4c(-c4ccc(-n5c(-c6ccccc6)nc6ccccc65)cc4)c4ccccc34)cc2)cc1,0,0,Unknown,714.8720000000002,13.338799999999976
BTZ–DMAC,CC1(C)c2ccccc2N(c2ccc(N3c4ccccc4C(C)(C)c4ccccc43)c3nsnc23)c2ccccc21,2,0,2D-0A,550.7310000000002,9.909499999999994
BTZ–DPA,c1ccc(N(c2ccccc2)c2ccc(N(c3ccccc3)c3ccccc3)c3nsnc23)cc1,2,0,2D-0A,470.6010000000001,8.6309
2F,c1ccc(N(c2ccccc2)c2ccc3c(c2)c2cc(N(c4ccccc4)c4ccccc4)ccc2n3-c2ccc(-c3ccc4nccnc4c3)cc2)cc1,3,1,Multi-D/A,705.865,13.333499999999974
PFBP-2a,CC(C)(C)c1ccc2c(c1)C(C)(C)c1cc(C(C)(C)C)ccc1N2c1c(F)c(F)c(-c2c(F)c(F)c(F)c(F)c2F)c(F)c1F,1,0,1D-0A,635.6140000000003,11.309599999999985
PFBP-2b,CC(C)(C)c1ccc2c(c1)C(C)(C)c1cc(C(C)(C)C)ccc1N2c1c(F)c(F)c(-c2c(F)c(F)c(N3c4ccc(C(C)(C)C)cc4C(C)(C)c4cc(C(C)(C)C)ccc43)c(F)c2F)c(F)c1F,2,0,2D-0A,937.1159999999998,17.874599999999983
PXZ-PPO,Cc1cc2nc(N3c4ccccc4Oc4ccccc43)ccc2c(=O)o1,1,0,1D-0A,342.35400000000016,5.071920000000004
PXZ-BOO,Cc1nc2cc(N3c4ccccc4Oc4ccccc43)ccc2c(=O)o1,2,0,2D-0A,342.3540000000001,5.071920000000004
PPZTPI,CC(C)(C)c1ccc(-n2c(-c3ccc(N4c5ccccc5N(c5ccccc5)c5ccccc54)cc3)nc3c4ccccc4c4ccccc4c32)cc1,2,0,2D-0A,682.8710000000002,13.549399999999975
PPZPPI,c1ccc(N2c3ccccc3N(c3ccc(-c4nc5c6ccccc6c6ccccc6c5n4-c4ccccc4)cc3)c3ccccc32)cc1,2,0,2D-0A,626.7630000000001,12.25189999999998
Pra-2DMAC,CC1(C)c2ccccc2N(c2ccnc(N3c4ccccc4C(C)(C)c4ccccc43)c2)c2ccccc21,0,0,Unknown,493.6540000000002,9.2998
BAPCN,CC1(C)c2ccccc2N(c2ccccc2)c2ccc3cc(-c4ccc(C#N)cc4)ccc3c21,1,2,A-D-A,436.55800000000016,8.487580000000003
BACN,CC1(C)c2ccccc2N(c2ccccc2)c2ccc3cc(C#N)ccc3c21,1,2,A-D-A,360.4600000000001,6.820580000000006
BDQC-2,c1ccc(-c2ccc(N(c3ccc(-c4ccccc4)cc3)c3ccc4c5ccccc5n(-c5ccc6nc(-c7ccccc7)c(-c7ccccc7)nc6c5)c4c3)cc2)cc1,2,1,D-A-D,766.9480000000002,14.864699999999967
NIDPA-1,c1ccc(N(c2ccccc2)c2ccc3c(c2)cc2c4cccc(N(c5ccccc5)c5ccccc5)c4n4c5ccccc5c3c24)cc1,4,0,Multi-D/A,625.7750000000001,12.92949999999998
NIDPA-2,c1ccc(N(c2ccccc2)c2ccc3c(c2)c2cc(N(c4ccccc4)c4ccccc4)cc4c5c6ccccc6ccc5n3c24)cc1,4,0,Multi-D/A,625.7750000000001,12.929499999999978
SABIQ,c1ccc(N2c3ccccc3C3(c4ccccc4-c4nc5cc6ccccc6cc5nc43)c3ccccc32)cc1,1,1,D-A,509.6120000000002,8.9293
Perylene,c1cc2cccc3c4cccc5cccc(c(c1)c23)c54,0,0,Unknown,252.31599999999997,5.737200000000003
SAIP,c1ccc(N2c3ccccc3C3(c4ccccc4-c4nccnc43)c3ccccc32)cc1,1,0,1D-0A,409.4920000000001,6.622900000000005
FAC,c1ccc2c(c1)Nc1ccccc1C21c2ccccc2-c2ccccc21,0,0,Unknown,331.41800000000006,6.1067000000000045
phenylperylene,c1ccc(-c2ccc3cccc4c5cccc6cccc(c2c34)c65)cc1,0,0,Unknown,328.4140000000001,7.404200000000003
ImPy-2,COc1ccc2cc(-c3nc(-c4ccccc4)c4ccccn34)ccc2c1,0,0,Unknown,350.42100000000005,5.830100000000004
ImPy-1,c1ccc(-c2nc(-c3ccc4ccccc4c3)n3ccccc23)cc1,0,0,Unknown,320.39500000000004,5.821500000000005
ImPy-3,c1ccc(-c2nc(-c3ccc4ccc5cccc6ccc3c4c56)n3ccccc23)cc1,0,0,Unknown,394.47700000000015,7.565700000000005
BTaz-Ar-PXZ,c1ccc2c(c1)Oc1ccccc1N2c1ccc(-c2nc3ccccc3s2)cc1,2,0,2D-0A,392.48300000000006,7.538800000000004
FSF4A,CC1(C)c2ccccc2-c2ccc(N(c3ccccc3-c3ccccc3)c3cccc4c3-c3ccccc3C43c4ccccc4-c4ccccc43)cc21,1,0,1D-0A,675.8750000000002,13.473199999999974
TPA-L-BN,N#Cc1ccc(CCCc2ccc(N(c3ccccc3)c3ccccc3)cc2)cc1,1,2,A-D-A,388.51400000000007,7.203380000000006
IpCm-PhBzAc,CC(C)c1ccc2occ(-c3ccc(N4c5ccccc5C(C)(C)c5cc6c(cc54)oc4ccccc46)cc3)c(=O)c2c1,1,0,1D-0A,561.6810000000003,10.591899999999988
DphAn-Br,O=C1c2ccccc2C(c2ccccc2)(c2ccc(Br)cc2)c2ccccc21,0,0,Unknown,425.32500000000005,6.376200000000004
5-DBFBI,c1ccc2c(c1)nc1n(-c3ccc(-c4ccc5oc6ccccc6c5c4)cn3)c3ccccc3n21,0,0,Unknown,450.50100000000015,7.392800000000005
4-DBFBI,c1ccc2c(c1)nc1n(-c3cc(-c4ccc5oc6ccccc6c5c4)ccn3)c3ccccc3n21,0,0,Unknown,450.50100000000015,7.392800000000005
DMACMNPTO,Cc1cc(N2c3ccccc3S(=O)(=O)c3ccccc32)c(C)cc1N1c2ccccc2C(C)(C)c2ccccc21,3,0,Multi-D/A,542.7040000000003,9.028540000000001
1CzSO,CC(C)(C)c1ccc2c(c1)c1cc(C(C)(C)C)ccc1n2-c1ccc2c(c1)-c1cc(-n3c4ccc(C(C)(C)C)cc4c4cc(C(C)(C)C)ccc43)ccc1S2(=O)=O,2,0,2D-0A,771.0830000000001,13.88399999999997
DpAn-BzAc,CC1(C)c2ccccc2N(c2ccc(C3(c4ccccc4)c4ccccc4C(=O)c4ccccc43)cc2)c2c1ccc1c2oc2ccccc21,1,0,1D-0A,643.7860000000002,11.622199999999982
BzITz,N#Cc1cc(-c2nc(-c3ccccc3)nc(-c3ccccc3)n2)ccc1-n1c2ccccc2n2c3ccccc3nc12,0,3,Multi-D/A,539.6020000000001,7.489080000000005
TPXZ–as-TAZ,c1ccc2c(c1)Oc1ccccc1N2c1ccc(-c2nnc(-c3ccc(N4c5ccccc5Oc5ccccc54)cc3)c(-c3ccc(N4c5ccccc5Oc5ccccc54)cc3)n2)cc1,6,0,Multi-D/A,852.954,15.599099999999968
TPA-CN-N4-2PY,CC(C)(C)c1ccc(N(c2ccc(-c3cc(N)c(N)cc3C#N)cc2)c2ccc(C(C)(C)C)cc2)cc1,1,2,A-D-A,488.6790000000002,8.454480000000004
TPA-CN-N4,c1ccc2nc3c4cccnc4c4ncccc4c3nc2c1,0,2,0D-2A,282.306,3.8794000000000013
"6,7-DCNQx-DICz",N#Cc1cc2nc(-c3ccccc3)c(-c3ccc(-n4c5ccccc5c5c6c(c7ccccc7n6-c6ccccc6)c6c(c7ccccc7n6-c6ccccc6)c54)cc3)nc2cc1C#N,3,5,Multi-D/A,827.9509999999999,13.998459999999971
PBICT,c1ccc(-c2nc(-n3c4ccccc4c4ccc5c6ccccc6n(-c6ccccc6)c5c43)nc(-n3c4ccccc4c4ccc5c6ccccc6n(-c6ccccc6)c5c43)n2)cc1,4,1,Multi-D/A,817.9559999999999,13.926999999999973
DCBNPE,O=[N+]([O-])c1ccc(/C(=C(/c2ccc([N+](=O)[O-])cc2)n2c3ccccc3c3ccccc32)n2c3ccccc3c3ccccc32)cc1,2,0,2D-0A,600.6340000000002,9.641199999999994
TPA-BT-Q,Cc1ccc(N(c2ccc(C)cc2)c2ccc(C3(c4ccc(N(c5ccc(C)cc5)c5ccc(C)cc5)cc4)CCCCC3)cc2)cc1,2,0,2D-0A,626.8879999999999,13.110079999999977
D5,c1cc(-c2ccc(-n3c4ccccc4c4ccccc43)cc2)cc(-c2ccc3c4ccccc4c4ccccc4c3c2)c1,1,0,1D-0A,545.6850000000003,11.577299999999981
D6,c1cc(-c2ccc3c4ccccc4c4ccccc4c3c2)cc(-n2c3ccccc3c3ccccc32)c1,1,0,1D-0A,469.58700000000016,9.910299999999992
PxPYM,c1ccc2c(c1)Oc1ccccc1N2c1ccc(-c2cnc(-c3ccc(N4c5ccccc5Oc5ccccc54)cc3)nc2)cc1,4,1,Multi-D/A,594.6740000000002,10.961599999999986
D1–D6,c1cc(-c2ccc3c4ccccc4c4ccccc4c3c2)cc(-n2c3ccccc3c3ccccc32)c1,1,0,1D-0A,469.58700000000016,9.910299999999992
DTPCZTZ,CC(C)(C)c1ccc2c(c1)c1cc(C(C)(C)C)ccc1n2-c1ccc(-c2ccc(-c3nnc(-c4ccccc4)n3-c3ccccc3)cc2)cc1,1,0,1D-0A,650.8700000000002,11.960399999999982
DHPZ-2BI,c1ccc(-n2c(-c3ccc(N4c5ccccc5N(c5ccc(-c6nc7ccccc7n6-c6ccccc6)cc5)c5ccccc54)cc3)nc3ccccc32)cc1,2,0,2D-0A,718.864,12.951399999999978
DHPZ-2BN,N#Cc1ccc(N2c3ccccc3N(c3ccc(C#N)cc3)c3ccccc32)cc1,2,4,Multi-D/A,384.44200000000006,6.682960000000005
SAF-2NP,c1ccc2c(c1)-c1ccccc1C21c2ccccc2N(c2ccc3nc4c5cccnc5c5ncccc5c4nc3c2)c2ccccc21,1,2,A-D-A,611.7080000000002,10.02569999999999
BTPO,O=S1(=O)c2ccccc2N2c3ccccc3S(=O)(=O)c3cccc1c32,3,0,Multi-D/A,369.4230000000001,3.448800000000002
PyDCN–DMAC,CC1(C)c2ccccc2N(c2ccc(-c3cc(-c4ccc(C#N)cc4)nc(-c4ccc(C#N)cc4)c3)cc2)c2ccccc21,1,4,Multi-D/A,564.6920000000002,9.935059999999995
PyDCN,N#Cc1ccc(-c2cc(-c3ccccc3)cc(-c3ccc(C#N)cc3)n2)cc1,0,4,Multi-D/A,357.41600000000005,5.825960000000005
PXZ-OXD,c1ccc(-c2nnc(-c3ccc(N4c5ccccc5Oc5ccccc54)cc3)o2)cc1,2,0,2D-0A,403.44100000000014,6.979100000000004
TCz-3PA-TCz,CC(C)(C)c1ccc(-c2ccc3c(c2)c2cc(-c4cnc(-c5ccc6c(c5)c5cc(-c7ccc(C(C)(C)C)cc7)ccc5n6-c5ccc(C(C)(C)C)cc5)cn4)ccc2n3-c2ccc(C(C)(C)C)cc2)cc1,2,0,2D-0A,939.3039999999999,18.528799999999983
NAI–BiFA,Cc1c(-c2ccccc2)cc(N2C(=O)c3cccc4c(N(c5ccc(-c6ccccc6)cc5)c5ccc6c(c5)C(C)(C)c5ccccc5-6)ccc(c34)C2=O)cc1-c1ccccc1,1,0,1D-0A,798.986,14.72591999999997
NAI–PhBiFA,Cc1c(-c2ccccc2)cc(N2C(=O)c3cccc4c(-c5ccc(N(c6ccc(-c7ccccc7)cc6)c6ccc7c(c6)C(C)(C)c6ccccc6-7)cc5)ccc(c34)C2=O)cc1-c1ccccc1,1,0,1D-0A,875.084,16.392919999999968
pDTCz-2DPyS,CC(C)(C)c1ccc2c(c1)c1cc(C(C)(C)C)ccc1n2-c1ccc(S(=O)(=O)c2ccc(-n3c4ccc(C(C)(C)C)cc4c4cc(C(C)(C)C)ccc43)cn2)nc1,2,0,2D-0A,775.0749999999998,12.693599999999977
2SPBAC-BP,O=C(c1ccc(N2c3ccccc3C3(c4ccccc4-c4ccccc43)c3cc4ccccc4cc32)cc1)c1ccc(N2c3ccccc3C3(c4ccccc4-c4ccccc43)c3cc4ccccc4cc32)cc1,2,0,2D-0A,941.146,17.516599999999983
SPBAC-PH,c1ccc(N2c3ccccc3C3(c4ccccc4-c4ccccc43)c3cc4ccccc4cc32)cc1,1,0,1D-0A,457.57600000000014,8.986099999999999
DFPBI,CC1(C)c2cc(-c3nc(-c4ccccc4)c(-c4ccccc4)n3-c3ccccc3)ccc2-c2ccc(N(c3ccccc3)c3ccccc3)cc21,1,0,1D-0A,655.8450000000003,12.649399999999977
TDPA–TRZ,c1ccc(N(c2ccccc2)c2ccc(-c3nc(-c4ccc(N(c5ccccc5)c5ccccc5)cc4)nc(-c4ccc(N(c5ccccc5)c5ccccc5)cc4)n3)cc2)cc1,3,1,Multi-D/A,811.005,15.281999999999965
DMAC-11-DPPZ,CC1(C)c2ccccc2N(c2ccc3nc4c5ccccc5c5ccccc5c4nc3c2)c2ccccc21,1,2,A-D-A,487.60600000000017,9.198499999999997
PXZ-11-DPPZ,c1ccc2c(c1)Oc1ccccc1N2c1ccc2nc3c4ccccc4c4ccccc4c3nc2c1,2,2,2D-2A,461.5240000000002,8.664899999999998
PXZ-10-DPPZ,c1ccc2c(c1)Oc1ccccc1N2c1cccc2nc3c4ccccc4c4ccccc4c3nc12,2,2,2D-2A,461.5240000000002,8.664899999999998
CCC,c1ccc2c(c1)Cc1c-2ccc2c1-c1ccccc1C2,0,0,Unknown,254.33199999999997,4.829000000000003
CzmPPC,c1ccc(-c2cccc(-c3nc(-c4cccc(-c5ccccc5)c4)nc(-c4cccc(-c5ccccc5)c4)n3)c2)cc1,0,1,0D-1A,537.6660000000002,9.873599999999994
C2FLA-1,CCCC1(CCC)c2ccccc2-c2ccc(C#Cc3ccc4c(c3)C(CCC)(CCC)c3cc(C#N)ccc3-4)cc21,0,2,0D-2A,547.7860000000004,10.691479999999991
MDP3FL,Cc1cccc(N(c2ccccc2)c2ccc3c(c2)C(C)(C)c2cc(-c4ccc5c(c4)C(C)(C)c4cc(-c6ccc7c(c6)C(C)(C)c6cc(N(c8ccccc8)c8cccc(C)c8)ccc6-7)ccc4-5)ccc2-3)c1,2,0,2D-0A,941.275,19.495939999999997
C3FLA-2,CCCCC1(CCCC)c2cc(C#Cc3ccc4c(c3)C(CCC)(CCC)c3cc(C#N)ccc3-4)ccc2-c2ccc(C#Cc3ccc4c(c3)C(CCC)(CCC)c3cc(C#N)ccc3-4)cc21,0,4,Multi-D/A,873.2409999999996,16.609859999999962
9CzFDPEPO,O=P(c1ccccc1)(c1ccccc1)c1ccccc1Oc1ccc(-c2ccc(C3(c4ccc(-n5c6ccccc6c6ccccc65)cc4)c4ccccc4-c4ccccc43)cc2)cc1P(=O)(c1ccccc1)c1ccccc1,1,0,1D-0A,1052.1630000000002,15.884899999999957
9CzFDPESPO,O=P(c1ccccc1)(c1ccccc1)c1ccccc1Oc1ccc(-c2ccc(C3(c4ccc(-n5c6ccccc6c6ccccc65)cc4)c4ccccc4-c4ccccc43)cc2)cc1,1,0,1D-0A,851.9860000000002,14.24549999999997
CTM,O=C(c1ccc(-n2c3ccccc3c3ccccc32)cc1)c1ccc2sc3ccccc3c2c1,1,0,1D-0A,453.5660000000002,8.382600000000002
tCTM,CC(C)(C)c1ccc2c(c1)c1cc(C(C)(C)C)ccc1n2-c1ccc(C(=O)c2ccc3sc4ccccc4c3c2)cc1,1,0,1D-0A,565.7820000000002,10.977599999999986
PSBC,CC(C)(C)c1ccc(-n2c(-c3ccc(-c4ccc(S(=O)(=O)c5ccc(-c6ccc(-n7c8ccccc8c8ccccc87)cc6)cc5)cc4)cc3)nc3c4ccccc4c4ccccc4c32)cc1,1,0,1D-0A,884.1170000000001,15.560299999999968
26DAcBPy,CC1(C)c2ccccc2N(c2ccc(C(=O)c3cccc(C(=O)c4ccc(N5c6ccccc6C(C)(C)c6ccccc65)cc4)n3)cc2)c2ccccc21,2,0,2D-0A,701.8700000000002,11.761799999999985
25DAcBPy,CC1(C)c2ccccc2N(c2ccc(C(=O)c3ccc(C(=O)c4ccc(N5c6ccccc6C(C)(C)c6ccccc65)cc4)nc3)cc2)c2ccccc21,2,0,2D-0A,701.8700000000002,11.761799999999985
26DPXZBPy,O=C(c1ccc(N2c3ccccc3Oc3ccccc32)cc1)c1cccc(C(=O)c2ccc(N3c4ccccc4Oc4ccccc43)cc2)n1,4,0,Multi-D/A,649.7060000000002,10.694599999999989
BTITrz,N#Cc1cc(-c2nc(-c3ccccc3)nc(-c3ccccc3)n2)ccc1-n1c2ccccc2c2c3ccccc3sc21,0,3,Multi-D/A,555.6660000000002,9.056079999999998
mTPA–PPI,c1ccc(N(c2ccccc2)c2ccc(-c3cccc(-c4nc5c6ccccc6c6ccccc6c5n4-c4ccccc4)c3)cc2)cc1,1,0,1D-0A,613.7640000000004,12.135699999999977
PPI,c1ccc(-c2nc3c4ccccc4c4ccccc4c3n2-c2ccccc2)cc1,0,0,Unknown,370.45500000000004,6.998900000000005
CzTPA-m-Trz,c1ccc(-c2ccc(N(c3ccc(-c4ccc5c(c4)c4ccccc4n5-c4ccccc4)cc3)c3cccc(-c4nc(-c5ccccc5)nc(-c5ccccc5)n4)c3)cc2)cc1,2,1,D-A-D,793.974,14.773499999999967
TPA–2PPITPA,c1ccc(N(c2ccc(-c3ccc(-c4nc5c6ccccc6c6ccccc6c5n4-c4ccc(N(c5ccccc5)c5ccccc5)cc4)cc3)cc2)c2ccc(-c3ccc(-c4nc5c6ccccc6c6ccccc6c5n4-c4ccc(N(c5ccccc5)c5ccccc5)cc4)cc3)cc2)cc1,3,0,Multi-D/A,1316.625,26.05460000000007
TPA–2SPPITPA,C(=C/c1nc2c3ccccc3c3ccccc3c2n1-c1ccc(N(c2ccccc2)c2ccccc2)cc1)\c1ccc(-c2ccc(N(c3ccccc3)c3ccc(-c4ccc(/C=C/c5nc6c7ccccc7c7ccccc7c6n5-c5ccc(N(c6ccccc6)c6ccccc6)cc5)cc4)cc3)cc2)cc1,3,0,Multi-D/A,1368.7009999999998,27.061400000000077
2Cz2tCzBn,CC(C)(C)c1ccc2c(c1)c1cc(C(C)(C)C)ccc1n2-c1c(-n2c3ccccc3c3ccccc32)cc(-n2c3ccccc3c3ccccc32)c(-n2c3ccc(C(C)(C)C)cc3c3cc(C(C)(C)C)ccc32)c1C#N,4,2,Multi-D/A,988.3359999999996,19.136679999999995
2tCz2CzBn,CC(C)(C)c1ccc2c(c1)c1cc(C(C)(C)C)ccc1n2-c1cc(-n2c3ccc(C(C)(C)C)cc3c3cc(C(C)(C)C)ccc32)c(-n2c3ccccc3c3ccccc32)c(C#N)c1-n1c2ccccc2c2ccccc21,4,2,Multi-D/A,988.3359999999998,19.136679999999995
PmPmP,c1cncc(-c2nc(-c3ccc(N4c5ccccc5Oc5ccccc54)cc3)cc(-c3cncnc3)n2)c1,2,2,2D-2A,492.5420000000002,7.2381000000000055
PLQYs,CC(C)(C)c1ccc2c(c1)c1cc(C(C)(C)C)ccc1n2-c1cc2ccc3cc(-n4c5ccc(C(C)(C)C)cc5c5cc(C(C)(C)C)ccc54)cc4ccc(c1)c2c34,2,0,2D-0A,757.078,15.968199999999962
PXZ-ND,c1ccc2c(c1)Oc1ccccc1N2c1ccc2ccc(N3c4ccccc4Oc4ccccc43)nc2n1,2,0,2D-0A,492.53800000000024,8.7808
CPPyC,c1cc(-c2cncc(-n3c4ccccc4c4ccccc43)c2)cc(-n2c3ccccc3c3ccccc32)c1,2,0,2D-0A,485.5900000000002,8.942799999999998
DMAC-ND,CC1(C)c2ccccc2N(c2ccc3ccc(N4c5ccccc5C(C)(C)c5ccccc54)nc3n2)c2ccccc21,0,0,Unknown,544.7020000000002,9.847999999999994
PrDPhAc,c1ccc(C2(c3ccccc3)c3ccccc3N(c3cncc(N4c5ccccc5C(c5ccccc5)(c5ccccc5)c5ccccc54)n3)c3ccccc32)cc1,0,0,Unknown,742.9260000000002,12.808399999999978
2Mi2SB,Cc1nc2ccccc2n1-c1cc(S(=O)(=O)c2ccc(C(C)(C)C)cc2)c(-n2c(C)nc3ccccc32)cc1S(=O)(=O)c1ccc(C(C)(C)C)cc1,0,0,Unknown,730.9560000000001,9.24184
BFDMAc-NAI,CC(C)(C)c1ccc(N2C(=O)c3cccc4c(N5c6ccccc6C(C)(C)c6ccc7c(oc8ccccc87)c65)ccc(c34)C2=O)cc1,1,0,1D-0A,626.7560000000002,10.946399999999986
HPIPXZ,c1ccc(N(c2ccc(-c3ccc(N(c4ccccc4)c4cccc5ccccc45)cc3)cc2)c2cccc3ccccc23)cc1,2,0,2D-0A,588.7540000000002,12.59959999999998
3BPy-mDTC,CC(C)(C)c1ccc2c(c1)c1cc(C(C)(C)C)ccc1n2-c1cc(C(=O)c2cccnc2)cc(-n2c3ccc(C(C)(C)C)cc3c3cc(C(C)(C)C)ccc32)c1,2,0,2D-0A,738.0319999999999,13.69679999999997
2BPy-mDTC,CC(C)(C)c1ccc2c(c1)c1cc(C(C)(C)C)ccc1n2-c1cc(C(=O)c2ccccn2)cc(-n2c3ccc(C(C)(C)C)cc3c3cc(C(C)(C)C)ccc32)c1,2,0,2D-0A,738.0319999999999,13.69679999999997
BP-mDTC,CC(C)(C)c1ccc2c(c1)c1cc(C(C)(C)C)ccc1n2-c1cc(C(=O)c2ccccc2)cc(-n2c3ccc(C(C)(C)C)cc3c3cc(C(C)(C)C)ccc32)c1,2,0,2D-0A,737.0439999999999,14.301799999999966
Cz2ICz,c1ccc2c(c1)c1ccccc1n2-c1ccc2c(c1)c1cccc3c4cc(-n5c6ccccc6c6ccccc65)ccc4n2c13,4,0,Multi-D/A,571.6830000000001,11.030899999999983
Ac-BPCN,CC1(C)c2ccccc2N(c2ccc3nc4c5cc(C#N)ccc5c5ccc(C#N)cc5c4nc3c2)c2ccccc21,1,6,Multi-D/A,537.6260000000002,8.94186
5CzICz,c1ccc2c(c1)c1ccccc1n2-c1ccc2c(c1)c1cccc3c4ccccc4n2c31,3,0,Multi-D/A,406.4880000000001,7.933800000000003
DCPDAPM,CC1(C)c2ccccc2N(c2ccc(C(=O)c3cc(-n4c5ccccc5c5ccccc54)cc(-n4c5ccccc5c5ccccc54)c3)cc2)c2ccccc21,3,0,Multi-D/A,719.888,13.220899999999974
SPFS-PXZ,O=S1(=O)c2ccc(N3c4ccccc4Oc4ccccc43)cc2C2(c3ccccc3-c3ccccc32)c2cc(N3c4ccccc4Oc4ccccc43)ccc21,4,0,Multi-D/A,742.8560000000001,12.34689999999998
DPS-PXZ,O=S(=O)(c1ccc(N2c3ccccc3Oc3ccccc32)cc1)c1ccc(N2c3ccccc3Oc3ccccc32)cc1,4,0,Multi-D/A,580.6650000000002,9.670399999999995
TX-CzPh,O=c1c2ccccc2sc2ccc(-c3ccc4c(c3)c3ccccc3n4-c3ccccc3)cc12,1,0,1D-0A,453.56600000000014,8.178800000000004
bpipH,Brc1cccc(-c2nc3c4cccnc4c4ncccc4c3[nH]2)n1,0,0,Unknown,376.2170000000001,4.483800000000002
Tri-PXZ-PCN,N#Cc1c(-c2ccc(N3c4ccccc4Oc4ccccc43)cc2)nc(-c2ccc(N3c4ccccc4Oc4ccccc43)cc2)c(C#N)c1-c1ccc(N2c3ccccc3Oc3ccccc32)cc1,6,2,Multi-D/A,900.9979999999999,16.552459999999975
ACID–BPPZ,CC1(C)c2ccccc2N(c2ccc3c(c2)c2ccccc2c2nc4c5cccnc5c5ncccc5c4nc32)c2cc3c4ccccc4n(-c4ccccc4)c3cc21,2,2,2D-2A,754.8969999999999,13.391999999999973
C-BPyIA,c1ccc(-n2c(-c3ccc(-c4c5ccccc5c(-c5ccc(-c6nc7c8cccc9ccc%10cccc(c%10c98)c7n6-c6ccccc6)cc5)c5ccccc45)cc3)nc3c4cccc5ccc6cccc(c6c54)c32)cc1,0,0,Unknown,963.156,19.133600000000005
N-BPyIA,c1ccc(-c2nc3c4cccc5ccc6cccc(c6c54)c3n2-c2ccc(-c3c4ccccc4c(-c4ccc(-n5c(-c6ccccc6)nc6c7cccc8ccc9cccc(c9c87)c65)cc4)c4ccccc34)cc2)cc1,0,0,Unknown,963.156,19.13360000000001
2-TA-AN,c1ccc2c(c1)Sc1ccc(-c3c4ccccc4cc4ccccc34)cc1S2,0,0,Unknown,392.5480000000001,8.275800000000002
ANOP-MeFAC,Cc1ccc2c(c1)C1(c3ccccc3-c3ccccc31)c1cc(C)ccc1N2c1ccc2c3c(cccc13)-c1nc3nonc3nc1-2,1,0,1D-0A,603.6850000000001,9.576539999999994
ANOP-DMAC,CC1(C)c2ccccc2N(c2ccc3c4c(cccc24)-c2nc4nonc4nc2-3)c2ccccc21,1,0,1D-0A,453.50500000000017,6.922500000000005
4PyCNICz,N#Cc1c(-c2ccccc2)nc(-c2ccccc2)nc1-c1ccc(-n2c3ccccc3c3ccc4c(c5ccccc5n4-c4ccccc4)c32)cc1,2,2,2D-2A,663.7840000000001,11.543479999999981
2PyCNBCz,N#Cc1c(-c2ccccc2)nc(-c2ccc(-n3c4ccccc4c4cc(-c5ccc6c(c5)c5ccccc5n6-c5ccccc5)ccc43)cc2)nc1-c1ccccc1,2,2,2D-2A,739.8820000000002,13.210479999999974
CzA-PPO,Cc1ccc(N(c2ccc(C)cc2)c2c3ccccc3c(-c3ccc(P(=O)(c4ccccc4)c4ccc(-n5c6ccccc6c6ccccc65)cc4)cc3)c3ccccc23)cc1,2,0,2D-0A,814.9690000000002,14.48313999999997
2PyCNICz,N#Cc1c(-c2ccccc2)nc(-c2ccc(-n3c4ccccc4c4ccc5c(c6ccccc6n5-c5ccccc5)c43)cc2)nc1-c1ccccc1,2,2,2D-2A,663.7840000000001,11.543479999999983
TAA-PPO,Cc1ccc(N(c2ccc(C)cc2)c2c3ccccc3c(-c3ccc(P(=O)(c4ccccc4)c4ccccc4)cc3)c3ccccc23)cc1,1,0,1D-0A,649.7740000000002,11.386039999999987
pSFIAc2,Cc1ccc2c(c1)c1c3c4c(c5c1n2-c1ccc(C(C)(C)C)cc1C51c2ccccc2-c2ccccc21)c1cc(C)ccc1n4-c1ccc(C(C)(C)C)cc1C31c2ccccc2-c2ccccc21,2,0,2D-0A,873.1559999999998,16.445639999999965
TBN-TPA,CC(C)(C)c1ccc(N2c3ccc(C(C)(C)C)cc3B3c4cc(C(C)(C)C)ccc4N(c4ccc(C(C)(C)C)cc4)c4cc(-n5c6ccc(C(C)(C)C)cc6c6cc(C(C)(C)C)ccc65)cc2c43)cc1,3,0,Multi-D/A,922.1669999999997,16.651299999999964
CzBPDCb,c1cc(-c2cccc(-n3c4ccccc4c4ncccc43)c2)cc(-n2c3ccccc3c3ccccc32)c1,1,0,1D-0A,485.5900000000002,8.942799999999998
"[2,1-b]IF",C1=CC2(C=C3C1=CC1=C3C3(C4=c5ccccc5=CC4=C1)c1ccccc1Sc1ccccc13)c1ccccc1Sc1ccccc12,0,0,Unknown,618.8260000000001,9.206
cyclohexanone,BrCCCCCCC1(CCCCCCBr)c2cc(Br)ccc2-c2ccc(Br)cc21,0,0,Unknown,650.131,10.168899999999992
thio-ether,C1=CC2(C=C3C1=CC1=C3C3(C4=c5ccccc5=CC4=C1)c1ccccc1Sc1ccccc13)c1ccccc1Sc1ccccc12,0,0,Unknown,618.8260000000001,9.206
ICz-2,c1ccc(-c2cccnc2-c2cc(-c3c[nH]nn3)cc(-c3ccccn3)n2)cc1,0,0,Unknown,376.42300000000006,4.657700000000003
DDCzTrz,c1ccc(-c2nc(-c3cc(-n4c5ccccc5c5ccccc54)cc(-n4c5ccccc5c5ccccc54)c3)nc(-c3cc(-n4c5ccccc5c5ccccc54)cc(-n4c5ccccc5c5ccccc54)c3)n2)cc1,4,1,Multi-D/A,970.1519999999998,17.26099999999998
B-O-dpa,CC(C)(C)c1cc2c3c(c1)N(c1ccccc1)c1ccccc1B3c1ccccc1O2,1,0,1D-0A,401.31800000000015,5.389200000000005
B-dpa-SpiroAC,CC(C)(C)c1cc2c3c(c1)N1c4ccccc4C4(c5ccccc5-c5ccccc54)c4cccc(c41)B3c1ccccc1N2c1ccccc1,2,0,2D-0A,638.6230000000002,9.743199999999998
DCz-OTP,c1cc(-c2ccccc2-c2cccc(-n3c4ccccc4c4ccccc43)c2)cc(-n2c3ccccc3c3ccccc32)c1,2,0,2D-0A,560.7000000000003,11.214799999999984
B-dpa-Cz,CC(C)(C)c1cc2c3c(c1)-n1c4ccccc4c4cccc(c41)B3c1ccccc1N2c1ccccc1,2,0,2D-0A,474.41600000000017,6.694000000000006
c-D2T,CC(C)(C)c1ccc2c(c1)c1cc(C(C)(C)C)ccc1n2-c1ccc(N2c3ccccc3C3(c4ccccc4-c4cc5c(cc43)C3(c4ccccc4-5)c4ccccc4N(c4ccc(-c5nc(-c6ccccc6)nc(C6CCCCC6)n5)cc4)c4ccccc43)c3ccccc32)cc1,3,1,Multi-D/A,1251.6349999999995,23.23800000000004
DPXZ-DPPM,O=C(c1ccccc1)c1ccc2nc3c4ccc(N5c6ccccc6Oc6ccccc65)cc4c4cc(N5c6ccccc6Oc6ccccc65)ccc4c3nc2c1,4,2,Multi-D/A,746.8260000000001,13.47139999999998
CBPMCN,N#Cc1ccc(-n2c(-c3ccc(-n4c5ccccc5c5ccccc54)cc3)nc3c4ccccc4c4ccccc4c32)cc1,1,2,A-D-A,560.6600000000002,9.967679999999993
CPBPMCN,N#Cc1ccc(-n2c(-c3ccc(-c4ccc(-n5c6ccccc6c6ccccc65)cc4)cc3)nc3c4ccccc4c4ccccc4c32)cc1,1,2,A-D-A,636.7580000000002,11.63467999999998
TPB-AC,N#Cc1ccc(-c2cc(-c3ccccc3)c(-c3ccc(N(c4ccccc4)c4ccccc4)cc3)cc2-c2ccccc2)cc1,1,2,A-D-A,574.7270000000002,11.696079999999982
Me-DMAC,Cc1nc(C)c(C#N)c(-c2ccc(N3c4ccccc4C(C)(C)c4ccccc43)cc2)c1C#N,1,2,A-D-A,440.55000000000024,7.2179000000000055
iTPBI-CN,N#Cc1c(-n2c(-c3ccccc3)nc3ccccc32)cc(-n2c(-c3ccccc3)nc3ccccc32)cc1-n1c(-c2ccccc2)nc2ccccc21,0,2,0D-2A,679.7870000000001,10.575979999999989
TCP,c1ccc2c(c1)c1ccccc1n2-c1cc(-n2c3ccccc3c3ccccc32)cc(-n2c3ccccc3c3ccccc32)c1,3,0,Multi-D/A,573.6990000000002,10.977899999999984
CDBP-BP-PXZ,Cc1cc(-n2c3ccccc3c3ccccc32)ccc1-c1ccc(-n2c3ccccc3c3cc(C(=O)c4ccc(N5c6ccccc6Oc6ccccc65)cc4)ccc32)cc1C,4,0,Multi-D/A,797.9580000000002,14.97113999999997
CDBP-BP-DMAC,Cc1cc(-n2c3ccccc3c3ccccc32)ccc1-c1ccc(-n2c3ccccc3c3cc(C(=O)c4ccc(N5c6ccccc6C(C)(C)c6ccccc65)cc4)ccc32)cc1C,3,0,Multi-D/A,824.0400000000001,15.504739999999966
3CzPhpPM,c1ccc(-c2ccc3c(c2)c2ccccc2n3-c2ccc(-c3cc(-c4ccccc4)nc(-c4ccccc4)n3)cc2)cc1,1,1,D-A,549.6770000000002,10.241699999999993
SFI23pPM,c1ccc(-c2cc(-c3ccc(-n4c5ccccc5c5cc6c(cc54)C4(c5ccccc5-c5ccccc54)c4ccccc4-6)cc3)nc(-c3ccccc3)n2)cc1,1,1,D-A,711.8680000000002,12.918199999999976
3PCzPFP,c1ccc(-n2c3ccccc3c3cc(-c4cnc5oc6ncccc6c5c4)ccc32)cc1,1,0,1D-0A,411.4640000000001,7.140100000000005
SFI34pPM,c1ccc(-c2cc(-c3ccc(-n4c5ccccc5c5c6c(ccc54)-c4ccccc4C64c5ccccc5-c5ccccc54)cc3)nc(-c3ccccc3)n2)cc1,1,1,D-A,711.868,12.918199999999976
SBA-2DPS,O=S(=O)(c1ccccc1)c1ccc(N2c3ccccc3C3(c4ccccc42)c2ccccc2N(c2ccc(S(=O)(=O)c4ccccc4)cc2)c2ccccc23)cc1,2,0,2D-0A,778.9550000000003,11.301299999999987
2DMAC-BP-F,CC1(C)c2ccccc2N(c2ccc3c(c2)c2cc(N4c5ccccc5C(C)(C)c5ccccc54)ccc2c2nc4c(F)cccc4nc32)c2ccccc21,2,2,2D-2A,712.8720000000001,13.446699999999971
DCA,N#Cc1cc(C#N)cc(-c2c3ccccc3c(-c3cc(C#N)cc(C#N)c3)c3ccccc23)c1,0,8,Multi-D/A,430.47000000000014,6.813720000000004
DPFPhe,CCCCCCN1C2=CCC(=CC3c4cc(-c5ccccc5)ccc4-c4ccc(-c5ccccc5)cc43)C=C2Oc2ccccc21,0,0,Unknown,597.8020000000001,11.710099999999985
DFPFPhe,CCCCCCN1C2=CCC(=CC3c4cc(-c5ccc(F)cc5)ccc4-c4ccc(-c5ccc(F)cc5)cc43)C=C2Oc2ccccc21,0,0,Unknown,633.7820000000002,11.988299999999981
3ai,CCCCc1cc2c(s1)-c1sc(CCCC)cc1P2(=O)c1ccc(-n2c3ccccc3c3ccccc32)cc1,1,0,1D-0A,565.7440000000001,9.2117
DNFPh,CCCCCCN1C2=CCC(=CC3c4cc(-c5cccc6ccccc56)ccc4-c4ccc(-c5cccc6ccccc56)cc43)C=C2Sc2ccccc21,0,0,Unknown,713.9900000000001,14.729799999999969
pCzAnBzt,N#Cc1ccc(-c2c3ccccc3c(-c3ccc(-n4c5ccccc5c5ccccc54)cc3)c3ccccc23)cc1,1,2,A-D-A,520.6350000000002,10.29577999999999
DPE-DPXZ,C(#Cc1ccc(N2c3ccccc3Oc3ccccc32)cc1)c1ccc(N2c3ccccc3Oc3ccccc32)cc1,4,0,Multi-D/A,540.6220000000003,10.23739999999999
3CzAnBzt,N#Cc1ccc(-c2c3ccccc3c(-c3ccc4c(c3)c3ccccc3n4-c3ccccc3)c3ccccc23)cc1,1,2,A-D-A,520.6350000000002,10.29577999999999
TABD-COOH,O=C(O)c1ccc(/C(=C\C=C(\c2ccccc2)c2ccc(C(=O)O)cc2)c2ccccc2)cc1,0,0,Unknown,446.5020000000001,6.646600000000006
ADN,c1ccc2cc(-c3c4ccccc4c(-c4ccc5ccccc5c4)c4ccccc34)ccc2c1,0,0,Unknown,430.5500000000001,9.633399999999993
Et3SiH,FC1=C(F)C(c2c(F)c(F)c(F)c(F)c2F)(c2c(F)c(F)c(F)c(F)c2F)C(c2c(F)c(F)c(F)c(F)c2F)(c2c(F)c(F)c(F)c(F)c2F)B1c1c(F)c(F)c(F)c(F)c1F,0,0,Unknown,932.1320000000003,11.081099999999998
DPE-DDMAc,CC1(C)c2ccccc2N(c2ccc(C#Cc3ccc(N4c5ccccc5C(C)(C)c5ccccc54)cc3)cc2)c2ccccc21,2,0,2D-0A,592.7860000000002,11.304599999999986
mCz-TAn-CN,CC(C)(C)c1ccc2c(-c3cccc(-n4c5ccccc5c5ccccc54)c3)c3cc(C(C)(C)C)ccc3c(-c3ccc(C#N)cc3)c2c1,1,2,A-D-A,632.8510000000002,12.890779999999975
indenoacridine,c1ccc2[nH]c3ccc4c5ccccc5cc4c3cc2c1,1,0,1D-0A,267.33099999999996,5.627500000000003
MPAc,Cc1ccc2c(c1)C(c1ccccc1)(c1ccccc1)c1cc(C)ccc1N2,0,0,Unknown,361.4880000000001,6.743140000000006
TBAc,CC(C)(C)C1=CC=CC(C(C)(C)C)(C2(C3(C(C)(C)C)C=CC=C(C(C)(C)C)C3)c3ccccc3N(c3ccccc3)c3ccccc32)C1,1,0,1D-0A,637.9960000000001,13.685699999999972
poCz-SO,O=P(c1ccccc1)(c1ccccc1)c1ccc2[nH]c3ccc(P(=O)(c4ccccc4)c4ccccc4)cc3c2c1,1,0,1D-0A,567.565,6.599900000000005
H4TCPE,O=C(O)c1ccc(CC(c2ccc(C(=O)O)cc2)(c2ccc(C(=O)O)cc2)c2ccc(C(=O)O)cc2)cc1,0,0,Unknown,510.4980000000002,5.056500000000003
CbBPCb,c1cc(-c2cccc(-n3c4ccccc4c4cccnc43)c2)cc(-n2c3ccccc3c3cccnc32)c1,0,0,Unknown,486.5780000000002,8.337800000000003
TMOE,COc1ccc(C(=C(c2ccc(OC)cc2)c2ccc(OC)cc2)c2ccc(OC)cc2)cc1,0,0,Unknown,452.5500000000002,6.728400000000007
FAPbCl3,c1ccc(-c2ccc(-c3ccccc3)c(-c3ccccc3)c2-c2ccccc2)cc1,0,0,Unknown,382.5060000000001,8.354600000000005
DBT-SADF,O=S1(=O)c2ccccc2-c2cc(N3c4ccccc4C4(c5ccccc5-c5ccccc54)c4ccccc43)ccc21,1,0,1D-0A,545.6630000000002,8.646100000000002
mPXTMP,Cc1c(-c2ccc3c(c2)Oc2ccccc2S3)cccc1-c1ccc2c(c1)Oc1ccccc1S2,0,0,Unknown,488.6330000000002,9.842819999999994
APDC-tPh,N#Cc1nc2c(nc1C#N)-c1ccc(-c3cc(-c4ccccc4)cc(-c4ccccc4)c3)c3cccc-2c13,0,2,0D-2A,482.54600000000016,8.021560000000004
POZDBPHZ,c1ccc2c(c1)Oc1ccccc1N2c1ccc2c(ccc3nc4ccc5cc(N6c7ccccc7Oc7ccccc76)ccc5c4nc32)c1,4,2,Multi-D/A,642.7180000000001,12.240399999999983
CPTBF,CC(C)(C)c1ccc2c(c1)C(c1ccc(-n3c4ccccc4c4ccccc43)cc1)(c1ccc(-n3c4ccccc4c4ccccc43)cc1)c1cc(C(C)(C)C)ccc1-2,2,0,2D-0A,761.025,14.838899999999967
trimesitylboron,Cc1cc(C)c(B(c2c(C)cc(C)cc2C)c2c(C)cc(C)cc2C)c(C)c1,0,0,Unknown,368.3730000000001,4.978580000000005
CMP,c1ccc(C(c2ccccc2)(c2ccccc2)c2ccccc2)cc1,0,0,Unknown,320.435,6.0693000000000055
CH3OH–CHCl3,O=P(c1ccccc1)(c1ccccc1)c1cccc(-c2ccc3ccc4cccc5ccc2c3c45)c1,0,0,Unknown,478.53100000000023,7.890400000000005
s-triazine,CC(C)(C)c1ccc2c(c1)c1cc(C(C)(C)C)ccc1n2-c1ccc([Si](c2ccccc2)(c2ccccc2)c2ccc(B(O)O)cc2)cc1,1,0,1D-0A,657.7390000000003,6.435900000000011
[BMIM][PF6],CCCCCCC1(CCCCCC)c2ccccc2-c2ccc(Br)cc21,0,0,Unknown,413.4430000000001,8.656400000000003
1SBFN,c1ccc2c(c1)-c1ccccc1C21c2ccccc2-c2ccc(-c3cccc4ccccc34)cc21,0,0,Unknown,442.56100000000015,8.8503
2SBFN,c1ccc2c(c1)-c1ccccc1C21c2ccccc2-c2ccc(-c3ccc4ccccc4c3)cc21,0,0,Unknown,442.56100000000015,8.8503
F2PA,CC1(C)c2ccccc2-c2ccc(N(c3ccccc3)c3ccc4c(c3)C(C)(C)c3ccccc3-4)cc21,1,0,1D-0A,477.65100000000024,9.768999999999995
TSBFB,c1ccc2c(c1)-c1ccccc1C21c2ccccc2-c2ccc(-c3cc(-c4ccc5c(c4)C4(c6ccccc6-c6ccccc64)c4ccccc4-5)cc(-c4ccc5c(c4)C4(c6ccccc6-c6ccccc64)c4ccccc4-5)c3)cc21,0,0,Unknown,1021.275,19.718100000000007
DPPP,c1ccc(-c2cc(-c3ccccc3)cc(-c3ccccc3-c3ccc4ccc5c(-c6ccccc6-c6cc(-c7ccccc7)cc(-c7ccccc7)c6)ccc6ccc3c4c65)c2)cc1,0,0,Unknown,811.0400000000002,17.919999999999987
TPA-NZP,c1ccc(-c2c3ccccc3c(-c3ccc(N(c4ccccc4)c4ccccc4)cc3)c3nsnc23)cc1,1,0,1D-0A,505.64600000000013,9.648299999999994
mTPA-PPI,c1ccc(N(c2ccccc2)c2ccc(-c3cccc(-c4nc5c6ccccc6c6ccccc6c5n4-c4ccccc4)c3)cc2)cc1,1,0,1D-0A,613.7640000000004,12.135699999999977
BSBFB,c1cc(-c2ccc3c(c2)C2(c4ccccc4-c4ccccc42)c2ccccc2-3)cc(-c2ccc3c(c2)C2(c4ccccc4-c4ccccc42)c2ccccc2-3)c1,0,0,Unknown,706.8880000000001,13.707599999999974
BN-DBC-Ph2,C1=CB2C(=C3C(=C4C=C(c5ccccc5)C=CN4c4ccc(-c5ccccc5)cc43)c3ccccc32)C=C1,0,0,Unknown,481.4070000000002,7.869200000000007
TCbTrz,c1ccc(-c2nc(-c3ccccc3)nc(-c3cc(-n4c5ccccc5c5ncccc54)c(-n4c5ccccc5c5ncccc54)c(-n4c5ccccc5c5ncccc54)c3)n2)cc1,0,1,0D-1A,807.9209999999999,12.348899999999976
Xm-mCP,O=c1c2ccccc2oc2ccc(-c3cc(-n4c5ccccc5c5ccccc54)cc(-n4c5ccccc5c5ccccc54)c3)cc12,2,0,2D-0A,602.6930000000002,10.807399999999987
Xp-mCP,CC1(C)OB(c2cc(-n3c4ccccc4c4ccccc43)cc(-n3c4ccccc4c4ccccc43)c2)OC1(C)C,2,0,2D-0A,534.4680000000002,8.180000000000007
ethylacetate,O=S(=O)(c1ccc(N2c3ccccc3C=Cc3ccccc32)cc1)c1ccc(N2c3ccccc3C=Cc3ccccc32)cc1,2,0,2D-0A,600.7430000000003,10.426599999999992
3DMACIPN,CC1(C)c2ccccc2N(c2c(F)c(N3c4ccccc4C(C)(C)c4ccccc43)c(C#N)c(N3c4ccccc4C(C)(C)c4ccccc43)c2C#N)c2ccccc21,3,4,Multi-D/A,767.9519999999999,13.89635999999997
ICZ,CCCCCc1c2[nH]c3ccccc3c2cc2[nH]c3ccccc3c12,2,0,2D-0A,326.4430000000001,6.688300000000005
BDAVBi,C(=Cc1ccc(N(c2ccccc2)c2ccccc2)cc1)c1ccc(-c2ccc(C=Cc3ccc(N(c4ccccc4)c4ccccc4)cc3)cc2)cc1,2,0,2D-0A,692.9060000000003,14.633999999999968
DPVBi,C(=C(c1ccccc1)c1ccccc1)c1ccc(-c2ccc(C=C(c3ccccc3)c3ccccc3)cc2)cc1,0,0,Unknown,510.6800000000002,10.531399999999993
CBTD2,CC(C)(C)c1ccc2c(c1)c1cc(C(C)(C)C)ccc1n2-c1ccc(-c2ccc(-c3ccc(-n4c5ccc(C(C)(C)C)cc5c5cc(C(C)(C)C)ccc54)cc3)c3nsnc23)cc1,2,0,2D-0A,843.1969999999998,16.409499999999966
MeOCzPCN,COc1ccc2c(c1)c1cc(OC)ccc1n2-c1ncnc(-n2c3ccc(OC)cc3c3cc(OC)ccc32)c1C#N,2,2,2D-2A,555.5940000000002,6.576880000000005
Na-DMAC,CC1(C)c2ccccc2N(c2ccc(-c3c(C#N)c(-c4cccc5ccccc45)nc(-c4cccc5ccccc45)c3C#N)cc2)c2ccccc21,1,2,A-D-A,664.812,12.241459999999979
3Py-DMAC,CC1(C)c2ccccc2N(c2ccc(-c3c(C#N)c(-c4cccnc4)nc(-c4cccnc4)c3C#N)cc2)c2ccccc21,1,2,A-D-A,566.6680000000001,8.725060000000003
6tBPA,CC(C)(C)c1ccc(N(c2ccc(C(C)(C)C)cc2)c2c3ccc(C(C)(C)C)cc3c(N(c3ccc(C(C)(C)C)cc3)c3ccc(C(C)(C)C)cc3)c3ccc(C(C)(C)C)cc23)cc1,2,0,2D-0A,849.304,18.717599999999987
C-O,COc1ccc2c(c1)c1ccccc1n2-c1cc2c(cc1-n1c3ccccc3c3ccccc31)Cc1ccccc1O2,2,0,2D-0A,542.6380000000003,9.585899999999995
IDFL-2DPA,CC1(C)c2ccccc2-c2c1cc1c3cc(N(c4ccccc4)c4ccccc4)ccc3n3c4ccc(N(c5ccccc5)c5ccccc5)cc4c2c13,4,0,Multi-D/A,691.8780000000002,14.082599999999974
ACRF,N#Cc1ccc2c(c1)C1(c3cc(C#N)ccc3-2)c2ccccc2N(c2ccccc2)c2ccccc21,1,4,Multi-D/A,457.5360000000001,7.576260000000006
TPSi-F,c1ccc(C2(c3ccc([Si](c4ccccc4)(c4ccccc4)c4ccccc4)cc3)c3ccccc3-c3ccccc32)cc1,0,0,Unknown,576.8150000000002,7.427100000000007
PAB,c1ccc(N(c2ccccc2)c2cc3c4c(c2)N(c2ccccc2)c2ccccc2B4c2ccccc2N3c2ccccc2)cc1,3,0,Multi-D/A,587.5350000000002,9.238999999999999
2tPAB,CC(C)(C)c1ccc(N2c3ccc(C(C)(C)C)cc3B3c4cc(C(C)(C)C)ccc4N(c4ccc(C(C)(C)C)cc4)c4cc(N(c5ccccc5)c5ccccc5)cc2c43)cc1,3,0,Multi-D/A,811.9670000000001,14.428999999999968
pDTPA-DTPZ,c1ccc(N(c2ccccc2)c2ccc(-c3ccc(-c4ccc(N(c5ccccc5)c5ccccc5)cc4)c4nc5c(nc34)c3sccc3c3ccsc35)cc2)cc1,2,2,2D-2A,779.0059999999999,15.485999999999972
oDTPA-DTPZ,c1ccc(N(c2ccccc2)c2ccc(-c3cc4nc5c(nc4cc3-c3ccc(N(c4ccccc4)c4ccccc4)cc3)c3sccc3c3ccsc35)cc2)cc1,2,2,2D-2A,779.0060000000002,15.485999999999974
oTPAPO-DTPZ,O=P(c1ccccc1)(c1ccccc1)c1cc2nc3c(nc2cc1-c1ccc(N(c2ccccc2)c2ccccc2)cc1)c1sccc1c1ccsc13,1,2,A-D-A,735.8740000000001,11.988599999999982
BPZPP,c1ccc(-c2cc3nc4c5ccc(N6c7ccccc7Oc7ccccc76)nc5c5nc(N6c7ccccc7Oc7ccccc76)ccc5c4nc3cc2-c2ccccc2)cc1,2,2,2D-2A,796.89,14.364399999999975
BIPOCz,c1ccc(-c2nc(-c3ccc(OCCCCc4cccc5c4[nH]c4ccccc45)cc3)n(-c3ccccc3)c2-c2ccccc2)cc1,1,0,1D-0A,609.7730000000001,10.90949999999999
tDPAC-BN,CC(C)(C)c1ccc(N2c3ccc(C(C)(C)C)cc3B3c4cc(C(C)(C)C)ccc4N(c4ccc(C(C)(C)C)cc4)c4cc(N5c6ccccc6C(c6ccccc6)(c6ccccc6)c6ccccc65)cc2c43)cc1,3,0,Multi-D/A,976.174,17.12509999999997
tDMAC-BN,CC(C)(C)c1ccc(N(c2ccc(C(C)(C)C)cc2)c2cc3c4c(c2)N2c5ccccc5C(C)(C)c5cccc(c52)B4c2cc(C(C)(C)C)ccc2N3c2ccc(C(C)(C)C)cc2)cc1,3,0,Multi-D/A,852.0319999999998,15.068299999999965
2ICz-OXD,c1ccc(-n2c3ccccc3c3c2ccc2c4ccccc4n(-c4ccc(-c5nnc(-c6ccc(-n7c8ccccc8c8ccc9c(c%10ccccc%10n9-c9ccccc9)c87)cc6)o5)cc4)c23)cc1,4,0,Multi-D/A,883.027,15.791999999999968
SIR-B,Cc1ccc2c(c1)C1(c3ccc(-c4ccccc4)cc3C(=O)c3ccc(-c4ccccc4)cc31)c1cc(C)ccc1N2c1ccc(C(C)(C)C)cc1,1,0,1D-0A,671.884,12.645239999999978
SIR-C,Cc1ccc2c(c1)C1(c3ccc(-c4ccccc4-c4ccccc4)cc3C(=O)c3ccc(-c4ccccc4-c4ccccc4)cc31)c1cc(C)ccc1N2c1ccc(C(C)(C)C)cc1,1,0,1D-0A,824.0799999999999,15.979239999999965
SIR-A,Cc1ccc2c(c1)C1(c3ccccc3C(=O)c3ccccc31)c1cc(C)ccc1N2c1ccc(C(C)(C)C)cc1,1,0,1D-0A,519.6880000000003,9.31124
TRZ3DPA,c1ccc(N(c2ccccc2)c2ccc(-c3nc(-c4ccc(N(c5ccccc5)c5ccccc5)cc4)nc(-c4ccc(N(c5ccccc5)c5ccccc5)cc4)n3)cc2)cc1,3,1,Multi-D/A,811.005,15.281999999999965
BO3N,Nc1ccc2c(c1)Oc1cc(N)cc3c1B2c1ccc(Nc2cccc4cc5ccc6cc7cc8ccccc8cc7cc6c5cc24)cc1O3,0,0,Unknown,641.5390000000001,9.088199999999997
BPPyA,Cc1ccc(C)c(N(c2ccc3ccc4c(N(c5cc(C)ccc5C)c5cccc6c5oc5ccccc56)ccc5ccc2c3c54)c2cccc3c2oc2ccccc23)c1,2,0,2D-0A,772.9480000000001,16.556079999999977
SiCN2Cz,N#Cc1cc(-c2nc(-n3c4ccccc4c4ccccc43)nc(-n3c4ccccc4c4ccccc43)n2)cc([Si](c2ccccc2)(c2ccccc2)c2ccccc2)c1,2,3,Multi-D/A,770.9720000000002,8.981880000000006
PhPC,c1ccc(-c2c3ccccc3c(-c3ccc(-n4c5ccccc5c5ccccc54)cc3)c3ccccc23)cc1,1,0,1D-0A,495.62500000000017,10.424099999999989
1MOBI,COc1cc(/C=C/c2ccc(-n3cnc4ccccc43)cc2)c(OC)cc1/C=C/c1ccc(-n2cnc3ccccc32)cc1,0,0,Unknown,574.6840000000003,8.722400000000002
3BrBI,Brc1cc(/C=C/c2ccc(-n3cnc4ccccc43)cc2)c(Br)cc1/C=C/c1ccc(-n2cnc3ccccc32)cc1,0,0,Unknown,672.424,10.230199999999991
DMBFTX,CC1(C)c2ccccc2-c2cccc(-c3ccc4sc5ccc(-c6cccc7c6C(C)(C)c6ccccc6-7)cc5c(=O)c4c3)c21,0,0,Unknown,596.7950000000002,11.361299999999984
SBF-AnCN,N#Cc1ccc(-c2c3ccccc3c(-c3ccc4c(c3)C3(c5ccccc5-c5ccccc53)c3ccccc3-4)c3ccccc23)cc1,0,2,0D-2A,593.7290000000003,11.542179999999984
DMF-AnCN,CC1(C)c2ccccc2-c2ccc(-c3c4ccccc4c(-c4ccc(C#N)cc4)c4ccccc34)cc21,0,2,0D-2A,471.60300000000024,9.504979999999996
DPF-AnCN,N#Cc1ccc(-c2c3ccccc3c(-c3ccc4c(c3)C(c3ccccc3)(c3ccccc3)c3ccccc3-4)c3ccccc23)cc1,0,2,0D-2A,595.7450000000002,11.561779999999985
DPA,c1ccc(-c2c3ccccc3c(-c3ccccc3)c3ccccc23)cc1,0,0,Unknown,330.43,7.327000000000004
TPA–DAP–TPA,c1ccc(N(c2ccccc2)c2ccc(-c3c4ccccc4c(-c4ccc5ccc6c(-c7c8ccccc8c(-c8ccc(N(c9ccccc9)c9ccccc9)cc8)c8ccccc78)ccc7ccc4c5c76)c4ccccc34)cc2)cc1,2,0,2D-0A,1041.3100000000002,22.804400000000044
AcDbp,CC1(C)c2ccccc2N(c2ccc3c4ccc(N5c6ccccc6C(C)(C)c6ccccc65)cc4c4nc5ccccc5nc4c3c2)c2ccccc21,2,2,2D-2A,694.8820000000001,13.307599999999972
4-Ac,CC(C)(C)c1ccc2c(c1)C(C)(C)c1cc(C(C)(C)C)ccc1N2c1ccc(C(F)(F)F)cc1,1,0,1D-0A,465.60300000000007,9.4095
czpzpy,c1cc(-c2cccc3c2[nH]c2ccccc23)nc(-n2cccn2)c1,1,0,1D-0A,310.36,4.568800000000003
NyDPO,c1ccc2c(c1)Oc1ccccc1N2c1ccc(-c2ccc3nc(-c4ccc(N5c6ccccc6Oc6ccccc65)cc4)ccc3n2)cc1,4,0,Multi-D/A,644.7340000000002,12.11479999999998
1MPA,Cc1nc(N2c3ccccc3C(c3ccccc3)(c3ccccc3)c3ccccc32)cc(N2c3ccccc3C(c3ccccc3)(c3ccccc3)c3ccccc32)n1,0,1,0D-1A,756.9530000000001,13.116819999999976
LEt,CCc1ccccc1P(c1ccccc1CC)c1ccccc1P(c1ccccc1CC)c1ccccc1CC,0,0,Unknown,558.686,7.452600000000007
DC-TC,CC(C)(C)c1ccc2c(c1)c1cc(C(C)(C)C)ccc1n2-c1ccc(C(=O)C(=O)c2ccc(-n3c4ccc(C(C)(C)C)cc4c4cc(C(C)(C)C)ccc43)cc2)cc1,2,0,2D-0A,765.054,14.136399999999968
DC-ACR,CC1(C)c2ccccc2N(c2ccc(C(=O)C(=O)c3ccc(N4c5ccccc5C(C)(C)c5ccccc54)cc3)cc2)c2ccccc21,2,0,2D-0A,624.7840000000002,10.970399999999987
1G-F1,c1ccc(P(c2ccccc2)c2cscc2P(c2ccccc2)c2ccccc2)cc1,0,0,Unknown,452.49900000000014,5.264500000000004
P–Cu–C,c1ccc(P(c2ccccc2)c2ccccc2-c2ccccc2P(c2ccccc2)c2ccccc2)cc1,0,0,Unknown,522.5680000000002,6.870000000000008
BPCP-2CPC,N#Cc1cc(-n2c3ccccc3c3cc(-c4ccc(C5(c6ccc(-n7c8ccccc8c8ccccc87)cc6)CCCCC5)cc4)ccc32)c(-n2c3ccccc3c3cc(-c4ccc(C5(c6ccc(-n7c8ccccc8c8ccccc87)cc6)CCCCC5)cc4)ccc32)cc1C#N,4,4,Multi-D/A,1257.5979999999997,23.652760000000047
2H-Qz,c1ccc(-c2cc(-c3ccccn3)cc(-c3nc(-c4ccc(N5c6ccccc6Oc6ccccc65)cc4)c4ccccc4n3)c2)nc1,2,1,D-A-D,617.7120000000001,10.663299999999989
PPINCN-Cz,N#Cc1ccc(-n2c(-c3ccc4ccc5cccc6ccc3c4c56)nc3c4ccc(-c5ccc(-n6c7ccccc7c7ccccc76)cc5)cc4c4cc(-c5ccc(-n6c7ccccc7c7ccccc76)cc5)ccc4c32)c2ccccc12,2,2,2D-2A,1052.253,20.449380000000023
PPINCN,N#Cc1ccc(-n2c(-c3ccc4ccc5cccc6ccc3c4c56)nc3c4ccccc4c4ccccc4c32)c2ccccc12,0,2,0D-2A,569.6670000000003,10.921179999999984
BDAPM,O=C(c1ccc(N2c3ccccc3[Si](c3ccccc3)(c3ccccc3)c3ccccc32)cc1)c1ccc(N2c3ccccc3[Si](c3ccccc3)(c3ccccc3)c3ccccc32)cc1,2,0,2D-0A,877.2080000000001,9.238800000000003
12AcCz-PM,CC1(C)c2ccccc2N(c2ccc(-c3cc(-c4ccccc4)nc(-c4ccccc4)n3)cc2)c2c1ccc1c2c2ccccc2n1-c1ccccc1,2,1,D-A-D,680.855,12.683799999999977
23AcCz-PM,CC1(C)c2ccccc2N(c2ccc(-c3cc(-c4ccccc4)nc(-c4ccccc4)n3)cc2)c2cc3c(cc21)c1ccccc1n3-c1ccccc1,2,1,D-A-D,680.855,12.683799999999977
CDDPI,c1ccc2c(-n3c4ccccc4c4ccccc43)ccc(-c3nc4c5ccccc5c5ccccc5c4n3-c3ccc4c(c3)OCCO4)c2c1,1,0,1D-0A,643.7460000000001,11.020399999999983
DDBP,c1ccc(-c2nc(-c3ccc(-c4ccc(N(c5ccccc5)c5ccccc5)cc4)c4ccccc34)n(-c3ccc4c(c3)OCCO4)c2-c2ccccc2)cc1,1,0,1D-0A,723.876,12.934499999999977
CCDD,O=C(c1ccccc1)c1ccc(-n2c3ccc(N(c4ccccc4)c4ccccc4)cc3c3cc(N(c4ccccc4)c4ccccc4)ccc32)cc1,3,0,Multi-D/A,681.8390000000002,12.954299999999977
DPNC,COc1ccc(N(c2ccc(OC)cc2)c2ccc3c(c2)c2cc(N(c4ccc(OC)cc4)c4ccc(OC)cc4)ccc2n3-c2cccc3ccccc23)cc1,3,0,Multi-D/A,747.8950000000002,12.910899999999975
LiPr,CC(C)c1ccccc1P(c1ccccc1C(C)C)c1ccccc1P(c1ccccc1C(C)C)c1ccccc1C(C)C,0,0,Unknown,614.7940000000001,9.696599999999998
Spiro-CN,Cc1ccc(N(c2ccc(C)cc2)c2ccc3c(c2)C2(c4cc(C#N)ccc4-c4ccc(C#N)cc42)c2cc(N(c4ccc(C)cc4)c4ccc(C)cc4)ccc2-3)cc1,2,4,Multi-D/A,756.9530000000002,13.946739999999973
TMDBP,CC1(C)c2ccccc2Nc2c1ccc1c2C(C)(C)c2ccccc2N1,0,0,Unknown,340.46999999999997,6.452400000000005
ACRSA,O=C1c2ccccc2C2(c3ccccc31)c1ccccc1N(c1ccccc1)c1ccccc12,1,0,1D-0A,435.5260000000001,7.396900000000006
CAPI,c1ccc2c(-n3c(-c4ccc(-c5c6ccccc6c(-n6c7ccccc7c7ccccc76)c6ccccc56)cc4)nc4c5ccccc5c5ccccc5c43)cccc2c1,1,0,1D-0A,761.928,15.222599999999971
PhCzSPOTz,O=P(c1ccccc1)(c1ccccc1)c1nc(-c2ccccc2)nc(-n2c3ccccc3c3ccccc32)n1,1,1,D-A,522.5480000000001,6.2751000000000055
CCAPI,N#Cc1ccc(-n2c(-c3ccc(-c4c5ccccc5c(-n5c6ccccc6c6ccccc65)c5ccccc45)cc3)nc3c4ccccc4c4ccccc4c32)c2ccccc12,1,2,A-D-A,786.938,15.094279999999975
2CzCbPy,c1cc(-n2c3ccccc3c3ccccc32)nc(-n2c3ccc(-n4c5ccccc5c5ccccc54)cc3c3ncccc32)c1,2,0,2D-0A,575.6750000000003,9.767899999999992
CzCbPy,c1ccc(-n2c3ccc(-n4c5ccccc5c5ccccc54)cc3c3ncccc32)nc1,1,0,1D-0A,410.48000000000013,6.670800000000004
DCE,CC(C)CCC[C@@H](C)[C@H]1CC[C@H]2[C@@H]3CC=C4C[C@@H](O)CC[C@]4(C)[C@H]3CC[C@]12C,0,0,Unknown,386.6640000000002,7.388700000000009
PICFOCz,FC(F)(F)c1cccc(-n2c(-c3ccc(OCCCCn4c5ccccc5c5ccccc54)cc3)nc3c4ccccc4c4ccccc4c32)c1,1,0,1D-0A,675.7540000000001,11.984799999999979
dpmt,Cc1sc(C)c(P(c2ccccc2)c2ccccc2)c1P(c1ccccc1)c1ccccc1,0,0,Unknown,480.5530000000001,5.881340000000005
BICFOCz,FC(F)(F)c1cccc(-n2c(-c3ccc(OCCCCn4c5ccccc5c5ccccc54)cc3)nc(-c3ccccc3)c2-c2ccccc2)c1,1,0,1D-0A,677.7700000000002,11.859199999999982
19a,c1ccc2cc(-c3ccc4cc5cc(-c6ccc7ccccc7c6)ccc5cc4c3)ccc2c1,0,0,Unknown,430.5500000000001,9.633399999999993
BTPBFCz,c1ccc(-c2nc(-c3ccccc3-n3c4ccccc4c4c5oc6ccccc6c5ccc43)c3sc4ccccc4c3n2)cc1,1,1,D-A,593.7110000000002,11.174999999999983
Ph-OBNA,c1ccc(-n2c3ccccc3c3c4c5c(cc32)Oc2ccccc2B5c2ccccc2O4)cc1,1,0,1D-0A,435.2910000000001,5.511300000000006
HPVAnt,CCCCCCc1ccc(C=Cc2ccc3cc4ccccc4cc3c2)cc1,0,0,Unknown,364.5320000000001,8.286200000000004
BTPBFCz-D3,c1ccc(-c2nc(-c3ccc(-n4c5ccccc5c5ccc6c(c7ccccc7n6-c6ccccc6)c54)cc3-n3c4ccccc4c4c5oc6ccccc6c5ccc43)c3sc4ccccc4c3n2)cc1,3,1,Multi-D/A,924.1009999999999,17.369199999999992
ICBNTrz4,CC1(C)c2ccccc2-c2cc3c4ccccc4n(-c4ccc(-c5nc(-c6ccccc6)nc(-c6ccccc6)n5)cc4C#N)c3cc21,1,3,Multi-D/A,615.74,10.147679999999992
1PCTRz,c1ccc(-c2nc(-c3ccccc3)nc(-c3ccc(-n4c5ccccc5c5cc(-n6c7ccccc7c7ccccc76)ccc54)c(-c4ccccc4)c3)n2)cc1,2,1,D-A-D,715.8600000000001,12.733799999999974
DMACN-B,Cc1cc(C)c(N(c2ccc3c(c2)C(c2ccccc2)(c2ccccc2)c2cccc4c2N3c2ccccc2C4(C)C)c2c(C)cc(C)cc2C)c(C)c1,2,0,2D-0A,700.9699999999999,13.812119999999974
CzSO-1CO,CC1(OCOC(=O)c2ccccc2)CC=Cc2c1c1ccccc1n2-c1ccc(S(=O)(=O)c2ccccc2)cc1,0,0,Unknown,549.6480000000003,6.926500000000007
PPO21,O=P(c1ccccc1)(c1ccccc1)c1ccc(-n2c3ccccc3c3cc(P(=O)(c4ccccc4)c4ccccc4)ccc32)cc1,1,0,1D-0A,643.6630000000001,8.062500000000009
OXD-7,CC(C)(C)c1ccc(-c2nnc(-c3cccc(-c4nnc(-c5ccc(C(C)(C)C)cc5)o4)c3)o2)cc1,0,0,Unknown,478.59600000000023,7.715600000000007
TCZ1,CCCCC(CC)Cn1c2ccc(-n3c4ccccc4c4ccccc43)cc2c2cc(-n3c4ccccc4c4ccccc43)ccc21,3,0,Multi-D/A,609.8170000000002,12.205099999999979
APPT,c1cc2c3c(cccc3c1)-c1nc3c4cccnc4c4ncccc4c3nc1-2,0,1,0D-1A,356.38800000000003,5.526800000000003
ANQDC,N#Cc1cc2nc3c(nc2cc1C#N)-c1cccc2cccc-3c12,0,5,Multi-D/A,304.31200000000007,4.1737600000000015
ECDPTT,CCn1c2ccccc2c2cc(C(=C(c3ccccc3)c3ccccc3)c3ccc(-c4ccc5c(c4)S(=O)(=O)c4ccccc4S5(=O)=O)cc3)ccc21,1,0,1D-0A,727.9070000000002,10.467799999999993
1CM,CCCCCCCCn1c2ccccc2c2cc(Nc3nc(OC)nc(OC)n3)ccc21,1,1,D-A,433.55600000000027,6.100800000000006
NPE-AcDPS,CC(c1ccccc1)N1c2cc(N3c4ccccc4C(C)(C)c4ccccc43)ccc2S(=O)(=O)c2ccc(N3c4ccccc4C(C)(C)c4ccccc43)cc21,3,0,Multi-D/A,749.98,12.950299999999977
DMAC-Cz,CC1(C)c2ccccc2N(c2ccc3[nH]c4ccc(N5c6ccccc6C(C)(C)c6ccccc65)cc4c3c2)c2ccccc21,3,0,Multi-D/A,581.7630000000003,11.539299999999985
VBC-PTZ,CCN(CC)c1ccc2c(c1)oc(=O)c1c(=O)oc3cc(N4c5ccccc5Sc5ccccc54)ccc3c12,2,0,2D-0A,532.6210000000001,7.833200000000004
t-BuPCz,CC(C)(C)c1ccc(-c2ccc3[nH]c4ccc(-c5ccc(C(C)(C)C)cc5)cc4c3c2)cc1,1,0,1D-0A,431.6230000000002,9.250099999999998
4BPy-mDTC,CC(C)(C)c1ccc2c(c1)c1cc(C(C)(C)C)ccc1n2-c1cc(C(=O)c2ccncc2)cc(-n2c3ccc(C(C)(C)C)cc3c3cc(C(C)(C)C)ccc32)c1,2,0,2D-0A,738.0319999999999,13.69679999999997
DC–TC,Cc1ccc(N(c2ccc(C)cc2)c2ccc(C3(c4ccc(N(c5ccc(C)cc5)c5ccc(C)cc5)cc4)CCCCC3)cc2)cc1,2,0,2D-0A,626.8879999999999,13.110079999999977
DFDBQPXZ,Fc1cc2nc(-c3ccc(N4c5ccccc5Oc5ccccc54)cc3)c(-c3ccc(N4c5ccccc5Oc5ccccc54)cc3)nc2cc1F,4,1,Multi-D/A,680.7140000000002,12.392999999999981
DPE,C(#Cc1ccc(N2c3ccccc3Oc3ccccc32)cc1)c1ccc(N2c3ccccc3Oc3ccccc32)cc1,4,0,Multi-D/A,540.6220000000003,10.23739999999999
CBZ,CCCCCCOc1ccc2c3ccc(OCCCCCC)cc3n(-c3ccnc(-c4ccc(F)c(C#N)c4F)c3)c2c1,1,2,A-D-A,581.7070000000002,9.913779999999996
tBuCz2,CC(C)(C)c1ccc2c(c1)c1cc(C(C)(C)C)ccc1n2-c1ccc2[nH]c3ccc(-n4c5ccc(C(C)(C)C)cc5c5cc(C(C)(C)C)ccc54)cc3c2c1,3,0,Multi-D/A,722.0329999999999,14.705299999999964
26DCzPPy,c1cc(-c2cccc(-c3cccc(-n4c5ccccc5c5ccccc54)c3)n2)cc(-n2c3ccccc3c3ccccc32)c1,2,0,2D-0A,561.6880000000002,10.609799999999987
mCBP,c1cc(-c2cccc(-n3c4ccccc4c4ccccc43)c2)cc(-n2c3ccccc3c3ccccc32)c1,2,0,2D-0A,484.6020000000002,9.547799999999995
benzoxazole,Cc1sc2ccccc2c1C1=C(c2c(C)sc3ccccc23)C(F)(F)C(F)(F)C1(F)F,0,0,Unknown,468.48699999999997,8.563140000000002
dbG2TAZ,c1ccc2c(c1)ccc1[nH]c3ccc4ccccc4c3c12,1,0,1D-0A,267.331,5.627500000000003
V–TPA,C=Cc1ccc(COc2cccc3c2c2ccccc2n3-c2ccc(N(c3ccc(-n4c5ccccc5c5ccccc54)cc3)c3ccc(-n4c5ccccc5c5ccccc54)cc3)cc2)cc1,4,0,Multi-D/A,873.0720000000001,16.669699999999974
CCDC,O=C(c1ccccc1)c1ccc(-n2c3ccc(-n4c5ccccc5c5ccccc54)cc3c3cc(-n4c5ccccc5c5ccccc54)ccc32)cc1,3,0,Multi-D/A,677.8070000000001,12.208899999999979
PXZPDO,O=C(C=C(O)c1ccc(N2c3ccccc3Oc3ccccc32)cc1)c1ccc(N2c3ccccc3Oc3ccccc32)cc1,4,0,Multi-D/A,586.6470000000003,10.619399999999988
DMAC-BP,CC1(C)c2ccccc2N(c2ccc(C(=O)c3ccc(N4c5ccccc5C(C)(C)c5ccccc54)cc3)cc2)c2ccccc21,2,0,2D-0A,596.7740000000002,11.135799999999987
SBTF,c1ccc2c(c1)-c1ccccc1C21c2c(ccc3cc(-c4ccc5ccccc5c4)ccc23)-c2ccc(-c3cc4ccccc4c4ccccc34)c3cccc1c23,0,0,Unknown,718.8990000000001,15.130099999999974
3-DPM,N#CC(C#N)=C(c1cccc(N(c2ccccc2)c2ccccc2)c1)c1cccc(N(c2ccccc2)c2ccccc2)c1,2,2,2D-2A,564.6920000000002,10.47525999999999
4-DPM,N#CC(C#N)=C(c1ccc(N(c2ccccc2)c2ccccc2)cc1)c1ccc(N(c2ccccc2)c2ccccc2)cc1,2,2,2D-2A,564.6920000000002,10.47525999999999
2CzPy,c1ccc(-c2ccc(-n3c4ccccc4c4ccccc43)cc2-n2c3ccccc3c3ccccc32)nc1,2,0,2D-0A,485.5900000000002,8.942799999999998
2PBCzPy,c1ccc(-n2c3ccccc3c3cc(-c4ccc5c(c4)c4ccccc4n5-c4ccc(-c5ccccn5)c(-n5c6ccccc6c6cc(-c7ccc8c(c7)c7ccccc7n8-c7ccccc7)ccc65)c4)ccc32)cc1,4,0,Multi-D/A,968.1759999999999,18.470999999999997
2BFCzPy,c1ccc(-c2ccc(-n3c4ccccc4c4c5oc6ccccc6c5ccc43)cc2-n2c3ccccc3c3c4oc5ccccc5c4ccc32)nc1,2,0,2D-0A,665.7520000000001,12.741599999999977
CNTPA-CZ,N#Cc1ccc(N(c2ccccc2)c2cc(-n3c4ccccc4c4ccccc43)cc(-n3c4ccccc4c4ccccc43)c2)cc1,3,2,Multi-D/A,600.7250000000003,11.222279999999984
CNTPA-PXZ,N#Cc1ccc(N(c2ccccc2)c2cc(N3c4ccccc4Oc4ccccc43)cc(N3c4ccccc4Oc4ccccc43)c2)cc1,5,2,Multi-D/A,632.7230000000002,12.179079999999981
BMZ-TZ,c1cc(-c2nc3ccccc3[nH]2)cc(-c2nnnc(-c3cccc(-c4nc5ccccc5[nH]4)c3)c2-c2cccc(-c3nc4ccccc4[nH]3)c2)c1,0,0,Unknown,657.7410000000001,9.502499999999998
TPAPm,N#Cc1c(-c2ccc(N(c3ccccc3)c3ccccc3)cc2)ncnc1-c1ccc(N(c2ccccc2)c2ccccc2)cc1,2,2,2D-2A,591.7180000000003,10.62187999999999
CzPm,N#Cc1c(-c2ccc(-n3c4ccccc4c4ccccc43)cc2)ncnc1-c1ccc(-n2c3ccccc3c3ccccc32)cc1,2,2,2D-2A,587.6860000000003,9.876479999999992
TCPZ,C1=C(c2cccc(-n3c4ccccc4c4ccccc43)c2)NN(c2cccc(-n3c4ccccc4c4ccccc43)c2)N=C1c1cccc(-n2c3ccccc3c3ccccc32)c1,3,0,Multi-D/A,806.973,13.747899999999973
TrisCz-Trz,c1ccc(-n2c3ccccc3c3ccccc32)c(-c2nc(-c3ccccc3-n3c4ccccc4c4ccccc43)nc(-c3ccccc3-n3c4ccccc4c4ccccc43)n2)c1,3,1,Multi-D/A,804.9569999999999,14.163899999999973
PTZ–TAZ,c1ccc2c(c1)Oc1ccccc1N2c1ccc(-c2nnc(-c3ccc(N4c5ccccc5Oc5ccccc54)cc3)o2)cc1,4,0,Multi-D/A,584.6350000000002,10.554599999999988
DDMA-TXO2,CC1(C)c2ccccc2N(c2ccc3c(c2)C(C)(C)c2cc(N4c5ccccc5C(C)(C)c5ccccc54)ccc2S3(=O)=O)c2ccccc21,2,0,2D-0A,672.8940000000002,11.376899999999988
UGH3,c1ccc([Si](c2ccccc2)(c2ccccc2)c2cccc([Si](c3ccccc3)(c3ccccc3)c3ccccc3)c2)cc1,0,0,Unknown,594.9060000000003,4.441400000000003
