Molecule,Environment,Transition,Method,Overlap_1_2,Status
11-AcBPdCN,gas,S0S1,stda,-0.0000000757,Success
11-AcBPdCN,gas,S0S1,stddft,0.0000000578,Success
11-AcBPdCN,gas,S0T1,stda,-0.0000000226,Success
11-AcBPdCN,gas,S0T1,stddft,-0.0000000508,Success
11-AcBPdCN,toluene,S0S1,stda,-0.0000000839,Success
11-AcBPdCN,toluene,S0S1,stddft,-0.0000000750,Success
11-AcBPdCN,toluene,S0T1,stda,-0.0000000224,Success
11-AcBPdCN,toluene,S0T1,stddft,0.0000001063,Success
12AcCz-PM,gas,S0S1,stda,0.0000000032,Success
12AcCz-PM,gas,S0S1,stddft,-0.0000000294,Success
12AcCz-PM,gas,S0T1,stda,0.0000000328,Success
12AcCz-PM,gas,S0T1,stddft,-0.0000000322,Success
12AcCz-PM,toluene,S0S1,stda,-0.0000000202,Success
12AcCz-PM,toluene,S0S1,stddft,-0.0000000045,Success
12AcCz-PM,toluene,S0T1,stda,-0.0000000119,Success
12AcCz-PM,toluene,S0T1,stddft,-0.0000000449,Success
12BTCzTPN,gas,S0S1,stda,-0.0000000149,Success
12BTCzTPN,gas,S0S1,stddft,-0.0000000194,Success
12BTCzTPN,gas,S0T1,stda,-0.0000000502,Success
12BTCzTPN,gas,S0T1,stddft,0.0000000377,Success
12BTCzTPN,toluene,S0S1,stda,0.0000000307,Success
12BTCzTPN,toluene,S0S1,stddft,0.0000000382,Success
12BTCzTPN,toluene,S0T1,stda,0.0000000431,Success
12BTCzTPN,toluene,S0T1,stddft,-0.0000000321,Success
19a,gas,S0S1,stda,0.0000000014,Success
19a,gas,S0S1,stddft,0.0000000509,Success
19a,gas,S0T1,stda,0.0000000394,Success
19a,gas,S0T1,stddft,-0.0000000078,Success
19a,toluene,S0S1,stda,0.0000000308,Success
19a,toluene,S0S1,stddft,0.0000000301,Success
19a,toluene,S0T1,stda,-0.0000000034,Success
19a,toluene,S0T1,stddft,0.0000000744,Success
1CM,gas,S0S1,stda,0.0000000645,Success
1CM,gas,S0S1,stddft,0.0000000177,Success
1CM,gas,S0T1,stda,0.0000000433,Success
1CM,gas,S0T1,stddft,-0.0000000040,Success
1CM,toluene,S0S1,stda,-0.0000000219,Success
1CM,toluene,S0S1,stddft,-0.0000000966,Success
1CM,toluene,S0T1,stda,0.0000000984,Success
1CM,toluene,S0T1,stddft,-0.0000000081,Success
1CzSO,gas,S0S1,stda,0.0000000361,Success
1CzSO,gas,S0S1,stddft,0.0000000502,Success
1CzSO,gas,S0T1,stda,0.0000000271,Success
1CzSO,gas,S0T1,stddft,-0.0000000495,Success
1CzSO,toluene,S0S1,stda,0.0000000599,Success
1CzSO,toluene,S0S1,stddft,-0.0000000614,Success
1CzSO,toluene,S0T1,stda,0.0000001525,Success
1CzSO,toluene,S0T1,stddft,-0.0000000006,Success
1G-F1,gas,S0S1,stda,0.0000000827,Success
1G-F1,gas,S0S1,stddft,0.0000000275,Success
1G-F1,gas,S0T1,stda,0.0000001332,Success
1G-F1,gas,S0T1,stddft,-0.0000000020,Success
1G-F1,toluene,S0S1,stda,-0.0000000981,Success
1G-F1,toluene,S0S1,stddft,-0.0000000152,Success
1G-F1,toluene,S0T1,stda,0.0000000045,Success
1G-F1,toluene,S0T1,stddft,0.0000000657,Success
1MOBI,gas,S0S1,stda,0.0000000412,Success
1MOBI,gas,S0S1,stddft,-0.0000000555,Success
1MOBI,gas,S0T1,stda,0.0000000038,Success
1MOBI,gas,S0T1,stddft,0.0000000704,Success
1MOBI,toluene,S0S1,stda,-0.0000000615,Success
1MOBI,toluene,S0S1,stddft,0.0000000927,Success
1MOBI,toluene,S0T1,stda,-0.0000000911,Success
1MOBI,toluene,S0T1,stddft,0.0000000881,Success
1MPA,gas,S0S1,stda,0.0000000511,Success
1MPA,gas,S0S1,stddft,-0.0000000239,Success
1MPA,gas,S0T1,stda,0.0000000058,Success
1MPA,gas,S0T1,stddft,-0.0000000892,Success
1MPA,toluene,S0S1,stda,0.0000000540,Success
1MPA,toluene,S0S1,stddft,-0.0000000228,Success
1MPA,toluene,S0T1,stda,0.0000000004,Success
1MPA,toluene,S0T1,stddft,-0.0000000969,Success
1PCTRz,gas,S0S1,stda,-0.0000000390,Success
1PCTRz,gas,S0S1,stddft,0.0000000293,Success
1PCTRz,gas,S0T1,stda,0.0000000145,Success
1PCTRz,gas,S0T1,stddft,0.0000000387,Success
1PCTRz,toluene,S0S1,stda,0.0000000050,Success
1PCTRz,toluene,S0S1,stddft,0.0000000003,Success
1PCTRz,toluene,S0T1,stda,0.0000000936,Success
1PCTRz,toluene,S0T1,stddft,-0.0000000824,Success
1PXZ-BP,gas,S0S1,stda,-0.0000000000,Success
1PXZ-BP,gas,S0S1,stddft,-0.0000000305,Success
1PXZ-BP,gas,S0T1,stda,-0.0000001070,Success
1PXZ-BP,gas,S0T1,stddft,0.0000000365,Success
1PXZ-BP,toluene,S0S1,stda,0.0000000209,Success
1PXZ-BP,toluene,S0S1,stddft,-0.0000000151,Success
1PXZ-BP,toluene,S0T1,stda,0.0000000483,Success
1PXZ-BP,toluene,S0T1,stddft,0.0000000417,Success
1PXZP,gas,S0S1,stda,-0.0000000013,Success
1PXZP,gas,S0S1,stddft,-0.0000000225,Success
1PXZP,gas,S0T1,stda,0.0000000719,Success
1PXZP,gas,S0T1,stddft,0.0000000172,Success
1PXZP,toluene,S0S1,stda,0.0000000243,Success
1PXZP,toluene,S0S1,stddft,-0.0000000198,Success
1PXZP,toluene,S0T1,stda,-0.0000000171,Success
1PXZP,toluene,S0T1,stddft,0.0000000140,Success
1SBFN,gas,S0S1,stda,-0.0000000807,Success
1SBFN,gas,S0S1,stddft,0.0000000322,Success
1SBFN,gas,S0T1,stda,-0.0000000053,Success
1SBFN,gas,S0T1,stddft,0.0000000361,Success
1SBFN,toluene,S0S1,stda,-0.0000000954,Success
1SBFN,toluene,S0S1,stddft,0.0000000597,Success
1SBFN,toluene,S0T1,stda,-0.0000000166,Success
1SBFN,toluene,S0T1,stddft,-0.0000000950,Success
[2,1-b]IF,gas,S0S1,stda,0.0000000643,Success
[2,1-b]IF,gas,S0S1,stddft,-0.0000000236,Success
[2,1-b]IF,gas,S0T1,stda,0.0000000513,Success
[2,1-b]IF,gas,S0T1,stddft,-0.0000000198,Success
[2,1-b]IF,toluene,S0S1,stda,-0.0000001024,Success
[2,1-b]IF,toluene,S0S1,stddft,-0.0000001229,Success
[2,1-b]IF,toluene,S0T1,stda,0.0000000481,Success
[2,1-b]IF,toluene,S0T1,stddft,-0.0000000380,Success
23AcCz-PM,gas,S0S1,stda,0.0000000198,Success
23AcCz-PM,gas,S0S1,stddft,-0.0000000292,Success
23AcCz-PM,gas,S0T1,stda,-0.0000000196,Success
23AcCz-PM,gas,S0T1,stddft,-0.0000000461,Success
23AcCz-PM,toluene,S0S1,stda,0.0000000051,Success
23AcCz-PM,toluene,S0S1,stddft,-0.0000000061,Success
23AcCz-PM,toluene,S0T1,stda,0.0000000906,Success
23AcCz-PM,toluene,S0T1,stddft,-0.0000000523,Success
2,4,6-CzPyCl2,gas,S0S1,stda,0.0000000979,Success
2,4,6-CzPyCl2,gas,S0S1,stddft,0.0000000071,Success
2,4,6-CzPyCl2,gas,S0T1,stda,0.0000000767,Success
2,4,6-CzPyCl2,gas,S0T1,stddft,-0.0000000458,Success
2,4,6-CzPyCl2,toluene,S0S1,stda,0.0000000345,Success
2,4,6-CzPyCl2,toluene,S0S1,stddft,0.0000000163,Success
2,4,6-CzPyCl2,toluene,S0T1,stda,0.0000000447,Success
2,4,6-CzPyCl2,toluene,S0T1,stddft,0.0000000635,Success
2,4-CzPyCl3,gas,S0S1,stda,0.0000000132,Success
2,4-CzPyCl3,gas,S0S1,stddft,0.0000000162,Success
2,4-CzPyCl3,gas,S0T1,stda,0.0000000136,Success
2,4-CzPyCl3,gas,S0T1,stddft,0.0000000061,Success
2,4-CzPyCl3,toluene,S0S1,stda,0.0000000131,Success
2,4-CzPyCl3,toluene,S0S1,stddft,-0.0000000062,Success
2,4-CzPyCl3,toluene,S0T1,stda,0.0000000794,Success
2,4-CzPyCl3,toluene,S0T1,stddft,0.0000000699,Success
24PQ-Cz,gas,S0S1,stda,-0.0000000215,Success
24PQ-Cz,gas,S0S1,stddft,-0.0000000681,Success
24PQ-Cz,gas,S0T1,stda,-0.0000000857,Success
24PQ-Cz,gas,S0T1,stddft,-0.0000000884,Success
24PQ-Cz,toluene,S0S1,stda,0.0000000085,Success
24PQ-Cz,toluene,S0S1,stddft,0.0000000679,Success
24PQ-Cz,toluene,S0T1,stda,0.0000000398,Success
24PQ-Cz,toluene,S0T1,stddft,0.0000000662,Success
25CzBPym,gas,S0S1,stda,-0.0000000200,Success
25CzBPym,gas,S0S1,stddft,-0.0000000256,Success
25CzBPym,gas,S0T1,stda,-0.0000000316,Success
25CzBPym,gas,S0T1,stddft,0.0000000096,Success
25CzBPym,toluene,S0S1,stda,0.0000000239,Success
25CzBPym,toluene,S0S1,stddft,-0.0000000097,Success
25CzBPym,toluene,S0T1,stda,0.0000000037,Success
25CzBPym,toluene,S0T1,stddft,-0.0000000402,Success
25DAcBPy,gas,S0S1,stda,0.0000000132,Success
25DAcBPy,gas,S0S1,stddft,-0.0000000229,Success
25DAcBPy,gas,S0T1,stda,0.0000000188,Success
25DAcBPy,gas,S0T1,stddft,-0.0000000151,Success
25DAcBPy,toluene,S0S1,stda,0.0000000199,Success
25DAcBPy,toluene,S0S1,stddft,-0.0000000350,Success
25DAcBPy,toluene,S0T1,stda,-0.0000000187,Success
25DAcBPy,toluene,S0T1,stddft,0.0000001160,Success
25tCzBPym,gas,S0S1,stda,0.0000000180,Success
25tCzBPym,gas,S0S1,stddft,0.0000000112,Success
25tCzBPym,gas,S0T1,stda,0.0000000118,Success
25tCzBPym,gas,S0T1,stddft,-0.0000000506,Success
25tCzBPym,toluene,S0S1,stda,-0.0000000121,Success
25tCzBPym,toluene,S0S1,stddft,0.0000000328,Success
25tCzBPym,toluene,S0T1,stda,-0.0000001112,Success
25tCzBPym,toluene,S0T1,stddft,-0.0000000174,Success
26DAcBPy,gas,S0S1,stda,0.0000000505,Success
26DAcBPy,gas,S0S1,stddft,-0.0000000093,Success
26DAcBPy,gas,S0T1,stda,0.0000000466,Success
26DAcBPy,gas,S0T1,stddft,0.0000000702,Success
26DAcBPy,toluene,S0S1,stda,-0.0000000075,Success
26DAcBPy,toluene,S0S1,stddft,0.0000000375,Success
26DAcBPy,toluene,S0T1,stda,-0.0000000670,Success
26DAcBPy,toluene,S0T1,stddft,0.0000000235,Success
26DCzPPy,gas,S0S1,stda,0.0000000814,Success
26DCzPPy,gas,S0S1,stddft,-0.0000000042,Success
26DCzPPy,gas,S0T1,stda,0.0000000347,Success
26DCzPPy,gas,S0T1,stddft,-0.0000000179,Success
26DCzPPy,toluene,S0S1,stda,-0.0000000281,Success
26DCzPPy,toluene,S0S1,stddft,0.0000000455,Success
26DCzPPy,toluene,S0T1,stda,0.0000000546,Success
26DCzPPy,toluene,S0T1,stddft,-0.0000000388,Success
26DPXZBPy,gas,S0S1,stda,0.0000000468,Success
26DPXZBPy,gas,S0S1,stddft,0.0000000122,Success
26DPXZBPy,gas,S0T1,stda,-0.0000000150,Success
26DPXZBPy,gas,S0T1,stddft,-0.0000000443,Success
26DPXZBPy,toluene,S0S1,stda,0.0000000144,Success
26DPXZBPy,toluene,S0S1,stddft,0.0000000300,Success
26DPXZBPy,toluene,S0T1,stda,-0.0000000591,Success
26DPXZBPy,toluene,S0T1,stddft,0.0000000074,Success
2,7-MeCzOXD,gas,S0S1,stda,-0.0000000032,Success
2,7-MeCzOXD,gas,S0S1,stddft,0.0000000122,Success
2,7-MeCzOXD,gas,S0T1,stda,-0.0000000219,Success
2,7-MeCzOXD,gas,S0T1,stddft,0.0000000360,Success
2,7-MeCzOXD,toluene,S0S1,stda,0.0000000336,Success
2,7-MeCzOXD,toluene,S0S1,stddft,0.0000000956,Success
2,7-MeCzOXD,toluene,S0T1,stda,-0.0000001241,Success
2,7-MeCzOXD,toluene,S0T1,stddft,0.0000000355,Success
2BFCzPy,gas,S0S1,stda,-0.0000000641,Success
2BFCzPy,gas,S0S1,stddft,-0.0000000926,Success
2BFCzPy,gas,S0T1,stda,0.0000000401,Success
2BFCzPy,gas,S0T1,stddft,0.0000000154,Success
2BFCzPy,toluene,S0S1,stda,-0.0000000800,Success
2BFCzPy,toluene,S0S1,stddft,-0.0000000297,Success
2BFCzPy,toluene,S0T1,stda,0.0000000140,Success
2BFCzPy,toluene,S0T1,stddft,-0.0000000140,Success
2BPy-mDTC,gas,S0S1,stda,0.0000000083,Success
2BPy-mDTC,gas,S0S1,stddft,-0.0000000861,Success
2BPy-mDTC,gas,S0T1,stda,0.0000000029,Success
2BPy-mDTC,gas,S0T1,stddft,0.0000000649,Success
2BPy-mDTC,toluene,S0S1,stda,-0.0000000046,Success
2BPy-mDTC,toluene,S0S1,stddft,0.0000000501,Success
2BPy-mDTC,toluene,S0T1,stda,0.0000000614,Success
2BPy-mDTC,toluene,S0T1,stddft,0.0000000390,Success
2BrCPT,gas,S0S1,stda,0.0000000402,Success
2BrCPT,gas,S0S1,stddft,0.0000000790,Success
2BrCPT,gas,S0T1,stda,0.0000000372,Success
2BrCPT,gas,S0T1,stddft,-0.0000000415,Success
2BrCPT,toluene,S0S1,stda,-0.0000000151,Success
2BrCPT,toluene,S0S1,stddft,-0.0000001238,Success
2BrCPT,toluene,S0T1,stda,-0.0000000308,Success
2BrCPT,toluene,S0T1,stddft,-0.0000000595,Success
2BTCz2CzTPN,gas,S0S1,stda,-0.0000000214,Success
2BTCz2CzTPN,gas,S0S1,stddft,0.0000000787,Success
2BTCz2CzTPN,gas,S0T1,stda,-0.0000000147,Success
2BTCz2CzTPN,gas,S0T1,stddft,-0.0000000067,Success
2BTCz2CzTPN,toluene,S0S1,stda,-0.0000000169,Success
2BTCz2CzTPN,toluene,S0S1,stddft,0.0000000075,Success
2BTCz2CzTPN,toluene,S0T1,stda,-0.0000000242,Success
2BTCz2CzTPN,toluene,S0T1,stddft,-0.0000000572,Success
2BTPA-INN,gas,S0S1,stda,-0.0000000135,Success
2BTPA-INN,gas,S0S1,stddft,-0.0000000913,Success
2BTPA-INN,gas,S0T1,stda,0.0000000774,Success
2BTPA-INN,gas,S0T1,stddft,0.0000000664,Success
2BTPA-INN,toluene,S0S1,stda,-0.0000000224,Success
2BTPA-INN,toluene,S0S1,stddft,-0.0000000092,Success
2BTPA-INN,toluene,S0T1,stda,0.0000000475,Success
2BTPA-INN,toluene,S0T1,stddft,-0.0000000532,Success
2C,gas,S0S1,stda,-0.0000000325,Success
2C,gas,S0S1,stddft,-0.0000000379,Success
2C,gas,S0T1,stda,0.0000001192,Success
2C,gas,S0T1,stddft,-0.0000000596,Success
2CM,gas,S0S1,stda,-0.0000000907,Success
2CM,gas,S0S1,stddft,0.0000000533,Success
2CM,gas,S0T1,stda,0.0000000745,Success
2CM,gas,S0T1,stddft,-0.0000000041,Success
2CM,toluene,S0S1,stda,0.0000001061,Success
2CM,toluene,S0S1,stddft,0.0000000042,Success
2CM,toluene,S0T1,stda,0.0000000783,Success
2CM,toluene,S0T1,stddft,-0.0000001085,Success
2C,toluene,S0S1,stda,-0.0000000091,Success
2C,toluene,S0S1,stddft,0.0000000328,Success
2C,toluene,S0T1,stda,-0.0000000896,Success
2C,toluene,S0T1,stddft,0.0000000533,Success
2Cz2tCzBn,gas,S0S1,stda,0.0000000118,Success
2Cz2tCzBn,gas,S0S1,stddft,-0.0000000041,Success
2Cz2tCzBn,gas,S0T1,stda,0.0000000078,Success
2Cz2tCzBn,gas,S0T1,stddft,0.0000000244,Success
2Cz2tCzBn,toluene,S0S1,stda,0.0000000028,Success
2Cz2tCzBn,toluene,S0S1,stddft,0.0000000026,Success
2Cz2tCzBn,toluene,S0T1,stda,-0.0000001066,Success
2Cz2tCzBn,toluene,S0T1,stddft,-0.0000000457,Success
2CzBN,gas,S0S1,stda,-0.0000000002,Success
2CzBN,gas,S0S1,stddft,0.0000000153,Success
2CzBN,gas,S0T1,stda,-0.0000000340,Success
2CzBN,gas,S0T1,stddft,0.0000000106,Success
2CzBN,toluene,S0S1,stda,-0.0000000146,Success
2CzBN,toluene,S0S1,stddft,-0.0000000688,Success
2CzBN,toluene,S0T1,stda,0.0000000669,Success
2CzBN,toluene,S0T1,stddft,0.0000000567,Success
2CzCbPy,gas,S0S1,stda,0.0000000958,Success
2CzCbPy,gas,S0S1,stddft,0.0000000193,Success
2CzCbPy,gas,S0T1,stda,0.0000000295,Success
2CzCbPy,gas,S0T1,stddft,0.0000000372,Success
2CzCbPy,toluene,S0S1,stda,-0.0000000195,Success
2CzCbPy,toluene,S0S1,stddft,-0.0000000238,Success
2CzCbPy,toluene,S0T1,stda,-0.0000000205,Success
2CzCbPy,toluene,S0T1,stddft,0.0000000284,Success
2Cz-DMAC-BTB,gas,S0S1,stda,0.0000000147,Success
2Cz-DMAC-BTB,gas,S0S1,stddft,-0.0000000196,Success
2Cz-DMAC-BTB,gas,S0T1,stda,-0.0000000062,Success
2Cz-DMAC-BTB,gas,S0T1,stddft,0.0000000880,Success
2Cz-DMAC-BTB,toluene,S0S1,stda,0.0000000220,Success
2Cz-DMAC-BTB,toluene,S0S1,stddft,0.0000000034,Success
2Cz-DMAC-BTB,toluene,S0T1,stda,-0.0000001447,Success
2Cz-DMAC-BTB,toluene,S0T1,stddft,0.0000000623,Success
2Cz-DMAC-TTR,gas,S0S1,stda,-0.0000001003,Success
2Cz-DMAC-TTR,gas,S0S1,stddft,-0.0000000635,Success
2Cz-DMAC-TTR,gas,S0T1,stda,0.0000000324,Success
2Cz-DMAC-TTR,gas,S0T1,stddft,0.0000000526,Success
2Cz-DMAC-TTR,toluene,S0S1,stda,0.0000000089,Success
2Cz-DMAC-TTR,toluene,S0S1,stddft,-0.0000000046,Success
2Cz-DMAC-TTR,toluene,S0T1,stda,0.0000000396,Success
2Cz-DMAC-TTR,toluene,S0T1,stddft,0.0000000242,Success
2Cz-DMAC-TXO,gas,S0S1,stda,0.0000000017,Success
2Cz-DMAC-TXO,gas,S0S1,stddft,-0.0000000299,Success
2Cz-DMAC-TXO,gas,S0T1,stda,-0.0000000046,Success
2Cz-DMAC-TXO,gas,S0T1,stddft,0.0000000108,Success
2Cz-DMAC-TXO,toluene,S0S1,stda,0.0000000031,Success
2Cz-DMAC-TXO,toluene,S0S1,stddft,-0.0000000472,Success
2Cz-DMAC-TXO,toluene,S0T1,stda,0.0000000464,Success
2Cz-DMAC-TXO,toluene,S0T1,stddft,-0.0000000656,Success
2CzMC,gas,S0S1,stda,-0.0000001174,Success
2CzMC,gas,S0S1,stddft,0.0000000818,Success
2CzMC,gas,S0T1,stda,0.0000000168,Success
2CzMC,gas,S0T1,stddft,0.0000000483,Success
2CzMC,toluene,S0S1,stda,0.0000000504,Success
2CzMC,toluene,S0S1,stddft,0.0000000197,Success
2CzMC,toluene,S0T1,stda,-0.0000000388,Success
2CzMC,toluene,S0T1,stddft,0.0000000766,Success
2CzP-INN,gas,S0S1,stda,-0.0000000190,Success
2CzP-INN,gas,S0S1,stddft,0.0000000053,Success
2CzP-INN,gas,S0T1,stda,-0.0000000019,Success
2CzP-INN,gas,S0T1,stddft,0.0000001765,Success
2CzP-INN,toluene,S0S1,stda,-0.0000000778,Success
2CzP-INN,toluene,S0S1,stddft,-0.0000000099,Success
2CzP-INN,toluene,S0T1,stda,0.0000000233,Success
2CzP-INN,toluene,S0T1,stddft,0.0000000710,Success
2CzPN,gas,S0S1,stda,0.0000000607,Success
2CzPN,gas,S0S1,stddft,0.0000000139,Success
2CzPN,gas,S0T1,stda,0.0000000158,Success
2CzPN,gas,S0T1,stddft,0.0000000616,Success
2CzPN,toluene,S0S1,stda,-0.0000000173,Success
2CzPN,toluene,S0S1,stddft,-0.0000000029,Success
2CzPN,toluene,S0T1,stda,-0.0000000663,Success
2CzPN,toluene,S0T1,stddft,-0.0000001464,Success
2CzPy,gas,S0S1,stda,-0.0000000022,Success
2CzPy,gas,S0S1,stddft,-0.0000000602,Success
2CzPy,gas,S0T1,stda,0.0000000264,Success
2CzPy,gas,S0T1,stddft,0.0000000551,Success
2CzPy,toluene,S0S1,stda,0.0000000871,Success
2CzPy,toluene,S0S1,stddft,-0.0000000826,Success
2CzPy,toluene,S0T1,stda,0.0000001474,Success
2CzPy,toluene,S0T1,stddft,-0.0000000407,Success
2CzTPE,gas,S0S1,stda,-0.0000000434,Success
2CzTPE,gas,S0S1,stddft,-0.0000000067,Success
2CzTPE,gas,S0T1,stda,-0.0000000192,Success
2CzTPE,gas,S0T1,stddft,0.0000000113,Success
2CzTPEPCz,gas,S0S1,stda,-0.0000000111,Success
2CzTPEPCz,gas,S0S1,stddft,-0.0000000416,Success
2CzTPEPCz,gas,S0T1,stda,0.0000000073,Success
2CzTPEPCz,gas,S0T1,stddft,-0.0000000639,Success
2CzTPEPCz,toluene,S0S1,stda,-0.0000000308,Success
2CzTPEPCz,toluene,S0S1,stddft,-0.0000000051,Success
2CzTPEPCz,toluene,S0T1,stda,-0.0000000004,Success
2CzTPEPCz,toluene,S0T1,stddft,-0.0000000032,Success
2CzTPE,toluene,S0S1,stda,-0.0000001429,Success
2CzTPE,toluene,S0S1,stddft,-0.0000000526,Success
2CzTPE,toluene,S0T1,stda,-0.0000000293,Success
2CzTPE,toluene,S0T1,stddft,-0.0000000584,Success
2DMAC-BP-F,gas,S0S1,stda,-0.0000000251,Success
2DMAC-BP-F,gas,S0S1,stddft,-0.0000000655,Success
2DMAC-BP-F,gas,S0T1,stda,0.0000000028,Success
2DMAC-BP-F,gas,S0T1,stddft,0.0000000359,Success
2DMAC-BP-F,toluene,S0S1,stda,-0.0000000234,Success
2DMAC-BP-F,toluene,S0S1,stddft,0.0000000342,Success
2DMAC-BP-F,toluene,S0T1,stda,-0.0000000360,Success
2DMAC-BP-F,toluene,S0T1,stddft,-0.0000001085,Success
2DN,gas,S0S1,stda,0.0000000130,Success
2DN,gas,S0S1,stddft,0.0000000308,Success
2DN,gas,S0T1,stda,0.0000000449,Success
2DN,gas,S0T1,stddft,-0.0000000798,Success
2DN,toluene,S0S1,stda,-0.0000000148,Success
2DN,toluene,S0S1,stddft,-0.0000000124,Success
2DN,toluene,S0T1,stda,-0.0000000383,Success
2DN,toluene,S0T1,stddft,0.0000000132,Success
2DPA-DPQ,gas,S0S1,stda,0.0000000954,Success
2DPA-DPQ,gas,S0S1,stddft,-0.0000000047,Success
2DPA-DPQ,gas,S0T1,stda,-0.0000000101,Success
2DPA-DPQ,gas,S0T1,stddft,-0.0000000016,Success
2DPA-DPQ,toluene,S0S1,stda,-0.0000000073,Success
2DPA-DPQ,toluene,S0S1,stddft,0.0000000304,Success
2DPA-DPQ,toluene,S0T1,stda,-0.0000000110,Success
2DPA-DPQ,toluene,S0T1,stddft,-0.0000000039,Success
2F,gas,S0S1,stda,-0.0000001426,Success
2F,gas,S0S1,stddft,0.0000000765,Success
2F,gas,S0T1,stda,-0.0000000313,Success
2F,gas,S0T1,stddft,-0.0000000225,Success
2F,toluene,S0S1,stda,0.0000000711,Success
2F,toluene,S0S1,stddft,0.0000000129,Success
2F,toluene,S0T1,stda,0.0000000746,Success
2F,toluene,S0T1,stddft,0.0000000134,Success
2H-Qz,gas,S0S1,stda,-0.0000000068,Success
2H-Qz,gas,S0S1,stddft,0.0000000020,Success
2H-Qz,gas,S0T1,stda,0.0000000937,Success
2H-Qz,gas,S0T1,stddft,-0.0000000245,Success
2H-Qz,toluene,S0S1,stda,-0.0000000337,Success
2H-Qz,toluene,S0S1,stddft,-0.0000000197,Success
2H-Qz,toluene,S0T1,stda,-0.0000000799,Success
2H-Qz,toluene,S0T1,stddft,-0.0000000438,Success
2ICz-OXD,gas,S0S1,stda,0.0000000142,Success
2ICz-OXD,gas,S0S1,stddft,-0.0000000436,Success
2ICz-OXD,gas,S0T1,stda,0.0000000056,Success
2ICz-OXD,gas,S0T1,stddft,-0.0000000352,Success
2ICz-OXD,toluene,S0S1,stda,-0.0000000984,Success
2ICz-OXD,toluene,S0S1,stddft,-0.0000000479,Success
2ICz-OXD,toluene,S0T1,stda,0.0000000069,Success
2ICz-OXD,toluene,S0T1,stddft,0.0000000452,Success
2MeCZ-TRZ,gas,S0S1,stda,0.0000000401,Success
2MeCZ-TRZ,gas,S0S1,stddft,-0.0000000467,Success
2MeCZ-TRZ,gas,S0T1,stda,0.0000000285,Success
2MeCZ-TRZ,gas,S0T1,stddft,0.0000000180,Success
2MeCZ-TRZ,toluene,S0S1,stda,0.0000000087,Success
2MeCZ-TRZ,toluene,S0S1,stddft,-0.0000000164,Success
2MeCZ-TRZ,toluene,S0T1,stda,0.0000000088,Success
2MeCZ-TRZ,toluene,S0T1,stddft,-0.0000000115,Success
2Mi2SB,gas,S0S1,stda,0.0000000036,Success
2Mi2SB,gas,S0S1,stddft,-0.0000000041,Success
2Mi2SB,gas,S0T1,stda,0.0000000517,Success
2Mi2SB,gas,S0T1,stddft,0.0000000220,Success
2Mi2SB,toluene,S0S1,stda,0.0000000769,Success
2Mi2SB,toluene,S0S1,stddft,0.0000000476,Success
2Mi2SB,toluene,S0T1,stda,-0.0000000661,Success
2Mi2SB,toluene,S0T1,stddft,0.0000000283,Success
2PBCzPy,gas,S0S1,stda,0.0000000295,Success
2PBCzPy,gas,S0S1,stddft,-0.0000000567,Success
2PBCzPy,gas,S0T1,stda,-0.0000000078,Success
2PBCzPy,gas,S0T1,stddft,0.0000000258,Success
2PBCzPy,toluene,S0S1,stda,0.0000000027,Success
2PBCzPy,toluene,S0S1,stddft,0.0000000191,Success
2PBCzPy,toluene,S0T1,stda,-0.0000000141,Success
2PBCzPy,toluene,S0T1,stddft,-0.0000000648,Success
2PCzBN,gas,S0S1,stda,0.0000000067,Success
2PCzBN,gas,S0S1,stddft,0.0000000049,Success
2PCzBN,gas,S0T1,stda,0.0000000463,Success
2PCzBN,gas,S0T1,stddft,-0.0000000059,Success
2PCzBN,toluene,S0S1,stda,0.0000000447,Success
2PCzBN,toluene,S0S1,stddft,0.0000000440,Success
2PCzBN,toluene,S0T1,stda,0.0000000322,Success
2PCzBN,toluene,S0T1,stddft,0.0000000461,Success
2PCzBN-tPh,gas,S0S1,stda,0.0000000327,Success
2PCzBN-tPh,gas,S0S1,stddft,-0.0000000315,Success
2PCzBN-tPh,gas,S0T1,stda,-0.0000000014,Success
2PCzBN-tPh,gas,S0T1,stddft,-0.0000000032,Success
2PCzBN-tPh,toluene,S0S1,stda,-0.0000000340,Success
2PCzBN-tPh,toluene,S0S1,stddft,0.0000000335,Success
2PCzBN-tPh,toluene,S0T1,stda,0.0000000532,Success
2PCzBN-tPh,toluene,S0T1,stddft,-0.0000000056,Success
2PN,gas,S0S1,stda,0.0000000276,Success
2PN,gas,S0S1,stddft,0.0000000278,Success
2PN,gas,S0T1,stda,-0.0000000431,Success
2PN,gas,S0T1,stddft,0.0000000194,Success
2PN,toluene,S0S1,stda,0.0000000414,Success
2PN,toluene,S0S1,stddft,-0.0000000237,Success
2PN,toluene,S0T1,stda,-0.0000000583,Success
2PN,toluene,S0T1,stddft,0.0000000024,Success
2PS-2FPh,gas,S0S1,stda,-0.0000000421,Success
2PS-2FPh,gas,S0S1,stddft,-0.0000000386,Success
2PS-2FPh,gas,S0T1,stda,-0.0000000191,Success
2PS-2FPh,gas,S0T1,stddft,-0.0000000485,Success
2PS-2FPh,toluene,S0S1,stda,-0.0000000568,Success
2PS-2FPh,toluene,S0S1,stddft,-0.0000000383,Success
2PS-2FPh,toluene,S0T1,stda,-0.0000000732,Success
2PS-2FPh,toluene,S0T1,stddft,0.0000000150,Success
2PXZ-OXD,gas,S0S1,stda,-0.0000000527,Success
2PXZ-OXD,gas,S0S1,stddft,0.0000000226,Success
2PXZ-OXD,gas,S0T1,stda,0.0000000344,Success
2PXZ-OXD,gas,S0T1,stddft,-0.0000000192,Success
2PXZ-OXD,toluene,S0S1,stda,-0.0000000334,Success
2PXZ-OXD,toluene,S0S1,stddft,-0.0000000099,Success
2PXZ-OXD,toluene,S0T1,stda,-0.0000000273,Success
2PXZ-OXD,toluene,S0T1,stddft,0.0000000312,Success
2PXZP,gas,S0S1,stda,-0.0000000136,Success
2PXZP,gas,S0S1,stddft,-0.0000000102,Success
2PXZP,gas,S0T1,stda,0.0000000492,Success
2PXZP,gas,S0T1,stddft,0.0000000074,Success
2PXZP,toluene,S0S1,stda,0.0000000687,Success
2PXZP,toluene,S0S1,stddft,-0.0000000096,Success
2PXZP,toluene,S0T1,stda,-0.0000001018,Success
2PXZP,toluene,S0T1,stddft,0.0000000165,Success
2PyCNBCz,gas,S0S1,stda,-0.0000000835,Success
2PyCNBCz,gas,S0S1,stddft,0.0000000627,Success
2PyCNBCz,gas,S0T1,stda,0.0000000417,Success
2PyCNBCz,gas,S0T1,stddft,0.0000000049,Success
2PyCNBCz,toluene,S0S1,stda,-0.0000000180,Success
2PyCNBCz,toluene,S0S1,stddft,0.0000000596,Success
2PyCNBCz,toluene,S0T1,stda,0.0000000518,Success
2PyCNBCz,toluene,S0T1,stddft,-0.0000000437,Success
2PyCNICz,gas,S0S1,stda,0.0000000075,Success
2PyCNICz,gas,S0S1,stddft,0.0000000758,Success
2PyCNICz,gas,S0T1,stda,-0.0000000370,Success
2PyCNICz,gas,S0T1,stddft,-0.0000000157,Success
2PyCNICz,toluene,S0S1,stda,-0.0000000261,Success
2PyCNICz,toluene,S0S1,stddft,-0.0000000032,Success
2PyCNICz,toluene,S0T1,stda,-0.0000000367,Success
2PyCNICz,toluene,S0T1,stddft,0.0000000613,Success
2SBFN,gas,S0S1,stda,-0.0000000905,Success
2SBFN,gas,S0S1,stddft,-0.0000001033,Success
2SBFN,gas,S0T1,stda,-0.0000000605,Success
2SBFN,gas,S0T1,stddft,0.0000000454,Success
2SBFN,toluene,S0S1,stda,-0.0000000302,Success
2SBFN,toluene,S0S1,stddft,0.0000000400,Success
2SBFN,toluene,S0T1,stda,-0.0000000589,Success
2SBFN,toluene,S0T1,stddft,0.0000001026,Success
2SPBAC-BP,gas,S0S1,stda,-0.0000000706,Success
2SPBAC-BP,gas,S0S1,stddft,0.0000000076,Success
2SPBAC-BP,gas,S0T1,stda,-0.0000000604,Success
2SPBAC-BP,gas,S0T1,stddft,-0.0000000424,Success
2SPBAC-BP,toluene,S0S1,stda,-0.0000000705,Success
2SPBAC-BP,toluene,S0S1,stddft,0.0000000360,Success
2SPBAC-BP,toluene,S0T1,stda,0.0000000556,Success
2SPBAC-BP,toluene,S0T1,stddft,-0.0000000312,Success
2-TA-AN,gas,S0S1,stda,-0.0000000268,Success
2-TA-AN,gas,S0S1,stddft,0.0000000563,Success
2-TA-AN,gas,S0T1,stda,0.0000001249,Success
2-TA-AN,gas,S0T1,stddft,0.0000000353,Success
2-TA-AN,toluene,S0S1,stda,0.0000000009,Success
2-TA-AN,toluene,S0S1,stddft,-0.0000000537,Success
2-TA-AN,toluene,S0T1,stda,-0.0000000268,Success
2-TA-AN,toluene,S0T1,stddft,0.0000000883,Success
2tCz2CzBn,gas,S0S1,stda,0.0000000052,Success
2tCz2CzBn,gas,S0S1,stddft,0.0000000009,Success
2tCz2CzBn,gas,S0T1,stda,0.0000000317,Success
2tCz2CzBn,gas,S0T1,stddft,0.0000000091,Success
2tCz2CzBn,toluene,S0S1,stda,0.0000000177,Success
2tCz2CzBn,toluene,S0S1,stddft,-0.0000000182,Success
2tCz2CzBn,toluene,S0T1,stda,0.0000000380,Success
2tCz2CzBn,toluene,S0T1,stddft,0.0000000156,Success
2TCz-DPS,gas,S0S1,stda,0.0000000200,Success
2TCz-DPS,gas,S0S1,stddft,0.0000000359,Success
2TCz-DPS,gas,S0T1,stda,-0.0000000556,Success
2TCz-DPS,gas,S0T1,stddft,0.0000000274,Success
2TCz-DPS,toluene,S0S1,stda,0.0000000711,Success
2TCz-DPS,toluene,S0S1,stddft,-0.0000000161,Success
2TCz-DPS,toluene,S0T1,stda,-0.0000001551,Success
2TCz-DPS,toluene,S0T1,stddft,0.0000000019,Success
2TDBA-SBA,gas,S0S1,stda,0.0000000320,Success
2TDBA-SBA,gas,S0S1,stddft,0.0000000291,Success
2TDBA-SBA,gas,S0T1,stda,0.0000000474,Success
2TDBA-SBA,gas,S0T1,stddft,0.0000000042,Success
2TDBA-SBA,toluene,S0S1,stda,0.0000000361,Success
2TDBA-SBA,toluene,S0S1,stddft,0.0000000089,Success
2TDBA-SBA,toluene,S0T1,stda,0.0000000505,Success
2TDBA-SBA,toluene,S0T1,stddft,-0.0000000038,Success
2tPAB,gas,S0S1,stda,-0.0000000280,Success
2tPAB,gas,S0S1,stddft,0.0000000368,Success
2tPAB,gas,S0T1,stda,-0.0000000264,Success
2tPAB,gas,S0T1,stddft,-0.0000000040,Success
2tPAB,toluene,S0S1,stda,0.0000000505,Success
2tPAB,toluene,S0S1,stddft,-0.0000000054,Success
2tPAB,toluene,S0T1,stda,-0.0000000439,Success
2tPAB,toluene,S0T1,stddft,0.0000000237,Success
2Trz6CNDBT,gas,S0S1,stda,-0.0000000513,Success
2Trz6CNDBT,gas,S0S1,stddft,0.0000000049,Success
2Trz6CNDBT,gas,S0T1,stda,0.0000000383,Success
2Trz6CNDBT,gas,S0T1,stddft,-0.0000000071,Success
2Trz6CNDBT,toluene,S0S1,stda,0.0000000699,Success
2Trz6CNDBT,toluene,S0S1,stddft,0.0000000630,Success
2Trz6CNDBT,toluene,S0T1,stda,-0.0000000278,Success
2Trz6CNDBT,toluene,S0T1,stddft,-0.0000000190,Success
3,3−NHC,gas,S0S1,stda,-0.0000000586,Success
3,3−NHC,gas,S0S1,stddft,0.0000000786,Success
3,3−NHC,gas,S0T1,stda,-0.0000000666,Success
3,3−NHC,gas,S0T1,stddft,-0.0000000761,Success
3,3−NHC,toluene,S0S1,stda,0.0000000421,Success
3,3−NHC,toluene,S0S1,stddft,-0.0000000049,Success
3,3−NHC,toluene,S0T1,stda,0.0000000503,Success
3,3−NHC,toluene,S0T1,stddft,-0.0000001313,Success
35CzBPym,gas,S0S1,stda,0.0000000234,Success
35CzBPym,gas,S0S1,stddft,0.0000000320,Success
35CzBPym,gas,S0T1,stda,-0.0000000863,Success
35CzBPym,gas,S0T1,stddft,-0.0000000369,Success
35CzBPym,toluene,S0S1,stda,-0.0000000505,Success
35CzBPym,toluene,S0S1,stddft,0.0000001178,Success
35CzBPym,toluene,S0T1,stda,-0.0000000013,Success
35CzBPym,toluene,S0T1,stddft,0.0000000620,Success
35tCzBPym,gas,S0S1,stda,-0.0000000881,Success
35tCzBPym,gas,S0S1,stddft,0.0000001028,Success
35tCzBPym,gas,S0T1,stda,-0.0000000982,Success
35tCzBPym,gas,S0T1,stddft,0.0000000723,Success
35tCzBPym,toluene,S0S1,stda,0.0000000707,Success
35tCzBPym,toluene,S0S1,stddft,-0.0000000497,Success
35tCzBPym,toluene,S0T1,stda,0.0000000469,Success
35tCzBPym,toluene,S0T1,stddft,-0.0000000549,Success
36DTPAFM,gas,S0S1,stda,-0.0000000266,Success
36DTPAFM,gas,S0S1,stddft,0.0000000651,Success
36DTPAFM,gas,S0T1,stda,-0.0000000399,Success
36DTPAFM,gas,S0T1,stddft,0.0000000864,Success
36DTPAFM,toluene,S0S1,stda,0.0000000023,Success
36DTPAFM,toluene,S0S1,stddft,0.0000000951,Success
36DTPAFM,toluene,S0T1,stda,-0.0000000108,Success
36DTPAFM,toluene,S0T1,stddft,-0.0000000851,Success
3,6-MeCzOXD,gas,S0S1,stda,-0.0000000417,Success
3,6-MeCzOXD,gas,S0S1,stddft,0.0000000272,Success
3,6-MeCzOXD,gas,S0T1,stda,-0.0000000669,Success
3,6-MeCzOXD,gas,S0T1,stddft,-0.0000000624,Success
3,6-MeCzOXD,toluene,S0S1,stda,-0.0000000131,Success
3,6-MeCzOXD,toluene,S0S1,stddft,0.0000000338,Success
3,6-MeCzOXD,toluene,S0T1,stda,-0.0000000629,Success
3,6-MeCzOXD,toluene,S0T1,stddft,-0.0000000089,Success
3,6-T2C,gas,S0S1,stda,-0.0000000841,Success
3,6-T2C,gas,S0S1,stddft,0.0000000048,Success
3,6-T2C,gas,S0T1,stda,-0.0000000301,Success
3,6-T2C,gas,S0T1,stddft,0.0000000005,Success
3,6-T2C,toluene,S0S1,stda,0.0000000353,Success
3,6-T2C,toluene,S0S1,stddft,0.0000000346,Success
3,6-T2C,toluene,S0T1,stda,-0.0000000298,Success
3,6-T2C,toluene,S0T1,stddft,-0.0000000335,Success
3,6-TC,gas,S0S1,stda,0.0000001503,Success
3,6-TC,gas,S0S1,stddft,0.0000000814,Success
3,6-TC,gas,S0T1,stda,0.0000000461,Success
3,6-TC,gas,S0T1,stddft,0.0000000683,Success
3,6-TC,toluene,S0S1,stda,0.0000001028,Success
3,6-TC,toluene,S0S1,stddft,-0.0000000164,Success
3,6-TC,toluene,S0T1,stda,-0.0000000126,Success
3,6-TC,toluene,S0T1,stddft,0.0000000458,Success
3-AcBPdCN,gas,S0S1,stda,0.0000000245,Success
3-AcBPdCN,gas,S0S1,stddft,0.0000000399,Success
3-AcBPdCN,gas,S0T1,stda,0.0000000528,Success
3-AcBPdCN,gas,S0T1,stddft,-0.0000000357,Success
3-AcBPdCN,toluene,S0S1,stda,-0.0000000209,Success
3-AcBPdCN,toluene,S0S1,stddft,-0.0000000122,Success
3-AcBPdCN,toluene,S0T1,stda,-0.0000000364,Success
3-AcBPdCN,toluene,S0T1,stddft,0.0000001113,Success
3-ACBPmCN,gas,S0S1,stda,-0.0000000216,Success
3-ACBPmCN,gas,S0S1,stddft,0.0000000032,Success
3-ACBPmCN,gas,S0T1,stda,-0.0000000360,Success
3-ACBPmCN,gas,S0T1,stddft,0.0000001083,Success
3-ACBPmCN,toluene,S0S1,stda,-0.0000000004,Success
3-ACBPmCN,toluene,S0S1,stddft,0.0000000070,Success
3-ACBPmCN,toluene,S0T1,stda,0.0000000393,Success
3-ACBPmCN,toluene,S0T1,stddft,0.0000001026,Success
3-AcBPtCN,gas,S0S1,stda,-0.0000000435,Success
3-AcBPtCN,gas,S0S1,stddft,0.0000000251,Success
3-AcBPtCN,gas,S0T1,stda,-0.0000000293,Success
3-AcBPtCN,gas,S0T1,stddft,-0.0000000225,Success
3-AcBPtCN,toluene,S0S1,stda,0.0000000806,Success
3-AcBPtCN,toluene,S0S1,stddft,-0.0000000052,Success
3-AcBPtCN,toluene,S0T1,stda,0.0000000729,Success
3-AcBPtCN,toluene,S0T1,stddft,0.0000000198,Success
3ai,gas,S0S1,stda,0.0000000747,Success
3ai,gas,S0S1,stddft,-0.0000000156,Success
3ai,gas,S0T1,stda,0.0000000502,Success
3ai,gas,S0T1,stddft,-0.0000000896,Success
3ai,toluene,S0S1,stda,0.0000000348,Success
3ai,toluene,S0S1,stddft,0.0000000410,Success
3ai,toluene,S0T1,stda,-0.0000000268,Success
3ai,toluene,S0T1,stddft,0.0000000908,Success
3-BHH,gas,S0S1,stda,-0.0000000528,Success
3-BHH,gas,S0S1,stddft,-0.0000000128,Success
3-BHH,gas,S0T1,stda,0.0000000515,Success
3-BHH,gas,S0T1,stddft,0.0000000015,Success
3-BHH,toluene,S0S1,stda,0.0000000560,Success
3-BHH,toluene,S0S1,stddft,-0.0000000060,Success
3-BHH,toluene,S0T1,stda,0.0000000203,Success
3-BHH,toluene,S0T1,stddft,0.0000000300,Success
3BPy-mDTC,gas,S0S1,stda,-0.0000000467,Success
3BPy-mDTC,gas,S0S1,stddft,-0.0000000025,Success
3BPy-mDTC,gas,S0T1,stda,0.0000000081,Success
3BPy-mDTC,gas,S0T1,stddft,0.0000000989,Success
3BPy-mDTC,toluene,S0S1,stda,-0.0000000419,Success
3BPy-mDTC,toluene,S0S1,stddft,-0.0000000287,Success
3BPy-mDTC,toluene,S0T1,stda,0.0000000148,Success
3BPy-mDTC,toluene,S0T1,stddft,0.0000000854,Success
3BrBI,gas,S0S1,stda,-0.0000000585,Success
3BrBI,gas,S0S1,stddft,0.0000000679,Success
3BrBI,gas,S0T1,stda,0.0000000340,Success
3BrBI,gas,S0T1,stddft,0.0000000027,Success
3BrBI,toluene,S0S1,stda,0.0000000809,Success
3BrBI,toluene,S0S1,stddft,-0.0000000196,Success
3BrBI,toluene,S0T1,stda,-0.0000000981,Success
3BrBI,toluene,S0T1,stddft,-0.0000000432,Success
3ca,gas,S0S1,stda,-0.0000000024,Success
3ca,gas,S0S1,stddft,-0.0000000448,Success
3ca,gas,S0T1,stda,-0.0000000733,Success
3ca,gas,S0T1,stddft,0.0000001282,Success
3ca,toluene,S0S1,stda,-0.0000000495,Success
3ca,toluene,S0S1,stddft,-0.0000000838,Success
3ca,toluene,S0T1,stda,0.0000000101,Success
3ca,toluene,S0T1,stddft,0.0000000098,Success
3CP-DPS-DMAC,gas,S0S1,stda,0.0000000026,Success
3CP-DPS-DMAC,gas,S0S1,stddft,0.0000000431,Success
3CP-DPS-DMAC,gas,S0T1,stda,-0.0000000033,Success
3CP-DPS-DMAC,gas,S0T1,stddft,-0.0000000173,Success
3CP-DPS-DMAC,toluene,S0S1,stda,0.0000000870,Success
3CP-DPS-DMAC,toluene,S0S1,stddft,0.0000000653,Success
3CP-DPS-DMAC,toluene,S0T1,stda,0.0000000415,Success
3CP-DPS-DMAC,toluene,S0T1,stddft,0.0000000117,Success
3CP-DPS-PXZ,gas,S0S1,stda,-0.0000000466,Success
3CP-DPS-PXZ,gas,S0S1,stddft,-0.0000000741,Success
3CP-DPS-PXZ,gas,S0T1,stda,0.0000000023,Success
3CP-DPS-PXZ,gas,S0T1,stddft,-0.0000000528,Success
3CP-DPS-PXZ,toluene,S0S1,stda,-0.0000000791,Success
3CP-DPS-PXZ,toluene,S0S1,stddft,-0.0000000177,Success
3CP-DPS-PXZ,toluene,S0T1,stda,0.0000000621,Success
3CP-DPS-PXZ,toluene,S0T1,stddft,0.0000000095,Success
3CzAnBzt,gas,S0S1,stda,-0.0000000401,Success
3CzAnBzt,gas,S0S1,stddft,-0.0000000668,Success
3CzAnBzt,gas,S0T1,stda,-0.0000000718,Success
3CzAnBzt,gas,S0T1,stddft,0.0000000520,Success
3CzAnBzt,toluene,S0S1,stda,0.0000000627,Success
3CzAnBzt,toluene,S0S1,stddft,0.0000000702,Success
3CzAnBzt,toluene,S0T1,stda,-0.0000001149,Success
3CzAnBzt,toluene,S0T1,stddft,-0.0000001028,Success
3CzAnN,gas,S0S1,stda,-0.0000000225,Success
3CzAnN,gas,S0S1,stddft,0.0000000060,Success
3CzAnN,gas,S0T1,stda,-0.0000000022,Success
3CzAnN,gas,S0T1,stddft,0.0000001285,Success
3CzAnN,toluene,S0S1,stda,0.0000000271,Success
3CzAnN,toluene,S0S1,stddft,0.0000000314,Success
3CzAnN,toluene,S0T1,stda,-0.0000000229,Success
3CzAnN,toluene,S0T1,stddft,0.0000000273,Success
3CzBN,gas,S0S1,stda,0.0000000043,Success
3CzBN,gas,S0S1,stddft,-0.0000000051,Success
3CzBN,gas,S0T1,stda,0.0000001378,Success
3CzBN,gas,S0T1,stddft,-0.0000000590,Success
3CzBN,toluene,S0S1,stda,0.0000000432,Success
3CzBN,toluene,S0S1,stddft,0.0000000911,Success
3CzBN,toluene,S0T1,stda,0.0000000127,Success
3CzBN,toluene,S0T1,stddft,-0.0000000586,Success
3CzFTFP,gas,S0S1,stda,-0.0000001162,Success
3CzFTFP,gas,S0S1,stddft,0.0000000526,Success
3CzFTFP,gas,S0T1,stda,-0.0000000097,Success
3CzFTFP,gas,S0T1,stddft,-0.0000000225,Success
3CzFTFP,toluene,S0S1,stda,0.0000000238,Success
3CzFTFP,toluene,S0S1,stddft,-0.0000000205,Success
3CzFTFP,toluene,S0T1,stda,-0.0000000343,Success
3CzFTFP,toluene,S0T1,stddft,0.0000000476,Success
3CzPhpPM,gas,S0S1,stda,-0.0000000705,Success
3CzPhpPM,gas,S0S1,stddft,0.0000000352,Success
3CzPhpPM,gas,S0T1,stda,-0.0000000402,Success
3CzPhpPM,gas,S0T1,stddft,0.0000001175,Success
3CzPhpPM,toluene,S0S1,stda,0.0000000271,Success
3CzPhpPM,toluene,S0S1,stddft,-0.0000000699,Success
3CzPhpPM,toluene,S0T1,stda,-0.0000000292,Success
3CzPhpPM,toluene,S0T1,stddft,-0.0000000329,Success
3DCPO,gas,S0S1,stda,0.0000000537,Success
3DCPO,gas,S0S1,stddft,-0.0000000185,Success
3DCPO,gas,S0T1,stda,-0.0000000762,Success
3DCPO,gas,S0T1,stddft,0.0000000038,Success
3DCPO,toluene,S0S1,stda,0.0000000250,Success
3DCPO,toluene,S0S1,stddft,-0.0000000494,Success
3DCPO,toluene,S0T1,stda,0.0000000083,Success
3DCPO,toluene,S0T1,stddft,-0.0000000515,Success
3DMAC-BP-Br,gas,S0S1,stda,0.0000000240,Success
3DMAC-BP-Br,gas,S0S1,stddft,0.0000000063,Success
3DMAC-BP-Br,gas,S0T1,stda,-0.0000000035,Success
3DMAC-BP-Br,gas,S0T1,stddft,0.0000000039,Success
3DMAC-BP-Br,toluene,S0S1,stda,0.0000000095,Success
3DMAC-BP-Br,toluene,S0S1,stddft,0.0000000212,Success
3DMAC-BP-Br,toluene,S0T1,stda,-0.0000000824,Success
3DMAC-BP-Br,toluene,S0T1,stddft,-0.0000000051,Success
3DMAC-BP-CN,gas,S0S1,stda,-0.0000000146,Success
3DMAC-BP-CN,gas,S0S1,stddft,0.0000000032,Success
3DMAC-BP-CN,gas,S0T1,stda,-0.0000000304,Success
3DMAC-BP-CN,gas,S0T1,stddft,0.0000001516,Success
3DMAC-BP-CN,toluene,S0S1,stda,0.0000000316,Success
3DMAC-BP-CN,toluene,S0S1,stddft,-0.0000000320,Success
3DMAC-BP-CN,toluene,S0T1,stda,-0.0000000733,Success
3DMAC-BP-CN,toluene,S0T1,stddft,-0.0000000128,Success
3DMACIPN,gas,S0S1,stda,-0.0000000408,Success
3DMACIPN,gas,S0S1,stddft,-0.0000000024,Success
3DMACIPN,gas,S0T1,stda,0.0000000069,Success
3DMACIPN,gas,S0T1,stddft,-0.0000000113,Success
3DMACIPN,toluene,S0S1,stda,0.0000000388,Success
3DMACIPN,toluene,S0S1,stddft,0.0000000019,Success
3DMACIPN,toluene,S0T1,stda,-0.0000000019,Success
3DMACIPN,toluene,S0T1,stddft,-0.0000000386,Success
3DPA3CN,gas,S0S1,stda,0.0000000087,Success
3DPA3CN,gas,S0S1,stddft,-0.0000000203,Success
3DPA3CN,gas,S0T1,stda,-0.0000000511,Success
3DPA3CN,gas,S0T1,stddft,-0.0000000995,Success
3DPA3CN,toluene,S0S1,stda,0.0000000084,Success
3DPA3CN,toluene,S0S1,stddft,-0.0000000173,Success
3DPA3CN,toluene,S0T1,stda,-0.0000001040,Success
3DPA3CN,toluene,S0T1,stddft,-0.0000000201,Success
3-DPM,gas,S0S1,stda,-0.0000000110,Success
3-DPM,gas,S0S1,stddft,-0.0000000282,Success
3-DPM,gas,S0T1,stda,0.0000001288,Success
3-DPM,gas,S0T1,stddft,0.0000000293,Success
3-DPM,toluene,S0S1,stda,0.0000000417,Success
3-DPM,toluene,S0S1,stddft,0.0000000468,Success
3-DPM,toluene,S0T1,stda,-0.0000000570,Success
3-DPM,toluene,S0T1,stddft,0.0000000028,Success
3DPTIA,gas,S0S1,stda,0.0000000725,Success
3DPTIA,gas,S0S1,stddft,-0.0000000276,Success
3DPTIA,gas,S0T1,stda,-0.0000000385,Success
3DPTIA,gas,S0T1,stddft,-0.0000000262,Success
3DPTIA,toluene,S0S1,stda,-0.0000000254,Success
3DPTIA,toluene,S0S1,stddft,0.0000000774,Success
3DPTIA,toluene,S0T1,stda,0.0000000125,Success
3DPTIA,toluene,S0T1,stddft,-0.0000000153,Success
3-DTPA-BBI,gas,S0S1,stda,0.0000000678,Success
3-DTPA-BBI,gas,S0S1,stddft,0.0000000576,Success
3-DTPA-BBI,gas,S0T1,stda,0.0000000438,Success
3-DTPA-BBI,gas,S0T1,stddft,-0.0000000103,Success
3-DTPA-BBI,toluene,S0S1,stda,0.0000001570,Success
3-DTPA-BBI,toluene,S0S1,stddft,-0.0000000818,Success
3-DTPA-BBI,toluene,S0T1,stda,0.0000001700,Success
3-DTPA-BBI,toluene,S0T1,stddft,-0.0000000820,Success
3PCzPFP,gas,S0S1,stda,0.0000000773,Success
3PCzPFP,gas,S0S1,stddft,-0.0000001402,Success
3PCzPFP,gas,S0T1,stda,0.0000000244,Success
3PCzPFP,gas,S0T1,stddft,0.0000000295,Success
3PCzPFP,toluene,S0S1,stda,0.0000001037,Success
3PCzPFP,toluene,S0S1,stddft,-0.0000000617,Success
3PCzPFP,toluene,S0T1,stda,0.0000000307,Success
3PCzPFP,toluene,S0T1,stddft,0.0000000255,Success
3Py-DMAC,gas,S0S1,stda,0.0000000421,Success
3Py-DMAC,gas,S0S1,stddft,-0.0000000018,Success
3Py-DMAC,gas,S0T1,stda,-0.0000000009,Success
3Py-DMAC,gas,S0T1,stddft,0.0000000399,Success
3Py-DMAC,toluene,S0S1,stda,-0.0000000099,Success
3Py-DMAC,toluene,S0S1,stddft,-0.0000000495,Success
3Py-DMAC,toluene,S0T1,stda,0.0000000011,Success
3Py-DMAC,toluene,S0T1,stddft,0.0000000183,Success
3TCPM,gas,S0S1,stda,-0.0000000104,Success
3TCPM,gas,S0S1,stddft,-0.0000000068,Success
3TCPM,gas,S0T1,stda,0.0000000328,Success
3TCPM,gas,S0T1,stddft,0.0000000226,Success
3TCPM,toluene,S0S1,stda,-0.0000000362,Success
3TCPM,toluene,S0S1,stddft,0.0000000153,Success
3TCPM,toluene,S0T1,stda,-0.0000000097,Success
3TCPM,toluene,S0T1,stddft,0.0000000537,Success
3TPAFM,gas,S0S1,stda,0.0000000125,Success
3TPAFM,gas,S0S1,stddft,0.0000002070,Success
3TPAFM,gas,S0T1,stda,0.0000000774,Success
3TPAFM,gas,S0T1,stddft,0.0000001330,Success
3TPAFM,toluene,S0S1,stda,-0.0000000666,Success
3TPAFM,toluene,S0S1,stddft,-0.0000000797,Success
3TPAFM,toluene,S0T1,stda,-0.0000000784,Success
3TPAFM,toluene,S0T1,stddft,0.0000000219,Success
4-Ac,gas,S0S1,stda,0.0000000138,Success
4-Ac,gas,S0S1,stddft,0.0000000368,Success
4-Ac,gas,S0T1,stda,0.0000000275,Success
4-Ac,gas,S0T1,stddft,-0.0000000400,Success
4-Ac,toluene,S0S1,stda,-0.0000000924,Success
4-Ac,toluene,S0S1,stddft,-0.0000000071,Success
4-Ac,toluene,S0T1,stda,0.0000000295,Success
4-Ac,toluene,S0T1,stddft,0.0000000819,Success
4BPy-mDTC,gas,S0S1,stda,0.0000000349,Success
4BPy-mDTC,gas,S0S1,stddft,0.0000000105,Success
4BPy-mDTC,gas,S0T1,stda,0.0000000185,Success
4BPy-mDTC,gas,S0T1,stddft,0.0000001022,Success
4BPy-mDTC,toluene,S0S1,stda,0.0000000766,Success
4BPy-mDTC,toluene,S0S1,stddft,0.0000000073,Success
4BPy-mDTC,toluene,S0T1,stda,-0.0000000861,Success
4BPy-mDTC,toluene,S0T1,stddft,0.0000000298,Success
4CzIPN,gas,S0S1,stda,0.0000000459,Success
4CzIPN,gas,S0S1,stddft,-0.0000000139,Success
4CzIPN,gas,S0T1,stda,0.0000000137,Success
4CzIPN,gas,S0T1,stddft,0.0000000354,Success
4CzIPN,toluene,S0S1,stda,0.0000000180,Success
4CzIPN,toluene,S0S1,stddft,-0.0000000342,Success
4CzIPN,toluene,S0T1,stda,0.0000000170,Success
4CzIPN,toluene,S0T1,stddft,-0.0000000050,Success
4CzMC,gas,S0S1,stda,0.0000000468,Success
4CzMC,gas,S0S1,stddft,0.0000000185,Success
4CzMC,gas,S0T1,stda,0.0000000193,Success
4CzMC,gas,S0T1,stddft,0.0000000022,Success
4CzMC,toluene,S0S1,stda,-0.0000000514,Success
4CzMC,toluene,S0S1,stddft,0.0000000159,Success
4CzMC,toluene,S0T1,stda,0.0000000363,Success
4CzMC,toluene,S0T1,stddft,0.0000000369,Success
4CzTPN,gas,S0S1,stda,-0.0000000069,Success
4CzTPN,gas,S0S1,stddft,0.0000000473,Success
4CzTPN,gas,S0T1,stda,-0.0000000237,Success
4CzTPN,gas,S0T1,stddft,0.0000000256,Success
4CzTPN,toluene,S0S1,stda,-0.0000000425,Success
4CzTPN,toluene,S0S1,stddft,-0.0000000335,Success
4CzTPN,toluene,S0T1,stda,-0.0000000018,Success
4CzTPN,toluene,S0T1,stddft,0.0000000278,Success
4-DBFBI,gas,S0S1,stda,0.0000000253,Success
4-DBFBI,gas,S0S1,stddft,-0.0000000302,Success
4-DBFBI,gas,S0T1,stda,0.0000000423,Success
4-DBFBI,gas,S0T1,stddft,-0.0000000275,Success
4-DBFBI,toluene,S0S1,stda,0.0000000365,Success
4-DBFBI,toluene,S0S1,stddft,0.0000000227,Success
4-DBFBI,toluene,S0T1,stda,0.0000000065,Success
4-DBFBI,toluene,S0T1,stddft,0.0000000082,Success
4-DPM,gas,S0S1,stda,0.0000000011,Success
4-DPM,gas,S0S1,stddft,-0.0000000201,Success
4-DPM,gas,S0T1,stda,0.0000000320,Success
4-DPM,gas,S0T1,stddft,0.0000000066,Success
4-DPM,toluene,S0S1,stda,-0.0000000121,Success
4-DPM,toluene,S0S1,stddft,0.0000000431,Success
4-DPM,toluene,S0T1,stda,0.0000001101,Success
4-DPM,toluene,S0T1,stddft,-0.0000000105,Success
4FBTPI,gas,S0S1,stda,-0.0000000699,Success
4FBTPI,gas,S0S1,stddft,0.0000000086,Success
4FBTPI,gas,S0T1,stda,0.0000000180,Success
4FBTPI,gas,S0T1,stddft,-0.0000000351,Success
4FBTPI,toluene,S0S1,stda,0.0000000085,Success
4FBTPI,toluene,S0S1,stddft,0.0000000464,Success
4FBTPI,toluene,S0T1,stda,0.0000000522,Success
4FBTPI,toluene,S0T1,stddft,-0.0000000611,Success
4F-m-ν-DABNA,gas,S0S1,stda,-0.0000000766,Success
4F-m-ν-DABNA,gas,S0S1,stddft,0.0000000424,Success
4F-m-ν-DABNA,gas,S0T1,stda,-0.0000000458,Success
4F-m-ν-DABNA,gas,S0T1,stddft,0.0000000143,Success
4F-m-ν-DABNA,toluene,S0S1,stda,-0.0000000392,Success
4F-m-ν-DABNA,toluene,S0S1,stddft,0.0000000516,Success
4F-m-ν-DABNA,toluene,S0T1,stda,0.0000000287,Success
4F-m-ν-DABNA,toluene,S0T1,stddft,-0.0000000071,Success
4F-ν-DABNA,gas,S0S1,stda,-0.0000000544,Success
4F-ν-DABNA,gas,S0S1,stddft,0.0000000036,Success
4F-ν-DABNA,gas,S0T1,stda,-0.0000000143,Success
4F-ν-DABNA,gas,S0T1,stddft,-0.0000000271,Success
4F-ν-DABNA,toluene,S0S1,stda,0.0000000584,Success
4F-ν-DABNA,toluene,S0S1,stddft,-0.0000000408,Success
4F-ν-DABNA,toluene,S0T1,stda,0.0000000002,Success
4F-ν-DABNA,toluene,S0T1,stddft,0.0000000040,Success
4NTAZ-PPI,gas,S0S1,stda,0.0000000000,Success
4NTAZ-PPI,gas,S0S1,stddft,0.0000000530,Success
4NTAZ-PPI,gas,S0T1,stda,0.0000001612,Success
4NTAZ-PPI,gas,S0T1,stddft,0.0000000223,Success
4NTAZ-PPI,toluene,S0S1,stda,-0.0000000104,Success
4NTAZ-PPI,toluene,S0S1,stddft,-0.0000000410,Success
4NTAZ-PPI,toluene,S0T1,stda,0.0000000093,Success
4NTAZ-PPI,toluene,S0T1,stddft,-0.0000000979,Success
4PyCNICz,gas,S0S1,stda,0.0000000220,Success
4PyCNICz,gas,S0S1,stddft,0.0000000026,Success
4PyCNICz,gas,S0T1,stda,0.0000000330,Success
4PyCNICz,gas,S0T1,stddft,0.0000001496,Success
4PyCNICz,toluene,S0S1,stda,0.0000000299,Success
4PyCNICz,toluene,S0S1,stddft,-0.0000000180,Success
4PyCNICz,toluene,S0T1,stda,0.0000000495,Success
4PyCNICz,toluene,S0T1,stddft,-0.0000001014,Success
4-SCZ,gas,S0S1,stda,-0.0000000560,Success
4-SCZ,gas,S0S1,stddft,-0.0000000422,Success
4-SCZ,gas,S0T1,stda,0.0000000703,Success
4-SCZ,gas,S0T1,stddft,-0.0000000325,Success
4-SCZ,toluene,S0S1,stda,-0.0000000001,Success
4-SCZ,toluene,S0S1,stddft,-0.0000000057,Success
4-SCZ,toluene,S0T1,stda,0.0000000360,Success
4-SCZ,toluene,S0T1,stddft,-0.0000000157,Success
5,6PXZ-PIDO,gas,S0S1,stda,-0.0000000092,Success
5,6PXZ-PIDO,gas,S0S1,stddft,-0.0000000779,Success
5,6PXZ-PIDO,gas,S0T1,stda,-0.0000000998,Success
5,6PXZ-PIDO,gas,S0T1,stddft,-0.0000000723,Success
5,6PXZ-PIDO,toluene,S0S1,stda,0.0000001085,Success
5,6PXZ-PIDO,toluene,S0S1,stddft,0.0000000338,Success
5,6PXZ-PIDO,toluene,S0T1,stda,0.0000000226,Success
5,6PXZ-PIDO,toluene,S0T1,stddft,-0.0000000126,Success
5CzICz,gas,S0S1,stda,0.0000000266,Success
5CzICz,gas,S0S1,stddft,-0.0000000297,Success
5CzICz,gas,S0T1,stda,0.0000000099,Success
5CzICz,gas,S0T1,stddft,-0.0000000487,Success
5CzICz,toluene,S0S1,stda,0.0000000031,Success
5CzICz,toluene,S0S1,stddft,-0.0000000123,Success
5CzICz,toluene,S0T1,stda,-0.0000000464,Success
5CzICz,toluene,S0T1,stddft,-0.0000000223,Success
5-Cz-Sac,gas,S0S1,stda,0.0000000325,Success
5-Cz-Sac,gas,S0S1,stddft,-0.0000000413,Success
5-Cz-Sac,gas,S0T1,stda,-0.0000000622,Success
5-Cz-Sac,gas,S0T1,stddft,0.0000000089,Success
5-Cz-Sac,toluene,S0S1,stda,-0.0000000167,Success
5-Cz-Sac,toluene,S0S1,stddft,-0.0000000873,Success
5-Cz-Sac,toluene,S0T1,stda,0.0000001048,Success
5-Cz-Sac,toluene,S0T1,stddft,0.0000000742,Success
5-DBFBI,gas,S0S1,stda,0.0000000166,Success
5-DBFBI,gas,S0S1,stddft,0.0000000123,Success
5-DBFBI,gas,S0T1,stda,0.0000000630,Success
5-DBFBI,gas,S0T1,stddft,0.0000000298,Success
5-DBFBI,toluene,S0S1,stda,0.0000001272,Success
5-DBFBI,toluene,S0S1,stddft,0.0000001162,Success
5-DBFBI,toluene,S0T1,stda,0.0000000811,Success
5-DBFBI,toluene,S0T1,stddft,-0.0000000372,Success
6,7-DCNQx-DICz,gas,S0S1,stda,-0.0000000111,Success
6,7-DCNQx-DICz,gas,S0S1,stddft,0.0000000059,Success
6,7-DCNQx-DICz,gas,S0T1,stda,0.0000000791,Success
6,7-DCNQx-DICz,gas,S0T1,stddft,0.0000000307,Success
6,7-DCNQx-DICz,toluene,S0S1,stda,0.0000000077,Success
6,7-DCNQx-DICz,toluene,S0S1,stddft,0.0000000343,Success
6,7-DCNQx-DICz,toluene,S0T1,stda,0.0000000438,Success
6,7-DCNQx-DICz,toluene,S0T1,stddft,0.0000000930,Success
6AcBIQ,gas,S0S1,stda,-0.0000000104,Success
6AcBIQ,gas,S0S1,stddft,-0.0000000055,Success
6AcBIQ,gas,S0T1,stda,0.0000000313,Success
6AcBIQ,gas,S0T1,stddft,-0.0000000349,Success
6AcBIQ,toluene,S0S1,stda,-0.0000000087,Success
6AcBIQ,toluene,S0S1,stddft,0.0000000186,Success
6AcBIQ,toluene,S0T1,stda,-0.0000000248,Success
6AcBIQ,toluene,S0T1,stddft,-0.0000000166,Success
6-Cz-Sac,gas,S0S1,stda,-0.0000000272,Success
6-Cz-Sac,gas,S0S1,stddft,0.0000000248,Success
6-Cz-Sac,gas,S0T1,stda,0.0000000163,Success
6-Cz-Sac,gas,S0T1,stddft,-0.0000000221,Success
6-Cz-Sac,toluene,S0S1,stda,0.0000000621,Success
6-Cz-Sac,toluene,S0S1,stddft,-0.0000000327,Success
6-Cz-Sac,toluene,S0T1,stda,0.0000000421,Success
6-Cz-Sac,toluene,S0T1,stddft,0.0000000497,Success
6tBPA,gas,S0S1,stda,-0.0000000122,Success
6tBPA,gas,S0S1,stddft,0.0000000171,Success
6tBPA,gas,S0T1,stda,-0.0000001386,Success
6tBPA,gas,S0T1,stddft,-0.0000000394,Success
6tBPA,toluene,S0S1,stda,0.0000000110,Success
6tBPA,toluene,S0S1,stddft,-0.0000000147,Success
6tBPA,toluene,S0T1,stda,0.0000000082,Success
6tBPA,toluene,S0T1,stddft,0.0000000167,Success
9ArFDBFxPO,gas,S0S1,stda,-0.0000000751,Success
9ArFDBFxPO,gas,S0S1,stddft,0.0000000041,Success
9ArFDBFxPO,gas,S0T1,stda,0.0000000004,Success
9ArFDBFxPO,gas,S0T1,stddft,0.0000000885,Success
9ArFDBFxPO,toluene,S0S1,stda,0.0000000835,Success
9ArFDBFxPO,toluene,S0S1,stddft,-0.0000001510,Success
9ArFDBFxPO,toluene,S0T1,stda,-0.0000000164,Success
9ArFDBFxPO,toluene,S0T1,stddft,0.0000000927,Success
9CzFDBFDPO,gas,S0S1,stda,-0.0000000310,Success
9CzFDBFDPO,gas,S0S1,stddft,-0.0000001196,Success
9CzFDBFDPO,gas,S0T1,stda,0.0000000901,Success
9CzFDBFDPO,gas,S0T1,stddft,0.0000001361,Success
9CzFDBFDPO,toluene,S0S1,stda,-0.0000000041,Success
9CzFDBFDPO,toluene,S0S1,stddft,0.0000000901,Success
9CzFDBFDPO,toluene,S0T1,stda,-0.0000000017,Success
9CzFDBFDPO,toluene,S0T1,stddft,0.0000000082,Success
9CzFDBFSPO,gas,S0S1,stda,-0.0000000344,Success
9CzFDBFSPO,gas,S0S1,stddft,-0.0000000353,Success
9CzFDBFSPO,gas,S0T1,stda,-0.0000000325,Success
9CzFDBFSPO,gas,S0T1,stddft,-0.0000000393,Success
9CzFDBFSPO,toluene,S0S1,stda,-0.0000000724,Success
9CzFDBFSPO,toluene,S0S1,stddft,0.0000001608,Success
9CzFDBFSPO,toluene,S0T1,stda,0.0000000843,Success
9CzFDBFSPO,toluene,S0T1,stddft,-0.0000000194,Success
9CzFDPEPO,gas,S0S1,stda,0.0000000846,Success
9CzFDPEPO,gas,S0S1,stddft,-0.0000000158,Success
9CzFDPEPO,gas,S0T1,stda,0.0000000200,Success
9CzFDPEPO,gas,S0T1,stddft,0.0000000189,Success
9CzFDPEPO,toluene,S0S1,stda,-0.0000000358,Success
9CzFDPEPO,toluene,S0S1,stddft,0.0000000265,Success
9CzFDPEPO,toluene,S0T1,stda,0.0000000497,Success
9CzFDPEPO,toluene,S0T1,stddft,0.0000002099,Success
9CzFDPESPO,gas,S0S1,stda,-0.0000000346,Success
9CzFDPESPO,gas,S0S1,stddft,0.0000000776,Success
9CzFDPESPO,gas,S0T1,stda,-0.0000000536,Success
9CzFDPESPO,gas,S0T1,stddft,0.0000001063,Success
9CzFDPESPO,toluene,S0S1,stda,0.0000000057,Success
9CzFDPESPO,toluene,S0S1,stddft,0.0000000909,Success
9CzFDPESPO,toluene,S0T1,stda,-0.0000000793,Success
9CzFDPESPO,toluene,S0T1,stddft,-0.0000000168,Success
9CzTPE,gas,S0S1,stda,0.0000000230,Success
9CzTPE,gas,S0S1,stddft,-0.0000000005,Success
9CzTPE,gas,S0T1,stda,0.0000000051,Success
9CzTPE,gas,S0T1,stddft,0.0000001321,Success
9CzTPE,toluene,S0S1,stda,0.0000000672,Success
9CzTPE,toluene,S0S1,stddft,0.0000000543,Success
9CzTPE,toluene,S0T1,stda,0.0000000976,Success
9CzTPE,toluene,S0T1,stddft,-0.0000001117,Success
9PhCzFDBFDPO,gas,S0S1,stda,-0.0000000909,Success
9PhCzFDBFDPO,gas,S0S1,stddft,-0.0000000701,Success
9PhCzFDBFDPO,gas,S0T1,stda,-0.0000000244,Success
9PhCzFDBFDPO,gas,S0T1,stddft,0.0000000596,Success
9PhCzFDBFDPO,toluene,S0S1,stda,-0.0000000649,Success
9PhCzFDBFDPO,toluene,S0S1,stddft,-0.0000000361,Success
9PhCzFDBFDPO,toluene,S0T1,stda,0.0000000374,Success
9PhCzFDBFDPO,toluene,S0T1,stddft,-0.0000000421,Success
9PhCzFDBFSPO,gas,S0S1,stda,-0.0000000679,Success
9PhCzFDBFSPO,gas,S0S1,stddft,-0.0000001432,Success
9PhCzFDBFSPO,gas,S0T1,stda,-0.0000000518,Success
9PhCzFDBFSPO,gas,S0T1,stddft,-0.0000000827,Success
9PhCzFDBFSPO,toluene,S0S1,stda,0.0000000050,Success
9PhCzFDBFSPO,toluene,S0S1,stddft,-0.0000000560,Success
9PhCzFDBFSPO,toluene,S0T1,stda,0.0000001206,Success
9PhCzFDBFSPO,toluene,S0T1,stddft,-0.0000001623,Success
Ac-BPCN,gas,S0S1,stda,0.0000000042,Success
Ac-BPCN,gas,S0S1,stddft,0.0000001110,Success
Ac-BPCN,gas,S0T1,stda,-0.0000000693,Success
Ac-BPCN,gas,S0T1,stddft,-0.0000000505,Success
Ac-BPCN,toluene,S0S1,stda,0.0000000504,Success
Ac-BPCN,toluene,S0S1,stddft,0.0000000833,Success
Ac-BPCN,toluene,S0T1,stda,0.0000000597,Success
Ac-BPCN,toluene,S0T1,stddft,-0.0000000086,Success
AcCN,gas,S0S1,stda,0.0000000110,Success
AcCN,gas,S0S1,stddft,-0.0000000047,Success
AcCN,gas,S0T1,stda,0.0000000448,Success
AcCN,gas,S0T1,stddft,0.0000000069,Success
AcCN,toluene,S0S1,stda,-0.0000000139,Success
AcCN,toluene,S0S1,stddft,-0.0000000126,Success
AcCN,toluene,S0T1,stda,-0.0000000150,Success
AcCN,toluene,S0T1,stddft,0.0000000512,Success
AcCYP,gas,S0S1,stda,0.0000000391,Success
AcCYP,gas,S0S1,stddft,-0.0000000238,Success
AcCYP,gas,S0T1,stda,-0.0000000118,Success
AcCYP,gas,S0T1,stddft,0.0000000046,Success
AcCYP,toluene,S0S1,stda,-0.0000000014,Success
AcCYP,toluene,S0S1,stddft,-0.0000000005,Success
AcCYP,toluene,S0T1,stda,0.0000000060,Success
AcCYP,toluene,S0T1,stddft,0.0000000090,Success
AcDbp,gas,S0S1,stda,0.0000000122,Success
AcDbp,gas,S0S1,stddft,0.0000000058,Success
AcDbp,gas,S0T1,stda,-0.0000000161,Success
AcDbp,gas,S0T1,stddft,0.0000000609,Success
AcDbp,toluene,S0S1,stda,0.0000000004,Success
AcDbp,toluene,S0S1,stddft,0.0000000050,Success
AcDbp,toluene,S0T1,stda,0.0000000571,Success
AcDbp,toluene,S0T1,stddft,0.0000000470,Success
AcHPM,gas,S0S1,stda,-0.0000000147,Success
AcHPM,gas,S0S1,stddft,0.0000000229,Success
AcHPM,gas,S0T1,stda,-0.0000000143,Success
AcHPM,gas,S0T1,stddft,0.0000000724,Success
AcHPM,toluene,S0S1,stda,0.0000000051,Success
AcHPM,toluene,S0S1,stddft,0.0000000156,Success
AcHPM,toluene,S0T1,stda,-0.0000000406,Success
AcHPM,toluene,S0T1,stddft,-0.0000000027,Success
ACID–BPPZ,gas,S0S1,stda,0.0000000478,Success
ACID–BPPZ,gas,S0S1,stddft,-0.0000000544,Success
ACID–BPPZ,gas,S0T1,stda,0.0000000489,Success
ACID–BPPZ,gas,S0T1,stddft,-0.0000000335,Success
ACID–BPPZ,toluene,S0S1,stda,-0.0000000530,Success
ACID–BPPZ,toluene,S0S1,stddft,0.0000000396,Success
ACID–BPPZ,toluene,S0T1,stda,-0.0000000582,Success
ACID–BPPZ,toluene,S0T1,stddft,-0.0000000438,Success
ACRF,gas,S0S1,stda,0.0000000017,Success
ACRF,gas,S0S1,stddft,-0.0000000016,Success
ACRF,gas,S0T1,stda,-0.0000000180,Success
ACRF,gas,S0T1,stddft,0.0000000458,Success
ACRFLCN,gas,S0S1,stda,0.0000000001,Success
ACRFLCN,gas,S0S1,stddft,0.0000000001,Success
ACRFLCN,gas,S0T1,stda,-0.0000000082,Success
ACRFLCN,gas,S0T1,stddft,0.0000000021,Success
ACRFLCN,toluene,S0S1,stda,0.0000000000,Success
ACRFLCN,toluene,S0S1,stddft,0.0000000001,Success
ACRFLCN,toluene,S0T1,stda,-0.0000000029,Success
ACRFLCN,toluene,S0T1,stddft,-0.0000000778,Success
ACRF,toluene,S0S1,stda,-0.0000000012,Success
ACRF,toluene,S0S1,stddft,-0.0000000012,Success
ACRF,toluene,S0T1,stda,0.0000000096,Success
ACRF,toluene,S0T1,stddft,-0.0000000209,Success
ACRSA,gas,S0S1,stda,-0.0000000010,Success
ACRSA,gas,S0S1,stddft,-0.0000000023,Success
ACRSA,gas,S0T1,stda,0.0000000067,Success
ACRSA,gas,S0T1,stddft,-0.0000000220,Success
ACRSA,toluene,S0S1,stda,-0.0000000010,Success
ACRSA,toluene,S0S1,stddft,-0.0000000021,Success
ACRSA,toluene,S0T1,stda,0.0000000029,Success
ACRSA,toluene,S0T1,stddft,-0.0000000098,Success
ACRXTN,gas,S0S1,stda,-0.0000000175,Success
ACRXTN,gas,S0S1,stddft,-0.0000000294,Success
ACRXTN,gas,S0T1,stda,0.0000000600,Success
ACRXTN,gas,S0T1,stddft,-0.0000000426,Success
ACRXTN,toluene,S0S1,stda,-0.0000000533,Success
ACRXTN,toluene,S0S1,stddft,0.0000000217,Success
ACRXTN,toluene,S0T1,stda,-0.0000000552,Success
ACRXTN,toluene,S0T1,stddft,0.0000000086,Success
ADN,gas,S0S1,stda,-0.0000000521,Success
ADN,gas,S0S1,stddft,-0.0000000392,Success
ADN,gas,S0T1,stda,0.0000000263,Success
ADN,gas,S0T1,stddft,0.0000000212,Success
ADN,toluene,S0S1,stda,-0.0000001225,Success
ADN,toluene,S0S1,stddft,-0.0000000709,Success
ADN,toluene,S0T1,stda,0.0000000922,Success
ADN,toluene,S0T1,stddft,0.0000001445,Success
ADO-TPA,gas,S0S1,stda,0.0000000083,Success
ADO-TPA,gas,S0S1,stddft,-0.0000000179,Success
ADO-TPA,gas,S0T1,stda,-0.0000000169,Success
ADO-TPA,gas,S0T1,stddft,-0.0000000229,Success
ADO-TPA,toluene,S0S1,stda,0.0000000013,Success
ADO-TPA,toluene,S0S1,stddft,-0.0000000330,Success
ADO-TPA,toluene,S0T1,stda,0.0000000214,Success
ADO-TPA,toluene,S0T1,stddft,-0.0000000048,Success
AI-4Cz,gas,S0S1,stda,0.0000000042,Success
AI-4Cz,gas,S0S1,stddft,0.0000000090,Success
AI-4Cz,gas,S0T1,stda,-0.0000000098,Success
AI-4Cz,gas,S0T1,stddft,0.0000000367,Success
AI-4Cz,toluene,S0S1,stda,-0.0000000079,Success
AI-4Cz,toluene,S0S1,stddft,0.0000000015,Success
AI-4Cz,toluene,S0T1,stda,-0.0000000379,Success
AI-4Cz,toluene,S0T1,stddft,0.0000000231,Success
ANOP-DMAC,gas,S0S1,stda,-0.0000000020,Success
ANOP-DMAC,gas,S0S1,stddft,0.0000000004,Success
ANOP-DMAC,gas,S0T1,stda,-0.0000000153,Success
ANOP-DMAC,gas,S0T1,stddft,-0.0000000255,Success
ANOP-DMAC,toluene,S0S1,stda,-0.0000000005,Success
ANOP-DMAC,toluene,S0S1,stddft,-0.0000000177,Success
ANOP-DMAC,toluene,S0T1,stda,0.0000001053,Success
ANOP-DMAC,toluene,S0T1,stddft,0.0000000707,Success
ANOP-MeFAC,gas,S0S1,stda,0.0000000545,Success
ANOP-MeFAC,gas,S0S1,stddft,-0.0000000250,Success
ANOP-MeFAC,gas,S0T1,stda,-0.0000000287,Success
ANOP-MeFAC,gas,S0T1,stddft,-0.0000000149,Success
ANOP-MeFAC,toluene,S0S1,stda,-0.0000000329,Success
ANOP-MeFAC,toluene,S0S1,stddft,-0.0000000197,Success
ANOP-MeFAC,toluene,S0T1,stda,0.0000000680,Success
ANOP-MeFAC,toluene,S0T1,stddft,-0.0000000078,Success
ANQDC,gas,S0S1,stda,-0.0000000006,Success
ANQDC,gas,S0S1,stddft,-0.0000000006,Success
ANQDC,gas,S0T1,stda,0.0000000398,Success
ANQDC,gas,S0T1,stddft,-0.0000000111,Success
ANQDC-PSTA,gas,S0S1,stda,-0.0000000084,Success
ANQDC-PSTA,gas,S0S1,stddft,-0.0000000268,Success
ANQDC-PSTA,gas,S0T1,stda,0.0000000008,Success
ANQDC-PSTA,gas,S0T1,stddft,0.0000000228,Success
ANQDC-PSTA,toluene,S0S1,stda,-0.0000000334,Success
ANQDC-PSTA,toluene,S0S1,stddft,0.0000000464,Success
ANQDC-PSTA,toluene,S0T1,stda,0.0000000032,Success
ANQDC-PSTA,toluene,S0T1,stddft,0.0000000578,Success
ANQDC,toluene,S0S1,stda,-0.0000000002,Success
ANQDC,toluene,S0S1,stddft,-0.0000000001,Success
ANQDC,toluene,S0T1,stda,0.0000000044,Success
ANQDC,toluene,S0T1,stddft,-0.0000000087,Success
APDC-DTPA,gas,S0S1,stda,-0.0000000536,Success
APDC-DTPA,gas,S0S1,stddft,-0.0000000366,Success
APDC-DTPA,gas,S0T1,stda,-0.0000000008,Success
APDC-DTPA,gas,S0T1,stddft,-0.0000000417,Success
APDC-DTPA,toluene,S0S1,stda,-0.0000000285,Success
APDC-DTPA,toluene,S0S1,stddft,-0.0000000286,Success
APDC-DTPA,toluene,S0T1,stda,0.0000000241,Success
APDC-DTPA,toluene,S0T1,stddft,-0.0000000296,Success
APDC-tPh,gas,S0S1,stda,-0.0000000448,Success
APDC-tPh,gas,S0S1,stddft,-0.0000000005,Success
APDC-tPh,gas,S0T1,stda,-0.0000000333,Success
APDC-tPh,gas,S0T1,stddft,0.0000000874,Success
APDC-tPh,toluene,S0S1,stda,-0.0000000187,Success
APDC-tPh,toluene,S0S1,stddft,-0.0000000052,Success
APDC-tPh,toluene,S0T1,stda,-0.0000000358,Success
APDC-tPh,toluene,S0T1,stddft,-0.0000000260,Success
APPT,gas,S0S1,stda,0.0000000477,Success
APPT,gas,S0S1,stddft,-0.0000000139,Success
APPT,gas,S0T1,stda,-0.0000000010,Success
APPT,gas,S0T1,stddft,0.0000000006,Success
APPT-PXZ,gas,S0S1,stda,-0.0000000074,Success
APPT-PXZ,gas,S0S1,stddft,0.0000000174,Success
APPT-PXZ,gas,S0T1,stda,0.0000000001,Success
APPT-PXZ,gas,S0T1,stddft,0.0000000219,Success
APPT-PXZ,toluene,S0S1,stda,0.0000000209,Success
APPT-PXZ,toluene,S0S1,stddft,-0.0000000067,Success
APPT-PXZ,toluene,S0T1,stda,0.0000000119,Success
APPT-PXZ,toluene,S0T1,stddft,-0.0000000072,Success
APPT,toluene,S0S1,stda,0.0000000726,Success
APPT,toluene,S0S1,stddft,0.0000000871,Success
APPT,toluene,S0T1,stda,-0.0000000213,Success
APPT,toluene,S0T1,stddft,0.0000000055,Success
AQ-S-CZ,gas,S0S1,stda,-0.0000000842,Success
AQ-S-CZ,gas,S0S1,stddft,-0.0000000276,Success
AQ-S-CZ,gas,S0T1,stda,0.0000000622,Success
AQ-S-CZ,gas,S0T1,stddft,0.0000000212,Success
AQ-S-CZ,toluene,S0S1,stda,0.0000000283,Success
AQ-S-CZ,toluene,S0S1,stddft,0.0000000174,Success
AQ-S-CZ,toluene,S0T1,stda,0.0000000225,Success
AQ-S-CZ,toluene,S0T1,stddft,-0.0000000576,Success
AQTC,gas,S0S1,stda,0.0000000006,Success
AQTC,gas,S0S1,stddft,-0.0000000005,Success
AQTC,gas,S0T1,stda,-0.0000000286,Success
AQTC,gas,S0T1,stddft,0.0000000061,Success
AQTC,toluene,S0S1,stda,-0.0000000005,Success
AQTC,toluene,S0S1,stddft,0.0000000005,Success
AQTC,toluene,S0T1,stda,-0.0000000864,Success
AQTC,toluene,S0T1,stddft,0.0000000604,Success
arylene,gas,S0S1,stda,0.0000000095,Success
arylene,gas,S0S1,stddft,-0.0000000947,Success
arylene,gas,S0T1,stda,-0.0000000749,Success
arylene,gas,S0T1,stddft,0.0000000471,Success
arylene,toluene,S0S1,stda,-0.0000000212,Success
arylene,toluene,S0S1,stddft,-0.0000000816,Success
arylene,toluene,S0T1,stda,-0.0000000644,Success
arylene,toluene,S0T1,stddft,-0.0000000169,Success
ATDBT,gas,S0S1,stda,0.0000000223,Success
ATDBT,gas,S0S1,stddft,0.0000001674,Success
ATDBT,gas,S0T1,stda,0.0000000499,Success
ATDBT,gas,S0T1,stddft,0.0000000316,Success
ATDBT,toluene,S0S1,stda,0.0000000424,Success
ATDBT,toluene,S0S1,stddft,0.0000000041,Success
ATDBT,toluene,S0T1,stda,0.0000000955,Success
ATDBT,toluene,S0T1,stddft,0.0000000060,Success
B4PyPPM,gas,S0S1,stda,0.0000000144,Success
B4PyPPM,gas,S0S1,stddft,-0.0000000133,Success
B4PyPPM,gas,S0T1,stda,-0.0000000706,Success
B4PyPPM,gas,S0T1,stddft,-0.0000001599,Success
B4PyPPM,toluene,S0S1,stda,-0.0000000122,Success
B4PyPPM,toluene,S0S1,stddft,-0.0000000117,Success
B4PyPPM,toluene,S0T1,stda,-0.0000000468,Success
B4PyPPM,toluene,S0T1,stddft,0.0000000006,Success
BACF,gas,S0S1,stda,-0.0000000204,Success
BACF,gas,S0S1,stddft,0.0000000334,Success
BACF,gas,S0T1,stda,-0.0000000442,Success
BACF,gas,S0T1,stddft,0.0000000022,Success
BACF,toluene,S0S1,stda,0.0000000221,Success
BACF,toluene,S0S1,stddft,-0.0000000415,Success
BACF,toluene,S0T1,stda,-0.0000000336,Success
BACF,toluene,S0T1,stddft,-0.0000000610,Success
BACH,gas,S0S1,stda,0.0000000365,Success
BACH,gas,S0S1,stddft,0.0000000645,Success
BACH,gas,S0T1,stda,0.0000000358,Success
BACH,gas,S0T1,stddft,0.0000000058,Success
BACH,toluene,S0S1,stda,-0.0000000734,Success
BACH,toluene,S0S1,stddft,-0.0000000397,Success
BACH,toluene,S0T1,stda,-0.0000000009,Success
BACH,toluene,S0T1,stddft,-0.0000000530,Success
BACN,gas,S0S1,stda,0.0000000320,Success
BACN,gas,S0S1,stddft,-0.0000000726,Success
BACN,gas,S0T1,stda,0.0000001069,Success
BACN,gas,S0T1,stddft,-0.0000000822,Success
BACN,toluene,S0S1,stda,0.0000000256,Success
BACN,toluene,S0S1,stddft,0.0000000090,Success
BACN,toluene,S0T1,stda,0.0000000625,Success
BACN,toluene,S0T1,stddft,-0.0000000425,Success
BACQ,gas,S0S1,stda,0.0000000821,Success
BACQ,gas,S0S1,stddft,-0.0000000605,Success
BACQ,gas,S0T1,stda,0.0000000078,Success
BACQ,gas,S0T1,stddft,0.0000001108,Success
BACQ,toluene,S0S1,stda,-0.0000000686,Success
BACQ,toluene,S0S1,stddft,-0.0000000153,Success
BACQ,toluene,S0T1,stda,0.0000000066,Success
BACQ,toluene,S0T1,stddft,0.0000000728,Success
BANE,gas,S0S1,stda,-0.0000000128,Success
BANE,gas,S0S1,stddft,-0.0000000073,Success
BANE,gas,S0T1,stda,0.0000000137,Success
BANE,gas,S0T1,stddft,0.0000000206,Success
BANE,toluene,S0S1,stda,0.0000000449,Success
BANE,toluene,S0S1,stddft,-0.0000000509,Success
BANE,toluene,S0T1,stda,0.0000000489,Success
BANE,toluene,S0T1,stddft,0.0000000793,Success
BAPCN,gas,S0S1,stda,-0.0000000341,Success
BAPCN,gas,S0S1,stddft,0.0000000265,Success
BAPCN,gas,S0T1,stda,-0.0000000399,Success
BAPCN,gas,S0T1,stddft,0.0000000840,Success
BAPCN,toluene,S0S1,stda,0.0000000247,Success
BAPCN,toluene,S0S1,stddft,-0.0000000506,Success
BAPCN,toluene,S0T1,stda,0.0000000188,Success
BAPCN,toluene,S0T1,stddft,0.0000000336,Success
BBA-Pyr,gas,S0S1,stda,0.0000000474,Success
BBA-Pyr,gas,S0S1,stddft,0.0000000009,Success
BBA-Pyr,gas,S0T1,stda,0.0000000251,Success
BBA-Pyr,gas,S0T1,stddft,-0.0000000427,Success
BBA-Pyr,toluene,S0S1,stda,0.0000000268,Success
BBA-Pyr,toluene,S0S1,stddft,0.0000001233,Success
BBA-Pyr,toluene,S0T1,stda,0.0000000267,Success
BBA-Pyr,toluene,S0T1,stddft,-0.0000000105,Success
BBCz,gas,S0S1,stda,0.0000000059,Success
BBCz,gas,S0S1,stddft,0.0000001015,Success
BBCz,gas,S0T1,stda,0.0000000134,Success
BBCz,gas,S0T1,stddft,-0.0000000372,Success
BBCz,toluene,S0S1,stda,-0.0000000339,Success
BBCz,toluene,S0S1,stddft,-0.0000000721,Success
BBCz,toluene,S0T1,stda,0.0000000259,Success
BBCz,toluene,S0T1,stddft,0.0000000200,Success
BBPA,gas,S0S1,stda,-0.0000001595,Success
BBPA,gas,S0S1,stddft,-0.0000000277,Success
BBPA,gas,S0T1,stda,0.0000000726,Success
BBPA,gas,S0T1,stddft,0.0000000375,Success
BBPA,toluene,S0S1,stda,-0.0000001578,Success
BBPA,toluene,S0S1,stddft,0.0000000331,Success
BBPA,toluene,S0T1,stda,0.0000000266,Success
BBPA,toluene,S0T1,stddft,0.0000001446,Success
BCN,gas,S0S1,stda,0.0000000608,Success
BCN,gas,S0S1,stddft,-0.0000000124,Success
BCN,gas,S0T1,stda,0.0000000740,Success
BCN,gas,S0T1,stddft,0.0000000100,Success
BCN,toluene,S0S1,stda,-0.0000000280,Success
BCN,toluene,S0S1,stddft,-0.0000000139,Success
BCN,toluene,S0T1,stda,-0.0000000141,Success
BCN,toluene,S0T1,stddft,-0.0000000192,Success
BCPBT,gas,S0S1,stda,0.0000000474,Success
BCPBT,gas,S0S1,stddft,0.0000000205,Success
BCPBT,gas,S0T1,stda,-0.0000000702,Success
BCPBT,gas,S0T1,stddft,-0.0000000988,Success
BCPBT,toluene,S0S1,stda,0.0000000489,Success
BCPBT,toluene,S0S1,stddft,-0.0000000470,Success
BCPBT,toluene,S0T1,stda,-0.0000000219,Success
BCPBT,toluene,S0T1,stddft,-0.0000000644,Success
BCzBMes,gas,S0S1,stda,-0.0000000501,Success
BCzBMes,gas,S0S1,stddft,-0.0000000129,Success
BCzBMes,gas,S0T1,stda,0.0000000491,Success
BCzBMes,gas,S0T1,stddft,-0.0000000101,Success
BCzBMes,toluene,S0S1,stda,0.0000000587,Success
BCzBMes,toluene,S0S1,stddft,0.0000000565,Success
BCzBMes,toluene,S0T1,stda,-0.0000000038,Success
BCzBMes,toluene,S0T1,stddft,0.0000000121,Success
BCZ-DPS-AD,gas,S0S1,stda,0.0000000322,Success
BCZ-DPS-AD,gas,S0S1,stddft,-0.0000000715,Success
BCZ-DPS-AD,gas,S0T1,stda,0.0000000130,Success
BCZ-DPS-AD,gas,S0T1,stddft,-0.0000000669,Success
BCZ-DPS-AD,toluene,S0S1,stda,0.0000000483,Success
BCZ-DPS-AD,toluene,S0S1,stddft,-0.0000000270,Success
BCZ-DPS-AD,toluene,S0T1,stda,0.0000000182,Success
BCZ-DPS-AD,toluene,S0T1,stddft,-0.0000000661,Success
BCzPh,gas,S0S1,stda,0.0000000163,Success
BCzPh,gas,S0S1,stddft,0.0000000397,Success
BCzPh,gas,S0T1,stda,-0.0000000048,Success
BCzPh,gas,S0T1,stddft,0.0000000286,Success
BCzPh,toluene,S0S1,stda,0.0000001233,Success
BCzPh,toluene,S0S1,stddft,-0.0000001327,Success
BCzPh,toluene,S0T1,stda,0.0000000894,Success
BCzPh,toluene,S0T1,stddft,0.0000000199,Success
BDAPM,gas,S0S1,stda,0.0000000013,Success
BDAPM,gas,S0S1,stddft,-0.0000000743,Success
BDAPM,gas,S0T1,stda,-0.0000000125,Success
BDAPM,gas,S0T1,stddft,0.0000000684,Success
BDAPM,toluene,S0S1,stda,-0.0000000626,Success
BDAPM,toluene,S0S1,stddft,0.0000001142,Success
BDAPM,toluene,S0T1,stda,0.0000000019,Success
BDAPM,toluene,S0T1,stddft,-0.0000000248,Success
BDAVBi,gas,S0S1,stda,-0.0000000129,Success
BDAVBi,gas,S0S1,stddft,0.0000000062,Success
BDAVBi,gas,S0T1,stda,0.0000000099,Success
BDAVBi,gas,S0T1,stddft,0.0000000182,Success
BDAVBi,toluene,S0S1,stda,-0.0000000538,Success
BDAVBi,toluene,S0S1,stddft,0.0000000220,Success
BDAVBi,toluene,S0T1,stda,0.0000000268,Success
BDAVBi,toluene,S0T1,stddft,-0.0000000340,Success
BDBFCz-Trz,gas,S0S1,stda,0.0000000253,Success
BDBFCz-Trz,gas,S0S1,stddft,0.0000000311,Success
BDBFCz-Trz,gas,S0T1,stda,0.0000000334,Success
BDBFCz-Trz,gas,S0T1,stddft,-0.0000000326,Success
BDBFCz-Trz,toluene,S0S1,stda,-0.0000000259,Success
BDBFCz-Trz,toluene,S0S1,stddft,-0.0000000084,Success
BDBFCz-Trz,toluene,S0T1,stda,0.0000000501,Success
BDBFCz-Trz,toluene,S0T1,stddft,-0.0000000271,Success
BDBTCz-Trz,gas,S0S1,stda,-0.0000000223,Success
BDBTCz-Trz,gas,S0S1,stddft,-0.0000000697,Success
BDBTCz-Trz,gas,S0T1,stda,-0.0000000344,Success
BDBTCz-Trz,gas,S0T1,stddft,-0.0000000052,Success
BDBTCz-Trz,toluene,S0S1,stda,0.0000000600,Success
BDBTCz-Trz,toluene,S0S1,stddft,-0.0000000556,Success
BDBTCz-Trz,toluene,S0T1,stda,-0.0000000084,Success
BDBTCz-Trz,toluene,S0T1,stddft,-0.0000000321,Success
B-dpa-Cz,gas,S0S1,stda,0.0000000661,Success
B-dpa-Cz,gas,S0S1,stddft,0.0000000137,Success
B-dpa-Cz,gas,S0T1,stda,0.0000000746,Success
B-dpa-Cz,gas,S0T1,stddft,-0.0000000197,Success
B-dpa-Cz,toluene,S0S1,stda,0.0000000403,Success
B-dpa-Cz,toluene,S0S1,stddft,-0.0000000010,Success
B-dpa-Cz,toluene,S0T1,stda,-0.0000000415,Success
B-dpa-Cz,toluene,S0T1,stddft,-0.0000000129,Success
B-dpa-SpiroAC,gas,S0S1,stda,0.0000000207,Success
B-dpa-SpiroAC,gas,S0S1,stddft,-0.0000000377,Success
B-dpa-SpiroAC,gas,S0T1,stda,-0.0000000084,Success
B-dpa-SpiroAC,gas,S0T1,stddft,-0.0000000114,Success
B-dpa-SpiroAC,toluene,S0S1,stda,0.0000000011,Success
B-dpa-SpiroAC,toluene,S0S1,stddft,0.0000000151,Success
B-dpa-SpiroAC,toluene,S0T1,stda,-0.0000000463,Success
B-dpa-SpiroAC,toluene,S0T1,stddft,0.0000000227,Success
BDPCC,gas,S0S1,stda,0.0000000498,Success
BDPCC,gas,S0S1,stddft,0.0000001350,Success
BDPCC,gas,S0T1,stda,0.0000000428,Success
BDPCC,gas,S0T1,stddft,-0.0000000084,Success
BDPCC,toluene,S0S1,stda,0.0000000713,Success
BDPCC,toluene,S0S1,stddft,0.0000001043,Success
BDPCC,toluene,S0T1,stda,-0.0000000609,Success
BDPCC,toluene,S0T1,stddft,-0.0000000456,Success
BDQC-2,gas,S0S1,stda,0.0000000194,Success
BDQC-2,gas,S0S1,stddft,0.0000000316,Success
BDQC-2,gas,S0T1,stda,-0.0000000085,Success
BDQC-2,gas,S0T1,stddft,0.0000000067,Success
BDQC-2,toluene,S0S1,stda,-0.0000000245,Success
BDQC-2,toluene,S0S1,stddft,0.0000000271,Success
BDQC-2,toluene,S0T1,stda,0.0000000623,Success
BDQC-2,toluene,S0T1,stddft,0.0000000478,Success
BDQDMAC,gas,S0S1,stda,-0.0000000119,Success
BDQDMAC,gas,S0S1,stddft,0.0000000522,Success
BDQDMAC,gas,S0T1,stda,0.0000000186,Success
BDQDMAC,gas,S0T1,stddft,0.0000000497,Success
BDQDMAC,toluene,S0S1,stda,-0.0000000016,Success
BDQDMAC,toluene,S0S1,stddft,0.0000000386,Success
BDQDMAC,toluene,S0T1,stda,0.0000000014,Success
BDQDMAC,toluene,S0T1,stddft,-0.0000000131,Success
BDQPCz,gas,S0S1,stda,-0.0000001137,Success
BDQPCz,gas,S0S1,stddft,0.0000000625,Success
BDQPCz,gas,S0T1,stda,0.0000001648,Success
BDQPCz,gas,S0T1,stddft,0.0000001577,Success
BDQPCz,toluene,S0S1,stda,0.0000000783,Success
BDQPCz,toluene,S0S1,stddft,-0.0000000385,Success
BDQPCz,toluene,S0T1,stda,-0.0000001299,Success
BDQPCz,toluene,S0T1,stddft,0.0000000233,Success
BDQ-tBuCz,gas,S0S1,stda,0.0000000947,Success
BDQ-tBuCz,gas,S0S1,stddft,0.0000000284,Success
BDQ-tBuCz,gas,S0T1,stda,-0.0000000029,Success
BDQ-tBuCz,gas,S0T1,stddft,0.0000000761,Success
BDQ-tBuCz,toluene,S0S1,stda,0.0000000226,Success
BDQ-tBuCz,toluene,S0S1,stddft,-0.0000000351,Success
BDQ-tBuCz,toluene,S0T1,stda,-0.0000000024,Success
BDQ-tBuCz,toluene,S0T1,stddft,0.0000000013,Success
benzoxazole,gas,S0S1,stda,0.0000000120,Success
benzoxazole,gas,S0S1,stddft,0.0000000068,Success
benzoxazole,gas,S0T1,stda,0.0000001390,Success
benzoxazole,gas,S0T1,stddft,-0.0000000602,Success
benzoxazole,toluene,S0S1,stda,0.0000000327,Success
benzoxazole,toluene,S0S1,stddft,-0.0000000212,Success
benzoxazole,toluene,S0T1,stda,-0.0000000204,Success
benzoxazole,toluene,S0T1,stddft,-0.0000000282,Success
BFCZPZ1,gas,S0S1,stda,0.0000000654,Success
BFCZPZ1,gas,S0S1,stddft,-0.0000000134,Success
BFCZPZ1,gas,S0T1,stda,0.0000000584,Success
BFCZPZ1,gas,S0T1,stddft,0.0000000602,Success
BFCZPZ1,toluene,S0S1,stda,0.0000000014,Success
BFCZPZ1,toluene,S0S1,stddft,0.0000000300,Success
BFCZPZ1,toluene,S0T1,stda,-0.0000000228,Success
BFCZPZ1,toluene,S0T1,stddft,-0.0000000010,Success
BFCZPZ2,gas,S0S1,stda,-0.0000000181,Success
BFCZPZ2,gas,S0S1,stddft,0.0000000409,Success
BFCZPZ2,gas,S0T1,stda,-0.0000000641,Success
BFCZPZ2,gas,S0T1,stddft,-0.0000000851,Success
BFCZPZ2,toluene,S0S1,stda,0.0000000258,Success
BFCZPZ2,toluene,S0S1,stddft,0.0000000213,Success
BFCZPZ2,toluene,S0T1,stda,-0.0000000282,Success
BFCZPZ2,toluene,S0T1,stddft,-0.0000000538,Success
BFCZPZ3,gas,S0S1,stda,-0.0000000068,Success
BFCZPZ3,gas,S0S1,stddft,0.0000000099,Success
BFCZPZ3,gas,S0T1,stda,-0.0000000764,Success
BFCZPZ3,gas,S0T1,stddft,0.0000000020,Success
BFCZPZ3,toluene,S0S1,stda,-0.0000000370,Success
BFCZPZ3,toluene,S0S1,stddft,-0.0000000235,Success
BFCZPZ3,toluene,S0T1,stda,-0.0000000538,Success
BFCZPZ3,toluene,S0T1,stddft,-0.0000000502,Success
BFDMAc-NAI,gas,S0S1,stda,-0.0000000162,Success
BFDMAc-NAI,gas,S0S1,stddft,0.0000000163,Success
BFDMAc-NAI,gas,S0T1,stda,0.0000000136,Success
BFDMAc-NAI,gas,S0T1,stddft,0.0000000242,Success
BFDMAc-NAI,toluene,S0S1,stda,0.0000000275,Success
BFDMAc-NAI,toluene,S0S1,stddft,-0.0000000021,Success
BFDMAc-NAI,toluene,S0T1,stda,-0.0000000211,Success
BFDMAc-NAI,toluene,S0T1,stddft,0.0000000258,Success
BICFOCz,gas,S0S1,stda,0.0000000416,Success
BICFOCz,gas,S0S1,stddft,0.0000001247,Success
BICFOCz,gas,S0T1,stda,-0.0000000836,Success
BICFOCz,gas,S0T1,stddft,-0.0000001272,Success
BICFOCz,toluene,S0S1,stda,-0.0000000850,Success
BICFOCz,toluene,S0S1,stddft,0.0000000357,Success
BICFOCz,toluene,S0T1,stda,0.0000000257,Success
BICFOCz,toluene,S0T1,stddft,0.0000000095,Success
BIPOCz,gas,S0S1,stda,-0.0000001171,Success
BIPOCz,gas,S0S1,stddft,0.0000000424,Success
BIPOCz,gas,S0T1,stda,-0.0000000474,Success
BIPOCz,gas,S0T1,stddft,0.0000000082,Success
BIPOCz,toluene,S0S1,stda,-0.0000000361,Success
BIPOCz,toluene,S0S1,stddft,0.0000000758,Success
BIPOCz,toluene,S0T1,stda,0.0000000189,Success
BIPOCz,toluene,S0T1,stddft,-0.0000000155,Success
BMIM,gas,S0S1,stda,-0.0000000233,Success
BMIM,gas,S0S1,stddft,-0.0000000326,Success
BMIM,gas,S0T1,stda,-0.0000000017,Success
BMIM,gas,S0T1,stddft,-0.0000000436,Success
[BMIM][PF6],gas,S0S1,stda,0.0000000028,Success
[BMIM][PF6],gas,S0S1,stddft,-0.0000000120,Success
[BMIM][PF6],gas,S0T1,stda,0.0000000985,Success
[BMIM][PF6],gas,S0T1,stddft,0.0000000407,Success
[BMIM][PF6],toluene,S0S1,stda,-0.0000000328,Success
[BMIM][PF6],toluene,S0S1,stddft,0.0000000235,Success
[BMIM][PF6],toluene,S0T1,stda,0.0000000546,Success
[BMIM][PF6],toluene,S0T1,stddft,0.0000000862,Success
BMIM,toluene,S0S1,stda,0.0000000728,Success
BMIM,toluene,S0S1,stddft,-0.0000000099,Success
BMIM,toluene,S0T1,stda,0.0000000357,Success
BMIM,toluene,S0T1,stddft,0.0000000326,Success
BmPyPhB,gas,S0S1,stda,0.0000000006,Success
BmPyPhB,gas,S0S1,stddft,0.0000000235,Success
BmPyPhB,gas,S0T1,stda,0.0000000522,Success
BmPyPhB,gas,S0T1,stddft,-0.0000000641,Success
BmPyPhB,toluene,S0S1,stda,0.0000000078,Success
BmPyPhB,toluene,S0S1,stddft,-0.0000000571,Success
BmPyPhB,toluene,S0T1,stda,-0.0000000400,Success
BmPyPhB,toluene,S0T1,stddft,-0.0000000173,Success
BMZ-TZ,gas,S0S1,stda,0.0000000334,Success
BMZ-TZ,gas,S0S1,stddft,0.0000001024,Success
BMZ-TZ,gas,S0T1,stda,0.0000000103,Success
BMZ-TZ,gas,S0T1,stddft,-0.0000000077,Success
BMZ-TZ,toluene,S0S1,stda,0.0000000515,Success
BMZ-TZ,toluene,S0S1,stddft,0.0000000177,Success
BMZ-TZ,toluene,S0T1,stda,0.0000000671,Success
BMZ-TZ,toluene,S0T1,stddft,-0.0000000295,Success
BN-DBC-Ph2,gas,S0S1,stda,0.0000000029,Success
BN-DBC-Ph2,gas,S0S1,stddft,-0.0000000036,Success
BN-DBC-Ph2,gas,S0T1,stda,-0.0000000629,Success
BN-DBC-Ph2,gas,S0T1,stddft,-0.0000000596,Success
BN-DBC-Ph2,toluene,S0S1,stda,-0.0000000201,Success
BN-DBC-Ph2,toluene,S0S1,stddft,-0.0000000040,Success
BN-DBC-Ph2,toluene,S0T1,stda,-0.0000000717,Success
BN-DBC-Ph2,toluene,S0T1,stddft,0.0000000051,Success
BO3N,gas,S0S1,stda,0.0000000276,Success
BO3N,gas,S0S1,stddft,-0.0000001306,Success
BO3N,gas,S0T1,stda,-0.0000000556,Success
BO3N,gas,S0T1,stddft,0.0000000289,Success
BO3N,toluene,S0S1,stda,-0.0000000266,Success
BO3N,toluene,S0S1,stddft,0.0000000193,Success
BO3N,toluene,S0T1,stda,-0.0000000129,Success
BO3N,toluene,S0T1,stddft,-0.0000002169,Success
B-O-dpa,gas,S0S1,stda,-0.0000000005,Success
B-O-dpa,gas,S0S1,stddft,0.0000000514,Success
B-O-dpa,gas,S0T1,stda,-0.0000000536,Success
B-O-dpa,gas,S0T1,stddft,-0.0000000229,Success
B-O-dpa,toluene,S0S1,stda,0.0000000267,Success
B-O-dpa,toluene,S0S1,stddft,0.0000000674,Success
B-O-dpa,toluene,S0T1,stda,-0.0000000308,Success
B-O-dpa,toluene,S0T1,stddft,0.0000000005,Success
BPBiPA,gas,S0S1,stda,-0.0000000237,Success
BPBiPA,gas,S0S1,stddft,0.0000000965,Success
BPBiPA,gas,S0T1,stda,-0.0000000447,Success
BPBiPA,gas,S0T1,stddft,-0.0000001585,Success
BPBiPA,toluene,S0S1,stda,0.0000000782,Success
BPBiPA,toluene,S0S1,stddft,-0.0000000485,Success
BPBiPA,toluene,S0T1,stda,0.0000000335,Success
BPBiPA,toluene,S0T1,stddft,-0.0000000577,Success
BPCN-2Cz,gas,S0S1,stda,0.0000000559,Success
BPCN-2Cz,gas,S0S1,stddft,-0.0000000594,Success
BPCN-2Cz,gas,S0T1,stda,0.0000000212,Success
BPCN-2Cz,gas,S0T1,stddft,0.0000000361,Success
BPCN-2Cz,toluene,S0S1,stda,0.0000000344,Success
BPCN-2Cz,toluene,S0S1,stddft,0.0000000122,Success
BPCN-2Cz,toluene,S0T1,stda,0.0000000190,Success
BPCN-2Cz,toluene,S0T1,stddft,0.0000000051,Success
BPCN-Cz2Ph,gas,S0S1,stda,-0.0000000728,Success
BPCN-Cz2Ph,gas,S0S1,stddft,0.0000000088,Success
BPCN-Cz2Ph,gas,S0T1,stda,0.0000000838,Success
BPCN-Cz2Ph,gas,S0T1,stddft,-0.0000000595,Success
BPCN-Cz2Ph,toluene,S0S1,stda,-0.0000000075,Success
BPCN-Cz2Ph,toluene,S0S1,stddft,0.0000000434,Success
BPCN-Cz2Ph,toluene,S0T1,stda,-0.0000000220,Success
BPCN-Cz2Ph,toluene,S0T1,stddft,0.0000000242,Success
BPCP-2CPC,gas,S0S1,stda,-0.0000000357,Success
BPCP-2CPC,gas,S0S1,stddft,-0.0000000099,Success
BPCP-2CPC,gas,S0T1,stda,0.0000001203,Success
BPCP-2CPC,gas,S0T1,stddft,0.0000000031,Success
BPCP-2CPC,toluene,S0S1,stda,0.0000000124,Success
BPCP-2CPC,toluene,S0S1,stddft,0.0000000434,Success
BPCP-2CPC,toluene,S0T1,stda,0.0000000187,Success
BPCP-2CPC,toluene,S0T1,stddft,-0.0000000294,Success
bpipH,gas,S0S1,stda,-0.0000000086,Success
bpipH,gas,S0S1,stddft,0.0000000288,Success
bpipH,gas,S0T1,stda,-0.0000000425,Success
bpipH,gas,S0T1,stddft,-0.0000000492,Success
bpipH,toluene,S0S1,stda,0.0000000541,Success
bpipH,toluene,S0S1,stddft,0.0000000044,Success
bpipH,toluene,S0T1,stda,-0.0000000034,Success
bpipH,toluene,S0T1,stddft,0.0000000508,Success
BP-mDTC,gas,S0S1,stda,0.0000000807,Success
BP-mDTC,gas,S0S1,stddft,-0.0000000175,Success
BP-mDTC,gas,S0T1,stda,-0.0000000348,Success
BP-mDTC,gas,S0T1,stddft,-0.0000000291,Success
BP-mDTC,toluene,S0S1,stda,0.0000000142,Success
BP-mDTC,toluene,S0S1,stddft,-0.0000000588,Success
BP-mDTC,toluene,S0T1,stda,0.0000000298,Success
BP-mDTC,toluene,S0T1,stddft,-0.0000000069,Success
BPPyA,gas,S0S1,stda,0.0000000867,Success
BPPyA,gas,S0S1,stddft,-0.0000000654,Success
BPPyA,gas,S0T1,stda,-0.0000000013,Success
BPPyA,gas,S0T1,stddft,-0.0000000809,Success
BPPyA,toluene,S0S1,stda,-0.0000000218,Success
BPPyA,toluene,S0S1,stddft,-0.0000000290,Success
BPPyA,toluene,S0T1,stda,0.0000000867,Success
BPPyA,toluene,S0T1,stddft,0.0000001297,Success
BPy-TP2,gas,S0S1,stda,-0.0000000165,Success
BPy-TP2,gas,S0S1,stddft,0.0000000120,Success
BPy-TP2,gas,S0T1,stda,0.0000000313,Success
BPy-TP2,gas,S0T1,stddft,-0.0000000632,Success
BPy-TP2,toluene,S0S1,stda,0.0000000871,Success
BPy-TP2,toluene,S0S1,stddft,0.0000000779,Success
BPy-TP2,toluene,S0T1,stda,-0.0000001205,Success
BPy-TP2,toluene,S0T1,stddft,-0.0000000937,Success
BPZPP,gas,S0S1,stda,-0.0000000018,Success
BPZPP,gas,S0S1,stddft,-0.0000000770,Success
BPZPP,gas,S0T1,stda,-0.0000000580,Success
BPZPP,gas,S0T1,stddft,-0.0000000001,Success
BPZPP,toluene,S0S1,stda,-0.0000000257,Success
BPZPP,toluene,S0S1,stddft,0.0000000801,Success
BPZPP,toluene,S0T1,stda,-0.0000000286,Success
BPZPP,toluene,S0T1,stddft,-0.0000000714,Success
BSBFB,gas,S0S1,stda,0.0000000346,Success
BSBFB,gas,S0S1,stddft,0.0000000262,Success
BSBFB,gas,S0T1,stda,-0.0000000237,Success
BSBFB,gas,S0T1,stddft,-0.0000000321,Success
BSBFB,toluene,S0S1,stda,-0.0000000250,Success
BSBFB,toluene,S0S1,stddft,-0.0000000595,Success
BSBFB,toluene,S0T1,stda,0.0000000500,Success
BSBFB,toluene,S0T1,stddft,-0.0000000466,Success
BTaz-Ar-PXZ,gas,S0S1,stda,0.0000000385,Success
BTaz-Ar-PXZ,gas,S0S1,stddft,0.0000000043,Success
BTaz-Ar-PXZ,gas,S0T1,stda,-0.0000000632,Success
BTaz-Ar-PXZ,gas,S0T1,stddft,-0.0000000836,Success
BTaz-Ar-PXZ,toluene,S0S1,stda,-0.0000000519,Success
BTaz-Ar-PXZ,toluene,S0S1,stddft,-0.0000000066,Success
BTaz-Ar-PXZ,toluene,S0T1,stda,-0.0000000215,Success
BTaz-Ar-PXZ,toluene,S0T1,stddft,0.0000001201,Success
BTCz3CzTPN,gas,S0S1,stda,0.0000000109,Success
BTCz3CzTPN,gas,S0S1,stddft,0.0000000430,Success
BTCz3CzTPN,gas,S0T1,stda,-0.0000000556,Success
BTCz3CzTPN,gas,S0T1,stddft,-0.0000000021,Success
BTCz3CzTPN,toluene,S0S1,stda,0.0000000068,Success
BTCz3CzTPN,toluene,S0S1,stddft,-0.0000000053,Success
BTCz3CzTPN,toluene,S0T1,stda,-0.0000000067,Success
BTCz3CzTPN,toluene,S0T1,stddft,-0.0000000301,Success
BTCZPZ1,gas,S0S1,stda,0.0000000608,Success
BTCZPZ1,gas,S0S1,stddft,0.0000000343,Success
BTCZPZ1,gas,S0T1,stda,-0.0000000662,Success
BTCZPZ1,gas,S0T1,stddft,-0.0000000066,Success
BTCZPZ1,toluene,S0S1,stda,-0.0000000441,Success
BTCZPZ1,toluene,S0S1,stddft,-0.0000000191,Success
BTCZPZ1,toluene,S0T1,stda,-0.0000000359,Success
BTCZPZ1,toluene,S0T1,stddft,0.0000000509,Success
BTD-PXZ,gas,S0S1,stda,-0.0000000137,Success
BTD-PXZ,gas,S0S1,stddft,0.0000000275,Success
BTD-PXZ,gas,S0T1,stda,0.0000000042,Success
BTD-PXZ,gas,S0T1,stddft,-0.0000000117,Success
BTD-PXZ,toluene,S0S1,stda,-0.0000000125,Success
BTD-PXZ,toluene,S0S1,stddft,0.0000000213,Success
BTD-PXZ,toluene,S0T1,stda,0.0000000130,Success
BTD-PXZ,toluene,S0T1,stddft,0.0000000052,Success
BTITrz,gas,S0S1,stda,-0.0000000667,Success
BTITrz,gas,S0S1,stddft,-0.0000000257,Success
BTITrz,gas,S0T1,stda,0.0000000422,Success
BTITrz,gas,S0T1,stddft,0.0000000048,Success
BTITrz,toluene,S0S1,stda,0.0000000613,Success
BTITrz,toluene,S0S1,stddft,0.0000000069,Success
BTITrz,toluene,S0T1,stda,0.0000000523,Success
BTITrz,toluene,S0T1,stddft,0.0000000069,Success
BTPBFCz-D3,gas,S0S1,stda,-0.0000000175,Success
BTPBFCz-D3,gas,S0S1,stddft,-0.0000000689,Success
BTPBFCz-D3,gas,S0T1,stda,-0.0000000027,Success
BTPBFCz-D3,gas,S0T1,stddft,-0.0000000451,Success
BTPBFCz-D3,toluene,S0S1,stda,-0.0000000610,Success
BTPBFCz-D3,toluene,S0S1,stddft,-0.0000000300,Success
BTPBFCz-D3,toluene,S0T1,stda,-0.0000000070,Success
BTPBFCz-D3,toluene,S0T1,stddft,-0.0000000030,Success
BTPBFCz,gas,S0S1,stda,-0.0000001028,Success
BTPBFCz,gas,S0S1,stddft,0.0000000339,Success
BTPBFCz,gas,S0T1,stda,-0.0000000742,Success
BTPBFCz,gas,S0T1,stddft,-0.0000000171,Success
BTPBFCz,toluene,S0S1,stda,0.0000000179,Success
BTPBFCz,toluene,S0S1,stddft,-0.0000000464,Success
BTPBFCz,toluene,S0T1,stda,0.0000000069,Success
BTPBFCz,toluene,S0T1,stddft,-0.0000000583,Success
BTPO,gas,S0S1,stda,0.0000000264,Success
BTPO,gas,S0S1,stddft,-0.0000000688,Success
BTPO,gas,S0T1,stda,0.0000000568,Success
BTPO,gas,S0T1,stddft,0.0000000130,Success
BTPO,toluene,S0S1,stda,0.0000000257,Success
BTPO,toluene,S0S1,stddft,0.0000000119,Success
BTPO,toluene,S0T1,stda,0.0000000499,Success
BTPO,toluene,S0T1,stddft,0.0000000333,Success
BTrztCz,gas,S0S1,stda,0.0000000236,Success
BTrztCz,gas,S0S1,stddft,-0.0000000587,Success
BTrztCz,gas,S0T1,stda,0.0000000123,Success
BTrztCz,gas,S0T1,stddft,-0.0000000473,Success
BTrztCz,toluene,S0S1,stda,0.0000000327,Success
BTrztCz,toluene,S0S1,stddft,-0.0000000242,Success
BTrztCz,toluene,S0T1,stda,-0.0000000774,Success
BTrztCz,toluene,S0T1,stddft,-0.0000000627,Success
BTZ–DMAC,gas,S0S1,stda,0.0000000021,Success
BTZ–DMAC,gas,S0S1,stddft,0.0000000135,Success
BTZ–DMAC,gas,S0T1,stda,-0.0000001016,Success
BTZ–DMAC,gas,S0T1,stddft,0.0000000459,Success
BTZ–DMAC,toluene,S0S1,stda,-0.0000000474,Success
BTZ–DMAC,toluene,S0S1,stddft,-0.0000000156,Success
BTZ–DMAC,toluene,S0T1,stda,-0.0000000793,Success
BTZ–DMAC,toluene,S0T1,stddft,-0.0000000835,Success
BTZ–DPA,gas,S0S1,stda,-0.0000000014,Success
BTZ–DPA,gas,S0S1,stddft,0.0000000029,Success
BTZ–DPA,gas,S0T1,stda,-0.0000000314,Success
BTZ–DPA,gas,S0T1,stddft,-0.0000000893,Success
BTZ–DPA,toluene,S0S1,stda,0.0000000402,Success
BTZ–DPA,toluene,S0S1,stddft,-0.0000000067,Success
BTZ–DPA,toluene,S0T1,stda,0.0000000779,Success
BTZ–DPA,toluene,S0T1,stddft,-0.0000000819,Success
BTZPP,gas,S0S1,stda,0.0000000011,Success
BTZPP,gas,S0S1,stddft,-0.0000000937,Success
BTZPP,gas,S0T1,stda,-0.0000000018,Success
BTZPP,gas,S0T1,stddft,0.0000000649,Success
BTZPP,toluene,S0S1,stda,-0.0000000509,Success
BTZPP,toluene,S0S1,stddft,0.0000000227,Success
BTZPP,toluene,S0T1,stda,-0.0000001070,Success
BTZPP,toluene,S0T1,stddft,0.0000000975,Success
BuCzCF3oB,gas,S0S1,stda,0.0000000204,Success
BuCzCF3oB,gas,S0S1,stddft,0.0000000019,Success
BuCzCF3oB,gas,S0T1,stda,0.0000000131,Success
BuCzCF3oB,gas,S0T1,stddft,0.0000000069,Success
BuCzCF3oB,toluene,S0S1,stda,-0.0000000826,Success
BuCzCF3oB,toluene,S0S1,stddft,-0.0000000034,Success
BuCzCF3oB,toluene,S0T1,stda,-0.0000000687,Success
BuCzCF3oB,toluene,S0T1,stddft,0.0000000083,Success
BuPCzBCO,gas,S0S1,stda,0.0000000835,Success
BuPCzBCO,gas,S0S1,stddft,0.0000000780,Success
BuPCzBCO,gas,S0T1,stda,-0.0000000502,Success
BuPCzBCO,gas,S0T1,stddft,-0.0000001011,Success
BuPCzBCO,toluene,S0S1,stda,-0.0000000422,Success
BuPCzBCO,toluene,S0S1,stddft,0.0000000473,Success
BuPCzBCO,toluene,S0T1,stda,0.0000001122,Success
BuPCzBCO,toluene,S0T1,stddft,-0.0000000258,Success
BZC-PXZ,gas,S0S1,stda,-0.0000000502,Success
BZC-PXZ,gas,S0S1,stddft,-0.0000000320,Success
BZC-PXZ,gas,S0T1,stda,-0.0000000071,Success
BZC-PXZ,gas,S0T1,stddft,-0.0000000166,Success
BZC-PXZ,toluene,S0S1,stda,-0.0000000175,Success
BZC-PXZ,toluene,S0S1,stddft,-0.0000000131,Success
BZC-PXZ,toluene,S0T1,stda,-0.0000000499,Success
BZC-PXZ,toluene,S0T1,stddft,0.0000000018,Success
BzITz,gas,S0S1,stda,-0.0000000010,Success
BzITz,gas,S0S1,stddft,-0.0000000078,Success
BzITz,gas,S0T1,stda,-0.0000000346,Success
BzITz,gas,S0T1,stddft,0.0000000270,Success
BzITz,toluene,S0S1,stda,-0.0000000345,Success
BzITz,toluene,S0S1,stddft,0.0000000050,Success
BzITz,toluene,S0T1,stda,-0.0000000830,Success
BzITz,toluene,S0T1,stddft,-0.0000000407,Success
C2FLA-1,gas,S0S1,stda,0.0000000406,Success
C2FLA-1,gas,S0S1,stddft,0.0000000516,Success
C2FLA-1,gas,S0T1,stda,-0.0000000692,Success
C2FLA-1,gas,S0T1,stddft,0.0000000716,Success
C2FLA-1,toluene,S0S1,stda,-0.0000000147,Success
C2FLA-1,toluene,S0S1,stddft,-0.0000000448,Success
C2FLA-1,toluene,S0T1,stda,-0.0000000628,Success
C2FLA-1,toluene,S0T1,stddft,0.0000000715,Success
C2MPI,gas,S0S1,stda,-0.0000000592,Success
C2MPI,gas,S0S1,stddft,-0.0000000439,Success
C2MPI,gas,S0T1,stda,-0.0000000167,Success
C2MPI,gas,S0T1,stddft,-0.0000000478,Success
C2MPI,toluene,S0S1,stda,0.0000000490,Success
C2MPI,toluene,S0S1,stddft,0.0000000016,Success
C2MPI,toluene,S0T1,stda,0.0000000009,Success
C2MPI,toluene,S0T1,stddft,-0.0000000164,Success
C3F7,gas,S0S1,stda,-0.0000000261,Success
C3F7,gas,S0S1,stddft,-0.0000000142,Success
C3F7,gas,S0T1,stda,-0.0000000572,Success
C3F7,gas,S0T1,stddft,-0.0000000122,Success
C3F7,toluene,S0S1,stda,-0.0000000183,Success
C3F7,toluene,S0S1,stddft,-0.0000000246,Success
C3F7,toluene,S0T1,stda,-0.0000000066,Success
C3F7,toluene,S0T1,stddft,-0.0000000135,Success
C3FLA-2,gas,S0S1,stda,0.0000000054,Success
C3FLA-2,gas,S0S1,stddft,0.0000000143,Success
C3FLA-2,gas,S0T1,stda,0.0000000243,Success
C3FLA-2,gas,S0T1,stddft,0.0000000495,Success
C3FLA-2,toluene,S0S1,stda,-0.0000000396,Success
C3FLA-2,toluene,S0S1,stddft,-0.0000000390,Success
C3FLA-2,toluene,S0T1,stda,0.0000000180,Success
C3FLA-2,toluene,S0T1,stddft,-0.0000000239,Success
CAPI,gas,S0S1,stda,-0.0000000933,Success
CAPI,gas,S0S1,stddft,0.0000000317,Success
CAPI,gas,S0T1,stda,-0.0000001020,Success
CAPI,gas,S0T1,stddft,0.0000001298,Success
CAPI,toluene,S0S1,stda,0.0000000398,Success
CAPI,toluene,S0S1,stddft,0.0000000010,Success
CAPI,toluene,S0T1,stda,-0.0000000287,Success
CAPI,toluene,S0T1,stddft,-0.0000000591,Success
CbBPCb,gas,S0S1,stda,-0.0000000189,Success
CbBPCb,gas,S0S1,stddft,0.0000000001,Success
CbBPCb,gas,S0T1,stda,-0.0000000448,Success
CbBPCb,gas,S0T1,stddft,0.0000000429,Success
CbBPCb,toluene,S0S1,stda,0.0000000202,Success
CbBPCb,toluene,S0S1,stddft,-0.0000000680,Success
CbBPCb,toluene,S0T1,stda,0.0000000585,Success
CbBPCb,toluene,S0T1,stddft,0.0000000790,Success
CBIQD,gas,S0S1,stda,-0.0000000125,Success
CBIQD,gas,S0S1,stddft,-0.0000000776,Success
CBIQD,gas,S0T1,stda,0.0000000060,Success
CBIQD,gas,S0T1,stddft,-0.0000000609,Success
CBIQD,toluene,S0S1,stda,-0.0000000024,Success
CBIQD,toluene,S0S1,stddft,0.0000000560,Success
CBIQD,toluene,S0T1,stda,0.0000000191,Success
CBIQD,toluene,S0T1,stddft,0.0000002129,Success
CBM,gas,S0S1,stda,0.0000000095,Success
CBM,gas,S0S1,stddft,-0.0000000278,Success
CBM,gas,S0T1,stda,0.0000000527,Success
CBM,gas,S0T1,stddft,-0.0000000255,Success
CBM,toluene,S0S1,stda,-0.0000000399,Success
CBM,toluene,S0S1,stddft,0.0000000331,Success
CBM,toluene,S0T1,stda,-0.0000000094,Success
CBM,toluene,S0T1,stddft,-0.0000000080,Success
CBPBM,gas,S0S1,stda,0.0000000695,Success
CBPBM,gas,S0S1,stddft,0.0000000913,Success
CBPBM,gas,S0T1,stda,-0.0000000485,Success
CBPBM,gas,S0T1,stddft,0.0000000786,Success
CBPBM,toluene,S0S1,stda,0.0000000701,Success
CBPBM,toluene,S0S1,stddft,-0.0000000715,Success
CBPBM,toluene,S0T1,stda,0.0000000435,Success
CBPBM,toluene,S0T1,stddft,0.0000000216,Success
CBPMCN,gas,S0S1,stda,0.0000000246,Success
CBPMCN,gas,S0S1,stddft,-0.0000000286,Success
CBPMCN,gas,S0T1,stda,0.0000001232,Success
CBPMCN,gas,S0T1,stddft,-0.0000000386,Success
CBPMCN,toluene,S0S1,stda,-0.0000000116,Success
CBPMCN,toluene,S0S1,stddft,-0.0000001694,Success
CBPMCN,toluene,S0T1,stda,-0.0000000301,Success
CBPMCN,toluene,S0T1,stddft,0.0000000959,Success
CBPPY,gas,S0S1,stda,-0.0000001017,Success
CBPPY,gas,S0S1,stddft,-0.0000000690,Success
CBPPY,gas,S0T1,stda,0.0000000656,Success
CBPPY,gas,S0T1,stddft,-0.0000000312,Success
CBPPY,toluene,S0S1,stda,-0.0000000487,Success
CBPPY,toluene,S0S1,stddft,0.0000000981,Success
CBPPY,toluene,S0T1,stda,0.0000000642,Success
CBPPY,toluene,S0T1,stddft,0.0000001604,Success
CBPTZ,gas,S0S1,stda,0.0000000709,Success
CBPTZ,gas,S0S1,stddft,0.0000001025,Success
CBPTZ,gas,S0T1,stda,-0.0000000887,Success
CBPTZ,gas,S0T1,stddft,0.0000000129,Success
CBPTZ,toluene,S0S1,stda,-0.0000000053,Success
CBPTZ,toluene,S0S1,stddft,0.0000000849,Success
CBPTZ,toluene,S0T1,stda,-0.0000000271,Success
CBPTZ,toluene,S0T1,stddft,-0.0000000134,Success
C-BPyIA,gas,S0S1,stda,0.0000000096,Success
C-BPyIA,gas,S0S1,stddft,0.0000000611,Success
C-BPyIA,gas,S0T1,stda,-0.0000000105,Success
C-BPyIA,gas,S0T1,stddft,0.0000002083,Success
C-BPyIA,toluene,S0S1,stda,-0.0000000674,Success
C-BPyIA,toluene,S0S1,stddft,-0.0000000408,Success
C-BPyIA,toluene,S0T1,stda,-0.0000000563,Success
C-BPyIA,toluene,S0T1,stddft,-0.0000001079,Success
CBTD2,gas,S0S1,stda,-0.0000000140,Success
CBTD2,gas,S0S1,stddft,0.0000000541,Success
CBTD2,gas,S0T1,stda,0.0000002321,Success
CBTD2,gas,S0T1,stddft,-0.0000000269,Success
CBTD2,toluene,S0S1,stda,0.0000000411,Success
CBTD2,toluene,S0S1,stddft,0.0000001483,Success
CBTD2,toluene,S0T1,stda,0.0000000206,Success
CBTD2,toluene,S0T1,stddft,-0.0000000587,Success
CBZ,gas,S0S1,stda,0.0000000031,Success
CBZ,gas,S0S1,stddft,-0.0000000680,Success
CBZ,gas,S0T1,stda,0.0000000529,Success
CBZ,gas,S0T1,stddft,0.0000001599,Success
Cbz-MI,gas,S0S1,stda,0.0000000310,Success
Cbz-MI,gas,S0S1,stddft,0.0000000915,Success
Cbz-MI,gas,S0T1,stda,-0.0000000176,Success
Cbz-MI,gas,S0T1,stddft,0.0000000401,Success
Cbz-MI,toluene,S0S1,stda,-0.0000000423,Success
Cbz-MI,toluene,S0S1,stddft,0.0000000482,Success
Cbz-MI,toluene,S0T1,stda,0.0000000201,Success
Cbz-MI,toluene,S0T1,stddft,0.0000001438,Success
Cbz-PYR,gas,S0S1,stda,0.0000000030,Success
Cbz-PYR,gas,S0S1,stddft,-0.0000000363,Success
Cbz-PYR,gas,S0T1,stda,0.0000000758,Success
Cbz-PYR,gas,S0T1,stddft,-0.0000000531,Success
Cbz-PYR,toluene,S0S1,stda,0.0000000444,Success
Cbz-PYR,toluene,S0S1,stddft,0.0000000169,Success
Cbz-PYR,toluene,S0T1,stda,-0.0000000038,Success
Cbz-PYR,toluene,S0T1,stddft,-0.0000000118,Success
CBZ,toluene,S0S1,stda,-0.0000000128,Success
CBZ,toluene,S0S1,stddft,0.0000000139,Success
CBZ,toluene,S0T1,stda,0.0000000358,Success
CBZ,toluene,S0T1,stddft,-0.0000000383,Success
CCAPI,gas,S0S1,stda,-0.0000000192,Success
CCAPI,gas,S0S1,stddft,0.0000000424,Success
CCAPI,gas,S0T1,stda,-0.0000000200,Success
CCAPI,gas,S0T1,stddft,0.0000000409,Success
CCAPI,toluene,S0S1,stda,-0.0000000636,Success
CCAPI,toluene,S0S1,stddft,-0.0000001375,Success
CCAPI,toluene,S0T1,stda,-0.0000001124,Success
CCAPI,toluene,S0T1,stddft,-0.0000001228,Success
CCC,gas,S0S1,stda,-0.0000000311,Success
CCC,gas,S0S1,stddft,-0.0000001022,Success
CCC,gas,S0T1,stda,0.0000000670,Success
CCC,gas,S0T1,stddft,0.0000000280,Success
CCC,toluene,S0S1,stda,-0.0000000874,Success
CCC,toluene,S0S1,stddft,0.0000000345,Success
CCC,toluene,S0T1,stda,0.0000000476,Success
CCC,toluene,S0T1,stddft,-0.0000000185,Success
CCDC,gas,S0S1,stda,0.0000000077,Success
CCDC,gas,S0S1,stddft,0.0000000242,Success
CCDC,gas,S0T1,stda,-0.0000000088,Success
CCDC,gas,S0T1,stddft,-0.0000000424,Success
CCDC,toluene,S0S1,stda,0.0000000166,Success
CCDC,toluene,S0S1,stddft,-0.0000000818,Success
CCDC,toluene,S0T1,stda,0.0000000162,Success
CCDC,toluene,S0T1,stddft,-0.0000000467,Success
CCDD,gas,S0S1,stda,-0.0000000001,Success
CCDD,gas,S0S1,stddft,0.0000000923,Success
CCDD,gas,S0T1,stda,0.0000001187,Success
CCDD,gas,S0T1,stddft,-0.0000000358,Success
CCDD,toluene,S0S1,stda,0.0000000228,Success
CCDD,toluene,S0S1,stddft,0.0000001330,Success
CCDD,toluene,S0T1,stda,0.0000000902,Success
CCDD,toluene,S0T1,stddft,-0.0000000217,Success
CCDMB,gas,S0S1,stda,-0.0000000413,Success
CCDMB,gas,S0S1,stddft,0.0000000652,Success
CCDMB,gas,S0T1,stda,-0.0000000291,Success
CCDMB,gas,S0T1,stddft,-0.0000000009,Success
CCDMB,toluene,S0S1,stda,-0.0000000045,Success
CCDMB,toluene,S0S1,stddft,0.0000000296,Success
CCDMB,toluene,S0T1,stda,-0.0000001495,Success
CCDMB,toluene,S0T1,stddft,-0.0000000204,Success
c-D2T,gas,S0S1,stda,-0.0000000387,Success
c-D2T,gas,S0S1,stddft,0.0000000188,Success
c-D2T,gas,S0T1,stda,-0.0000000295,Success
c-D2T,gas,S0T1,stddft,0.0000000581,Success
c-D2T,toluene,S0S1,stda,-0.0000000492,Success
c-D2T,toluene,S0S1,stddft,0.0000000166,Success
c-D2T,toluene,S0T1,stda,0.0000000958,Success
c-D2T,toluene,S0T1,stddft,0.0000000510,Success
CDBP-BP-DMAC,gas,S0S1,stda,0.0000000244,Success
CDBP-BP-DMAC,gas,S0S1,stddft,0.0000000023,Success
CDBP-BP-DMAC,gas,S0T1,stda,0.0000000808,Success
CDBP-BP-DMAC,gas,S0T1,stddft,-0.0000000944,Success
CDBP-BP-DMAC,toluene,S0S1,stda,0.0000000039,Success
CDBP-BP-DMAC,toluene,S0S1,stddft,-0.0000000418,Success
CDBP-BP-DMAC,toluene,S0T1,stda,-0.0000000769,Success
CDBP-BP-DMAC,toluene,S0T1,stddft,-0.0000000437,Success
CDBP-BP-PXZ,gas,S0S1,stda,-0.0000000723,Success
CDBP-BP-PXZ,gas,S0S1,stddft,-0.0000000315,Success
CDBP-BP-PXZ,gas,S0T1,stda,0.0000000292,Success
CDBP-BP-PXZ,gas,S0T1,stddft,-0.0000000269,Success
CDBP-BP-PXZ,toluene,S0S1,stda,0.0000000005,Success
CDBP-BP-PXZ,toluene,S0S1,stddft,-0.0000000264,Success
CDBP-BP-PXZ,toluene,S0T1,stda,0.0000000789,Success
CDBP-BP-PXZ,toluene,S0T1,stddft,0.0000000075,Success
CDDPI,gas,S0S1,stda,0.0000000286,Success
CDDPI,gas,S0S1,stddft,0.0000000286,Success
CDDPI,gas,S0T1,stda,-0.0000000995,Success
CDDPI,gas,S0T1,stddft,0.0000000108,Success
CDDPI,toluene,S0S1,stda,-0.0000000108,Success
CDDPI,toluene,S0S1,stddft,0.0000000236,Success
CDDPI,toluene,S0T1,stda,0.0000000167,Success
CDDPI,toluene,S0T1,stddft,-0.0000000959,Success
CH3OH–CHCl3,gas,S0S1,stda,-0.0000000482,Success
CH3OH–CHCl3,gas,S0S1,stddft,-0.0000001381,Success
CH3OH–CHCl3,gas,S0T1,stda,-0.0000000570,Success
CH3OH–CHCl3,gas,S0T1,stddft,0.0000000334,Success
CH3OH–CHCl3,toluene,S0S1,stda,-0.0000000101,Success
CH3OH–CHCl3,toluene,S0S1,stddft,-0.0000000959,Success
CH3OH–CHCl3,toluene,S0T1,stda,-0.0000000921,Success
CH3OH–CHCl3,toluene,S0T1,stddft,-0.0000000924,Success
C-H,gas,S0S1,stda,-0.0000001152,Success
C-H,gas,S0S1,stddft,-0.0000000370,Success
C-H,gas,S0T1,stda,0.0000000198,Success
C-H,gas,S0T1,stddft,0.0000000173,Success
C-H,toluene,S0S1,stda,-0.0000000008,Success
C-H,toluene,S0S1,stddft,-0.0000000007,Success
C-H,toluene,S0T1,stda,0.0000001125,Success
C-H,toluene,S0T1,stddft,0.0000000338,Success
CMP,gas,S0S1,stda,0.0000000034,Success
CMP,gas,S0S1,stddft,0.0000000585,Success
CMP,gas,S0T1,stda,0.0000000112,Success
CMP,gas,S0T1,stddft,-0.0000001366,Success
CMP,toluene,S0S1,stda,0.0000000307,Success
CMP,toluene,S0S1,stddft,-0.0000000277,Success
CMP,toluene,S0T1,stda,0.0000000022,Success
CMP,toluene,S0T1,stddft,-0.0000000403,Success
CNDSB,gas,S0S1,stda,-0.0000000668,Success
CNDSB,gas,S0S1,stddft,-0.0000000270,Success
CNDSB,gas,S0T1,stda,-0.0000000715,Success
CNDSB,gas,S0T1,stddft,0.0000000794,Success
CNDSB,toluene,S0S1,stda,0.0000000901,Success
CNDSB,toluene,S0S1,stddft,0.0000000261,Success
CNDSB,toluene,S0T1,stda,-0.0000000024,Success
CNDSB,toluene,S0T1,stddft,0.0000000515,Success
CNPP-TPA,gas,S0S1,stda,-0.0000000367,Success
CNPP-TPA,gas,S0S1,stddft,-0.0000000284,Success
CNPP-TPA,gas,S0T1,stda,0.0000000314,Success
CNPP-TPA,gas,S0T1,stddft,-0.0000000579,Success
CNPP-TPA,toluene,S0S1,stda,-0.0000000319,Success
CNPP-TPA,toluene,S0S1,stddft,0.0000000251,Success
CNPP-TPA,toluene,S0T1,stda,-0.0000000219,Success
CNPP-TPA,toluene,S0T1,stddft,-0.0000001148,Success
CN-QP,gas,S0S1,stda,0.0000000056,Success
CN-QP,gas,S0S1,stddft,0.0000000415,Success
CN-QP,gas,S0T1,stda,0.0000000182,Success
CN-QP,gas,S0T1,stddft,0.0000000048,Success
CN-QP,toluene,S0S1,stda,-0.0000001529,Success
CN-QP,toluene,S0S1,stddft,0.0000000418,Success
CN-QP,toluene,S0T1,stda,-0.0000000957,Success
CN-QP,toluene,S0T1,stddft,0.0000001021,Success
CNTPA-CZ,gas,S0S1,stda,0.0000000743,Success
CNTPA-CZ,gas,S0S1,stddft,-0.0000000170,Success
CNTPA-CZ,gas,S0T1,stda,-0.0000000306,Success
CNTPA-CZ,gas,S0T1,stddft,-0.0000000495,Success
CNTPA-CZ,toluene,S0S1,stda,0.0000000284,Success
CNTPA-CZ,toluene,S0S1,stddft,-0.0000000822,Success
CNTPA-CZ,toluene,S0T1,stda,-0.0000000205,Success
CNTPA-CZ,toluene,S0T1,stddft,-0.0000000414,Success
CN-TPA,gas,S0S1,stda,-0.0000000507,Success
CN-TPA,gas,S0S1,stddft,0.0000000015,Success
CN-TPA,gas,S0T1,stda,-0.0000000893,Success
CN-TPA,gas,S0T1,stddft,-0.0000000093,Success
CNTPA-PXZ,gas,S0S1,stda,0.0000000177,Success
CNTPA-PXZ,gas,S0S1,stddft,0.0000000238,Success
CNTPA-PXZ,gas,S0T1,stda,0.0000000108,Success
CNTPA-PXZ,gas,S0T1,stddft,0.0000000863,Success
CNTPA-PXZ,toluene,S0S1,stda,-0.0000000265,Success
CNTPA-PXZ,toluene,S0S1,stddft,0.0000000217,Success
CNTPA-PXZ,toluene,S0T1,stda,0.0000000328,Success
CNTPA-PXZ,toluene,S0T1,stddft,-0.0000000367,Success
CN-TPA,toluene,S0S1,stda,0.0000000260,Success
CN-TPA,toluene,S0S1,stddft,-0.0000000584,Success
CN-TPA,toluene,S0T1,stda,-0.0000000605,Success
CN-TPA,toluene,S0T1,stddft,0.0000000753,Success
C-O,gas,S0S1,stda,-0.0000000617,Success
C-O,gas,S0S1,stddft,-0.0000000642,Success
C-O,gas,S0T1,stda,-0.0000000280,Success
C-O,gas,S0T1,stddft,0.0000000096,Success
C-O,toluene,S0S1,stda,-0.0000000693,Success
C-O,toluene,S0S1,stddft,-0.0000000172,Success
C-O,toluene,S0T1,stda,-0.0000000058,Success
C-O,toluene,S0T1,stddft,0.0000000210,Success
CPBPMCN,gas,S0S1,stda,-0.0000000734,Success
CPBPMCN,gas,S0S1,stddft,0.0000000285,Success
CPBPMCN,gas,S0T1,stda,0.0000000005,Success
CPBPMCN,gas,S0T1,stddft,0.0000000176,Success
CPBPMCN,toluene,S0S1,stda,0.0000000088,Success
CPBPMCN,toluene,S0S1,stddft,-0.0000000806,Success
CPBPMCN,toluene,S0T1,stda,-0.0000001090,Success
CPBPMCN,toluene,S0T1,stddft,0.0000000758,Success
CPBzFC,gas,S0S1,stda,-0.0000000140,Success
CPBzFC,gas,S0S1,stddft,0.0000000548,Success
CPBzFC,gas,S0T1,stda,0.0000000751,Success
CPBzFC,gas,S0T1,stddft,0.0000000033,Success
CPBzFC,toluene,S0S1,stda,0.0000000534,Success
CPBzFC,toluene,S0S1,stddft,0.0000000518,Success
CPBzFC,toluene,S0T1,stda,-0.0000000326,Success
CPBzFC,toluene,S0T1,stddft,0.0000000360,Success
CPPyC,gas,S0S1,stda,-0.0000000639,Success
CPPyC,gas,S0S1,stddft,0.0000000236,Success
CPPyC,gas,S0T1,stda,0.0000000769,Success
CPPyC,gas,S0T1,stddft,0.0000000413,Success
CPPyC,toluene,S0S1,stda,-0.0000000539,Success
CPPyC,toluene,S0S1,stddft,-0.0000000397,Success
CPPyC,toluene,S0T1,stda,0.0000000633,Success
CPPyC,toluene,S0T1,stddft,0.0000000350,Success
CPTBF,gas,S0S1,stda,0.0000000741,Success
CPTBF,gas,S0S1,stddft,0.0000000803,Success
CPTBF,gas,S0T1,stda,0.0000000078,Success
CPTBF,gas,S0T1,stddft,-0.0000000320,Success
CPTBF,toluene,S0S1,stda,-0.0000000215,Success
CPTBF,toluene,S0S1,stddft,-0.0000000264,Success
CPTBF,toluene,S0T1,stda,0.0000000639,Success
CPTBF,toluene,S0T1,stddft,-0.0000000607,Success
CPzPC,gas,S0S1,stda,0.0000000508,Success
CPzPC,gas,S0S1,stddft,-0.0000000030,Success
CPzPC,gas,S0T1,stda,0.0000000269,Success
CPzPC,gas,S0T1,stddft,-0.0000000105,Success
CPzPC,toluene,S0S1,stda,-0.0000000433,Success
CPzPC,toluene,S0S1,stddft,0.0000000268,Success
CPzPC,toluene,S0T1,stda,-0.0000000378,Success
CPzPC,toluene,S0T1,stddft,0.0000000242,Success
CPzPyC,gas,S0S1,stda,-0.0000000083,Success
CPzPyC,gas,S0S1,stddft,0.0000000385,Success
CPzPyC,gas,S0T1,stda,0.0000000740,Success
CPzPyC,gas,S0T1,stddft,0.0000000061,Success
CPzPyC,toluene,S0S1,stda,-0.0000000268,Success
CPzPyC,toluene,S0S1,stddft,0.0000000432,Success
CPzPyC,toluene,S0T1,stda,-0.0000000011,Success
CPzPyC,toluene,S0T1,stddft,0.0000000237,Success
CPzPzC,gas,S0S1,stda,-0.0000000081,Success
CPzPzC,gas,S0S1,stddft,0.0000000303,Success
CPzPzC,gas,S0T1,stda,-0.0000000008,Success
CPzPzC,gas,S0T1,stddft,-0.0000000003,Success
CPzPzC,toluene,S0S1,stda,-0.0000000175,Success
CPzPzC,toluene,S0S1,stddft,0.0000000502,Success
CPzPzC,toluene,S0T1,stda,0.0000000106,Success
CPzPzC,toluene,S0T1,stddft,-0.0000000628,Success
CTM,gas,S0S1,stda,0.0000000388,Success
CTM,gas,S0S1,stddft,-0.0000000185,Success
CTM,gas,S0T1,stda,0.0000000019,Success
CTM,gas,S0T1,stddft,-0.0000000103,Success
CTM,toluene,S0S1,stda,-0.0000000300,Success
CTM,toluene,S0S1,stddft,0.0000000297,Success
CTM,toluene,S0T1,stda,0.0000000242,Success
CTM,toluene,S0T1,stddft,-0.0000000218,Success
cyclohexanone,gas,S0S1,stda,0.0000000955,Success
cyclohexanone,gas,S0S1,stddft,-0.0000000389,Success
cyclohexanone,gas,S0T1,stda,0.0000000221,Success
cyclohexanone,gas,S0T1,stddft,-0.0000000296,Success
cyclohexanone,toluene,S0S1,stda,-0.0000000793,Success
cyclohexanone,toluene,S0S1,stddft,-0.0000001090,Success
cyclohexanone,toluene,S0T1,stda,-0.0000000810,Success
cyclohexanone,toluene,S0T1,stddft,0.0000000544,Success
Cz2ICz,gas,S0S1,stda,0.0000000150,Success
Cz2ICz,gas,S0S1,stddft,-0.0000000204,Success
Cz2ICz,gas,S0T1,stda,-0.0000000458,Success
Cz2ICz,gas,S0T1,stddft,-0.0000000322,Success
Cz2ICz,toluene,S0S1,stda,-0.0000000278,Success
Cz2ICz,toluene,S0S1,stddft,-0.0000000268,Success
Cz2ICz,toluene,S0T1,stda,0.0000000382,Success
Cz2ICz,toluene,S0T1,stddft,0.0000000085,Success
CZ9CZPZ,gas,S0S1,stda,0.0000000047,Success
CZ9CZPZ,gas,S0S1,stddft,-0.0000000718,Success
CZ9CZPZ,gas,S0T1,stda,-0.0000000572,Success
CZ9CZPZ,gas,S0T1,stddft,-0.0000001039,Success
CZ9CZPZ,toluene,S0S1,stda,-0.0000000415,Success
CZ9CZPZ,toluene,S0S1,stddft,-0.0000000299,Success
CZ9CZPZ,toluene,S0T1,stda,0.0000000164,Success
CZ9CZPZ,toluene,S0T1,stddft,-0.0000000149,Success
CzA-PPO,gas,S0S1,stda,0.0000000508,Success
CzA-PPO,gas,S0S1,stddft,-0.0000000147,Success
CzA-PPO,gas,S0T1,stda,0.0000000575,Success
CzA-PPO,gas,S0T1,stddft,0.0000000055,Success
CzA-PPO,toluene,S0S1,stda,-0.0000000414,Success
CzA-PPO,toluene,S0S1,stddft,0.0000000218,Success
CzA-PPO,toluene,S0T1,stda,-0.0000000381,Success
CzA-PPO,toluene,S0T1,stddft,-0.0000000504,Success
Cz–AQ,gas,S0S1,stda,0.0000000112,Success
Cz–AQ,gas,S0S1,stddft,0.0000000380,Success
Cz–AQ,gas,S0T1,stda,-0.0000000130,Success
Cz–AQ,gas,S0T1,stddft,-0.0000000170,Success
Cz–AQ,toluene,S0S1,stda,0.0000000339,Success
Cz–AQ,toluene,S0S1,stddft,-0.0000000463,Success
Cz–AQ,toluene,S0T1,stda,-0.0000000263,Success
Cz–AQ,toluene,S0T1,stddft,-0.0000000345,Success
CzB-FMPIM,gas,S0S1,stda,-0.0000000697,Success
CzB-FMPIM,gas,S0S1,stddft,0.0000000245,Success
CzB-FMPIM,gas,S0T1,stda,0.0000000771,Success
CzB-FMPIM,gas,S0T1,stddft,0.0000000004,Success
CzB-FMPIM,toluene,S0S1,stda,0.0000000907,Success
CzB-FMPIM,toluene,S0S1,stddft,0.0000000658,Success
CzB-FMPIM,toluene,S0T1,stda,-0.0000001632,Success
CzB-FMPIM,toluene,S0T1,stddft,0.0000000257,Success
CzB-FMPPI,gas,S0S1,stda,-0.0000001248,Success
CzB-FMPPI,gas,S0S1,stddft,-0.0000000037,Success
CzB-FMPPI,gas,S0T1,stda,-0.0000000396,Success
CzB-FMPPI,gas,S0T1,stddft,-0.0000000891,Success
CzB-FMPPI,toluene,S0S1,stda,0.0000000012,Success
CzB-FMPPI,toluene,S0S1,stddft,0.0000000310,Success
CzB-FMPPI,toluene,S0T1,stda,-0.0000000058,Success
CzB-FMPPI,toluene,S0T1,stddft,0.0000001059,Success
CzBN,gas,S0S1,stda,-0.0000000041,Success
CzBN,gas,S0S1,stddft,-0.0000000039,Success
CzBN,gas,S0T1,stda,0.0000000286,Success
CzBN,gas,S0T1,stddft,0.0000000197,Success
CzBN,toluene,S0S1,stda,0.0000000441,Success
CzBN,toluene,S0S1,stddft,-0.0000000099,Success
CzBN,toluene,S0T1,stda,-0.0000000767,Success
CzBN,toluene,S0T1,stddft,0.0000000381,Success
CzBPDCb,gas,S0S1,stda,0.0000000014,Success
CzBPDCb,gas,S0S1,stddft,0.0000000299,Success
CzBPDCb,gas,S0T1,stda,0.0000000149,Success
CzBPDCb,gas,S0T1,stddft,-0.0000001193,Success
CzBPDCb,toluene,S0S1,stda,0.0000000286,Success
CzBPDCb,toluene,S0S1,stddft,-0.0000000500,Success
CzBPDCb,toluene,S0T1,stda,0.0000000183,Success
CzBPDCb,toluene,S0T1,stddft,0.0000000227,Success
CzBroB,gas,S0S1,stda,0.0000000092,Success
CzBroB,gas,S0S1,stddft,-0.0000000294,Success
CzBroB,gas,S0T1,stda,-0.0000000049,Success
CzBroB,gas,S0T1,stddft,-0.0000000331,Success
CzBroB,toluene,S0S1,stda,0.0000000171,Success
CzBroB,toluene,S0S1,stddft,-0.0000000152,Success
CzBroB,toluene,S0T1,stda,0.0000000250,Success
CzBroB,toluene,S0T1,stddft,0.0000000077,Success
CzCbPy,gas,S0S1,stda,0.0000000474,Success
CzCbPy,gas,S0S1,stddft,0.0000000036,Success
CzCbPy,gas,S0T1,stda,0.0000000201,Success
CzCbPy,gas,S0T1,stddft,-0.0000000115,Success
CzCbPy,toluene,S0S1,stda,0.0000000429,Success
CzCbPy,toluene,S0S1,stddft,0.0000000689,Success
CzCbPy,toluene,S0T1,stda,0.0000000309,Success
CzCbPy,toluene,S0T1,stddft,-0.0000000257,Success
CzCNoB,gas,S0S1,stda,-0.0000000227,Success
CzCNoB,gas,S0S1,stddft,-0.0000000038,Success
CzCNoB,gas,S0T1,stda,-0.0000000134,Success
CzCNoB,gas,S0T1,stddft,-0.0000000203,Success
CzCNoB,toluene,S0S1,stda,0.0000000282,Success
CzCNoB,toluene,S0S1,stddft,0.0000000241,Success
CzCNoB,toluene,S0T1,stda,0.0000000211,Success
CzCNoB,toluene,S0T1,stddft,0.0000000509,Success
CzDCbTrz,gas,S0S1,stda,-0.0000000681,Success
CzDCbTrz,gas,S0S1,stddft,0.0000000105,Success
CzDCbTrz,gas,S0T1,stda,0.0000000039,Success
CzDCbTrz,gas,S0T1,stddft,-0.0000000084,Success
CzDCbTrz,toluene,S0S1,stda,-0.0000000372,Success
CzDCbTrz,toluene,S0S1,stddft,-0.0000000394,Success
CzDCbTrz,toluene,S0T1,stda,-0.0000000234,Success
CzDCbTrz,toluene,S0T1,stddft,0.0000000280,Success
CZ-DPS-DMAC,gas,S0S1,stda,-0.0000000337,Success
CZ-DPS-DMAC,gas,S0S1,stddft,-0.0000000067,Success
CZ-DPS-DMAC,gas,S0T1,stda,0.0000000210,Success
CZ-DPS-DMAC,gas,S0T1,stddft,-0.0000000503,Success
CZ-DPS-DMAC,toluene,S0S1,stda,0.0000000285,Success
CZ-DPS-DMAC,toluene,S0S1,stddft,-0.0000000103,Success
CZ-DPS-DMAC,toluene,S0T1,stda,0.0000000050,Success
CZ-DPS-DMAC,toluene,S0T1,stddft,-0.0000000708,Success
CzmPPC,gas,S0S1,stda,0.0000000033,Success
CzmPPC,gas,S0S1,stddft,-0.0000000027,Success
CzmPPC,gas,S0T1,stda,-0.0000001059,Success
CzmPPC,gas,S0T1,stddft,0.0000000643,Success
CzmPPC,toluene,S0S1,stda,-0.0000000012,Success
CzmPPC,toluene,S0S1,stddft,0.0000000040,Success
CzmPPC,toluene,S0T1,stda,0.0000000904,Success
CzmPPC,toluene,S0T1,stddft,-0.0000000166,Success
CzoB,gas,S0S1,stda,0.0000000274,Success
CzoB,gas,S0S1,stddft,0.0000000485,Success
CzoB,gas,S0T1,stda,-0.0000000164,Success
CzoB,gas,S0T1,stddft,-0.0000000065,Success
CzoB,toluene,S0S1,stda,-0.0000000390,Success
CzoB,toluene,S0S1,stddft,-0.0000000080,Success
CzoB,toluene,S0T1,stda,-0.0000000427,Success
CzoB,toluene,S0T1,stddft,0.0000000187,Success
CzPh-PPO,gas,S0S1,stda,0.0000000756,Success
CzPh-PPO,gas,S0S1,stddft,0.0000000385,Success
CzPh-PPO,gas,S0T1,stda,,Execution failed
CzPh-PPO,gas,S0T1,stddft,-0.0000000036,Success
CzPh-PPO,toluene,S0S1,stda,-0.0000000700,Success
CzPh-PPO,toluene,S0S1,stddft,-0.0000000427,Success
CzPh-PPO,toluene,S0T1,stda,0.0000000711,Success
CzPh-PPO,toluene,S0T1,stddft,-0.0000000055,Success
CzPm,gas,S0S1,stda,-0.0000000329,Success
CzPm,gas,S0S1,stddft,0.0000000462,Success
CzPm,gas,S0T1,stda,-0.0000000030,Success
CzPm,gas,S0T1,stddft,-0.0000000522,Success
CzPm,toluene,S0S1,stda,-0.0000000172,Success
CzPm,toluene,S0S1,stddft,-0.0000000415,Success
CzPm,toluene,S0T1,stda,0.0000000034,Success
CzPm,toluene,S0T1,stddft,0.0000000521,Success
CzppT,gas,S0S1,stda,0.0000000812,Success
CzppT,gas,S0S1,stddft,-0.0000000760,Success
CzppT,gas,S0T1,stda,0.0000000008,Success
CzppT,gas,S0T1,stddft,-0.0000000588,Success
CzppT,toluene,S0S1,stda,-0.0000001046,Success
CzppT,toluene,S0S1,stddft,-0.0000000671,Success
CzppT,toluene,S0T1,stda,0.0000000203,Success
CzppT,toluene,S0T1,stddft,-0.0000000748,Success
CzPrSBI,gas,S0S1,stda,-0.0000000175,Success
CzPrSBI,gas,S0S1,stddft,-0.0000000483,Success
CzPrSBI,gas,S0T1,stda,-0.0000000523,Success
CzPrSBI,gas,S0T1,stddft,-0.0000000788,Success
CzPrSBI,toluene,S0S1,stda,-0.0000000069,Success
CzPrSBI,toluene,S0S1,stddft,0.0000000140,Success
CzPrSBI,toluene,S0T1,stda,0.0000000612,Success
CzPrSBI,toluene,S0T1,stddft,-0.0000000061,Success
czpzpy,gas,S0S1,stda,-0.0000000470,Success
czpzpy,gas,S0S1,stddft,0.0000001186,Success
czpzpy,gas,S0T1,stda,-0.0000000371,Success
czpzpy,gas,S0T1,stddft,0.0000000486,Success
czpzpy,toluene,S0S1,stda,0.0000000412,Success
czpzpy,toluene,S0S1,stddft,0.0000000580,Success
czpzpy,toluene,S0T1,stda,0.0000000080,Success
czpzpy,toluene,S0T1,stddft,0.0000000105,Success
CzS2,gas,S0S1,stda,-0.0000000013,Success
CzS2,gas,S0S1,stddft,0.0000000356,Success
CzS2,gas,S0T1,stda,-0.0000000262,Success
CzS2,gas,S0T1,stddft,0.0000000805,Success
CzS2,toluene,S0S1,stda,0.0000000194,Success
CzS2,toluene,S0S1,stddft,-0.0000000463,Success
CzS2,toluene,S0T1,stda,-0.0000000248,Success
CzS2,toluene,S0T1,stddft,0.0000000599,Success
CzSO-1CO,gas,S0S1,stda,0.0000000085,Success
CzSO-1CO,gas,S0S1,stddft,0.0000000095,Success
CzSO-1CO,gas,S0T1,stda,0.0000000802,Success
CzSO-1CO,gas,S0T1,stddft,0.0000000099,Success
CzSO-1CO,toluene,S0S1,stda,0.0000000332,Success
CzSO-1CO,toluene,S0S1,stddft,0.0000000277,Success
CzSO-1CO,toluene,S0T1,stda,-0.0000000228,Success
CzSO-1CO,toluene,S0T1,stddft,0.0000001618,Success
Cz-SO,gas,S0S1,stda,-0.0000000163,Success
Cz-SO,gas,S0S1,stddft,0.0000000278,Success
Cz-SO,gas,S0T1,stda,-0.0000000579,Success
Cz-SO,gas,S0T1,stddft,0.0000000375,Success
Cz-SO,toluene,S0S1,stda,-0.0000000030,Success
Cz-SO,toluene,S0S1,stddft,-0.0000000608,Success
Cz-SO,toluene,S0T1,stda,0.0000000437,Success
Cz-SO,toluene,S0T1,stddft,0.0000000684,Success
CzTPA,gas,S0S1,stda,0.0000000071,Success
CzTPA,gas,S0S1,stddft,-0.0000000036,Success
CzTPA,gas,S0T1,stda,0.0000000180,Success
CzTPA,gas,S0T1,stddft,0.0000000299,Success
CzTPA-m-Trz,gas,S0S1,stda,-0.0000000272,Success
CzTPA-m-Trz,gas,S0S1,stddft,0.0000000542,Success
CzTPA-m-Trz,gas,S0T1,stda,0.0000000236,Success
CzTPA-m-Trz,gas,S0T1,stddft,-0.0000000075,Success
CzTPA-m-Trz,toluene,S0S1,stda,0.0000000261,Success
CzTPA-m-Trz,toluene,S0S1,stddft,0.0000000048,Success
CzTPA-m-Trz,toluene,S0T1,stda,-0.0000000705,Success
CzTPA-m-Trz,toluene,S0T1,stddft,-0.0000000042,Success
CzTPA,toluene,S0S1,stda,0.0000000308,Success
CzTPA,toluene,S0S1,stddft,-0.0000000080,Success
CzTPA,toluene,S0T1,stda,0.0000000402,Success
CzTPA,toluene,S0T1,stddft,0.0000000603,Success
CZ-TRZ,gas,S0S1,stda,0.0000000102,Success
CZ-TRZ,gas,S0S1,stddft,-0.0000000264,Success
CZ-TRZ,gas,S0T1,stda,0.0000000107,Success
CZ-TRZ,gas,S0T1,stddft,0.0000001032,Success
CZ-TRZ,toluene,S0S1,stda,-0.0000000591,Success
CZ-TRZ,toluene,S0S1,stddft,-0.0000000225,Success
CZ-TRZ,toluene,S0T1,stda,0.0000000680,Success
CZ-TRZ,toluene,S0T1,stddft,0.0000000000,Success
D1–D6,gas,S0S1,stda,-0.0000000395,Success
D1–D6,gas,S0S1,stddft,-0.0000000485,Success
D1–D6,gas,S0T1,stda,0.0000000310,Success
D1–D6,gas,S0T1,stddft,-0.0000001159,Success
D1–D6,toluene,S0S1,stda,0.0000000139,Success
D1–D6,toluene,S0S1,stddft,-0.0000000129,Success
D1–D6,toluene,S0T1,stda,0.0000000308,Success
D1–D6,toluene,S0T1,stddft,-0.0000000097,Success
D5,gas,S0S1,stda,0.0000000925,Success
D5,gas,S0S1,stddft,-0.0000000001,Success
D5,gas,S0T1,stda,-0.0000000746,Success
D5,gas,S0T1,stddft,0.0000000195,Success
D5,toluene,S0S1,stda,0.0000000541,Success
D5,toluene,S0S1,stddft,0.0000000597,Success
D5,toluene,S0T1,stda,0.0000000052,Success
D5,toluene,S0T1,stddft,-0.0000000029,Success
D6,gas,S0S1,stda,-0.0000000680,Success
D6,gas,S0S1,stddft,-0.0000000391,Success
D6,gas,S0T1,stda,-0.0000000322,Success
D6,gas,S0T1,stddft,0.0000000070,Success
D6,toluene,S0S1,stda,-0.0000000322,Success
D6,toluene,S0S1,stddft,-0.0000000460,Success
D6,toluene,S0T1,stda,0.0000000474,Success
D6,toluene,S0T1,stddft,0.0000000466,Success
DAcIPN,gas,S0S1,stda,0.0000000194,Success
DAcIPN,gas,S0S1,stddft,0.0000000379,Success
DAcIPN,gas,S0T1,stda,0.0000000426,Success
DAcIPN,gas,S0T1,stddft,0.0000000368,Success
DAcIPN,toluene,S0S1,stda,0.0000000858,Success
DAcIPN,toluene,S0S1,stddft,-0.0000000161,Success
DAcIPN,toluene,S0T1,stda,-0.0000000078,Success
DAcIPN,toluene,S0T1,stddft,-0.0000000267,Success
D–A–D,gas,S0S1,stda,-0.0000000002,Success
D–A–D,gas,S0S1,stddft,0.0000000000,Success
D–A–D,gas,S0T1,stda,-0.0000000201,Success
D–A–D,gas,S0T1,stddft,-0.0000000089,Success
D–A–D,toluene,S0S1,stda,0.0000000007,Success
D–A–D,toluene,S0S1,stddft,-0.0000000006,Success
D–A–D,toluene,S0T1,stda,0.0000000324,Success
D–A–D,toluene,S0T1,stddft,0.0000000115,Success
DBBPZ-DPXZ,gas,S0S1,stda,0.0000000332,Success
DBBPZ-DPXZ,gas,S0S1,stddft,0.0000000309,Success
DBBPZ-DPXZ,gas,S0T1,stda,-0.0000000067,Success
DBBPZ-DPXZ,gas,S0T1,stddft,-0.0000000245,Success
DBBPZ-DPXZ,toluene,S0S1,stda,-0.0000000282,Success
DBBPZ-DPXZ,toluene,S0S1,stddft,-0.0000000077,Success
DBBPZ-DPXZ,toluene,S0T1,stda,0.0000000037,Success
DBBPZ-DPXZ,toluene,S0T1,stddft,0.0000000535,Success
DBCP,gas,S0S1,stda,-0.0000000053,Success
DBCP,gas,S0S1,stddft,-0.0000000000,Success
DBCP,gas,S0T1,stda,-0.0000000132,Success
DBCP,gas,S0T1,stddft,-0.0000000091,Success
DBCP,toluene,S0S1,stda,-0.0000000018,Success
DBCP,toluene,S0S1,stddft,0.0000000286,Success
DBCP,toluene,S0T1,stda,-0.0000000035,Success
DBCP,toluene,S0T1,stddft,-0.0000000214,Success
DBFDPO,gas,S0S1,stda,-0.0000000771,Success
DBFDPO,gas,S0S1,stddft,0.0000000510,Success
DBFDPO,gas,S0T1,stda,0.0000000640,Success
DBFDPO,gas,S0T1,stddft,0.0000000552,Success
DBFDPO,toluene,S0S1,stda,0.0000000493,Success
DBFDPO,toluene,S0S1,stddft,0.0000001213,Success
DBFDPO,toluene,S0T1,stda,0.0000000037,Success
DBFDPO,toluene,S0T1,stddft,-0.0000000353,Success
dbG2TAZ,gas,S0S1,stda,-0.0000000420,Success
dbG2TAZ,gas,S0S1,stddft,0.0000000751,Success
dbG2TAZ,gas,S0T1,stda,0.0000000204,Success
dbG2TAZ,gas,S0T1,stddft,-0.0000001368,Success
dbG2TAZ,toluene,S0S1,stda,-0.0000000583,Success
dbG2TAZ,toluene,S0S1,stddft,-0.0000000323,Success
dbG2TAZ,toluene,S0T1,stda,0.0000000998,Success
dbG2TAZ,toluene,S0T1,stddft,0.0000000708,Success
DBP-3TPA,gas,S0S1,stda,0.0000000005,Success
DBP-3TPA,gas,S0S1,stddft,-0.0000000032,Success
DBP-3TPA,gas,S0T1,stda,0.0000000596,Success
DBP-3TPA,gas,S0T1,stddft,-0.0000000577,Success
DBP-3TPA,toluene,S0S1,stda,-0.0000000076,Success
DBP-3TPA,toluene,S0S1,stddft,0.0000000012,Success
DBP-3TPA,toluene,S0T1,stda,-0.0000000116,Success
DBP-3TPA,toluene,S0T1,stddft,-0.0000000660,Success
D-BP-PXZ,gas,S0S1,stda,-0.0000000108,Success
D-BP-PXZ,gas,S0S1,stddft,0.0000000097,Success
D-BP-PXZ,gas,S0T1,stda,-0.0000000297,Success
D-BP-PXZ,gas,S0T1,stddft,-0.0000000466,Success
D-BP-PXZ,toluene,S0S1,stda,0.0000000023,Success
D-BP-PXZ,toluene,S0S1,stddft,-0.0000000020,Success
D-BP-PXZ,toluene,S0T1,stda,0.0000000090,Success
D-BP-PXZ,toluene,S0T1,stddft,-0.0000000404,Success
DBQ-3PXZ,gas,S0S1,stda,-0.0000000045,Success
DBQ-3PXZ,gas,S0S1,stddft,-0.0000000218,Success
DBQ-3PXZ,gas,S0T1,stda,-0.0000000040,Success
DBQ-3PXZ,gas,S0T1,stddft,-0.0000000698,Success
DBQ-3PXZ,toluene,S0S1,stda,-0.0000000005,Success
DBQ-3PXZ,toluene,S0S1,stddft,0.0000000075,Success
DBQ-3PXZ,toluene,S0T1,stda,0.0000000498,Success
DBQ-3PXZ,toluene,S0T1,stddft,0.0000000074,Success
DBT-BZ-DMAC,gas,S0S1,stda,-0.0000000251,Success
DBT-BZ-DMAC,gas,S0S1,stddft,0.0000000462,Success
DBT-BZ-DMAC,gas,S0T1,stda,-0.0000000613,Success
DBT-BZ-DMAC,gas,S0T1,stddft,-0.0000000947,Success
DBT-BZ-DMAC,toluene,S0S1,stda,0.0000000464,Success
DBT-BZ-DMAC,toluene,S0S1,stddft,-0.0000000086,Success
DBT-BZ-DMAC,toluene,S0T1,stda,0.0000000369,Success
DBT-BZ-DMAC,toluene,S0T1,stddft,0.0000000393,Success
DBTO-PTZ,gas,S0S1,stda,0.0000000516,Success
DBTO-PTZ,gas,S0S1,stddft,-0.0000000828,Success
DBTO-PTZ,gas,S0T1,stda,0.0000000592,Success
DBTO-PTZ,gas,S0T1,stddft,0.0000000199,Success
DBTO-PTZ,toluene,S0S1,stda,-0.0000000560,Success
DBTO-PTZ,toluene,S0S1,stddft,-0.0000000224,Success
DBTO-PTZ,toluene,S0T1,stda,0.0000000983,Success
DBTO-PTZ,toluene,S0T1,stddft,-0.0000000155,Success
DBT-SADF,gas,S0S1,stda,0.0000000155,Success
DBT-SADF,gas,S0S1,stddft,-0.0000000831,Success
DBT-SADF,gas,S0T1,stda,-0.0000000855,Success
DBT-SADF,gas,S0T1,stddft,-0.0000000307,Success
DBT-SADF,toluene,S0S1,stda,-0.0000000075,Success
DBT-SADF,toluene,S0S1,stddft,-0.0000000437,Success
DBT-SADF,toluene,S0T1,stda,0.0000001198,Success
DBT-SADF,toluene,S0T1,stddft,-0.0000000164,Success
DC-ACR,gas,S0S1,stda,0.0000000687,Success
DC-ACR,gas,S0S1,stddft,-0.0000000100,Success
DC-ACR,gas,S0T1,stda,-0.0000000395,Success
DC-ACR,gas,S0T1,stddft,-0.0000000521,Success
DC-ACR,toluene,S0S1,stda,0.0000000564,Success
DC-ACR,toluene,S0S1,stddft,0.0000000153,Success
DC-ACR,toluene,S0T1,stda,0.0000000218,Success
DC-ACR,toluene,S0T1,stddft,0.0000000525,Success
DCA,gas,S0S1,stda,0.0000000528,Success
DCA,gas,S0S1,stddft,-0.0000001147,Success
DCA,gas,S0T1,stda,-0.0000000226,Success
DCA,gas,S0T1,stddft,0.0000000306,Success
DCA,toluene,S0S1,stda,0.0000000621,Success
DCA,toluene,S0S1,stddft,-0.0000000146,Success
DCA,toluene,S0T1,stda,-0.0000000547,Success
DCA,toluene,S0T1,stddft,0.0000001366,Success
DCBNPE,gas,S0S1,stda,0.0000000368,Success
DCBNPE,gas,S0S1,stddft,0.0000000115,Success
DCBNPE,gas,S0T1,stda,-0.0000000028,Success
DCBNPE,gas,S0T1,stddft,0.0000000525,Success
DCBNPE,toluene,S0S1,stda,0.0000001103,Success
DCBNPE,toluene,S0S1,stddft,-0.0000000021,Success
DCBNPE,toluene,S0T1,stda,-0.0000000070,Success
DCBNPE,toluene,S0T1,stddft,0.0000000290,Success
DCbz-Ph-Bz,gas,S0S1,stda,0.0000000304,Success
DCbz-Ph-Bz,gas,S0S1,stddft,0.0000000799,Success
DCbz-Ph-Bz,gas,S0T1,stda,-0.0000000224,Success
DCbz-Ph-Bz,gas,S0T1,stddft,-0.0000000400,Success
DCbz-Ph-Bz,toluene,S0S1,stda,-0.0000000092,Success
DCbz-Ph-Bz,toluene,S0S1,stddft,0.0000000232,Success
DCbz-Ph-Bz,toluene,S0T1,stda,-0.0000000967,Success
DCbz-Ph-Bz,toluene,S0T1,stddft,-0.0000000230,Success
DCE,gas,S0S1,stda,-0.0000000025,Success
DCE,gas,S0S1,stddft,0.0000000040,Success
DCE,gas,S0T1,stda,0.0000000698,Success
DCE,gas,S0T1,stddft,0.0000000726,Success
DCE,toluene,S0S1,stda,-0.0000000195,Success
DCE,toluene,S0S1,stddft,0.0000000153,Success
DCE,toluene,S0T1,stda,0.0000001182,Success
DCE,toluene,S0T1,stddft,0.0000001696,Success
DCPDAPM,gas,S0S1,stda,-0.0000000305,Success
DCPDAPM,gas,S0S1,stddft,-0.0000000017,Success
DCPDAPM,gas,S0T1,stda,0.0000000320,Success
DCPDAPM,gas,S0T1,stddft,0.0000000604,Success
DCPDAPM,toluene,S0S1,stda,-0.0000000503,Success
DCPDAPM,toluene,S0S1,stddft,-0.0000000273,Success
DCPDAPM,toluene,S0T1,stda,0.0000000143,Success
DCPDAPM,toluene,S0T1,stddft,0.0000000372,Success
DC-TC,gas,S0S1,stda,0.0000000226,Success
DC–TC,gas,S0S1,stda,-0.0000000254,Success
DC–TC,gas,S0S1,stddft,-0.0000000338,Success
DC-TC,gas,S0S1,stddft,0.0000001098,Success
DC–TC,gas,S0T1,stda,-0.0000000070,Success
DC-TC,gas,S0T1,stda,0.0000000074,Success
DC-TC,gas,S0T1,stddft,0.0000000148,Success
DC–TC,gas,S0T1,stddft,0.0000000225,Success
DC–TC,toluene,S0S1,stda,-0.0000000102,Success
DC-TC,toluene,S0S1,stda,0.0000000394,Success
DC-TC,toluene,S0S1,stddft,-0.0000000159,Success
DC–TC,toluene,S0S1,stddft,0.0000000614,Success
DC-TC,toluene,S0T1,stda,-0.0000000373,Success
DC–TC,toluene,S0T1,stda,-0.0000000480,Success
DC-TC,toluene,S0T1,stddft,0.0000000090,Success
DC–TC,toluene,S0T1,stddft,-0.0000000290,Success
DCzBNPh-1,gas,S0S1,stda,-0.0000000263,Success
DCzBNPh-1,gas,S0S1,stddft,0.0000000006,Success
DCzBNPh-1,gas,S0T1,stda,0.0000000516,Success
DCzBNPh-1,gas,S0T1,stddft,-0.0000000411,Success
DCzBNPh-1,toluene,S0S1,stda,-0.0000000203,Success
DCzBNPh-1,toluene,S0S1,stddft,-0.0000000592,Success
DCzBNPh-1,toluene,S0T1,stda,-0.0000000275,Success
DCzBNPh-1,toluene,S0T1,stddft,0.0000000236,Success
DCz-DPPZ,gas,S0S1,stda,0.0000000252,Success
DCz-DPPZ,gas,S0S1,stddft,0.0000000280,Success
DCz-DPPZ,gas,S0T1,stda,-0.0000000136,Success
DCz-DPPZ,gas,S0T1,stddft,-0.0000000587,Success
DCz-DPPZ,toluene,S0S1,stda,0.0000000163,Success
DCz-DPPZ,toluene,S0S1,stddft,-0.0000000127,Success
DCz-DPPZ,toluene,S0T1,stda,-0.0000000516,Success
DCz-DPPZ,toluene,S0T1,stddft,0.0000000008,Success
DCzIPN,gas,S0S1,stda,-0.0000000040,Success
DCzIPN,gas,S0S1,stddft,-0.0000000012,Success
DCzIPN,gas,S0T1,stda,0.0000000324,Success
DCzIPN,gas,S0T1,stddft,-0.0000000011,Success
DCzIPN,toluene,S0S1,stda,0.0000000102,Success
DCzIPN,toluene,S0S1,stddft,0.0000000144,Success
DCzIPN,toluene,S0T1,stda,-0.0000000307,Success
DCzIPN,toluene,S0T1,stddft,0.0000000644,Success
DCz-OTP,gas,S0S1,stda,0.0000000162,Success
DCz-OTP,gas,S0S1,stddft,0.0000000635,Success
DCz-OTP,gas,S0T1,stda,-0.0000000976,Success
DCz-OTP,gas,S0T1,stddft,0.0000000096,Success
DCz-OTP,toluene,S0S1,stda,0.0000000607,Success
DCz-OTP,toluene,S0S1,stddft,0.0000000133,Success
DCz-OTP,toluene,S0T1,stda,-0.0000000220,Success
DCz-OTP,toluene,S0T1,stddft,0.0000000828,Success
DCzPO,gas,S0S1,stda,0.0000000074,Success
DCzPO,gas,S0S1,stddft,-0.0000000474,Success
DCzPO,gas,S0T1,stda,-0.0000000034,Success
DCzPO,gas,S0T1,stddft,-0.0000000172,Success
DCzPO,toluene,S0S1,stda,-0.0000000367,Success
DCzPO,toluene,S0S1,stddft,0.0000000600,Success
DCzPO,toluene,S0T1,stda,0.0000000281,Success
DCzPO,toluene,S0T1,stddft,0.0000000878,Success
DCzTrz,gas,S0S1,stda,0.0000000120,Success
DCzTrz,gas,S0S1,stddft,0.0000000658,Success
DCzTrz,gas,S0T1,stda,-0.0000000165,Success
DCzTrz,gas,S0T1,stddft,-0.0000000359,Success
DCzTrz,toluene,S0S1,stda,-0.0000000249,Success
DCzTrz,toluene,S0S1,stddft,-0.0000000077,Success
DCzTrz,toluene,S0T1,stda,0.0000000240,Success
DCzTrz,toluene,S0T1,stddft,0.0000000020,Success
DDBP,gas,S0S1,stda,0.0000001076,Success
DDBP,gas,S0S1,stddft,-0.0000000740,Success
DDBP,gas,S0T1,stda,0.0000000864,Success
DDBP,gas,S0T1,stddft,-0.0000000770,Success
DDBP,toluene,S0S1,stda,0.0000001007,Success
DDBP,toluene,S0S1,stddft,0.0000000576,Success
DDBP,toluene,S0T1,stda,-0.0000000454,Success
DDBP,toluene,S0T1,stddft,0.0000000371,Success
DDCzTrz,gas,S0S1,stda,0.0000000133,Success
DDCzTrz,gas,S0S1,stddft,0.0000000509,Success
DDCzTrz,gas,S0T1,stda,0.0000000374,Success
DDCzTrz,gas,S0T1,stddft,-0.0000000258,Success
DDCzTrz,toluene,S0S1,stda,0.0000001119,Success
DDCzTrz,toluene,S0S1,stddft,0.0000002093,Success
DDCzTrz,toluene,S0T1,stda,-0.0000001216,Success
DDCzTrz,toluene,S0T1,stddft,0.0000000263,Success
DDMA-TXO2,gas,S0S1,stda,0.0000000092,Success
DDMA-TXO2,gas,S0S1,stddft,0.0000000261,Success
DDMA-TXO2,gas,S0T1,stda,-0.0000000560,Success
DDMA-TXO2,gas,S0T1,stddft,-0.0000000668,Success
DDMA-TXO2,toluene,S0S1,stda,-0.0000000176,Success
DDMA-TXO2,toluene,S0S1,stddft,0.0000000142,Success
DDMA-TXO2,toluene,S0T1,stda,0.0000000212,Success
DDMA-TXO2,toluene,S0T1,stddft,-0.0000000230,Success
DDPA-Ph-Bz,gas,S0S1,stda,0.0000000808,Success
DDPA-Ph-Bz,gas,S0S1,stddft,-0.0000000620,Success
DDPA-Ph-Bz,gas,S0T1,stda,-0.0000000393,Success
DDPA-Ph-Bz,gas,S0T1,stddft,-0.0000001285,Success
DDPA-Ph-Bz,toluene,S0S1,stda,-0.0000000169,Success
DDPA-Ph-Bz,toluene,S0S1,stddft,-0.0000000405,Success
DDPA-Ph-Bz,toluene,S0T1,stda,-0.0000000395,Success
DDPA-Ph-Bz,toluene,S0T1,stddft,0.0000000572,Success
DDPhCz-DCPP,gas,S0S1,stda,-0.0000000587,Success
DDPhCz-DCPP,gas,S0S1,stddft,0.0000000132,Success
DDPhCz-DCPP,gas,S0T1,stda,-0.0000000400,Success
DDPhCz-DCPP,gas,S0T1,stddft,0.0000000589,Success
DDPhCz-DCPP,toluene,S0S1,stda,0.0000000564,Success
DDPhCz-DCPP,toluene,S0S1,stddft,-0.0000000066,Success
DDPhCz-DCPP,toluene,S0T1,stda,-0.0000000862,Success
DDPhCz-DCPP,toluene,S0T1,stddft,0.0000000985,Success
DDPhCz-DPPZ,gas,S0S1,stda,-0.0000000236,Success
DDPhCz-DPPZ,gas,S0S1,stddft,-0.0000000377,Success
DDPhCz-DPPZ,gas,S0T1,stda,0.0000000732,Success
DDPhCz-DPPZ,gas,S0T1,stddft,0.0000000828,Success
DDPhCz-DPPZ,toluene,S0S1,stda,0.0000000946,Success
DDPhCz-DPPZ,toluene,S0S1,stddft,-0.0000000141,Success
DDPhCz-DPPZ,toluene,S0T1,stda,-0.0000000338,Success
DDPhCz-DPPZ,toluene,S0T1,stddft,0.0000000600,Success
DFDBQPXZ,gas,S0S1,stda,-0.0000001018,Success
DFDBQPXZ,gas,S0S1,stddft,-0.0000000512,Success
DFDBQPXZ,gas,S0T1,stda,-0.0000000491,Success
DFDBQPXZ,gas,S0T1,stddft,0.0000000843,Success
DFDBQPXZ,toluene,S0S1,stda,-0.0000000806,Success
DFDBQPXZ,toluene,S0S1,stddft,-0.0000000044,Success
DFDBQPXZ,toluene,S0T1,stda,-0.0000000983,Success
DFDBQPXZ,toluene,S0T1,stddft,0.0000000586,Success
DFPBI,gas,S0S1,stda,-0.0000000396,Success
DFPBI,gas,S0S1,stddft,-0.0000000382,Success
DFPBI,gas,S0T1,stda,0.0000000784,Success
DFPBI,gas,S0T1,stddft,-0.0000000975,Success
DFPBI,toluene,S0S1,stda,-0.0000000834,Success
DFPBI,toluene,S0S1,stddft,-0.0000000147,Success
DFPBI,toluene,S0T1,stda,-0.0000001064,Success
DFPBI,toluene,S0T1,stddft,-0.0000000389,Success
DFPFPhe,gas,S0S1,stda,0.0000000195,Success
DFPFPhe,gas,S0S1,stddft,-0.0000001059,Success
DFPFPhe,gas,S0T1,stda,-0.0000001022,Success
DFPFPhe,gas,S0T1,stddft,-0.0000000312,Success
DFPFPhe,toluene,S0S1,stda,0.0000000106,Success
DFPFPhe,toluene,S0S1,stddft,0.0000000368,Success
DFPFPhe,toluene,S0T1,stda,-0.0000000757,Success
DFPFPhe,toluene,S0T1,stddft,-0.0000000775,Success
DHID-DBS,gas,S0S1,stda,-0.0000000569,Success
DHID-DBS,gas,S0S1,stddft,0.0000000015,Success
DHID-DBS,gas,S0T1,stda,-0.0000000452,Success
DHID-DBS,gas,S0T1,stddft,-0.0000000632,Success
DHID-DBS,toluene,S0S1,stda,-0.0000000437,Success
DHID-DBS,toluene,S0S1,stddft,0.0000000932,Success
DHID-DBS,toluene,S0T1,stda,0.0000000260,Success
DHID-DBS,toluene,S0T1,stddft,0.0000000768,Success
DHID-DPS,gas,S0S1,stda,0.0000000654,Success
DHID-DPS,gas,S0S1,stddft,-0.0000000623,Success
DHID-DPS,gas,S0T1,stda,-0.0000000166,Success
DHID-DPS,gas,S0T1,stddft,-0.0000000173,Success
DHID-DPS,toluene,S0S1,stda,0.0000000262,Success
DHID-DPS,toluene,S0S1,stddft,-0.0000000830,Success
DHID-DPS,toluene,S0T1,stda,0.0000000242,Success
DHID-DPS,toluene,S0T1,stddft,-0.0000000006,Success
DHPZ-2BI,gas,S0S1,stda,-0.0000000081,Success
DHPZ-2BI,gas,S0S1,stddft,-0.0000001843,Success
DHPZ-2BI,gas,S0T1,stda,0.0000000693,Success
DHPZ-2BI,gas,S0T1,stddft,-0.0000000435,Success
DHPZ-2BI,toluene,S0S1,stda,-0.0000000427,Success
DHPZ-2BI,toluene,S0S1,stddft,0.0000001385,Success
DHPZ-2BI,toluene,S0T1,stda,0.0000000469,Success
DHPZ-2BI,toluene,S0T1,stddft,0.0000000625,Success
DHPZ-2BN,gas,S0S1,stda,0.0000000176,Success
DHPZ-2BN,gas,S0S1,stddft,0.0000000256,Success
DHPZ-2BN,gas,S0T1,stda,-0.0000000641,Success
DHPZ-2BN,gas,S0T1,stddft,0.0000000673,Success
DHPZ-2BN,toluene,S0S1,stda,0.0000000283,Success
DHPZ-2BN,toluene,S0S1,stddft,-0.0000000495,Success
DHPZ-2BN,toluene,S0T1,stda,-0.0000000733,Success
DHPZ-2BN,toluene,S0T1,stddft,0.0000000099,Success
diarylbiindole,gas,S0S1,stda,-0.0000000731,Success
diarylbiindole,gas,S0S1,stddft,0.0000002091,Success
diarylbiindole,gas,S0T1,stda,0.0000001279,Success
diarylbiindole,gas,S0T1,stddft,-0.0000000747,Success
diarylbiindole,toluene,S0S1,stda,0.0000000632,Success
diarylbiindole,toluene,S0S1,stddft,-0.0000000169,Success
diarylbiindole,toluene,S0T1,stda,-0.0000000355,Success
diarylbiindole,toluene,S0T1,stddft,-0.0000000290,Success
DIC-TRZ,gas,S0S1,stda,-0.0000001021,Success
DIC-TRZ,gas,S0S1,stddft,-0.0000001319,Success
DIC-TRZ,gas,S0T1,stda,0.0000000424,Success
DIC-TRZ,gas,S0T1,stddft,0.0000000698,Success
DIC-TRZ,toluene,S0S1,stda,-0.0000000019,Success
DIC-TRZ,toluene,S0S1,stddft,-0.0000000655,Success
DIC-TRZ,toluene,S0T1,stda,-0.0000000725,Success
DIC-TRZ,toluene,S0T1,stddft,-0.0000000407,Success
DiCz-Sac,gas,S0S1,stda,-0.0000000229,Success
DiCz-Sac,gas,S0S1,stddft,-0.0000000331,Success
DiCz-Sac,gas,S0T1,stda,0.0000000832,Success
DiCz-Sac,gas,S0T1,stddft,0.0000000198,Success
DiCz-Sac,toluene,S0S1,stda,0.0000000027,Success
DiCz-Sac,toluene,S0S1,stddft,0.0000000187,Success
DiCz-Sac,toluene,S0T1,stda,-0.0000000516,Success
DiCz-Sac,toluene,S0T1,stddft,0.0000000478,Success
DICzTrz,gas,S0S1,stda,0.0000000080,Success
DICzTrz,gas,S0S1,stddft,-0.0000000090,Success
DICzTrz,gas,S0T1,stda,0.0000000184,Success
DICzTrz,gas,S0T1,stddft,-0.0000000940,Success
DICzTrz,toluene,S0S1,stda,0.0000000308,Success
DICzTrz,toluene,S0S1,stddft,0.0000000092,Success
DICzTrz,toluene,S0T1,stda,-0.0000000190,Success
DICzTrz,toluene,S0T1,stddft,-0.0000000153,Success
Diphenylsulfane,gas,S0S1,stda,-0.0000000067,Success
Diphenylsulfane,gas,S0S1,stddft,0.0000000072,Success
Diphenylsulfane,gas,S0T1,stda,0.0000001019,Success
Diphenylsulfane,gas,S0T1,stddft,-0.0000000692,Success
Diphenylsulfane,toluene,S0S1,stda,0.0000000032,Success
Diphenylsulfane,toluene,S0S1,stddft,0.0000000018,Success
Diphenylsulfane,toluene,S0T1,stda,0.0000000071,Success
Diphenylsulfane,toluene,S0T1,stddft,0.0000000268,Success
DMAC-11-DPPZ,gas,S0S1,stda,0.0000000086,Success
DMAC-11-DPPZ,gas,S0S1,stddft,-0.0000000013,Success
DMAC-11-DPPZ,gas,S0T1,stda,0.0000000771,Success
DMAC-11-DPPZ,gas,S0T1,stddft,-0.0000000414,Success
DMAC-11-DPPZ,toluene,S0S1,stda,-0.0000000137,Success
DMAC-11-DPPZ,toluene,S0S1,stddft,0.0000000177,Success
DMAC-11-DPPZ,toluene,S0T1,stda,-0.0000000561,Success
DMAC-11-DPPZ,toluene,S0T1,stddft,0.0000000081,Success
DMAC-AQ,gas,S0S1,stda,-0.0000000398,Success
DMAC-AQ,gas,S0S1,stddft,-0.0000000168,Success
DMAC-AQ,gas,S0T1,stda,0.0000000713,Success
DMAC-AQ,gas,S0T1,stddft,-0.0000000072,Success
DMAC-AQ,toluene,S0S1,stda,0.0000001062,Success
DMAC-AQ,toluene,S0S1,stddft,-0.0000000790,Success
DMAC-AQ,toluene,S0T1,stda,0.0000000067,Success
DMAC-AQ,toluene,S0T1,stddft,0.0000000864,Success
DMAC-BP,gas,S0S1,stda,0.0000000104,Success
DMAC-BP,gas,S0S1,stddft,-0.0000000237,Success
DMAC-BP,gas,S0T1,stda,-0.0000000035,Success
DMAC-BP,gas,S0T1,stddft,-0.0000000249,Success
DMAC-BPP,gas,S0S1,stda,-0.0000000143,Success
DMAC-BPP,gas,S0S1,stddft,0.0000000220,Success
DMAC-BPP,gas,S0T1,stda,0.0000001057,Success
DMAC-BPP,gas,S0T1,stddft,-0.0000000673,Success
DMAC-BPP,toluene,S0S1,stda,0.0000000177,Success
DMAC-BPP,toluene,S0S1,stddft,-0.0000000497,Success
DMAC-BPP,toluene,S0T1,stda,0.0000000705,Success
DMAC-BPP,toluene,S0T1,stddft,-0.0000000436,Success
DMAC-BP,toluene,S0S1,stda,-0.0000000360,Success
DMAC-BP,toluene,S0S1,stddft,-0.0000000214,Success
DMAC-BP,toluene,S0T1,stda,-0.0000000026,Success
DMAC-BP,toluene,S0T1,stddft,0.0000000115,Success
DMAC-Cz,gas,S0S1,stda,0.0000000656,Success
DMAC-Cz,gas,S0S1,stddft,-0.0000000721,Success
DMAC-Cz,gas,S0T1,stda,0.0000000596,Success
DMAC-Cz,gas,S0T1,stddft,0.0000000830,Success
DMAC-Cz,toluene,S0S1,stda,0.0000000122,Success
DMAC-Cz,toluene,S0S1,stddft,0.0000000612,Success
DMAC-Cz,toluene,S0T1,stda,0.0000000314,Success
DMAC-Cz,toluene,S0T1,stddft,0.0000000457,Success
DMAC-Cz-TTR,gas,S0S1,stda,0.0000000701,Success
DMAC-Cz-TTR,gas,S0S1,stddft,0.0000001136,Success
DMAC-Cz-TTR,gas,S0T1,stda,0.0000000229,Success
DMAC-Cz-TTR,gas,S0T1,stddft,-0.0000000424,Success
DMAC-Cz-TTR,toluene,S0S1,stda,-0.0000000518,Success
DMAC-Cz-TTR,toluene,S0S1,stddft,0.0000000206,Success
DMAC-Cz-TTR,toluene,S0T1,stda,-0.0000000486,Success
DMAC-Cz-TTR,toluene,S0T1,stddft,-0.0000000826,Success
DMAC-DPS,gas,S0S1,stda,0.0000000641,Success
DMAC-DPS,gas,S0S1,stddft,0.0000000645,Success
DMAC-DPS,gas,S0T1,stda,-0.0000000599,Success
DMAC-DPS,gas,S0T1,stddft,-0.0000000617,Success
DMAC-DPS,toluene,S0S1,stda,-0.0000000164,Success
DMAC-DPS,toluene,S0S1,stddft,0.0000001021,Success
DMAC-DPS,toluene,S0T1,stda,-0.0000000205,Success
DMAC-DPS,toluene,S0T1,stddft,-0.0000000644,Success
DMAC-FO,gas,S0S1,stda,-0.0000000184,Success
DMAC-FO,gas,S0S1,stddft,-0.0000000093,Success
DMAC-FO,gas,S0T1,stda,-0.0000000017,Success
DMAC-FO,gas,S0T1,stddft,-0.0000000086,Success
DMAC-FO,toluene,S0S1,stda,0.0000000514,Success
DMAC-FO,toluene,S0S1,stddft,-0.0000000160,Success
DMAC-FO,toluene,S0T1,stda,0.0000000592,Success
DMAC-FO,toluene,S0T1,stddft,-0.0000001655,Success
DMACMNPTO,gas,S0S1,stda,0.0000000368,Success
DMACMNPTO,gas,S0S1,stddft,-0.0000000360,Success
DMACMNPTO,gas,S0T1,stda,-0.0000000071,Success
DMACMNPTO,gas,S0T1,stddft,-0.0000000316,Success
DMACMNPTO,toluene,S0S1,stda,-0.0000001241,Success
DMACMNPTO,toluene,S0S1,stddft,0.0000000633,Success
DMACMNPTO,toluene,S0T1,stda,-0.0000000251,Success
DMACMNPTO,toluene,S0T1,stddft,-0.0000001329,Success
DMACN-B,gas,S0S1,stda,-0.0000000209,Success
DMACN-B,gas,S0S1,stddft,0.0000000658,Success
DMACN-B,gas,S0T1,stda,-0.0000000235,Success
DMACN-B,gas,S0T1,stddft,0.0000000890,Success
DMACN-B,toluene,S0S1,stda,0.0000000521,Success
DMACN-B,toluene,S0S1,stddft,0.0000000508,Success
DMACN-B,toluene,S0T1,stda,-0.0000000207,Success
DMACN-B,toluene,S0T1,stddft,-0.0000001562,Success
DMAC-ND,gas,S0S1,stda,-0.0000000431,Success
DMAC-ND,gas,S0S1,stddft,0.0000000148,Success
DMAC-ND,gas,S0T1,stda,0.0000000069,Success
DMAC-ND,gas,S0T1,stddft,0.0000000451,Success
DMAC-ND,toluene,S0S1,stda,-0.0000000359,Success
DMAC-ND,toluene,S0S1,stddft,-0.0000000668,Success
DMAC-ND,toluene,S0T1,stda,0.0000000758,Success
DMAC-ND,toluene,S0T1,stddft,-0.0000000056,Success
DMAC-PCN,gas,S0S1,stda,-0.0000000226,Success
DMAC-PCN,gas,S0S1,stddft,0.0000000060,Success
DMAC-PCN,gas,S0T1,stda,0.0000000334,Success
DMAC-PCN,gas,S0T1,stddft,-0.0000000074,Success
DMAC-PCN,toluene,S0S1,stda,-0.0000000255,Success
DMAC-PCN,toluene,S0S1,stddft,0.0000000086,Success
DMAC-PCN,toluene,S0T1,stda,-0.0000000512,Success
DMAC-PCN,toluene,S0T1,stddft,-0.0000001133,Success
DMAC-TRZ,gas,S0S1,stda,0.0000000441,Success
DMAC-TRZ,gas,S0S1,stddft,-0.0000000235,Success
DMAC-TRZ,gas,S0T1,stda,-0.0000000416,Success
DMAC-TRZ,gas,S0T1,stddft,0.0000000234,Success
DMAC-TRZ,toluene,S0S1,stda,0.0000000021,Success
DMAC-TRZ,toluene,S0S1,stddft,-0.0000000145,Success
DMAC-TRZ,toluene,S0T1,stda,0.0000000323,Success
DMAC-TRZ,toluene,S0T1,stddft,0.0000000349,Success
DMBFTX,gas,S0S1,stda,-0.0000000008,Success
DMBFTX,gas,S0S1,stddft,-0.0000000158,Success
DMBFTX,gas,S0T1,stda,-0.0000000161,Success
DMBFTX,gas,S0T1,stddft,-0.0000000330,Success
DMBFTX,toluene,S0S1,stda,-0.0000000890,Success
DMBFTX,toluene,S0S1,stddft,0.0000000075,Success
DMBFTX,toluene,S0T1,stda,-0.0000000973,Success
DMBFTX,toluene,S0T1,stddft,-0.0000000117,Success
DMDHNP-DPS,gas,S0S1,stda,-0.0000000009,Success
DMDHNP-DPS,gas,S0S1,stddft,0.0000000057,Success
DMDHNP-DPS,gas,S0T1,stda,-0.0000000351,Success
DMDHNP-DPS,gas,S0T1,stddft,-0.0000000094,Success
DMDHNP-DPS,toluene,S0S1,stda,-0.0000000275,Success
DMDHNP-DPS,toluene,S0S1,stddft,-0.0000000306,Success
DMDHNP-DPS,toluene,S0T1,stda,0.0000000311,Success
DMDHNP-DPS,toluene,S0T1,stddft,0.0000000027,Success
DMeCzIPN,gas,S0S1,stda,-0.0000000312,Success
DMeCzIPN,gas,S0S1,stddft,0.0000000427,Success
DMeCzIPN,gas,S0T1,stda,0.0000000125,Success
DMeCzIPN,gas,S0T1,stddft,0.0000000750,Success
DMeCzIPN,toluene,S0S1,stda,-0.0000000400,Success
DMeCzIPN,toluene,S0S1,stddft,0.0000000281,Success
DMeCzIPN,toluene,S0T1,stda,-0.0000000303,Success
DMeCzIPN,toluene,S0T1,stddft,0.0000000149,Success
DMF-AnCN,gas,S0S1,stda,0.0000000211,Success
DMF-AnCN,gas,S0S1,stddft,0.0000000297,Success
DMF-AnCN,gas,S0T1,stda,0.0000000314,Success
DMF-AnCN,gas,S0T1,stddft,-0.0000000568,Success
DMF-AnCN,toluene,S0S1,stda,0.0000000388,Success
DMF-AnCN,toluene,S0S1,stddft,-0.0000000095,Success
DMF-AnCN,toluene,S0T1,stda,0.0000000628,Success
DMF-AnCN,toluene,S0T1,stddft,-0.0000001120,Success
DMIC-TRZ,gas,S0S1,stda,-0.0000000421,Success
DMIC-TRZ,gas,S0S1,stddft,-0.0000000593,Success
DMIC-TRZ,gas,S0T1,stda,-0.0000000006,Success
DMIC-TRZ,gas,S0T1,stddft,-0.0000000010,Success
DMIC-TRZ,toluene,S0S1,stda,-0.0000000742,Success
DMIC-TRZ,toluene,S0S1,stddft,-0.0000000296,Success
DMIC-TRZ,toluene,S0T1,stda,0.0000000496,Success
DMIC-TRZ,toluene,S0T1,stddft,-0.0000000377,Success
DMPA,gas,S0S1,stda,0.0000000309,Success
DMPA,gas,S0S1,stddft,-0.0000001028,Success
DMPA,gas,S0T1,stda,-0.0000000334,Success
DMPA,gas,S0T1,stddft,0.0000000220,Success
DMPA,toluene,S0S1,stda,0.0000000631,Success
DMPA,toluene,S0S1,stddft,0.0000001425,Success
DMPA,toluene,S0T1,stda,0.0000000540,Success
DMPA,toluene,S0T1,stddft,0.0000000943,Success
DmPy-PPI,gas,S0S1,stda,0.0000000530,Success
DmPy-PPI,gas,S0S1,stddft,-0.0000001003,Success
DmPy-PPI,gas,S0T1,stda,0.0000000201,Success
DmPy-PPI,gas,S0T1,stddft,-0.0000000665,Success
DmPy-PPI,toluene,S0S1,stda,0.0000001147,Success
DmPy-PPI,toluene,S0S1,stddft,-0.0000000786,Success
DmPy-PPI,toluene,S0T1,stda,-0.0000000517,Success
DmPy-PPI,toluene,S0T1,stddft,0.0000001050,Success
DMTAC,gas,S0S1,stda,-0.0000000224,Success
DMTAC,gas,S0S1,stddft,-0.0000000470,Success
DMTAC,gas,S0T1,stda,-0.0000000308,Success
DMTAC,gas,S0T1,stddft,0.0000000304,Success
DMTAC,toluene,S0S1,stda,0.0000000137,Success
DMTAC,toluene,S0S1,stddft,0.0000000456,Success
DMTAC,toluene,S0T1,stda,-0.0000000034,Success
DMTAC,toluene,S0T1,stddft,0.0000000126,Success
DNFPh,gas,S0S1,stda,-0.0000001690,Success
DNFPh,gas,S0S1,stddft,-0.0000000140,Success
DNFPh,gas,S0T1,stda,-0.0000000054,Success
DNFPh,gas,S0T1,stddft,0.0000000788,Success
DNFPh,toluene,S0S1,stda,0.0000000042,Success
DNFPh,toluene,S0S1,stddft,0.0000000547,Success
DNFPh,toluene,S0T1,stda,0.0000000752,Success
DNFPh,toluene,S0T1,stddft,0.0000000167,Success
DPAA,gas,S0S1,stda,-0.0000000457,Success
DPAA,gas,S0S1,stddft,0.0000000447,Success
DPAA,gas,S0T1,stda,-0.0000001099,Success
DPAA,gas,S0T1,stddft,0.0000000381,Success
DPAA,toluene,S0S1,stda,-0.0000001170,Success
DPAA,toluene,S0S1,stddft,-0.0000000683,Success
DPAA,toluene,S0T1,stda,0.0000000057,Success
DPAA,toluene,S0T1,stddft,-0.0000000120,Success
DPACpBr,gas,S0S1,stda,-0.0000000050,Success
DPACpBr,gas,S0S1,stddft,0.0000000017,Success
DPACpBr,gas,S0T1,stda,0.0000000145,Success
DPACpBr,gas,S0T1,stddft,-0.0000000162,Success
DPACpBr,toluene,S0S1,stda,-0.0000000354,Success
DPACpBr,toluene,S0S1,stddft,0.0000000498,Success
DPACpBr,toluene,S0T1,stda,0.0000000575,Success
DPACpBr,toluene,S0T1,stddft,-0.0000000056,Success
DPACPhTPI,gas,S0S1,stda,-0.0000000228,Success
DPACPhTPI,gas,S0S1,stddft,0.0000000312,Success
DPACPhTPI,gas,S0T1,stda,-0.0000001488,Success
DPACPhTPI,gas,S0T1,stddft,-0.0000001700,Success
DPACPhTPI,toluene,S0S1,stda,0.0000000245,Success
DPACPhTPI,toluene,S0S1,stddft,0.0000000478,Success
DPACPhTPI,toluene,S0T1,stda,0.0000000482,Success
DPACPhTPI,toluene,S0T1,stddft,0.0000000567,Success
DPA-DPQ,gas,S0S1,stda,-0.0000000945,Success
DPA-DPQ,gas,S0S1,stddft,-0.0000000534,Success
DPA-DPQ,gas,S0T1,stda,0.0000000374,Success
DPA-DPQ,gas,S0T1,stddft,-0.0000000356,Success
DPA-DPQ,toluene,S0S1,stda,-0.0000000397,Success
DPA-DPQ,toluene,S0S1,stddft,0.0000000877,Success
DPA-DPQ,toluene,S0T1,stda,0.0000001724,Success
DPA-DPQ,toluene,S0T1,stddft,0.0000000122,Success
DPA,gas,S0S1,stda,-0.0000000184,Success
DPA,gas,S0S1,stddft,0.0000000323,Success
DPA,gas,S0T1,stda,0.0000000250,Success
DPA,gas,S0T1,stddft,-0.0000000136,Success
DpAn-BzAc,gas,S0S1,stda,0.0000001638,Success
DpAn-BzAc,gas,S0S1,stddft,0.0000000564,Success
DpAn-BzAc,gas,S0T1,stda,0.0000000323,Success
DpAn-BzAc,gas,S0T1,stddft,-0.0000000768,Success
DpAn-BzAc,toluene,S0S1,stda,-0.0000000246,Success
DpAn-BzAc,toluene,S0S1,stddft,-0.0000000614,Success
DpAn-BzAc,toluene,S0T1,stda,-0.0000000053,Success
DpAn-BzAc,toluene,S0T1,stddft,-0.0000000323,Success
DPA,toluene,S0S1,stda,0.0000000150,Success
DPA,toluene,S0S1,stddft,0.0000000770,Success
DPA,toluene,S0T1,stda,0.0000000246,Success
DPA,toluene,S0T1,stddft,-0.0000000414,Success
DPCN,gas,S0S1,stda,0.0000000385,Success
DPCN,gas,S0S1,stddft,0.0000000367,Success
DPCN,gas,S0T1,stda,0.0000000356,Success
DPCN,gas,S0T1,stddft,-0.0000000023,Success
DPCN,toluene,S0S1,stda,-0.0000000073,Success
DPCN,toluene,S0S1,stddft,-0.0000000867,Success
DPCN,toluene,S0T1,stda,-0.0000000276,Success
DPCN,toluene,S0T1,stddft,-0.0000000956,Success
DPE-DDMAc,gas,S0S1,stda,0.0000000051,Success
DPE-DDMAc,gas,S0S1,stddft,0.0000000197,Success
DPE-DDMAc,gas,S0T1,stda,0.0000000071,Success
DPE-DDMAc,gas,S0T1,stddft,-0.0000000140,Success
DPE-DDMAc,toluene,S0S1,stda,-0.0000000174,Success
DPE-DDMAc,toluene,S0S1,stddft,-0.0000000257,Success
DPE-DDMAc,toluene,S0T1,stda,0.0000001018,Success
DPE-DDMAc,toluene,S0T1,stddft,-0.0000000990,Success
DPE-DPXZ,gas,S0S1,stda,-0.0000000459,Success
DPE-DPXZ,gas,S0S1,stddft,-0.0000000483,Success
DPE-DPXZ,gas,S0T1,stda,-0.0000000062,Success
DPE-DPXZ,gas,S0T1,stddft,0.0000000124,Success
DPE-DPXZ,toluene,S0S1,stda,-0.0000001072,Success
DPE-DPXZ,toluene,S0S1,stddft,-0.0000000523,Success
DPE-DPXZ,toluene,S0T1,stda,0.0000000901,Success
DPE-DPXZ,toluene,S0T1,stddft,0.0000001344,Success
DPE,gas,S0S1,stda,0.0000000256,Success
DPE,gas,S0S1,stddft,-0.0000000055,Success
DPE,gas,S0T1,stda,-0.0000000335,Success
DPE,gas,S0T1,stddft,0.0000000493,Success
DPE,toluene,S0S1,stda,0.0000001468,Success
DPE,toluene,S0S1,stddft,-0.0000000097,Success
DPE,toluene,S0T1,stda,0.0000000579,Success
DPE,toluene,S0T1,stddft,0.0000000486,Success
DPF-AnCN,gas,S0S1,stda,-0.0000001996,Success
DPF-AnCN,gas,S0S1,stddft,-0.0000001516,Success
DPF-AnCN,gas,S0T1,stda,0.0000000348,Success
DPF-AnCN,gas,S0T1,stddft,-0.0000000291,Success
DPF-AnCN,toluene,S0S1,stda,-0.0000000417,Success
DPF-AnCN,toluene,S0S1,stddft,0.0000000297,Success
DPF-AnCN,toluene,S0T1,stda,-0.0000000476,Success
DPF-AnCN,toluene,S0T1,stddft,-0.0000000138,Success
DPFPhe,gas,S0S1,stda,-0.0000000212,Success
DPFPhe,gas,S0S1,stddft,0.0000000080,Success
DPFPhe,gas,S0T1,stda,0.0000000533,Success
DPFPhe,gas,S0T1,stddft,0.0000000195,Success
DPFPhe,toluene,S0S1,stda,-0.0000000332,Success
DPFPhe,toluene,S0S1,stddft,0.0000000769,Success
DPFPhe,toluene,S0T1,stda,0.0000000155,Success
DPFPhe,toluene,S0T1,stddft,-0.0000000195,Success
DphAn-Br,gas,S0S1,stda,0.0000000105,Success
DphAn-Br,gas,S0S1,stddft,-0.0000000147,Success
DphAn-Br,gas,S0T1,stda,-0.0000000121,Success
DphAn-Br,gas,S0T1,stddft,-0.0000000092,Success
DphAn-Br,toluene,S0S1,stda,-0.0000000332,Success
DphAn-Br,toluene,S0S1,stddft,-0.0000000260,Success
DphAn-Br,toluene,S0T1,stda,-0.0000000077,Success
DphAn-Br,toluene,S0T1,stddft,0.0000000105,Success
DPhBCz,gas,S0S1,stda,-0.0000000217,Success
DPhBCz,gas,S0S1,stddft,-0.0000000302,Success
DPhBCz,gas,S0T1,stda,0.0000000513,Success
DPhBCz,gas,S0T1,stddft,0.0000000235,Success
DPhBCz,toluene,S0S1,stda,0.0000000153,Success
DPhBCz,toluene,S0S1,stddft,0.0000000420,Success
DPhBCz,toluene,S0T1,stda,0.0000000556,Success
DPhBCz,toluene,S0T1,stddft,0.0000000097,Success
DPIBPZ-DPXZ,gas,S0S1,stda,0.0000000249,Success
DPIBPZ-DPXZ,gas,S0S1,stddft,-0.0000000120,Success
DPIBPZ-DPXZ,gas,S0T1,stda,0.0000000317,Success
DPIBPZ-DPXZ,gas,S0T1,stddft,-0.0000000149,Success
DPIBPZ-DPXZ,toluene,S0S1,stda,0.0000000105,Success
DPIBPZ-DPXZ,toluene,S0S1,stddft,0.0000000410,Success
DPIBPZ-DPXZ,toluene,S0T1,stda,-0.0000000119,Success
DPIBPZ-DPXZ,toluene,S0T1,stddft,0.0000000019,Success
DPimdPPA,gas,S0S1,stda,-0.0000000087,Success
DPimdPPA,gas,S0S1,stddft,-0.0000000662,Success
DPimdPPA,gas,S0T1,stda,0.0000001072,Success
DPimdPPA,gas,S0T1,stddft,-0.0000000202,Success
DPimdPPA,toluene,S0S1,stda,-0.0000000801,Success
DPimdPPA,toluene,S0S1,stddft,0.0000000817,Success
DPimdPPA,toluene,S0T1,stda,0.0000000067,Success
DPimdPPA,toluene,S0T1,stddft,-0.0000000453,Success
dpmb,gas,S0S1,stda,0.0000000100,Success
dpmb,gas,S0S1,stddft,0.0000000353,Success
dpmb,gas,S0T1,stda,0.0000000322,Success
dpmb,gas,S0T1,stddft,0.0000000431,Success
dpmb,toluene,S0S1,stda,-0.0000000074,Success
dpmb,toluene,S0S1,stddft,-0.0000000502,Success
dpmb,toluene,S0T1,stda,0.0000000570,Success
dpmb,toluene,S0T1,stddft,-0.0000000172,Success
dpmt,gas,S0S1,stda,0.0000000049,Success
dpmt,gas,S0S1,stddft,0.0000001052,Success
dpmt,gas,S0T1,stda,-0.0000000059,Success
dpmt,gas,S0T1,stddft,-0.0000000550,Success
dpmt,toluene,S0S1,stda,-0.0000000386,Success
dpmt,toluene,S0S1,stddft,-0.0000000662,Success
dpmt,toluene,S0T1,stda,-0.0000000350,Success
dpmt,toluene,S0T1,stddft,-0.0000000849,Success
DPNC,gas,S0S1,stda,0.0000000405,Success
DPNC,gas,S0S1,stddft,0.0000000171,Success
DPNC,gas,S0T1,stda,-0.0000000898,Success
DPNC,gas,S0T1,stddft,-0.0000000446,Success
DPNC,toluene,S0S1,stda,0.0000000295,Success
DPNC,toluene,S0S1,stddft,0.0000000060,Success
DPNC,toluene,S0T1,stda,-0.0000000103,Success
DPNC,toluene,S0T1,stddft,-0.0000000200,Success
DPPP,gas,S0S1,stda,0.0000000061,Success
DPPP,gas,S0S1,stddft,-0.0000000852,Success
DPPP,gas,S0T1,stda,-0.0000000108,Success
DPPP,gas,S0T1,stddft,-0.0000000317,Success
DPPP,toluene,S0S1,stda,0.0000000091,Success
DPPP,toluene,S0S1,stddft,-0.0000000566,Success
DPPP,toluene,S0T1,stda,-0.0000000065,Success
DPPP,toluene,S0T1,stddft,0.0000000294,Success
DPP-PXZ,gas,S0S1,stda,0.0000000623,Success
DPP-PXZ,gas,S0S1,stddft,-0.0000000073,Success
DPP-PXZ,gas,S0T1,stda,-0.0000000238,Success
DPP-PXZ,gas,S0T1,stddft,-0.0000000306,Success
DPP-PXZ,toluene,S0S1,stda,0.0000000255,Success
DPP-PXZ,toluene,S0S1,stddft,-0.0000000209,Success
DPP-PXZ,toluene,S0T1,stda,0.0000000511,Success
DPP-PXZ,toluene,S0T1,stddft,-0.0000000122,Success
DPPSPF,gas,S0S1,stda,0.0000000551,Success
DPPSPF,gas,S0S1,stddft,0.0000001149,Success
DPPSPF,gas,S0T1,stda,-0.0000000448,Success
DPPSPF,gas,S0T1,stddft,-0.0000000077,Success
DPPSPF,toluene,S0S1,stda,-0.0000000213,Success
DPPSPF,toluene,S0S1,stddft,-0.0000000265,Success
DPPSPF,toluene,S0T1,stda,0.0000000677,Success
DPPSPF,toluene,S0T1,stddft,-0.0000000253,Success
DPQ-DMAC,gas,S0S1,stda,0.0000000057,Success
DPQ-DMAC,gas,S0S1,stddft,0.0000000040,Success
DPQ-DMAC,gas,S0T1,stda,0.0000000027,Success
DPQ-DMAC,gas,S0T1,stddft,-0.0000000290,Success
DPQ-DMAC,toluene,S0S1,stda,-0.0000000090,Success
DPQ-DMAC,toluene,S0S1,stddft,-0.0000000256,Success
DPQ-DMAC,toluene,S0T1,stda,-0.0000000323,Success
DPQ-DMAC,toluene,S0T1,stddft,0.0000000157,Success
DPQ-PXZ,gas,S0S1,stda,0.0000000247,Success
DPQ-PXZ,gas,S0S1,stddft,0.0000000368,Success
DPQ-PXZ,gas,S0T1,stda,0.0000000201,Success
DPQ-PXZ,gas,S0T1,stddft,0.0000000015,Success
DPQ-PXZ,toluene,S0S1,stda,0.0000000160,Success
DPQ-PXZ,toluene,S0S1,stddft,-0.0000000159,Success
DPQ-PXZ,toluene,S0T1,stda,0.0000000260,Success
DPQ-PXZ,toluene,S0T1,stddft,0.0000000334,Success
DPS-PXZ,gas,S0S1,stda,0.0000000132,Success
DPS-PXZ,gas,S0S1,stddft,0.0000001327,Success
DPS-PXZ,gas,S0T1,stda,-0.0000001165,Success
DPS-PXZ,gas,S0T1,stddft,0.0000000604,Success
DPS-PXZ,toluene,S0S1,stda,-0.0000000518,Success
DPS-PXZ,toluene,S0S1,stddft,-0.0000000202,Success
DPS-PXZ,toluene,S0T1,stda,0.0000000661,Success
DPS-PXZ,toluene,S0T1,stddft,-0.0000001049,Success
DPTPEA,gas,S0S1,stda,0.0000000753,Success
DPTPEA,gas,S0S1,stddft,0.0000000456,Success
DPTPEA,gas,S0T1,stda,0.0000000405,Success
DPTPEA,gas,S0T1,stddft,0.0000000519,Success
DPTPEA,toluene,S0S1,stda,0.0000000516,Success
DPTPEA,toluene,S0S1,stddft,0.0000000360,Success
DPTPEA,toluene,S0T1,stda,0.0000000111,Success
DPTPEA,toluene,S0T1,stddft,-0.0000000440,Success
DPVBi,gas,S0S1,stda,0.0000000853,Success
DPVBi,gas,S0S1,stddft,0.0000000855,Success
DPVBi,gas,S0T1,stda,-0.0000000759,Success
DPVBi,gas,S0T1,stddft,-0.0000000373,Success
DPVBi,toluene,S0S1,stda,0.0000000621,Success
DPVBi,toluene,S0S1,stddft,0.0000000998,Success
DPVBi,toluene,S0T1,stda,-0.0000000213,Success
DPVBi,toluene,S0T1,stddft,0.0000000261,Success
DPXZ-DPPM,gas,S0S1,stda,-0.0000000164,Success
DPXZ-DPPM,gas,S0S1,stddft,0.0000000245,Success
DPXZ-DPPM,gas,S0T1,stda,0.0000000043,Success
DPXZ-DPPM,gas,S0T1,stddft,-0.0000000611,Success
DPXZ-DPPM,toluene,S0S1,stda,0.0000000301,Success
DPXZ-DPPM,toluene,S0S1,stddft,-0.0000000163,Success
DPXZ-DPPM,toluene,S0T1,stda,0.0000000149,Success
DPXZ-DPPM,toluene,S0T1,stddft,0.0000000206,Success
DQP,gas,S0S1,stda,0.0000000007,Success
DQP,gas,S0S1,stddft,0.0000000022,Success
DQP,gas,S0T1,stda,-0.0000000731,Success
DQP,gas,S0T1,stddft,-0.0000001044,Success
DQP,toluene,S0S1,stda,0.0000000007,Success
DQP,toluene,S0S1,stddft,-0.0000000001,Success
DQP,toluene,S0T1,stda,0.0000000319,Success
DQP,toluene,S0T1,stddft,-0.0000000080,Success
dTolmp,gas,S0S1,stda,0.0000000109,Success
dTolmp,gas,S0S1,stddft,0.0000000465,Success
dTolmp,gas,S0T1,stda,0.0000001009,Success
dTolmp,gas,S0T1,stddft,-0.0000000128,Success
dTolmp,toluene,S0S1,stda,0.0000000507,Success
dTolmp,toluene,S0S1,stddft,0.0000000069,Success
dTolmp,toluene,S0T1,stda,-0.0000000122,Success
dTolmp,toluene,S0T1,stddft,-0.0000000146,Success
DTPCZPYTZ,gas,S0S1,stda,0.0000000186,Success
DTPCZPYTZ,gas,S0S1,stddft,0.0000000928,Success
DTPCZPYTZ,gas,S0T1,stda,0.0000001767,Success
DTPCZPYTZ,gas,S0T1,stddft,0.0000000305,Success
DTPCZPYTZ,toluene,S0S1,stda,0.0000000611,Success
DTPCZPYTZ,toluene,S0S1,stddft,-0.0000000210,Success
DTPCZPYTZ,toluene,S0T1,stda,-0.0000000298,Success
DTPCZPYTZ,toluene,S0T1,stddft,0.0000001018,Success
DTPCZTZ,gas,S0S1,stda,0.0000000160,Success
DTPCZTZ,gas,S0S1,stddft,-0.0000000765,Success
DTPCZTZ,gas,S0T1,stda,-0.0000001102,Success
DTPCZTZ,gas,S0T1,stddft,-0.0000000514,Success
DTPCZTZ,toluene,S0S1,stda,0.0000000811,Success
DTPCZTZ,toluene,S0S1,stddft,-0.0000000180,Success
DTPCZTZ,toluene,S0T1,stda,-0.0000001012,Success
DTPCZTZ,toluene,S0T1,stddft,0.0000000090,Success
DTPTCzDP-CN,gas,S0S1,stda,-0.0000000456,Success
DTPTCzDP-CN,gas,S0S1,stddft,0.0000000144,Success
DTPTCzDP-CN,gas,S0T1,stda,-0.0000000001,Success
DTPTCzDP-CN,gas,S0T1,stddft,0.0000000146,Success
DTPTCzDP-CN,toluene,S0S1,stda,-0.0000000365,Success
DTPTCzDP-CN,toluene,S0S1,stddft,0.0000000192,Success
DTPTCzDP-CN,toluene,S0T1,stda,-0.0000000778,Success
DTPTCzDP-CN,toluene,S0T1,stddft,-0.0000000241,Success
DTRZSFX,gas,S0S1,stda,-0.0000000489,Success
DTRZSFX,gas,S0S1,stddft,-0.0000001653,Success
DTRZSFX,gas,S0T1,stda,-0.0000000079,Success
DTRZSFX,gas,S0T1,stddft,-0.0000000002,Success
DTRZSFX,toluene,S0S1,stda,0.0000000366,Success
DTRZSFX,toluene,S0S1,stddft,-0.0000000254,Success
DTRZSFX,toluene,S0T1,stda,-0.0000000334,Success
DTRZSFX,toluene,S0T1,stddft,0.0000000312,Success
DTXO-TPA2,gas,S0S1,stda,-0.0000001234,Success
DTXO-TPA2,gas,S0S1,stddft,0.0000000439,Success
DTXO-TPA2,gas,S0T1,stda,0.0000001293,Success
DTXO-TPA2,gas,S0T1,stddft,0.0000000074,Success
DTXO-TPA2,toluene,S0S1,stda,0.0000000127,Success
DTXO-TPA2,toluene,S0S1,stddft,-0.0000000173,Success
DTXO-TPA2,toluene,S0T1,stda,-0.0000000462,Success
DTXO-TPA2,toluene,S0T1,stddft,-0.0000000161,Success
DV-3CzCN,gas,S0S1,stda,0.0000000707,Success
DV-3CzCN,gas,S0S1,stddft,0.0000000243,Success
DV-3CzCN,gas,S0T1,stda,0.0000000095,Success
DV-3CzCN,gas,S0T1,stddft,0.0000000012,Success
DV-3CzCN,toluene,S0S1,stda,-0.0000000348,Success
DV-3CzCN,toluene,S0S1,stddft,-0.0000000257,Success
DV-3CzCN,toluene,S0T1,stda,-0.0000000788,Success
DV-3CzCN,toluene,S0T1,stddft,0.0000001267,Success
DVCz-2CzCN,gas,S0S1,stda,0.0000000522,Success
DVCz-2CzCN,gas,S0S1,stddft,0.0000000253,Success
DVCz-2CzCN,gas,S0T1,stda,-0.0000000320,Success
DVCz-2CzCN,gas,S0T1,stddft,0.0000000876,Success
DVCz-2CzCN,toluene,S0S1,stda,-0.0000000135,Success
DVCz-2CzCN,toluene,S0S1,stddft,0.0000000975,Success
DVCz-2CzCN,toluene,S0T1,stda,0.0000000727,Success
DVCz-2CzCN,toluene,S0T1,stddft,-0.0000000538,Success
ECDPTT,gas,S0S1,stda,0.0000000501,Success
ECDPTT,gas,S0S1,stddft,-0.0000000456,Success
ECDPTT,gas,S0T1,stda,0.0000000616,Success
ECDPTT,gas,S0T1,stddft,0.0000000334,Success
ECDPTT,toluene,S0S1,stda,0.0000000331,Success
ECDPTT,toluene,S0S1,stddft,0.0000000457,Success
ECDPTT,toluene,S0T1,stda,0.0000001095,Success
ECDPTT,toluene,S0T1,stddft,0.0000000169,Success
E-o-DHMPA,gas,S0S1,stda,-0.0000001506,Success
E-o-DHMPA,gas,S0S1,stddft,-0.0000001195,Success
E-o-DHMPA,gas,S0T1,stda,0.0000000320,Success
E-o-DHMPA,gas,S0T1,stddft,0.0000000747,Success
E-o-DHMPA,toluene,S0S1,stda,-0.0000001031,Success
E-o-DHMPA,toluene,S0S1,stddft,-0.0000000056,Success
E-o-DHMPA,toluene,S0T1,stda,0.0000000768,Success
E-o-DHMPA,toluene,S0T1,stddft,0.0000000734,Success
Et3SiH,gas,S0S1,stda,-0.0000000187,Success
Et3SiH,gas,S0S1,stddft,0.0000000104,Success
Et3SiH,gas,S0T1,stda,0.0000000963,Success
Et3SiH,gas,S0T1,stddft,-0.0000000342,Success
Et3SiH,toluene,S0S1,stda,-0.0000000015,Success
Et3SiH,toluene,S0S1,stddft,0.0000000903,Success
Et3SiH,toluene,S0T1,stda,-0.0000000425,Success
Et3SiH,toluene,S0T1,stddft,0.0000001278,Success
ethylacetate,gas,S0S1,stda,-0.0000000022,Success
ethylacetate,gas,S0S1,stddft,0.0000000293,Success
ethylacetate,gas,S0T1,stda,-0.0000000190,Success
ethylacetate,gas,S0T1,stddft,-0.0000000491,Success
ethylacetate,toluene,S0S1,stda,0.0000000451,Success
ethylacetate,toluene,S0S1,stddft,0.0000000005,Success
ethylacetate,toluene,S0T1,stda,-0.0000000179,Success
ethylacetate,toluene,S0T1,stddft,-0.0000000238,Success
F2AcBO,gas,S0S1,stda,-0.0000000025,Success
F2AcBO,gas,S0S1,stddft,-0.0000000061,Success
F2AcBO,gas,S0T1,stda,-0.0000000289,Success
F2AcBO,gas,S0T1,stddft,-0.0000000051,Success
F2AcBO,toluene,S0S1,stda,0.0000000044,Success
F2AcBO,toluene,S0S1,stddft,0.0000000365,Success
F2AcBO,toluene,S0T1,stda,-0.0000000062,Success
F2AcBO,toluene,S0T1,stddft,0.0000000064,Success
F-2CzB,gas,S0S1,stda,-0.0000000673,Success
F-2CzB,gas,S0S1,stddft,-0.0000000220,Success
F-2CzB,gas,S0T1,stda,0.0000000899,Success
F-2CzB,gas,S0T1,stddft,-0.0000000325,Success
F-2CzB,toluene,S0S1,stda,0.0000000373,Success
F-2CzB,toluene,S0S1,stddft,0.0000000235,Success
F-2CzB,toluene,S0T1,stda,-0.0000000094,Success
F-2CzB,toluene,S0T1,stddft,0.0000000381,Success
F2PA,gas,S0S1,stda,-0.0000000490,Success
F2PA,gas,S0S1,stddft,0.0000000069,Success
F2PA,gas,S0T1,stda,-0.0000000262,Success
F2PA,gas,S0T1,stddft,-0.0000000030,Success
F2PA,toluene,S0S1,stda,-0.0000000339,Success
F2PA,toluene,S0S1,stddft,-0.0000000353,Success
F2PA,toluene,S0T1,stda,-0.0000000530,Success
F2PA,toluene,S0T1,stddft,0.0000000183,Success
FAC,gas,S0S1,stda,-0.0000000474,Success
FAC,gas,S0S1,stddft,-0.0000000285,Success
FAC,gas,S0T1,stda,-0.0000000436,Success
FAC,gas,S0T1,stddft,-0.0000001009,Success
FAC,toluene,S0S1,stda,0.0000000344,Success
FAC,toluene,S0S1,stddft,0.0000001367,Success
FAC,toluene,S0T1,stda,0.0000000459,Success
FAC,toluene,S0T1,stddft,-0.0000000024,Success
FAPbCl3,gas,S0S1,stda,-0.0000000496,Success
FAPbCl3,gas,S0S1,stddft,0.0000001527,Success
FAPbCl3,gas,S0T1,stda,0.0000000099,Success
FAPbCl3,gas,S0T1,stddft,-0.0000001341,Success
FAPbCl3,toluene,S0S1,stda,-0.0000000631,Success
FAPbCl3,toluene,S0S1,stddft,0.0000000444,Success
FAPbCl3,toluene,S0T1,stda,-0.0000000481,Success
FAPbCl3,toluene,S0T1,stddft,-0.0000000263,Success
FDQPXZ,gas,S0S1,stda,-0.0000000046,Success
FDQPXZ,gas,S0S1,stddft,0.0000000282,Success
FDQPXZ,gas,S0T1,stda,-0.0000000286,Success
FDQPXZ,gas,S0T1,stddft,0.0000000057,Success
FDQPXZ,toluene,S0S1,stda,0.0000000089,Success
FDQPXZ,toluene,S0S1,stddft,0.0000000060,Success
FDQPXZ,toluene,S0T1,stda,0.0000000127,Success
FDQPXZ,toluene,S0T1,stddft,0.0000000278,Success
Fene,gas,S0S1,stda,0.0000000035,Success
Fene,gas,S0S1,stddft,-0.0000000114,Success
Fene,gas,S0T1,stda,-0.0000000466,Success
Fene,gas,S0T1,stddft,0.0000000014,Success
Fene,toluene,S0S1,stda,-0.0000000088,Success
Fene,toluene,S0S1,stddft,-0.0000000009,Success
Fene,toluene,S0T1,stda,-0.0000000326,Success
Fene,toluene,S0T1,stddft,-0.0000000018,Success
Fens,gas,S0S1,stda,-0.0000000105,Success
Fens,gas,S0S1,stddft,0.0000000046,Success
Fens,gas,S0T1,stda,-0.0000000338,Success
Fens,gas,S0T1,stddft,0.0000000161,Success
Fens,toluene,S0S1,stda,-0.0000000070,Success
Fens,toluene,S0S1,stddft,0.0000000066,Success
Fens,toluene,S0T1,stda,-0.0000000221,Success
Fens,toluene,S0T1,stddft,-0.0000000379,Success
FlCz,gas,S0S1,stda,-0.0000000072,Success
FlCz,gas,S0S1,stddft,0.0000000202,Success
FlCz,gas,S0T1,stda,-0.0000000305,Success
FlCz,gas,S0T1,stddft,-0.0000000706,Success
FlCz,toluene,S0S1,stda,0.0000000160,Success
FlCz,toluene,S0S1,stddft,-0.0000000022,Success
FlCz,toluene,S0T1,stda,-0.0000000143,Success
FlCz,toluene,S0T1,stddft,-0.0000000046,Success
FSF4A,gas,S0S1,stda,0.0000000012,Success
FSF4A,gas,S0S1,stddft,0.0000000128,Success
FSF4A,gas,S0T1,stda,-0.0000000052,Success
FSF4A,gas,S0T1,stddft,-0.0000000694,Success
FSF4A,toluene,S0S1,stda,0.0000000271,Success
FSF4A,toluene,S0S1,stddft,0.0000000124,Success
FSF4A,toluene,S0T1,stda,0.0000000849,Success
FSF4A,toluene,S0T1,stddft,0.0000000800,Success
FTAT-FBO,gas,S0S1,stda,0.0000000622,Success
FTAT-FBO,gas,S0S1,stddft,0.0000000766,Success
FTAT-FBO,gas,S0T1,stda,0.0000000070,Success
FTAT-FBO,gas,S0T1,stddft,0.0000002018,Success
FTAT-FBO,toluene,S0S1,stda,-0.0000000529,Success
FTAT-FBO,toluene,S0S1,stddft,0.0000000645,Success
FTAT-FBO,toluene,S0T1,stda,-0.0000001175,Success
FTAT-FBO,toluene,S0T1,stddft,-0.0000000703,Success
H4TCPE,gas,S0S1,stda,0.0000000061,Success
H4TCPE,gas,S0S1,stddft,-0.0000000066,Success
H4TCPE,gas,S0T1,stda,-0.0000000701,Success
H4TCPE,gas,S0T1,stddft,0.0000000230,Success
H4TCPE,toluene,S0S1,stda,0.0000000040,Success
H4TCPE,toluene,S0S1,stddft,-0.0000001089,Success
H4TCPE,toluene,S0T1,stda,-0.0000000287,Success
H4TCPE,toluene,S0T1,stddft,-0.0000000366,Success
HAP-3MF,gas,S0S1,stda,0.0000000025,Success
HAP-3MF,gas,S0S1,stddft,-0.0000000183,Success
HAP-3MF,gas,S0T1,stda,-0.0000000256,Success
HAP-3MF,gas,S0T1,stddft,0.0000000125,Success
HAP-3MF,toluene,S0S1,stda,-0.0000000406,Success
HAP-3MF,toluene,S0S1,stddft,0.0000000085,Success
HAP-3MF,toluene,S0T1,stda,0.0000000358,Success
HAP-3MF,toluene,S0T1,stddft,0.0000000255,Success
HDP,gas,S0S1,stda,0.0000000004,Success
HDP,gas,S0S1,stddft,-0.0000000003,Success
HDP,gas,S0T1,stda,0.0000000828,Success
HDP,gas,S0T1,stddft,0.0000000191,Success
HDP,toluene,S0S1,stda,-0.0000000001,Success
HDP,toluene,S0S1,stddft,0.0000000006,Success
HDP,toluene,S0T1,stda,-0.0000000386,Success
HDP,toluene,S0T1,stddft,0.0000000196,Success
HITPE,gas,S0S1,stda,0.0000000012,Success
HITPE,gas,S0S1,stddft,-0.0000001179,Success
HITPE,gas,S0T1,stda,-0.0000001702,Success
HITPE,gas,S0T1,stddft,-0.0000000017,Success
HITPE,toluene,S0S1,stda,0.0000000204,Success
HITPE,toluene,S0S1,stddft,0.0000000824,Success
HITPE,toluene,S0T1,stda,0.0000000464,Success
HITPE,toluene,S0T1,stddft,0.0000000950,Success
HPIPXZ,gas,S0S1,stda,-0.0000000805,Success
HPIPXZ,gas,S0S1,stddft,0.0000000180,Success
HPIPXZ,gas,S0T1,stda,0.0000000232,Success
HPIPXZ,gas,S0T1,stddft,0.0000000612,Success
HPIPXZ,toluene,S0S1,stda,0.0000000658,Success
HPIPXZ,toluene,S0S1,stddft,-0.0000000365,Success
HPIPXZ,toluene,S0T1,stda,0.0000000231,Success
HPIPXZ,toluene,S0T1,stddft,0.0000000487,Success
HPVAnt,gas,S0S1,stda,0.0000000499,Success
HPVAnt,gas,S0S1,stddft,0.0000001605,Success
HPVAnt,gas,S0T1,stda,-0.0000000338,Success
HPVAnt,gas,S0T1,stddft,0.0000001008,Success
HPVAnt,toluene,S0S1,stda,0.0000000076,Success
HPVAnt,toluene,S0S1,stddft,0.0000000774,Success
HPVAnt,toluene,S0T1,stda,-0.0000000638,Success
HPVAnt,toluene,S0T1,stddft,0.0000001885,Success
IABTCN,gas,S0S1,stda,0.0000000219,Success
IABTCN,gas,S0S1,stddft,0.0000001000,Success
IABTCN,gas,S0T1,stda,-0.0000000870,Success
IABTCN,gas,S0T1,stddft,-0.0000000957,Success
IABTCN,toluene,S0S1,stda,-0.0000000055,Success
IABTCN,toluene,S0S1,stddft,-0.0000000450,Success
IABTCN,toluene,S0T1,stda,0.0000000392,Success
IABTCN,toluene,S0T1,stddft,0.0000000428,Success
ICBNTrz4,gas,S0S1,stda,-0.0000000130,Success
ICBNTrz4,gas,S0S1,stddft,-0.0000000237,Success
ICBNTrz4,gas,S0T1,stda,0.0000000202,Success
ICBNTrz4,gas,S0T1,stddft,-0.0000000024,Success
ICBNTrz4,toluene,S0S1,stda,0.0000000053,Success
ICBNTrz4,toluene,S0S1,stddft,-0.0000000292,Success
ICBNTrz4,toluene,S0T1,stda,-0.0000000139,Success
ICBNTrz4,toluene,S0T1,stddft,0.0000001016,Success
ICz-2,gas,S0S1,stda,-0.0000000027,Success
ICz-2,gas,S0S1,stddft,-0.0000000315,Success
ICz-2,gas,S0T1,stda,-0.0000000050,Success
ICz-2,gas,S0T1,stddft,0.0000000863,Success
ICz-2,toluene,S0S1,stda,0.0000000055,Success
ICz-2,toluene,S0S1,stddft,0.0000000182,Success
ICz-2,toluene,S0T1,stda,-0.0000000512,Success
ICz-2,toluene,S0T1,stddft,-0.0000000413,Success
ICZ,gas,S0S1,stda,0.0000000055,Success
ICZ,gas,S0S1,stddft,-0.0000000375,Success
ICZ,gas,S0T1,stda,0.0000000326,Success
ICZ,gas,S0T1,stddft,0.0000001322,Success
ICZ,toluene,S0S1,stda,-0.0000000385,Success
ICZ,toluene,S0S1,stddft,-0.0000000249,Success
ICZ,toluene,S0T1,stda,0.0000000397,Success
ICZ,toluene,S0T1,stddft,-0.0000000206,Success
IDAC-MCO,gas,S0S1,stda,-0.0000000568,Success
IDAC-MCO,gas,S0S1,stddft,-0.0000000440,Success
IDAC-MCO,gas,S0T1,stda,0.0000001004,Success
IDAC-MCO,gas,S0T1,stddft,0.0000000631,Success
IDAC-MCO,toluene,S0S1,stda,0.0000000280,Success
IDAC-MCO,toluene,S0S1,stddft,0.0000001204,Success
IDAC-MCO,toluene,S0T1,stda,-0.0000000427,Success
IDAC-MCO,toluene,S0T1,stddft,-0.0000000044,Success
IDFL-2DPA,gas,S0S1,stda,0.0000000126,Success
IDFL-2DPA,gas,S0S1,stddft,0.0000000081,Success
IDFL-2DPA,gas,S0T1,stda,-0.0000000942,Success
IDFL-2DPA,gas,S0T1,stddft,0.0000001248,Success
IDFL-2DPA,toluene,S0S1,stda,-0.0000000639,Success
IDFL-2DPA,toluene,S0S1,stddft,0.0000000085,Success
IDFL-2DPA,toluene,S0T1,stda,0.0000000242,Success
IDFL-2DPA,toluene,S0T1,stddft,0.0000000409,Success
ImPy-1,gas,S0S1,stda,0.0000000829,Success
ImPy-1,gas,S0S1,stddft,0.0000000343,Success
ImPy-1,gas,S0T1,stda,0.0000002443,Success
ImPy-1,gas,S0T1,stddft,0.0000000332,Success
ImPy-1,toluene,S0S1,stda,-0.0000000147,Success
ImPy-1,toluene,S0S1,stddft,-0.0000000892,Success
ImPy-1,toluene,S0T1,stda,-0.0000000150,Success
ImPy-1,toluene,S0T1,stddft,-0.0000000616,Success
ImPy-2,gas,S0S1,stda,0.0000000118,Success
ImPy-2,gas,S0S1,stddft,-0.0000000091,Success
ImPy-2,gas,S0T1,stda,-0.0000000508,Success
ImPy-2,gas,S0T1,stddft,0.0000000354,Success
ImPy-2,toluene,S0S1,stda,-0.0000000701,Success
ImPy-2,toluene,S0S1,stddft,-0.0000000407,Success
ImPy-2,toluene,S0T1,stda,-0.0000000085,Success
ImPy-2,toluene,S0T1,stddft,0.0000000078,Success
ImPy-3,gas,S0S1,stda,-0.0000000164,Success
ImPy-3,gas,S0S1,stddft,0.0000001217,Success
ImPy-3,gas,S0T1,stda,-0.0000000165,Success
ImPy-3,gas,S0T1,stddft,0.0000000275,Success
ImPy-3,toluene,S0S1,stda,0.0000000196,Success
ImPy-3,toluene,S0S1,stddft,-0.0000000716,Success
ImPy-3,toluene,S0T1,stda,-0.0000000628,Success
ImPy-3,toluene,S0T1,stddft,-0.0000000781,Success
indenoacridine,gas,S0S1,stda,0.0000000106,Success
indenoacridine,gas,S0S1,stddft,-0.0000000117,Success
indenoacridine,gas,S0T1,stda,0.0000000479,Success
indenoacridine,gas,S0T1,stddft,0.0000001033,Success
indenoacridine,toluene,S0S1,stda,-0.0000000355,Success
indenoacridine,toluene,S0S1,stddft,0.0000000289,Success
indenoacridine,toluene,S0T1,stda,-0.0000000525,Success
indenoacridine,toluene,S0T1,stddft,0.0000000347,Success
InDM,gas,S0S1,stda,0.0000001010,Success
InDM,gas,S0S1,stddft,-0.0000000125,Success
InDM,gas,S0T1,stda,0.0000000083,Success
InDM,gas,S0T1,stddft,-0.0000001143,Success
InDM,toluene,S0S1,stda,0.0000000250,Success
InDM,toluene,S0S1,stddft,0.0000000504,Success
InDM,toluene,S0T1,stda,0.0000000695,Success
InDM,toluene,S0T1,stddft,-0.0000000032,Success
IpCm-PhBzAc,gas,S0S1,stda,0.0000001260,Success
IpCm-PhBzAc,gas,S0S1,stddft,0.0000000912,Success
IpCm-PhBzAc,gas,S0T1,stda,0.0000000259,Success
IpCm-PhBzAc,gas,S0T1,stddft,-0.0000000412,Success
IpCm-PhBzAc,toluene,S0S1,stda,0.0000000918,Success
IpCm-PhBzAc,toluene,S0S1,stddft,0.0000000271,Success
IpCm-PhBzAc,toluene,S0T1,stda,-0.0000000707,Success
IpCm-PhBzAc,toluene,S0T1,stddft,0.0000000244,Success
IP-PPI,gas,S0S1,stda,0.0000000311,Success
IP-PPI,gas,S0S1,stddft,-0.0000000673,Success
IP-PPI,gas,S0T1,stda,-0.0000000788,Success
IP-PPI,gas,S0T1,stddft,-0.0000000414,Success
IP-PPI,toluene,S0S1,stda,-0.0000000563,Success
IP-PPI,toluene,S0S1,stddft,0.0000000440,Success
IP-PPI,toluene,S0T1,stda,-0.0000001606,Success
IP-PPI,toluene,S0T1,stddft,-0.0000000995,Success
IPTAC,gas,S0S1,stda,-0.0000000020,Success
IPTAC,gas,S0S1,stddft,0.0000000013,Success
IPTAC,gas,S0T1,stda,-0.0000001107,Success
IPTAC,gas,S0T1,stddft,0.0000000359,Success
IPTAC,toluene,S0S1,stda,0.0000000237,Success
IPTAC,toluene,S0S1,stddft,0.0000000063,Success
IPTAC,toluene,S0T1,stda,0.0000000675,Success
IPTAC,toluene,S0T1,stddft,0.0000001509,Success
IQ-oTPA,gas,S0S1,stda,-0.0000000006,Success
IQ-oTPA,gas,S0S1,stddft,-0.0000000058,Success
IQ-oTPA,gas,S0T1,stda,-0.0000000023,Success
IQ-oTPA,gas,S0T1,stddft,0.0000000021,Success
IQ-oTPA,toluene,S0S1,stda,0.0000000007,Success
IQ-oTPA,toluene,S0S1,stddft,-0.0000000021,Success
IQ-oTPA,toluene,S0T1,stda,-0.0000000085,Success
IQ-oTPA,toluene,S0T1,stddft,0.0000000071,Success
IQ-Se,gas,S0S1,stda,-0.0000000800,Success
IQ-Se,gas,S0S1,stddft,0.0000000605,Success
IQ-Se,gas,S0T1,stda,-0.0000000171,Success
IQ-Se,gas,S0T1,stddft,0.0000000537,Success
IQ-Se,toluene,S0S1,stda,-0.0000000274,Success
IQ-Se,toluene,S0S1,stddft,-0.0000000261,Success
IQ-Se,toluene,S0T1,stda,0.0000000501,Success
IQ-Se,toluene,S0T1,stddft,-0.0000000245,Success
iTPBI-CN,gas,S0S1,stda,0.0000000480,Success
iTPBI-CN,gas,S0S1,stddft,-0.0000000061,Success
iTPBI-CN,gas,S0T1,stda,0.0000000438,Success
iTPBI-CN,gas,S0T1,stddft,-0.0000000069,Success
iTPBI-CN,toluene,S0S1,stda,0.0000000612,Success
iTPBI-CN,toluene,S0S1,stddft,-0.0000000022,Success
iTPBI-CN,toluene,S0T1,stda,-0.0000000255,Success
iTPBI-CN,toluene,S0T1,stddft,0.0000000855,Success
LEt,gas,S0S1,stda,-0.0000000469,Success
LEt,gas,S0S1,stddft,0.0000000068,Success
LEt,gas,S0T1,stda,0.0000001015,Success
LEt,gas,S0T1,stddft,-0.0000001319,Success
LEt,toluene,S0S1,stda,0.0000001471,Success
LEt,toluene,S0S1,stddft,-0.0000000928,Success
LEt,toluene,S0T1,stda,0.0000000200,Success
LEt,toluene,S0T1,stddft,-0.0000001122,Success
LiPr,gas,S0S1,stda,0.0000000310,Success
LiPr,gas,S0S1,stddft,0.0000000191,Success
LiPr,gas,S0T1,stda,0.0000001188,Success
LiPr,gas,S0T1,stddft,-0.0000000222,Success
LiPr,toluene,S0S1,stda,0.0000000277,Success
LiPr,toluene,S0S1,stddft,0.0000000168,Success
LiPr,toluene,S0T1,stda,0.0000001163,Success
LiPr,toluene,S0T1,stddft,-0.0000000672,Success
m2Cz2Trz,gas,S0S1,stda,-0.0000000040,Success
m2Cz2Trz,gas,S0S1,stddft,-0.0000000118,Success
m2Cz2Trz,gas,S0T1,stda,0.0000000363,Success
m2Cz2Trz,gas,S0T1,stddft,-0.0000000695,Success
m2Cz2Trz,toluene,S0S1,stda,0.0000000139,Success
m2Cz2Trz,toluene,S0S1,stddft,0.0000000350,Success
m2Cz2Trz,toluene,S0T1,stda,-0.0000000741,Success
m2Cz2Trz,toluene,S0T1,stddft,-0.0000000661,Success
mAP,gas,S0S1,stda,0.0000000520,Success
mAP,gas,S0S1,stddft,-0.0000001217,Success
mAP,gas,S0T1,stda,0.0000000652,Success
mAP,gas,S0T1,stddft,-0.0000000628,Success
mAP,toluene,S0S1,stda,0.0000000270,Success
mAP,toluene,S0S1,stddft,-0.0000000396,Success
mAP,toluene,S0T1,stda,-0.0000000076,Success
mAP,toluene,S0T1,stddft,-0.0000000102,Success
MBF,gas,S0S1,stda,-0.0000000517,Success
MBF,gas,S0S1,stddft,-0.0000000189,Success
MBF,gas,S0T1,stda,-0.0000000067,Success
MBF,gas,S0T1,stddft,0.0000000189,Success
MBF,toluene,S0S1,stda,0.0000000199,Success
MBF,toluene,S0S1,stddft,0.0000000525,Success
MBF,toluene,S0T1,stda,0.0000000266,Success
MBF,toluene,S0T1,stddft,0.0000000403,Success
mCBP,gas,S0S1,stda,-0.0000000225,Success
mCBP,gas,S0S1,stddft,-0.0000000025,Success
mCBP,gas,S0T1,stda,-0.0000000028,Success
mCBP,gas,S0T1,stddft,0.0000000533,Success
mCBP,toluene,S0S1,stda,-0.0000000287,Success
mCBP,toluene,S0S1,stddft,-0.0000000448,Success
mCBP,toluene,S0T1,stda,-0.0000000715,Success
mCBP,toluene,S0T1,stddft,0.0000000233,Success
m-CF3PIBI,gas,S0S1,stda,0.0000000478,Success
m-CF3PIBI,gas,S0S1,stddft,0.0000000588,Success
m-CF3PIBI,gas,S0T1,stda,-0.0000000447,Success
m-CF3PIBI,gas,S0T1,stddft,-0.0000000143,Success
m-CF3PIBI,toluene,S0S1,stda,0.0000000340,Success
m-CF3PIBI,toluene,S0S1,stddft,0.0000000292,Success
m-CF3PIBI,toluene,S0T1,stda,-0.0000000194,Success
m-CF3PIBI,toluene,S0T1,stddft,-0.0000001578,Success
mCP-BmPy,gas,S0S1,stda,-0.0000000005,Success
mCP-BmPy,gas,S0S1,stddft,0.0000000980,Success
mCP-BmPy,gas,S0T1,stda,-0.0000000261,Success
mCP-BmPy,gas,S0T1,stddft,-0.0000000102,Success
mCP-BmPy,toluene,S0S1,stda,0.0000000367,Success
mCP-BmPy,toluene,S0S1,stddft,0.0000000362,Success
mCP-BmPy,toluene,S0T1,stda,-0.0000000072,Success
mCP-BmPy,toluene,S0T1,stddft,-0.0000000327,Success
mCP-BP-DMAC,gas,S0S1,stda,0.0000000635,Success
mCP-BP-DMAC,gas,S0S1,stddft,0.0000000829,Success
mCP-BP-DMAC,gas,S0T1,stda,0.0000000659,Success
mCP-BP-DMAC,gas,S0T1,stddft,0.0000000160,Success
mCP-BP-DMAC,toluene,S0S1,stda,-0.0000000144,Success
mCP-BP-DMAC,toluene,S0S1,stddft,0.0000000606,Success
mCP-BP-DMAC,toluene,S0T1,stda,-0.0000000168,Success
mCP-BP-DMAC,toluene,S0T1,stddft,-0.0000000637,Success
mCP,gas,S0S1,stda,-0.0000000229,Success
mCP,gas,S0S1,stddft,-0.0000001067,Success
mCP,gas,S0T1,stda,0.0000000333,Success
mCP,gas,S0T1,stddft,0.0000000657,Success
mCP-Ph,gas,S0S1,stda,0.0000000035,Success
mCP-Ph,gas,S0S1,stddft,-0.0000000918,Success
mCP-Ph,gas,S0T1,stda,-0.0000000473,Success
mCP-Ph,gas,S0T1,stddft,0.0000000089,Success
mCP-Ph,toluene,S0S1,stda,0.0000000289,Success
mCP-Ph,toluene,S0S1,stddft,-0.0000000061,Success
mCP-Ph,toluene,S0T1,stda,0.0000000622,Success
mCP-Ph,toluene,S0T1,stddft,-0.0000000078,Success
mCP-Py,gas,S0S1,stda,0.0000000037,Success
mCP-Py,gas,S0S1,stddft,0.0000000053,Success
mCP-Py,gas,S0T1,stda,-0.0000000634,Success
mCP-Py,gas,S0T1,stddft,-0.0000000109,Success
mCP-Py,toluene,S0S1,stda,0.0000000750,Success
mCP-Py,toluene,S0S1,stddft,-0.0000000089,Success
mCP-Py,toluene,S0T1,stda,0.0000000240,Success
mCP-Py,toluene,S0T1,stddft,0.0000000400,Success
mCP,toluene,S0S1,stda,-0.0000000504,Success
mCP,toluene,S0S1,stddft,0.0000000108,Success
mCP,toluene,S0T1,stda,-0.0000000078,Success
mCP,toluene,S0T1,stddft,-0.0000000984,Success
m-CzCNDMT,gas,S0S1,stda,-0.0000000310,Success
m-CzCNDMT,gas,S0S1,stddft,0.0000000209,Success
m-CzCNDMT,gas,S0T1,stda,0.0000000008,Success
m-CzCNDMT,gas,S0T1,stddft,0.0000000160,Success
m-CzCNDMT,toluene,S0S1,stda,-0.0000000056,Success
m-CzCNDMT,toluene,S0S1,stddft,-0.0000000140,Success
m-CzCNDMT,toluene,S0T1,stda,0.0000000456,Success
m-CzCNDMT,toluene,S0T1,stddft,-0.0000000023,Success
m-CZ-DPS-DMAC,gas,S0S1,stda,0.0000000037,Success
m-CZ-DPS-DMAC,gas,S0S1,stddft,-0.0000000185,Success
m-CZ-DPS-DMAC,gas,S0T1,stda,-0.0000000536,Success
m-CZ-DPS-DMAC,gas,S0T1,stddft,0.0000000446,Success
m-CZ-DPS-DMAC,toluene,S0S1,stda,0.0000000042,Success
m-CZ-DPS-DMAC,toluene,S0S1,stddft,-0.0000001054,Success
m-CZ-DPS-DMAC,toluene,S0T1,stda,-0.0000000207,Success
m-CZ-DPS-DMAC,toluene,S0T1,stddft,-0.0000000459,Success
MCZ-P2-DTM,gas,S0S1,stda,-0.0000000126,Success
MCZ-P2-DTM,gas,S0S1,stddft,-0.0000000074,Success
MCZ-P2-DTM,gas,S0T1,stda,0.0000000725,Success
MCZ-P2-DTM,gas,S0T1,stddft,-0.0000000353,Success
MCZ-P2-DTM,toluene,S0S1,stda,0.0000000629,Success
MCZ-P2-DTM,toluene,S0S1,stddft,-0.0000000238,Success
MCZ-P2-DTM,toluene,S0T1,stda,0.0000000007,Success
MCZ-P2-DTM,toluene,S0T1,stddft,-0.0000000260,Success
mCz-TAn-CN,gas,S0S1,stda,0.0000000756,Success
mCz-TAn-CN,gas,S0S1,stddft,0.0000001015,Success
mCz-TAn-CN,gas,S0T1,stda,-0.0000000173,Success
mCz-TAn-CN,gas,S0T1,stddft,0.0000000017,Success
mCz-TAn-CN,toluene,S0S1,stda,0.0000002080,Success
mCz-TAn-CN,toluene,S0S1,stddft,0.0000000138,Success
mCz-TAn-CN,toluene,S0T1,stda,0.0000000509,Success
mCz-TAn-CN,toluene,S0T1,stddft,0.0000000231,Success
m-DHMPA,gas,S0S1,stda,-0.0000000405,Success
m-DHMPA,gas,S0S1,stddft,0.0000000020,Success
m-DHMPA,gas,S0T1,stda,0.0000000666,Success
m-DHMPA,gas,S0T1,stddft,-0.0000000464,Success
m-DHMPA,toluene,S0S1,stda,0.0000000426,Success
m-DHMPA,toluene,S0S1,stddft,0.0000000012,Success
m-DHMPA,toluene,S0T1,stda,-0.0000000409,Success
m-DHMPA,toluene,S0T1,stddft,0.0000000358,Success
MDP3FL,gas,S0S1,stda,0.0000000210,Success
MDP3FL,gas,S0S1,stddft,-0.0000000370,Success
MDP3FL,gas,S0T1,stda,-0.0000000024,Success
MDP3FL,gas,S0T1,stddft,0.0000000877,Success
MDP3FL,toluene,S0S1,stda,-0.0000000221,Success
MDP3FL,toluene,S0S1,stddft,0.0000000723,Success
MDP3FL,toluene,S0T1,stda,0.0000000069,Success
MDP3FL,toluene,S0T1,stddft,-0.0000000161,Success
mDPBPZ-DPXZ,gas,S0S1,stda,0.0000000155,Success
mDPBPZ-DPXZ,gas,S0S1,stddft,0.0000000012,Success
mDPBPZ-DPXZ,gas,S0T1,stda,-0.0000000448,Success
mDPBPZ-DPXZ,gas,S0T1,stddft,0.0000000672,Success
mDPBPZ-DPXZ,toluene,S0S1,stda,-0.0000000307,Success
mDPBPZ-DPXZ,toluene,S0S1,stddft,-0.0000000253,Success
mDPBPZ-DPXZ,toluene,S0T1,stda,-0.0000000399,Success
mDPBPZ-DPXZ,toluene,S0T1,stddft,-0.0000000098,Success
m-DTPACO,gas,S0S1,stda,-0.0000000484,Success
m-DTPACO,gas,S0S1,stddft,-0.0000000471,Success
m-DTPACO,gas,S0T1,stda,-0.0000000136,Success
m-DTPACO,gas,S0T1,stddft,0.0000000309,Success
m-DTPACO,toluene,S0S1,stda,0.0000000311,Success
m-DTPACO,toluene,S0S1,stddft,0.0000001137,Success
m-DTPACO,toluene,S0T1,stda,-0.0000001221,Success
m-DTPACO,toluene,S0T1,stddft,0.0000001027,Success
Me2ACBO,gas,S0S1,stda,0.0000000827,Success
Me2ACBO,gas,S0S1,stddft,-0.0000000078,Success
Me2ACBO,gas,S0T1,stda,0.0000000321,Success
Me2ACBO,gas,S0T1,stddft,0.0000000486,Success
Me2ACBO,toluene,S0S1,stda,-0.0000000091,Success
Me2ACBO,toluene,S0S1,stddft,0.0000000028,Success
Me2ACBO,toluene,S0T1,stda,-0.0000000379,Success
Me2ACBO,toluene,S0T1,stddft,-0.0000000336,Success
MeCZ-TRZ,gas,S0S1,stda,-0.0000000128,Success
MeCZ-TRZ,gas,S0S1,stddft,-0.0000001404,Success
MeCZ-TRZ,gas,S0T1,stda,-0.0000000613,Success
MeCZ-TRZ,gas,S0T1,stddft,-0.0000000219,Success
MeCZ-TRZ,toluene,S0S1,stda,0.0000000173,Success
MeCZ-TRZ,toluene,S0S1,stddft,0.0000000447,Success
MeCZ-TRZ,toluene,S0T1,stda,0.0000000037,Success
MeCZ-TRZ,toluene,S0T1,stddft,-0.0000000420,Success
Me-DMAC,gas,S0S1,stda,0.0000000163,Success
Me-DMAC,gas,S0S1,stddft,-0.0000000044,Success
Me-DMAC,gas,S0T1,stda,0.0000000064,Success
Me-DMAC,gas,S0T1,stddft,0.0000000127,Success
Me-DMAC,toluene,S0S1,stda,-0.0000000362,Success
Me-DMAC,toluene,S0S1,stddft,-0.0000000184,Success
Me-DMAC,toluene,S0T1,stda,-0.0000000117,Success
Me-DMAC,toluene,S0T1,stddft,0.0000000400,Success
Me-DOC,gas,S0S1,stda,0.0000000856,Success
Me-DOC,gas,S0S1,stddft,0.0000000107,Success
Me-DOC,gas,S0T1,stda,0.0000000299,Success
Me-DOC,gas,S0T1,stddft,-0.0000000241,Success
Me-DOC,toluene,S0S1,stda,0.0000000140,Success
Me-DOC,toluene,S0S1,stddft,0.0000001342,Success
Me-DOC,toluene,S0T1,stda,-0.0000000255,Success
Me-DOC,toluene,S0T1,stddft,0.0000000025,Success
Me-MOC,gas,S0S1,stda,0.0000000578,Success
Me-MOC,gas,S0S1,stddft,0.0000000486,Success
Me-MOC,gas,S0T1,stda,0.0000000350,Success
Me-MOC,gas,S0T1,stddft,-0.0000000590,Success
Me-MOC,toluene,S0S1,stda,-0.0000000376,Success
Me-MOC,toluene,S0S1,stddft,-0.0000000050,Success
Me-MOC,toluene,S0T1,stda,0.0000000885,Success
Me-MOC,toluene,S0T1,stddft,0.0000000142,Success
MeOCzPCN,gas,S0S1,stda,0.0000000446,Success
MeOCzPCN,gas,S0S1,stddft,0.0000000768,Success
MeOCzPCN,gas,S0T1,stda,0.0000000385,Success
MeOCzPCN,gas,S0T1,stddft,-0.0000000202,Success
MeOCzPCN,toluene,S0S1,stda,-0.0000000770,Success
MeOCzPCN,toluene,S0S1,stddft,-0.0000000673,Success
MeOCzPCN,toluene,S0T1,stda,0.0000000268,Success
MeOCzPCN,toluene,S0T1,stddft,-0.0000000583,Success
MOF,gas,S0S1,stda,0.0000000944,Success
MOF,gas,S0S1,stddft,-0.0000000829,Success
MOF,gas,S0T1,stda,-0.0000000509,Success
MOF,gas,S0T1,stddft,0.0000000916,Success
MOF,toluene,S0S1,stda,0.0000000173,Success
MOF,toluene,S0S1,stddft,0.0000000990,Success
MOF,toluene,S0T1,stda,0.0000000379,Success
MOF,toluene,S0T1,stddft,0.0000001479,Success
mP2MPC,gas,S0S1,stda,-0.0000000325,Success
mP2MPC,gas,S0S1,stddft,0.0000000026,Success
mP2MPC,gas,S0T1,stda,-0.0000000086,Success
mP2MPC,gas,S0T1,stddft,-0.0000000128,Success
mP2MPC,toluene,S0S1,stda,0.0000000254,Success
mP2MPC,toluene,S0S1,stddft,0.0000000363,Success
mP2MPC,toluene,S0T1,stda,0.0000000059,Success
mP2MPC,toluene,S0T1,stddft,0.0000000627,Success
MPAc,gas,S0S1,stda,0.0000000033,Success
MPAc,gas,S0S1,stddft,0.0000000361,Success
MPAc,gas,S0T1,stda,0.0000000560,Success
MPAc,gas,S0T1,stddft,-0.0000000046,Success
MPAc,toluene,S0S1,stda,0.0000000416,Success
MPAc,toluene,S0S1,stddft,0.0000000395,Success
MPAc,toluene,S0T1,stda,0.0000000502,Success
MPAc,toluene,S0T1,stddft,0.0000001156,Success
MPA,gas,S0S1,stda,-0.0000000475,Success
MPA,gas,S0S1,stddft,0.0000000254,Success
MPA,gas,S0T1,stda,-0.0000000882,Success
MPA,gas,S0T1,stddft,-0.0000001360,Success
MPA,toluene,S0S1,stda,-0.0000001109,Success
MPA,toluene,S0S1,stddft,-0.0000000362,Success
MPA,toluene,S0T1,stda,0.0000000518,Success
MPA,toluene,S0T1,stddft,0.0000000599,Success
m-PCzTPD,gas,S0S1,stda,0.0000000083,Success
m-PCzTPD,gas,S0S1,stddft,0.0000000213,Success
m-PCzTPD,gas,S0T1,stda,0.0000000403,Success
m-PCzTPD,gas,S0T1,stddft,-0.0000000351,Success
m-PCzTPD,toluene,S0S1,stda,-0.0000000321,Success
m-PCzTPD,toluene,S0S1,stddft,0.0000000068,Success
m-PCzTPD,toluene,S0T1,stda,0.0000000778,Success
m-PCzTPD,toluene,S0T1,stddft,-0.0000000068,Success
m-PO-ABN,gas,S0S1,stda,0.0000000083,Success
m-PO-ABN,gas,S0S1,stddft,-0.0000001247,Success
m-PO-ABN,gas,S0T1,stda,0.0000000550,Success
m-PO-ABN,gas,S0T1,stddft,-0.0000000094,Success
m-PO-ABN,toluene,S0S1,stda,-0.0000000976,Success
m-PO-ABN,toluene,S0S1,stddft,-0.0000000436,Success
m-PO-ABN,toluene,S0T1,stda,0.0000001052,Success
m-PO-ABN,toluene,S0T1,stddft,-0.0000001745,Success
MPPA,gas,S0S1,stda,-0.0000000005,Success
MPPA,gas,S0S1,stddft,0.0000000341,Success
MPPA,gas,S0T1,stda,-0.0000000059,Success
MPPA,gas,S0T1,stddft,-0.0000000340,Success
MPPA,toluene,S0S1,stda,-0.0000000208,Success
MPPA,toluene,S0S1,stddft,-0.0000000093,Success
MPPA,toluene,S0T1,stda,0.0000000160,Success
MPPA,toluene,S0T1,stddft,0.0000000381,Success
mPTBC,gas,S0S1,stda,-0.0000000158,Success
mPTBC,gas,S0S1,stddft,-0.0000000037,Success
mPTBC,gas,S0T1,stda,0.0000000257,Success
mPTBC,gas,S0T1,stddft,-0.0000000460,Success
mPTBC,toluene,S0S1,stda,0.0000000027,Success
mPTBC,toluene,S0S1,stddft,-0.0000000190,Success
mPTBC,toluene,S0T1,stda,-0.0000000151,Success
mPTBC,toluene,S0T1,stddft,0.0000000308,Success
mPXTMP,gas,S0S1,stda,0.0000000531,Success
mPXTMP,gas,S0S1,stddft,-0.0000000726,Success
mPXTMP,gas,S0T1,stda,0.0000000043,Success
mPXTMP,gas,S0T1,stddft,0.0000000348,Success
mPXTMP,toluene,S0S1,stda,-0.0000000521,Success
mPXTMP,toluene,S0S1,stddft,-0.0000000478,Success
mPXTMP,toluene,S0T1,stda,-0.0000000357,Success
mPXTMP,toluene,S0T1,stddft,-0.0000000634,Success
m-TPA-AP-TPA,gas,S0S1,stda,-0.0000000731,Success
m-TPA-AP-TPA,gas,S0S1,stddft,-0.0000001672,Success
m-TPA-AP-TPA,gas,S0T1,stda,0.0000001177,Success
m-TPA-AP-TPA,gas,S0T1,stddft,0.0000000671,Success
m-TPA-AP-TPA,toluene,S0S1,stda,-0.0000000100,Success
m-TPA-AP-TPA,toluene,S0S1,stddft,-0.0000001311,Success
m-TPA-AP-TPA,toluene,S0T1,stda,0.0000001396,Success
m-TPA-AP-TPA,toluene,S0T1,stddft,-0.0000000557,Success
mTPA–PPI,gas,S0S1,stda,0.0000000048,Success
mTPA-PPI,gas,S0S1,stda,0.0000000462,Success
mTPA–PPI,gas,S0S1,stddft,-0.0000000397,Success
mTPA-PPI,gas,S0S1,stddft,-0.0000001159,Success
mTPA–PPI,gas,S0T1,stda,0.0000000403,Success
mTPA-PPI,gas,S0T1,stda,-0.0000000850,Success
mTPA-PPI,gas,S0T1,stddft,-0.0000000081,Success
mTPA–PPI,gas,S0T1,stddft,0.0000000675,Success
mTPA-PPI,toluene,S0S1,stda,0.0000000166,Success
mTPA–PPI,toluene,S0S1,stda,0.0000000677,Success
mTPA-PPI,toluene,S0S1,stddft,-0.0000001200,Success
mTPA–PPI,toluene,S0S1,stddft,0.0000001245,Success
mTPA-PPI,toluene,S0T1,stda,0.0000000310,Success
mTPA–PPI,toluene,S0T1,stda,0.0000000801,Success
mTPA-PPI,toluene,S0T1,stddft,0.0000000167,Success
mTPA–PPI,toluene,S0T1,stddft,0.0000000436,Success
m-ν-DABNA,gas,S0S1,stda,-0.0000000681,Success
m-ν-DABNA,gas,S0S1,stddft,0.0000000094,Success
m-ν-DABNA,gas,S0T1,stda,-0.0000000573,Success
m-ν-DABNA,gas,S0T1,stddft,0.0000000110,Success
m-ν-DABNA,toluene,S0S1,stda,-0.0000000095,Success
m-ν-DABNA,toluene,S0S1,stddft,0.0000000077,Success
m-ν-DABNA,toluene,S0T1,stda,-0.0000000527,Success
m-ν-DABNA,toluene,S0T1,stddft,0.0000000313,Success
Na-DMAC,gas,S0S1,stda,0.0000000094,Success
Na-DMAC,gas,S0S1,stddft,-0.0000000210,Success
Na-DMAC,gas,S0T1,stda,-0.0000000504,Success
Na-DMAC,gas,S0T1,stddft,0.0000000368,Success
Na-DMAC,toluene,S0S1,stda,-0.0000000056,Success
Na-DMAC,toluene,S0S1,stddft,-0.0000000189,Success
Na-DMAC,toluene,S0T1,stda,-0.0000000602,Success
Na-DMAC,toluene,S0T1,stddft,0.0000000226,Success
NAI–BiFA,gas,S0S1,stda,0.0000000204,Success
NAI–BiFA,gas,S0S1,stddft,-0.0000000222,Success
NAI–BiFA,gas,S0T1,stda,-0.0000000616,Success
NAI–BiFA,gas,S0T1,stddft,-0.0000000200,Success
NAI–BiFA,toluene,S0S1,stda,-0.0000001102,Success
NAI–BiFA,toluene,S0S1,stddft,0.0000000113,Success
NAI–BiFA,toluene,S0T1,stda,-0.0000000059,Success
NAI–BiFA,toluene,S0T1,stddft,-0.0000000845,Success
NAI–PhBiFA,gas,S0S1,stda,-0.0000000418,Success
NAI–PhBiFA,gas,S0S1,stddft,0.0000000890,Success
NAI–PhBiFA,gas,S0T1,stda,0.0000000399,Success
NAI–PhBiFA,gas,S0T1,stddft,-0.0000001133,Success
NAI–PhBiFA,toluene,S0S1,stda,0.0000000033,Success
NAI–PhBiFA,toluene,S0S1,stddft,0.0000000368,Success
NAI–PhBiFA,toluene,S0T1,stda,-0.0000000985,Success
NAI–PhBiFA,toluene,S0T1,stddft,-0.0000000162,Success
NAP-1,5-DPA,gas,S0S1,stda,-0.0000000311,Success
NAP-1,5-DPA,gas,S0S1,stddft,-0.0000000578,Success
NAP-1,5-DPA,gas,S0T1,stda,-0.0000000409,Success
NAP-1,5-DPA,gas,S0T1,stddft,0.0000000171,Success
NAP-1,5-DPA,toluene,S0S1,stda,-0.0000000394,Success
NAP-1,5-DPA,toluene,S0S1,stddft,-0.0000000192,Success
NAP-1,5-DPA,toluene,S0T1,stda,0.0000000579,Success
NAP-1,5-DPA,toluene,S0T1,stddft,-0.0000000281,Success
NAQ3,gas,S0S1,stda,-0.0000000417,Success
NAQ3,gas,S0S1,stddft,-0.0000000152,Success
NAQ3,gas,S0T1,stda,-0.0000000074,Success
NAQ3,gas,S0T1,stddft,0.0000000313,Success
NAQ3,toluene,S0S1,stda,-0.0000000435,Success
NAQ3,toluene,S0S1,stddft,0.0000000366,Success
NAQ3,toluene,S0T1,stda,0.0000000424,Success
NAQ3,toluene,S0T1,stddft,-0.0000000335,Success
NA-TNA,gas,S0S1,stda,0.0000000316,Success
NA-TNA,gas,S0S1,stddft,-0.0000000286,Success
NA-TNA,gas,S0T1,stda,0.0000000037,Success
NA-TNA,gas,S0T1,stddft,0.0000000097,Success
NA-TNA,toluene,S0S1,stda,0.0000000705,Success
NA-TNA,toluene,S0S1,stddft,-0.0000001168,Success
NA-TNA,toluene,S0T1,stda,-0.0000000229,Success
NA-TNA,toluene,S0T1,stddft,-0.0000000583,Success
N-B,gas,S0S1,stda,0.0000000022,Success
N-B,gas,S0S1,stddft,-0.0000000179,Success
N-B,gas,S0T1,stda,-0.0000000387,Success
N-B,gas,S0T1,stddft,-0.0000000091,Success
N-BPyIA,gas,S0S1,stda,0.0000000735,Success
N-BPyIA,gas,S0S1,stddft,-0.0000000732,Success
N-BPyIA,gas,S0T1,stda,0.0000000504,Success
N-BPyIA,gas,S0T1,stddft,0.0000000549,Success
N-BPyIA,toluene,S0S1,stda,-0.0000000590,Success
N-BPyIA,toluene,S0S1,stddft,-0.0000000147,Success
N-BPyIA,toluene,S0T1,stda,0.0000001504,Success
N-BPyIA,toluene,S0T1,stddft,0.0000000858,Success
N-B,toluene,S0S1,stda,-0.0000000022,Success
N-B,toluene,S0S1,stddft,-0.0000000529,Success
N-B,toluene,S0T1,stda,-0.0000000662,Success
N-B,toluene,S0T1,stddft,0.0000000122,Success
NDN,gas,S0S1,stda,0.0000000424,Success
NDN,gas,S0S1,stddft,-0.0000000727,Success
NDN,gas,S0T1,stda,0.0000000399,Success
NDN,gas,S0T1,stddft,-0.0000000664,Success
NDN,toluene,S0S1,stda,-0.0000000786,Success
NDN,toluene,S0S1,stddft,0.0000000379,Success
NDN,toluene,S0T1,stda,0.0000001096,Success
NDN,toluene,S0T1,stddft,0.0000000006,Success
NIDPA-1,gas,S0S1,stda,0.0000000438,Success
NIDPA-1,gas,S0S1,stddft,-0.0000000161,Success
NIDPA-1,gas,S0T1,stda,0.0000001572,Success
NIDPA-1,gas,S0T1,stddft,-0.0000002020,Success
NIDPA-1,toluene,S0S1,stda,-0.0000000403,Success
NIDPA-1,toluene,S0S1,stddft,0.0000000522,Success
NIDPA-1,toluene,S0T1,stda,-0.0000000576,Success
NIDPA-1,toluene,S0T1,stddft,0.0000000671,Success
NIDPA-2,gas,S0S1,stda,-0.0000000012,Success
NIDPA-2,gas,S0S1,stddft,-0.0000001229,Success
NIDPA-2,gas,S0T1,stda,0.0000000800,Success
NIDPA-2,gas,S0T1,stddft,-0.0000001037,Success
NIDPA-2,toluene,S0S1,stda,0.0000000291,Success
NIDPA-2,toluene,S0S1,stddft,-0.0000000007,Success
NIDPA-2,toluene,S0T1,stda,-0.0000000130,Success
NIDPA-2,toluene,S0T1,stddft,-0.0000000547,Success
NPE-AcDPS,gas,S0S1,stda,0.0000000225,Success
NPE-AcDPS,gas,S0S1,stddft,-0.0000000771,Success
NPE-AcDPS,gas,S0T1,stda,0.0000000543,Success
NPE-AcDPS,gas,S0T1,stddft,0.0000000148,Success
NPE-AcDPS,toluene,S0S1,stda,-0.0000000050,Success
NPE-AcDPS,toluene,S0S1,stddft,-0.0000000376,Success
NPE-AcDPS,toluene,S0T1,stda,-0.0000000764,Success
NPE-AcDPS,toluene,S0T1,stddft,0.0000000585,Success
NyDPAc,gas,S0S1,stda,-0.0000000160,Success
NyDPAc,gas,S0S1,stddft,-0.0000000067,Success
NyDPAc,gas,S0T1,stda,-0.0000001039,Success
NyDPAc,gas,S0T1,stddft,-0.0000000514,Success
NyDPAc,toluene,S0S1,stda,-0.0000000111,Success
NyDPAc,toluene,S0S1,stddft,0.0000000092,Success
NyDPAc,toluene,S0T1,stda,0.0000000081,Success
NyDPAc,toluene,S0T1,stddft,-0.0000000036,Success
NyDPO,gas,S0S1,stda,0.0000000107,Success
NyDPO,gas,S0S1,stddft,-0.0000000091,Success
NyDPO,gas,S0T1,stda,0.0000000730,Success
NyDPO,gas,S0T1,stddft,-0.0000000586,Success
NyDPO,toluene,S0S1,stda,0.0000000161,Success
NyDPO,toluene,S0S1,stddft,0.0000000501,Success
NyDPO,toluene,S0T1,stda,-0.0000000796,Success
NyDPO,toluene,S0T1,stddft,-0.0000000137,Success
o-Ac2BBP,gas,S0S1,stda,-0.0000000210,Success
o-Ac2BBP,gas,S0S1,stddft,0.0000000494,Success
o-Ac2BBP,gas,S0T1,stda,0.0000000105,Success
o-Ac2BBP,gas,S0T1,stddft,0.0000000437,Success
o-Ac2BBP,toluene,S0S1,stda,0.0000000227,Success
o-Ac2BBP,toluene,S0S1,stddft,0.0000000048,Success
o-Ac2BBP,toluene,S0T1,stda,-0.0000001029,Success
o-Ac2BBP,toluene,S0T1,stddft,-0.0000000412,Success
oCBP,gas,S0S1,stda,0.0000000369,Success
oCBP,gas,S0S1,stddft,-0.0000000236,Success
oCBP,gas,S0T1,stda,-0.0000000486,Success
oCBP,gas,S0T1,stddft,-0.0000000712,Success
oCBP,toluene,S0S1,stda,-0.0000000245,Success
oCBP,toluene,S0S1,stddft,0.0000000268,Success
oCBP,toluene,S0T1,stda,0.0000000160,Success
oCBP,toluene,S0T1,stddft,0.0000000425,Success
OCzBN,gas,S0S1,stda,-0.0000000980,Success
OCzBN,gas,S0S1,stddft,-0.0000000510,Success
OCzBN,gas,S0T1,stda,0.0000000152,Success
OCzBN,gas,S0T1,stddft,-0.0000000172,Success
OCzBN,toluene,S0S1,stda,0.0000000086,Success
OCzBN,toluene,S0S1,stddft,0.0000000440,Success
OCzBN,toluene,S0T1,stda,0.0000000909,Success
OCzBN,toluene,S0T1,stddft,0.0000000137,Success
o-CzOXD,gas,S0S1,stda,0.0000000405,Success
o-CzOXD,gas,S0S1,stddft,0.0000000608,Success
o-CzOXD,gas,S0T1,stda,0.0000000680,Success
o-CzOXD,gas,S0T1,stddft,0.0000000206,Success
o-CzOXD,toluene,S0S1,stda,0.0000000083,Success
o-CzOXD,toluene,S0S1,stddft,-0.0000000529,Success
o-CzOXD,toluene,S0T1,stda,-0.0000000132,Success
o-CzOXD,toluene,S0T1,stddft,-0.0000000515,Success
oDTBPZ-DPXZ,gas,S0S1,stda,-0.0000000020,Success
oDTBPZ-DPXZ,gas,S0S1,stddft,-0.0000000173,Success
oDTBPZ-DPXZ,gas,S0T1,stda,-0.0000000098,Success
oDTBPZ-DPXZ,gas,S0T1,stddft,-0.0000000744,Success
oDTBPZ-DPXZ,toluene,S0S1,stda,0.0000000007,Success
oDTBPZ-DPXZ,toluene,S0S1,stddft,-0.0000000125,Success
oDTBPZ-DPXZ,toluene,S0T1,stda,-0.0000000342,Success
oDTBPZ-DPXZ,toluene,S0T1,stddft,-0.0000000148,Success
oDTPA-DTPZ,gas,S0S1,stda,0.0000000792,Success
oDTPA-DTPZ,gas,S0S1,stddft,0.0000000315,Success
oDTPA-DTPZ,gas,S0T1,stda,-0.0000000634,Success
oDTPA-DTPZ,gas,S0T1,stddft,-0.0000000144,Success
oDTPA-DTPZ,toluene,S0S1,stda,0.0000000555,Success
oDTPA-DTPZ,toluene,S0S1,stddft,0.0000000650,Success
oDTPA-DTPZ,toluene,S0T1,stda,0.0000000460,Success
oDTPA-DTPZ,toluene,S0T1,stddft,0.0000000635,Success
o-PCzTPD,gas,S0S1,stda,-0.0000000420,Success
o-PCzTPD,gas,S0S1,stddft,-0.0000000307,Success
o-PCzTPD,gas,S0T1,stda,0.0000000037,Success
o-PCzTPD,gas,S0T1,stddft,-0.0000000424,Success
o-PCzTPD,toluene,S0S1,stda,0.0000000050,Success
o-PCzTPD,toluene,S0S1,stddft,0.0000000121,Success
o-PCzTPD,toluene,S0T1,stda,0.0000000882,Success
o-PCzTPD,toluene,S0T1,stddft,-0.0000000192,Success
OPDPO,gas,S0S1,stda,-0.0000000077,Success
OPDPO,gas,S0S1,stddft,-0.0000000090,Success
OPDPO,gas,S0T1,stda,0.0000000238,Success
OPDPO,gas,S0T1,stddft,0.0000000723,Success
OPDPO,toluene,S0S1,stda,0.0000000109,Success
OPDPO,toluene,S0S1,stddft,0.0000000342,Success
OPDPO,toluene,S0T1,stda,-0.0000000070,Success
OPDPO,toluene,S0T1,stddft,0.0000000031,Success
oPTBC,gas,S0S1,stda,0.0000000094,Success
oPTBC,gas,S0S1,stddft,-0.0000000082,Success
oPTBC,gas,S0T1,stda,0.0000000147,Success
oPTBC,gas,S0T1,stddft,-0.0000000099,Success
oPTBC,toluene,S0S1,stda,-0.0000000142,Success
oPTBC,toluene,S0S1,stddft,0.0000000137,Success
oPTBC,toluene,S0T1,stda,0.0000000024,Success
oPTBC,toluene,S0T1,stddft,-0.0000000228,Success
o-Px2BBP,gas,S0S1,stda,0.0000000087,Success
o-Px2BBP,gas,S0S1,stddft,-0.0000000341,Success
o-Px2BBP,gas,S0T1,stda,0.0000000250,Success
o-Px2BBP,gas,S0T1,stddft,-0.0000000177,Success
o-Px2BBP,toluene,S0S1,stda,-0.0000000025,Success
o-Px2BBP,toluene,S0S1,stddft,0.0000000068,Success
o-Px2BBP,toluene,S0T1,stda,-0.0000000155,Success
o-Px2BBP,toluene,S0T1,stddft,0.0000000032,Success
o-TPA-AP-TPA,gas,S0S1,stda,-0.0000000041,Success
o-TPA-AP-TPA,gas,S0S1,stddft,0.0000000382,Success
o-TPA-AP-TPA,gas,S0T1,stda,0.0000000758,Success
o-TPA-AP-TPA,gas,S0T1,stddft,-0.0000000479,Success
o-TPA-AP-TPA,toluene,S0S1,stda,0.0000000978,Success
o-TPA-AP-TPA,toluene,S0S1,stddft,0.0000000396,Success
o-TPA-AP-TPA,toluene,S0T1,stda,-0.0000002275,Success
o-TPA-AP-TPA,toluene,S0T1,stddft,-0.0000000462,Success
oTPAPO-DTPZ,gas,S0S1,stda,0.0000000860,Success
oTPAPO-DTPZ,gas,S0S1,stddft,-0.0000000625,Success
oTPAPO-DTPZ,gas,S0T1,stda,-0.0000000072,Success
oTPAPO-DTPZ,gas,S0T1,stddft,0.0000000110,Success
oTPAPO-DTPZ,toluene,S0S1,stda,0.0000000621,Success
oTPAPO-DTPZ,toluene,S0S1,stddft,-0.0000000898,Success
oTPAPO-DTPZ,toluene,S0T1,stda,0.0000000357,Success
oTPAPO-DTPZ,toluene,S0T1,stddft,-0.0000001017,Success
OXD-7,gas,S0S1,stda,0.0000000500,Success
OXD-7,gas,S0S1,stddft,-0.0000000217,Success
OXD-7,gas,S0T1,stda,-0.0000000463,Success
OXD-7,gas,S0T1,stddft,-0.0000000561,Success
OXD-7,toluene,S0S1,stda,-0.0000000094,Success
OXD-7,toluene,S0S1,stddft,-0.0000000391,Success
OXD-7,toluene,S0T1,stda,-0.0000000454,Success
OXD-7,toluene,S0T1,stddft,0.0000001242,Success
Oxd-bCZ,gas,S0S1,stda,0.0000000048,Success
Oxd-bCZ,gas,S0S1,stddft,-0.0000000237,Success
Oxd-bCZ,gas,S0T1,stda,-0.0000000586,Success
Oxd-bCZ,gas,S0T1,stddft,-0.0000000808,Success
Oxd-bCZ,toluene,S0S1,stda,0.0000000757,Success
Oxd-bCZ,toluene,S0S1,stddft,-0.0000000098,Success
Oxd-bCZ,toluene,S0T1,stda,-0.0000000988,Success
Oxd-bCZ,toluene,S0T1,stddft,0.0000000821,Success
p2Cz2Trz,gas,S0S1,stda,0.0000000164,Success
p2Cz2Trz,gas,S0S1,stddft,-0.0000000059,Success
p2Cz2Trz,gas,S0T1,stda,0.0000000093,Success
p2Cz2Trz,gas,S0T1,stddft,-0.0000000708,Success
p2Cz2Trz,toluene,S0S1,stda,-0.0000000281,Success
p2Cz2Trz,toluene,S0S1,stddft,-0.0000000040,Success
p2Cz2Trz,toluene,S0T1,stda,-0.0000000095,Success
p2Cz2Trz,toluene,S0T1,stddft,0.0000000033,Success
P3C,gas,S0S1,stda,-0.0000000907,Success
P3C,gas,S0S1,stddft,0.0000001229,Success
P3C,gas,S0T1,stda,0.0000000281,Success
P3C,gas,S0T1,stddft,0.0000000455,Success
P3C,toluene,S0S1,stda,-0.0000000707,Success
P3C,toluene,S0S1,stddft,-0.0000000364,Success
P3C,toluene,S0T1,stda,0.0000000167,Success
P3C,toluene,S0T1,stddft,-0.0000000318,Success
P4CzCN–BCz,gas,S0S1,stda,-0.0000001611,Success
P4CzCN–BCz,gas,S0S1,stddft,0.0000000319,Success
P4CzCN–BCz,gas,S0T1,stda,-0.0000000011,Success
P4CzCN–BCz,gas,S0T1,stddft,-0.0000000278,Success
P4CzCN–BCz,toluene,S0S1,stda,0.0000000101,Success
P4CzCN–BCz,toluene,S0S1,stddft,-0.0000000567,Success
P4CzCN–BCz,toluene,S0T1,stda,-0.0000000028,Success
P4CzCN–BCz,toluene,S0T1,stddft,-0.0000000183,Success
PAB,gas,S0S1,stda,-0.0000000267,Success
PAB,gas,S0S1,stddft,0.0000000318,Success
PAB,gas,S0T1,stda,-0.0000000181,Success
PAB,gas,S0T1,stddft,-0.0000000817,Success
PABP,gas,S0S1,stda,-0.0000002390,Success
PABP,gas,S0S1,stddft,-0.0000000596,Success
PABP,gas,S0T1,stda,0.0000001293,Success
PABP,gas,S0T1,stddft,-0.0000000738,Success
PABP,toluene,S0S1,stda,-0.0000000137,Success
PABP,toluene,S0S1,stddft,0.0000000207,Success
PABP,toluene,S0T1,stda,-0.0000000395,Success
PABP,toluene,S0T1,stddft,0.0000000587,Success
PAB,toluene,S0S1,stda,0.0000000027,Success
PAB,toluene,S0S1,stddft,0.0000000360,Success
PAB,toluene,S0T1,stda,0.0000000602,Success
PAB,toluene,S0T1,stddft,0.0000000405,Success
PBICT,gas,S0S1,stda,-0.0000000917,Success
PBICT,gas,S0S1,stddft,-0.0000000028,Success
PBICT,gas,S0T1,stda,-0.0000000168,Success
PBICT,gas,S0T1,stddft,0.0000000250,Success
PBICT,toluene,S0S1,stda,-0.0000000263,Success
PBICT,toluene,S0S1,stddft,-0.0000000216,Success
PBICT,toluene,S0T1,stda,0.0000000489,Success
PBICT,toluene,S0T1,stddft,-0.0000000255,Success
PBTPA,gas,S0S1,stda,0.0000000014,Success
PBTPA,gas,S0S1,stddft,-0.0000000391,Success
PBTPA,gas,S0T1,stda,-0.0000000491,Success
PBTPA,gas,S0T1,stddft,-0.0000000641,Success
PBTPA,toluene,S0S1,stda,-0.0000000107,Success
PBTPA,toluene,S0S1,stddft,-0.0000000020,Success
PBTPA,toluene,S0T1,stda,-0.0000001241,Success
PBTPA,toluene,S0T1,stddft,-0.0000000670,Success
PCBP,gas,S0S1,stda,-0.0000000523,Success
PCBP,gas,S0S1,stddft,-0.0000000277,Success
PCBP,gas,S0T1,stda,-0.0000001027,Success
PCBP,gas,S0T1,stddft,0.0000000333,Success
PCBP,toluene,S0S1,stda,-0.0000000043,Success
PCBP,toluene,S0S1,stddft,0.0000000495,Success
PCBP,toluene,S0T1,stda,0.0000000398,Success
PCBP,toluene,S0T1,stddft,-0.0000000160,Success
pCbz-PYR,gas,S0S1,stda,-0.0000000199,Success
pCbz-PYR,gas,S0S1,stddft,0.0000000223,Success
pCbz-PYR,gas,S0T1,stda,0.0000000419,Success
pCbz-PYR,gas,S0T1,stddft,-0.0000000889,Success
pCbz-PYR,toluene,S0S1,stda,-0.0000000215,Success
pCbz-PYR,toluene,S0S1,stddft,0.0000000042,Success
pCbz-PYR,toluene,S0T1,stda,0.0000000097,Success
pCbz-PYR,toluene,S0T1,stddft,0.0000001092,Success
PCDMB,gas,S0S1,stda,0.0000000464,Success
PCDMB,gas,S0S1,stddft,-0.0000001133,Success
PCDMB,gas,S0T1,stda,-0.0000000072,Success
PCDMB,gas,S0T1,stddft,0.0000000296,Success
PCDMB,toluene,S0S1,stda,-0.0000000135,Success
PCDMB,toluene,S0S1,stddft,-0.0000000888,Success
PCDMB,toluene,S0T1,stda,-0.0000000375,Success
PCDMB,toluene,S0T1,stddft,0.0000000235,Success
pCNBCzoCF3,gas,S0S1,stda,0.0000000264,Success
pCNBCzoCF3,gas,S0S1,stddft,0.0000000445,Success
pCNBCzoCF3,gas,S0T1,stda,0.0000000221,Success
pCNBCzoCF3,gas,S0T1,stddft,0.0000000355,Success
pCNBCzoCF3,toluene,S0S1,stda,0.0000000029,Success
pCNBCzoCF3,toluene,S0S1,stddft,0.0000000192,Success
pCNBCzoCF3,toluene,S0T1,stda,-0.0000000094,Success
pCNBCzoCF3,toluene,S0T1,stddft,-0.0000000203,Success
PCTXO,gas,S0S1,stda,0.0000000463,Success
PCTXO,gas,S0S1,stddft,-0.0000000460,Success
PCTXO,gas,S0T1,stda,-0.0000000528,Success
PCTXO,gas,S0T1,stddft,-0.0000000898,Success
PCTXO,toluene,S0S1,stda,0.0000000485,Success
PCTXO,toluene,S0S1,stddft,0.0000000365,Success
PCTXO,toluene,S0T1,stda,0.0000000653,Success
PCTXO,toluene,S0T1,stddft,-0.0000000679,Success
P–Cu–C,gas,S0S1,stda,0.0000000206,Success
P–Cu–C,gas,S0S1,stddft,-0.0000000661,Success
P–Cu–C,gas,S0T1,stda,-0.0000000023,Success
P–Cu–C,gas,S0T1,stddft,0.0000000473,Success
P–Cu–C,toluene,S0S1,stda,0.0000000102,Success
P–Cu–C,toluene,S0S1,stddft,0.0000000047,Success
P–Cu–C,toluene,S0T1,stda,-0.0000000254,Success
P–Cu–C,toluene,S0T1,stddft,0.0000000974,Success
pCzAnBzt,gas,S0S1,stda,-0.0000000050,Success
pCzAnBzt,gas,S0S1,stddft,-0.0000000987,Success
pCzAnBzt,gas,S0T1,stda,-0.0000000035,Success
pCzAnBzt,gas,S0T1,stddft,-0.0000000550,Success
pCzAnBzt,toluene,S0S1,stda,-0.0000000225,Success
pCzAnBzt,toluene,S0S1,stddft,-0.0000000770,Success
pCzAnBzt,toluene,S0T1,stda,-0.0000001364,Success
pCzAnBzt,toluene,S0T1,stddft,-0.0000001278,Success
pCzAnN,gas,S0S1,stda,-0.0000000793,Success
pCzAnN,gas,S0S1,stddft,-0.0000001301,Success
pCzAnN,gas,S0T1,stda,-0.0000001577,Success
pCzAnN,gas,S0T1,stddft,-0.0000002131,Success
pCzAnN,toluene,S0S1,stda,0.0000001718,Success
pCzAnN,toluene,S0S1,stddft,0.0000000008,Success
pCzAnN,toluene,S0T1,stda,0.0000000314,Success
pCzAnN,toluene,S0T1,stddft,0.0000000486,Success
Pd-1,gas,S0S1,stda,-0.0000000042,Success
Pd-1,gas,S0S1,stddft,-0.0000000336,Success
Pd-1,gas,S0T1,stda,-0.0000000312,Success
Pd-1,gas,S0T1,stddft,-0.0000000906,Success
Pd-1,toluene,S0S1,stda,-0.0000000852,Success
Pd-1,toluene,S0S1,stddft,0.0000001254,Success
Pd-1,toluene,S0T1,stda,0.0000000156,Success
Pd-1,toluene,S0T1,stddft,0.0000000364,Success
PDA-DP,gas,S0S1,stda,-0.0000000218,Success
PDA-DP,gas,S0S1,stddft,0.0000000580,Success
PDA-DP,gas,S0T1,stda,-0.0000000282,Success
PDA-DP,gas,S0T1,stddft,0.0000000396,Success
PDA-DP,toluene,S0S1,stda,0.0000000084,Success
PDA-DP,toluene,S0S1,stddft,0.0000000244,Success
PDA-DP,toluene,S0T1,stda,-0.0000000796,Success
PDA-DP,toluene,S0T1,stddft,0.0000001265,Success
p-DHMPA,gas,S0S1,stda,0.0000000379,Success
p-DHMPA,gas,S0S1,stddft,0.0000000779,Success
p-DHMPA,gas,S0T1,stda,-0.0000000227,Success
p-DHMPA,gas,S0T1,stddft,0.0000000644,Success
p-DHMPA,toluene,S0S1,stda,0.0000000619,Success
p-DHMPA,toluene,S0S1,stddft,-0.0000001584,Success
p-DHMPA,toluene,S0T1,stda,-0.0000000320,Success
p-DHMPA,toluene,S0T1,stddft,-0.0000000125,Success
pDPAPQ-PXZ,gas,S0S1,stda,-0.0000000163,Success
pDPAPQ-PXZ,gas,S0S1,stddft,0.0000000355,Success
pDPAPQ-PXZ,gas,S0T1,stda,-0.0000000313,Success
pDPAPQ-PXZ,gas,S0T1,stddft,0.0000000145,Success
pDPAPQ-PXZ,toluene,S0S1,stda,-0.0000000017,Success
pDPAPQ-PXZ,toluene,S0S1,stddft,-0.0000000017,Success
pDPAPQ-PXZ,toluene,S0T1,stda,0.0000000541,Success
pDPAPQ-PXZ,toluene,S0T1,stddft,-0.0000000034,Success
pDPBPZ-PXZ,gas,S0S1,stda,0.0000000021,Success
pDPBPZ-PXZ,gas,S0S1,stddft,0.0000000064,Success
pDPBPZ-PXZ,gas,S0T1,stda,0.0000000721,Success
pDPBPZ-PXZ,gas,S0T1,stddft,0.0000000040,Success
pDPBPZ-PXZ,toluene,S0S1,stda,0.0000000233,Success
pDPBPZ-PXZ,toluene,S0S1,stddft,-0.0000000085,Success
pDPBPZ-PXZ,toluene,S0T1,stda,0.0000000099,Success
pDPBPZ-PXZ,toluene,S0T1,stddft,0.0000000507,Success
pDTCz-2DPyS,gas,S0S1,stda,-0.0000000357,Success
pDTCz-2DPyS,gas,S0S1,stddft,0.0000000353,Success
pDTCz-2DPyS,gas,S0T1,stda,-0.0000000505,Success
pDTCz-2DPyS,gas,S0T1,stddft,0.0000000057,Success
pDTCz-2DPyS,toluene,S0S1,stda,0.0000000065,Success
pDTCz-2DPyS,toluene,S0S1,stddft,-0.0000000373,Success
pDTCz-2DPyS,toluene,S0T1,stda,0.0000000061,Success
pDTCz-2DPyS,toluene,S0T1,stddft,0.0000000126,Success
p-DTPACO,gas,S0S1,stda,0.0000000363,Success
p-DTPACO,gas,S0S1,stddft,0.0000000708,Success
p-DTPACO,gas,S0T1,stda,-0.0000000779,Success
p-DTPACO,gas,S0T1,stddft,-0.0000000271,Success
p-DTPACO,toluene,S0S1,stda,0.0000000378,Success
p-DTPACO,toluene,S0S1,stddft,0.0000000282,Success
p-DTPACO,toluene,S0T1,stda,-0.0000000204,Success
p-DTPACO,toluene,S0T1,stddft,0.0000000196,Success
pDTPA-DTPZ,gas,S0S1,stda,0.0000000566,Success
pDTPA-DTPZ,gas,S0S1,stddft,-0.0000001555,Success
pDTPA-DTPZ,gas,S0T1,stda,0.0000000442,Success
pDTPA-DTPZ,gas,S0T1,stddft,-0.0000000806,Success
pDTPA-DTPZ,toluene,S0S1,stda,-0.0000000125,Success
pDTPA-DTPZ,toluene,S0S1,stddft,0.0000000061,Success
pDTPA-DTPZ,toluene,S0T1,stda,-0.0000000175,Success
pDTPA-DTPZ,toluene,S0T1,stddft,-0.0000001055,Success
Perylene,gas,S0S1,stda,-0.0000000183,Success
Perylene,gas,S0S1,stddft,0.0000000048,Success
Perylene,gas,S0T1,stda,-0.0000000837,Success
Perylene,gas,S0T1,stddft,0.0000000258,Success
Perylene,toluene,S0S1,stda,0.0000001126,Success
Perylene,toluene,S0S1,stddft,-0.0000000607,Success
Perylene,toluene,S0T1,stda,0.0000000153,Success
Perylene,toluene,S0T1,stddft,-0.0000000615,Success
PFBP-2a,gas,S0S1,stda,-0.0000000135,Success
PFBP-2a,gas,S0S1,stddft,0.0000000048,Success
PFBP-2a,gas,S0T1,stda,0.0000000292,Success
PFBP-2a,gas,S0T1,stddft,-0.0000000132,Success
PFBP-2a,toluene,S0S1,stda,-0.0000000313,Success
PFBP-2a,toluene,S0S1,stddft,-0.0000000368,Success
PFBP-2a,toluene,S0T1,stda,0.0000000187,Success
PFBP-2a,toluene,S0T1,stddft,-0.0000000588,Success
PFBP-2b,gas,S0S1,stda,-0.0000000325,Success
PFBP-2b,gas,S0S1,stddft,0.0000000125,Success
PFBP-2b,gas,S0T1,stda,0.0000000145,Success
PFBP-2b,gas,S0T1,stddft,-0.0000000034,Success
PFBP-2b,toluene,S0S1,stda,0.0000000049,Success
PFBP-2b,toluene,S0S1,stddft,0.0000000022,Success
PFBP-2b,toluene,S0T1,stda,-0.0000000105,Success
PFBP-2b,toluene,S0T1,stddft,0.0000000393,Success
Ph-CF3,gas,S0S1,stda,0.0000000025,Success
Ph-CF3,gas,S0S1,stddft,-0.0000000656,Success
Ph-CF3,gas,S0T1,stda,0.0000000314,Success
Ph-CF3,gas,S0T1,stddft,-0.0000000252,Success
Ph-CF3,toluene,S0S1,stda,-0.0000000016,Success
Ph-CF3,toluene,S0S1,stddft,-0.0000000560,Success
Ph-CF3,toluene,S0T1,stda,0.0000000770,Success
Ph-CF3,toluene,S0T1,stddft,-0.0000000328,Success
PhCO-DMAC,gas,S0S1,stda,-0.0000000193,Success
PhCO-DMAC,gas,S0S1,stddft,0.0000000184,Success
PhCO-DMAC,gas,S0T1,stda,-0.0000000141,Success
PhCO-DMAC,gas,S0T1,stddft,-0.0000000074,Success
PhCO-DMAC,toluene,S0S1,stda,-0.0000000390,Success
PhCO-DMAC,toluene,S0S1,stddft,0.0000000137,Success
PhCO-DMAC,toluene,S0T1,stda,0.0000000036,Success
PhCO-DMAC,toluene,S0T1,stddft,-0.0000000474,Success
PhCz-Pyr,gas,S0S1,stda,-0.0000001466,Success
PhCz-Pyr,gas,S0S1,stddft,-0.0000000574,Success
PhCz-Pyr,gas,S0T1,stda,-0.0000001267,Success
PhCz-Pyr,gas,S0T1,stddft,-0.0000000342,Success
PhCz-Pyr,toluene,S0S1,stda,-0.0000001205,Success
PhCz-Pyr,toluene,S0S1,stddft,0.0000000467,Success
PhCz-Pyr,toluene,S0T1,stda,0.0000001420,Success
PhCz-Pyr,toluene,S0T1,stddft,-0.0000000274,Success
PhCzSPOTz,gas,S0S1,stda,0.0000000594,Success
PhCzSPOTz,gas,S0S1,stddft,-0.0000001377,Success
PhCzSPOTz,gas,S0T1,stda,-0.0000000168,Success
PhCzSPOTz,gas,S0T1,stddft,-0.0000000076,Success
PhCzSPOTz,toluene,S0S1,stda,0.0000000737,Success
PhCzSPOTz,toluene,S0S1,stddft,-0.0000000025,Success
PhCzSPOTz,toluene,S0T1,stda,-0.0000000575,Success
PhCzSPOTz,toluene,S0T1,stddft,-0.0000000416,Success
phenazasiline,gas,S0S1,stda,0.0000000002,Success
phenazasiline,gas,S0S1,stddft,-0.0000000004,Success
phenazasiline,gas,S0T1,stda,0.0000000070,Success
phenazasiline,gas,S0T1,stddft,-0.0000000097,Success
phenazasiline,toluene,S0S1,stda,-0.0000000001,Success
phenazasiline,toluene,S0S1,stddft,-0.0000000001,Success
phenazasiline,toluene,S0T1,stda,0.0000000484,Success
phenazasiline,toluene,S0T1,stddft,0.0000000208,Success
phenylperylene,gas,S0S1,stda,0.0000001700,Success
phenylperylene,gas,S0S1,stddft,0.0000000606,Success
phenylperylene,gas,S0T1,stda,0.0000000217,Success
phenylperylene,gas,S0T1,stddft,-0.0000000250,Success
phenylperylene,toluene,S0S1,stda,-0.0000000481,Success
phenylperylene,toluene,S0S1,stddft,0.0000000374,Success
phenylperylene,toluene,S0T1,stda,0.0000000165,Success
phenylperylene,toluene,S0T1,stddft,0.0000000140,Success
PhICz-Pyr,gas,S0S1,stda,0.0000000626,Success
PhICz-Pyr,gas,S0S1,stddft,-0.0000000054,Success
PhICz-Pyr,gas,S0T1,stda,0.0000000396,Success
PhICz-Pyr,gas,S0T1,stddft,-0.0000000998,Success
PhICz-Pyr,toluene,S0S1,stda,-0.0000000311,Success
PhICz-Pyr,toluene,S0S1,stddft,-0.0000000245,Success
PhICz-Pyr,toluene,S0T1,stda,0.0000000261,Success
PhICz-Pyr,toluene,S0T1,stddft,-0.0000000132,Success
Ph-OBNA,gas,S0S1,stda,0.0000000173,Success
Ph-OBNA,gas,S0S1,stddft,0.0000000271,Success
Ph-OBNA,gas,S0T1,stda,0.0000000010,Success
Ph-OBNA,gas,S0T1,stddft,0.0000000098,Success
Ph-OBNA,toluene,S0S1,stda,0.0000000526,Success
Ph-OBNA,toluene,S0S1,stddft,0.0000000418,Success
Ph-OBNA,toluene,S0T1,stda,0.0000000196,Success
Ph-OBNA,toluene,S0T1,stddft,0.0000000111,Success
PhPC,gas,S0S1,stda,0.0000000847,Success
PhPC,gas,S0S1,stddft,-0.0000000526,Success
PhPC,gas,S0T1,stda,-0.0000001043,Success
PhPC,gas,S0T1,stddft,0.0000000517,Success
PhPC,toluene,S0S1,stda,0.0000000207,Success
PhPC,toluene,S0S1,stddft,0.0000000921,Success
PhPC,toluene,S0T1,stda,0.0000000365,Success
PhPC,toluene,S0T1,stddft,0.0000000223,Success
-ph-pCzAnBzt,gas,S0S1,stda,0.0000000517,Success
-ph-pCzAnBzt,gas,S0S1,stddft,-0.0000000409,Success
-ph-pCzAnBzt,gas,S0T1,stda,0.0000000082,Success
-ph-pCzAnBzt,gas,S0T1,stddft,-0.0000000425,Success
-ph-pCzAnBzt,toluene,S0S1,stda,-0.0000000210,Success
-ph-pCzAnBzt,toluene,S0S1,stddft,-0.0000001330,Success
-ph-pCzAnBzt,toluene,S0T1,stda,0.0000000866,Success
-ph-pCzAnBzt,toluene,S0T1,stddft,0.0000001147,Success
PhQLPXZ,gas,S0S1,stda,0.0000000073,Success
PhQLPXZ,gas,S0S1,stddft,0.0000000207,Success
PhQLPXZ,gas,S0T1,stda,0.0000001254,Success
PhQLPXZ,gas,S0T1,stddft,0.0000000668,Success
PhQLPXZ,toluene,S0S1,stda,-0.0000000326,Success
PhQLPXZ,toluene,S0S1,stddft,-0.0000000133,Success
PhQLPXZ,toluene,S0T1,stda,-0.0000000213,Success
PhQLPXZ,toluene,S0T1,stddft,0.0000000587,Success
PIAnTPh,gas,S0S1,stda,0.0000000963,Success
PIAnTPh,gas,S0S1,stddft,-0.0000000105,Success
PIAnTPh,gas,S0T1,stda,-0.0000001601,Success
PIAnTPh,gas,S0T1,stddft,0.0000000570,Success
PIAnTPh,toluene,S0S1,stda,-0.0000000172,Success
PIAnTPh,toluene,S0S1,stddft,0.0000000383,Success
PIAnTPh,toluene,S0T1,stda,0.0000000309,Success
PIAnTPh,toluene,S0T1,stddft,-0.0000000615,Success
PICFOCz,gas,S0S1,stda,0.0000000307,Success
PICFOCz,gas,S0S1,stddft,-0.0000001032,Success
PICFOCz,gas,S0T1,stda,-0.0000000303,Success
PICFOCz,gas,S0T1,stddft,0.0000000397,Success
PICFOCz,toluene,S0S1,stda,0.0000000499,Success
PICFOCz,toluene,S0S1,stddft,-0.0000000553,Success
PICFOCz,toluene,S0T1,stda,0.0000001012,Success
PICFOCz,toluene,S0T1,stddft,0.0000000794,Success
PICNAnCz,gas,S0S1,stda,-0.0000000449,Success
PICNAnCz,gas,S0S1,stddft,0.0000000231,Success
PICNAnCz,gas,S0T1,stda,0.0000000342,Success
PICNAnCz,gas,S0T1,stddft,-0.0000000079,Success
PICNAnCz,toluene,S0S1,stda,-0.0000000538,Success
PICNAnCz,toluene,S0S1,stddft,0.0000000054,Success
PICNAnCz,toluene,S0T1,stda,0.0000000152,Success
PICNAnCz,toluene,S0T1,stddft,-0.0000000069,Success
PID-3,gas,S0S1,stda,-0.0000000130,Success
PID-3,gas,S0S1,stddft,-0.0000000021,Success
PID-3,gas,S0T1,stda,-0.0000000102,Success
PID-3,gas,S0T1,stddft,0.0000000396,Success
PID-3,toluene,S0S1,stda,0.0000000835,Success
PID-3,toluene,S0S1,stddft,0.0000000006,Success
PID-3,toluene,S0T1,stda,0.0000000258,Success
PID-3,toluene,S0T1,stddft,0.0000000557,Success
PLQYs,gas,S0S1,stda,-0.0000000305,Success
PLQYs,gas,S0S1,stddft,0.0000000131,Success
PLQYs,gas,S0T1,stda,-0.0000001165,Success
PLQYs,gas,S0T1,stddft,-0.0000000546,Success
PLQYs,toluene,S0S1,stda,-0.0000000409,Success
PLQYs,toluene,S0S1,stddft,0.0000000230,Success
PLQYs,toluene,S0T1,stda,0.0000000608,Success
PLQYs,toluene,S0T1,stddft,0.0000000174,Success
PmPmP,gas,S0S1,stda,-0.0000000398,Success
PmPmP,gas,S0S1,stddft,0.0000001095,Success
PmPmP,gas,S0T1,stda,-0.0000000347,Success
PmPmP,gas,S0T1,stddft,0.0000000334,Success
PmPmP,toluene,S0S1,stda,0.0000000017,Success
PmPmP,toluene,S0S1,stddft,-0.0000000084,Success
PmPmP,toluene,S0T1,stda,-0.0000000089,Success
PmPmP,toluene,S0T1,stddft,-0.0000000826,Success
PnB,gas,S0S1,stda,-0.0000000084,Success
PnB,gas,S0S1,stddft,0.0000000374,Success
PnB,gas,S0T1,stda,0.0000001053,Success
PnB,gas,S0T1,stddft,-0.0000000414,Success
PnB,toluene,S0S1,stda,-0.0000000556,Success
PnB,toluene,S0S1,stddft,-0.0000000598,Success
PnB,toluene,S0T1,stda,0.0000000118,Success
PnB,toluene,S0T1,stddft,0.0000001003,Success
PO-ABN,gas,S0S1,stda,-0.0000000672,Success
PO-ABN,gas,S0S1,stddft,-0.0000000315,Success
PO-ABN,gas,S0T1,stda,0.0000000446,Success
PO-ABN,gas,S0T1,stddft,0.0000000954,Success
PO-ABN,toluene,S0S1,stda,0.0000001077,Success
PO-ABN,toluene,S0S1,stddft,0.0000001236,Success
PO-ABN,toluene,S0T1,stda,-0.0000001362,Success
PO-ABN,toluene,S0T1,stddft,0.0000000756,Success
POBBPE,gas,S0S1,stda,-0.0000000176,Success
POBBPE,gas,S0S1,stddft,0.0000001116,Success
POBBPE,gas,S0T1,stda,0.0000000823,Success
POBBPE,gas,S0T1,stddft,-0.0000000897,Success
POBBPE,toluene,S0S1,stda,0.0000000237,Success
POBBPE,toluene,S0S1,stddft,0.0000000142,Success
POBBPE,toluene,S0T1,stda,-0.0000000090,Success
POBBPE,toluene,S0T1,stddft,0.0000000696,Success
poCz-SO,gas,S0S1,stda,0.0000000014,Success
poCz-SO,gas,S0S1,stddft,0.0000000198,Success
poCz-SO,gas,S0T1,stda,0.0000000457,Success
poCz-SO,gas,S0T1,stddft,0.0000001111,Success
poCz-SO,toluene,S0S1,stda,0.0000000176,Success
poCz-SO,toluene,S0S1,stddft,-0.0000001108,Success
poCz-SO,toluene,S0T1,stda,0.0000000917,Success
poCz-SO,toluene,S0T1,stddft,0.0000000898,Success
PO-TPA,gas,S0S1,stda,0.0000000382,Success
PO-TPA,gas,S0S1,stddft,0.0000000432,Success
PO-TPA,gas,S0T1,stda,-0.0000000253,Success
PO-TPA,gas,S0T1,stddft,-0.0000000147,Success
PO-TPA,toluene,S0S1,stda,-0.0000000407,Success
PO-TPA,toluene,S0S1,stddft,-0.0000000357,Success
PO-TPA,toluene,S0T1,stda,-0.0000000489,Success
PO-TPA,toluene,S0T1,stddft,0.0000000110,Success
POZDBPHZ,gas,S0S1,stda,0.0000000086,Success
POZDBPHZ,gas,S0S1,stddft,0.0000000064,Success
POZDBPHZ,gas,S0T1,stda,-0.0000000415,Success
POZDBPHZ,gas,S0T1,stddft,0.0000000465,Success
POZDBPHZ,toluene,S0S1,stda,0.0000000272,Success
POZDBPHZ,toluene,S0S1,stddft,0.0000000518,Success
POZDBPHZ,toluene,S0T1,stda,-0.0000000941,Success
POZDBPHZ,toluene,S0T1,stddft,0.0000000014,Success
p-PCzTPD,gas,S0S1,stda,-0.0000000588,Success
p-PCzTPD,gas,S0S1,stddft,-0.0000000423,Success
p-PCzTPD,gas,S0T1,stda,0.0000000705,Success
p-PCzTPD,gas,S0T1,stddft,0.0000000425,Success
p-PCzTPD,toluene,S0S1,stda,-0.0000000038,Success
p-PCzTPD,toluene,S0S1,stddft,-0.0000000493,Success
p-PCzTPD,toluene,S0T1,stda,-0.0000000383,Success
p-PCzTPD,toluene,S0T1,stddft,-0.0000000107,Success
PPI-An-NPIM,gas,S0S1,stda,0.0000000848,Success
PPI-An-NPIM,gas,S0S1,stddft,0.0000000490,Success
PPI-An-NPIM,gas,S0T1,stda,-0.0000001389,Success
PPI-An-NPIM,gas,S0T1,stddft,0.0000000472,Success
PPI-An-NPIM,toluene,S0S1,stda,0.0000000440,Success
PPI-An-NPIM,toluene,S0S1,stddft,-0.0000000646,Success
PPI-An-NPIM,toluene,S0T1,stda,-0.0000000359,Success
PPI-An-NPIM,toluene,S0T1,stddft,-0.0000001169,Success
PPI,gas,S0S1,stda,0.0000000205,Success
PPI,gas,S0S1,stddft,-0.0000000213,Success
PPI,gas,S0T1,stda,-0.0000000006,Success
PPI,gas,S0T1,stddft,0.0000001114,Success
PPINCN-Cz,gas,S0S1,stda,-0.0000001162,Success
PPINCN-Cz,gas,S0S1,stddft,-0.0000000701,Success
PPINCN-Cz,gas,S0T1,stda,0.0000001195,Success
PPINCN-Cz,gas,S0T1,stddft,-0.0000000736,Success
PPINCN-Cz,toluene,S0S1,stda,0.0000000129,Success
PPINCN-Cz,toluene,S0S1,stddft,0.0000000548,Success
PPINCN-Cz,toluene,S0T1,stda,-0.0000000783,Success
PPINCN-Cz,toluene,S0T1,stddft,0.0000000161,Success
PPINCN,gas,S0S1,stda,0.0000001045,Success
PPINCN,gas,S0S1,stddft,0.0000000268,Success
PPINCN,gas,S0T1,stda,-0.0000000059,Success
PPINCN,gas,S0T1,stddft,0.0000000794,Success
PPINCN,toluene,S0S1,stda,-0.0000000560,Success
PPINCN,toluene,S0S1,stddft,0.0000000142,Success
PPINCN,toluene,S0T1,stda,-0.0000000079,Success
PPINCN,toluene,S0T1,stddft,-0.0000000389,Success
PPI-PIM-1,gas,S0S1,stda,-0.0000000417,Success
PPI-PIM-1,gas,S0S1,stddft,-0.0000000289,Success
PPI-PIM-1,gas,S0T1,stda,-0.0000000453,Success
PPI-PIM-1,gas,S0T1,stddft,-0.0000001756,Success
PPI-PIM-1,toluene,S0S1,stda,-0.0000000210,Success
PPI-PIM-1,toluene,S0S1,stddft,0.0000000566,Success
PPI-PIM-1,toluene,S0T1,stda,0.0000000451,Success
PPI-PIM-1,toluene,S0T1,stddft,0.0000000402,Success
PPI-PIM-2,gas,S0S1,stda,-0.0000000866,Success
PPI-PIM-2,gas,S0S1,stddft,0.0000000120,Success
PPI-PIM-2,gas,S0T1,stda,-0.0000000113,Success
PPI-PIM-2,gas,S0T1,stddft,-0.0000000080,Success
PPI-PIM-2,toluene,S0S1,stda,0.0000000139,Success
PPI-PIM-2,toluene,S0S1,stddft,-0.0000001125,Success
PPI-PIM-2,toluene,S0T1,stda,-0.0000000142,Success
PPI-PIM-2,toluene,S0T1,stddft,0.0000001325,Success
PPI,toluene,S0S1,stda,-0.0000000475,Success
PPI,toluene,S0S1,stddft,0.0000000722,Success
PPI,toluene,S0T1,stda,0.0000000519,Success
PPI,toluene,S0T1,stddft,0.0000000377,Success
p-PO15NCzDPA,gas,S0S1,stda,-0.0000000015,Success
p-PO15NCzDPA,gas,S0S1,stddft,-0.0000000411,Success
p-PO15NCzDPA,gas,S0T1,stda,0.0000001424,Success
p-PO15NCzDPA,gas,S0T1,stddft,0.0000001026,Success
p-PO15NCzDPA,toluene,S0S1,stda,-0.0000000612,Success
p-PO15NCzDPA,toluene,S0S1,stddft,-0.0000000911,Success
p-PO15NCzDPA,toluene,S0T1,stda,-0.0000000005,Success
p-PO15NCzDPA,toluene,S0T1,stddft,0.0000000224,Success
PPO21,gas,S0S1,stda,-0.0000000061,Success
PPO21,gas,S0S1,stddft,-0.0000000581,Success
PPO21,gas,S0T1,stda,0.0000000545,Success
PPO21,gas,S0T1,stddft,0.0000000378,Success
PPO21,toluene,S0S1,stda,0.0000000730,Success
PPO21,toluene,S0S1,stddft,0.0000000214,Success
PPO21,toluene,S0T1,stda,-0.0000000722,Success
PPO21,toluene,S0T1,stddft,-0.0000000165,Success
p-PO-ABN,gas,S0S1,stda,-0.0000000850,Success
p-PO-ABN,gas,S0S1,stddft,-0.0000000841,Success
p-PO-ABN,gas,S0T1,stda,-0.0000000672,Success
p-PO-ABN,gas,S0T1,stddft,-0.0000000716,Success
p-PO-ABN,toluene,S0S1,stda,-0.0000000592,Success
p-PO-ABN,toluene,S0S1,stddft,0.0000000501,Success
p-PO-ABN,toluene,S0T1,stda,-0.0000000067,Success
p-PO-ABN,toluene,S0T1,stddft,0.0000000190,Success
PPZPPI,gas,S0S1,stda,-0.0000001269,Success
PPZPPI,gas,S0S1,stddft,0.0000001890,Success
PPZPPI,gas,S0T1,stda,-0.0000001019,Success
PPZPPI,gas,S0T1,stddft,0.0000001532,Success
PPZPPI,toluene,S0S1,stda,-0.0000000650,Success
PPZPPI,toluene,S0S1,stddft,0.0000000134,Success
PPZPPI,toluene,S0T1,stda,0.0000000199,Success
PPZPPI,toluene,S0T1,stddft,-0.0000000732,Success
PPZTPI,gas,S0S1,stda,0.0000001227,Success
PPZTPI,gas,S0S1,stddft,0.0000000426,Success
PPZTPI,gas,S0T1,stda,0.0000000575,Success
PPZTPI,gas,S0T1,stddft,0.0000000077,Success
PPZTPI,toluene,S0S1,stda,0.0000000666,Success
PPZTPI,toluene,S0S1,stddft,-0.0000001272,Success
PPZTPI,toluene,S0T1,stda,-0.0000000092,Success
PPZTPI,toluene,S0T1,stddft,-0.0000000166,Success
Pra-2DMAC,gas,S0S1,stda,-0.0000000078,Success
Pra-2DMAC,gas,S0S1,stddft,0.0000000014,Success
Pra-2DMAC,gas,S0T1,stda,0.0000000507,Success
Pra-2DMAC,gas,S0T1,stddft,-0.0000000391,Success
Pra-2DMAC,toluene,S0S1,stda,0.0000000151,Success
Pra-2DMAC,toluene,S0S1,stddft,0.0000000574,Success
Pra-2DMAC,toluene,S0T1,stda,-0.0000000535,Success
Pra-2DMAC,toluene,S0T1,stddft,0.0000000190,Success
PrDPhAc,gas,S0S1,stda,-0.0000000623,Success
PrDPhAc,gas,S0S1,stddft,-0.0000000646,Success
PrDPhAc,gas,S0T1,stda,0.0000000512,Success
PrDPhAc,gas,S0T1,stddft,0.0000000473,Success
PrDPhAc,toluene,S0S1,stda,-0.0000000620,Success
PrDPhAc,toluene,S0S1,stddft,-0.0000000632,Success
PrDPhAc,toluene,S0T1,stda,-0.0000001600,Success
PrDPhAc,toluene,S0T1,stddft,-0.0000000223,Success
PSBC,gas,S0S1,stda,0.0000000749,Success
PSBC,gas,S0S1,stddft,-0.0000000036,Success
PSBC,gas,S0T1,stda,0.0000000149,Success
PSBC,gas,S0T1,stddft,0.0000000003,Success
PSBC,toluene,S0S1,stda,0.0000000276,Success
PSBC,toluene,S0S1,stddft,0.0000000502,Success
PSBC,toluene,S0T1,stda,-0.0000000078,Success
PSBC,toluene,S0T1,stddft,-0.0000000120,Success
PS-BZ-DMAC,gas,S0S1,stda,-0.0000000834,Success
PS-BZ-DMAC,gas,S0S1,stddft,0.0000000347,Success
PS-BZ-DMAC,gas,S0T1,stda,-0.0000000284,Success
PS-BZ-DMAC,gas,S0T1,stddft,-0.0000000075,Success
PS-BZ-DMAC,toluene,S0S1,stda,0.0000000197,Success
PS-BZ-DMAC,toluene,S0S1,stddft,0.0000000391,Success
PS-BZ-DMAC,toluene,S0T1,stda,0.0000000732,Success
PS-BZ-DMAC,toluene,S0T1,stddft,0.0000000382,Success
pSFIAc2,gas,S0S1,stda,-0.0000000233,Success
pSFIAc2,gas,S0S1,stddft,-0.0000000254,Success
pSFIAc2,gas,S0T1,stda,-0.0000000189,Success
pSFIAc2,gas,S0T1,stddft,-0.0000000348,Success
pSFIAc2,toluene,S0S1,stda,0.0000000723,Success
pSFIAc2,toluene,S0S1,stddft,-0.0000000007,Success
pSFIAc2,toluene,S0T1,stda,-0.0000000217,Success
pSFIAc2,toluene,S0T1,stddft,0.0000000272,Success
PSPBP,gas,S0S1,stda,-0.0000000842,Success
PSPBP,gas,S0S1,stddft,-0.0000000168,Success
PSPBP,gas,S0T1,stda,0.0000000871,Success
PSPBP,gas,S0T1,stddft,0.0000000016,Success
PSPBP,toluene,S0S1,stda,0.0000000343,Success
PSPBP,toluene,S0S1,stddft,0.0000000551,Success
PSPBP,toluene,S0T1,stda,-0.0000000341,Success
PSPBP,toluene,S0T1,stddft,0.0000000660,Success
PSPCz,gas,S0S1,stda,-0.0000000526,Success
PSPCz,gas,S0S1,stddft,-0.0000000583,Success
PSPCz,gas,S0T1,stda,-0.0000000833,Success
PSPCz,gas,S0T1,stddft,0.0000000489,Success
PSPCz,toluene,S0S1,stda,0.0000000418,Success
PSPCz,toluene,S0S1,stddft,0.0000000555,Success
PSPCz,toluene,S0T1,stda,-0.0000001163,Success
PSPCz,toluene,S0T1,stddft,-0.0000000234,Success
PSPP,gas,S0S1,stda,-0.0000000443,Success
PSPP,gas,S0S1,stddft,-0.0000000539,Success
PSPP,gas,S0T1,stda,-0.0000000398,Success
PSPP,gas,S0T1,stddft,-0.0000000489,Success
PSPP,toluene,S0S1,stda,0.0000000718,Success
PSPP,toluene,S0S1,stddft,-0.0000000870,Success
PSPP,toluene,S0T1,stda,-0.0000000267,Success
PSPP,toluene,S0T1,stddft,-0.0000000301,Success
PSPSF,gas,S0S1,stda,0.0000000018,Success
PSPSF,gas,S0S1,stddft,0.0000000495,Success
PSPSF,gas,S0T1,stda,-0.0000000598,Success
PSPSF,gas,S0T1,stddft,-0.0000000931,Success
PSPSF,toluene,S0S1,stda,-0.0000000577,Success
PSPSF,toluene,S0S1,stddft,-0.0000000040,Success
PSPSF,toluene,S0T1,stda,-0.0000001337,Success
PSPSF,toluene,S0T1,stddft,0.0000000448,Success
PtB,gas,S0S1,stda,-0.0000000014,Success
PtB,gas,S0S1,stddft,-0.0000000771,Success
PtB,gas,S0T1,stda,-0.0000000385,Success
PtB,gas,S0T1,stddft,0.0000001185,Success
PtB,toluene,S0S1,stda,-0.0000000315,Success
PtB,toluene,S0S1,stddft,-0.0000000328,Success
PtB,toluene,S0T1,stda,0.0000000298,Success
PtB,toluene,S0T1,stddft,0.0000000279,Success
PT-BZ-DMAC,gas,S0S1,stda,-0.0000000084,Success
PT-BZ-DMAC,gas,S0S1,stddft,0.0000000016,Success
PT-BZ-DMAC,gas,S0T1,stda,-0.0000000708,Success
PT-BZ-DMAC,gas,S0T1,stddft,0.0000000175,Success
PT-BZ-DMAC,toluene,S0S1,stda,-0.0000000063,Success
PT-BZ-DMAC,toluene,S0S1,stddft,-0.0000000008,Success
PT-BZ-DMAC,toluene,S0T1,stda,-0.0000001348,Success
PT-BZ-DMAC,toluene,S0T1,stddft,-0.0000000363,Success
PtOEP,gas,S0S1,stda,0.0000000732,Success
PtOEP,gas,S0S1,stddft,-0.0000000601,Success
PtOEP,gas,S0T1,stda,0.0000000291,Success
PtOEP,gas,S0T1,stddft,0.0000000342,Success
PtOEP,toluene,S0S1,stda,0.0000000210,Success
PtOEP,toluene,S0S1,stddft,-0.0000000329,Success
PtOEP,toluene,S0T1,stda,0.0000001747,Success
PtOEP,toluene,S0T1,stddft,-0.0000000272,Success
p-TPA-AP-TPA,gas,S0S1,stda,-0.0000000057,Success
p-TPA-AP-TPA,gas,S0S1,stddft,-0.0000000438,Success
p-TPA-AP-TPA,gas,S0T1,stda,-0.0000000458,Success
p-TPA-AP-TPA,gas,S0T1,stddft,-0.0000000010,Success
p-TPA-AP-TPA,toluene,S0S1,stda,0.0000000295,Success
p-TPA-AP-TPA,toluene,S0S1,stddft,-0.0000001437,Success
p-TPA-AP-TPA,toluene,S0T1,stda,0.0000001318,Success
p-TPA-AP-TPA,toluene,S0T1,stddft,0.0000000929,Success
PTPC,gas,S0S1,stda,-0.0000000263,Success
PTPC,gas,S0S1,stddft,0.0000001081,Success
PTPC,gas,S0T1,stda,-0.0000000741,Success
PTPC,gas,S0T1,stddft,0.0000001482,Success
PTPC,toluene,S0S1,stda,-0.0000000548,Success
PTPC,toluene,S0S1,stddft,-0.0000000607,Success
PTPC,toluene,S0T1,stda,-0.0000000335,Success
PTPC,toluene,S0T1,stddft,0.0000000298,Success
PTZ-2PTO,gas,S0S1,stda,-0.0000000138,Success
PTZ-2PTO,gas,S0S1,stddft,0.0000000893,Success
PTZ-2PTO,gas,S0T1,stda,-0.0000001052,Success
PTZ-2PTO,gas,S0T1,stddft,-0.0000000188,Success
PTZ-2PTO,toluene,S0S1,stda,0.0000000083,Success
PTZ-2PTO,toluene,S0S1,stddft,-0.0000001000,Success
PTZ-2PTO,toluene,S0T1,stda,-0.0000000029,Success
PTZ-2PTO,toluene,S0T1,stddft,-0.0000000423,Success
PTZ-DBTO2,gas,S0S1,stda,0.0000000358,Success
PTZ-DBTO2,gas,S0S1,stddft,-0.0000000129,Success
PTZ-DBTO2,gas,S0T1,stda,-0.0000000187,Success
PTZ-DBTO2,gas,S0T1,stddft,-0.0000001044,Success
PTZ-DBTO2,toluene,S0S1,stda,-0.0000000616,Success
PTZ-DBTO2,toluene,S0S1,stddft,-0.0000000365,Success
PTZ-DBTO2,toluene,S0T1,stda,0.0000000541,Success
PTZ-DBTO2,toluene,S0T1,stddft,0.0000000180,Success
PTZ-DCPP,gas,S0S1,stda,0.0000000513,Success
PTZ-DCPP,gas,S0S1,stddft,-0.0000000014,Success
PTZ-DCPP,gas,S0T1,stda,0.0000000603,Success
PTZ-DCPP,gas,S0T1,stddft,-0.0000000807,Success
PTZ-DCPP,toluene,S0S1,stda,0.0000001270,Success
PTZ-DCPP,toluene,S0S1,stddft,-0.0000000605,Success
PTZ-DCPP,toluene,S0T1,stda,0.0000000444,Success
PTZ-DCPP,toluene,S0T1,stddft,-0.0000000275,Success
PTZ-mPYR,gas,S0S1,stda,0.0000000081,Success
PTZ-mPYR,gas,S0S1,stddft,-0.0000000098,Success
PTZ-mPYR,gas,S0T1,stda,0.0000000634,Success
PTZ-mPYR,gas,S0T1,stddft,-0.0000000779,Success
PTZ-mPYR,toluene,S0S1,stda,0.0000000090,Success
PTZ-mPYR,toluene,S0S1,stddft,-0.0000000710,Success
PTZ-mPYR,toluene,S0T1,stda,0.0000000274,Success
PTZ-mPYR,toluene,S0T1,stddft,-0.0000000454,Success
PTZ-NAI,gas,S0S1,stda,-0.0000000021,Success
PTZ-NAI,gas,S0S1,stddft,0.0000000001,Success
PTZ-NAI,gas,S0T1,stda,0.0000000011,Success
PTZ-NAI,gas,S0T1,stddft,-0.0000000012,Success
PTZ-NAI,toluene,S0S1,stda,-0.0000000191,Success
PTZ-NAI,toluene,S0S1,stddft,-0.0000000123,Success
PTZ-NAI,toluene,S0T1,stda,-0.0000000047,Success
PTZ-NAI,toluene,S0T1,stddft,0.0000000215,Success
PTZ–TAZ,gas,S0S1,stda,-0.0000000087,Success
PTZ–TAZ,gas,S0S1,stddft,0.0000000246,Success
PTZ–TAZ,gas,S0T1,stda,-0.0000000103,Success
PTZ–TAZ,gas,S0T1,stddft,0.0000000263,Success
PTZ–TAZ,toluene,S0S1,stda,0.0000000025,Success
PTZ–TAZ,toluene,S0S1,stddft,0.0000000031,Success
PTZ–TAZ,toluene,S0T1,stda,-0.0000000018,Success
PTZ–TAZ,toluene,S0T1,stddft,-0.0000000220,Success
PTZTPE-2,gas,S0S1,stda,-0.0000000210,Success
PTZTPE-2,gas,S0S1,stddft,-0.0000000354,Success
PTZTPE-2,gas,S0T1,stda,0.0000001490,Success
PTZTPE-2,gas,S0T1,stddft,0.0000000308,Success
PTZTPE-2,toluene,S0S1,stda,0.0000000463,Success
PTZTPE-2,toluene,S0S1,stddft,-0.0000000239,Success
PTZTPE-2,toluene,S0T1,stda,0.0000000242,Success
PTZTPE-2,toluene,S0T1,stddft,0.0000000694,Success
Px2BP,gas,S0S1,stda,0.0000000130,Success
Px2BP,gas,S0S1,stddft,0.0000000305,Success
Px2BP,gas,S0T1,stda,0.0000000103,Success
Px2BP,gas,S0T1,stddft,-0.0000000139,Success
Px2BP,toluene,S0S1,stda,-0.0000000330,Success
Px2BP,toluene,S0S1,stddft,0.0000000344,Success
Px2BP,toluene,S0T1,stda,0.0000000226,Success
Px2BP,toluene,S0T1,stddft,0.0000000311,Success
PxCN,gas,S0S1,stda,-0.0000000325,Success
PxCN,gas,S0S1,stddft,0.0000000524,Success
PxCN,gas,S0T1,stda,-0.0000000310,Success
PxCN,gas,S0T1,stddft,-0.0000000181,Success
PxCN,toluene,S0S1,stda,-0.0000000966,Success
PxCN,toluene,S0S1,stddft,0.0000000815,Success
PxCN,toluene,S0T1,stda,0.0000000527,Success
PxCN,toluene,S0T1,stddft,-0.0000000098,Success
PxCYP,gas,S0S1,stda,-0.0000000662,Success
PxCYP,gas,S0S1,stddft,0.0000000185,Success
PxCYP,gas,S0T1,stda,0.0000000176,Success
PxCYP,gas,S0T1,stddft,0.0000000354,Success
PxCYP,toluene,S0S1,stda,-0.0000000647,Success
PxCYP,toluene,S0S1,stddft,0.0000000826,Success
PxCYP,toluene,S0T1,stda,-0.0000001527,Success
PxCYP,toluene,S0T1,stddft,-0.0000000147,Success
PxPYM,gas,S0S1,stda,0.0000000074,Success
PxPYM,gas,S0S1,stddft,-0.0000000710,Success
PxPYM,gas,S0T1,stda,0.0000001371,Success
PxPYM,gas,S0T1,stddft,0.0000000394,Success
PxPYM,toluene,S0S1,stda,-0.0000000427,Success
PxPYM,toluene,S0S1,stddft,0.0000000240,Success
PxPYM,toluene,S0T1,stda,-0.0000000397,Success
PxPYM,toluene,S0T1,stddft,0.0000000082,Success
PX-TRZ,gas,S0S1,stda,-0.0000000290,Success
PX-TRZ,gas,S0S1,stddft,-0.0000000107,Success
PX-TRZ,gas,S0T1,stda,-0.0000000219,Success
PX-TRZ,gas,S0T1,stddft,-0.0000000420,Success
PX-TRZ,toluene,S0S1,stda,-0.0000000847,Success
PX-TRZ,toluene,S0S1,stddft,-0.0000001192,Success
PX-TRZ,toluene,S0T1,stda,0.0000000215,Success
PX-TRZ,toluene,S0T1,stddft,-0.0000000436,Success
PXZ-10-DPPZ,gas,S0S1,stda,0.0000000217,Success
PXZ-10-DPPZ,gas,S0S1,stddft,0.0000000248,Success
PXZ-10-DPPZ,gas,S0T1,stda,0.0000000013,Success
PXZ-10-DPPZ,gas,S0T1,stddft,-0.0000000609,Success
PXZ-10-DPPZ,toluene,S0S1,stda,0.0000000242,Success
PXZ-10-DPPZ,toluene,S0S1,stddft,-0.0000000153,Success
PXZ-10-DPPZ,toluene,S0T1,stda,-0.0000000131,Success
PXZ-10-DPPZ,toluene,S0T1,stddft,0.0000000324,Success
PXZ-11-DPPZ,gas,S0S1,stda,-0.0000000270,Success
PXZ-11-DPPZ,gas,S0S1,stddft,0.0000000202,Success
PXZ-11-DPPZ,gas,S0T1,stda,-0.0000000036,Success
PXZ-11-DPPZ,gas,S0T1,stddft,0.0000000333,Success
PXZ-11-DPPZ,toluene,S0S1,stda,-0.0000000281,Success
PXZ-11-DPPZ,toluene,S0S1,stddft,0.0000000050,Success
PXZ-11-DPPZ,toluene,S0T1,stda,-0.0000000393,Success
PXZ-11-DPPZ,toluene,S0T1,stddft,-0.0000000339,Success
PXZ2PTO,gas,S0S1,stda,-0.0000000943,Success
PXZ2PTO,gas,S0S1,stddft,-0.0000000122,Success
PXZ2PTO,gas,S0T1,stda,0.0000000932,Success
PXZ2PTO,gas,S0T1,stddft,-0.0000000135,Success
PXZ2PTO,toluene,S0S1,stda,0.0000000290,Success
PXZ2PTO,toluene,S0S1,stddft,0.0000000586,Success
PXZ2PTO,toluene,S0T1,stda,0.0000000354,Success
PXZ2PTO,toluene,S0T1,stddft,0.0000000596,Success
PXZ-BOO,gas,S0S1,stda,-0.0000000615,Success
PXZ-BOO,gas,S0S1,stddft,-0.0000000270,Success
PXZ-BOO,gas,S0T1,stda,-0.0000000051,Success
PXZ-BOO,gas,S0T1,stddft,0.0000000091,Success
PXZ-BOO,toluene,S0S1,stda,0.0000000426,Success
PXZ-BOO,toluene,S0S1,stddft,0.0000000152,Success
PXZ-BOO,toluene,S0T1,stda,-0.0000000012,Success
PXZ-BOO,toluene,S0T1,stddft,-0.0000000210,Success
PXZ-NAI,gas,S0S1,stda,-0.0000000338,Success
PXZ-NAI,gas,S0S1,stddft,-0.0000000514,Success
PXZ-NAI,gas,S0T1,stda,0.0000000258,Success
PXZ-NAI,gas,S0T1,stddft,0.0000000264,Success
PXZ-NAI,toluene,S0S1,stda,0.0000000281,Success
PXZ-NAI,toluene,S0S1,stddft,0.0000000200,Success
PXZ-NAI,toluene,S0T1,stda,0.0000000288,Success
PXZ-NAI,toluene,S0T1,stddft,-0.0000000179,Success
PXZ-ND,gas,S0S1,stda,0.0000000273,Success
PXZ-ND,gas,S0S1,stddft,0.0000000560,Success
PXZ-ND,gas,S0T1,stda,-0.0000000143,Success
PXZ-ND,gas,S0T1,stddft,0.0000000838,Success
PXZ-ND,toluene,S0S1,stda,0.0000000089,Success
PXZ-ND,toluene,S0S1,stddft,0.0000000169,Success
PXZ-ND,toluene,S0T1,stda,-0.0000000137,Success
PXZ-ND,toluene,S0T1,stddft,-0.0000000245,Success
PXZ-OXD,gas,S0S1,stda,0.0000000005,Success
PXZ-OXD,gas,S0S1,stddft,-0.0000000727,Success
PXZ-OXD,gas,S0T1,stda,-0.0000000319,Success
PXZ-OXD,gas,S0T1,stddft,-0.0000000517,Success
PXZ-OXD,toluene,S0S1,stda,-0.0000000041,Success
PXZ-OXD,toluene,S0S1,stddft,-0.0000000468,Success
PXZ-OXD,toluene,S0T1,stda,-0.0000000166,Success
PXZ-OXD,toluene,S0T1,stddft,0.0000000025,Success
PXZPDO,gas,S0S1,stda,-0.0000000412,Success
PXZPDO,gas,S0S1,stddft,-0.0000000676,Success
PXZPDO,gas,S0T1,stda,0.0000000495,Success
PXZPDO,gas,S0T1,stddft,0.0000000342,Success
PXZPDO,toluene,S0S1,stda,-0.0000000098,Success
PXZPDO,toluene,S0S1,stddft,-0.0000001176,Success
PXZPDO,toluene,S0T1,stda,0.0000000310,Success
PXZPDO,toluene,S0T1,stddft,-0.0000000031,Success
PXZ-PPO,gas,S0S1,stda,-0.0000000413,Success
PXZ-PPO,gas,S0S1,stddft,-0.0000000422,Success
PXZ-PPO,gas,S0T1,stda,0.0000000147,Success
PXZ-PPO,gas,S0T1,stddft,-0.0000000198,Success
PXZ-PPO,toluene,S0S1,stda,0.0000000664,Success
PXZ-PPO,toluene,S0S1,stddft,-0.0000000240,Success
PXZ-PPO,toluene,S0T1,stda,-0.0000000966,Success
PXZ-PPO,toluene,S0T1,stddft,-0.0000000593,Success
PXZ-QL,gas,S0S1,stda,0.0000000736,Success
PXZ-QL,gas,S0S1,stddft,0.0000000134,Success
PXZ-QL,gas,S0T1,stda,0.0000000245,Success
PXZ-QL,gas,S0T1,stddft,0.0000000236,Success
PXZ-QL,toluene,S0S1,stda,-0.0000000346,Success
PXZ-QL,toluene,S0S1,stddft,-0.0000000097,Success
PXZ-QL,toluene,S0T1,stda,-0.0000000159,Success
PXZ-QL,toluene,S0T1,stddft,-0.0000000302,Success
PyDCN–DMAC,gas,S0S1,stda,0.0000000008,Success
PyDCN–DMAC,gas,S0S1,stddft,0.0000000011,Success
PyDCN–DMAC,gas,S0T1,stda,-0.0000000197,Success
PyDCN–DMAC,gas,S0T1,stddft,-0.0000000320,Success
PyDCN–DMAC,toluene,S0S1,stda,0.0000000026,Success
PyDCN–DMAC,toluene,S0S1,stddft,0.0000000121,Success
PyDCN–DMAC,toluene,S0T1,stda,-0.0000000612,Success
PyDCN–DMAC,toluene,S0T1,stddft,0.0000000918,Success
PyDCN,gas,S0S1,stda,0.0000000129,Success
PyDCN,gas,S0S1,stddft,-0.0000001058,Success
PyDCN,gas,S0T1,stda,-0.0000000194,Success
PyDCN,gas,S0T1,stddft,-0.0000000457,Success
PyDCN,toluene,S0S1,stda,-0.0000000313,Success
PyDCN,toluene,S0S1,stddft,0.0000000020,Success
PyDCN,toluene,S0T1,stda,-0.0000000029,Success
PyDCN,toluene,S0T1,stddft,-0.0000000056,Success
PyIAnTPh,gas,S0S1,stda,0.0000000366,Success
PyIAnTPh,gas,S0S1,stddft,-0.0000000113,Success
PyIAnTPh,gas,S0T1,stda,-0.0000000566,Success
PyIAnTPh,gas,S0T1,stddft,0.0000000617,Success
PyIAnTPh,toluene,S0S1,stda,0.0000000450,Success
PyIAnTPh,toluene,S0S1,stddft,-0.0000000056,Success
PyIAnTPh,toluene,S0T1,stda,-0.0000000076,Success
PyIAnTPh,toluene,S0T1,stddft,-0.0000000933,Success
PyI,gas,S0S1,stda,0.0000000542,Success
PyI,gas,S0S1,stddft,-0.0000000247,Success
PyI,gas,S0T1,stda,0.0000000523,Success
PyI,gas,S0T1,stddft,0.0000000293,Success
PyI,toluene,S0S1,stda,-0.0000000601,Success
PyI,toluene,S0S1,stddft,0.0000000263,Success
PyI,toluene,S0T1,stda,0.0000000040,Success
PyI,toluene,S0T1,stddft,-0.0000000780,Success
PY-TPA,gas,S0S1,stda,-0.0000000084,Success
Py-TPA,gas,S0S1,stda,-0.0000000128,Success
Py-TPA,gas,S0S1,stddft,-0.0000000034,Success
PY-TPA,gas,S0S1,stddft,-0.0000000528,Success
Py-TPA,gas,S0T1,stda,0.0000000222,Success
PY-TPA,gas,S0T1,stda,-0.0000000424,Success
Py-TPA,gas,S0T1,stddft,-0.0000000104,Success
PY-TPA,gas,S0T1,stddft,-0.0000000176,Success
PY-TPA,toluene,S0S1,stda,-0.0000000109,Success
Py-TPA,toluene,S0S1,stda,-0.0000000431,Success
PY-TPA,toluene,S0S1,stddft,0.0000000363,Success
Py-TPA,toluene,S0S1,stddft,-0.0000000510,Success
Py-TPA,toluene,S0T1,stda,0.0000000709,Success
PY-TPA,toluene,S0T1,stda,-0.0000001746,Success
Py-TPA,toluene,S0T1,stddft,0.0000000438,Success
PY-TPA,toluene,S0T1,stddft,0.0000000554,Success
pzpy,gas,S0S1,stda,-0.0000000527,Success
pzpy,gas,S0S1,stddft,-0.0000000297,Success
pzpy,gas,S0T1,stda,0.0000001583,Success
pzpy,gas,S0T1,stddft,-0.0000000854,Success
pzpy,toluene,S0S1,stda,0.0000001055,Success
pzpy,toluene,S0S1,stddft,-0.0000000398,Success
pzpy,toluene,S0T1,stda,-0.0000000351,Success
pzpy,toluene,S0T1,stddft,-0.0000000968,Success
PzTDBA,gas,S0S1,stda,-0.0000000208,Success
PzTDBA,gas,S0S1,stddft,0.0000000487,Success
PzTDBA,gas,S0T1,stda,0.0000000163,Success
PzTDBA,gas,S0T1,stddft,0.0000000213,Success
PzTDBA,toluene,S0S1,stda,0.0000001108,Success
PzTDBA,toluene,S0S1,stddft,-0.0000000476,Success
PzTDBA,toluene,S0T1,stda,-0.0000000872,Success
PzTDBA,toluene,S0T1,stddft,0.0000000017,Success
SABIQ,gas,S0S1,stda,0.0000000026,Success
SABIQ,gas,S0S1,stddft,-0.0000000015,Success
SABIQ,gas,S0T1,stda,-0.0000000372,Success
SABIQ,gas,S0T1,stddft,0.0000001136,Success
SABIQ,toluene,S0S1,stda,0.0000000003,Success
SABIQ,toluene,S0S1,stddft,-0.0000000045,Success
SABIQ,toluene,S0T1,stda,-0.0000000026,Success
SABIQ,toluene,S0T1,stddft,-0.0000000235,Success
SAF-2CzB,gas,S0S1,stda,-0.0000000635,Success
SAF-2CzB,gas,S0S1,stddft,0.0000000480,Success
SAF-2CzB,gas,S0T1,stda,0.0000000219,Success
SAF-2CzB,gas,S0T1,stddft,-0.0000000336,Success
SAF-2CzB,toluene,S0S1,stda,-0.0000000028,Success
SAF-2CzB,toluene,S0S1,stddft,-0.0000001226,Success
SAF-2CzB,toluene,S0T1,stda,0.0000000552,Success
SAF-2CzB,toluene,S0T1,stddft,0.0000000477,Success
SAF-2NP,gas,S0S1,stda,-0.0000000180,Success
SAF-2NP,gas,S0S1,stddft,0.0000000247,Success
SAF-2NP,gas,S0T1,stda,-0.0000000130,Success
SAF-2NP,gas,S0T1,stddft,-0.0000000308,Success
SAF-2NP,toluene,S0S1,stda,-0.0000000070,Success
SAF-2NP,toluene,S0S1,stddft,0.0000000171,Success
SAF-2NP,toluene,S0T1,stda,0.0000000118,Success
SAF-2NP,toluene,S0T1,stddft,-0.0000000811,Success
SAF-CzB,gas,S0S1,stda,0.0000000062,Success
SAF-CzB,gas,S0S1,stddft,-0.0000000727,Success
SAF-CzB,gas,S0T1,stda,0.0000000211,Success
SAF-CzB,gas,S0T1,stddft,0.0000000963,Success
SAF-CzB,toluene,S0S1,stda,0.0000000111,Success
SAF-CzB,toluene,S0S1,stddft,-0.0000000269,Success
SAF-CzB,toluene,S0T1,stda,-0.0000000238,Success
SAF-CzB,toluene,S0T1,stddft,0.0000000507,Success
SAFDPA,gas,S0S1,stda,0.0000000086,Success
SAFDPA,gas,S0S1,stddft,0.0000000056,Success
SAFDPA,gas,S0T1,stda,0.0000000120,Success
SAFDPA,gas,S0T1,stddft,0.0000001338,Success
SAFDPA,toluene,S0S1,stda,0.0000000226,Success
SAFDPA,toluene,S0S1,stddft,0.0000000338,Success
SAFDPA,toluene,S0T1,stda,0.0000000388,Success
SAFDPA,toluene,S0T1,stddft,0.0000000026,Success
SAIP,gas,S0S1,stda,-0.0000000075,Success
SAIP,gas,S0S1,stddft,0.0000000106,Success
SAIP,gas,S0T1,stda,-0.0000000482,Success
SAIP,gas,S0T1,stddft,0.0000000311,Success
SAIP,toluene,S0S1,stda,0.0000000034,Success
SAIP,toluene,S0S1,stddft,-0.0000000013,Success
SAIP,toluene,S0T1,stda,0.0000001024,Success
SAIP,toluene,S0T1,stddft,-0.0000000818,Success
SBA-2DPS,gas,S0S1,stda,-0.0000000113,Success
SBA-2DPS,gas,S0S1,stddft,0.0000000673,Success
SBA-2DPS,gas,S0T1,stda,-0.0000000651,Success
SBA-2DPS,gas,S0T1,stddft,-0.0000000437,Success
SBA-2DPS,toluene,S0S1,stda,0.0000000067,Success
SBA-2DPS,toluene,S0S1,stddft,0.0000000083,Success
SBA-2DPS,toluene,S0T1,stda,-0.0000000086,Success
SBA-2DPS,toluene,S0T1,stddft,0.0000000742,Success
SBA,gas,S0S1,stda,-0.0000000208,Success
SBA,gas,S0S1,stddft,0.0000000641,Success
SBA,gas,S0T1,stda,-0.0000000466,Success
SBA,gas,S0T1,stddft,0.0000000170,Success
SBA,toluene,S0S1,stda,0.0000000811,Success
SBA,toluene,S0S1,stddft,-0.0000000212,Success
SBA,toluene,S0T1,stda,-0.0000000263,Success
SBA,toluene,S0T1,stddft,-0.0000000290,Success
SBDBQ-PXZ,gas,S0S1,stda,-0.0000000568,Success
SBDBQ-PXZ,gas,S0S1,stddft,-0.0000000271,Success
SBDBQ-PXZ,gas,S0T1,stda,-0.0000000622,Success
SBDBQ-PXZ,gas,S0T1,stddft,-0.0000000100,Success
SBDBQ-PXZ,toluene,S0S1,stda,0.0000000194,Success
SBDBQ-PXZ,toluene,S0S1,stddft,-0.0000000222,Success
SBDBQ-PXZ,toluene,S0T1,stda,-0.0000000088,Success
SBDBQ-PXZ,toluene,S0T1,stddft,-0.0000000428,Success
SBF-AnCN,gas,S0S1,stda,-0.0000000092,Success
SBF-AnCN,gas,S0S1,stddft,-0.0000000534,Success
SBF-AnCN,gas,S0T1,stda,-0.0000001460,Success
SBF-AnCN,gas,S0T1,stddft,0.0000000729,Success
SBF-AnCN,toluene,S0S1,stda,0.0000000448,Success
SBF-AnCN,toluene,S0S1,stddft,0.0000000270,Success
SBF-AnCN,toluene,S0T1,stda,-0.0000000443,Success
SBF-AnCN,toluene,S0T1,stddft,-0.0000000537,Success
SBF-PXZ,gas,S0S1,stda,0.0000000278,Success
SBF-PXZ,gas,S0S1,stddft,-0.0000000167,Success
SBF-PXZ,gas,S0T1,stda,0.0000000647,Success
SBF-PXZ,gas,S0T1,stddft,0.0000000894,Success
SBF-PXZ,toluene,S0S1,stda,-0.0000001726,Success
SBF-PXZ,toluene,S0S1,stddft,-0.0000000565,Success
SBF-PXZ,toluene,S0T1,stda,-0.0000000366,Success
SBF-PXZ,toluene,S0T1,stddft,-0.0000000554,Success
SBTF,gas,S0S1,stda,0.0000001143,Success
SBTF,gas,S0S1,stddft,-0.0000001646,Success
SBTF,gas,S0T1,stda,0.0000001059,Success
SBTF,gas,S0T1,stddft,0.0000000551,Success
SBTF,toluene,S0S1,stda,-0.0000001797,Success
SBTF,toluene,S0S1,stddft,0.0000000976,Success
SBTF,toluene,S0T1,stda,-0.0000001480,Success
SBTF,toluene,S0T1,stddft,0.0000000141,Success
SFAC-BP-SFAC,gas,S0S1,stda,0.0000000166,Success
SFAC-BP-SFAC,gas,S0S1,stddft,0.0000000175,Success
SFAC-BP-SFAC,gas,S0T1,stda,-0.0000000144,Success
SFAC-BP-SFAC,gas,S0T1,stddft,0.0000000913,Success
SFAC-BP-SFAC,toluene,S0S1,stda,0.0000000158,Success
SFAC-BP-SFAC,toluene,S0S1,stddft,0.0000000367,Success
SFAC-BP-SFAC,toluene,S0T1,stda,0.0000000416,Success
SFAC-BP-SFAC,toluene,S0T1,stddft,0.0000000032,Success
SFCz,gas,S0S1,stda,0.0000000040,Success
SFCz,gas,S0S1,stddft,0.0000000324,Success
SFCz,gas,S0T1,stda,-0.0000000437,Success
SFCz,gas,S0T1,stddft,-0.0000000067,Success
SFCz,toluene,S0S1,stda,-0.0000000110,Success
SFCz,toluene,S0S1,stddft,0.0000000043,Success
SFCz,toluene,S0T1,stda,0.0000000191,Success
SFCz,toluene,S0T1,stddft,-0.0000000284,Success
SF-DPSO,gas,S0S1,stda,-0.0000000225,Success
SF-DPSO,gas,S0S1,stddft,-0.0000001025,Success
SF-DPSO,gas,S0T1,stda,0.0000000012,Success
SF-DPSO,gas,S0T1,stddft,0.0000000393,Success
SF-DPSO,toluene,S0S1,stda,0.0000000658,Success
SF-DPSO,toluene,S0S1,stddft,0.0000000096,Success
SF-DPSO,toluene,S0T1,stda,0.0000001568,Success
SF-DPSO,toluene,S0T1,stddft,-0.0000001118,Success
SFI23pPM,gas,S0S1,stda,-0.0000000580,Success
SFI23pPM,gas,S0S1,stddft,0.0000000287,Success
SFI23pPM,gas,S0T1,stda,-0.0000000116,Success
SFI23pPM,gas,S0T1,stddft,0.0000000879,Success
SFI23pPM,toluene,S0S1,stda,0.0000000089,Success
SFI23pPM,toluene,S0S1,stddft,-0.0000000734,Success
SFI23pPM,toluene,S0T1,stda,0.0000000075,Success
SFI23pPM,toluene,S0T1,stddft,-0.0000000380,Success
SFI34pPM,gas,S0S1,stda,0.0000000543,Success
SFI34pPM,gas,S0S1,stddft,-0.0000000672,Success
SFI34pPM,gas,S0T1,stda,0.0000000059,Success
SFI34pPM,gas,S0T1,stddft,-0.0000000574,Success
SFI34pPM,toluene,S0S1,stda,0.0000000560,Success
SFI34pPM,toluene,S0S1,stddft,0.0000000135,Success
SFI34pPM,toluene,S0T1,stda,0.0000000885,Success
SFI34pPM,toluene,S0T1,stddft,0.0000000212,Success
SFPC,gas,S0S1,stda,0.0000000018,Success
SFPC,gas,S0S1,stddft,-0.0000000133,Success
SFPC,gas,S0T1,stda,0.0000000421,Success
SFPC,gas,S0T1,stddft,-0.0000000044,Success
SFPC,toluene,S0S1,stda,0.0000000381,Success
SFPC,toluene,S0S1,stddft,-0.0000000532,Success
SFPC,toluene,S0T1,stda,-0.0000000397,Success
SFPC,toluene,S0T1,stddft,-0.0000000149,Success
SFX-bPy,gas,S0S1,stda,0.0000000245,Success
SFX-bPy,gas,S0S1,stddft,0.0000000174,Success
SFX-bPy,gas,S0T1,stda,-0.0000001467,Success
SFX-bPy,gas,S0T1,stddft,0.0000000318,Success
SFX-bPy,toluene,S0S1,stda,0.0000000520,Success
SFX-bPy,toluene,S0S1,stddft,-0.0000000012,Success
SFX-bPy,toluene,S0T1,stda,-0.0000000539,Success
SFX-bPy,toluene,S0T1,stddft,0.0000000212,Success
SiCN2Cz,gas,S0S1,stda,0.0000000540,Success
SiCN2Cz,gas,S0S1,stddft,0.0000000025,Success
SiCN2Cz,gas,S0T1,stda,0.0000000388,Success
SiCN2Cz,gas,S0T1,stddft,-0.0000000498,Success
SiCN2Cz,toluene,S0S1,stda,-0.0000001169,Success
SiCN2Cz,toluene,S0S1,stddft,-0.0000000458,Success
SiCN2Cz,toluene,S0T1,stda,0.0000000201,Success
SiCN2Cz,toluene,S0T1,stddft,0.0000000269,Success
SiCz1Py3,gas,S0S1,stda,-0.0000000229,Success
SiCz1Py3,gas,S0S1,stddft,0.0000000862,Success
SiCz1Py3,gas,S0T1,stda,0.0000000037,Success
SiCz1Py3,gas,S0T1,stddft,0.0000000475,Success
SiCz1Py3,toluene,S0S1,stda,0.0000001249,Success
SiCz1Py3,toluene,S0S1,stddft,0.0000001397,Success
SiCz1Py3,toluene,S0T1,stda,0.0000000509,Success
SiCz1Py3,toluene,S0T1,stddft,0.0000000419,Success
SiCz2Py2,gas,S0S1,stda,-0.0000000582,Success
SiCz2Py2,gas,S0S1,stddft,0.0000000148,Success
SiCz2Py2,gas,S0T1,stda,-0.0000000682,Success
SiCz2Py2,gas,S0T1,stddft,-0.0000000579,Success
SiCz2Py2,toluene,S0S1,stda,0.0000000140,Success
SiCz2Py2,toluene,S0S1,stddft,0.0000000303,Success
SiCz2Py2,toluene,S0T1,stda,0.0000000115,Success
SiCz2Py2,toluene,S0T1,stddft,-0.0000000536,Success
SiCz3Py1,gas,S0S1,stda,0.0000000322,Success
SiCz3Py1,gas,S0S1,stddft,-0.0000000734,Success
SiCz3Py1,gas,S0T1,stda,0.0000000465,Success
SiCz3Py1,gas,S0T1,stddft,-0.0000000372,Success
SiCz3Py1,toluene,S0S1,stda,0.0000000746,Success
SiCz3Py1,toluene,S0S1,stddft,-0.0000001033,Success
SiCz3Py1,toluene,S0T1,stda,0.0000000642,Success
SiCz3Py1,toluene,S0T1,stddft,0.0000000250,Success
SIR-A,gas,S0S1,stda,-0.0000000002,Success
SIR-A,gas,S0S1,stddft,0.0000000008,Success
SIR-A,gas,S0T1,stda,0.0000000010,Success
SIR-A,gas,S0T1,stddft,0.0000000076,Success
SIR-A,toluene,S0S1,stda,-0.0000000006,Success
SIR-A,toluene,S0S1,stddft,0.0000000000,Success
SIR-A,toluene,S0T1,stda,-0.0000000005,Success
SIR-A,toluene,S0T1,stddft,-0.0000000013,Success
SIR-B,gas,S0S1,stda,0.0000000057,Success
SIR-B,gas,S0S1,stddft,-0.0000000019,Success
SIR-B,gas,S0T1,stda,-0.0000000028,Success
SIR-B,gas,S0T1,stddft,0.0000000051,Success
SIR-B,toluene,S0S1,stda,0.0000000020,Success
SIR-B,toluene,S0S1,stddft,0.0000000064,Success
SIR-B,toluene,S0T1,stda,0.0000000003,Success
SIR-B,toluene,S0T1,stddft,0.0000000118,Success
SIR-C,gas,S0S1,stda,0.0000000171,Success
SIR-C,gas,S0S1,stddft,-0.0000000126,Success
SIR-C,gas,S0T1,stda,0.0000000185,Success
SIR-C,gas,S0T1,stddft,0.0000000055,Success
SIR-C,toluene,S0S1,stda,-0.0000000011,Success
SIR-C,toluene,S0S1,stddft,-0.0000000034,Success
SIR-C,toluene,S0T1,stda,0.0000000178,Success
SIR-C,toluene,S0T1,stddft,0.0000000171,Success
SiTCNCz,gas,S0S1,stda,0.0000000646,Success
SiTCNCz,gas,S0S1,stddft,0.0000000205,Success
SiTCNCz,gas,S0T1,stda,-0.0000000100,Success
SiTCNCz,gas,S0T1,stddft,-0.0000000177,Success
SiTCNCz,toluene,S0S1,stda,0.0000000249,Success
SiTCNCz,toluene,S0S1,stddft,-0.0000000220,Success
SiTCNCz,toluene,S0T1,stda,-0.0000000468,Success
SiTCNCz,toluene,S0T1,stddft,-0.0000000439,Success
SPAC-FO,gas,S0S1,stda,0.0000000129,Success
SPAC-FO,gas,S0S1,stddft,-0.0000000384,Success
SPAC-FO,gas,S0T1,stda,0.0000000027,Success
SPAC-FO,gas,S0T1,stddft,-0.0000000457,Success
SPAC-FO,toluene,S0S1,stda,0.0000000028,Success
SPAC-FO,toluene,S0S1,stddft,-0.0000000202,Success
SPAC-FO,toluene,S0T1,stda,-0.0000000553,Success
SPAC-FO,toluene,S0T1,stddft,0.0000000426,Success
SPBAC-PH,gas,S0S1,stda,0.0000000448,Success
SPBAC-PH,gas,S0S1,stddft,-0.0000000178,Success
SPBAC-PH,gas,S0T1,stda,-0.0000000072,Success
SPBAC-PH,gas,S0T1,stddft,0.0000000565,Success
SPBAC-PH,toluene,S0S1,stda,-0.0000000306,Success
SPBAC-PH,toluene,S0S1,stddft,-0.0000000047,Success
SPBAC-PH,toluene,S0T1,stda,0.0000000480,Success
SPBAC-PH,toluene,S0T1,stddft,-0.0000000881,Success
SPBP-DPAC,gas,S0S1,stda,-0.0000000111,Success
SPBP-DPAC,gas,S0S1,stddft,0.0000000029,Success
SPBP-DPAC,gas,S0T1,stda,0.0000000563,Success
SPBP-DPAC,gas,S0T1,stddft,-0.0000000685,Success
SPBP-DPAC,toluene,S0S1,stda,0.0000001071,Success
SPBP-DPAC,toluene,S0S1,stddft,0.0000000230,Success
SPBP-DPAC,toluene,S0T1,stda,0.0000000558,Success
SPBP-DPAC,toluene,S0T1,stddft,0.0000000190,Success
SPFS-PXZ,gas,S0S1,stda,-0.0000000079,Success
SPFS-PXZ,gas,S0S1,stddft,-0.0000000271,Success
SPFS-PXZ,gas,S0T1,stda,-0.0000000689,Success
SPFS-PXZ,gas,S0T1,stddft,-0.0000000286,Success
SPFS-PXZ,toluene,S0S1,stda,0.0000000073,Success
SPFS-PXZ,toluene,S0S1,stddft,0.0000000049,Success
SPFS-PXZ,toluene,S0T1,stda,-0.0000000348,Success
SPFS-PXZ,toluene,S0T1,stddft,-0.0000000458,Success
SpiroAc,gas,S0S1,stda,0.0000000184,Success
SpiroAc,gas,S0S1,stddft,-0.0000000449,Success
SpiroAc,gas,S0T1,stda,0.0000000690,Success
SpiroAc,gas,S0T1,stddft,-0.0000000964,Success
SpiroAc,toluene,S0S1,stda,-0.0000000265,Success
SpiroAc,toluene,S0S1,stddft,-0.0000000012,Success
SpiroAc,toluene,S0T1,stda,0.0000000807,Success
SpiroAc,toluene,S0T1,stddft,-0.0000000136,Success
SpiroAC-TRZ,gas,S0S1,stda,0.0000000143,Success
SpiroAC-TRZ,gas,S0S1,stddft,0.0000000093,Success
SpiroAC-TRZ,gas,S0T1,stda,0.0000000221,Success
SpiroAC-TRZ,gas,S0T1,stddft,0.0000000693,Success
SpiroAC-TRZ,toluene,S0S1,stda,0.0000000093,Success
SpiroAC-TRZ,toluene,S0S1,stddft,0.0000000468,Success
SpiroAC-TRZ,toluene,S0T1,stda,0.0000000199,Success
SpiroAC-TRZ,toluene,S0T1,stddft,0.0000000734,Success
Spiro-CN,gas,S0S1,stda,0.0000000121,Success
Spiro-CN,gas,S0S1,stddft,0.0000000117,Success
Spiro-CN,gas,S0T1,stda,0.0000000015,Success
Spiro-CN,gas,S0T1,stddft,0.0000000217,Success
Spiro-CN,toluene,S0S1,stda,0.0000000505,Success
Spiro-CN,toluene,S0S1,stddft,0.0000000245,Success
Spiro-CN,toluene,S0T1,stda,-0.0000000532,Success
Spiro-CN,toluene,S0T1,stddft,0.0000000987,Success
STAC-BP-STAC,gas,S0S1,stda,0.0000000073,Success
STAC-BP-STAC,gas,S0S1,stddft,0.0000000159,Success
STAC-BP-STAC,gas,S0T1,stda,0.0000000127,Success
STAC-BP-STAC,gas,S0T1,stddft,-0.0000000227,Success
STAC-BP-STAC,toluene,S0S1,stda,-0.0000000229,Success
STAC-BP-STAC,toluene,S0S1,stddft,0.0000000077,Success
STAC-BP-STAC,toluene,S0T1,stda,0.0000000027,Success
STAC-BP-STAC,toluene,S0T1,stddft,0.0000000220,Success
s-triazine,gas,S0S1,stda,-0.0000000329,Success
s-triazine,gas,S0S1,stddft,-0.0000000608,Success
s-triazine,gas,S0T1,stda,0.0000000644,Success
s-triazine,gas,S0T1,stddft,-0.0000002205,Success
s-triazine,toluene,S0S1,stda,-0.0000000482,Success
s-triazine,toluene,S0S1,stddft,0.0000000341,Success
s-triazine,toluene,S0T1,stda,-0.0000001339,Success
s-triazine,toluene,S0T1,stddft,0.0000001048,Success
SXAC-BP-SXAC,gas,S0S1,stda,0.0000000061,Success
SXAC-BP-SXAC,gas,S0S1,stddft,-0.0000000376,Success
SXAC-BP-SXAC,gas,S0T1,stda,-0.0000000352,Success
SXAC-BP-SXAC,gas,S0T1,stddft,-0.0000000239,Success
SXAC-BP-SXAC,toluene,S0S1,stda,0.0000000407,Success
SXAC-BP-SXAC,toluene,S0S1,stddft,-0.0000000197,Success
SXAC-BP-SXAC,toluene,S0T1,stda,-0.0000000080,Success
SXAC-BP-SXAC,toluene,S0T1,stddft,-0.0000000133,Success
t3Cz-SO,gas,S0S1,stda,-0.0000001311,Success
t3Cz-SO,gas,S0S1,stddft,0.0000000019,Success
t3Cz-SO,gas,S0T1,stda,0.0000000417,Success
t3Cz-SO,gas,S0T1,stddft,0.0000000310,Success
t3Cz-SO,toluene,S0S1,stda,-0.0000001186,Success
t3Cz-SO,toluene,S0S1,stddft,0.0000000230,Success
t3Cz-SO,toluene,S0T1,stda,0.0000000854,Success
t3Cz-SO,toluene,S0T1,stddft,-0.0000000761,Success
TAA-PPO,gas,S0S1,stda,-0.0000000094,Success
TAA-PPO,gas,S0S1,stddft,-0.0000000054,Success
TAA-PPO,gas,S0T1,stda,0.0000001234,Success
TAA-PPO,gas,S0T1,stddft,-0.0000000288,Success
TAA-PPO,toluene,S0S1,stda,-0.0000000613,Success
TAA-PPO,toluene,S0S1,stddft,0.0000000104,Success
TAA-PPO,toluene,S0T1,stda,-0.0000000861,Success
TAA-PPO,toluene,S0T1,stddft,0.0000000179,Success
TABD-COOH,gas,S0S1,stda,0.0000000677,Success
TABD-COOH,gas,S0S1,stddft,-0.0000001659,Success
TABD-COOH,gas,S0T1,stda,-0.0000000058,Success
TABD-COOH,gas,S0T1,stddft,-0.0000000277,Success
TABD-COOH,toluene,S0S1,stda,-0.0000000603,Success
TABD-COOH,toluene,S0S1,stddft,0.0000001278,Success
TABD-COOH,toluene,S0T1,stda,-0.0000000172,Success
TABD-COOH,toluene,S0T1,stddft,-0.0000000235,Success
TATP-BP,gas,S0S1,stda,0.0000000469,Success
TATP-BP,gas,S0S1,stddft,-0.0000000218,Success
TATP-BP,gas,S0T1,stda,0.0000000070,Success
TATP-BP,gas,S0T1,stddft,-0.0000000732,Success
TATP-BP,toluene,S0S1,stda,-0.0000000087,Success
TATP-BP,toluene,S0S1,stddft,-0.0000000322,Success
TATP-BP,toluene,S0T1,stda,0.0000000006,Success
TATP-BP,toluene,S0T1,stddft,-0.0000000037,Success
TAZ-PPI,gas,S0S1,stda,-0.0000000901,Success
TAZ-PPI,gas,S0S1,stddft,0.0000000155,Success
TAZ-PPI,gas,S0T1,stda,0.0000000589,Success
TAZ-PPI,gas,S0T1,stddft,-0.0000000065,Success
TAZ-PPI,toluene,S0S1,stda,0.0000000030,Success
TAZ-PPI,toluene,S0S1,stddft,-0.0000000267,Success
TAZ-PPI,toluene,S0T1,stda,-0.0000000367,Success
TAZ-PPI,toluene,S0T1,stddft,-0.0000000667,Success
TBAc,gas,S0S1,stda,0.0000000823,Success
TBAc,gas,S0S1,stddft,-0.0000000432,Success
TBAc,gas,S0T1,stda,-0.0000000735,Success
TBAc,gas,S0T1,stddft,-0.0000000688,Success
TBAc,toluene,S0S1,stda,0.0000000054,Success
TBAc,toluene,S0S1,stddft,0.0000000295,Success
TBAc,toluene,S0T1,stda,0.0000001019,Success
TBAc,toluene,S0T1,stddft,-0.0000000677,Success
TBN-TPA,gas,S0S1,stda,-0.0000000074,Success
TBN-TPA,gas,S0S1,stddft,0.0000000117,Success
TBN-TPA,gas,S0T1,stda,0.0000000230,Success
TBN-TPA,gas,S0T1,stddft,-0.0000000183,Success
TBN-TPA,toluene,S0S1,stda,-0.0000000850,Success
TBN-TPA,toluene,S0S1,stddft,0.0000000693,Success
TBN-TPA,toluene,S0T1,stda,-0.0000000165,Success
TBN-TPA,toluene,S0T1,stddft,-0.0000000062,Success
TBPe,gas,S0S1,stda,0.0000000375,Success
TBPe,gas,S0S1,stddft,-0.0000000430,Success
TBPe,gas,S0T1,stda,0.0000000610,Success
TBPe,gas,S0T1,stddft,-0.0000000433,Success
TBPe,toluene,S0S1,stda,-0.0000000371,Success
TBPe,toluene,S0S1,stddft,-0.0000000357,Success
TBPe,toluene,S0T1,stda,-0.0000000754,Success
TBPe,toluene,S0T1,stddft,-0.0000000202,Success
TBPM2CN,gas,S0S1,stda,-0.0000000141,Success
TBPM2CN,gas,S0S1,stddft,-0.0000000037,Success
TBPM2CN,gas,S0T1,stda,0.0000000134,Success
TBPM2CN,gas,S0T1,stddft,-0.0000000078,Success
TBPM2CN,toluene,S0S1,stda,-0.0000000480,Success
TBPM2CN,toluene,S0S1,stddft,0.0000000076,Success
TBPM2CN,toluene,S0T1,stda,-0.0000000257,Success
TBPM2CN,toluene,S0T1,stddft,-0.0000000086,Success
TBRb,gas,S0S1,stda,0.0000000256,Success
TBRb,gas,S0S1,stddft,0.0000000571,Success
TBRb,gas,S0T1,stda,0.0000000339,Success
TBRb,gas,S0T1,stddft,-0.0000001321,Success
TBRb,toluene,S0S1,stda,0.0000000895,Success
TBRb,toluene,S0S1,stddft,-0.0000000633,Success
TBRb,toluene,S0T1,stda,-0.0000000284,Success
TBRb,toluene,S0T1,stddft,0.0000000169,Success
TBTAC,gas,S0S1,stda,-0.0000000100,Success
TBTAC,gas,S0S1,stddft,-0.0000000453,Success
TBTAC,gas,S0T1,stda,0.0000000714,Success
TBTAC,gas,S0T1,stddft,0.0000000370,Success
TBTAC,toluene,S0S1,stda,-0.0000000673,Success
TBTAC,toluene,S0S1,stddft,-0.0000000018,Success
TBTAC,toluene,S0T1,stda,0.0000000527,Success
TBTAC,toluene,S0T1,stddft,0.0000000046,Success
t–BuCz2BP,gas,S0S1,stda,-0.0000000098,Success
t–BuCz2BP,gas,S0S1,stddft,-0.0000000144,Success
t–BuCz2BP,gas,S0T1,stda,0.0000000001,Success
t–BuCz2BP,gas,S0T1,stddft,0.0000000007,Success
t–BuCz2BP,toluene,S0S1,stda,-0.0000000492,Success
t–BuCz2BP,toluene,S0S1,stddft,0.0000000048,Success
t–BuCz2BP,toluene,S0T1,stda,0.0000000068,Success
t–BuCz2BP,toluene,S0T1,stddft,0.0000000022,Success
tBuCz2,gas,S0S1,stda,0.0000000309,Success
tBuCz2,gas,S0S1,stddft,0.0000000131,Success
tBuCz2,gas,S0T1,stda,-0.0000000269,Success
tBuCz2,gas,S0T1,stddft,0.0000000135,Success
tBuCz2,toluene,S0S1,stda,0.0000000338,Success
tBuCz2,toluene,S0S1,stddft,0.0000000099,Success
tBuCz2,toluene,S0T1,stda,0.0000000588,Success
tBuCz2,toluene,S0T1,stddft,-0.0000000686,Success
tBuCzDBA,gas,S0S1,stda,0.0000000201,Success
tBuCzDBA,gas,S0S1,stddft,-0.0000000153,Success
tBuCzDBA,gas,S0T1,stda,0.0000000570,Success
tBuCzDBA,gas,S0T1,stddft,0.0000000082,Success
tBuCzDBA,toluene,S0S1,stda,-0.0000000170,Success
tBuCzDBA,toluene,S0S1,stddft,0.0000000367,Success
tBuCzDBA,toluene,S0T1,stda,0.0000000847,Success
tBuCzDBA,toluene,S0T1,stddft,0.0000000729,Success
t-BuPCz,gas,S0S1,stda,0.0000000214,Success
t-BuPCz,gas,S0S1,stddft,0.0000000244,Success
t-BuPCz,gas,S0T1,stda,0.0000000499,Success
t-BuPCz,gas,S0T1,stddft,-0.0000000256,Success
t-BuPCz,toluene,S0S1,stda,0.0000000559,Success
t-BuPCz,toluene,S0S1,stddft,0.0000000278,Success
t-BuPCz,toluene,S0T1,stda,0.0000000096,Success
t-BuPCz,toluene,S0T1,stddft,0.0000000613,Success
TCB,gas,S0S1,stda,-0.0000000388,Success
TCB,gas,S0S1,stddft,-0.0000000631,Success
TCB,gas,S0T1,stda,-0.0000000059,Success
TCB,gas,S0T1,stddft,-0.0000001813,Success
TCB,toluene,S0S1,stda,0.0000000299,Success
TCB,toluene,S0S1,stddft,0.0000000135,Success
TCB,toluene,S0T1,stda,0.0000000698,Success
TCB,toluene,S0T1,stddft,-0.0000000079,Success
TCbTrz,gas,S0S1,stda,0.0000000590,Success
TCbTrz,gas,S0S1,stddft,-0.0000000307,Success
TCbTrz,gas,S0T1,stda,-0.0000000042,Success
TCbTrz,gas,S0T1,stddft,-0.0000000286,Success
TCbTrz,toluene,S0S1,stda,0.0000000525,Success
TCbTrz,toluene,S0S1,stddft,0.0000000313,Success
TCbTrz,toluene,S0T1,stda,0.0000000011,Success
TCbTrz,toluene,S0T1,stddft,-0.0000000344,Success
tCbz-mPYRs,gas,S0S1,stda,-0.0000000054,Success
tCbz-mPYRs,gas,S0S1,stddft,-0.0000000003,Success
tCbz-mPYRs,gas,S0T1,stda,-0.0000000762,Success
tCbz-mPYRs,gas,S0T1,stddft,0.0000000697,Success
tCbz-mPYRs,toluene,S0S1,stda,0.0000001095,Success
tCbz-mPYRs,toluene,S0S1,stddft,-0.0000000365,Success
tCbz-mPYRs,toluene,S0T1,stda,-0.0000000312,Success
tCbz-mPYRs,toluene,S0T1,stddft,-0.0000000747,Success
TCP,gas,S0S1,stda,0.0000000245,Success
TCP,gas,S0S1,stddft,-0.0000000457,Success
TCP,gas,S0T1,stda,-0.0000000170,Success
TCP,gas,S0T1,stddft,-0.0000000540,Success
TCP,toluene,S0S1,stda,0.0000000228,Success
TCP,toluene,S0S1,stddft,-0.0000000056,Success
TCP,toluene,S0T1,stda,-0.0000000159,Success
TCP,toluene,S0T1,stddft,0.0000000199,Success
TCPZ,gas,S0S1,stda,-0.0000000546,Success
TCPZ,gas,S0S1,stddft,0.0000000510,Success
TCPZ,gas,S0T1,stda,0.0000002118,Success
TCPZ,gas,S0T1,stddft,0.0000000246,Success
TCPZ,toluene,S0S1,stda,-0.0000000653,Success
TCPZ,toluene,S0S1,stddft,-0.0000000402,Success
TCPZ,toluene,S0T1,stda,0.0000000605,Success
TCPZ,toluene,S0T1,stddft,0.0000001283,Success
tCTM,gas,S0S1,stda,0.0000000105,Success
tCTM,gas,S0S1,stddft,-0.0000000539,Success
tCTM,gas,S0T1,stda,-0.0000000324,Success
tCTM,gas,S0T1,stddft,-0.0000000119,Success
tCTM,toluene,S0S1,stda,-0.0000000397,Success
tCTM,toluene,S0S1,stddft,0.0000000656,Success
tCTM,toluene,S0T1,stda,0.0000000128,Success
tCTM,toluene,S0T1,stddft,-0.0000000039,Success
TCZ1,gas,S0S1,stda,0.0000000413,Success
TCz1,gas,S0S1,stda,0.0000000696,Success
TCz1,gas,S0S1,stddft,0.0000000097,Success
TCZ1,gas,S0S1,stddft,0.0000000199,Success
TCz1,gas,S0T1,stda,-0.0000000413,Success
TCZ1,gas,S0T1,stda,0.0000001384,Success
TCZ1,gas,S0T1,stddft,-0.0000000266,Success
TCz1,gas,S0T1,stddft,-0.0000001093,Success
TCz1,toluene,S0S1,stda,0.0000000145,Success
TCZ1,toluene,S0S1,stda,0.0000000772,Success
TCZ1,toluene,S0S1,stddft,-0.0000000157,Success
TCz1,toluene,S0S1,stddft,0.0000000816,Success
TCz1,toluene,S0T1,stda,0.0000000575,Success
TCZ1,toluene,S0T1,stda,-0.0000001531,Success
TCZ1,toluene,S0T1,stddft,-0.0000001149,Success
TCz1,toluene,S0T1,stddft,-0.0000001250,Success
TCz-3PA-TCz,gas,S0S1,stda,0.0000000689,Success
TCz-3PA-TCz,gas,S0S1,stddft,-0.0000000813,Success
TCz-3PA-TCz,gas,S0T1,stda,0.0000000336,Success
TCz-3PA-TCz,gas,S0T1,stddft,0.0000000279,Success
TCz-3PA-TCz,toluene,S0S1,stda,0.0000000111,Success
TCz-3PA-TCz,toluene,S0S1,stddft,-0.0000000490,Success
TCz-3PA-TCz,toluene,S0T1,stda,0.0000000532,Success
TCz-3PA-TCz,toluene,S0T1,stddft,0.0000000059,Success
TCzTrz,gas,S0S1,stda,0.0000000150,Success
TCzTrz,gas,S0S1,stddft,0.0000000497,Success
TCzTrz,gas,S0T1,stda,-0.0000000318,Success
TCzTrz,gas,S0T1,stddft,0.0000000506,Success
TCzTrz,toluene,S0S1,stda,0.0000000346,Success
TCzTrz,toluene,S0S1,stddft,0.0000000246,Success
TCzTrz,toluene,S0T1,stda,-0.0000000194,Success
TCzTrz,toluene,S0T1,stddft,0.0000000831,Success
t-DABNA,gas,S0S1,stda,0.0000000003,Success
t-DABNA,gas,S0S1,stddft,0.0000000186,Success
t-DABNA,gas,S0T1,stda,0.0000001084,Success
t-DABNA,gas,S0T1,stddft,-0.0000000678,Success
t-DABNA,toluene,S0S1,stda,-0.0000000088,Success
t-DABNA,toluene,S0S1,stddft,-0.0000000223,Success
t-DABNA,toluene,S0T1,stda,-0.0000000176,Success
t-DABNA,toluene,S0T1,stddft,0.0000000586,Success
TDBA-DI,gas,S0S1,stda,0.0000000788,Success
TDBA-DI,gas,S0S1,stddft,-0.0000000071,Success
TDBA-DI,gas,S0T1,stda,-0.0000000445,Success
TDBA-DI,gas,S0T1,stddft,0.0000000314,Success
TDBA-DI,toluene,S0S1,stda,0.0000000041,Success
TDBA-DI,toluene,S0S1,stddft,0.0000000074,Success
TDBA-DI,toluene,S0T1,stda,0.0000000173,Success
TDBA-DI,toluene,S0T1,stddft,-0.0000000211,Success
TDBA-SBA,gas,S0S1,stda,-0.0000000233,Success
TDBA-SBA,gas,S0S1,stddft,0.0000000397,Success
TDBA-SBA,gas,S0T1,stda,0.0000000359,Success
TDBA-SBA,gas,S0T1,stddft,-0.0000000369,Success
TDBA-SBA,toluene,S0S1,stda,-0.0000000812,Success
TDBA-SBA,toluene,S0S1,stddft,-0.0000000251,Success
TDBA-SBA,toluene,S0T1,stda,-0.0000000625,Success
TDBA-SBA,toluene,S0T1,stddft,0.0000000115,Success
TDBA-TPDICz,gas,S0S1,stda,-0.0000000097,Success
TDBA-TPDICz,gas,S0S1,stddft,-0.0000000080,Success
TDBA-TPDICz,gas,S0T1,stda,0.0000001330,Success
TDBA-TPDICz,gas,S0T1,stddft,-0.0000000681,Success
TDBA-TPDICz,toluene,S0S1,stda,-0.0000000568,Success
TDBA-TPDICz,toluene,S0S1,stddft,0.0000000586,Success
TDBA-TPDICz,toluene,S0T1,stda,0.0000000241,Success
TDBA-TPDICz,toluene,S0T1,stddft,-0.0000001054,Success
tDMAC-BN,gas,S0S1,stda,0.0000000312,Success
tDMAC-BN,gas,S0S1,stddft,0.0000000066,Success
tDMAC-BN,gas,S0T1,stda,0.0000000487,Success
tDMAC-BN,gas,S0T1,stddft,-0.0000000824,Success
tDMAC-BN,toluene,S0S1,stda,0.0000000204,Success
tDMAC-BN,toluene,S0S1,stddft,0.0000000788,Success
tDMAC-BN,toluene,S0T1,stda,0.0000000054,Success
tDMAC-BN,toluene,S0T1,stddft,-0.0000000525,Success
tDPAC-BN,gas,S0S1,stda,-0.0000000538,Success
tDPAC-BN,gas,S0S1,stddft,0.0000000030,Success
tDPAC-BN,gas,S0T1,stda,0.0000000638,Success
tDPAC-BN,gas,S0T1,stddft,-0.0000000318,Success
tDPAC-BN,toluene,S0S1,stda,0.0000000453,Success
tDPAC-BN,toluene,S0S1,stddft,-0.0000000021,Success
tDPAC-BN,toluene,S0T1,stda,0.0000000208,Success
tDPAC-BN,toluene,S0T1,stddft,0.0000000373,Success
TDPA–TRZ,gas,S0S1,stda,-0.0000000681,Success
TDPA–TRZ,gas,S0S1,stddft,-0.0000000763,Success
TDPA–TRZ,gas,S0T1,stda,0.0000000181,Success
TDPA–TRZ,gas,S0T1,stddft,0.0000000366,Success
TDPA–TRZ,toluene,S0S1,stda,0.0000001467,Success
TDPA–TRZ,toluene,S0S1,stddft,0.0000000803,Success
TDPA–TRZ,toluene,S0T1,stda,-0.0000000201,Success
TDPA–TRZ,toluene,S0T1,stddft,-0.0000000341,Success
teracridan,gas,S0S1,stda,0.0000000658,Success
teracridan,gas,S0S1,stddft,0.0000000025,Success
teracridan,gas,S0T1,stda,-0.0000000879,Success
teracridan,gas,S0T1,stddft,0.0000000544,Success
teracridan,toluene,S0S1,stda,-0.0000000049,Success
teracridan,toluene,S0S1,stddft,0.0000000466,Success
teracridan,toluene,S0T1,stda,-0.0000000187,Success
teracridan,toluene,S0T1,stddft,0.0000000091,Success
TFM-QP,gas,S0S1,stda,-0.0000000519,Success
TFM-QP,gas,S0S1,stddft,-0.0000000006,Success
TFM-QP,gas,S0T1,stda,0.0000001683,Success
TFM-QP,gas,S0T1,stddft,0.0000000237,Success
TFM-QP,toluene,S0S1,stda,-0.0000000367,Success
TFM-QP,toluene,S0S1,stddft,-0.0000000597,Success
TFM-QP,toluene,S0T1,stda,0.0000000025,Success
TFM-QP,toluene,S0T1,stddft,0.0000000296,Success
thio-ether,gas,S0S1,stda,-0.0000000768,Success
thio-ether,gas,S0S1,stddft,-0.0000000412,Success
thio-ether,gas,S0T1,stda,0.0000000939,Success
thio-ether,gas,S0T1,stddft,-0.0000000549,Success
thio-ether,toluene,S0S1,stda,-0.0000000793,Success
thio-ether,toluene,S0S1,stddft,-0.0000000582,Success
thio-ether,toluene,S0T1,stda,-0.0000000619,Success
thio-ether,toluene,S0T1,stddft,0.0000000316,Success
TMAB,gas,S0S1,stda,0.0000000550,Success
TMAB,gas,S0S1,stddft,0.0000000624,Success
TMAB,gas,S0T1,stda,-0.0000000895,Success
TMAB,gas,S0T1,stddft,-0.0000001798,Success
TMAB,toluene,S0S1,stda,-0.0000000254,Success
TMAB,toluene,S0S1,stddft,-0.0000000216,Success
TMAB,toluene,S0T1,stda,-0.0000000565,Success
TMAB,toluene,S0T1,stddft,-0.0000000178,Success
TMDBP,gas,S0S1,stda,-0.0000000691,Success
TMDBP,gas,S0S1,stddft,0.0000000292,Success
TMDBP,gas,S0T1,stda,-0.0000000315,Success
TMDBP,gas,S0T1,stddft,0.0000000929,Success
TMDBP,toluene,S0S1,stda,-0.0000001298,Success
TMDBP,toluene,S0S1,stddft,0.0000001196,Success
TMDBP,toluene,S0T1,stda,0.0000000134,Success
TMDBP,toluene,S0T1,stddft,0.0000000315,Success
TMOE,gas,S0S1,stda,0.0000000030,Success
TMOE,gas,S0S1,stddft,-0.0000000015,Success
TMOE,gas,S0T1,stda,-0.0000000658,Success
TMOE,gas,S0T1,stddft,0.0000000498,Success
TMOE,toluene,S0S1,stda,0.0000000413,Success
TMOE,toluene,S0S1,stddft,0.0000000482,Success
TMOE,toluene,S0T1,stda,0.0000000422,Success
TMOE,toluene,S0T1,stddft,0.0000000520,Success
TNPZ,gas,S0S1,stda,-0.0000000005,Success
TNPZ,gas,S0S1,stddft,-0.0000000010,Success
TNPZ,gas,S0T1,stda,-0.0000000208,Success
TNPZ,gas,S0T1,stddft,-0.0000000003,Success
TNPZ,toluene,S0S1,stda,-0.0000000073,Success
TNPZ,toluene,S0S1,stddft,0.0000000031,Success
TNPZ,toluene,S0T1,stda,0.0000000092,Success
TNPZ,toluene,S0T1,stddft,0.0000000440,Success
TPA-2,gas,S0S1,stda,0.0000000376,Success
TPA-2,gas,S0S1,stddft,-0.0000000105,Success
TPA-2,gas,S0T1,stda,-0.0000000518,Success
TPA-2,gas,S0T1,stddft,-0.0000000091,Success
TPA–2PPITPA,gas,S0S1,stda,-0.0000000554,Success
TPA–2PPITPA,gas,S0S1,stddft,-0.0000000473,Success
TPA–2PPITPA,gas,S0T1,stda,0.0000000366,Success
TPA–2PPITPA,gas,S0T1,stddft,-0.0000000908,Success
TPA–2PPITPA,toluene,S0S1,stda,0.0000000006,Success
TPA–2PPITPA,toluene,S0S1,stddft,0.0000000035,Success
TPA–2PPITPA,toluene,S0T1,stda,-0.0000000371,Success
TPA–2PPITPA,toluene,S0T1,stddft,0.0000000486,Success
TPA–2SPPITPA,gas,S0S1,stda,0.0000000467,Success
TPA–2SPPITPA,gas,S0S1,stddft,0.0000000601,Success
TPA–2SPPITPA,gas,S0T1,stda,-0.0000000157,Success
TPA–2SPPITPA,gas,S0T1,stddft,-0.0000000006,Success
TPA–2SPPITPA,toluene,S0S1,stda,0.0000000753,Success
TPA–2SPPITPA,toluene,S0S1,stddft,-0.0000000746,Success
TPA–2SPPITPA,toluene,S0T1,stda,-0.0000000393,Success
TPA–2SPPITPA,toluene,S0T1,stddft,0.0000001040,Success
TPA-2,toluene,S0S1,stda,-0.0000000120,Success
TPA-2,toluene,S0S1,stddft,-0.0000000232,Success
TPA-2,toluene,S0T1,stda,0.0000000347,Success
TPA-2,toluene,S0T1,stddft,0.0000000088,Success
TPA-AN-NA,gas,S0S1,stda,-0.0000000270,Success
TPA-AN-NA,gas,S0S1,stddft,-0.0000000620,Success
TPA-AN-NA,gas,S0T1,stda,0.0000000912,Success
TPA-AN-NA,gas,S0T1,stddft,-0.0000001462,Success
TPA-AN-NA,toluene,S0S1,stda,-0.0000000353,Success
TPA-AN-NA,toluene,S0S1,stddft,0.0000000049,Success
TPA-AN-NA,toluene,S0T1,stda,-0.0000001410,Success
TPA-AN-NA,toluene,S0T1,stddft,-0.0000001087,Success
TPA-AP,gas,S0S1,stda,-0.0000000895,Success
TPA-AP,gas,S0S1,stddft,-0.0000000814,Success
TPA-AP,gas,S0T1,stda,-0.0000001503,Success
TPA-AP,gas,S0T1,stddft,-0.0000000559,Success
TPA-APm,gas,S0S1,stda,0.0000000132,Success
TPA-APm,gas,S0S1,stddft,0.0000000237,Success
TPA-APm,gas,S0T1,stda,-0.0000000464,Success
TPA-APm,gas,S0T1,stddft,0.0000001050,Success
TPA-APm,toluene,S0S1,stda,0.0000000154,Success
TPA-APm,toluene,S0S1,stddft,0.0000000047,Success
TPA-APm,toluene,S0T1,stda,-0.0000000592,Success
TPA-APm,toluene,S0T1,stddft,-0.0000000093,Success
TPA-AP,toluene,S0S1,stda,-0.0000000847,Success
TPA-AP,toluene,S0S1,stddft,0.0000000071,Success
TPA-AP,toluene,S0T1,stda,-0.0000000116,Success
TPA-AP,toluene,S0T1,stddft,-0.0000000796,Success
TPA-APy,gas,S0S1,stda,0.0000000008,Success
TPA-APy,gas,S0S1,stddft,-0.0000000061,Success
TPA-APy,gas,S0T1,stda,-0.0000000002,Success
TPA-APy,gas,S0T1,stddft,-0.0000000097,Success
TPA-APy,toluene,S0S1,stda,-0.0000000004,Success
TPA-APy,toluene,S0S1,stddft,-0.0000000035,Success
TPA-APy,toluene,S0T1,stda,0.0000000033,Success
TPA-APy,toluene,S0T1,stddft,-0.0000000021,Success
TPA-BT-Q,gas,S0S1,stda,-0.0000000697,Success
TPA-BT-Q,gas,S0S1,stddft,0.0000000471,Success
TPA-BT-Q,gas,S0T1,stda,-0.0000000170,Success
TPA-BT-Q,gas,S0T1,stddft,0.0000000017,Success
TPA-BT-Q,toluene,S0S1,stda,0.0000000406,Success
TPA-BT-Q,toluene,S0S1,stddft,0.0000000315,Success
TPA-BT-Q,toluene,S0T1,stda,0.0000000403,Success
TPA-BT-Q,toluene,S0T1,stddft,-0.0000000595,Success
TPA-CN-N4-2PY,gas,S0S1,stda,-0.0000000269,Success
TPA-CN-N4-2PY,gas,S0S1,stddft,0.0000000481,Success
TPA-CN-N4-2PY,gas,S0T1,stda,0.0000000146,Success
TPA-CN-N4-2PY,gas,S0T1,stddft,-0.0000000074,Success
TPA-CN-N4-2PY,toluene,S0S1,stda,0.0000000269,Success
TPA-CN-N4-2PY,toluene,S0S1,stddft,0.0000000348,Success
TPA-CN-N4-2PY,toluene,S0T1,stda,0.0000000134,Success
TPA-CN-N4-2PY,toluene,S0T1,stddft,0.0000000342,Success
TPA-CN-N4,gas,S0S1,stda,0.0000000006,Success
TPA-CN-N4,gas,S0S1,stddft,-0.0000000006,Success
TPA-CN-N4,gas,S0T1,stda,-0.0000000357,Success
TPA-CN-N4,gas,S0T1,stddft,0.0000000770,Success
TPA-CN-N4,toluene,S0S1,stda,-0.0000000000,Success
TPA-CN-N4,toluene,S0S1,stddft,-0.0000000004,Success
TPA-CN-N4,toluene,S0T1,stda,0.0000000529,Success
TPA-CN-N4,toluene,S0T1,stddft,0.0000000395,Success
TPACzPI,gas,S0S1,stda,-0.0000000402,Success
TPACzPI,gas,S0S1,stddft,-0.0000001423,Success
TPACzPI,gas,S0T1,stda,-0.0000000121,Success
TPACzPI,gas,S0T1,stddft,-0.0000000571,Success
TPACzPI,toluene,S0S1,stda,0.0000000048,Success
TPACzPI,toluene,S0S1,stddft,-0.0000000012,Success
TPACzPI,toluene,S0T1,stda,-0.0000000517,Success
TPACzPI,toluene,S0T1,stddft,-0.0000001174,Success
TPA–DAP–TPA,gas,S0S1,stda,0.0000000137,Success
TPA–DAP–TPA,gas,S0S1,stddft,-0.0000001271,Success
TPA–DAP–TPA,gas,S0T1,stda,-0.0000001147,Success
TPA–DAP–TPA,gas,S0T1,stddft,0.0000000254,Success
TPA–DAP–TPA,toluene,S0S1,stda,0.0000000812,Success
TPA–DAP–TPA,toluene,S0S1,stddft,-0.0000000214,Success
TPA–DAP–TPA,toluene,S0T1,stda,0.0000000435,Success
TPA–DAP–TPA,toluene,S0T1,stddft,-0.0000000952,Success
TPA-DCPP,gas,S0S1,stda,0.0000000461,Success
TPA-DCPP,gas,S0S1,stddft,-0.0000000043,Success
TPA-DCPP,gas,S0T1,stda,0.0000000464,Success
TPA-DCPP,gas,S0T1,stddft,-0.0000000434,Success
TPA-DCPP,toluene,S0S1,stda,0.0000000593,Success
TPA-DCPP,toluene,S0S1,stddft,-0.0000001242,Success
TPA-DCPP,toluene,S0T1,stda,0.0000000308,Success
TPA-DCPP,toluene,S0T1,stddft,0.0000000186,Success
TPA-DPPI,gas,S0S1,stda,0.0000000040,Success
TPA-DPPI,gas,S0S1,stddft,0.0000000114,Success
TPA-DPPI,gas,S0T1,stda,-0.0000000110,Success
TPA-DPPI,gas,S0T1,stddft,0.0000000051,Success
TPA-DPPI,toluene,S0S1,stda,-0.0000000332,Success
TPA-DPPI,toluene,S0S1,stddft,-0.0000000591,Success
TPA-DPPI,toluene,S0T1,stda,-0.0000000464,Success
TPA-DPPI,toluene,S0T1,stddft,-0.0000000726,Success
TPADSO2,gas,S0S1,stda,-0.0000000258,Success
TPADSO2,gas,S0S1,stddft,-0.0000000001,Success
TPADSO2,gas,S0T1,stda,-0.0000000246,Success
TPADSO2,gas,S0T1,stddft,-0.0000000681,Success
TPADSO2,toluene,S0S1,stda,-0.0000000817,Success
TPADSO2,toluene,S0S1,stddft,0.0000000080,Success
TPADSO2,toluene,S0T1,stda,-0.0000001133,Success
TPADSO2,toluene,S0T1,stddft,0.0000000505,Success
TPA-L-BN,gas,S0S1,stda,0.0000000010,Success
TPA-L-BN,gas,S0S1,stddft,-0.0000000049,Success
TPA-L-BN,gas,S0T1,stda,0.0000000127,Success
TPA-L-BN,gas,S0T1,stddft,-0.0000000613,Success
TPA-L-BN,toluene,S0S1,stda,-0.0000000295,Success
TPA-L-BN,toluene,S0S1,stddft,0.0000000013,Success
TPA-L-BN,toluene,S0T1,stda,-0.0000000057,Success
TPA-L-BN,toluene,S0T1,stddft,0.0000001003,Success
TPA-NZP,gas,S0S1,stda,0.0000000458,Success
TPA-NZP,gas,S0S1,stddft,-0.0000000596,Success
TPA-NZP,gas,S0T1,stda,-0.0000001028,Success
TPA-NZP,gas,S0T1,stddft,0.0000001229,Success
TPA-NZP,toluene,S0S1,stda,0.0000000388,Success
TPA-NZP,toluene,S0S1,stddft,-0.0000000281,Success
TPA-NZP,toluene,S0T1,stda,-0.0000001017,Success
TPA-NZP,toluene,S0T1,stddft,-0.0000000599,Success
TPAPm,gas,S0S1,stda,0.0000000413,Success
TPAPm,gas,S0S1,stddft,0.0000000449,Success
TPAPm,gas,S0T1,stda,0.0000000402,Success
TPAPm,gas,S0T1,stddft,-0.0000000182,Success
TPAPm,toluene,S0S1,stda,-0.0000000356,Success
TPAPm,toluene,S0S1,stddft,-0.0000000550,Success
TPAPm,toluene,S0T1,stda,0.0000000193,Success
TPAPm,toluene,S0T1,stddft,-0.0000000086,Success
TPA-PPO,gas,S0S1,stda,-0.0000000057,Success
TPA-PPO,gas,S0S1,stddft,-0.0000000594,Success
TPA-PPO,gas,S0T1,stda,0.0000000332,Success
TPA-PPO,gas,S0T1,stddft,-0.0000000516,Success
TPA-PPO,toluene,S0S1,stda,-0.0000000743,Success
TPA-PPO,toluene,S0S1,stddft,0.0000000542,Success
TPA-PPO,toluene,S0T1,stda,-0.0000000871,Success
TPA-PPO,toluene,S0T1,stddft,-0.0000000725,Success
TPA-PyF2,gas,S0S1,stda,-0.0000000074,Success
TPA-PyF2,gas,S0S1,stddft,-0.0000000653,Success
TPA-PyF2,gas,S0T1,stda,0.0000000022,Success
TPA-PyF2,gas,S0T1,stddft,0.0000000217,Success
TPA-PyF2,toluene,S0S1,stda,-0.0000000009,Success
TPA-PyF2,toluene,S0S1,stddft,0.0000000438,Success
TPA-PyF2,toluene,S0T1,stda,-0.0000000030,Success
TPA-PyF2,toluene,S0T1,stddft,0.0000000166,Success
TPA-PyI,gas,S0S1,stda,-0.0000001354,Success
TPA-PyI,gas,S0S1,stddft,-0.0000000609,Success
TPA-PyI,gas,S0T1,stda,0.0000000116,Success
TPA-PyI,gas,S0T1,stddft,-0.0000001079,Success
TPA-PyI,toluene,S0S1,stda,0.0000000281,Success
TPA-PyI,toluene,S0S1,stddft,-0.0000000033,Success
TPA-PyI,toluene,S0T1,stda,0.0000000637,Success
TPA-PyI,toluene,S0T1,stddft,-0.0000000917,Success
TPAPyPI,gas,S0S1,stda,-0.0000000271,Success
TPAPyPI,gas,S0S1,stddft,-0.0000000361,Success
TPAPyPI,gas,S0T1,stda,-0.0000000809,Success
TPAPyPI,gas,S0T1,stddft,-0.0000000598,Success
TPAPyPI,toluene,S0S1,stda,-0.0000000142,Success
TPAPyPI,toluene,S0S1,stddft,0.0000000106,Success
TPAPyPI,toluene,S0T1,stda,-0.0000001058,Success
TPAPyPI,toluene,S0T1,stddft,-0.0000000669,Success
TPA-PZCN,gas,S0S1,stda,0.0000000048,Success
TPA-PZCN,gas,S0S1,stddft,-0.0000000011,Success
TPA-PZCN,gas,S0T1,stda,-0.0000001041,Success
TPA-PZCN,gas,S0T1,stddft,-0.0000000722,Success
TPA-PZCN,toluene,S0S1,stda,-0.0000000029,Success
TPA-PZCN,toluene,S0S1,stddft,-0.0000000191,Success
TPA-PZCN,toluene,S0T1,stda,-0.0000001170,Success
TPA-PZCN,toluene,S0T1,stddft,-0.0000000778,Success
TPB-AC,gas,S0S1,stda,-0.0000000232,Success
TPB-AC,gas,S0S1,stddft,-0.0000000515,Success
TPB-AC,gas,S0T1,stda,-0.0000000276,Success
TPB-AC,gas,S0T1,stddft,0.0000000625,Success
TPB-AC,toluene,S0S1,stda,-0.0000000161,Success
TPB-AC,toluene,S0S1,stddft,0.0000000992,Success
TPB-AC,toluene,S0T1,stda,-0.0000000600,Success
TPB-AC,toluene,S0T1,stddft,-0.0000000034,Success
TPBPPI-PBI,gas,S0S1,stda,-0.0000000098,Success
TPBPPI-PBI,gas,S0S1,stddft,-0.0000000375,Success
TPBPPI-PBI,gas,S0T1,stda,0.0000000687,Success
TPBPPI-PBI,gas,S0T1,stddft,0.0000000099,Success
TPBPPI-PBI,toluene,S0S1,stda,-0.0000000250,Success
TPBPPI-PBI,toluene,S0S1,stddft,-0.0000000431,Success
TPBPPI-PBI,toluene,S0T1,stda,0.0000001238,Success
TPBPPI-PBI,toluene,S0T1,stddft,0.0000000657,Success
TPBPPI-PY,gas,S0S1,stda,-0.0000000259,Success
TPBPPI-PY,gas,S0S1,stddft,0.0000000163,Success
TPBPPI-PY,gas,S0T1,stda,-0.0000001393,Success
TPBPPI-PY,gas,S0T1,stddft,0.0000000177,Success
TPBPPI-PY,toluene,S0S1,stda,0.0000000360,Success
TPBPPI-PY,toluene,S0S1,stddft,-0.0000000113,Success
TPBPPI-PY,toluene,S0T1,stda,-0.0000001150,Success
TPBPPI-PY,toluene,S0T1,stddft,-0.0000000241,Success
TPD4PA,gas,S0S1,stda,0.0000000490,Success
TPD4PA,gas,S0S1,stddft,-0.0000000694,Success
TPD4PA,gas,S0T1,stda,0.0000000017,Success
TPD4PA,gas,S0T1,stddft,-0.0000000165,Success
TPD4PA,toluene,S0S1,stda,-0.0000000288,Success
TPD4PA,toluene,S0S1,stddft,-0.0000000503,Success
TPD4PA,toluene,S0T1,stda,-0.0000000041,Success
TPD4PA,toluene,S0T1,stddft,0.0000000234,Success
TPM2CN,gas,S0S1,stda,0.0000000002,Success
TPM2CN,gas,S0S1,stddft,-0.0000000051,Success
TPM2CN,gas,S0T1,stda,0.0000000014,Success
TPM2CN,gas,S0T1,stddft,-0.0000000233,Success
TPM2CN,toluene,S0S1,stda,0.0000000129,Success
TPM2CN,toluene,S0S1,stddft,-0.0000001121,Success
TPM2CN,toluene,S0T1,stda,-0.0000000544,Success
TPM2CN,toluene,S0T1,stddft,0.0000000603,Success
TPSi-F,gas,S0S1,stda,0.0000000532,Success
TPSi-F,gas,S0S1,stddft,-0.0000000732,Success
TPSi-F,gas,S0T1,stda,-0.0000000346,Success
TPSi-F,gas,S0T1,stddft,-0.0000000801,Success
TPSi-F,toluene,S0S1,stda,-0.0000000521,Success
TPSi-F,toluene,S0S1,stddft,0.0000001033,Success
TPSi-F,toluene,S0T1,stda,0.0000000689,Success
TPSi-F,toluene,S0T1,stddft,-0.0000000664,Success
TPTI,gas,S0S1,stda,0.0000000076,Success
TPTI,gas,S0S1,stddft,0.0000000057,Success
TPTI,gas,S0T1,stda,-0.0000000429,Success
TPTI,gas,S0T1,stddft,-0.0000000249,Success
TPTI,toluene,S0S1,stda,-0.0000000256,Success
TPTI,toluene,S0S1,stddft,0.0000000255,Success
TPTI,toluene,S0T1,stda,0.0000000040,Success
TPTI,toluene,S0T1,stddft,-0.0000000331,Success
TPXZ–as-TAZ,gas,S0S1,stda,-0.0000000235,Success
TPXZ-as-TAZ,gas,S0S1,stda,-0.0000000426,Success
TPXZ–as-TAZ,gas,S0S1,stddft,0.0000000372,Success
TPXZ-as-TAZ,gas,S0S1,stddft,0.0000000395,Success
TPXZ–as-TAZ,gas,S0T1,stda,-0.0000000109,Success
TPXZ-as-TAZ,gas,S0T1,stda,0.0000000203,Success
TPXZ–as-TAZ,gas,S0T1,stddft,0.0000000028,Success
TPXZ-as-TAZ,gas,S0T1,stddft,-0.0000000296,Success
TPXZ-as-TAZ,toluene,S0S1,stda,-0.0000000362,Success
TPXZ–as-TAZ,toluene,S0S1,stda,-0.0000000370,Success
TPXZ-as-TAZ,toluene,S0S1,stddft,0.0000000182,Success
TPXZ–as-TAZ,toluene,S0S1,stddft,-0.0000000410,Success
TPXZ-as-TAZ,toluene,S0T1,stda,-0.0000000116,Success
TPXZ–as-TAZ,toluene,S0T1,stda,0.0000000958,Success
TPXZ-as-TAZ,toluene,S0T1,stddft,-0.0000000115,Success
TPXZ–as-TAZ,toluene,S0T1,stddft,0.0000000508,Success
trimesitylboron,gas,S0S1,stda,-0.0000000183,Success
trimesitylboron,gas,S0S1,stddft,0.0000000051,Success
trimesitylboron,gas,S0T1,stda,-0.0000000288,Success
trimesitylboron,gas,S0T1,stddft,-0.0000000109,Success
trimesitylboron,toluene,S0S1,stda,-0.0000000246,Success
trimesitylboron,toluene,S0S1,stddft,0.0000000012,Success
trimesitylboron,toluene,S0T1,stda,-0.0000000690,Success
trimesitylboron,toluene,S0T1,stddft,0.0000000136,Success
Tri-PXZ-PCN,gas,S0S1,stda,0.0000000160,Success
Tri-PXZ-PCN,gas,S0S1,stddft,0.0000000739,Success
Tri-PXZ-PCN,gas,S0T1,stda,-0.0000000283,Success
Tri-PXZ-PCN,gas,S0T1,stddft,0.0000000194,Success
Tri-PXZ-PCN,toluene,S0S1,stda,0.0000000098,Success
Tri-PXZ-PCN,toluene,S0S1,stddft,-0.0000000148,Success
Tri-PXZ-PCN,toluene,S0T1,stda,-0.0000000518,Success
Tri-PXZ-PCN,toluene,S0T1,stddft,0.0000000207,Success
TrisCz-Trz,gas,S0S1,stda,0.0000000262,Success
TrisCz-Trz,gas,S0S1,stddft,-0.0000000393,Success
TrisCz-Trz,gas,S0T1,stda,0.0000000338,Success
TrisCz-Trz,gas,S0T1,stddft,0.0000001112,Success
TrisCz-Trz,toluene,S0S1,stda,-0.0000000185,Success
TrisCz-Trz,toluene,S0S1,stddft,0.0000000298,Success
TrisCz-Trz,toluene,S0T1,stda,0.0000000031,Success
TrisCz-Trz,toluene,S0T1,stddft,0.0000000150,Success
TRZ3DPA,gas,S0S1,stda,-0.0000000331,Success
TRZ3DPA,gas,S0S1,stddft,-0.0000000105,Success
TRZ3DPA,gas,S0T1,stda,0.0000000617,Success
TRZ3DPA,gas,S0T1,stddft,-0.0000000017,Success
TRZ3DPA,toluene,S0S1,stda,-0.0000000194,Success
TRZ3DPA,toluene,S0S1,stddft,0.0000000165,Success
TRZ3DPA,toluene,S0T1,stda,0.0000000148,Success
TRZ3DPA,toluene,S0T1,stddft,-0.0000000458,Success
TRZ-3SO2,gas,S0S1,stda,-0.0000000071,Success
TRZ-3SO2,gas,S0S1,stddft,0.0000000068,Success
TRZ-3SO2,gas,S0T1,stda,-0.0000000057,Success
TRZ-3SO2,gas,S0T1,stddft,0.0000000522,Success
TRZ-3SO2,toluene,S0S1,stda,0.0000000046,Success
TRZ-3SO2,toluene,S0S1,stddft,-0.0000000085,Success
TRZ-3SO2,toluene,S0T1,stda,-0.0000000322,Success
TRZ-3SO2,toluene,S0T1,stddft,-0.0000000775,Success
TRZ-pIC,gas,S0S1,stda,-0.0000000443,Success
TRZ-pIC,gas,S0S1,stddft,0.0000001084,Success
TRZ-pIC,gas,S0T1,stda,-0.0000000380,Success
TRZ-pIC,gas,S0T1,stddft,0.0000000891,Success
TRZ-pIC,toluene,S0S1,stda,-0.0000000302,Success
TRZ-pIC,toluene,S0S1,stddft,-0.0000000391,Success
TRZ-pIC,toluene,S0T1,stda,-0.0000000504,Success
TRZ-pIC,toluene,S0T1,stddft,-0.0000000490,Success
TS-1,gas,S0S1,stda,-0.0000000547,Success
TS-1,gas,S0S1,stddft,0.0000000167,Success
TS-1,gas,S0T1,stda,-0.0000000301,Success
TS-1,gas,S0T1,stddft,-0.0000000218,Success
TS-1,toluene,S0S1,stda,-0.0000000978,Success
TS-1,toluene,S0S1,stddft,-0.0000001107,Success
TS-1,toluene,S0T1,stda,0.0000000584,Success
TS-1,toluene,S0T1,stddft,0.0000000282,Success
TSBFB,gas,S0S1,stda,-0.0000000735,Success
TSBFB,gas,S0S1,stddft,0.0000000771,Success
TSBFB,gas,S0T1,stda,0.0000000145,Success
TSBFB,gas,S0T1,stddft,-0.0000000184,Success
TSBFB,toluene,S0S1,stda,0.0000000174,Success
TSBFB,toluene,S0S1,stddft,-0.0000000548,Success
TSBFB,toluene,S0T1,stda,0.0000000519,Success
TSBFB,toluene,S0T1,stddft,0.0000000052,Success
TX-CzPh,gas,S0S1,stda,-0.0000000361,Success
TX-CzPh,gas,S0S1,stddft,0.0000000269,Success
TX-CzPh,gas,S0T1,stda,0.0000000364,Success
TX-CzPh,gas,S0T1,stddft,-0.0000000642,Success
TX-CzPh,toluene,S0S1,stda,-0.0000000221,Success
TX-CzPh,toluene,S0S1,stddft,0.0000000620,Success
TX-CzPh,toluene,S0T1,stda,0.0000000445,Success
TX-CzPh,toluene,S0T1,stddft,0.0000000366,Success
TXO-P-Si,gas,S0S1,stda,-0.0000000159,Success
TXO-P-Si,gas,S0S1,stddft,0.0000000448,Success
TXO-P-Si,gas,S0T1,stda,-0.0000000164,Success
TXO-P-Si,gas,S0T1,stddft,0.0000000072,Success
TXO-P-Si,toluene,S0S1,stda,-0.0000000346,Success
TXO-P-Si,toluene,S0S1,stddft,-0.0000000274,Success
TXO-P-Si,toluene,S0T1,stda,0.0000000250,Success
TXO-P-Si,toluene,S0T1,stddft,-0.0000000193,Success
TXO-TPA,gas,S0S1,stda,0.0000000605,Success
TXO-TPA,gas,S0S1,stddft,0.0000000270,Success
TXO-TPA,gas,S0T1,stda,0.0000000484,Success
TXO-TPA,gas,S0T1,stddft,-0.0000000253,Success
TXO-TPA,toluene,S0S1,stda,0.0000000083,Success
TXO-TPA,toluene,S0S1,stddft,-0.0000000455,Success
TXO-TPA,toluene,S0T1,stda,-0.0000000371,Success
TXO-TPA,toluene,S0T1,stddft,0.0000000117,Success
UGH3,gas,S0S1,stda,-0.0000000409,Success
UGH3,gas,S0S1,stddft,-0.0000000234,Success
UGH3,gas,S0T1,stda,0.0000000382,Success
UGH3,gas,S0T1,stddft,-0.0000000496,Success
UGH3,toluene,S0S1,stda,0.0000000366,Success
UGH3,toluene,S0S1,stddft,-0.0000000255,Success
UGH3,toluene,S0T1,stda,0.0000000403,Success
UGH3,toluene,S0T1,stddft,-0.0000000573,Success
VBC-PTZ,gas,S0S1,stda,-0.0000000202,Success
VBC-PTZ,gas,S0S1,stddft,-0.0000000293,Success
VBC-PTZ,gas,S0T1,stda,0.0000000743,Success
VBC-PTZ,gas,S0T1,stddft,0.0000000573,Success
VBC-PTZ,toluene,S0S1,stda,0.0000000037,Success
VBC-PTZ,toluene,S0S1,stddft,-0.0000000075,Success
VBC-PTZ,toluene,S0T1,stda,-0.0000000735,Success
VBC-PTZ,toluene,S0T1,stddft,-0.0000000807,Success
VBN0,gas,S0S1,stda,0.0000000201,Success
VBN0,gas,S0S1,stddft,0.0000000755,Success
VBN0,gas,S0T1,stda,-0.0000000576,Success
VBN0,gas,S0T1,stddft,0.0000000246,Success
VBN0,toluene,S0S1,stda,0.0000000144,Success
VBN0,toluene,S0S1,stddft,-0.0000000347,Success
VBN0,toluene,S0T1,stda,0.0000001393,Success
VBN0,toluene,S0T1,stddft,0.0000000216,Success
V–TPA,gas,S0S1,stda,0.0000000075,Success
V–TPA,gas,S0S1,stddft,0.0000000958,Success
V–TPA,gas,S0T1,stda,0.0000000296,Success
V–TPA,gas,S0T1,stddft,0.0000000020,Success
V–TPA,toluene,S0S1,stda,-0.0000000356,Success
V–TPA,toluene,S0S1,stddft,0.0000000081,Success
V–TPA,toluene,S0T1,stda,0.0000001090,Success
V–TPA,toluene,S0T1,stddft,-0.0000000291,Success
XCBP,gas,S0S1,stda,0.0000000424,Success
XCBP,gas,S0S1,stddft,-0.0000000333,Success
XCBP,gas,S0T1,stda,-0.0000000041,Success
XCBP,gas,S0T1,stddft,0.0000000404,Success
XCBP,toluene,S0S1,stda,0.0000000053,Success
XCBP,toluene,S0S1,stddft,0.0000001545,Success
XCBP,toluene,S0T1,stda,-0.0000000649,Success
XCBP,toluene,S0T1,stddft,-0.0000000882,Success
Xm-mCP,gas,S0S1,stda,-0.0000000681,Success
Xm-mCP,gas,S0S1,stddft,0.0000000146,Success
Xm-mCP,gas,S0T1,stda,-0.0000000575,Success
Xm-mCP,gas,S0T1,stddft,0.0000000275,Success
Xm-mCP,toluene,S0S1,stda,0.0000000078,Success
Xm-mCP,toluene,S0S1,stddft,0.0000000337,Success
Xm-mCP,toluene,S0T1,stda,0.0000000175,Success
Xm-mCP,toluene,S0T1,stddft,0.0000001131,Success
XPhos,gas,S0S1,stda,0.0000000060,Success
XPhos,gas,S0S1,stddft,0.0000000057,Success
XPhos,gas,S0T1,stda,0.0000001141,Success
XPhos,gas,S0T1,stddft,0.0000000928,Success
XPhos,toluene,S0S1,stda,0.0000000148,Success
XPhos,toluene,S0S1,stddft,0.0000001072,Success
XPhos,toluene,S0T1,stda,-0.0000000500,Success
XPhos,toluene,S0T1,stddft,0.0000000888,Success
Xp-mCP,gas,S0S1,stda,-0.0000000478,Success
Xp-mCP,gas,S0S1,stddft,0.0000001056,Success
Xp-mCP,gas,S0T1,stda,-0.0000000114,Success
Xp-mCP,gas,S0T1,stddft,0.0000000385,Success
Xp-mCP,toluene,S0S1,stda,-0.0000000128,Success
Xp-mCP,toluene,S0S1,stddft,-0.0000000322,Success
Xp-mCP,toluene,S0T1,stda,-0.0000000443,Success
Xp-mCP,toluene,S0T1,stddft,0.0000000478,Success
XT-T,gas,S0S1,stda,-0.0000000387,Success
XT-T,gas,S0S1,stddft,-0.0000000341,Success
XT-T,gas,S0T1,stda,0.0000000147,Success
XT-T,gas,S0T1,stddft,0.0000000143,Success
XT-T,toluene,S0S1,stda,0.0000000075,Success
XT-T,toluene,S0S1,stddft,-0.0000000420,Success
XT-T,toluene,S0T1,stda,0.0000000430,Success
XT-T,toluene,S0T1,stddft,-0.0000000829,Success
Yad,gas,S0S1,stda,0.0000000286,Success
Yad,gas,S0S1,stddft,-0.0000000069,Success
Yad,gas,S0T1,stda,-0.0000000366,Success
Yad,gas,S0T1,stddft,-0.0000000253,Success
Yad,toluene,S0S1,stda,-0.0000000465,Success
Yad,toluene,S0S1,stddft,0.0000000331,Success
Yad,toluene,S0T1,stda,0.0000000327,Success
Yad,toluene,S0T1,stddft,-0.0000000212,Success
ZDN,gas,S0S1,stda,0.0000000209,Success
ZDN,gas,S0S1,stddft,-0.0000000204,Success
ZDN,gas,S0T1,stda,0.0000000045,Success
ZDN,gas,S0T1,stddft,0.0000000457,Success
ZDN,toluene,S0S1,stda,0.0000000656,Success
ZDN,toluene,S0S1,stddft,0.0000000014,Success
ZDN,toluene,S0T1,stda,-0.0000000559,Success
ZDN,toluene,S0T1,stddft,-0.0000000319,Success
ZDZ,gas,S0S1,stda,0.0000000107,Success
ZDZ,gas,S0S1,stddft,0.0000000521,Success
ZDZ,gas,S0T1,stda,0.0000000005,Success
ZDZ,gas,S0T1,stddft,0.0000000982,Success
ZDZ,toluene,S0S1,stda,0.0000000601,Success
ZDZ,toluene,S0S1,stddft,-0.0000001071,Success
ZDZ,toluene,S0T1,stda,0.0000000589,Success
ZDZ,toluene,S0T1,stddft,0.0000000578,Success
Z-o-DHMPA,gas,S0S1,stda,0.0000000561,Success
Z-o-DHMPA,gas,S0S1,stddft,0.0000000429,Success
Z-o-DHMPA,gas,S0T1,stda,-0.0000001019,Success
Z-o-DHMPA,gas,S0T1,stddft,-0.0000000141,Success
Z-o-DHMPA,toluene,S0S1,stda,-0.0000000113,Success
Z-o-DHMPA,toluene,S0S1,stddft,-0.0000000475,Success
Z-o-DHMPA,toluene,S0T1,stda,0.0000000930,Success
Z-o-DHMPA,toluene,S0T1,stddft,0.0000000294,Success
α-2CbPN,gas,S0S1,stda,0.0000000518,Success
α-2CbPN,gas,S0S1,stddft,0.0000000269,Success
α-2CbPN,gas,S0T1,stda,0.0000000655,Success
α-2CbPN,gas,S0T1,stddft,-0.0000000949,Success
α-2CbPN,toluene,S0S1,stda,-0.0000000485,Success
α-2CbPN,toluene,S0S1,stddft,0.0000000004,Success
α-2CbPN,toluene,S0T1,stda,0.0000000150,Success
α-2CbPN,toluene,S0T1,stddft,-0.0000000830,Success
α-2DMAC-DBP,gas,S0S1,stda,-0.0000000210,Success
α-2DMAC-DBP,gas,S0S1,stddft,0.0000000098,Success
α-2DMAC-DBP,gas,S0T1,stda,0.0000000218,Success
α-2DMAC-DBP,gas,S0T1,stddft,-0.0000000143,Success
α-2DMAC-DBP,toluene,S0S1,stda,0.0000000189,Success
α-2DMAC-DBP,toluene,S0S1,stddft,0.0000000354,Success
α-2DMAC-DBP,toluene,S0T1,stda,-0.0000000149,Success
α-2DMAC-DBP,toluene,S0T1,stddft,-0.0000000466,Success
α-DMAC-DBP,gas,S0S1,stda,-0.0000000314,Success
α-DMAC-DBP,gas,S0S1,stddft,0.0000000145,Success
α-DMAC-DBP,gas,S0T1,stda,-0.0000000237,Success
α-DMAC-DBP,gas,S0T1,stddft,0.0000000323,Success
α-DMAC-DBP,toluene,S0S1,stda,0.0000000057,Success
α-DMAC-DBP,toluene,S0S1,stddft,-0.0000000042,Success
α-DMAC-DBP,toluene,S0T1,stda,-0.0000000223,Success
α-DMAC-DBP,toluene,S0T1,stddft,-0.0000000197,Success
β-DI-DBP,gas,S0S1,stda,0.0000000003,Success
β-DI-DBP,gas,S0S1,stddft,0.0000000047,Success
β-DI-DBP,gas,S0T1,stda,0.0000000421,Success
β-DI-DBP,gas,S0T1,stddft,-0.0000000197,Success
β-DI-DBP,toluene,S0S1,stda,0.0000000852,Success
β-DI-DBP,toluene,S0S1,stddft,0.0000000325,Success
β-DI-DBP,toluene,S0T1,stda,0.0000001129,Success
β-DI-DBP,toluene,S0T1,stddft,-0.0000000560,Success
δ-2CbPN,gas,S0S1,stda,-0.0000000442,Success
δ-2CbPN,gas,S0S1,stddft,0.0000000848,Success
δ-2CbPN,gas,S0T1,stda,-0.0000000658,Success
δ-2CbPN,gas,S0T1,stddft,-0.0000001082,Success
δ-2CbPN,toluene,S0S1,stda,0.0000000270,Success
δ-2CbPN,toluene,S0S1,stddft,-0.0000000105,Success
δ-2CbPN,toluene,S0T1,stda,0.0000000711,Success
δ-2CbPN,toluene,S0T1,stddft,-0.0000000011,Success
