         1         1         1               34.905216579            -0.122654617
         1         1         1                6.010967123            -0.149716138
         1         1         1                0.483006856             0.239729354
         1         1         1                0.184085868             0.095543488
         1         2         2                5.625887538             0.705595922
         1         2         2                1.458708630             0.652950496
         1         2         2                0.514239932             0.342506678
         1         2         2                0.204727778             0.051671242
         1         3         3                5.625887538             0.705595922
         1         3         3                1.458708630             0.652950496
         1         3         3                0.514239932             0.342506678
         1         3         3                0.204727778             0.051671242
         1         4         4                5.625887538             0.705595922
         1         4         4                1.458708630             0.652950496
         1         4         4                0.514239932             0.342506678
         1         4         4                0.204727778             0.051671242
         1         1         5                0.383508475            -0.068166547
         1         1         5                0.047072234             0.068297935
         1         1         5                0.022226267             0.010216537
         1         1         5               34.905216579             0.056496828
         1         1         5                6.010967123             0.068961830
         1         1         5                0.483006856            -0.110423466
         1         1         5                0.184085868            -0.044008975
         1         2         6                1.830620747            -0.035248175
         1         2         6                0.101246702             0.046458315
         1         2         6                0.039017713             0.014731986
         1         2         6                5.625887538            -0.312295623
         1         2         6                1.458708630            -0.288994842
         1         2         6                0.514239932            -0.151592906
         1         2         6                0.204727778            -0.022869609
         1         3         7                1.830620747            -0.035248175
         1         3         7                0.101246702             0.046458315
         1         3         7                0.039017713             0.014731986
         1         3         7                5.625887538            -0.312295623
         1         3         7                1.458708630            -0.288994842
         1         3         7                0.514239932            -0.151592906
         1         3         7                0.204727778            -0.022869609
         1         4         8                1.830620747            -0.035248175
         1         4         8                0.101246702             0.046458315
         1         4         8                0.039017713             0.014731986
         1         4         8                5.625887538            -0.312295623
         1         4         8                1.458708630            -0.288994842
         1         4         8                0.514239932            -0.151592906
         1         4         8                0.204727778            -0.022869609
         2         1         9               34.910659465            -0.122668962
         2         1         9                6.011904433            -0.149733647
         2         1         9                0.483082173             0.239757390
         2         1         9                0.184114573             0.095554661
         2         2        10                5.626764801             0.705733457
         2         2        10                1.458936092             0.653077770
         2         2        10                0.514320119             0.342573440
         2         2        10                0.204759702             0.051681314
         2         3        11                5.626764801             0.705733457
         2         3        11                1.458936092             0.653077770
         2         3        11                0.514320119             0.342573440
         2         3        11                0.204759702             0.051681314
         2         4        12                5.626764801             0.705733457
         2         4        12                1.458936092             0.653077770
         2         4        12                0.514320119             0.342573440
         2         4        12                0.204759702             0.051681314
         2         1        13                0.383508475            -0.068164771
         2         1        13                0.047072234             0.068296156
         2         1        13                0.022226267             0.010216270
         2         1        13               34.910659465             0.056495023
         2         1        13                6.011904433             0.068959627
         2         1        13                0.483082173            -0.110419939
         2         1        13                0.184114573            -0.044007569
         2         2        14                1.830620747            -0.035247312
         2         2        14                0.101246702             0.046457178
         2         2        14                0.039017713             0.014731625
         2         2        14                5.626764801            -0.312309819
         2         2        14                1.458936092            -0.289007979
         2         2        14                0.514320119            -0.151599797
         2         2        14                0.204759702            -0.022870648
         2         3        15                1.830620747            -0.035247312
         2         3        15                0.101246702             0.046457178
         2         3        15                0.039017713             0.014731625
         2         3        15                5.626764801            -0.312309819
         2         3        15                1.458936092            -0.289007979
         2         3        15                0.514320119            -0.151599797
         2         3        15                0.204759702            -0.022870648
         2         4        16                1.830620747            -0.035247312
         2         4        16                0.101246702             0.046457178
         2         4        16                0.039017713             0.014731625
         2         4        16                5.626764801            -0.312309819
         2         4        16                1.458936092            -0.289007979
         2         4        16                0.514320119            -0.151599797
         2         4        16                0.204759702            -0.022870648
         3         1        17               34.998564638            -0.122900550
         3         1        17                6.027042432            -0.150016330
         3         1        17                0.484298576             0.240210030
         3         1        17                0.184578175             0.095735060
         3         2        18                5.640933016             0.707955455
         3         2        18                1.462609698             0.655133982
         3         2        18                0.515615179             0.343652030
         3         2        18                0.205275288             0.051844032
         3         3        19                5.640933016             0.707955455
         3         3        19                1.462609698             0.655133982
         3         3        19                0.515615179             0.343652030
         3         3        19                0.205275288             0.051844032
         3         4        20                5.640933016             0.707955455
         3         4        20                1.462609698             0.655133982
         3         4        20                0.515615179             0.343652030
         3         4        20                0.205275288             0.051844032
         3         1        21                0.383508475            -0.068136189
         3         1        21                0.047072234             0.068267518
         3         1        21                0.022226267             0.010211986
         3         1        21               34.998564638             0.056465915
         3         1        21                6.027042432             0.068924097
         3         1        21                0.484298576            -0.110363047
         3         1        21                0.184578175            -0.043984895
         3         2        22                1.830620747            -0.035233428
         3         2        22                0.101246702             0.046438878
         3         2        22                0.039017713             0.014725822
         3         2        22                5.640933016            -0.312538774
         3         2        22                1.462609698            -0.289219851
         3         2        22                0.515615179            -0.151710935
         3         2        22                0.205275288            -0.022887415
         3         3        23                1.830620747            -0.035233428
         3         3        23                0.101246702             0.046438878
         3         3        23                0.039017713             0.014725822
         3         3        23                5.640933016            -0.312538774
         3         3        23                1.462609698            -0.289219851
         3         3        23                0.515615179            -0.151710935
         3         3        23                0.205275288            -0.022887415
         3         4        24                1.830620747            -0.035233428
         3         4        24                0.101246702             0.046438878
         3         4        24                0.039017713             0.014725822
         3         4        24                5.640933016            -0.312538774
         3         4        24                1.462609698            -0.289219851
         3         4        24                0.515615179            -0.151710935
         3         4        24                0.205275288            -0.022887415
         4         1        25               35.231825582            -0.123514376
         4         1        25                6.067211896            -0.150765587
         4         1        25                0.487526364             0.241409759
         4         1        25                0.185808364             0.096213209
         4         2        26                5.678529111             0.713858401
         4         2        26                1.472357804             0.660596501
         4         2        26                0.519051688             0.346517407
         4         2        26                0.206643421             0.052276309
         4         3        27                5.678529111             0.713858401
         4         3        27                1.472357804             0.660596501
         4         3        27                0.519051688             0.346517407
         4         3        27                0.206643421             0.052276309
         4         4        28                5.678529111             0.713858401
         4         4        28                1.472357804             0.660596501
         4         4        28                0.519051688             0.346517407
         4         4        28                0.206643421             0.052276309
         4         1        29                0.383508475            -0.068061262
         4         1        29                0.047072234             0.068192447
         4         1        29                0.022226267             0.010200757
         4         1        29               35.231825582             0.056388965
         4         1        29                6.067211896             0.068830169
         4         1        29                0.487526364            -0.110212648
         4         1        29                0.185808364            -0.043924954
         4         2        30                1.830620747            -0.035197031
         4         2        30                0.101246702             0.046390906
         4         2        30                0.039017713             0.014710610
         4         2        30                5.678529111            -0.313143472
         4         2        30                1.472357804            -0.289779432
         4         2        30                0.519051688            -0.152004464
         4         2        30                0.206643421            -0.022931697
         4         3        31                1.830620747            -0.035197031
         4         3        31                0.101246702             0.046390906
         4         3        31                0.039017713             0.014710610
         4         3        31                5.678529111            -0.313143472
         4         3        31                1.472357804            -0.289779432
         4         3        31                0.519051688            -0.152004464
         4         3        31                0.206643421            -0.022931697
         4         4        32                1.830620747            -0.035197031
         4         4        32                0.101246702             0.046390906
         4         4        32                0.039017713             0.014710610
         4         4        32                5.678529111            -0.313143472
         4         4        32                1.472357804            -0.289779432
         4         4        32                0.519051688            -0.152004464
         4         4        32                0.206643421            -0.022931697
         5         1        33               35.196146506            -0.123420553
         5         1        33                6.061067664            -0.150651063
         5         1        33                0.487032648             0.241226380
         5         1        33                0.185620197             0.096140123
         5         2        34                5.672778496             0.712954865
         5         2        34                1.470866756             0.659760379
         5         2        34                0.518526047             0.346078818
         5         2        34                0.206434154             0.052210142
         5         3        35                5.672778496             0.712954865
         5         3        35                1.470866756             0.659760379
         5         3        35                0.518526047             0.346078818
         5         3        35                0.206434154             0.052210142
         5         4        36                5.672778496             0.712954865
         5         4        36                1.470866756             0.659760379
         5         4        36                0.518526047             0.346078818
         5         4        36                0.206434154             0.052210142
         5         1        37                0.383508475            -0.068072637
         5         1        37                0.047072234             0.068203844
         5         1        37                0.022226267             0.010202462
         5         1        37               35.196146506             0.056400708
         5         1        37                6.061067664             0.068844503
         5         1        37                0.487032648            -0.110235600
         5         1        37                0.185620197            -0.043934101
         5         2        38                1.830620747            -0.035202557
         5         2        38                0.101246702             0.046398189
         5         2        38                0.039017713             0.014712920
         5         2        38                5.672778496            -0.313051245
         5         2        38                1.470866756            -0.289694086
         5         2        38                0.518526047            -0.151959696
         5         2        38                0.206434154            -0.022924943
         5         3        39                1.830620747            -0.035202557
         5         3        39                0.101246702             0.046398189
         5         3        39                0.039017713             0.014712920
         5         3        39                5.672778496            -0.313051245
         5         3        39                1.470866756            -0.289694086
         5         3        39                0.518526047            -0.151959696
         5         3        39                0.206434154            -0.022924943
         5         4        40                1.830620747            -0.035202557
         5         4        40                0.101246702             0.046398189
         5         4        40                0.039017713             0.014712920
         5         4        40                5.672778496            -0.313051245
         5         4        40                1.470866756            -0.289694086
         5         4        40                0.518526047            -0.151959696
         5         4        40                0.206434154            -0.022924943
         6         1        41               61.577093757            -0.187750257
         6         1        41               10.604085074            -0.229173952
         6         1        41                0.852083482             0.366959261
         6         1        41                0.324750106             0.146250624
         6         2        42                7.258213717             0.970184751
         6         2        42                1.881946434             0.897798010
         6         2        42                0.663444355             0.470942002
         6         2        42                0.264128630             0.071047252
         6         3        43                7.258213717             0.970184751
         6         3        43                1.881946434             0.897798010
         6         3        43                0.663444355             0.470942002
         6         3        43                0.264128630             0.071047252
         6         4        44                7.258213717             0.970184751
         6         4        44                1.881946434             0.897798010
         6         4        44                0.663444355             0.470942002
         6         4        44                0.264128630             0.071047252
         6         1        45                0.478949873            -0.077005991
         6         1        45                0.058786811             0.077154416
         6         1        45                0.027757581             0.011541358
         6         1        45               61.577093757             0.061815303
         6         1        45               10.604085074             0.075453730
         6         1        45                0.852083482            -0.120818465
         6         1        45                0.324750106            -0.048151873
         6         2        46                2.286196081            -0.046303810
         6         2        46                0.126443347             0.061030025
         6         2        46                0.048727812             0.019352692
         6         2        46                7.258213717            -0.416203548
         6         2        46                1.881946434            -0.385150063
         6         2        46                0.663444355            -0.202031347
         6         2        46                0.264128630            -0.030478853
         6         3        47                2.286196081            -0.046303810
         6         3        47                0.126443347             0.061030025
         6         3        47                0.048727812             0.019352692
         6         3        47                7.258213717            -0.416203548
         6         3        47                1.881946434            -0.385150063
         6         3        47                0.663444355            -0.202031347
         6         3        47                0.264128630            -0.030478853
         6         4        48                2.286196081            -0.046303810
         6         4        48                0.126443347             0.061030025
         6         4        48                0.048727812             0.019352692
         6         4        48                7.258213717            -0.416203548
         6         4        48                1.881946434            -0.385150063
         6         4        48                0.663444355            -0.202031347
         6         4        48                0.264128630            -0.030478853
         7         1        49               35.904261703            -0.125278242
         7         1        49                6.183010961            -0.152918618
         7         1        49                0.496831313             0.244857247
         7         1        49                0.189354711             0.097587196
         7         2        50                5.786909759             0.730929755
         7         2        50                1.500459288             0.676394140
         7         2        50                0.528958331             0.354804095
         7         2        50                0.210587426             0.053526455
         7         3        51                5.786909759             0.730929755
         7         3        51                1.500459288             0.676394140
         7         3        51                0.528958331             0.354804095
         7         3        51                0.210587426             0.053526455
         7         4        52                5.786909759             0.730929755
         7         4        52                1.500459288             0.676394140
         7         4        52                0.528958331             0.354804095
         7         4        52                0.210587426             0.053526455
         7         1        53                0.383508475            -0.067852488
         7         1        53                0.047072234             0.067983270
         7         1        53                0.022226267             0.010169466
         7         1        53               35.904261703             0.056169439
         7         1        53                6.183010961             0.068562209
         7         1        53                0.496831313            -0.109783583
         7         1        53                0.189354711            -0.043753951
         7         2        54                1.830620747            -0.035095622
         7         2        54                0.101246702             0.046257245
         7         2        54                0.039017713             0.014668226
         7         2        54                5.786909759            -0.314863779
         7         2        54                1.500459288            -0.291371384
         7         2        54                0.528958331            -0.152839527
         7         2        54                0.210587426            -0.023057676
         7         3        55                1.830620747            -0.035095622
         7         3        55                0.101246702             0.046257245
         7         3        55                0.039017713             0.014668226
         7         3        55                5.786909759            -0.314863779
         7         3        55                1.500459288            -0.291371384
         7         3        55                0.528958331            -0.152839527
         7         3        55                0.210587426            -0.023057676
         7         4        56                1.830620747            -0.035095622
         7         4        56                0.101246702             0.046257245
         7         4        56                0.039017713             0.014668226
         7         4        56                5.786909759            -0.314863779
         7         4        56                1.500459288            -0.291371384
         7         4        56                0.528958331            -0.152839527
         7         4        56                0.210587426            -0.023057676
         8         1        57               35.077647537            -0.123108771
         8         1        57                6.040661161            -0.150270492
         8         1        57                0.485392899             0.240617000
         8         1        57                0.184995248             0.095897256
         8         2        58                5.653679291             0.709955644
         8         2        58                1.465914617             0.656984933
         8         2        58                0.516780265             0.344622951
         8         2        58                0.205739128             0.051990507
         8         3        59                5.653679291             0.709955644
         8         3        59                1.465914617             0.656984933
         8         3        59                0.516780265             0.344622951
         8         3        59                0.205739128             0.051990507
         8         4        60                5.653679291             0.709955644
         8         4        60                1.465914617             0.656984933
         8         4        60                0.516780265             0.344622951
         8         4        60                0.205739128             0.051990507
         8         1        61                0.383508475            -0.068110638
         8         1        61                0.047072234             0.068241918
         8         1        61                0.022226267             0.010208157
         8         1        61               35.077647537             0.056439779
         8         1        61                6.040661161             0.068892195
         8         1        61                0.485392899            -0.110311965
         8         1        61                0.184995248            -0.043964536
         8         2        62                1.830620747            -0.035221016
         8         2        62                0.101246702             0.046422519
         8         2        62                0.039017713             0.014720635
         8         2        62                5.653679291            -0.312744248
         8         2        62                1.465914617            -0.289409994
         8         2        62                0.516780265            -0.151810675
         8         2        62                0.205739128            -0.022902462
         8         3        63                1.830620747            -0.035221016
         8         3        63                0.101246702             0.046422519
         8         3        63                0.039017713             0.014720635
         8         3        63                5.653679291            -0.312744248
         8         3        63                1.465914617            -0.289409994
         8         3        63                0.516780265            -0.151810675
         8         3        63                0.205739128            -0.022902462
         8         4        64                1.830620747            -0.035221016
         8         4        64                0.101246702             0.046422519
         8         4        64                0.039017713             0.014720635
         8         4        64                5.653679291            -0.312744248
         8         4        64                1.465914617            -0.289409994
         8         4        64                0.516780265            -0.151810675
         8         4        64                0.205739128            -0.022902462
         9         1        65               35.013151155            -0.122938964
         9         1        65                6.029554351            -0.150063220
         9         1        65                0.484500419             0.240285111
         9         1        65                0.184655102             0.095764983
         9         2        66                5.643284014             0.708324297
         9         2        66                1.463219277             0.655475304
         9         2        66                0.515830074             0.343831071
         9         2        66                0.205360841             0.051871043
         9         3        67                5.643284014             0.708324297
         9         3        67                1.463219277             0.655475304
         9         3        67                0.515830074             0.343831071
         9         3        67                0.205360841             0.051871043
         9         4        68                5.643284014             0.708324297
         9         4        68                1.463219277             0.655475304
         9         4        68                0.515830074             0.343831071
         9         4        68                0.205360841             0.051871043
         9         1        69                0.383508475            -0.068131464
         9         1        69                0.047072234             0.068262785
         9         1        69                0.022226267             0.010211278
         9         1        69               35.013151155             0.056461091
         9         1        69                6.029554351             0.068918208
         9         1        69                0.484500419            -0.110353618
         9         1        69                0.184655102            -0.043981137
         9         2        70                1.830620747            -0.035231133
         9         2        70                0.101246702             0.046435853
         9         2        70                0.039017713             0.014724863
         9         2        70                5.643284014            -0.312576708
         9         2        70                1.463219277            -0.289254955
         9         2        70                0.515830074            -0.151729349
         9         2        70                0.205360841            -0.022890193
         9         3        71                1.830620747            -0.035231133
         9         3        71                0.101246702             0.046435853
         9         3        71                0.039017713             0.014724863
         9         3        71                5.643284014            -0.312576708
         9         3        71                1.463219277            -0.289254955
         9         3        71                0.515830074            -0.151729349
         9         3        71                0.205360841            -0.022890193
         9         4        72                1.830620747            -0.035231133
         9         4        72                0.101246702             0.046435853
         9         4        72                0.039017713             0.014724863
         9         4        72                5.643284014            -0.312576708
         9         4        72                1.463219277            -0.289254955
         9         4        72                0.515830074            -0.151729349
         9         4        72                0.205360841            -0.022890193
        10         1        73               35.015587138            -0.122945379
        10         1        73                6.029973847            -0.150071050
        10         1        73                0.484534128             0.240297649
        10         1        73                0.184667949             0.095769980
        10         2        74                5.643676637             0.708385898
        10         2        74                1.463321078             0.655532309
        10         2        74                0.515865962             0.343860974
        10         2        74                0.205375129             0.051875554
        10         3        75                5.643676637             0.708385898
        10         3        75                1.463321078             0.655532309
        10         3        75                0.515865962             0.343860974
        10         3        75                0.205375129             0.051875554
        10         4        76                5.643676637             0.708385898
        10         4        76                1.463321078             0.655532309
        10         4        76                0.515865962             0.343860974
        10         4        76                0.205375129             0.051875554
        10         1        77                0.383508475            -0.068130676
        10         1        77                0.047072234             0.068261995
        10         1        77                0.022226267             0.010211160
        10         1        77               35.015587138             0.056460285
        10         1        77                6.029973847             0.068917225
        10         1        77                0.484534128            -0.110352043
        10         1        77                0.184667949            -0.043980509
        10         2        78                1.830620747            -0.035230750
        10         2        78                0.101246702             0.046435348
        10         2        78                0.039017713             0.014724703
        10         2        78                5.643676637            -0.312583042
        10         2        78                1.463321078            -0.289260816
        10         2        78                0.515865962            -0.151732423
        10         2        78                0.205375129            -0.022890657
        10         3        79                1.830620747            -0.035230750
        10         3        79                0.101246702             0.046435348
        10         3        79                0.039017713             0.014724703
        10         3        79                5.643676637            -0.312583042
        10         3        79                1.463321078            -0.289260816
        10         3        79                0.515865962            -0.151732423
        10         3        79                0.205375129            -0.022890657
        10         4        80                1.830620747            -0.035230750
        10         4        80                0.101246702             0.046435348
        10         4        80                0.039017713             0.014724703
        10         4        80                5.643676637            -0.312583042
        10         4        80                1.463321078            -0.289260816
        10         4        80                0.515865962            -0.151732423
        10         4        80                0.205375129            -0.022890657
        11         1        81               35.125396025            -0.123234433
        11         1        81                6.048883846            -0.150423879
        11         1        81                0.486053627             0.240862608
        11         1        81                0.185247068             0.095995143
        11         2        82                5.661375208             0.711163859
        11         2        82                1.467910053             0.658103002
        11         2        82                0.517483718             0.345209437
        11         2        82                0.206019185             0.052078986
        11         3        83                5.661375208             0.711163859
        11         3        83                1.467910053             0.658103002
        11         3        83                0.517483718             0.345209437
        11         3        83                0.206019185             0.052078986
        11         4        84                5.661375208             0.711163859
        11         4        84                1.467910053             0.658103002
        11         4        84                0.517483718             0.345209437
        11         4        84                0.206019185             0.052078986
        11         1        85                0.383508475            -0.068095284
        11         1        85                0.047072234             0.068226535
        11         1        85                0.022226267             0.010205856
        11         1        85               35.125396025             0.056424023
        11         1        85                6.048883846             0.068872962
        11         1        85                0.486053627            -0.110281168
        11         1        85                0.185247068            -0.043952262
        11         2        86                1.830620747            -0.035213558
        11         2        86                0.101246702             0.046412689
        11         2        86                0.039017713             0.014717518
        11         2        86                5.661375208            -0.312868079
        11         2        86                1.467910053            -0.289524586
        11         2        86                0.517483718            -0.151870785
        11         2        86                0.206019185            -0.022911530
        11         3        87                1.830620747            -0.035213558
        11         3        87                0.101246702             0.046412689
        11         3        87                0.039017713             0.014717518
        11         3        87                5.661375208            -0.312868079
        11         3        87                1.467910053            -0.289524586
        11         3        87                0.517483718            -0.151870785
        11         3        87                0.206019185            -0.022911530
        11         4        88                1.830620747            -0.035213558
        11         4        88                0.101246702             0.046412689
        11         4        88                0.039017713             0.014717518
        11         4        88                5.661375208            -0.312868079
        11         4        88                1.467910053            -0.289524586
        11         4        88                0.517483718            -0.151870785
        11         4        88                0.206019185            -0.022911530
        12         1        89               35.221289241            -0.123486672
        12         1        89                6.065397451            -0.150731770
        12         1        89                0.487380565             0.241355610
        12         1        89                0.185752797             0.096191628
        12         2        90                5.676830904             0.713591555
        12         2        90                1.471917485             0.660349565
        12         2        90                0.518896462             0.346387876
        12         2        90                0.206581623             0.052256767
        12         3        91                5.676830904             0.713591555
        12         3        91                1.471917485             0.660349565
        12         3        91                0.518896462             0.346387876
        12         3        91                0.206581623             0.052256767
        12         4        92                5.676830904             0.713591555
        12         4        92                1.471917485             0.660349565
        12         4        92                0.518896462             0.346387876
        12         4        92                0.206581623             0.052256767
        12         1        93                0.383508475            -0.068064618
        12         1        93                0.047072234             0.068195809
        12         1        93                0.022226267             0.010201260
        12         1        93               35.221289241             0.056392432
        12         1        93                6.065397451             0.068834401
        12         1        93                0.487380565            -0.110219424
        12         1        93                0.185752797            -0.043927654
        12         2        94                1.830620747            -0.035198661
        12         2        94                0.101246702             0.046393055
        12         2        94                0.039017713             0.014711292
        12         2        94                5.676830904            -0.313116246
        12         2        94                1.471917485            -0.289754238
        12         2        94                0.518896462            -0.151991249
        12         2        94                0.206581623            -0.022929704
        12         3        95                1.830620747            -0.035198661
        12         3        95                0.101246702             0.046393055
        12         3        95                0.039017713             0.014711292
        12         3        95                5.676830904            -0.313116246
        12         3        95                1.471917485            -0.289754238
        12         3        95                0.518896462            -0.151991249
        12         3        95                0.206581623            -0.022929704
        12         4        96                1.830620747            -0.035198661
        12         4        96                0.101246702             0.046393055
        12         4        96                0.039017713             0.014711292
        12         4        96                5.676830904            -0.313116246
        12         4        96                1.471917485            -0.289754238
        12         4        96                0.518896462            -0.151991249
        12         4        96                0.206581623            -0.022929704
        13         1        97               35.213022558            -0.123464934
        13         1        97                6.063973860            -0.150705236
        13         1        97                0.487266174             0.241313123
        13         1        97                0.185709200             0.096174695
        13         2        98                5.675498513             0.713382205
        13         2        98                1.471572015             0.660155835
        13         2        98                0.518774673             0.346286255
        13         2        98                0.206533137             0.052241436
        13         3        99                5.675498513             0.713382205
        13         3        99                1.471572015             0.660155835
        13         3        99                0.518774673             0.346286255
        13         3        99                0.206533137             0.052241436
        13         4       100                5.675498513             0.713382205
        13         4       100                1.471572015             0.660155835
        13         4       100                0.518774673             0.346286255
        13         4       100                0.206533137             0.052241436
        13         1       101                0.383508475            -0.068067253
        13         1       101                0.047072234             0.068198449
        13         1       101                0.022226267             0.010201655
        13         1       101               35.213022558             0.056395153
        13         1       101                6.063973860             0.068837722
        13         1       101                0.487266174            -0.110224741
        13         1       101                0.185709200            -0.043929773
        13         2       102                1.830620747            -0.035199941
        13         2       102                0.101246702             0.046394742
        13         2       102                0.039017713             0.014711827
        13         2       102                5.675498513            -0.313094880
        13         2       102                1.471572015            -0.289734466
        13         2       102                0.518774673            -0.151980877
        13         2       102                0.206533137            -0.022928139
        13         3       103                1.830620747            -0.035199941
        13         3       103                0.101246702             0.046394742
        13         3       103                0.039017713             0.014711827
        13         3       103                5.675498513            -0.313094880
        13         3       103                1.471572015            -0.289734466
        13         3       103                0.518774673            -0.151980877
        13         3       103                0.206533137            -0.022928139
        13         4       104                1.830620747            -0.035199941
        13         4       104                0.101246702             0.046394742
        13         4       104                0.039017713             0.014711827
        13         4       104                5.675498513            -0.313094880
        13         4       104                1.471572015            -0.289734466
        13         4       104                0.518774673            -0.151980877
        13         4       104                0.206533137            -0.022928139
        14         1       105               35.001098321            -0.122907222
        14         1       105                6.027478753            -0.150024475
        14         1       105                0.484333636             0.240223072
        14         1       105                0.184591537             0.095740258
        14         2       106                5.641341385             0.708019520
        14         2       106                1.462715582             0.655193267
        14         2       106                0.515652506             0.343683128
        14         2       106                0.205290148             0.051848724
        14         3       107                5.641341385             0.708019520
        14         3       107                1.462715582             0.655193267
        14         3       107                0.515652506             0.343683128
        14         3       107                0.205290148             0.051848724
        14         4       108                5.641341385             0.708019520
        14         4       108                1.462715582             0.655193267
        14         4       108                0.515652506             0.343683128
        14         4       108                0.205290148             0.051848724
        14         1       109                0.383508475            -0.068135368
        14         1       109                0.047072234             0.068266695
        14         1       109                0.022226267             0.010211863
        14         1       109               35.001098321             0.056465077
        14         1       109                6.027478753             0.068923074
        14         1       109                0.484333636            -0.110361409
        14         1       109                0.184591537            -0.043984242
        14         2       110                1.830620747            -0.035233029
        14         2       110                0.101246702             0.046438352
        14         2       110                0.039017713             0.014725655
        14         2       110                5.641341385            -0.312545364
        14         2       110                1.462715582            -0.289225950
        14         2       110                0.515652506            -0.151714134
        14         2       110                0.205290148            -0.022887897
        14         3       111                1.830620747            -0.035233029
        14         3       111                0.101246702             0.046438352
        14         3       111                0.039017713             0.014725655
        14         3       111                5.641341385            -0.312545364
        14         3       111                1.462715582            -0.289225950
        14         3       111                0.515652506            -0.151714134
        14         3       111                0.205290148            -0.022887897
        14         4       112                1.830620747            -0.035233029
        14         4       112                0.101246702             0.046438352
        14         4       112                0.039017713             0.014725655
        14         4       112                5.641341385            -0.312545364
        14         4       112                1.462715582            -0.289225950
        14         4       112                0.515652506            -0.151714134
        14         4       112                0.205290148            -0.022887897
        15         1       113               34.900734804            -0.122642806
        15         1       113                6.010195325            -0.149701720
        15         1       113                0.482944839             0.239706268
        15         1       113                0.184062232             0.095534287
        15         2       114                5.625165183             0.705482677
        15         2       114                1.458521334             0.652845701
        15         2       114                0.514173904             0.342451707
        15         2       114                0.204701491             0.051662949
        15         3       115                5.625165183             0.705482677
        15         3       115                1.458521334             0.652845701
        15         3       115                0.514173904             0.342451707
        15         3       115                0.204701491             0.051662949
        15         4       116                5.625165183             0.705482677
        15         4       116                1.458521334             0.652845701
        15         4       116                0.514173904             0.342451707
        15         4       116                0.204701491             0.051662949
        15         1       117                0.383508475            -0.068168010
        15         1       117                0.047072234             0.068299401
        15         1       117                0.022226267             0.010216756
        15         1       117               34.900734804             0.056498313
        15         1       117                6.010195325             0.068963643
        15         1       117                0.482944839            -0.110426370
        15         1       117                0.184062232            -0.044010132
        15         2       118                1.830620747            -0.035248885
        15         2       118                0.101246702             0.046459252
        15         2       118                0.039017713             0.014732283
        15         2       118                5.625165183            -0.312283932
        15         2       118                1.458521334            -0.288984024
        15         2       118                0.514173904            -0.151587231
        15         2       118                0.204701491            -0.022868753
        15         3       119                1.830620747            -0.035248885
        15         3       119                0.101246702             0.046459252
        15         3       119                0.039017713             0.014732283
        15         3       119                5.625165183            -0.312283932
        15         3       119                1.458521334            -0.288984024
        15         3       119                0.514173904            -0.151587231
        15         3       119                0.204701491            -0.022868753
        15         4       120                1.830620747            -0.035248885
        15         4       120                0.101246702             0.046459252
        15         4       120                0.039017713             0.014732283
        15         4       120                5.625165183            -0.312283932
        15         4       120                1.458521334            -0.288984024
        15         4       120                0.514173904            -0.151587231
        15         4       120                0.204701491            -0.022868753
        16         1       121               34.902071533            -0.122646329
        16         1       121                6.010425520            -0.149706020
        16         1       121                0.482963336             0.239713153
        16         1       121                0.184069282             0.095537031
        16         2       122                5.625380631             0.705516453
        16         2       122                1.458577197             0.652876957
        16         2       122                0.514193598             0.342468103
        16         2       122                0.204709332             0.051665422
        16         3       123                5.625380631             0.705516453
        16         3       123                1.458577197             0.652876957
        16         3       123                0.514193598             0.342468103
        16         3       123                0.204709332             0.051665422
        16         4       124                5.625380631             0.705516453
        16         4       124                1.458577197             0.652876957
        16         4       124                0.514193598             0.342468103
        16         4       124                0.204709332             0.051665422
        16         1       125                0.383508475            -0.068167574
        16         1       125                0.047072234             0.068298964
        16         1       125                0.022226267             0.010216690
        16         1       125               34.902071533             0.056497870
        16         1       125                6.010425520             0.068963102
        16         1       125                0.482963336            -0.110425504
        16         1       125                0.184069282            -0.044009787
        16         2       126                1.830620747            -0.035248673
        16         2       126                0.101246702             0.046458972
        16         2       126                0.039017713             0.014732194
        16         2       126                5.625380631            -0.312287419
        16         2       126                1.458577197            -0.288987250
        16         2       126                0.514193598            -0.151588924
        16         2       126                0.204709332            -0.022869008
        16         3       127                1.830620747            -0.035248673
        16         3       127                0.101246702             0.046458972
        16         3       127                0.039017713             0.014732194
        16         3       127                5.625380631            -0.312287419
        16         3       127                1.458577197            -0.288987250
        16         3       127                0.514193598            -0.151588924
        16         3       127                0.204709332            -0.022869008
        16         4       128                1.830620747            -0.035248673
        16         4       128                0.101246702             0.046458972
        16         4       128                0.039017713             0.014732194
        16         4       128                5.625380631            -0.312287419
        16         4       128                1.458577197            -0.288987250
        16         4       128                0.514193598            -0.151588924
        16         4       128                0.204709332            -0.022869008
        17         1       129               34.999784940            -0.122903763
        17         1       129                6.027252578            -0.150020253
        17         1       129                0.484315462             0.240216311
        17         1       129                0.184584610             0.095737563
        17         2       130                5.641129700             0.707986311
        17         2       130                1.462660695             0.655162535
        17         2       130                0.515633157             0.343667008
        17         2       130                0.205282445             0.051846292
        17         3       131                5.641129700             0.707986311
        17         3       131                1.462660695             0.655162535
        17         3       131                0.515633157             0.343667008
        17         3       131                0.205282445             0.051846292
        17         4       132                5.641129700             0.707986311
        17         4       132                1.462660695             0.655162535
        17         4       132                0.515633157             0.343667008
        17         4       132                0.205282445             0.051846292
        17         1       133                0.383508475            -0.068135793
        17         1       133                0.047072234             0.068267122
        17         1       133                0.022226267             0.010211927
        17         1       133               34.999784940             0.056465511
        17         1       133                6.027252578             0.068923604
        17         1       133                0.484315462            -0.110362258
        17         1       133                0.184584610            -0.043984580
        17         2       134                1.830620747            -0.035233235
        17         2       134                0.101246702             0.046438625
        17         2       134                0.039017713             0.014725742
        17         2       134                5.641129700            -0.312541948
        17         2       134                1.462660695            -0.289222788
        17         2       134                0.515633157            -0.151712476
        17         2       134                0.205282445            -0.022887647
        17         3       135                1.830620747            -0.035233235
        17         3       135                0.101246702             0.046438625
        17         3       135                0.039017713             0.014725742
        17         3       135                5.641129700            -0.312541948
        17         3       135                1.462660695            -0.289222788
        17         3       135                0.515633157            -0.151712476
        17         3       135                0.205282445            -0.022887647
        17         4       136                1.830620747            -0.035233235
        17         4       136                0.101246702             0.046438625
        17         4       136                0.039017713             0.014725742
        17         4       136                5.641129700            -0.312541948
        17         4       136                1.462660695            -0.289222788
        17         4       136                0.515633157            -0.151712476
        17         4       136                0.205282445            -0.022887647
        18         1       137               35.211985726            -0.123462207
        18         1       137                6.063795309            -0.150701908
        18         1       137                0.487251826             0.241307794
        18         1       137                0.185703731             0.096172571
        18         2       138                5.675331400             0.713355949
        18         2       138                1.471528685             0.660131538
        18         2       138                0.518759398             0.346273510
        18         2       138                0.206527055             0.052239514
        18         3       139                5.675331400             0.713355949
        18         3       139                1.471528685             0.660131538
        18         3       139                0.518759398             0.346273510
        18         3       139                0.206527055             0.052239514
        18         4       140                5.675331400             0.713355949
        18         4       140                1.471528685             0.660131538
        18         4       140                0.518759398             0.346273510
        18         4       140                0.206527055             0.052239514
        18         1       141                0.383508475            -0.068067584
        18         1       141                0.047072234             0.068198781
        18         1       141                0.022226267             0.010201704
        18         1       141               35.211985726             0.056395494
        18         1       141                6.063795309             0.068838138
        18         1       141                0.487251826            -0.110225408
        18         1       141                0.185703731            -0.043930039
        18         2       142                1.830620747            -0.035200102
        18         2       142                0.101246702             0.046394953
        18         2       142                0.039017713             0.014711894
        18         2       142                5.675331400            -0.313092200
        18         2       142                1.471528685            -0.289731985
        18         2       142                0.518759398            -0.151979576
        18         2       142                0.206527055            -0.022927943
        18         3       143                1.830620747            -0.035200102
        18         3       143                0.101246702             0.046394953
        18         3       143                0.039017713             0.014711894
        18         3       143                5.675331400            -0.313092200
        18         3       143                1.471528685            -0.289731985
        18         3       143                0.518759398            -0.151979576
        18         3       143                0.206527055            -0.022927943
        18         4       144                1.830620747            -0.035200102
        18         4       144                0.101246702             0.046394953
        18         4       144                0.039017713             0.014711894
        18         4       144                5.675331400            -0.313092200
        18         4       144                1.471528685            -0.289731985
        18         4       144                0.518759398            -0.151979576
        18         4       144                0.206527055            -0.022927943
        19         1       145               35.260228426            -0.123589049
        19         1       145                6.072103101            -0.150856735
        19         1       145                0.487919393             0.241555707
        19         1       145                0.185958158             0.096271376
        19         2       146                5.683106971             0.714577838
        19         2       146                1.473544775             0.661262260
        19         2       146                0.519470132             0.346866633
        19         2       146                0.206810011             0.052328993
        19         3       147                5.683106971             0.714577838
        19         3       147                1.473544775             0.661262260
        19         3       147                0.519470132             0.346866633
        19         3       147                0.206810011             0.052328993
        19         4       148                5.683106971             0.714577838
        19         4       148                1.473544775             0.661262260
        19         4       148                0.519470132             0.346866633
        19         4       148                0.206810011             0.052328993
        19         1       149                0.383508475            -0.068052229
        19         1       149                0.047072234             0.068183396
        19         1       149                0.022226267             0.010199403
        19         1       149               35.260228426             0.056379624
        19         1       149                6.072103101             0.068818767
        19         1       149                0.487919393            -0.110194391
        19         1       149                0.185958158            -0.043917677
        19         2       150                1.830620747            -0.035192643
        19         2       150                0.101246702             0.046385123
        19         2       150                0.039017713             0.014708776
        19         2       150                5.683106971            -0.313216821
        19         2       150                1.473544775            -0.289847308
        19         2       150                0.519470132            -0.152040069
        19         2       150                0.206810011            -0.022937069
        19         3       151                1.830620747            -0.035192643
        19         3       151                0.101246702             0.046385123
        19         3       151                0.039017713             0.014708776
        19         3       151                5.683106971            -0.313216821
        19         3       151                1.473544775            -0.289847308
        19         3       151                0.519470132            -0.152040069
        19         3       151                0.206810011            -0.022937069
        19         4       152                1.830620747            -0.035192643
        19         4       152                0.101246702             0.046385123
        19         4       152                0.039017713             0.014708776
        19         4       152                5.683106971            -0.313216821
        19         4       152                1.473544775            -0.289847308
        19         4       152                0.519470132            -0.152040069
        19         4       152                0.206810011            -0.022937069
        20         1       153               61.476827166            -0.187520924
        20         1       153               10.586818337            -0.228894020
        20         1       153                0.850696026             0.366511027
        20         1       153                0.324221312             0.146071982
        20         2       154                7.246395096             0.968210451
        20         2       154                1.878882042             0.895971015
        20         2       154                0.662364062             0.469983648
        20         2       154                0.263698547             0.070902672
        20         3       155                7.246395096             0.968210451
        20         3       155                1.878882042             0.895971015
        20         3       155                0.662364062             0.469983648
        20         3       155                0.263698547             0.070902672
        20         4       156                7.246395096             0.968210451
        20         4       156                1.878882042             0.895971015
        20         4       156                0.662364062             0.469983648
        20         4       156                0.263698547             0.070902672
        20         1       157                0.478949873            -0.077018191
        20         1       157                0.058786811             0.077166640
        20         1       157                0.027757581             0.011543186
        20         1       157               61.476827166             0.061839740
        20         1       157               10.586818337             0.075483559
        20         1       157                0.850696026            -0.120866228
        20         1       157                0.324221312            -0.048170909
        20         2       158                2.286196081            -0.046315103
        20         2       158                0.126443347             0.061044909
        20         2       158                0.048727812             0.019357412
        20         2       158                7.246395096            -0.416007895
        20         2       158                1.878882042            -0.384969007
        20         2       158                0.662364062            -0.201936374
        20         2       158                0.263698547            -0.030464525
        20         3       159                2.286196081            -0.046315103
        20         3       159                0.126443347             0.061044909
        20         3       159                0.048727812             0.019357412
        20         3       159                7.246395096            -0.416007895
        20         3       159                1.878882042            -0.384969007
        20         3       159                0.662364062            -0.201936374
        20         3       159                0.263698547            -0.030464525
        20         4       160                2.286196081            -0.046315103
        20         4       160                0.126443347             0.061044909
        20         4       160                0.048727812             0.019357412
        20         4       160                7.246395096            -0.416007895
        20         4       160                1.878882042            -0.384969007
        20         4       160                0.662364062            -0.201936374
        20         4       160                0.263698547            -0.030464525
        21         1       161               35.642853219            -0.124593532
        21         1       161                6.137994256            -0.152082838
        21         1       161                0.493214028             0.243518976
        21         1       161                0.187976074             0.097053831
        21         2       162                5.744776953             0.724283712
        21         2       162                1.489534880             0.670243966
        21         2       162                0.525107139             0.351578007
        21         2       162                0.209054200             0.053039761
        21         3       163                5.744776953             0.724283712
        21         3       163                1.489534880             0.670243966
        21         3       163                0.525107139             0.351578007
        21         3       163                0.209054200             0.053039761
        21         4       164                5.744776953             0.724283712
        21         4       164                1.489534880             0.670243966
        21         4       164                0.525107139             0.351578007
        21         4       164                0.209054200             0.053039761
        21         1       165                0.383508475            -0.067932402
        21         1       165                0.047072234             0.068063338
        21         1       165                0.022226267             0.010181444
        21         1       165               35.642853219             0.056254380
        21         1       165                6.137994256             0.068665891
        21         1       165                0.493214028            -0.109949601
        21         1       165                0.187976074            -0.043820117
        21         2       166                1.830620747            -0.035134438
        21         2       166                0.101246702             0.046308407
        21         2       166                0.039017713             0.014684450
        21         2       166                5.744776953            -0.314199024
        21         2       166                1.489534880            -0.290756228
        21         2       166                0.525107139            -0.152516845
        21         2       166                0.209054200            -0.023008996
        21         3       167                1.830620747            -0.035134438
        21         3       167                0.101246702             0.046308407
        21         3       167                0.039017713             0.014684450
        21         3       167                5.744776953            -0.314199024
        21         3       167                1.489534880            -0.290756228
        21         3       167                0.525107139            -0.152516845
        21         3       167                0.209054200            -0.023008996
        21         4       168                1.830620747            -0.035134438
        21         4       168                0.101246702             0.046308407
        21         4       168                0.039017713             0.014684450
        21         4       168                5.744776953            -0.314199024
        21         4       168                1.489534880            -0.290756228
        21         4       168                0.525107139            -0.152516845
        21         4       168                0.209054200            -0.023008996
        22         1       169               34.942422787            -0.122752660
        22         1       169                6.017374340            -0.149835811
        22         1       169                0.483521703             0.239920978
        22         1       169                0.184282089             0.095619859
        22         2       170                5.631884290             0.706536184
        22         2       170                1.460263499             0.653820604
        22         2       170                0.514788071             0.342963095
        22         2       170                0.204946002             0.051740098
        22         3       171                5.631884290             0.706536184
        22         3       171                1.460263499             0.653820604
        22         3       171                0.514788071             0.342963095
        22         3       171                0.204946002             0.051740098
        22         4       172                5.631884290             0.706536184
        22         4       172                1.460263499             0.653820604
        22         4       172                0.514788071             0.342963095
        22         4       172                0.204946002             0.051740098
        22         1       173                0.383508475            -0.068154421
        22         1       173                0.047072234             0.068285786
        22         1       173                0.022226267             0.010214719
        22         1       173               34.942422787             0.056484498
        22         1       173                6.017374340             0.068946780
        22         1       173                0.483521703            -0.110399368
        22         1       173                0.184282089            -0.043999371
        22         2       174                1.830620747            -0.035242284
        22         2       174                0.101246702             0.046450551
        22         2       174                0.039017713             0.014729524
        22         2       174                5.631884290            -0.312392616
        22         2       174                1.460263499            -0.289084599
        22         2       174                0.514788071            -0.151639988
        22         2       174                0.204946002            -0.022876712
        22         3       175                1.830620747            -0.035242284
        22         3       175                0.101246702             0.046450551
        22         3       175                0.039017713             0.014729524
        22         3       175                5.631884290            -0.312392616
        22         3       175                1.460263499            -0.289084599
        22         3       175                0.514788071            -0.151639988
        22         3       175                0.204946002            -0.022876712
        22         4       176                1.830620747            -0.035242284
        22         4       176                0.101246702             0.046450551
        22         4       176                0.039017713             0.014729524
        22         4       176                5.631884290            -0.312392616
        22         4       176                1.460263499            -0.289084599
        22         4       176                0.514788071            -0.151639988
        22         4       176                0.204946002            -0.022876712
        23         1       177               34.934408756            -0.122731544
        23         1       177                6.015994258            -0.149810037
        23         1       177                0.483410808             0.239879707
        23         1       177                0.184239824             0.095603411
        23         2       178                5.630592620             0.706333635
        23         2       178                1.459928588             0.653633168
        23         2       178                0.514670005             0.342864775
        23         2       178                0.204898997             0.051725265
        23         3       179                5.630592620             0.706333635
        23         3       179                1.459928588             0.653633168
        23         3       179                0.514670005             0.342864775
        23         3       179                0.204898997             0.051725265
        23         4       180                5.630592620             0.706333635
        23         4       180                1.459928588             0.653633168
        23         4       180                0.514670005             0.342864775
        23         4       180                0.204898997             0.051725265
        23         1       181                0.383508475            -0.068157030
        23         1       181                0.047072234             0.068288400
        23         1       181                0.022226267             0.010215110
        23         1       181               34.934408756             0.056487153
        23         1       181                6.015994258             0.068950021
        23         1       181                0.483410808            -0.110404557
        23         1       181                0.184239824            -0.044001439
        23         2       182                1.830620747            -0.035243552
        23         2       182                0.101246702             0.046452222
        23         2       182                0.039017713             0.014730053
        23         2       182                5.630592620            -0.312371733
        23         2       182                1.459928588            -0.289065274
        23         2       182                0.514670005            -0.151629851
        23         2       182                0.204898997            -0.022875182
        23         3       183                1.830620747            -0.035243552
        23         3       183                0.101246702             0.046452222
        23         3       183                0.039017713             0.014730053
        23         3       183                5.630592620            -0.312371733
        23         3       183                1.459928588            -0.289065274
        23         3       183                0.514670005            -0.151629851
        23         3       183                0.204898997            -0.022875182
        23         4       184                1.830620747            -0.035243552
        23         4       184                0.101246702             0.046452222
        23         4       184                0.039017713             0.014730053
        23         4       184                5.630592620            -0.312371733
        23         4       184                1.459928588            -0.289065274
        23         4       184                0.514670005            -0.151629851
        23         4       184                0.204898997            -0.022875182
        24         1       185               34.921488596            -0.122697499
        24         1       185                6.013769299            -0.149768480
        24         1       185                0.483232023             0.239813166
        24         1       185                0.184171685             0.095576891
        24         2       186                5.628510198             0.706007112
        24         2       186                1.459388647             0.653331007
        24         2       186                0.514479659             0.342706276
        24         2       186                0.204823217             0.051701354
        24         3       187                5.628510198             0.706007112
        24         3       187                1.459388647             0.653331007
        24         3       187                0.514479659             0.342706276
        24         3       187                0.204823217             0.051701354
        24         4       188                5.628510198             0.706007112
        24         4       188                1.459388647             0.653331007
        24         4       188                0.514479659             0.342706276
        24         4       188                0.204823217             0.051701354
        24         1       189                0.383508475            -0.068161240
        24         1       189                0.047072234             0.068292617
        24         1       189                0.022226267             0.010215741
        24         1       189               34.921488596             0.056491434
        24         1       189                6.013769299             0.068955246
        24         1       189                0.483232023            -0.110412924
        24         1       189                0.184171685            -0.044004773
        24         2       190                1.830620747            -0.035245597
        24         2       190                0.101246702             0.046454917
        24         2       190                0.039017713             0.014730908
        24         2       190                5.628510198            -0.312338056
        24         2       190                1.459388647            -0.289034109
        24         2       190                0.514479659            -0.151613504
        24         2       190                0.204823217            -0.022872716
        24         3       191                1.830620747            -0.035245597
        24         3       191                0.101246702             0.046454917
        24         3       191                0.039017713             0.014730908
        24         3       191                5.628510198            -0.312338056
        24         3       191                1.459388647            -0.289034109
        24         3       191                0.514479659            -0.151613504
        24         3       191                0.204823217            -0.022872716
        24         4       192                1.830620747            -0.035245597
        24         4       192                0.101246702             0.046454917
        24         4       192                0.039017713             0.014730908
        24         4       192                5.628510198            -0.312338056
        24         4       192                1.459388647            -0.289034109
        24         4       192                0.514479659            -0.151613504
        24         4       192                0.204823217            -0.022872716
        25         1       193               34.934989197            -0.122733073
        25         1       193                6.016094215            -0.149811904
        25         1       193                0.483418840             0.239882696
        25         1       193                0.184242885             0.095604602
        25         2       194                5.630686173             0.706348305
        25         2       194                1.459952845             0.653646743
        25         2       194                0.514678556             0.342871896
        25         2       194                0.204902402             0.051726339
        25         3       195                5.630686173             0.706348305
        25         3       195                1.459952845             0.653646743
        25         3       195                0.514678556             0.342871896
        25         3       195                0.204902402             0.051726339
        25         4       196                5.630686173             0.706348305
        25         4       196                1.459952845             0.653646743
        25         4       196                0.514678556             0.342871896
        25         4       196                0.204902402             0.051726339
        25         1       197                0.383508475            -0.068156841
        25         1       197                0.047072234             0.068288210
        25         1       197                0.022226267             0.010215082
        25         1       197               34.934989197             0.056486961
        25         1       197                6.016094215             0.068949786
        25         1       197                0.483418840            -0.110404181
        25         1       197                0.184242885            -0.044001289
        25         2       198                1.830620747            -0.035243460
        25         2       198                0.101246702             0.046452101
        25         2       198                0.039017713             0.014730015
        25         2       198                5.630686173            -0.312373246
        25         2       198                1.459952845            -0.289066674
        25         2       198                0.514678556            -0.151630585
        25         2       198                0.204902402            -0.022875293
        25         3       199                1.830620747            -0.035243460
        25         3       199                0.101246702             0.046452101
        25         3       199                0.039017713             0.014730015
        25         3       199                5.630686173            -0.312373246
        25         3       199                1.459952845            -0.289066674
        25         3       199                0.514678556            -0.151630585
        25         3       199                0.204902402            -0.022875293
        25         4       200                1.830620747            -0.035243460
        25         4       200                0.101246702             0.046452101
        25         4       200                0.039017713             0.014730015
        25         4       200                5.630686173            -0.312373246
        25         4       200                1.459952845            -0.289066674
        25         4       200                0.514678556            -0.151630585
        25         4       200                0.204902402            -0.022875293
        26         1       201               35.414794677            -0.123995149
        26         1       201                6.098720688            -0.151352434
        26         1       201                0.490058230             0.242349433
        26         1       201                0.186773321             0.096587713
        26         2       202                5.708019361             0.718495498
        26         2       202                1.480004186             0.664887618
        26         2       202                0.521747274             0.348768323
        26         2       202                0.207716580             0.052615886
        26         3       203                5.708019361             0.718495498
        26         3       203                1.480004186             0.664887618
        26         3       203                0.521747274             0.348768323
        26         3       203                0.207716580             0.052615886
        26         4       204                5.708019361             0.718495498
        26         4       204                1.480004186             0.664887618
        26         4       204                0.521747274             0.348768323
        26         4       204                0.207716580             0.052615886
        26         1       205                0.383508475            -0.068003408
        26         1       205                0.047072234             0.068134481
        26         1       205                0.022226267             0.010192086
        26         1       205               35.414794677             0.056328898
        26         1       205                6.098720688             0.068756849
        26         1       205                0.490058230            -0.110095246
        26         1       205                0.186773321            -0.043878163
        26         2       206                1.830620747            -0.035168929
        26         2       206                0.101246702             0.046353866
        26         2       206                0.039017713             0.014698865
        26         2       206                5.708019361            -0.313614917
        26         2       206                1.480004186            -0.290215702
        26         2       206                0.521747274            -0.152233311
        26         2       206                0.207716580            -0.022966222
        26         3       207                1.830620747            -0.035168929
        26         3       207                0.101246702             0.046353866
        26         3       207                0.039017713             0.014698865
        26         3       207                5.708019361            -0.313614917
        26         3       207                1.480004186            -0.290215702
        26         3       207                0.521747274            -0.152233311
        26         3       207                0.207716580            -0.022966222
        26         4       208                1.830620747            -0.035168929
        26         4       208                0.101246702             0.046353866
        26         4       208                0.039017713             0.014698865
        26         4       208                5.708019361            -0.313614917
        26         4       208                1.480004186            -0.290215702
        26         4       208                0.521747274            -0.152233311
        26         4       208                0.207716580            -0.022966222
        27         1       209               35.414650001            -0.123994769
        27         1       209                6.098695774            -0.151351970
        27         1       209                0.490056228             0.242348691
        27         1       209                0.186772558             0.096587417
        27         2       210                5.707996042             0.718491829
        27         2       210                1.479998139             0.664884223
        27         2       210                0.521745143             0.348766542
        27         2       210                0.207715732             0.052615617
        27         3       211                5.707996042             0.718491829
        27         3       211                1.479998139             0.664884223
        27         3       211                0.521745143             0.348766542
        27         3       211                0.207715732             0.052615617
        27         4       212                5.707996042             0.718491829
        27         4       212                1.479998139             0.664884223
        27         4       212                0.521745143             0.348766542
        27         4       212                0.207715732             0.052615617
        27         1       213                0.383508475            -0.068003453
        27         1       213                0.047072234             0.068134527
        27         1       213                0.022226267             0.010192093
        27         1       213               35.414650001             0.056328945
        27         1       213                6.098695774             0.068756907
        27         1       213                0.490056228            -0.110095338
        27         1       213                0.186772558            -0.043878200
        27         2       214                1.830620747            -0.035168951
        27         2       214                0.101246702             0.046353895
        27         2       214                0.039017713             0.014698874
        27         2       214                5.707996042            -0.313614546
        27         2       214                1.479998139            -0.290215358
        27         2       214                0.521745143            -0.152233131
        27         2       214                0.207715732            -0.022966194
        27         3       215                1.830620747            -0.035168951
        27         3       215                0.101246702             0.046353895
        27         3       215                0.039017713             0.014698874
        27         3       215                5.707996042            -0.313614546
        27         3       215                1.479998139            -0.290215358
        27         3       215                0.521745143            -0.152233131
        27         3       215                0.207715732            -0.022966194
        27         4       216                1.830620747            -0.035168951
        27         4       216                0.101246702             0.046353895
        27         4       216                0.039017713             0.014698874
        27         4       216                5.707996042            -0.313614546
        27         4       216                1.479998139            -0.290215358
        27         4       216                0.521745143            -0.152233131
        27         4       216                0.207715732            -0.022966194
        28         1       217               34.935017096            -0.122733147
        28         1       217                6.016099019            -0.149811993
        28         1       217                0.483419226             0.239882840
        28         1       217                0.184243033             0.095604659
        28         2       218                5.630690670             0.706349010
        28         2       218                1.459954011             0.653647396
        28         2       218                0.514678967             0.342872238
        28         2       218                0.204902565             0.051726391
        28         3       219                5.630690670             0.706349010
        28         3       219                1.459954011             0.653647396
        28         3       219                0.514678967             0.342872238
        28         3       219                0.204902565             0.051726391
        28         4       220                5.630690670             0.706349010
        28         4       220                1.459954011             0.653647396
        28         4       220                0.514678967             0.342872238
        28         4       220                0.204902565             0.051726391
        28         1       221                0.383508475            -0.068156832
        28         1       221                0.047072234             0.068288201
        28         1       221                0.022226267             0.010215080
        28         1       221               34.935017096             0.056486952
        28         1       221                6.016099019             0.068949775
        28         1       221                0.483419226            -0.110404163
        28         1       221                0.184243033            -0.044001282
        28         2       222                1.830620747            -0.035243455
        28         2       222                0.101246702             0.046452095
        28         2       222                0.039017713             0.014730013
        28         2       222                5.630690670            -0.312373319
        28         2       222                1.459954011            -0.289066741
        28         2       222                0.514678967            -0.151630621
        28         2       222                0.204902565            -0.022875298
        28         3       223                1.830620747            -0.035243455
        28         3       223                0.101246702             0.046452095
        28         3       223                0.039017713             0.014730013
        28         3       223                5.630690670            -0.312373319
        28         3       223                1.459954011            -0.289066741
        28         3       223                0.514678967            -0.151630621
        28         3       223                0.204902565            -0.022875298
        28         4       224                1.830620747            -0.035243455
        28         4       224                0.101246702             0.046452095
        28         4       224                0.039017713             0.014730013
        28         4       224                5.630690670            -0.312373319
        28         4       224                1.459954011            -0.289066741
        28         4       224                0.514678967            -0.151630621
        28         4       224                0.204902565            -0.022875298
        29         1       225               34.921615458            -0.122697833
        29         1       225                6.013791146            -0.149768889
        29         1       225                0.483233779             0.239813820
        29         1       225                0.184172354             0.095577151
        29         2       226                5.628530645             0.706010318
        29         2       226                1.459393949             0.653333974
        29         2       226                0.514481528             0.342707832
        29         2       226                0.204823962             0.051701588
        29         3       227                5.628530645             0.706010318
        29         3       227                1.459393949             0.653333974
        29         3       227                0.514481528             0.342707832
        29         3       227                0.204823962             0.051701588
        29         4       228                5.628530645             0.706010318
        29         4       228                1.459393949             0.653333974
        29         4       228                0.514481528             0.342707832
        29         4       228                0.204823962             0.051701588
        29         1       229                0.383508475            -0.068161199
        29         1       229                0.047072234             0.068292576
        29         1       229                0.022226267             0.010215735
        29         1       229               34.921615458             0.056491392
        29         1       229                6.013791146             0.068955195
        29         1       229                0.483233779            -0.110412842
        29         1       229                0.184172354            -0.044004741
        29         2       230                1.830620747            -0.035245576
        29         2       230                0.101246702             0.046454890
        29         2       230                0.039017713             0.014730900
        29         2       230                5.628530645            -0.312338386
        29         2       230                1.459393949            -0.289034415
        29         2       230                0.514481528            -0.151613664
        29         2       230                0.204823962            -0.022872740
        29         3       231                1.830620747            -0.035245576
        29         3       231                0.101246702             0.046454890
        29         3       231                0.039017713             0.014730900
        29         3       231                5.628530645            -0.312338386
        29         3       231                1.459393949            -0.289034415
        29         3       231                0.514481528            -0.151613664
        29         3       231                0.204823962            -0.022872740
        29         4       232                1.830620747            -0.035245576
        29         4       232                0.101246702             0.046454890
        29         4       232                0.039017713             0.014730900
        29         4       232                5.628530645            -0.312338386
        29         4       232                1.459393949            -0.289034415
        29         4       232                0.514481528            -0.151613664
        29         4       232                0.204823962            -0.022872740
        30         1       233               34.934481156            -0.122731735
        30         1       233                6.016006726            -0.149810270
        30         1       233                0.483411810             0.239880080
        30         1       233                0.184240206             0.095603559
        30         2       234                5.630604289             0.706335465
        30         2       234                1.459931613             0.653634861
        30         2       234                0.514671071             0.342865663
        30         2       234                0.204899422             0.051725399
        30         3       235                5.630604289             0.706335465
        30         3       235                1.459931613             0.653634861
        30         3       235                0.514671071             0.342865663
        30         3       235                0.204899422             0.051725399
        30         4       236                5.630604289             0.706335465
        30         4       236                1.459931613             0.653634861
        30         4       236                0.514671071             0.342865663
        30         4       236                0.204899422             0.051725399
        30         1       237                0.383508475            -0.068157007
        30         1       237                0.047072234             0.068288376
        30         1       237                0.022226267             0.010215107
        30         1       237               34.934481156             0.056487129
        30         1       237                6.016006726             0.068949991
        30         1       237                0.483411810            -0.110404510
        30         1       237                0.184240206            -0.044001420
        30         2       238                1.830620747            -0.035243540
        30         2       238                0.101246702             0.046452207
        30         2       238                0.039017713             0.014730049
        30         2       238                5.630604289            -0.312371922
        30         2       238                1.459931613            -0.289065448
        30         2       238                0.514671071            -0.151629943
        30         2       238                0.204899422            -0.022875196
        30         3       239                1.830620747            -0.035243540
        30         3       239                0.101246702             0.046452207
        30         3       239                0.039017713             0.014730049
        30         3       239                5.630604289            -0.312371922
        30         3       239                1.459931613            -0.289065448
        30         3       239                0.514671071            -0.151629943
        30         3       239                0.204899422            -0.022875196
        30         4       240                1.830620747            -0.035243540
        30         4       240                0.101246702             0.046452207
        30         4       240                0.039017713             0.014730049
        30         4       240                5.630604289            -0.312371922
        30         4       240                1.459931613            -0.289065448
        30         4       240                0.514671071            -0.151629943
        30         4       240                0.204899422            -0.022875196
        31         1       241               34.942557937            -0.122753016
        31         1       241                6.017397614            -0.149836246
        31         1       241                0.483523574             0.239921674
        31         1       241                0.184282802             0.095620136
        31         2       242                5.631906073             0.706539600
        31         2       242                1.460269147             0.653823766
        31         2       242                0.514790062             0.342964753
        31         2       242                0.204946794             0.051740348
        31         3       243                5.631906073             0.706539600
        31         3       243                1.460269147             0.653823766
        31         3       243                0.514790062             0.342964753
        31         3       243                0.204946794             0.051740348
        31         4       244                5.631906073             0.706539600
        31         4       244                1.460269147             0.653823766
        31         4       244                0.514790062             0.342964753
        31         4       244                0.204946794             0.051740348
        31         1       245                0.383508475            -0.068154377
        31         1       245                0.047072234             0.068285742
        31         1       245                0.022226267             0.010214713
        31         1       245               34.942557937             0.056484454
        31         1       245                6.017397614             0.068946726
        31         1       245                0.483523574            -0.110399281
        31         1       245                0.184282802            -0.043999336
        31         2       246                1.830620747            -0.035242263
        31         2       246                0.101246702             0.046450523
        31         2       246                0.039017713             0.014729515
        31         2       246                5.631906073            -0.312392968
        31         2       246                1.460269147            -0.289084924
        31         2       246                0.514790062            -0.151640159
        31         2       246                0.204946794            -0.022876737
        31         3       247                1.830620747            -0.035242263
        31         3       247                0.101246702             0.046450523
        31         3       247                0.039017713             0.014729515
        31         3       247                5.631906073            -0.312392968
        31         3       247                1.460269147            -0.289084924
        31         3       247                0.514790062            -0.151640159
        31         3       247                0.204946794            -0.022876737
        31         4       248                1.830620747            -0.035242263
        31         4       248                0.101246702             0.046450523
        31         4       248                0.039017713             0.014729515
        31         4       248                5.631906073            -0.312392968
        31         4       248                1.460269147            -0.289084924
        31         4       248                0.514790062            -0.151640159
        31         4       248                0.204946794            -0.022876737
        32         1       249               35.643199785            -0.124594440
        32         1       249                6.138053938            -0.152083947
        32         1       249                0.493218824             0.243520752
        32         1       249                0.187977902             0.097054539
        32         2       250                5.744832811             0.724292515
        32         2       250                1.489549363             0.670252112
        32         2       250                0.525112245             0.351582280
        32         2       250                0.209056233             0.053040405
        32         3       251                5.744832811             0.724292515
        32         3       251                1.489549363             0.670252112
        32         3       251                0.525112245             0.351582280
        32         3       251                0.209056233             0.053040405
        32         4       252                5.744832811             0.724292515
        32         4       252                1.489549363             0.670252112
        32         4       252                0.525112245             0.351582280
        32         4       252                0.209056233             0.053040405
        32         1       253                0.383508475            -0.067932295
        32         1       253                0.047072234             0.068063231
        32         1       253                0.022226267             0.010181428
        32         1       253               35.643199785             0.056254268
        32         1       253                6.138053938             0.068665753
        32         1       253                0.493218824            -0.109949380
        32         1       253                0.187977902            -0.043820029
        32         2       254                1.830620747            -0.035134386
        32         2       254                0.101246702             0.046308338
        32         2       254                0.039017713             0.014684428
        32         2       254                5.744832811            -0.314199909
        32         2       254                1.489549363            -0.290757047
        32         2       254                0.525112245            -0.152517275
        32         2       254                0.209056233            -0.023009061
        32         3       255                1.830620747            -0.035134386
        32         3       255                0.101246702             0.046308338
        32         3       255                0.039017713             0.014684428
        32         3       255                5.744832811            -0.314199909
        32         3       255                1.489549363            -0.290757047
        32         3       255                0.525112245            -0.152517275
        32         3       255                0.209056233            -0.023009061
        32         4       256                1.830620747            -0.035134386
        32         4       256                0.101246702             0.046308338
        32         4       256                0.039017713             0.014684428
        32         4       256                5.744832811            -0.314199909
        32         4       256                1.489549363            -0.290757047
        32         4       256                0.525112245            -0.152517275
        32         4       256                0.209056233            -0.023009061
        33         1       257               35.212364465            -0.123463203
        33         1       257                6.063860531            -0.150703124
        33         1       257                0.487257067             0.241309741
        33         1       257                0.185705729             0.096173347
        33         2       258                5.675392444             0.713365540
        33         2       258                1.471544513             0.660140413
        33         2       258                0.518764978             0.346278165
        33         2       258                0.206529277             0.052240216
        33         3       259                5.675392444             0.713365540
        33         3       259                1.471544513             0.660140413
        33         3       259                0.518764978             0.346278165
        33         3       259                0.206529277             0.052240216
        33         4       260                5.675392444             0.713365540
        33         4       260                1.471544513             0.660140413
        33         4       260                0.518764978             0.346278165
        33         4       260                0.206529277             0.052240216
        33         1       261                0.383508475            -0.068067463
        33         1       261                0.047072234             0.068198660
        33         1       261                0.022226267             0.010201686
        33         1       261               35.212364465             0.056395369
        33         1       261                6.063860531             0.068837986
        33         1       261                0.487257067            -0.110225165
        33         1       261                0.185705729            -0.043929942
        33         2       262                1.830620747            -0.035200043
        33         2       262                0.101246702             0.046394876
        33         2       262                0.039017713             0.014711869
        33         2       262                5.675392444            -0.313093179
        33         2       262                1.471544513            -0.289732891
        33         2       262                0.518764978            -0.151980052
        33         2       262                0.206529277            -0.022928014
        33         3       263                1.830620747            -0.035200043
        33         3       263                0.101246702             0.046394876
        33         3       263                0.039017713             0.014711869
        33         3       263                5.675392444            -0.313093179
        33         3       263                1.471544513            -0.289732891
        33         3       263                0.518764978            -0.151980052
        33         3       263                0.206529277            -0.022928014
        33         4       264                1.830620747            -0.035200043
        33         4       264                0.101246702             0.046394876
        33         4       264                0.039017713             0.014711869
        33         4       264                5.675392444            -0.313093179
        33         4       264                1.471544513            -0.289732891
        33         4       264                0.518764978            -0.151980052
        33         4       264                0.206529277            -0.022928014
        34         1       265               35.000063779            -0.122904498
        34         1       265                6.027300596            -0.150021150
        34         1       265                0.484319320             0.240217747
        34         1       265                0.184586081             0.095738135
        34         2       266                5.641174642             0.707993362
        34         2       266                1.462672348             0.655169060
        34         2       266                0.515637265             0.343670430
        34         2       266                0.205284080             0.051846808
        34         3       267                5.641174642             0.707993362
        34         3       267                1.462672348             0.655169060
        34         3       267                0.515637265             0.343670430
        34         3       267                0.205284080             0.051846808
        34         4       268                5.641174642             0.707993362
        34         4       268                1.462672348             0.655169060
        34         4       268                0.515637265             0.343670430
        34         4       268                0.205284080             0.051846808
        34         1       269                0.383508475            -0.068135703
        34         1       269                0.047072234             0.068267031
        34         1       269                0.022226267             0.010211914
        34         1       269               35.000063779             0.056465419
        34         1       269                6.027300596             0.068923491
        34         1       269                0.484319320            -0.110362078
        34         1       269                0.184586081            -0.043984509
        34         2       270                1.830620747            -0.035233192
        34         2       270                0.101246702             0.046438567
        34         2       270                0.039017713             0.014725723
        34         2       270                5.641174642            -0.312542673
        34         2       270                1.462672348            -0.289223459
        34         2       270                0.515637265            -0.151712828
        34         2       270                0.205284080            -0.022887700
        34         3       271                1.830620747            -0.035233192
        34         3       271                0.101246702             0.046438567
        34         3       271                0.039017713             0.014725723
        34         3       271                5.641174642            -0.312542673
        34         3       271                1.462672348            -0.289223459
        34         3       271                0.515637265            -0.151712828
        34         3       271                0.205284080            -0.022887700
        34         4       272                1.830620747            -0.035233192
        34         4       272                0.101246702             0.046438567
        34         4       272                0.039017713             0.014725723
        34         4       272                5.641174642            -0.312542673
        34         4       272                1.462672348            -0.289223459
        34         4       272                0.515637265            -0.151712828
        34         4       272                0.205284080            -0.022887700
        35         1       273               34.902150276            -0.122646536
        35         1       273                6.010439081            -0.149706274
        35         1       273                0.482964426             0.239713559
        35         1       273                0.184069697             0.095537193
        35         2       274                5.625393323             0.705518443
        35         2       274                1.458580488             0.652878798
        35         2       274                0.514194758             0.342469068
        35         2       274                0.204709793             0.051665568
        35         3       275                5.625393323             0.705518443
        35         3       275                1.458580488             0.652878798
        35         3       275                0.514194758             0.342469068
        35         3       275                0.204709793             0.051665568
        35         4       276                5.625393323             0.705518443
        35         4       276                1.458580488             0.652878798
        35         4       276                0.514194758             0.342469068
        35         4       276                0.204709793             0.051665568
        35         1       277                0.383508475            -0.068167548
        35         1       277                0.047072234             0.068298938
        35         1       277                0.022226267             0.010216687
        35         1       277               34.902150276             0.056497844
        35         1       277                6.010439081             0.068963070
        35         1       277                0.482964426            -0.110425453
        35         1       277                0.184069697            -0.044009767
        35         2       278                1.830620747            -0.035248661
        35         2       278                0.101246702             0.046458956
        35         2       278                0.039017713             0.014732189
        35         2       278                5.625393323            -0.312287625
        35         2       278                1.458580488            -0.288987441
        35         2       278                0.514194758            -0.151589024
        35         2       278                0.204709793            -0.022869023
        35         3       279                1.830620747            -0.035248661
        35         3       279                0.101246702             0.046458956
        35         3       279                0.039017713             0.014732189
        35         3       279                5.625393323            -0.312287625
        35         3       279                1.458580488            -0.288987441
        35         3       279                0.514194758            -0.151589024
        35         3       279                0.204709793            -0.022869023
        35         4       280                1.830620747            -0.035248661
        35         4       280                0.101246702             0.046458956
        35         4       280                0.039017713             0.014732189
        35         4       280                5.625393323            -0.312287625
        35         4       280                1.458580488            -0.288987441
        35         4       280                0.514194758            -0.151589024
        35         4       280                0.204709793            -0.022869023
        36         1       281               34.901456405            -0.122644708
        36         1       281                6.010319590            -0.149704041
        36         1       281                0.482954824             0.239709985
        36         1       281                0.184066038             0.095535768
        36         2       282                5.625281487             0.705500910
        36         2       282                1.458551490             0.652862574
        36         2       282                0.514184535             0.342460558
        36         2       282                0.204705724             0.051664284
        36         3       283                5.625281487             0.705500910
        36         3       283                1.458551490             0.652862574
        36         3       283                0.514184535             0.342460558
        36         3       283                0.204705724             0.051664284
        36         4       284                5.625281487             0.705500910
        36         4       284                1.458551490             0.652862574
        36         4       284                0.514184535             0.342460558
        36         4       284                0.204705724             0.051664284
        36         1       285                0.383508475            -0.068167775
        36         1       285                0.047072234             0.068299165
        36         1       285                0.022226267             0.010216720
        36         1       285               34.901456405             0.056498074
        36         1       285                6.010319590             0.068963351
        36         1       285                0.482954824            -0.110425902
        36         1       285                0.184066038            -0.044009946
        36         2       286                1.830620747            -0.035248771
        36         2       286                0.101246702             0.046459101
        36         2       286                0.039017713             0.014732235
        36         2       286                5.625281487            -0.312285815
        36         2       286                1.458551490            -0.288985766
        36         2       286                0.514184535            -0.151588145
        36         2       286                0.204705724            -0.022868891
        36         3       287                1.830620747            -0.035248771
        36         3       287                0.101246702             0.046459101
        36         3       287                0.039017713             0.014732235
        36         3       287                5.625281487            -0.312285815
        36         3       287                1.458551490            -0.288985766
        36         3       287                0.514184535            -0.151588145
        36         3       287                0.204705724            -0.022868891
        36         4       288                1.830620747            -0.035248771
        36         4       288                0.101246702             0.046459101
        36         4       288                0.039017713             0.014732235
        36         4       288                5.625281487            -0.312285815
        36         4       288                1.458551490            -0.288985766
        36         4       288                0.514184535            -0.151588145
        36         4       288                0.204705724            -0.022868891
        37         1       289               35.002113264            -0.122909895
        37         1       289                6.027653534            -0.150027738
        37         1       289                0.484347681             0.240228296
        37         1       289                0.184596890             0.095742340
        37         2       290                5.641504970             0.708045184
        37         2       290                1.462757997             0.655217016
        37         2       290                0.515667459             0.343695586
        37         2       290                0.205296101             0.051850603
        37         3       291                5.641504970             0.708045184
        37         3       291                1.462757997             0.655217016
        37         3       291                0.515667459             0.343695586
        37         3       291                0.205296101             0.051850603
        37         4       292                5.641504970             0.708045184
        37         4       292                1.462757997             0.655217016
        37         4       292                0.515667459             0.343695586
        37         4       292                0.205296101             0.051850603
        37         1       293                0.383508475            -0.068135039
        37         1       293                0.047072234             0.068266366
        37         1       293                0.022226267             0.010211814
        37         1       293               35.002113264             0.056464741
        37         1       293                6.027653534             0.068922664
        37         1       293                0.484347681            -0.110360753
        37         1       293                0.184596890            -0.043983980
        37         2       294                1.830620747            -0.035232869
        37         2       294                0.101246702             0.046438142
        37         2       294                0.039017713             0.014725589
        37         2       294                5.641504970            -0.312548004
        37         2       294                1.462757997            -0.289228392
        37         2       294                0.515667459            -0.151715415
        37         2       294                0.205296101            -0.022888091
        37         3       295                1.830620747            -0.035232869
        37         3       295                0.101246702             0.046438142
        37         3       295                0.039017713             0.014725589
        37         3       295                5.641504970            -0.312548004
        37         3       295                1.462757997            -0.289228392
        37         3       295                0.515667459            -0.151715415
        37         3       295                0.205296101            -0.022888091
        37         4       296                1.830620747            -0.035232869
        37         4       296                0.101246702             0.046438142
        37         4       296                0.039017713             0.014725589
        37         4       296                5.641504970            -0.312548004
        37         4       296                1.462757997            -0.289228392
        37         4       296                0.515667459            -0.151715415
        37         4       296                0.205296101            -0.022888091
        38         1       297               35.213401679            -0.123465931
        38         1       297                6.064039148            -0.150706453
        38         1       297                0.487271420             0.241315072
        38         1       297                0.185711199             0.096175471
        38         2       298                5.675559618             0.713391806
        38         2       298                1.471587859             0.660164719
        38         2       298                0.518780258             0.346290915
        38         2       298                0.206535360             0.052242140
        38         3       299                5.675559618             0.713391806
        38         3       299                1.471587859             0.660164719
        38         3       299                0.518780258             0.346290915
        38         3       299                0.206535360             0.052242140
        38         4       300                5.675559618             0.713391806
        38         4       300                1.471587859             0.660164719
        38         4       300                0.518780258             0.346290915
        38         4       300                0.206535360             0.052242140
        38         1       301                0.383508475            -0.068067132
        38         1       301                0.047072234             0.068198328
        38         1       301                0.022226267             0.010201637
        38         1       301               35.213401679             0.056395028
        38         1       301                6.064039148             0.068837569
        38         1       301                0.487271420            -0.110224497
        38         1       301                0.185711199            -0.043929676
        38         2       302                1.830620747            -0.035199883
        38         2       302                0.101246702             0.046394664
        38         2       302                0.039017713             0.014711802
        38         2       302                5.675559618            -0.313095860
        38         2       302                1.471587859            -0.289735372
        38         2       302                0.518780258            -0.151981353
        38         2       302                0.206535360            -0.022928211
        38         3       303                1.830620747            -0.035199883
        38         3       303                0.101246702             0.046394664
        38         3       303                0.039017713             0.014711802
        38         3       303                5.675559618            -0.313095860
        38         3       303                1.471587859            -0.289735372
        38         3       303                0.518780258            -0.151981353
        38         3       303                0.206535360            -0.022928211
        38         4       304                1.830620747            -0.035199883
        38         4       304                0.101246702             0.046394664
        38         4       304                0.039017713             0.014711802
        38         4       304                5.675559618            -0.313095860
        38         4       304                1.471587859            -0.289735372
        38         4       304                0.518780258            -0.151981353
        38         4       304                0.206535360            -0.022928211
        39         1       305               35.009133689            -0.122928384
        39         1       305                6.028862510            -0.150050306
        39         1       305                0.484444827             0.240264433
        39         1       305                0.184633914             0.095756742
        39         2       306                5.642636495             0.708222706
        39         2       306                1.463051385             0.655381292
        39         2       306                0.515770887             0.343781757
        39         2       306                0.205337278             0.051863603
        39         3       307                5.642636495             0.708222706
        39         3       307                1.463051385             0.655381292
        39         3       307                0.515770887             0.343781757
        39         3       307                0.205337278             0.051863603
        39         4       308                5.642636495             0.708222706
        39         4       308                1.463051385             0.655381292
        39         4       308                0.515770887             0.343781757
        39         4       308                0.205337278             0.051863603
        39         1       309                0.383508475            -0.068132765
        39         1       309                0.047072234             0.068264088
        39         1       309                0.022226267             0.010211473
        39         1       309               35.009133689             0.056462419
        39         1       309                6.028862510             0.068919830
        39         1       309                0.484444827            -0.110356214
        39         1       309                0.184633914            -0.043982172
        39         2       310                1.830620747            -0.035231764
        39         2       310                0.101246702             0.046436686
        39         2       310                0.039017713             0.014725127
        39         2       310                5.642636495            -0.312566262
        39         2       310                1.463051385            -0.289245288
        39         2       310                0.515770887            -0.151724278
        39         2       310                0.205337278            -0.022889428
        39         3       311                1.830620747            -0.035231764
        39         3       311                0.101246702             0.046436686
        39         3       311                0.039017713             0.014725127
        39         3       311                5.642636495            -0.312566262
        39         3       311                1.463051385            -0.289245288
        39         3       311                0.515770887            -0.151724278
        39         3       311                0.205337278            -0.022889428
        39         4       312                1.830620747            -0.035231764
        39         4       312                0.101246702             0.046436686
        39         4       312                0.039017713             0.014725127
        39         4       312                5.642636495            -0.312566262
        39         4       312                1.463051385            -0.289245288
        39         4       312                0.515770887            -0.151724278
        39         4       312                0.205337278            -0.022889428
        40         1       313               35.036023350            -0.122999191
        40         1       313                6.033493132            -0.150136735
        40         1       313                0.484816917             0.240402825
        40         1       313                0.184775727             0.095811898
        40         2       314                5.646970466             0.708902732
        40         2       314                1.464175119             0.656010581
        40         2       314                0.516167038             0.344111852
        40         2       314                0.205494992             0.051913402
        40         3       315                5.646970466             0.708902732
        40         3       315                1.464175119             0.656010581
        40         3       315                0.516167038             0.344111852
        40         3       315                0.205494992             0.051913402
        40         4       316                5.646970466             0.708902732
        40         4       316                1.464175119             0.656010581
        40         4       316                0.516167038             0.344111852
        40         4       316                0.205494992             0.051913402
        40         1       317                0.383508475            -0.068124067
        40         1       317                0.047072234             0.068255373
        40         1       317                0.022226267             0.010210170
        40         1       317               35.036023350             0.056453529
        40         1       317                6.033493132             0.068908978
        40         1       317                0.484816917            -0.110338839
        40         1       317                0.184775727            -0.043975247
        40         2       318                1.830620747            -0.035227539
        40         2       318                0.101246702             0.046431117
        40         2       318                0.039017713             0.014723361
        40         2       318                5.646970466            -0.312636158
        40         2       318                1.464175119            -0.289309970
        40         2       318                0.516167038            -0.151758207
        40         2       318                0.205494992            -0.022894546
        40         3       319                1.830620747            -0.035227539
        40         3       319                0.101246702             0.046431117
        40         3       319                0.039017713             0.014723361
        40         3       319                5.646970466            -0.312636158
        40         3       319                1.464175119            -0.289309970
        40         3       319                0.516167038            -0.151758207
        40         3       319                0.205494992            -0.022894546
        40         4       320                1.830620747            -0.035227539
        40         4       320                0.101246702             0.046431117
        40         4       320                0.039017713             0.014723361
        40         4       320                5.646970466            -0.312636158
        40         4       320                1.464175119            -0.289309970
        40         4       320                0.516167038            -0.151758207
        40         4       320                0.205494992            -0.022894546
        41         1       321               57.503751573            -0.178356230
        41         1       321                9.902621844            -0.217707303
        41         1       321                0.795717918             0.348598566
        41         1       321                0.303267794             0.138933019
        41         2       322                6.778080825             0.890636898
        41         2       322                1.757455145             0.824185325
        41         2       322                0.619557323             0.432328300
        41         2       322                0.246656446             0.065221911
        41         3       323                6.778080825             0.890636898
        41         3       323                1.757455145             0.824185325
        41         3       323                0.619557323             0.432328300
        41         3       323                0.246656446             0.065221911
        41         4       324                6.778080825             0.890636898
        41         4       324                1.757455145             0.824185325
        41         4       324                0.619557323             0.432328300
        41         4       324                0.246656446             0.065221911
        41         1       325                0.478949873            -0.077549425
        41         1       325                0.058786811             0.077698898
        41         1       325                0.027757581             0.011622806
        41         1       325               57.503751573             0.062830941
        41         1       325                9.902621844             0.076693450
        41         1       325                0.795717918            -0.122803537
        41         1       325                0.303267794            -0.048943019
        41         2       326                2.286196081            -0.046805506
        41         2       326                0.126443347             0.061691278
        41         2       326                0.048727812             0.019562376
        41         2       326                6.778080825            -0.407978506
        41         2       326                1.757455145            -0.377538701
        41         2       326                0.619557323            -0.198038790
        41         2       326                0.246656446            -0.029876528
        41         3       327                2.286196081            -0.046805506
        41         3       327                0.126443347             0.061691278
        41         3       327                0.048727812             0.019562376
        41         3       327                6.778080825            -0.407978506
        41         3       327                1.757455145            -0.377538701
        41         3       327                0.619557323            -0.198038790
        41         3       327                0.246656446            -0.029876528
        41         4       328                2.286196081            -0.046805506
        41         4       328                0.126443347             0.061691278
        41         4       328                0.048727812             0.019562376
        41         4       328                6.778080825            -0.407978506
        41         4       328                1.757455145            -0.377538701
        41         4       328                0.619557323            -0.198038790
        41         4       328                0.246656446            -0.029876528
        42         1       329               35.837060379            -0.125102340
        42         1       329                6.171438336            -0.152703906
        42         1       329                0.495901403             0.244513446
        42         1       329                0.189000299             0.097450175
        42         2       330                5.776078510             0.729220071
        42         2       330                1.497650907             0.674812017
        42         2       330                0.527968289             0.353974189
        42         2       330                0.210193274             0.053401254
        42         3       331                5.776078510             0.729220071
        42         3       331                1.497650907             0.674812017
        42         3       331                0.527968289             0.353974189
        42         3       331                0.210193274             0.053401254
        42         4       332                5.776078510             0.729220071
        42         4       332                1.497650907             0.674812017
        42         4       332                0.527968289             0.353974189
        42         4       332                0.210193274             0.053401254
        42         1       333                0.383508475            -0.067872883
        42         1       333                0.047072234             0.068003705
        42         1       333                0.022226267             0.010172523
        42         1       333               35.837060379             0.056191228
        42         1       333                6.171438336             0.068588805
        42         1       333                0.495901403            -0.109826169
        42         1       333                0.189000299            -0.043770923
        42         2       334                1.830620747            -0.035105528
        42         2       334                0.101246702             0.046270302
        42         2       334                0.039017713             0.014672367
        42         2       334                5.776078510            -0.314693372
        42         2       334                1.497650907            -0.291213692
        42         2       334                0.527968289            -0.152756809
        42         2       334                0.210193274            -0.023045197
        42         3       335                1.830620747            -0.035105528
        42         3       335                0.101246702             0.046270302
        42         3       335                0.039017713             0.014672367
        42         3       335                5.776078510            -0.314693372
        42         3       335                1.497650907            -0.291213692
        42         3       335                0.527968289            -0.152756809
        42         3       335                0.210193274            -0.023045197
        42         4       336                1.830620747            -0.035105528
        42         4       336                0.101246702             0.046270302
        42         4       336                0.039017713             0.014672367
        42         4       336                5.776078510            -0.314693372
        42         4       336                1.497650907            -0.291213692
        42         4       336                0.527968289            -0.152756809
        42         4       336                0.210193274            -0.023045197
        43         1       337               35.188190079            -0.123399627
        43         1       337                6.059697502            -0.150625520
        43         1       337                0.486922550             0.241185480
        43         1       337                0.185578236             0.096123823
        43         2       338                5.671496110             0.712753408
        43         2       338                1.470534252             0.659573953
        43         2       338                0.518408829             0.345981027
        43         2       338                0.206387488             0.052195389
        43         3       339                5.671496110             0.712753408
        43         3       339                1.470534252             0.659573953
        43         3       339                0.518408829             0.345981027
        43         3       339                0.206387488             0.052195389
        43         4       340                5.671496110             0.712753408
        43         4       340                1.470534252             0.659573953
        43         4       340                0.518408829             0.345981027
        43         4       340                0.206387488             0.052195389
        43         1       341                0.383508475            -0.068075178
        43         1       341                0.047072234             0.068206390
        43         1       341                0.022226267             0.010202842
        43         1       341               35.188190079             0.056403328
        43         1       341                6.059697502             0.068847701
        43         1       341                0.486922550            -0.110240720
        43         1       341                0.185578236            -0.043936142
        43         2       342                1.830620747            -0.035203791
        43         2       342                0.101246702             0.046399816
        43         2       342                0.039017713             0.014713435
        43         2       342                5.671496110            -0.313030666
        43         2       342                1.470534252            -0.289675042
        43         2       342                0.518408829            -0.151949707
        43         2       342                0.206387488            -0.022923436
        43         3       343                1.830620747            -0.035203791
        43         3       343                0.101246702             0.046399816
        43         3       343                0.039017713             0.014713435
        43         3       343                5.671496110            -0.313030666
        43         3       343                1.470534252            -0.289675042
        43         3       343                0.518408829            -0.151949707
        43         3       343                0.206387488            -0.022923436
        43         4       344                1.830620747            -0.035203791
        43         4       344                0.101246702             0.046399816
        43         4       344                0.039017713             0.014713435
        43         4       344                5.671496110            -0.313030666
        43         4       344                1.470534252            -0.289675042
        43         4       344                0.518408829            -0.151949707
        43         4       344                0.206387488            -0.022923436
        44         1       345               35.001840355            -0.122909177
        44         1       345                6.027606537            -0.150026861
        44         1       345                0.484343904             0.240226891
        44         1       345                0.184595450             0.095741780
        44         2       346                5.641460983             0.708038283
        44         2       346                1.462746592             0.655210630
        44         2       346                0.515663438             0.343692236
        44         2       346                0.205294501             0.051850098
        44         3       347                5.641460983             0.708038283
        44         3       347                1.462746592             0.655210630
        44         3       347                0.515663438             0.343692236
        44         3       347                0.205294501             0.051850098
        44         4       348                5.641460983             0.708038283
        44         4       348                1.462746592             0.655210630
        44         4       348                0.515663438             0.343692236
        44         4       348                0.205294501             0.051850098
        44         1       349                0.383508475            -0.068135127
        44         1       349                0.047072234             0.068266455
        44         1       349                0.022226267             0.010211827
        44         1       349               35.001840355             0.056464831
        44         1       349                6.027606537             0.068922774
        44         1       349                0.484343904            -0.110360929
        44         1       349                0.184595450            -0.043984051
        44         2       350                1.830620747            -0.035232912
        44         2       350                0.101246702             0.046438198
        44         2       350                0.039017713             0.014725607
        44         2       350                5.641460983            -0.312547294
        44         2       350                1.462746592            -0.289227736
        44         2       350                0.515663438            -0.151715071
        44         2       350                0.205294501            -0.022888039
        44         3       351                1.830620747            -0.035232912
        44         3       351                0.101246702             0.046438198
        44         3       351                0.039017713             0.014725607
        44         3       351                5.641460983            -0.312547294
        44         3       351                1.462746592            -0.289227736
        44         3       351                0.515663438            -0.151715071
        44         3       351                0.205294501            -0.022888039
        44         4       352                1.830620747            -0.035232912
        44         4       352                0.101246702             0.046438198
        44         4       352                0.039017713             0.014725607
        44         4       352                5.641460983            -0.312547294
        44         4       352                1.462746592            -0.289227736
        44         4       352                0.515663438            -0.151715071
        44         4       352                0.205294501            -0.022888039
        45         1       353               34.907029640            -0.122659396
        45         1       353                6.011279347            -0.149721970
        45         1       353                0.483031945             0.239738693
        45         1       353                0.184095430             0.095547210
        45         2       354                5.626179760             0.705641735
        45         2       354                1.458784399             0.652992891
        45         2       354                0.514266643             0.342528916
        45         2       354                0.204738412             0.051674597
        45         3       355                5.626179760             0.705641735
        45         3       355                1.458784399             0.652992891
        45         3       355                0.514266643             0.342528916
        45         3       355                0.204738412             0.051674597
        45         4       356                5.626179760             0.705641735
        45         4       356                1.458784399             0.652992891
        45         4       356                0.514266643             0.342528916
        45         4       356                0.204738412             0.051674597
        45         1       357                0.383508475            -0.068165956
        45         1       357                0.047072234             0.068297342
        45         1       357                0.022226267             0.010216448
        45         1       357               34.907029640             0.056496227
        45         1       357                6.011279347             0.068961096
        45         1       357                0.483031945            -0.110422291
        45         1       357                0.184095430            -0.044008506
        45         2       358                1.830620747            -0.035247887
        45         2       358                0.101246702             0.046457936
        45         2       358                0.039017713             0.014731866
        45         2       358                5.626179760            -0.312300352
        45         2       358                1.458784399            -0.288999218
        45         2       358                0.514266643            -0.151595202
        45         2       358                0.204738412            -0.022869955
        45         3       359                1.830620747            -0.035247887
        45         3       359                0.101246702             0.046457936
        45         3       359                0.039017713             0.014731866
        45         3       359                5.626179760            -0.312300352
        45         3       359                1.458784399            -0.288999218
        45         3       359                0.514266643            -0.151595202
        45         3       359                0.204738412            -0.022869955
        45         4       360                1.830620747            -0.035247887
        45         4       360                0.101246702             0.046457936
        45         4       360                0.039017713             0.014731866
        45         4       360                5.626179760            -0.312300352
        45         4       360                1.458784399            -0.288999218
        45         4       360                0.514266643            -0.151595202
        45         4       360                0.204738412            -0.022869955
        46         1       361               34.914118047            -0.122678076
        46         1       361                6.012500030            -0.149744772
        46         1       361                0.483130032             0.239775204
        46         1       361                0.184132814             0.095561761
        46         2       362                5.627322242             0.705820854
        46         2       362                1.459080628             0.653158646
        46         2       362                0.514371072             0.342615863
        46         2       362                0.204779987             0.051687714
        46         3       363                5.627322242             0.705820854
        46         3       363                1.459080628             0.653158646
        46         3       363                0.514371072             0.342615863
        46         3       363                0.204779987             0.051687714
        46         4       364                5.627322242             0.705820854
        46         4       364                1.459080628             0.653158646
        46         4       364                0.514371072             0.342615863
        46         4       364                0.204779987             0.051687714
        46         1       365                0.383508475            -0.068163643
        46         1       365                0.047072234             0.068295025
        46         1       365                0.022226267             0.010216101
        46         1       365               34.914118047             0.056493877
        46         1       365                6.012500030             0.068958228
        46         1       365                0.483130032            -0.110417699
        46         1       365                0.184132814            -0.044006676
        46         2       366                1.830620747            -0.035246764
        46         2       366                0.101246702             0.046456456
        46         2       366                0.039017713             0.014731396
        46         2       366                5.627322242            -0.312318838
        46         2       366                1.459080628            -0.289016325
        46         2       366                0.514371072            -0.151604175
        46         2       366                0.204779987            -0.022871309
        46         3       367                1.830620747            -0.035246764
        46         3       367                0.101246702             0.046456456
        46         3       367                0.039017713             0.014731396
        46         3       367                5.627322242            -0.312318838
        46         3       367                1.459080628            -0.289016325
        46         3       367                0.514371072            -0.151604175
        46         3       367                0.204779987            -0.022871309
        46         4       368                1.830620747            -0.035246764
        46         4       368                0.101246702             0.046456456
        46         4       368                0.039017713             0.014731396
        46         4       368                5.627322242            -0.312318838
        46         4       368                1.459080628            -0.289016325
        46         4       368                0.514371072            -0.151604175
        46         4       368                0.204779987            -0.022871309
        47         1       369               35.002498034            -0.122910909
        47         1       369                6.027719795            -0.150028975
        47         1       369                0.484353005             0.240230277
        47         1       369                0.184598919             0.095743129
        47         2       370                5.641566986             0.708054913
        47         2       370                1.462774077             0.655226019
        47         2       370                0.515673128             0.343700309
        47         2       370                0.205298358             0.051851315
        47         3       371                5.641566986             0.708054913
        47         3       371                1.462774077             0.655226019
        47         3       371                0.515673128             0.343700309
        47         3       371                0.205298358             0.051851315
        47         4       372                5.641566986             0.708054913
        47         4       372                1.462774077             0.655226019
        47         4       372                0.515673128             0.343700309
        47         4       372                0.205298358             0.051851315
        47         1       373                0.383508475            -0.068134914
        47         1       373                0.047072234             0.068266241
        47         1       373                0.022226267             0.010211795
        47         1       373               35.002498034             0.056464614
        47         1       373                6.027719795             0.068922508
        47         1       373                0.484353005            -0.110360504
        47         1       373                0.184598919            -0.043983881
        47         2       374                1.830620747            -0.035232808
        47         2       374                0.101246702             0.046438062
        47         2       374                0.039017713             0.014725563
        47         2       374                5.641566986            -0.312549005
        47         2       374                1.462774077            -0.289229318
        47         2       374                0.515673128            -0.151715901
        47         2       374                0.205298358            -0.022888164
        47         3       375                1.830620747            -0.035232808
        47         3       375                0.101246702             0.046438062
        47         3       375                0.039017713             0.014725563
        47         3       375                5.641566986            -0.312549005
        47         3       375                1.462774077            -0.289229318
        47         3       375                0.515673128            -0.151715901
        47         3       375                0.205298358            -0.022888164
        47         4       376                1.830620747            -0.035232808
        47         4       376                0.101246702             0.046438062
        47         4       376                0.039017713             0.014725563
        47         4       376                5.641566986            -0.312549005
        47         4       376                1.462774077            -0.289229318
        47         4       376                0.515673128            -0.151715901
        47         4       376                0.205298358            -0.022888164
        48         1       377               35.178459869            -0.123374034
        48         1       377                6.058021879            -0.150594281
        48         1       377                0.486787907             0.241135459
        48         1       377                0.185526920             0.096103887
        48         2       378                5.669927832             0.712507054
        48         2       378                1.470127621             0.659345980
        48         2       378                0.518265479             0.345861443
        48         2       378                0.206330418             0.052177349
        48         3       379                5.669927832             0.712507054
        48         3       379                1.470127621             0.659345980
        48         3       379                0.518265479             0.345861443
        48         3       379                0.206330418             0.052177349
        48         4       380                5.669927832             0.712507054
        48         4       380                1.470127621             0.659345980
        48         4       380                0.518265479             0.345861443
        48         4       380                0.206330418             0.052177349
        48         1       381                0.383508475            -0.068078287
        48         1       381                0.047072234             0.068209505
        48         1       381                0.022226267             0.010203308
        48         1       381               35.178459869             0.056406533
        48         1       381                6.058021879             0.068851613
        48         1       381                0.486787907            -0.110246984
        48         1       381                0.185526920            -0.043938638
        48         2       382                1.830620747            -0.035205301
        48         2       382                0.101246702             0.046401806
        48         2       382                0.039017713             0.014714067
        48         2       382                5.669927832            -0.313005492
        48         2       382                1.470127621            -0.289651747
        48         2       382                0.518265479            -0.151937487
        48         2       382                0.206330418            -0.022921593
        48         3       383                1.830620747            -0.035205301
        48         3       383                0.101246702             0.046401806
        48         3       383                0.039017713             0.014714067
        48         3       383                5.669927832            -0.313005492
        48         3       383                1.470127621            -0.289651747
        48         3       383                0.518265479            -0.151937487
        48         3       383                0.206330418            -0.022921593
        48         4       384                1.830620747            -0.035205301
        48         4       384                0.101246702             0.046401806
        48         4       384                0.039017713             0.014714067
        48         4       384                5.669927832            -0.313005492
        48         4       384                1.470127621            -0.289651747
        48         4       384                0.518265479            -0.151937487
        48         4       384                0.206330418            -0.022921593
        49         1       385               35.183225871            -0.123386570
        49         1       385                6.058842624            -0.150609583
        49         1       385                0.486853857             0.241159961
        49         1       385                0.185552055             0.096113652
        49         2       386                5.670695998             0.712627720
        49         2       386                1.470326795             0.659457642
        49         2       386                0.518335694             0.345920016
        49         2       386                0.206358372             0.052186185
        49         3       387                5.670695998             0.712627720
        49         3       387                1.470326795             0.659457642
        49         3       387                0.518335694             0.345920016
        49         3       387                0.206358372             0.052186185
        49         4       388                5.670695998             0.712627720
        49         4       388                1.470326795             0.659457642
        49         4       388                0.518335694             0.345920016
        49         4       388                0.206358372             0.052186185
        49         1       389                0.383508475            -0.068076764
        49         1       389                0.047072234             0.068207979
        49         1       389                0.022226267             0.010203080
        49         1       389               35.183225871             0.056404963
        49         1       389                6.058842624             0.068849697
        49         1       389                0.486853857            -0.110243916
        49         1       389                0.185552055            -0.043937415
        49         2       390                1.830620747            -0.035204561
        49         2       390                0.101246702             0.046400831
        49         2       390                0.039017713             0.014713757
        49         2       390                5.670695998            -0.313017823
        49         2       390                1.470326795            -0.289663158
        49         2       390                0.518335694            -0.151943473
        49         2       390                0.206358372            -0.022922496
        49         3       391                1.830620747            -0.035204561
        49         3       391                0.101246702             0.046400831
        49         3       391                0.039017713             0.014713757
        49         3       391                5.670695998            -0.313017823
        49         3       391                1.470326795            -0.289663158
        49         3       391                0.518335694            -0.151943473
        49         3       391                0.206358372            -0.022922496
        49         4       392                1.830620747            -0.035204561
        49         4       392                0.101246702             0.046400831
        49         4       392                0.039017713             0.014713757
        49         4       392                5.670695998            -0.313017823
        49         4       392                1.470326795            -0.289663158
        49         4       392                0.518335694            -0.151943473
        49         4       392                0.206358372            -0.022922496
        50         1       393               35.008658876            -0.122927134
        50         1       393                6.028780743            -0.150048780
        50         1       393                0.484438257             0.240261989
        50         1       393                0.184631410             0.095755768
        50         2       394                5.642559966             0.708210699
        50         2       394                1.463031542             0.655370181
        50         2       394                0.515763892             0.343775929
        50         2       394                0.205334493             0.051862724
        50         3       395                5.642559966             0.708210699
        50         3       395                1.463031542             0.655370181
        50         3       395                0.515763892             0.343775929
        50         3       395                0.205334493             0.051862724
        50         4       396                5.642559966             0.708210699
        50         4       396                1.463031542             0.655370181
        50         4       396                0.515763892             0.343775929
        50         4       396                0.205334493             0.051862724
        50         1       397                0.383508475            -0.068132919
        50         1       397                0.047072234             0.068264242
        50         1       397                0.022226267             0.010211496
        50         1       397               35.008658876             0.056462576
        50         1       397                6.028780743             0.068920021
        50         1       397                0.484438257            -0.110356521
        50         1       397                0.184631410            -0.043982294
        50         2       398                1.830620747            -0.035231839
        50         2       398                0.101246702             0.046436784
        50         2       398                0.039017713             0.014725158
        50         2       398                5.642559966            -0.312565027
        50         2       398                1.463031542            -0.289244145
        50         2       398                0.515763892            -0.151723679
        50         2       398                0.205334493            -0.022889337
        50         3       399                1.830620747            -0.035231839
        50         3       399                0.101246702             0.046436784
        50         3       399                0.039017713             0.014725158
        50         3       399                5.642559966            -0.312565027
        50         3       399                1.463031542            -0.289244145
        50         3       399                0.515763892            -0.151723679
        50         3       399                0.205334493            -0.022889337
        50         4       400                1.830620747            -0.035231839
        50         4       400                0.101246702             0.046436784
        50         4       400                0.039017713             0.014725158
        50         4       400                5.642559966            -0.312565027
        50         4       400                1.463031542            -0.289244145
        50         4       400                0.515763892            -0.151723679
        50         4       400                0.205334493            -0.022889337
        51         1       401               34.908681347            -0.122663749
        51         1       401                6.011563785            -0.149727284
        51         1       401                0.483054801             0.239747201
        51         1       401                0.184104141             0.095550600
        51         2       402                5.626445976             0.705683472
        51         2       402                1.458853425             0.653031514
        51         2       402                0.514290976             0.342549176
        51         2       402                0.204748100             0.051677653
        51         3       403                5.626445976             0.705683472
        51         3       403                1.458853425             0.653031514
        51         3       403                0.514290976             0.342549176
        51         3       403                0.204748100             0.051677653
        51         4       404                5.626445976             0.705683472
        51         4       404                1.458853425             0.653031514
        51         4       404                0.514290976             0.342549176
        51         4       404                0.204748100             0.051677653
        51         1       405                0.383508475            -0.068165417
        51         1       405                0.047072234             0.068296802
        51         1       405                0.022226267             0.010216367
        51         1       405               34.908681347             0.056495679
        51         1       405                6.011563785             0.068960428
        51         1       405                0.483054801            -0.110421221
        51         1       405                0.184104141            -0.044008080
        51         2       406                1.830620747            -0.035247626
        51         2       406                0.101246702             0.046457591
        51         2       406                0.039017713             0.014731756
        51         2       406                5.626445976            -0.312304660
        51         2       406                1.458853425            -0.289003205
        51         2       406                0.514290976            -0.151597293
        51         2       406                0.204748100            -0.022870271
        51         3       407                1.830620747            -0.035247626
        51         3       407                0.101246702             0.046457591
        51         3       407                0.039017713             0.014731756
        51         3       407                5.626445976            -0.312304660
        51         3       407                1.458853425            -0.289003205
        51         3       407                0.514290976            -0.151597293
        51         3       407                0.204748100            -0.022870271
        51         4       408                1.830620747            -0.035247626
        51         4       408                0.101246702             0.046457591
        51         4       408                0.039017713             0.014731756
        51         4       408                5.626445976            -0.312304660
        51         4       408                1.458853425            -0.289003205
        51         4       408                0.514290976            -0.151597293
        51         4       408                0.204748100            -0.022870271
        52         1       409               34.908502128            -0.122663276
        52         1       409                6.011532922            -0.149726707
        52         1       409                0.483052321             0.239746277
        52         1       409                0.184103196             0.095550233
        52         2       410                5.626417090             0.705678943
        52         2       410                1.458845935             0.653027323
        52         2       410                0.514288336             0.342546978
        52         2       410                0.204747049             0.051677322
        52         3       411                5.626417090             0.705678943
        52         3       411                1.458845935             0.653027323
        52         3       411                0.514288336             0.342546978
        52         3       411                0.204747049             0.051677322
        52         4       412                5.626417090             0.705678943
        52         4       412                1.458845935             0.653027323
        52         4       412                0.514288336             0.342546978
        52         4       412                0.204747049             0.051677322
        52         1       413                0.383508475            -0.068165475
        52         1       413                0.047072234             0.068296861
        52         1       413                0.022226267             0.010216376
        52         1       413               34.908502128             0.056495738
        52         1       413                6.011532922             0.068960500
        52         1       413                0.483052321            -0.110421337
        52         1       413                0.184103196            -0.044008126
        52         2       414                1.830620747            -0.035247654
        52         2       414                0.101246702             0.046457629
        52         2       414                0.039017713             0.014731768
        52         2       414                5.626417090            -0.312304192
        52         2       414                1.458845935            -0.289002772
        52         2       414                0.514288336            -0.151597066
        52         2       414                0.204747049            -0.022870236
        52         3       415                1.830620747            -0.035247654
        52         3       415                0.101246702             0.046457629
        52         3       415                0.039017713             0.014731768
        52         3       415                5.626417090            -0.312304192
        52         3       415                1.458845935            -0.289002772
        52         3       415                0.514288336            -0.151597066
        52         3       415                0.204747049            -0.022870236
        52         4       416                1.830620747            -0.035247654
        52         4       416                0.101246702             0.046457629
        52         4       416                0.039017713             0.014731768
        52         4       416                5.626417090            -0.312304192
        52         4       416                1.458845935            -0.289002772
        52         4       416                0.514288336            -0.151597066
        52         4       416                0.204747049            -0.022870236
        53         1       417               35.001001145            -0.122906966
        53         1       417                6.027462018            -0.150024163
        53         1       417                0.484332291             0.240222572
        53         1       417                0.184591024             0.095740058
        53         2       418                5.641325723             0.708017063
        53         2       418                1.462711521             0.655190993
        53         2       418                0.515651075             0.343681936
        53         2       418                0.205289578             0.051848544
        53         3       419                5.641325723             0.708017063
        53         3       419                1.462711521             0.655190993
        53         3       419                0.515651075             0.343681936
        53         3       419                0.205289578             0.051848544
        53         4       420                5.641325723             0.708017063
        53         4       420                1.462711521             0.655190993
        53         4       420                0.515651075             0.343681936
        53         4       420                0.205289578             0.051848544
        53         1       421                0.383508475            -0.068135399
        53         1       421                0.047072234             0.068266727
        53         1       421                0.022226267             0.010211868
        53         1       421               35.001001145             0.056465109
        53         1       421                6.027462018             0.068923113
        53         1       421                0.484332291            -0.110361472
        53         1       421                0.184591024            -0.043984267
        53         2       422                1.830620747            -0.035233044
        53         2       422                0.101246702             0.046438372
        53         2       422                0.039017713             0.014725662
        53         2       422                5.641325723            -0.312545111
        53         2       422                1.462711521            -0.289225716
        53         2       422                0.515651075            -0.151714011
        53         2       422                0.205289578            -0.022887879
        53         3       423                1.830620747            -0.035233044
        53         3       423                0.101246702             0.046438372
        53         3       423                0.039017713             0.014725662
        53         3       423                5.641325723            -0.312545111
        53         3       423                1.462711521            -0.289225716
        53         3       423                0.515651075            -0.151714011
        53         3       423                0.205289578            -0.022887879
        53         4       424                1.830620747            -0.035233044
        53         4       424                0.101246702             0.046438372
        53         4       424                0.039017713             0.014725662
        53         4       424                5.641325723            -0.312545111
        53         4       424                1.462711521            -0.289225716
        53         4       424                0.515651075            -0.151714011
        53         4       424                0.205289578            -0.022887879
        54         1       425               35.151424850            -0.123302917
        54         1       425                6.053366225            -0.150507473
        54         1       425                0.486413805             0.240996459
        54         1       425                0.185384341             0.096048489
        54         2       426                5.665570433             0.711822658
        54         2       426                1.468997812             0.658712648
        54         2       426                0.517867187             0.345529228
        54         2       426                0.206171851             0.052127230
        54         3       427                5.665570433             0.711822658
        54         3       427                1.468997812             0.658712648
        54         3       427                0.517867187             0.345529228
        54         3       427                0.206171851             0.052127230
        54         4       428                5.665570433             0.711822658
        54         4       428                1.468997812             0.658712648
        54         4       428                0.517867187             0.345529228
        54         4       428                0.206171851             0.052127230
        54         1       429                0.383508475            -0.068086938
        54         1       429                0.047072234             0.068218173
        54         1       429                0.022226267             0.010204605
        54         1       429               35.151424850             0.056415441
        54         1       429                6.053366225             0.068862486
        54         1       429                0.486413805            -0.110264395
        54         1       429                0.185384341            -0.043945577
        54         2       430                1.830620747            -0.035209504
        54         2       430                0.101246702             0.046407345
        54         2       430                0.039017713             0.014715823
        54         2       430                5.665570433            -0.312935509
        54         2       430                1.468997812            -0.289586985
        54         2       430                0.517867187            -0.151903516
        54         2       430                0.206171851            -0.022916468
        54         3       431                1.830620747            -0.035209504
        54         3       431                0.101246702             0.046407345
        54         3       431                0.039017713             0.014715823
        54         3       431                5.665570433            -0.312935509
        54         3       431                1.468997812            -0.289586985
        54         3       431                0.517867187            -0.151903516
        54         3       431                0.206171851            -0.022916468
        54         4       432                1.830620747            -0.035209504
        54         4       432                0.101246702             0.046407345
        54         4       432                0.039017713             0.014715823
        54         4       432                5.665570433            -0.312935509
        54         4       432                1.468997812            -0.289586985
        54         4       432                0.517867187            -0.151903516
        54         4       432                0.206171851            -0.022916468
        55         1       433               35.654097951            -0.124623011
        55         1       433                6.139930692            -0.152118822
        55         1       433                0.493369629             0.243576593
        55         1       433                0.188035378             0.097076795
        55         2       434                5.746589335             0.724569347
        55         2       434                1.490004804             0.670508290
        55         2       434                0.525272802             0.351716659
        55         2       434                0.209120154             0.053060678
        55         3       435                5.746589335             0.724569347
        55         3       435                1.490004804             0.670508290
        55         3       435                0.525272802             0.351716659
        55         3       435                0.209120154             0.053060678
        55         4       436                5.746589335             0.724569347
        55         4       436                1.490004804             0.670508290
        55         4       436                0.525272802             0.351716659
        55         4       436                0.209120154             0.053060678
        55         1       437                0.383508475            -0.067928932
        55         1       437                0.047072234             0.068059862
        55         1       437                0.022226267             0.010180924
        55         1       437               35.654097951             0.056250716
        55         1       437                6.139930692             0.068661418
        55         1       437                0.493369629            -0.109942440
        55         1       437                0.188035378            -0.043817263
        55         2       438                1.830620747            -0.035132753
        55         2       438                0.101246702             0.046306185
        55         2       438                0.039017713             0.014683745
        55         2       438                5.746589335            -0.314227724
        55         2       438                1.490004804            -0.290782786
        55         2       438                0.525272802            -0.152530776
        55         2       438                0.209120154            -0.023011098
        55         3       439                1.830620747            -0.035132753
        55         3       439                0.101246702             0.046306185
        55         3       439                0.039017713             0.014683745
        55         3       439                5.746589335            -0.314227724
        55         3       439                1.490004804            -0.290782786
        55         3       439                0.525272802            -0.152530776
        55         3       439                0.209120154            -0.023011098
        55         4       440                1.830620747            -0.035132753
        55         4       440                0.101246702             0.046306185
        55         4       440                0.039017713             0.014683745
        55         4       440                5.746589335            -0.314227724
        55         4       440                1.490004804            -0.290782786
        55         4       440                0.525272802            -0.152530776
        55         4       440                0.209120154            -0.023011098
        56         1       441               35.002430936            -0.122910732
        56         1       441                6.027708240            -0.150028759
        56         1       441                0.484352076             0.240229931
        56         1       441                0.184598565             0.095742992
        56         2       442                5.641556171             0.708053217
        56         2       442                1.462771273             0.655224449
        56         2       442                0.515672139             0.343699485
        56         2       442                0.205297964             0.051851191
        56         3       443                5.641556171             0.708053217
        56         3       443                1.462771273             0.655224449
        56         3       443                0.515672139             0.343699485
        56         3       443                0.205297964             0.051851191
        56         4       444                5.641556171             0.708053217
        56         4       444                1.462771273             0.655224449
        56         4       444                0.515672139             0.343699485
        56         4       444                0.205297964             0.051851191
        56         1       445                0.383508475            -0.068134936
        56         1       445                0.047072234             0.068266263
        56         1       445                0.022226267             0.010211799
        56         1       445               35.002430936             0.056464636
        56         1       445                6.027708240             0.068922536
        56         1       445                0.484352076            -0.110360547
        56         1       445                0.184598565            -0.043983899
        56         2       446                1.830620747            -0.035232819
        56         2       446                0.101246702             0.046438076
        56         2       446                0.039017713             0.014725568
        56         2       446                5.641556171            -0.312548830
        56         2       446                1.462771273            -0.289229157
        56         2       446                0.515672139            -0.151715817
        56         2       446                0.205297964            -0.022888151
        56         3       447                1.830620747            -0.035232819
        56         3       447                0.101246702             0.046438076
        56         3       447                0.039017713             0.014725568
        56         3       447                5.641556171            -0.312548830
        56         3       447                1.462771273            -0.289229157
        56         3       447                0.515672139            -0.151715817
        56         3       447                0.205297964            -0.022888151
        56         4       448                1.830620747            -0.035232819
        56         4       448                0.101246702             0.046438076
        56         4       448                0.039017713             0.014725568
        56         4       448                5.641556171            -0.312548830
        56         4       448                1.462771273            -0.289229157
        56         4       448                0.515672139            -0.151715817
        56         4       448                0.205297964            -0.022888151
        57         1       449               34.903884079            -0.122651106
        57         1       449                6.010737656            -0.149711851
        57         1       449                0.482988418             0.239722490
        57         1       449                0.184078841             0.095540752
        57         2       450                5.625672770             0.705562252
        57         2       450                1.458652944             0.652919339
        57         2       450                0.514220301             0.342490334
        57         2       450                0.204719963             0.051668776
        57         3       451                5.625672770             0.705562252
        57         3       451                1.458652944             0.652919339
        57         3       451                0.514220301             0.342490334
        57         3       451                0.204719963             0.051668776
        57         4       452                5.625672770             0.705562252
        57         4       452                1.458652944             0.652919339
        57         4       452                0.514220301             0.342490334
        57         4       452                0.204719963             0.051668776
        57         1       453                0.383508475            -0.068166982
        57         1       453                0.047072234             0.068298371
        57         1       453                0.022226267             0.010216602
        57         1       453               34.903884079             0.056497269
        57         1       453                6.010737656             0.068962369
        57         1       453                0.482988418            -0.110424329
        57         1       453                0.184078841            -0.044009319
        57         2       454                1.830620747            -0.035248386
        57         2       454                0.101246702             0.046458594
        57         2       454                0.039017713             0.014732074
        57         2       454                5.625672770            -0.312292147
        57         2       454                1.458652944            -0.288991626
        57         2       454                0.514220301            -0.151591219
        57         2       454                0.204719963            -0.022869354
        57         3       455                1.830620747            -0.035248386
        57         3       455                0.101246702             0.046458594
        57         3       455                0.039017713             0.014732074
        57         3       455                5.625672770            -0.312292147
        57         3       455                1.458652944            -0.288991626
        57         3       455                0.514220301            -0.151591219
        57         3       455                0.204719963            -0.022869354
        57         4       456                1.830620747            -0.035248386
        57         4       456                0.101246702             0.046458594
        57         4       456                0.039017713             0.014732074
        57         4       456                5.625672770            -0.312292147
        57         4       456                1.458652944            -0.288991626
        57         4       456                0.514220301            -0.151591219
        57         4       456                0.204719963            -0.022869354
        58         1       457               34.984147772            -0.122862578
        58         1       457                6.024559728            -0.149969981
        58         1       457                0.484099080             0.240135814
        58         1       457                0.184502142             0.095705481
        58         2       458                5.638609361             0.707590941
        58         2       458                1.462007209             0.654796665
        58         2       458                0.515402783             0.343475090
        58         2       458                0.205190729             0.051817338
        58         3       459                5.638609361             0.707590941
        58         3       459                1.462007209             0.654796665
        58         3       459                0.515402783             0.343475090
        58         3       459                0.205190729             0.051817338
        58         4       460                5.638609361             0.707590941
        58         4       460                1.462007209             0.654796665
        58         4       460                0.515402783             0.343475090
        58         4       460                0.205190729             0.051817338
        58         1       461                0.383508475            -0.068140863
        58         1       461                0.047072234             0.068272202
        58         1       461                0.022226267             0.010212687
        58         1       461               34.984147772             0.056470685
        58         1       461                6.024559728             0.068929919
        58         1       461                0.484099080            -0.110372369
        58         1       461                0.184502142            -0.043988610
        58         2       462                1.830620747            -0.035235698
        58         2       462                0.101246702             0.046441871
        58         2       462                0.039017713             0.014726771
        58         2       462                5.638609361            -0.312501264
        58         2       462                1.462007209            -0.289185140
        58         2       462                0.515402783            -0.151692727
        58         2       462                0.205190729            -0.022884668
        58         3       463                1.830620747            -0.035235698
        58         3       463                0.101246702             0.046441871
        58         3       463                0.039017713             0.014726771
        58         3       463                5.638609361            -0.312501264
        58         3       463                1.462007209            -0.289185140
        58         3       463                0.515402783            -0.151692727
        58         3       463                0.205190729            -0.022884668
        58         4       464                1.830620747            -0.035235698
        58         4       464                0.101246702             0.046441871
        58         4       464                0.039017713             0.014726771
        58         4       464                5.638609361            -0.312501264
        58         4       464                1.462007209            -0.289185140
        58         4       464                0.515402783            -0.151692727
        58         4       464                0.205190729            -0.022884668
        59         1       465               35.158339028            -0.123321106
        59         1       465                6.054556903            -0.150529675
        59         1       465                0.486509481             0.241032011
        59         1       465                0.185420805             0.096062658
        59         2       466                5.666684833             0.711997679
        59         2       466                1.469286760             0.658874610
        59         2       466                0.517969050             0.345614185
        59         2       466                0.206212404             0.052140047
        59         3       467                5.666684833             0.711997679
        59         3       467                1.469286760             0.658874610
        59         3       467                0.517969050             0.345614185
        59         3       467                0.206212404             0.052140047
        59         4       468                5.666684833             0.711997679
        59         4       468                1.469286760             0.658874610
        59         4       468                0.517969050             0.345614185
        59         4       468                0.206212404             0.052140047
        59         1       469                0.383508475            -0.068084724
        59         1       469                0.047072234             0.068215954
        59         1       469                0.022226267             0.010204273
        59         1       469               35.158339028             0.056413162
        59         1       469                6.054556903             0.068859705
        59         1       469                0.486509481            -0.110259941
        59         1       469                0.185420805            -0.043943802
        59         2       470                1.830620747            -0.035208428
        59         2       470                0.101246702             0.046405928
        59         2       470                0.039017713             0.014715374
        59         2       470                5.666684833            -0.312953412
        59         2       470                1.469286760            -0.289603553
        59         2       470                0.517969050            -0.151912207
        59         2       470                0.206212404            -0.022917779
        59         3       471                1.830620747            -0.035208428
        59         3       471                0.101246702             0.046405928
        59         3       471                0.039017713             0.014715374
        59         3       471                5.666684833            -0.312953412
        59         3       471                1.469286760            -0.289603553
        59         3       471                0.517969050            -0.151912207
        59         3       471                0.206212404            -0.022917779
        59         4       472                1.830620747            -0.035208428
        59         4       472                0.101246702             0.046405928
        59         4       472                0.039017713             0.014715374
        59         4       472                5.666684833            -0.312953412
        59         4       472                1.469286760            -0.289603553
        59         4       472                0.517969050            -0.151912207
        59         4       472                0.206212404            -0.022917779
        60         1       473               34.987407352            -0.122871163
        60         1       473                6.025121055            -0.149980461
        60         1       473                0.484144185             0.240152595
        60         1       473                0.184519332             0.095712169
        60         2       474                5.639134728             0.707673353
        60         2       474                1.462143429             0.654872927
        60         2       474                0.515450805             0.343515094
        60         2       474                0.205209847             0.051823374
        60         3       475                5.639134728             0.707673353
        60         3       475                1.462143429             0.654872927
        60         3       475                0.515450805             0.343515094
        60         3       475                0.205209847             0.051823374
        60         4       476                5.639134728             0.707673353
        60         4       476                1.462143429             0.654872927
        60         4       476                0.515450805             0.343515094
        60         4       476                0.205209847             0.051823374
        60         1       477                0.383508475            -0.068139806
        60         1       477                0.047072234             0.068271142
        60         1       477                0.022226267             0.010212529
        60         1       477               34.987407352             0.056469606
        60         1       477                6.025121055             0.068928602
        60         1       477                0.484144185            -0.110370261
        60         1       477                0.184519332            -0.043987770
        60         2       478                1.830620747            -0.035235185
        60         2       478                0.101246702             0.046441194
        60         2       478                0.039017713             0.014726556
        60         2       478                5.639134728            -0.312509746
        60         2       478                1.462143429            -0.289192989
        60         2       478                0.515450805            -0.151696845
        60         2       478                0.205209847            -0.022885289
        60         3       479                1.830620747            -0.035235185
        60         3       479                0.101246702             0.046441194
        60         3       479                0.039017713             0.014726556
        60         3       479                5.639134728            -0.312509746
        60         3       479                1.462143429            -0.289192989
        60         3       479                0.515450805            -0.151696845
        60         3       479                0.205209847            -0.022885289
        60         4       480                1.830620747            -0.035235185
        60         4       480                0.101246702             0.046441194
        60         4       480                0.039017713             0.014726556
        60         4       480                5.639134728            -0.312509746
        60         4       480                1.462143429            -0.289192989
        60         4       480                0.515450805            -0.151696845
        60         4       480                0.205209847            -0.022885289
        61         1       481                8.308920841             0.197948835
        61         1       481                1.520430144             0.253860040
        61         1       481                0.422392143             0.198975117
        61         1       481                0.140188155             0.047617763
        61         1       482                0.929368223            -0.045420262
        61         1       482                0.056434396             0.055244605
        61         1       482                0.021665996             0.020712210
        61         1       482                8.308920841            -0.101229623
        61         1       482                1.520430144            -0.129822214
        61         1       482                0.422392143            -0.101754456
        61         1       482                0.140188155            -0.024351385
        61         2       483                0.647373957             0.047289126
        61         2       483                0.167854400             0.043760823
        61         2       483                0.059173870             0.022954840
        61         2       483                0.023558137             0.003463013
        61         3       484                0.647373957             0.047289126
        61         3       484                0.167854400             0.043760823
        61         3       484                0.059173870             0.022954840
        61         3       484                0.023558137             0.003463013
        61         4       485                0.647373957             0.047289126
        61         4       485                0.167854400             0.043760823
        61         4       485                0.059173870             0.022954840
        61         4       485                0.023558137             0.003463013
        62         1       486                8.308976836             0.197949835
        62         1       486                1.520440391             0.253861323
        62         1       486                0.422394990             0.198976123
        62         1       486                0.140189100             0.047618004
        62         1       487                0.929368223            -0.045420213
        62         1       487                0.056434396             0.055244546
        62         1       487                0.021665996             0.020712188
        62         1       487                8.308976836            -0.101229612
        62         1       487                1.520440391            -0.129822200
        62         1       487                0.422394990            -0.101754445
        62         1       487                0.140189100            -0.024351382
        62         2       488                0.647373957             0.047289126
        62         2       488                0.167854400             0.043760823
        62         2       488                0.059173870             0.022954840
        62         2       488                0.023558137             0.003463013
        62         3       489                0.647373957             0.047289126
        62         3       489                0.167854400             0.043760823
        62         3       489                0.059173870             0.022954840
        62         3       489                0.023558137             0.003463013
        62         4       490                0.647373957             0.047289126
        62         4       490                0.167854400             0.043760823
        62         4       490                0.059173870             0.022954840
        62         4       490                0.023558137             0.003463013
        63         1       491                8.310154807             0.197970883
        63         1       491                1.520655945             0.253888315
        63         1       491                0.422454873             0.198997279
        63         1       491                0.140208975             0.047623067
        63         1       492                0.929368223            -0.045419191
        63         1       492                0.056434396             0.055243303
        63         1       492                0.021665996             0.020711722
        63         1       492                8.310154807            -0.101229383
        63         1       492                1.520655945            -0.129821908
        63         1       492                0.422454873            -0.101754216
        63         1       492                0.140208975            -0.024351327
        63         2       493                0.647373957             0.047289126
        63         2       493                0.167854400             0.043760823
        63         2       493                0.059173870             0.022954840
        63         2       493                0.023558137             0.003463013
        63         3       494                0.647373957             0.047289126
        63         3       494                0.167854400             0.043760823
        63         3       494                0.059173870             0.022954840
        63         3       494                0.023558137             0.003463013
        63         4       495                0.647373957             0.047289126
        63         4       495                0.167854400             0.043760823
        63         4       495                0.059173870             0.022954840
        63         4       495                0.023558137             0.003463013
        64         1       496                8.310587913             0.197978621
        64         1       496                1.520735198             0.253898239
        64         1       496                0.422476890             0.199005057
        64         1       496                0.140216282             0.047624928
        64         1       497                0.929368223            -0.045418815
        64         1       497                0.056434396             0.055242846
        64         1       497                0.021665996             0.020711551
        64         1       497                8.310587913            -0.101229300
        64         1       497                1.520735198            -0.129821800
        64         1       497                0.422476890            -0.101754131
        64         1       497                0.140216282            -0.024351307
        64         2       498                0.647373957             0.047289126
        64         2       498                0.167854400             0.043760823
        64         2       498                0.059173870             0.022954840
        64         2       498                0.023558137             0.003463013
        64         3       499                0.647373957             0.047289126
        64         3       499                0.167854400             0.043760823
        64         3       499                0.059173870             0.022954840
        64         3       499                0.023558137             0.003463013
        64         4       500                0.647373957             0.047289126
        64         4       500                0.167854400             0.043760823
        64         4       500                0.059173870             0.022954840
        64         4       500                0.023558137             0.003463013
        65         1       501                8.309527445             0.197959673
        65         1       501                1.520541146             0.253873940
        65         1       501                0.422422980             0.198986012
        65         1       501                0.140198390             0.047620370
        65         1       502                0.929368223            -0.045419735
        65         1       502                0.056434396             0.055243965
        65         1       502                0.021665996             0.020711970
        65         1       502                8.309527445            -0.101229505
        65         1       502                1.520541146            -0.129822064
        65         1       502                0.422422980            -0.101754338
        65         1       502                0.140198390            -0.024351356
        65         2       503                0.647373957             0.047289126
        65         2       503                0.167854400             0.043760823
        65         2       503                0.059173870             0.022954840
        65         2       503                0.023558137             0.003463013
        65         3       504                0.647373957             0.047289126
        65         3       504                0.167854400             0.043760823
        65         3       504                0.059173870             0.022954840
        65         3       504                0.023558137             0.003463013
        65         4       505                0.647373957             0.047289126
        65         4       505                0.167854400             0.043760823
        65         4       505                0.059173870             0.022954840
        65         4       505                0.023558137             0.003463013
        66         1       506                8.310339714             0.197974186
        66         1       506                1.520689781             0.253892552
        66         1       506                0.422464273             0.199000600
        66         1       506                0.140212094             0.047623862
        66         1       507                0.929368223            -0.045419031
        66         1       507                0.056434396             0.055243107
        66         1       507                0.021665996             0.020711649
        66         1       507                8.310339714            -0.101229348
        66         1       507                1.520689781            -0.129821862
        66         1       507                0.422464273            -0.101754180
        66         1       507                0.140212094            -0.024351318
        66         2       508                0.647373957             0.047289126
        66         2       508                0.167854400             0.043760823
        66         2       508                0.059173870             0.022954840
        66         2       508                0.023558137             0.003463013
        66         3       509                0.647373957             0.047289126
        66         3       509                0.167854400             0.043760823
        66         3       509                0.059173870             0.022954840
        66         3       509                0.023558137             0.003463013
        66         4       510                0.647373957             0.047289126
        66         4       510                0.167854400             0.043760823
        66         4       510                0.059173870             0.022954840
        66         4       510                0.023558137             0.003463013
        67         1       511                8.308918262             0.197948789
        67         1       511                1.520429673             0.253859981
        67         1       511                0.422392012             0.198975071
        67         1       511                0.140188112             0.047617752
        67         1       512                0.929368223            -0.045420264
        67         1       512                0.056434396             0.055244608
        67         1       512                0.021665996             0.020712211
        67         1       512                8.308918262            -0.101229623
        67         1       512                1.520429673            -0.129822215
        67         1       512                0.422392012            -0.101754457
        67         1       512                0.140188112            -0.024351385
        67         2       513                0.647373957             0.047289126
        67         2       513                0.167854400             0.043760823
        67         2       513                0.059173870             0.022954840
        67         2       513                0.023558137             0.003463013
        67         3       514                0.647373957             0.047289126
        67         3       514                0.167854400             0.043760823
        67         3       514                0.059173870             0.022954840
        67         3       514                0.023558137             0.003463013
        67         4       515                0.647373957             0.047289126
        67         4       515                0.167854400             0.043760823
        67         4       515                0.059173870             0.022954840
        67         4       515                0.023558137             0.003463013
        68         1       516                8.308927456             0.197948953
        68         1       516                1.520431355             0.253860191
        68         1       516                0.422392479             0.198975236
        68         1       516                0.140188267             0.047617792
        68         1       517                0.929368223            -0.045420256
        68         1       517                0.056434396             0.055244598
        68         1       517                0.021665996             0.020712208
        68         1       517                8.308927456            -0.101229621
        68         1       517                1.520431355            -0.129822213
        68         1       517                0.422392479            -0.101754455
        68         1       517                0.140188267            -0.024351384
        68         2       518                0.647373957             0.047289126
        68         2       518                0.167854400             0.043760823
        68         2       518                0.059173870             0.022954840
        68         2       518                0.023558137             0.003463013
        68         3       519                0.647373957             0.047289126
        68         3       519                0.167854400             0.043760823
        68         3       519                0.059173870             0.022954840
        68         3       519                0.023558137             0.003463013
        68         4       520                0.647373957             0.047289126
        68         4       520                0.167854400             0.043760823
        68         4       520                0.059173870             0.022954840
        68         4       520                0.023558137             0.003463013
        69         1       521                8.310323068             0.197973889
        69         1       521                1.520686735             0.253892171
        69         1       521                0.422463427             0.199000301
        69         1       521                0.140211813             0.047623790
        69         1       522                0.929368223            -0.045419045
        69         1       522                0.056434396             0.055243125
        69         1       522                0.021665996             0.020711655
        69         1       522                8.310323068            -0.101229351
        69         1       522                1.520686735            -0.129821866
        69         1       522                0.422463427            -0.101754183
        69         1       522                0.140211813            -0.024351319
        69         2       523                0.647373957             0.047289126
        69         2       523                0.167854400             0.043760823
        69         2       523                0.059173870             0.022954840
        69         2       523                0.023558137             0.003463013
        69         3       524                0.647373957             0.047289126
        69         3       524                0.167854400             0.043760823
        69         3       524                0.059173870             0.022954840
        69         3       524                0.023558137             0.003463013
        69         4       525                0.647373957             0.047289126
        69         4       525                0.167854400             0.043760823
        69         4       525                0.059173870             0.022954840
        69         4       525                0.023558137             0.003463013
        70         1       526                8.309195347             0.197953740
        70         1       526                1.520480376             0.253866330
        70         1       526                0.422406098             0.198980047
        70         1       526                0.140192787             0.047618943
        70         1       527                0.929368223            -0.045420024
        70         1       527                0.056434396             0.055244315
        70         1       527                0.021665996             0.020712102
        70         1       527                8.309195347            -0.101229570
        70         1       527                1.520480376            -0.129822146
        70         1       527                0.422406098            -0.101754403
        70         1       527                0.140192787            -0.024351372
        70         2       528                0.647373957             0.047289126
        70         2       528                0.167854400             0.043760823
        70         2       528                0.059173870             0.022954840
        70         2       528                0.023558137             0.003463013
        70         3       529                0.647373957             0.047289126
        70         3       529                0.167854400             0.043760823
        70         3       529                0.059173870             0.022954840
        70         3       529                0.023558137             0.003463013
        70         4       530                0.647373957             0.047289126
        70         4       530                0.167854400             0.043760823
        70         4       530                0.059173870             0.022954840
        70         4       530                0.023558137             0.003463013
        71         1       531                8.308958072             0.197949500
        71         1       531                1.520436957             0.253860893
        71         1       531                0.422394036             0.198975786
        71         1       531                0.140188783             0.047617923
        71         1       532                0.929368223            -0.045420230
        71         1       532                0.056434396             0.055244566
        71         1       532                0.021665996             0.020712196
        71         1       532                8.308958072            -0.101229616
        71         1       532                1.520436957            -0.129822205
        71         1       532                0.422394036            -0.101754449
        71         1       532                0.140188783            -0.024351383
        71         2       533                0.647373957             0.047289126
        71         2       533                0.167854400             0.043760823
        71         2       533                0.059173870             0.022954840
        71         2       533                0.023558137             0.003463013
        71         3       534                0.647373957             0.047289126
        71         3       534                0.167854400             0.043760823
        71         3       534                0.059173870             0.022954840
        71         3       534                0.023558137             0.003463013
        71         4       535                0.647373957             0.047289126
        71         4       535                0.167854400             0.043760823
        71         4       535                0.059173870             0.022954840
        71         4       535                0.023558137             0.003463013
        72         1       536                8.308902099             0.197948500
        72         1       536                1.520426715             0.253859610
        72         1       536                0.422391190             0.198974780
        72         1       536                0.140187839             0.047617683
        72         1       537                0.929368223            -0.045420278
        72         1       537                0.056434396             0.055244625
        72         1       537                0.021665996             0.020712218
        72         1       537                8.308902099            -0.101229626
        72         1       537                1.520426715            -0.129822219
        72         1       537                0.422391190            -0.101754460
        72         1       537                0.140187839            -0.024351385
        72         2       538                0.647373957             0.047289126
        72         2       538                0.167854400             0.043760823
        72         2       538                0.059173870             0.022954840
        72         2       538                0.023558137             0.003463013
        72         3       539                0.647373957             0.047289126
        72         3       539                0.167854400             0.043760823
        72         3       539                0.059173870             0.022954840
        72         3       539                0.023558137             0.003463013
        72         4       540                0.647373957             0.047289126
        72         4       540                0.167854400             0.043760823
        72         4       540                0.059173870             0.022954840
        72         4       540                0.023558137             0.003463013
        73         1       541                8.308872781             0.197947976
        73         1       541                1.520421350             0.253858939
        73         1       541                0.422389700             0.198974254
        73         1       541                0.140187344             0.047617557
        73         1       542                0.929368223            -0.045420304
        73         1       542                0.056434396             0.055244656
        73         1       542                0.021665996             0.020712229
        73         1       542                8.308872781            -0.101229632
        73         1       542                1.520421350            -0.129822226
        73         1       542                0.422389700            -0.101754466
        73         1       542                0.140187344            -0.024351387
        73         2       543                0.647373957             0.047289126
        73         2       543                0.167854400             0.043760823
        73         2       543                0.059173870             0.022954840
        73         2       543                0.023558137             0.003463013
        73         3       544                0.647373957             0.047289126
        73         3       544                0.167854400             0.043760823
        73         3       544                0.059173870             0.022954840
        73         3       544                0.023558137             0.003463013
        73         4       545                0.647373957             0.047289126
        73         4       545                0.167854400             0.043760823
        73         4       545                0.059173870             0.022954840
        73         4       545                0.023558137             0.003463013
        74         1       546                8.308871480             0.197947953
        74         1       546                1.520421112             0.253858909
        74         1       546                0.422389634             0.198974230
        74         1       546                0.140187322             0.047617551
        74         1       547                0.929368223            -0.045420305
        74         1       547                0.056434396             0.055244657
        74         1       547                0.021665996             0.020712230
        74         1       547                8.308871480            -0.101229632
        74         1       547                1.520421112            -0.129822227
        74         1       547                0.422389634            -0.101754466
        74         1       547                0.140187322            -0.024351387
        74         2       548                0.647373957             0.047289126
        74         2       548                0.167854400             0.043760823
        74         2       548                0.059173870             0.022954840
        74         2       548                0.023558137             0.003463013
        74         3       549                0.647373957             0.047289126
        74         3       549                0.167854400             0.043760823
        74         3       549                0.059173870             0.022954840
        74         3       549                0.023558137             0.003463013
        74         4       550                0.647373957             0.047289126
        74         4       550                0.167854400             0.043760823
        74         4       550                0.059173870             0.022954840
        74         4       550                0.023558137             0.003463013
        75         1       551                8.308903098             0.197948518
        75         1       551                1.520426898             0.253859633
        75         1       551                0.422391241             0.198974798
        75         1       551                0.140187856             0.047617687
        75         1       552                0.929368223            -0.045420277
        75         1       552                0.056434396             0.055244624
        75         1       552                0.021665996             0.020712217
        75         1       552                8.308903098            -0.101229626
        75         1       552                1.520426898            -0.129822219
        75         1       552                0.422391241            -0.101754460
        75         1       552                0.140187856            -0.024351385
        75         2       553                0.647373957             0.047289126
        75         2       553                0.167854400             0.043760823
        75         2       553                0.059173870             0.022954840
        75         2       553                0.023558137             0.003463013
        75         3       554                0.647373957             0.047289126
        75         3       554                0.167854400             0.043760823
        75         3       554                0.059173870             0.022954840
        75         3       554                0.023558137             0.003463013
        75         4       555                0.647373957             0.047289126
        75         4       555                0.167854400             0.043760823
        75         4       555                0.059173870             0.022954840
        75         4       555                0.023558137             0.003463013
        76         1       556                8.308959773             0.197949530
        76         1       556                1.520437269             0.253860932
        76         1       556                0.422394122             0.198975816
        76         1       556                0.140188812             0.047617930
        76         1       557                0.929368223            -0.045420228
        76         1       557                0.056434396             0.055244564
        76         1       557                0.021665996             0.020712195
        76         1       557                8.308959773            -0.101229615
        76         1       557                1.520437269            -0.129822205
        76         1       557                0.422394122            -0.101754449
        76         1       557                0.140188812            -0.024351383
        76         2       558                0.647373957             0.047289126
        76         2       558                0.167854400             0.043760823
        76         2       558                0.059173870             0.022954840
        76         2       558                0.023558137             0.003463013
        76         3       559                0.647373957             0.047289126
        76         3       559                0.167854400             0.043760823
        76         3       559                0.059173870             0.022954840
        76         3       559                0.023558137             0.003463013
        76         4       560                0.647373957             0.047289126
        76         4       560                0.167854400             0.043760823
        76         4       560                0.059173870             0.022954840
        76         4       560                0.023558137             0.003463013
        77         1       561                8.309199088             0.197953806
        77         1       561                1.520481060             0.253866416
        77         1       561                0.422406288             0.198980114
        77         1       561                0.140192850             0.047618959
        77         1       562                0.929368223            -0.045420020
        77         1       562                0.056434396             0.055244311
        77         1       562                0.021665996             0.020712100
        77         1       562                8.309199088            -0.101229569
        77         1       562                1.520481060            -0.129822145
        77         1       562                0.422406288            -0.101754402
        77         1       562                0.140192850            -0.024351372
        77         2       563                0.647373957             0.047289126
        77         2       563                0.167854400             0.043760823
        77         2       563                0.059173870             0.022954840
        77         2       563                0.023558137             0.003463013
        77         3       564                0.647373957             0.047289126
        77         3       564                0.167854400             0.043760823
        77         3       564                0.059173870             0.022954840
        77         3       564                0.023558137             0.003463013
        77         4       565                0.647373957             0.047289126
        77         4       565                0.167854400             0.043760823
        77         4       565                0.059173870             0.022954840
        77         4       565                0.023558137             0.003463013
        78         1       566                8.310331267             0.197974035
        78         1       566                1.520688235             0.253892358
        78         1       566                0.422463843             0.199000448
        78         1       566                0.140211952             0.047623825
        78         1       567                0.929368223            -0.045419038
        78         1       567                0.056434396             0.055243116
        78         1       567                0.021665996             0.020711652
        78         1       567                8.310331267            -0.101229349
        78         1       567                1.520688235            -0.129821864
        78         1       567                0.422463843            -0.101754181
        78         1       567                0.140211952            -0.024351319
        78         2       568                0.647373957             0.047289126
        78         2       568                0.167854400             0.043760823
        78         2       568                0.059173870             0.022954840
        78         2       568                0.023558137             0.003463013
        78         3       569                0.647373957             0.047289126
        78         3       569                0.167854400             0.043760823
        78         3       569                0.059173870             0.022954840
        78         3       569                0.023558137             0.003463013
        78         4       570                0.647373957             0.047289126
        78         4       570                0.167854400             0.043760823
        78         4       570                0.059173870             0.022954840
        78         4       570                0.023558137             0.003463013
        79         1       571                8.308930541             0.197949008
        79         1       571                1.520431920             0.253860262
        79         1       571                0.422392636             0.198975291
        79         1       571                0.140188319             0.047617805
        79         1       572                0.929368223            -0.045420254
        79         1       572                0.056434396             0.055244595
        79         1       572                0.021665996             0.020712206
        79         1       572                8.308930541            -0.101229621
        79         1       572                1.520431920            -0.129822212
        79         1       572                0.422392636            -0.101754454
        79         1       572                0.140188319            -0.024351384
        79         2       573                0.647373957             0.047289126
        79         2       573                0.167854400             0.043760823
        79         2       573                0.059173870             0.022954840
        79         2       573                0.023558137             0.003463013
        79         3       574                0.647373957             0.047289126
        79         3       574                0.167854400             0.043760823
        79         3       574                0.059173870             0.022954840
        79         3       574                0.023558137             0.003463013
        79         4       575                0.647373957             0.047289126
        79         4       575                0.167854400             0.043760823
        79         4       575                0.059173870             0.022954840
        79         4       575                0.023558137             0.003463013
        80         1       576                8.308987017             0.197950017
        80         1       576                1.520442254             0.253861556
        80         1       576                0.422395507             0.198976306
        80         1       576                0.140189272             0.047618048
        80         1       577                0.929368223            -0.045420204
        80         1       577                0.056434396             0.055244535
        80         1       577                0.021665996             0.020712184
        80         1       577                8.308987017            -0.101229610
        80         1       577                1.520442254            -0.129822198
        80         1       577                0.422395507            -0.101754443
        80         1       577                0.140189272            -0.024351381
        80         2       578                0.647373957             0.047289126
        80         2       578                0.167854400             0.043760823
        80         2       578                0.059173870             0.022954840
        80         2       578                0.023558137             0.003463013
        80         3       579                0.647373957             0.047289126
        80         3       579                0.167854400             0.043760823
        80         3       579                0.059173870             0.022954840
        80         3       579                0.023558137             0.003463013
        80         4       580                0.647373957             0.047289126
        80         4       580                0.167854400             0.043760823
        80         4       580                0.059173870             0.022954840
        80         4       580                0.023558137             0.003463013
        81         1       581                8.310467430             0.197976468
        81         1       581                1.520713151             0.253895478
        81         1       581                0.422470765             0.199002894
        81         1       581                0.140214249             0.047624410
        81         1       582                0.929368223            -0.045418920
        81         1       582                0.056434396             0.055242973
        81         1       582                0.021665996             0.020711598
        81         1       582                8.310467430            -0.101229323
        81         1       582                1.520713151            -0.129821830
        81         1       582                0.422470765            -0.101754155
        81         1       582                0.140214249            -0.024351312
        81         2       583                0.647373957             0.047289126
        81         2       583                0.167854400             0.043760823
        81         2       583                0.059173870             0.022954840
        81         2       583                0.023558137             0.003463013
        81         3       584                0.647373957             0.047289126
        81         3       584                0.167854400             0.043760823
        81         3       584                0.059173870             0.022954840
        81         3       584                0.023558137             0.003463013
        81         4       585                0.647373957             0.047289126
        81         4       585                0.167854400             0.043760823
        81         4       585                0.059173870             0.022954840
        81         4       585                0.023558137             0.003463013
        82         1       586                8.309457597             0.197958425
        82         1       586                1.520528364             0.253872339
        82         1       586                0.422419429             0.198984757
        82         1       586                0.140197211             0.047620070
        82         1       587                0.929368223            -0.045419796
        82         1       587                0.056434396             0.055244038
        82         1       587                0.021665996             0.020711998
        82         1       587                8.309457597            -0.101229519
        82         1       587                1.520528364            -0.129822081
        82         1       587                0.422419429            -0.101754352
        82         1       587                0.140197211            -0.024351360
        82         2       588                0.647373957             0.047289126
        82         2       588                0.167854400             0.043760823
        82         2       588                0.059173870             0.022954840
        82         2       588                0.023558137             0.003463013
        82         3       589                0.647373957             0.047289126
        82         3       589                0.167854400             0.043760823
        82         3       589                0.059173870             0.022954840
        82         3       589                0.023558137             0.003463013
        82         4       590                0.647373957             0.047289126
        82         4       590                0.167854400             0.043760823
        82         4       590                0.059173870             0.022954840
        82         4       590                0.023558137             0.003463013
        83         1       591                8.309739616             0.197963464
        83         1       591                1.520579970             0.253878801
        83         1       591                0.422433766             0.198989822
        83         1       591                0.140201969             0.047621282
        83         1       592                0.929368223            -0.045419551
        83         1       592                0.056434396             0.055243741
        83         1       592                0.021665996             0.020711886
        83         1       592                8.309739616            -0.101229464
        83         1       592                1.520579970            -0.129822011
        83         1       592                0.422433766            -0.101754297
        83         1       592                0.140201969            -0.024351346
        83         2       593                0.647373957             0.047289126
        83         2       593                0.167854400             0.043760823
        83         2       593                0.059173870             0.022954840
        83         2       593                0.023558137             0.003463013
        83         3       594                0.647373957             0.047289126
        83         3       594                0.167854400             0.043760823
        83         3       594                0.059173870             0.022954840
        83         3       594                0.023558137             0.003463013
        83         4       595                0.647373957             0.047289126
        83         4       595                0.167854400             0.043760823
        83         4       595                0.059173870             0.022954840
        83         4       595                0.023558137             0.003463013
        84         1       596                8.309560313             0.197960261
        84         1       596                1.520547160             0.253874693
        84         1       596                0.422424651             0.198986602
        84         1       596                0.140198944             0.047620512
        84         1       597                0.929368223            -0.045419707
        84         1       597                0.056434396             0.055243930
        84         1       597                0.021665996             0.020711957
        84         1       597                8.309560313            -0.101229499
        84         1       597                1.520547160            -0.129822055
        84         1       597                0.422424651            -0.101754332
        84         1       597                0.140198944            -0.024351355
        84         2       598                0.647373957             0.047289126
        84         2       598                0.167854400             0.043760823
        84         2       598                0.059173870             0.022954840
        84         2       598                0.023558137             0.003463013
        84         3       599                0.647373957             0.047289126
        84         3       599                0.167854400             0.043760823
        84         3       599                0.059173870             0.022954840
        84         3       599                0.023558137             0.003463013
        84         4       600                0.647373957             0.047289126
        84         4       600                0.167854400             0.043760823
        84         4       600                0.059173870             0.022954840
        84         4       600                0.023558137             0.003463013
        85         1       601                8.308778896             0.197946299
        85         1       601                1.520404170             0.253856787
        85         1       601                0.422384927             0.198972568
        85         1       601                0.140185760             0.047617153
        85         1       602                0.929368223            -0.045420385
        85         1       602                0.056434396             0.055244755
        85         1       602                0.021665996             0.020712266
        85         1       602                8.308778896            -0.101229650
        85         1       602                1.520404170            -0.129822250
        85         1       602                0.422384927            -0.101754484
        85         1       602                0.140185760            -0.024351391
        85         2       603                0.647373957             0.047289126
        85         2       603                0.167854400             0.043760823
        85         2       603                0.059173870             0.022954840
        85         2       603                0.023558137             0.003463013
        85         3       604                0.647373957             0.047289126
        85         3       604                0.167854400             0.043760823
        85         3       604                0.059173870             0.022954840
        85         3       604                0.023558137             0.003463013
        85         4       605                0.647373957             0.047289126
        85         4       605                0.167854400             0.043760823
        85         4       605                0.059173870             0.022954840
        85         4       605                0.023558137             0.003463013
        86         1       606                8.308902005             0.197948498
        86         1       606                1.520426698             0.253859608
        86         1       606                0.422391185             0.198974779
        86         1       606                0.140187837             0.047617682
        86         1       607                0.929368223            -0.045420278
        86         1       607                0.056434396             0.055244625
        86         1       607                0.021665996             0.020712218
        86         1       607                8.308902005            -0.101229626
        86         1       607                1.520426698            -0.129822219
        86         1       607                0.422391185            -0.101754460
        86         1       607                0.140187837            -0.024351385
        86         2       608                0.647373957             0.047289126
        86         2       608                0.167854400             0.043760823
        86         2       608                0.059173870             0.022954840
        86         2       608                0.023558137             0.003463013
        86         3       609                0.647373957             0.047289126
        86         3       609                0.167854400             0.043760823
        86         3       609                0.059173870             0.022954840
        86         3       609                0.023558137             0.003463013
        86         4       610                0.647373957             0.047289126
        86         4       610                0.167854400             0.043760823
        86         4       610                0.059173870             0.022954840
        86         4       610                0.023558137             0.003463013
        87         1       611                8.309830584             0.197965090
        87         1       611                1.520596616             0.253880886
        87         1       611                0.422438391             0.198991456
        87         1       611                0.140203504             0.047621673
        87         1       612                0.929368223            -0.045419472
        87         1       612                0.056434396             0.055243645
        87         1       612                0.021665996             0.020711850
        87         1       612                8.309830584            -0.101229446
        87         1       612                1.520596616            -0.129821988
        87         1       612                0.422438391            -0.101754279
        87         1       612                0.140203504            -0.024351342
        87         2       613                0.647373957             0.047289126
        87         2       613                0.167854400             0.043760823
        87         2       613                0.059173870             0.022954840
        87         2       613                0.023558137             0.003463013
        87         3       614                0.647373957             0.047289126
        87         3       614                0.167854400             0.043760823
        87         3       614                0.059173870             0.022954840
        87         3       614                0.023558137             0.003463013
        87         4       615                0.647373957             0.047289126
        87         4       615                0.167854400             0.043760823
        87         4       615                0.059173870             0.022954840
        87         4       615                0.023558137             0.003463013
        88         1       616                8.310000158             0.197968119
        88         1       616                1.520627646             0.253884771
        88         1       616                0.422447011             0.198994502
        88         1       616                0.140206365             0.047622402
        88         1       617                0.929368223            -0.045419325
        88         1       617                0.056434396             0.055243466
        88         1       617                0.021665996             0.020711783
        88         1       617                8.310000158            -0.101229413
        88         1       617                1.520627646            -0.129821946
        88         1       617                0.422447011            -0.101754246
        88         1       617                0.140206365            -0.024351334
        88         2       618                0.647373957             0.047289126
        88         2       618                0.167854400             0.043760823
        88         2       618                0.059173870             0.022954840
        88         2       618                0.023558137             0.003463013
        88         3       619                0.647373957             0.047289126
        88         3       619                0.167854400             0.043760823
        88         3       619                0.059173870             0.022954840
        88         3       619                0.023558137             0.003463013
        88         4       620                0.647373957             0.047289126
        88         4       620                0.167854400             0.043760823
        88         4       620                0.059173870             0.022954840
        88         4       620                0.023558137             0.003463013
        89         1       621                8.308889730             0.197948279
        89         1       621                1.520424451             0.253859327
        89         1       621                0.422390561             0.198974558
        89         1       621                0.140187630             0.047617629
        89         1       622                0.929368223            -0.045420289
        89         1       622                0.056434396             0.055244638
        89         1       622                0.021665996             0.020712223
        89         1       622                8.308889730            -0.101229629
        89         1       622                1.520424451            -0.129822222
        89         1       622                0.422390561            -0.101754462
        89         1       622                0.140187630            -0.024351386
        89         2       623                0.647373957             0.047289126
        89         2       623                0.167854400             0.043760823
        89         2       623                0.059173870             0.022954840
        89         2       623                0.023558137             0.003463013
        89         3       624                0.647373957             0.047289126
        89         3       624                0.167854400             0.043760823
        89         3       624                0.059173870             0.022954840
        89         3       624                0.023558137             0.003463013
        89         4       625                0.647373957             0.047289126
        89         4       625                0.167854400             0.043760823
        89         4       625                0.059173870             0.022954840
        89         4       625                0.023558137             0.003463013
        90         1       626                8.308883808             0.197948173
        90         1       626                1.520423368             0.253859191
        90         1       626                0.422390260             0.198974452
        90         1       626                0.140187530             0.047617604
        90         1       627                0.929368223            -0.045420294
        90         1       627                0.056434396             0.055244644
        90         1       627                0.021665996             0.020712225
        90         1       627                8.308883808            -0.101229630
        90         1       627                1.520423368            -0.129822224
        90         1       627                0.422390260            -0.101754463
        90         1       627                0.140187530            -0.024351386
        90         2       628                0.647373957             0.047289126
        90         2       628                0.167854400             0.043760823
        90         2       628                0.059173870             0.022954840
        90         2       628                0.023558137             0.003463013
        90         3       629                0.647373957             0.047289126
        90         3       629                0.167854400             0.043760823
        90         3       629                0.059173870             0.022954840
        90         3       629                0.023558137             0.003463013
        90         4       630                0.647373957             0.047289126
        90         4       630                0.167854400             0.043760823
        90         4       630                0.059173870             0.022954840
        90         4       630                0.023558137             0.003463013
        91         1       631                8.311013844             0.197986231
        91         1       631                1.520813138             0.253907999
        91         1       631                0.422498543             0.199012707
        91         1       631                0.140223468             0.047626759
        91         1       632                0.929368223            -0.045418446
        91         1       632                0.056434396             0.055242396
        91         1       632                0.021665996             0.020711382
        91         1       632                8.311013844            -0.101229217
        91         1       632                1.520813138            -0.129821694
        91         1       632                0.422498543            -0.101754048
        91         1       632                0.140223468            -0.024351287
        91         2       633                0.647373957             0.047289126
        91         2       633                0.167854400             0.043760823
        91         2       633                0.059173870             0.022954840
        91         2       633                0.023558137             0.003463013
        91         3       634                0.647373957             0.047289126
        91         3       634                0.167854400             0.043760823
        91         3       634                0.059173870             0.022954840
        91         3       634                0.023558137             0.003463013
        91         4       635                0.647373957             0.047289126
        91         4       635                0.167854400             0.043760823
        91         4       635                0.059173870             0.022954840
        91         4       635                0.023558137             0.003463013
        92         1       636                8.309365920             0.197956787
        92         1       636                1.520511588             0.253870239
        92         1       636                0.422414769             0.198983111
        92         1       636                0.140195664             0.047619676
        92         1       637                0.929368223            -0.045419876
        92         1       637                0.056434396             0.055244135
        92         1       637                0.021665996             0.020712034
        92         1       637                8.309365920            -0.101229536
        92         1       637                1.520511588            -0.129822104
        92         1       637                0.422414769            -0.101754369
        92         1       637                0.140195664            -0.024351364
        92         2       638                0.647373957             0.047289126
        92         2       638                0.167854400             0.043760823
        92         2       638                0.059173870             0.022954840
        92         2       638                0.023558137             0.003463013
        92         3       639                0.647373957             0.047289126
        92         3       639                0.167854400             0.043760823
        92         3       639                0.059173870             0.022954840
        92         3       639                0.023558137             0.003463013
        92         4       640                0.647373957             0.047289126
        92         4       640                0.167854400             0.043760823
        92         4       640                0.059173870             0.022954840
        92         4       640                0.023558137             0.003463013
        93         1       641                8.308987310             0.197950022
        93         1       641                1.520442307             0.253861563
        93         1       641                0.422395522             0.198976311
        93         1       641                0.140189277             0.047618049
        93         1       642                0.929368223            -0.045420204
        93         1       642                0.056434396             0.055244535
        93         1       642                0.021665996             0.020712184
        93         1       642                8.308987310            -0.101229610
        93         1       642                1.520442307            -0.129822198
        93         1       642                0.422395522            -0.101754443
        93         1       642                0.140189277            -0.024351381
        93         2       643                0.647373957             0.047289126
        93         2       643                0.167854400             0.043760823
        93         2       643                0.059173870             0.022954840
        93         2       643                0.023558137             0.003463013
        93         3       644                0.647373957             0.047289126
        93         3       644                0.167854400             0.043760823
        93         3       644                0.059173870             0.022954840
        93         3       644                0.023558137             0.003463013
        93         4       645                0.647373957             0.047289126
        93         4       645                0.167854400             0.043760823
        93         4       645                0.059173870             0.022954840
        93         4       645                0.023558137             0.003463013
        94         1       646                8.309220084             0.197954182
        94         1       646                1.520484902             0.253866897
        94         1       646                0.422407355             0.198980491
        94         1       646                0.140193204             0.047619049
        94         1       647                0.929368223            -0.045420002
        94         1       647                0.056434396             0.055244289
        94         1       647                0.021665996             0.020712092
        94         1       647                8.309220084            -0.101229565
        94         1       647                1.520484902            -0.129822140
        94         1       647                0.422407355            -0.101754398
        94         1       647                0.140193204            -0.024351371
        94         2       648                0.647373957             0.047289126
        94         2       648                0.167854400             0.043760823
        94         2       648                0.059173870             0.022954840
        94         2       648                0.023558137             0.003463013
        94         3       649                0.647373957             0.047289126
        94         3       649                0.167854400             0.043760823
        94         3       649                0.059173870             0.022954840
        94         3       649                0.023558137             0.003463013
        94         4       650                0.647373957             0.047289126
        94         4       650                0.167854400             0.043760823
        94         4       650                0.059173870             0.022954840
        94         4       650                0.023558137             0.003463013
        95         1       651                8.309194752             0.197953729
        95         1       651                1.520480267             0.253866316
        95         1       651                0.422406067             0.198980036
        95         1       651                0.140192776             0.047618940
        95         1       652                0.929368223            -0.045420024
        95         1       652                0.056434396             0.055244316
        95         1       652                0.021665996             0.020712102
        95         1       652                8.309194752            -0.101229570
        95         1       652                1.520480267            -0.129822146
        95         1       652                0.422406067            -0.101754403
        95         1       652                0.140192776            -0.024351372
        95         2       653                0.647373957             0.047289126
        95         2       653                0.167854400             0.043760823
        95         2       653                0.059173870             0.022954840
        95         2       653                0.023558137             0.003463013
        95         3       654                0.647373957             0.047289126
        95         3       654                0.167854400             0.043760823
        95         3       654                0.059173870             0.022954840
        95         3       654                0.023558137             0.003463013
        95         4       655                0.647373957             0.047289126
        95         4       655                0.167854400             0.043760823
        95         4       655                0.059173870             0.022954840
        95         4       655                0.023558137             0.003463013
