         1         1         1               34.920046248            -0.122693698
         1         1         1                6.013520915            -0.149763841
         1         1         1                0.483212064             0.239805737
         1         1         1                0.184164078             0.095573930
         1         2         2                5.628277726             0.705970662
         1         2         2                1.459328370             0.653297277
         1         2         2                0.514458409             0.342688582
         1         2         2                0.204814758             0.051698684
         1         3         3                5.628277726             0.705970662
         1         3         3                1.459328370             0.653297277
         1         3         3                0.514458409             0.342688582
         1         3         3                0.204814758             0.051698684
         1         4         4                5.628277726             0.705970662
         1         4         4                1.459328370             0.653297277
         1         4         4                0.514458409             0.342688582
         1         4         4                0.204814758             0.051698684
         1         1         5                0.383508475            -0.068161710
         1         1         5                0.047072234             0.068293089
         1         1         5                0.022226267             0.010215812
         1         1         5               34.920046248             0.056491912
         1         1         5                6.013520915             0.068955830
         1         1         5                0.483212064            -0.110413859
         1         1         5                0.184164078            -0.044005146
         1         2         6                1.830620747            -0.035245825
         1         2         6                0.101246702             0.046455218
         1         2         6                0.039017713             0.014731004
         1         2         6                5.628277726            -0.312334295
         1         2         6                1.459328370            -0.289030629
         1         2         6                0.514458409            -0.151611678
         1         2         6                0.204814758            -0.022872441
         1         3         7                1.830620747            -0.035245825
         1         3         7                0.101246702             0.046455218
         1         3         7                0.039017713             0.014731004
         1         3         7                5.628277726            -0.312334295
         1         3         7                1.459328370            -0.289030629
         1         3         7                0.514458409            -0.151611678
         1         3         7                0.204814758            -0.022872441
         1         4         8                1.830620747            -0.035245825
         1         4         8                0.101246702             0.046455218
         1         4         8                0.039017713             0.014731004
         1         4         8                5.628277726            -0.312334295
         1         4         8                1.459328370            -0.289030629
         1         4         8                0.514458409            -0.151611678
         1         4         8                0.204814758            -0.022872441
         2         1         9               35.008867298            -0.122927683
         2         1         9                6.028816635            -0.150049450
         2         1         9                0.484441141             0.240263061
         2         1         9                0.184632510             0.095756195
         2         2        10                5.642593559             0.708215969
         2         2        10                1.463040252             0.655375059
         2         2        10                0.515766963             0.343778488
         2         2        10                0.205335715             0.051863110
         2         3        11                5.642593559             0.708215969
         2         3        11                1.463040252             0.655375059
         2         3        11                0.515766963             0.343778488
         2         3        11                0.205335715             0.051863110
         2         4        12                5.642593559             0.708215969
         2         4        12                1.463040252             0.655375059
         2         4        12                0.515766963             0.343778488
         2         4        12                0.205335715             0.051863110
         2         1        13                0.383508475            -0.068132851
         2         1        13                0.047072234             0.068264174
         2         1        13                0.022226267             0.010211486
         2         1        13               35.008867298             0.056462507
         2         1        13                6.028816635             0.068919937
         2         1        13                0.484441141            -0.110356387
         2         1        13                0.184632510            -0.043982240
         2         2        14                1.830620747            -0.035231806
         2         2        14                0.101246702             0.046436741
         2         2        14                0.039017713             0.014725145
         2         2        14                5.642593559            -0.312565569
         2         2        14                1.463040252            -0.289244647
         2         2        14                0.515766963            -0.151723942
         2         2        14                0.205335715            -0.022889377
         2         3        15                1.830620747            -0.035231806
         2         3        15                0.101246702             0.046436741
         2         3        15                0.039017713             0.014725145
         2         3        15                5.642593559            -0.312565569
         2         3        15                1.463040252            -0.289244647
         2         3        15                0.515766963            -0.151723942
         2         3        15                0.205335715            -0.022889377
         2         4        16                1.830620747            -0.035231806
         2         4        16                0.101246702             0.046436741
         2         4        16                0.039017713             0.014725145
         2         4        16                5.642593559            -0.312565569
         2         4        16                1.463040252            -0.289244647
         2         4        16                0.515766963            -0.151723942
         2         4        16                0.205335715            -0.022889377
         3         1        17               35.094227059            -0.123152409
         3         1        17                6.043516292            -0.150323758
         3         1        17                0.485622321             0.240702291
         3         1        17                0.185082687             0.095931249
         3         2        18                5.656351514             0.710375121
         3         2        18                1.466607485             0.657373113
         3         2        18                0.517024522             0.344826572
         3         2        18                0.205836372             0.052021226
         3         3        19                5.656351514             0.710375121
         3         3        19                1.466607485             0.657373113
         3         3        19                0.517024522             0.344826572
         3         3        19                0.205836372             0.052021226
         3         4        20                5.656351514             0.710375121
         3         4        20                1.466607485             0.657373113
         3         4        20                0.517024522             0.344826572
         3         4        20                0.205836372             0.052021226
         3         1        21                0.383508475            -0.068105300
         3         1        21                0.047072234             0.068236570
         3         1        21                0.022226267             0.010207357
         3         1        21               35.094227059             0.056434306
         3         1        21                6.043516292             0.068885514
         3         1        21                0.485622321            -0.110301268
         3         1        21                0.185082687            -0.043960273
         3         2        22                1.830620747            -0.035218423
         3         2        22                0.101246702             0.046419101
         3         2        22                0.039017713             0.014719551
         3         2        22                5.656351514            -0.312787265
         3         2        22                1.466607485            -0.289449802
         3         2        22                0.517024522            -0.151831556
         3         2        22                0.205836372            -0.022905612
         3         3        23                1.830620747            -0.035218423
         3         3        23                0.101246702             0.046419101
         3         3        23                0.039017713             0.014719551
         3         3        23                5.656351514            -0.312787265
         3         3        23                1.466607485            -0.289449802
         3         3        23                0.517024522            -0.151831556
         3         3        23                0.205836372            -0.022905612
         3         4        24                1.830620747            -0.035218423
         3         4        24                0.101246702             0.046419101
         3         4        24                0.039017713             0.014719551
         3         4        24                5.656351514            -0.312787265
         3         4        24                1.466607485            -0.289449802
         3         4        24                0.517024522            -0.151831556
         3         4        24                0.205836372            -0.022905612
         4         1        25               35.094534921            -0.123153219
         4         1        25                6.043569308            -0.150324747
         4         1        25                0.485626581             0.240703874
         4         1        25                0.185084310             0.095931880
         4         2        26                5.656401134             0.710382910
         4         2        26                1.466620350             0.657380321
         4         2        26                0.517029058             0.344830353
         4         2        26                0.205838177             0.052021796
         4         3        27                5.656401134             0.710382910
         4         3        27                1.466620350             0.657380321
         4         3        27                0.517029058             0.344830353
         4         3        27                0.205838177             0.052021796
         4         4        28                5.656401134             0.710382910
         4         4        28                1.466620350             0.657380321
         4         4        28                0.517029058             0.344830353
         4         4        28                0.205838177             0.052021796
         4         1        29                0.383508475            -0.068105201
         4         1        29                0.047072234             0.068236471
         4         1        29                0.022226267             0.010207342
         4         1        29               35.094534921             0.056434205
         4         1        29                6.043569308             0.068885390
         4         1        29                0.485626581            -0.110301069
         4         1        29                0.185084310            -0.043960194
         4         2        30                1.830620747            -0.035218375
         4         2        30                0.101246702             0.046419038
         4         2        30                0.039017713             0.014719531
         4         2        30                5.656401134            -0.312788063
         4         2        30                1.466620350            -0.289450541
         4         2        30                0.517029058            -0.151831944
         4         2        30                0.205838177            -0.022905670
         4         3        31                1.830620747            -0.035218375
         4         3        31                0.101246702             0.046419038
         4         3        31                0.039017713             0.014719531
         4         3        31                5.656401134            -0.312788063
         4         3        31                1.466620350            -0.289450541
         4         3        31                0.517029058            -0.151831944
         4         3        31                0.205838177            -0.022905670
         4         4        32                1.830620747            -0.035218375
         4         4        32                0.101246702             0.046419038
         4         4        32                0.039017713             0.014719531
         4         4        32                5.656401134            -0.312788063
         4         4        32                1.466620350            -0.289450541
         4         4        32                0.517029058            -0.151831944
         4         4        32                0.205838177            -0.022905670
         5         1        33               35.007661742            -0.122924508
         5         1        33                6.028609028            -0.150045574
         5         1        33                0.484424459             0.240256856
         5         1        33                0.184626152             0.095753722
         5         2        34                5.642399252             0.708185485
         5         2        34                1.462989871             0.655346848
         5         2        34                0.515749202             0.343763690
         5         2        34                0.205328644             0.051860877
         5         3        35                5.642399252             0.708185485
         5         3        35                1.462989871             0.655346848
         5         3        35                0.515749202             0.343763690
         5         3        35                0.205328644             0.051860877
         5         4        36                5.642399252             0.708185485
         5         4        36                1.462989871             0.655346848
         5         4        36                0.515749202             0.343763690
         5         4        36                0.205328644             0.051860877
         5         1        37                0.383508475            -0.068133242
         5         1        37                0.047072234             0.068264565
         5         1        37                0.022226267             0.010211545
         5         1        37               35.007661742             0.056462906
         5         1        37                6.028609028             0.068920424
         5         1        37                0.484424459            -0.110357166
         5         1        37                0.184626152            -0.043982551
         5         2        38                1.830620747            -0.035231996
         5         2        38                0.101246702             0.046436991
         5         2        38                0.039017713             0.014725224
         5         2        38                5.642399252            -0.312562434
         5         2        38                1.462989871            -0.289241746
         5         2        38                0.515749202            -0.151722420
         5         2        38                0.205328644            -0.022889148
         5         3        39                1.830620747            -0.035231996
         5         3        39                0.101246702             0.046436991
         5         3        39                0.039017713             0.014725224
         5         3        39                5.642399252            -0.312562434
         5         3        39                1.462989871            -0.289241746
         5         3        39                0.515749202            -0.151722420
         5         3        39                0.205328644            -0.022889148
         5         4        40                1.830620747            -0.035231996
         5         4        40                0.101246702             0.046436991
         5         4        40                0.039017713             0.014725224
         5         4        40                5.642399252            -0.312562434
         5         4        40                1.462989871            -0.289241746
         5         4        40                0.515749202            -0.151722420
         5         4        40                0.205328644            -0.022889148
         6         1        41               34.919955938            -0.122693460
         6         1        41                6.013505363            -0.149763551
         6         1        41                0.483210815             0.239805272
         6         1        41                0.184163602             0.095573745
         6         2        42                5.628263170             0.705968380
         6         2        42                1.459324596             0.653295165
         6         2        42                0.514457079             0.342687475
         6         2        42                0.204814228             0.051698517
         6         3        43                5.628263170             0.705968380
         6         3        43                1.459324596             0.653295165
         6         3        43                0.514457079             0.342687475
         6         3        43                0.204814228             0.051698517
         6         4        44                5.628263170             0.705968380
         6         4        44                1.459324596             0.653295165
         6         4        44                0.514457079             0.342687475
         6         4        44                0.204814228             0.051698517
         6         1        45                0.383508475            -0.068161740
         6         1        45                0.047072234             0.068293118
         6         1        45                0.022226267             0.010215816
         6         1        45               34.919955938             0.056491942
         6         1        45                6.013505363             0.068955866
         6         1        45                0.483210815            -0.110413917
         6         1        45                0.184163602            -0.044005169
         6         2        46                1.830620747            -0.035245839
         6         2        46                0.101246702             0.046455237
         6         2        46                0.039017713             0.014731010
         6         2        46                5.628263170            -0.312334060
         6         2        46                1.459324596            -0.289030411
         6         2        46                0.514457079            -0.151611564
         6         2        46                0.204814228            -0.022872424
         6         3        47                1.830620747            -0.035245839
         6         3        47                0.101246702             0.046455237
         6         3        47                0.039017713             0.014731010
         6         3        47                5.628263170            -0.312334060
         6         3        47                1.459324596            -0.289030411
         6         3        47                0.514457079            -0.151611564
         6         3        47                0.204814228            -0.022872424
         6         4        48                1.830620747            -0.035245839
         6         4        48                0.101246702             0.046455237
         6         4        48                0.039017713             0.014731010
         6         4        48                5.628263170            -0.312334060
         6         4        48                1.459324596            -0.289030411
         6         4        48                0.514457079            -0.151611564
         6         4        48                0.204814228            -0.022872424
         7         1        49               35.010630445            -0.122932326
         7         1        49                6.029120263            -0.150055117
         7         1        49                0.484465538             0.240272137
         7         1        49                0.184641808             0.095759812
         7         2        50                5.642877736             0.708260554
         7         2        50                1.463113935             0.655416317
         7         2        50                0.515792938             0.343800130
         7         2        50                0.205346057             0.051866375
         7         3        51                5.642877736             0.708260554
         7         3        51                1.463113935             0.655416317
         7         3        51                0.515792938             0.343800130
         7         3        51                0.205346057             0.051866375
         7         4        52                5.642877736             0.708260554
         7         4        52                1.463113935             0.655416317
         7         4        52                0.515792938             0.343800130
         7         4        52                0.205346057             0.051866375
         7         1        53                0.383508475            -0.068132280
         7         1        53                0.047072234             0.068263602
         7         1        53                0.022226267             0.010211401
         7         1        53               35.010630445             0.056461924
         7         1        53                6.029120263             0.068919225
         7         1        53                0.484465538            -0.110355247
         7         1        53                0.184641808            -0.043981786
         7         2        54                1.830620747            -0.035231529
         7         2        54                0.101246702             0.046436375
         7         2        54                0.039017713             0.014725029
         7         2        54                5.642877736            -0.312570154
         7         2        54                1.463113935            -0.289248890
         7         2        54                0.515792938            -0.151726167
         7         2        54                0.205346057            -0.022889713
         7         3        55                1.830620747            -0.035231529
         7         3        55                0.101246702             0.046436375
         7         3        55                0.039017713             0.014725029
         7         3        55                5.642877736            -0.312570154
         7         3        55                1.463113935            -0.289248890
         7         3        55                0.515792938            -0.151726167
         7         3        55                0.205346057            -0.022889713
         7         4        56                1.830620747            -0.035231529
         7         4        56                0.101246702             0.046436375
         7         4        56                0.039017713             0.014725029
         7         4        56                5.642877736            -0.312570154
         7         4        56                1.463113935            -0.289248890
         7         4        56                0.515792938            -0.151726167
         7         4        56                0.205346057            -0.022889713
         8         1        57               35.131203216            -0.123249713
         8         1        57                6.049883892            -0.150442531
         8         1        57                0.486133985             0.240892473
         8         1        57                0.185277694             0.096007046
         8         2        58                5.662311188             0.711310830
         8         2        58                1.468152739             0.658239008
         8         2        58                0.517569272             0.345280779
         8         2        58                0.206053246             0.052089748
         8         3        59                5.662311188             0.711310830
         8         3        59                1.468152739             0.658239008
         8         3        59                0.517569272             0.345280779
         8         3        59                0.206053246             0.052089748
         8         4        60                5.662311188             0.711310830
         8         4        60                1.468152739             0.658239008
         8         4        60                0.517569272             0.345280779
         8         4        60                0.206053246             0.052089748
         8         1        61                0.383508475            -0.068093421
         8         1        61                0.047072234             0.068224668
         8         1        61                0.022226267             0.010205577
         8         1        61               35.131203216             0.056422108
         8         1        61                6.049883892             0.068870624
         8         1        61                0.486133985            -0.110277425
         8         1        61                0.185277694            -0.043950771
         8         2        62                1.830620747            -0.035212653
         8         2        62                0.101246702             0.046411496
         8         2        62                0.039017713             0.014717139
         8         2        62                5.662311188            -0.312883127
         8         2        62                1.468152739            -0.289538512
         8         2        62                0.517569272            -0.151878089
         8         2        62                0.206053246            -0.022912632
         8         3        63                1.830620747            -0.035212653
         8         3        63                0.101246702             0.046411496
         8         3        63                0.039017713             0.014717139
         8         3        63                5.662311188            -0.312883127
         8         3        63                1.468152739            -0.289538512
         8         3        63                0.517569272            -0.151878089
         8         3        63                0.206053246            -0.022912632
         8         4        64                1.830620747            -0.035212653
         8         4        64                0.101246702             0.046411496
         8         4        64                0.039017713             0.014717139
         8         4        64                5.662311188            -0.312883127
         8         4        64                1.468152739            -0.289538512
         8         4        64                0.517569272            -0.151878089
         8         4        64                0.206053246            -0.022912632
         9         1        65               61.428313571            -0.187409928
         9         1        65               10.578463895            -0.228758535
         9         1        65                0.850024711             0.366294086
         9         1        65                0.323965457             0.145985520
         9         2        66                7.240676703             0.967255483
         9         2        66                1.877399348             0.895087298
         9         2        66                0.661841366             0.469520092
         9         2        66                0.263490452             0.070832739
         9         3        67                7.240676703             0.967255483
         9         3        67                1.877399348             0.895087298
         9         3        67                0.661841366             0.469520092
         9         3        67                0.263490452             0.070832739
         9         4        68                7.240676703             0.967255483
         9         4        68                1.877399348             0.895087298
         9         4        68                0.661841366             0.469520092
         9         4        68                0.263490452             0.070832739
         9         1        69                0.478949873            -0.077024114
         9         1        69                0.058786811             0.077172574
         9         1        69                0.027757581             0.011544074
         9         1        69               61.428313571             0.061851574
         9         1        69               10.578463895             0.075498004
         9         1        69                0.850024711            -0.120889357
         9         1        69                0.323965457            -0.048180127
         9         2        70                2.286196081            -0.046320584
         9         2        70                0.126443347             0.061052134
         9         2        70                0.048727812             0.019359703
         9         2        70                7.240676703            -0.415913108
         9         2        70                1.877399348            -0.384881292
         9         2        70                0.661841366            -0.201890363
         9         2        70                0.263490452            -0.030457584
         9         3        71                2.286196081            -0.046320584
         9         3        71                0.126443347             0.061052134
         9         3        71                0.048727812             0.019359703
         9         3        71                7.240676703            -0.415913108
         9         3        71                1.877399348            -0.384881292
         9         3        71                0.661841366            -0.201890363
         9         3        71                0.263490452            -0.030457584
         9         4        72                2.286196081            -0.046320584
         9         4        72                0.126443347             0.061052134
         9         4        72                0.048727812             0.019359703
         9         4        72                7.240676703            -0.415913108
         9         4        72                1.877399348            -0.384881292
         9         4        72                0.661841366            -0.201890363
         9         4        72                0.263490452            -0.030457584
        10         1        73               35.632522038            -0.124566445
        10         1        73                6.136215142            -0.152049776
        10         1        73                0.493071069             0.243466035
        10         1        73                0.187921589             0.097032732
        10         2        74                5.743111813             0.724021302
        10         2        74                1.489103134             0.670001135
        10         2        74                0.524954935             0.351450629
        10         2        74                0.208993605             0.053020544
        10         3        75                5.743111813             0.724021302
        10         3        75                1.489103134             0.670001135
        10         3        75                0.524954935             0.351450629
        10         3        75                0.208993605             0.053020544
        10         4        76                5.743111813             0.724021302
        10         4        76                1.489103134             0.670001135
        10         4        76                0.524954935             0.351450629
        10         4        76                0.208993605             0.053020544
        10         1        77                0.383508475            -0.067935592
        10         1        77                0.047072234             0.068066535
        10         1        77                0.022226267             0.010181922
        10         1        77               35.632522038             0.056257748
        10         1        77                6.136215142             0.068670001
        10         1        77                0.493071069            -0.109956183
        10         1        77                0.187921589            -0.043822740
        10         2        78                1.830620747            -0.035135988
        10         2        78                0.101246702             0.046310449
        10         2        78                0.039017713             0.014685097
        10         2        78                5.743111813            -0.314172648
        10         2        78                1.489103134            -0.290731820
        10         2        78                0.524954935            -0.152504042
        10         2        78                0.208993605            -0.023007065
        10         3        79                1.830620747            -0.035135988
        10         3        79                0.101246702             0.046310449
        10         3        79                0.039017713             0.014685097
        10         3        79                5.743111813            -0.314172648
        10         3        79                1.489103134            -0.290731820
        10         3        79                0.524954935            -0.152504042
        10         3        79                0.208993605            -0.023007065
        10         4        80                1.830620747            -0.035135988
        10         4        80                0.101246702             0.046310449
        10         4        80                0.039017713             0.014685097
        10         4        80                5.743111813            -0.314172648
        10         4        80                1.489103134            -0.290731820
        10         4        80                0.524954935            -0.152504042
        10         4        80                0.208993605            -0.023007065
        11         1        81               34.942514442            -0.122752901
        11         1        81                6.017390124            -0.149836106
        11         1        81                0.483522972             0.239921450
        11         1        81                0.184282573             0.095620047
        11         2        82                5.631899063             0.706538501
        11         2        82                1.460267329             0.653822748
        11         2        82                0.514789421             0.342964220
        11         2        82                0.204946539             0.051740268
        11         3        83                5.631899063             0.706538501
        11         3        83                1.460267329             0.653822748
        11         3        83                0.514789421             0.342964220
        11         3        83                0.204946539             0.051740268
        11         4        84                5.631899063             0.706538501
        11         4        84                1.460267329             0.653822748
        11         4        84                0.514789421             0.342964220
        11         4        84                0.204946539             0.051740268
        11         1        85                0.383508475            -0.068154392
        11         1        85                0.047072234             0.068285756
        11         1        85                0.022226267             0.010214715
        11         1        85               34.942514442             0.056484468
        11         1        85                6.017390124             0.068946743
        11         1        85                0.483522972            -0.110399309
        11         1        85                0.184282573            -0.043999347
        11         2        86                1.830620747            -0.035242270
        11         2        86                0.101246702             0.046450532
        11         2        86                0.039017713             0.014729518
        11         2        86                5.631899063            -0.312392855
        11         2        86                1.460267329            -0.289084820
        11         2        86                0.514789421            -0.151640104
        11         2        86                0.204946539            -0.022876729
        11         3        87                1.830620747            -0.035242270
        11         3        87                0.101246702             0.046450532
        11         3        87                0.039017713             0.014729518
        11         3        87                5.631899063            -0.312392855
        11         3        87                1.460267329            -0.289084820
        11         3        87                0.514789421            -0.151640104
        11         3        87                0.204946539            -0.022876729
        11         4        88                1.830620747            -0.035242270
        11         4        88                0.101246702             0.046450532
        11         4        88                0.039017713             0.014729518
        11         4        88                5.631899063            -0.312392855
        11         4        88                1.460267329            -0.289084820
        11         4        88                0.514789421            -0.151640104
        11         4        88                0.204946539            -0.022876729
        12         1        89               34.935092566            -0.122733346
        12         1        89                6.016112016            -0.149812236
        12         1        89                0.483420270             0.239883229
        12         1        89                0.184243431             0.095604814
        12         2        90                5.630702834             0.706350918
        12         2        90                1.459957165             0.653649161
        12         2        90                0.514680079             0.342873164
        12         2        90                0.204903008             0.051726531
        12         3        91                5.630702834             0.706350918
        12         3        91                1.459957165             0.653649161
        12         3        91                0.514680079             0.342873164
        12         3        91                0.204903008             0.051726531
        12         4        92                5.630702834             0.706350918
        12         4        92                1.459957165             0.653649161
        12         4        92                0.514680079             0.342873164
        12         4        92                0.204903008             0.051726531
        12         1        93                0.383508475            -0.068156808
        12         1        93                0.047072234             0.068288177
        12         1        93                0.022226267             0.010215077
        12         1        93               34.935092566             0.056486927
        12         1        93                6.016112016             0.068949744
        12         1        93                0.483420270            -0.110404114
        12         1        93                0.184243431            -0.044001262
        12         2        94                1.830620747            -0.035243444
        12         2        94                0.101246702             0.046452079
        12         2        94                0.039017713             0.014730008
        12         2        94                5.630702834            -0.312373515
        12         2        94                1.459957165            -0.289066923
        12         2        94                0.514680079            -0.151630716
        12         2        94                0.204903008            -0.022875313
        12         3        95                1.830620747            -0.035243444
        12         3        95                0.101246702             0.046452079
        12         3        95                0.039017713             0.014730008
        12         3        95                5.630702834            -0.312373515
        12         3        95                1.459957165            -0.289066923
        12         3        95                0.514680079            -0.151630716
        12         3        95                0.204903008            -0.022875313
        12         4        96                1.830620747            -0.035243444
        12         4        96                0.101246702             0.046452079
        12         4        96                0.039017713             0.014730008
        12         4        96                5.630702834            -0.312373515
        12         4        96                1.459957165            -0.289066923
        12         4        96                0.514680079            -0.151630716
        12         4        96                0.204903008            -0.022875313
        13         1        97               34.920743125            -0.122695535
        13         1        97                6.013640923            -0.149766083
        13         1        97                0.483221707             0.239809327
        13         1        97                0.184167753             0.095575361
        13         2        98                5.628390046             0.705988273
        13         2        98                1.459357493             0.653313574
        13         2        98                0.514468676             0.342697131
        13         2        98                0.204818845             0.051699974
        13         3        99                5.628390046             0.705988273
        13         3        99                1.459357493             0.653313574
        13         3        99                0.514468676             0.342697131
        13         3        99                0.204818845             0.051699974
        13         4       100                5.628390046             0.705988273
        13         4       100                1.459357493             0.653313574
        13         4       100                0.514468676             0.342697131
        13         4       100                0.204818845             0.051699974
        13         1       101                0.383508475            -0.068161483
        13         1       101                0.047072234             0.068292861
        13         1       101                0.022226267             0.010215777
        13         1       101               34.920743125             0.056491681
        13         1       101                6.013640923             0.068955548
        13         1       101                0.483221707            -0.110413407
        13         1       101                0.184167753            -0.044004966
        13         2       102                1.830620747            -0.035245715
        13         2       102                0.101246702             0.046455073
        13         2       102                0.039017713             0.014730957
        13         2       102                5.628390046            -0.312336112
        13         2       102                1.459357493            -0.289032310
        13         2       102                0.514468676            -0.151612560
        13         2       102                0.204818845            -0.022872574
        13         3       103                1.830620747            -0.035245715
        13         3       103                0.101246702             0.046455073
        13         3       103                0.039017713             0.014730957
        13         3       103                5.628390046            -0.312336112
        13         3       103                1.459357493            -0.289032310
        13         3       103                0.514468676            -0.151612560
        13         3       103                0.204818845            -0.022872574
        13         4       104                1.830620747            -0.035245715
        13         4       104                0.101246702             0.046455073
        13         4       104                0.039017713             0.014730957
        13         4       104                5.628390046            -0.312336112
        13         4       104                1.459357493            -0.289032310
        13         4       104                0.514468676            -0.151612560
        13         4       104                0.204818845            -0.022872574
        14         1       105               34.934834986            -0.122732667
        14         1       105                6.016067658            -0.149811408
        14         1       105                0.483416706             0.239881902
        14         1       105                0.184242072             0.095604285
        14         2       106                5.630661318             0.706344408
        14         2       106                1.459946400             0.653643137
        14         2       106                0.514676284             0.342870004
        14         2       106                0.204901497             0.051726054
        14         3       107                5.630661318             0.706344408
        14         3       107                1.459946400             0.653643137
        14         3       107                0.514676284             0.342870004
        14         3       107                0.204901497             0.051726054
        14         4       108                5.630661318             0.706344408
        14         4       108                1.459946400             0.653643137
        14         4       108                0.514676284             0.342870004
        14         4       108                0.204901497             0.051726054
        14         1       109                0.383508475            -0.068156892
        14         1       109                0.047072234             0.068288261
        14         1       109                0.022226267             0.010215089
        14         1       109               34.934834986             0.056487012
        14         1       109                6.016067658             0.068949848
        14         1       109                0.483416706            -0.110404281
        14         1       109                0.184242072            -0.044001329
        14         2       110                1.830620747            -0.035243484
        14         2       110                0.101246702             0.046452133
        14         2       110                0.039017713             0.014730025
        14         2       110                5.630661318            -0.312372844
        14         2       110                1.459946400            -0.289066302
        14         2       110                0.514676284            -0.151630390
        14         2       110                0.204901497            -0.022875264
        14         3       111                1.830620747            -0.035243484
        14         3       111                0.101246702             0.046452133
        14         3       111                0.039017713             0.014730025
        14         3       111                5.630661318            -0.312372844
        14         3       111                1.459946400            -0.289066302
        14         3       111                0.514676284            -0.151630390
        14         3       111                0.204901497            -0.022875264
        14         4       112                1.830620747            -0.035243484
        14         4       112                0.101246702             0.046452133
        14         4       112                0.039017713             0.014730025
        14         4       112                5.630661318            -0.312372844
        14         4       112                1.459946400            -0.289066302
        14         4       112                0.514676284            -0.151630390
        14         4       112                0.204901497            -0.022875264
        15         1       113               35.407288324            -0.123975438
        15         1       113                6.097428032            -0.151328373
        15         1       113                0.489954359             0.242310907
        15         1       113                0.186733734             0.096572359
        15         2       114                5.706809516             0.718305142
        15         2       114                1.479690491             0.664711465
        15         2       114                0.521636687             0.348675921
        15         2       114                0.207672554             0.052601946
        15         3       115                5.706809516             0.718305142
        15         3       115                1.479690491             0.664711465
        15         3       115                0.521636687             0.348675921
        15         3       115                0.207672554             0.052601946
        15         4       116                5.706809516             0.718305142
        15         4       116                1.479690491             0.664711465
        15         4       116                0.521636687             0.348675921
        15         4       116                0.207672554             0.052601946
        15         1       117                0.383508475            -0.068005766
        15         1       117                0.047072234             0.068136844
        15         1       117                0.022226267             0.010192439
        15         1       117               35.407288324             0.056331357
        15         1       117                6.097428032             0.068759851
        15         1       117                0.489954359            -0.110100052
        15         1       117                0.186733734            -0.043880079
        15         2       118                1.830620747            -0.035170074
        15         2       118                0.101246702             0.046355375
        15         2       118                0.039017713             0.014699343
        15         2       118                5.706809516            -0.313595626
        15         2       118                1.479690491            -0.290197850
        15         2       118                0.521636687            -0.152223947
        15         2       118                0.207672554            -0.022964809
        15         3       119                1.830620747            -0.035170074
        15         3       119                0.101246702             0.046355375
        15         3       119                0.039017713             0.014699343
        15         3       119                5.706809516            -0.313595626
        15         3       119                1.479690491            -0.290197850
        15         3       119                0.521636687            -0.152223947
        15         3       119                0.207672554            -0.022964809
        15         4       120                1.830620747            -0.035170074
        15         4       120                0.101246702             0.046355375
        15         4       120                0.039017713             0.014699343
        15         4       120                5.706809516            -0.313595626
        15         4       120                1.479690491            -0.290197850
        15         4       120                0.521636687            -0.152223947
        15         4       120                0.207672554            -0.022964809
        16         1       121               35.403933430            -0.123966627
        16         1       121                6.096850292            -0.151317619
        16         1       121                0.489907935             0.242293687
        16         1       121                0.186716040             0.096565496
        16         2       122                5.706268787             0.718220067
        16         2       122                1.479550288             0.664632738
        16         2       122                0.521587261             0.348634624
        16         2       122                0.207652876             0.052595716
        16         3       123                5.706268787             0.718220067
        16         3       123                1.479550288             0.664632738
        16         3       123                0.521587261             0.348634624
        16         3       123                0.207652876             0.052595716
        16         4       124                5.706268787             0.718220067
        16         4       124                1.479550288             0.664632738
        16         4       124                0.521587261             0.348634624
        16         4       124                0.207652876             0.052595716
        16         1       125                0.383508475            -0.068006820
        16         1       125                0.047072234             0.068137900
        16         1       125                0.022226267             0.010192597
        16         1       125               35.403933430             0.056332456
        16         1       125                6.096850292             0.068761193
        16         1       125                0.489907935            -0.110102201
        16         1       125                0.186716040            -0.043880935
        16         2       126                1.830620747            -0.035170586
        16         2       126                0.101246702             0.046356050
        16         2       126                0.039017713             0.014699557
        16         2       126                5.706268787            -0.313587002
        16         2       126                1.479550288            -0.290189870
        16         2       126                0.521587261            -0.152219761
        16         2       126                0.207652876            -0.022964177
        16         3       127                1.830620747            -0.035170586
        16         3       127                0.101246702             0.046356050
        16         3       127                0.039017713             0.014699557
        16         3       127                5.706268787            -0.313587002
        16         3       127                1.479550288            -0.290189870
        16         3       127                0.521587261            -0.152219761
        16         3       127                0.207652876            -0.022964177
        16         4       128                1.830620747            -0.035170586
        16         4       128                0.101246702             0.046356050
        16         4       128                0.039017713             0.014699557
        16         4       128                5.706268787            -0.313587002
        16         4       128                1.479550288            -0.290189870
        16         4       128                0.521587261            -0.152219761
        16         4       128                0.207652876            -0.022964177
        17         1       129               34.949236799            -0.122770612
        17         1       129                6.018547770            -0.149857725
        17         1       129                0.483615994             0.239956066
        17         1       129                0.184318026             0.095633843
        17         2       130                5.632982546             0.706708413
        17         2       130                1.460548260             0.653979983
        17         2       130                0.514888458             0.343046697
        17         2       130                0.204985968             0.051752710
        17         3       131                5.632982546             0.706708413
        17         3       131                1.460548260             0.653979983
        17         3       131                0.514888458             0.343046697
        17         3       131                0.204985968             0.051752710
        17         4       132                5.632982546             0.706708413
        17         4       132                1.460548260             0.653979983
        17         4       132                0.514888458             0.343046697
        17         4       132                0.204985968             0.051752710
        17         1       133                0.383508475            -0.068152204
        17         1       133                0.047072234             0.068283564
        17         1       133                0.022226267             0.010214387
        17         1       133               34.949236799             0.056482242
        17         1       133                6.018547770             0.068944025
        17         1       133                0.483615994            -0.110394957
        17         1       133                0.184318026            -0.043997613
        17         2       134                1.830620747            -0.035241207
        17         2       134                0.101246702             0.046449132
        17         2       134                0.039017713             0.014729074
        17         2       134                5.632982546            -0.312410368
        17         2       134                1.460548260            -0.289101026
        17         2       134                0.514888458            -0.151648605
        17         2       134                0.204985968            -0.022878012
        17         3       135                1.830620747            -0.035241207
        17         3       135                0.101246702             0.046449132
        17         3       135                0.039017713             0.014729074
        17         3       135                5.632982546            -0.312410368
        17         3       135                1.460548260            -0.289101026
        17         3       135                0.514888458            -0.151648605
        17         3       135                0.204985968            -0.022878012
        17         4       136                1.830620747            -0.035241207
        17         4       136                0.101246702             0.046449132
        17         4       136                0.039017713             0.014729074
        17         4       136                5.632982546            -0.312410368
        17         4       136                1.460548260            -0.289101026
        17         4       136                0.514888458            -0.151648605
        17         4       136                0.204985968            -0.022878012
        18         1       137               34.913633676            -0.122676800
        18         1       137                6.012416617            -0.149743214
        18         1       137                0.483123329             0.239772709
        18         1       137                0.184130259             0.095560767
        18         2       138                5.627244173             0.705808614
        18         2       138                1.459060386             0.653147319
        18         2       138                0.514363936             0.342609922
        18         2       138                0.204777146             0.051686818
        18         3       139                5.627244173             0.705808614
        18         3       139                1.459060386             0.653147319
        18         3       139                0.514363936             0.342609922
        18         3       139                0.204777146             0.051686818
        18         4       140                5.627244173             0.705808614
        18         4       140                1.459060386             0.653147319
        18         4       140                0.514363936             0.342609922
        18         4       140                0.204777146             0.051686818
        18         1       141                0.383508475            -0.068163801
        18         1       141                0.047072234             0.068295184
        18         1       141                0.022226267             0.010216125
        18         1       141               34.913633676             0.056494037
        18         1       141                6.012416617             0.068958424
        18         1       141                0.483123329            -0.110418012
        18         1       141                0.184130259            -0.044006801
        18         2       142                1.830620747            -0.035246841
        18         2       142                0.101246702             0.046456557
        18         2       142                0.039017713             0.014731428
        18         2       142                5.627244173            -0.312317575
        18         2       142                1.459060386            -0.289015156
        18         2       142                0.514363936            -0.151603562
        18         2       142                0.204777146            -0.022871216
        18         3       143                1.830620747            -0.035246841
        18         3       143                0.101246702             0.046456557
        18         3       143                0.039017713             0.014731428
        18         3       143                5.627244173            -0.312317575
        18         3       143                1.459060386            -0.289015156
        18         3       143                0.514363936            -0.151603562
        18         3       143                0.204777146            -0.022871216
        18         4       144                1.830620747            -0.035246841
        18         4       144                0.101246702             0.046456557
        18         4       144                0.039017713             0.014731428
        18         4       144                5.627244173            -0.312317575
        18         4       144                1.459060386            -0.289015156
        18         4       144                0.514363936            -0.151603562
        18         4       144                0.204777146            -0.022871216
        19         1       145               35.103163121            -0.123175927
        19         1       145                6.045055156            -0.150352465
        19         1       145                0.485745975             0.240748257
        19         1       145                0.185129814             0.095949569
        19         2       146                5.657791794             0.710601232
        19         2       146                1.466980928             0.657582354
        19         2       146                0.517156173             0.344936329
        19         2       146                0.205888784             0.052037784
        19         3       147                5.657791794             0.710601232
        19         3       147                1.466980928             0.657582354
        19         3       147                0.517156173             0.344936329
        19         3       147                0.205888784             0.052037784
        19         4       148                5.657791794             0.710601232
        19         4       148                1.466980928             0.657582354
        19         4       148                0.517156173             0.344936329
        19         4       148                0.205888784             0.052037784
        19         1       149                0.383508475            -0.068102426
        19         1       149                0.047072234             0.068233690
        19         1       149                0.022226267             0.010206926
        19         1       149               35.103163121             0.056431357
        19         1       149                6.045055156             0.068881914
        19         1       149                0.485745975            -0.110295504
        19         1       149                0.185129814            -0.043957976
        19         2       150                1.830620747            -0.035217027
        19         2       150                0.101246702             0.046417261
        19         2       150                0.039017713             0.014718967
        19         2       150                5.657791794            -0.312810441
        19         2       150                1.466980928            -0.289471249
        19         2       150                0.517156173            -0.151842807
        19         2       150                0.205888784            -0.022907309
        19         3       151                1.830620747            -0.035217027
        19         3       151                0.101246702             0.046417261
        19         3       151                0.039017713             0.014718967
        19         3       151                5.657791794            -0.312810441
        19         3       151                1.466980928            -0.289471249
        19         3       151                0.517156173            -0.151842807
        19         3       151                0.205888784            -0.022907309
        19         4       152                1.830620747            -0.035217027
        19         4       152                0.101246702             0.046417261
        19         4       152                0.039017713             0.014718967
        19         4       152                5.657791794            -0.312810441
        19         4       152                1.466980928            -0.289471249
        19         4       152                0.517156173            -0.151842807
        19         4       152                0.205888784            -0.022907309
        20         1       153               57.060902717            -0.177325065
        20         1       153                9.826359607            -0.216448630
        20         1       153                0.789589922             0.346583147
        20         1       153                0.300932263             0.138129779
        20         2       154                6.725881355             0.882071433
        20         2       154                1.743920602             0.816258941
        20         2       154                0.614785978             0.428170496
        20         2       154                0.244756891             0.064594657
        20         3       155                6.725881355             0.882071433
        20         3       155                1.743920602             0.816258941
        20         3       155                0.614785978             0.428170496
        20         3       155                0.244756891             0.064594657
        20         4       156                6.725881355             0.882071433
        20         4       156                1.743920602             0.816258941
        20         4       156                0.614785978             0.428170496
        20         4       156                0.244756891             0.064594657
        20         1       157                0.478949873            -0.077614970
        20         1       157                0.058786811             0.077764569
        20         1       157                0.027757581             0.011632629
        20         1       157               57.060902717             0.062944315
        20         1       157                9.826359607             0.076831838
        20         1       157                0.789589922            -0.123025127
        20         1       157                0.300932263            -0.049031333
        20         2       158                2.286196081            -0.046865849
        20         2       158                0.126443347             0.061770812
        20         2       158                0.048727812             0.019587596
        20         2       158                6.725881355            -0.407049193
        20         2       158                1.743920602            -0.376678726
        20         2       158                0.614785978            -0.197587688
        20         2       158                0.244756891            -0.029808474
        20         3       159                2.286196081            -0.046865849
        20         3       159                0.126443347             0.061770812
        20         3       159                0.048727812             0.019587596
        20         3       159                6.725881355            -0.407049193
        20         3       159                1.743920602            -0.376678726
        20         3       159                0.614785978            -0.197587688
        20         3       159                0.244756891            -0.029808474
        20         4       160                2.286196081            -0.046865849
        20         4       160                0.126443347             0.061770812
        20         4       160                0.048727812             0.019587596
        20         4       160                6.725881355            -0.407049193
        20         4       160                1.743920602            -0.376678726
        20         4       160                0.614785978            -0.197587688
        20         4       160                0.244756891            -0.029808474
        21         1       161               35.827654526            -0.125077713
        21         1       161                6.169818571            -0.152673846
        21         1       161                0.495771248             0.244465313
        21         1       161                0.188950694             0.097430991
        21         2       162                5.774562511             0.728980839
        21         2       162                1.497257831             0.674590634
        21         2       162                0.527829718             0.353858062
        21         2       162                0.210138106             0.053383734
        21         3       163                5.774562511             0.728980839
        21         3       163                1.497257831             0.674590634
        21         3       163                0.527829718             0.353858062
        21         3       163                0.210138106             0.053383734
        21         4       164                5.774562511             0.728980839
        21         4       164                1.497257831             0.674590634
        21         4       164                0.527829718             0.353858062
        21         4       164                0.210138106             0.053383734
        21         1       165                0.383508475            -0.067875746
        21         1       165                0.047072234             0.068006573
        21         1       165                0.022226267             0.010172952
        21         1       165               35.827654526             0.056194280
        21         1       165                6.169818571             0.068592530
        21         1       165                0.495771248            -0.109832134
        21         1       165                0.188950694            -0.043773301
        21         2       166                1.830620747            -0.035106919
        21         2       166                0.101246702             0.046272135
        21         2       166                0.039017713             0.014672948
        21         2       166                5.774562511            -0.314669494
        21         2       166                1.497257831            -0.291191596
        21         2       166                0.527829718            -0.152745218
        21         2       166                0.210138106            -0.023043449
        21         3       167                1.830620747            -0.035106919
        21         3       167                0.101246702             0.046272135
        21         3       167                0.039017713             0.014672948
        21         3       167                5.774562511            -0.314669494
        21         3       167                1.497257831            -0.291191596
        21         3       167                0.527829718            -0.152745218
        21         3       167                0.210138106            -0.023043449
        21         4       168                1.830620747            -0.035106919
        21         4       168                0.101246702             0.046272135
        21         4       168                0.039017713             0.014672948
        21         4       168                5.774562511            -0.314669494
        21         4       168                1.497257831            -0.291191596
        21         4       168                0.527829718            -0.152745218
        21         4       168                0.210138106            -0.023043449
        22         1       169               35.109959857            -0.123193814
        22         1       169                6.046225610            -0.150374298
        22         1       169                0.485840026             0.240783216
        22         1       169                0.185165659             0.095963502
        22         2       170                5.658887266             0.710773221
        22         2       170                1.467264967             0.657741510
        22         2       170                0.517256305             0.345019815
        22         2       170                0.205928648             0.052050379
        22         3       171                5.658887266             0.710773221
        22         3       171                1.467264967             0.657741510
        22         3       171                0.517256305             0.345019815
        22         3       171                0.205928648             0.052050379
        22         4       172                5.658887266             0.710773221
        22         4       172                1.467264967             0.657741510
        22         4       172                0.517256305             0.345019815
        22         4       172                0.205928648             0.052050379
        22         1       173                0.383508475            -0.068100242
        22         1       173                0.047072234             0.068231502
        22         1       173                0.022226267             0.010206599
        22         1       173               35.109959857             0.056429115
        22         1       173                6.046225610             0.068879177
        22         1       173                0.485840026            -0.110291121
        22         1       173                0.185165659            -0.043956229
        22         2       174                1.830620747            -0.035215966
        22         2       174                0.101246702             0.046415863
        22         2       174                0.039017713             0.014718524
        22         2       174                5.658887266            -0.312828065
        22         2       174                1.467264967            -0.289487558
        22         2       174                0.517256305            -0.151851362
        22         2       174                0.205928648            -0.022908600
        22         3       175                1.830620747            -0.035215966
        22         3       175                0.101246702             0.046415863
        22         3       175                0.039017713             0.014718524
        22         3       175                5.658887266            -0.312828065
        22         3       175                1.467264967            -0.289487558
        22         3       175                0.517256305            -0.151851362
        22         3       175                0.205928648            -0.022908600
        22         4       176                1.830620747            -0.035215966
        22         4       176                0.101246702             0.046415863
        22         4       176                0.039017713             0.014718524
        22         4       176                5.658887266            -0.312828065
        22         4       176                1.467264967            -0.289487558
        22         4       176                0.517256305            -0.151851362
        22         4       176                0.205928648            -0.022908600
        23         1       177               35.120267182            -0.123220937
        23         1       177                6.048000617            -0.150407406
        23         1       177                0.485982655             0.240836230
        23         1       177                0.185220019             0.095984630
        23         2       178                5.660548560             0.711034060
        23         2       178                1.467695716             0.657982888
        23         2       178                0.517408158             0.345146430
        23         2       178                0.205989103             0.052069480
        23         3       179                5.660548560             0.711034060
        23         3       179                1.467695716             0.657982888
        23         3       179                0.517408158             0.345146430
        23         3       179                0.205989103             0.052069480
        23         4       180                5.660548560             0.711034060
        23         4       180                1.467695716             0.657982888
        23         4       180                0.517408158             0.345146430
        23         4       180                0.205989103             0.052069480
        23         1       181                0.383508475            -0.068096931
        23         1       181                0.047072234             0.068228184
        23         1       181                0.022226267             0.010206103
        23         1       181               35.120267182             0.056425714
        23         1       181                6.048000617             0.068875027
        23         1       181                0.485982655            -0.110284475
        23         1       181                0.185220019            -0.043953580
        23         2       182                1.830620747            -0.035214358
        23         2       182                0.101246702             0.046413743
        23         2       182                0.039017713             0.014717852
        23         2       182                5.660548560            -0.312854786
        23         2       182                1.467695716            -0.289512285
        23         2       182                0.517408158            -0.151864332
        23         2       182                0.205989103            -0.022910557
        23         3       183                1.830620747            -0.035214358
        23         3       183                0.101246702             0.046413743
        23         3       183                0.039017713             0.014717852
        23         3       183                5.660548560            -0.312854786
        23         3       183                1.467695716            -0.289512285
        23         3       183                0.517408158            -0.151864332
        23         3       183                0.205989103            -0.022910557
        23         4       184                1.830620747            -0.035214358
        23         4       184                0.101246702             0.046413743
        23         4       184                0.039017713             0.014717852
        23         4       184                5.660548560            -0.312854786
        23         4       184                1.467695716            -0.289512285
        23         4       184                0.517408158            -0.151864332
        23         4       184                0.205989103            -0.022910557
        24         1       185               35.131193439            -0.123249688
        24         1       185                6.049882209            -0.150442499
        24         1       185                0.486133849             0.240892423
        24         1       185                0.185277643             0.096007026
        24         2       186                5.662309612             0.711310583
        24         2       186                1.468152330             0.658238779
        24         2       186                0.517569128             0.345280659
        24         2       186                0.206053189             0.052089730
        24         3       187                5.662309612             0.711310583
        24         3       187                1.468152330             0.658238779
        24         3       187                0.517569128             0.345280659
        24         3       187                0.206053189             0.052089730
        24         4       188                5.662309612             0.711310583
        24         4       188                1.468152330             0.658238779
        24         4       188                0.517569128             0.345280659
        24         4       188                0.206053189             0.052089730
        24         1       189                0.383508475            -0.068093424
        24         1       189                0.047072234             0.068224671
        24         1       189                0.022226267             0.010205577
        24         1       189               35.131193439             0.056422111
        24         1       189                6.049882209             0.068870628
        24         1       189                0.486133849            -0.110277432
        24         1       189                0.185277643            -0.043950773
        24         2       190                1.830620747            -0.035212654
        24         2       190                0.101246702             0.046411498
        24         2       190                0.039017713             0.014717140
        24         2       190                5.662309612            -0.312883102
        24         2       190                1.468152330            -0.289538488
        24         2       190                0.517569128            -0.151878077
        24         2       190                0.206053189            -0.022912630
        24         3       191                1.830620747            -0.035212654
        24         3       191                0.101246702             0.046411498
        24         3       191                0.039017713             0.014717140
        24         3       191                5.662309612            -0.312883102
        24         3       191                1.468152330            -0.289538488
        24         3       191                0.517569128            -0.151878077
        24         3       191                0.206053189            -0.022912630
        24         4       192                1.830620747            -0.035212654
        24         4       192                0.101246702             0.046411498
        24         4       192                0.039017713             0.014717140
        24         4       192                5.662309612            -0.312883102
        24         4       192                1.468152330            -0.289538488
        24         4       192                0.517569128            -0.151878077
        24         4       192                0.206053189            -0.022912630
        25         1       193               61.427835846            -0.187408835
        25         1       193               10.578381627            -0.228757201
        25         1       193                0.850018100             0.366291949
        25         1       193                0.323962938             0.145984669
        25         2       194                7.240620392             0.967246080
        25         2       194                1.877384748             0.895078597
        25         2       194                0.661836219             0.469515528
        25         2       194                0.263488403             0.070832051
        25         3       195                7.240620392             0.967246080
        25         3       195                1.877384748             0.895078597
        25         3       195                0.661836219             0.469515528
        25         3       195                0.263488403             0.070832051
        25         4       196                7.240620392             0.967246080
        25         4       196                1.877384748             0.895078597
        25         4       196                0.661836219             0.469515528
        25         4       196                0.263488403             0.070832051
        25         1       197                0.478949873            -0.077024172
        25         1       197                0.058786811             0.077172632
        25         1       197                0.027757581             0.011544083
        25         1       197               61.427835846             0.061851691
        25         1       197               10.578381627             0.075498146
        25         1       197                0.850018100            -0.120889585
        25         1       197                0.323962938            -0.048180218
        25         2       198                2.286196081            -0.046320638
        25         2       198                0.126443347             0.061052206
        25         2       198                0.048727812             0.019359725
        25         2       198                7.240620392            -0.415912174
        25         2       198                1.877384748            -0.384880428
        25         2       198                0.661836219            -0.201889910
        25         2       198                0.263488403            -0.030457515
        25         3       199                2.286196081            -0.046320638
        25         3       199                0.126443347             0.061052206
        25         3       199                0.048727812             0.019359725
        25         3       199                7.240620392            -0.415912174
        25         3       199                1.877384748            -0.384880428
        25         3       199                0.661836219            -0.201889910
        25         3       199                0.263488403            -0.030457515
        25         4       200                2.286196081            -0.046320638
        25         4       200                0.126443347             0.061052206
        25         4       200                0.048727812             0.019359725
        25         4       200                7.240620392            -0.415912174
        25         4       200                1.877384748            -0.384880428
        25         4       200                0.661836219            -0.201889910
        25         4       200                0.263488403            -0.030457515
        26         1       201               35.628761779            -0.124556586
        26         1       201                6.135567594            -0.152037741
        26         1       201                0.493019036             0.243446766
        26         1       201                0.187901758             0.097025052
        26         2       202                5.742505749             0.723925797
        26         2       202                1.488945991             0.669912755
        26         2       202                0.524899537             0.351404270
        26         2       202                0.208971551             0.053013550
        26         3       203                5.742505749             0.723925797
        26         3       203                1.488945991             0.669912755
        26         3       203                0.524899537             0.351404270
        26         3       203                0.208971551             0.053013550
        26         4       204                5.742505749             0.723925797
        26         4       204                1.488945991             0.669912755
        26         4       204                0.524899537             0.351404270
        26         4       204                0.208971551             0.053013550
        26         1       205                0.383508475            -0.067936754
        26         1       205                0.047072234             0.068067699
        26         1       205                0.022226267             0.010182096
        26         1       205               35.628761779             0.056258974
        26         1       205                6.135567594             0.068671497
        26         1       205                0.493019036            -0.109958578
        26         1       205                0.187901758            -0.043823695
        26         2       206                1.830620747            -0.035136552
        26         2       206                0.101246702             0.046311193
        26         2       206                0.039017713             0.014685333
        26         2       206                5.742505749            -0.314163046
        26         2       206                1.488945991            -0.290722934
        26         2       206                0.524899537            -0.152499381
        26         2       206                0.208971551            -0.023006361
        26         3       207                1.830620747            -0.035136552
        26         3       207                0.101246702             0.046311193
        26         3       207                0.039017713             0.014685333
        26         3       207                5.742505749            -0.314163046
        26         3       207                1.488945991            -0.290722934
        26         3       207                0.524899537            -0.152499381
        26         3       207                0.208971551            -0.023006361
        26         4       208                1.830620747            -0.035136552
        26         4       208                0.101246702             0.046311193
        26         4       208                0.039017713             0.014685333
        26         4       208                5.742505749            -0.314163046
        26         4       208                1.488945991            -0.290722934
        26         4       208                0.524899537            -0.152499381
        26         4       208                0.208971551            -0.023006361
        27         1       209               34.940264377            -0.122746973
        27         1       209                6.017002644            -0.149828869
        27         1       209                0.483491836             0.239909863
        27         1       209                0.184270706             0.095615429
        27         2       210                5.631536406             0.706481631
        27         2       210                1.460173297             0.653770121
        27         2       210                0.514756272             0.342936614
        27         2       210                0.204933342             0.051736103
        27         3       211                5.631536406             0.706481631
        27         3       211                1.460173297             0.653770121
        27         3       211                0.514756272             0.342936614
        27         3       211                0.204933342             0.051736103
        27         4       212                5.631536406             0.706481631
        27         4       212                1.460173297             0.653770121
        27         4       212                0.514756272             0.342936614
        27         4       212                0.204933342             0.051736103
        27         1       213                0.383508475            -0.068155124
        27         1       213                0.047072234             0.068286490
        27         1       213                0.022226267             0.010214824
        27         1       213               34.940264377             0.056485213
        27         1       213                6.017002644             0.068947653
        27         1       213                0.483491836            -0.110400766
        27         1       213                0.184270706            -0.043999928
        27         2       214                1.830620747            -0.035242626
        27         2       214                0.101246702             0.046451001
        27         2       214                0.039017713             0.014729666
        27         2       214                5.631536406            -0.312386992
        27         2       214                1.460173297            -0.289079394
        27         2       214                0.514756272            -0.151637258
        27         2       214                0.204933342            -0.022876300
        27         3       215                1.830620747            -0.035242626
        27         3       215                0.101246702             0.046451001
        27         3       215                0.039017713             0.014729666
        27         3       215                5.631536406            -0.312386992
        27         3       215                1.460173297            -0.289079394
        27         3       215                0.514756272            -0.151637258
        27         3       215                0.204933342            -0.022876300
        27         4       216                1.830620747            -0.035242626
        27         4       216                0.101246702             0.046451001
        27         4       216                0.039017713             0.014729666
        27         4       216                5.631536406            -0.312386992
        27         4       216                1.460173297            -0.289079394
        27         4       216                0.514756272            -0.151637258
        27         4       216                0.204933342            -0.022876300
        28         1       217               34.934103631            -0.122730740
        28         1       217                6.015941713            -0.149809055
        28         1       217                0.483406586             0.239878136
        28         1       217                0.184238215             0.095602784
        28         2       218                5.630543441             0.706325924
        28         2       218                1.459915836             0.653626032
        28         2       218                0.514665509             0.342861032
        28         2       218                0.204897208             0.051724700
        28         3       219                5.630543441             0.706325924
        28         3       219                1.459915836             0.653626032
        28         3       219                0.514665509             0.342861032
        28         3       219                0.204897208             0.051724700
        28         4       220                5.630543441             0.706325924
        28         4       220                1.459915836             0.653626032
        28         4       220                0.514665509             0.342861032
        28         4       220                0.204897208             0.051724700
        28         1       221                0.383508475            -0.068157130
        28         1       221                0.047072234             0.068288499
        28         1       221                0.022226267             0.010215125
        28         1       221               34.934103631             0.056487254
        28         1       221                6.015941713             0.068950144
        28         1       221                0.483406586            -0.110404755
        28         1       221                0.184238215            -0.044001517
        28         2       222                1.830620747            -0.035243600
        28         2       222                0.101246702             0.046452285
        28         2       222                0.039017713             0.014730074
        28         2       222                5.630543441            -0.312370938
        28         2       222                1.459915836            -0.289064538
        28         2       222                0.514665509            -0.151629465
        28         2       222                0.204897208            -0.022875124
        28         3       223                1.830620747            -0.035243600
        28         3       223                0.101246702             0.046452285
        28         3       223                0.039017713             0.014730074
        28         3       223                5.630543441            -0.312370938
        28         3       223                1.459915836            -0.289064538
        28         3       223                0.514665509            -0.151629465
        28         3       223                0.204897208            -0.022875124
        28         4       224                1.830620747            -0.035243600
        28         4       224                0.101246702             0.046452285
        28         4       224                0.039017713             0.014730074
        28         4       224                5.630543441            -0.312370938
        28         4       224                1.459915836            -0.289064538
        28         4       224                0.514665509            -0.151629465
        28         4       224                0.204897208            -0.022875124
        29         1       225               34.920325112            -0.122694433
        29         1       225                6.013568938            -0.149764738
        29         1       225                0.483215923             0.239807174
        29         1       225                0.184165549             0.095574503
        29         2       226                5.628322673             0.705977709
        29         2       226                1.459340024             0.653303798
        29         2       226                0.514462518             0.342692003
        29         2       226                0.204816393             0.051699200
        29         3       227                5.628322673             0.705977709
        29         3       227                1.459340024             0.653303798
        29         3       227                0.514462518             0.342692003
        29         3       227                0.204816393             0.051699200
        29         4       228                5.628322673             0.705977709
        29         4       228                1.459340024             0.653303798
        29         4       228                0.514462518             0.342692003
        29         4       228                0.204816393             0.051699200
        29         1       229                0.383508475            -0.068161619
        29         1       229                0.047072234             0.068292997
        29         1       229                0.022226267             0.010215798
        29         1       229               34.920325112             0.056491820
        29         1       229                6.013568938             0.068955717
        29         1       229                0.483215923            -0.110413678
        29         1       229                0.184165549            -0.044005074
        29         2       230                1.830620747            -0.035245781
        29         2       230                0.101246702             0.046455160
        29         2       230                0.039017713             0.014730985
        29         2       230                5.628322673            -0.312335022
        29         2       230                1.459340024            -0.289031302
        29         2       230                0.514462518            -0.151612031
        29         2       230                0.204816393            -0.022872494
        29         3       231                1.830620747            -0.035245781
        29         3       231                0.101246702             0.046455160
        29         3       231                0.039017713             0.014730985
        29         3       231                5.628322673            -0.312335022
        29         3       231                1.459340024            -0.289031302
        29         3       231                0.514462518            -0.151612031
        29         3       231                0.204816393            -0.022872494
        29         4       232                1.830620747            -0.035245781
        29         4       232                0.101246702             0.046455160
        29         4       232                0.039017713             0.014730985
        29         4       232                5.628322673            -0.312335022
        29         4       232                1.459340024            -0.289031302
        29         4       232                0.514462518            -0.151612031
        29         4       232                0.204816393            -0.022872494
        30         1       233               34.934617806            -0.122732095
        30         1       233                6.016030258            -0.149810709
        30         1       233                0.483413701             0.239880784
        30         1       233                0.184240927             0.095603840
        30         2       234                5.630626314             0.706338919
        30         2       234                1.459937324             0.653638057
        30         2       234                0.514673084             0.342867340
        30         2       234                0.204900224             0.051725652
        30         3       235                5.630626314             0.706338919
        30         3       235                1.459937324             0.653638057
        30         3       235                0.514673084             0.342867340
        30         3       235                0.204900224             0.051725652
        30         4       236                5.630626314             0.706338919
        30         4       236                1.459937324             0.653638057
        30         4       236                0.514673084             0.342867340
        30         4       236                0.204900224             0.051725652
        30         1       237                0.383508475            -0.068156962
        30         1       237                0.047072234             0.068288332
        30         1       237                0.022226267             0.010215100
        30         1       237               34.934617806             0.056487084
        30         1       237                6.016030258             0.068949936
        30         1       237                0.483413701            -0.110404422
        30         1       237                0.184240927            -0.044001385
        30         2       238                1.830620747            -0.035243519
        30         2       238                0.101246702             0.046452178
        30         2       238                0.039017713             0.014730040
        30         2       238                5.630626314            -0.312372278
        30         2       238                1.459937324            -0.289065778
        30         2       238                0.514673084            -0.151630116
        30         2       238                0.204900224            -0.022875222
        30         3       239                1.830620747            -0.035243519
        30         3       239                0.101246702             0.046452178
        30         3       239                0.039017713             0.014730040
        30         3       239                5.630626314            -0.312372278
        30         3       239                1.459937324            -0.289065778
        30         3       239                0.514673084            -0.151630116
        30         3       239                0.204900224            -0.022875222
        30         4       240                1.830620747            -0.035243519
        30         4       240                0.101246702             0.046452178
        30         4       240                0.039017713             0.014730040
        30         4       240                5.630626314            -0.312372278
        30         4       240                1.459937324            -0.289065778
        30         4       240                0.514673084            -0.151630116
        30         4       240                0.204900224            -0.022875222
        31         1       241               35.407110236            -0.123974970
        31         1       241                6.097397364            -0.151327802
        31         1       241                0.489951895             0.242309993
        31         1       241                0.186732794             0.096571994
        31         2       242                5.706780812             0.718300626
        31         2       242                1.479683048             0.664707286
        31         2       242                0.521634063             0.348673729
        31         2       242                0.207671509             0.052601616
        31         3       243                5.706780812             0.718300626
        31         3       243                1.479683048             0.664707286
        31         3       243                0.521634063             0.348673729
        31         3       243                0.207671509             0.052601616
        31         4       244                5.706780812             0.718300626
        31         4       244                1.479683048             0.664707286
        31         4       244                0.521634063             0.348673729
        31         4       244                0.207671509             0.052601616
        31         1       245                0.383508475            -0.068005822
        31         1       245                0.047072234             0.068136900
        31         1       245                0.022226267             0.010192448
        31         1       245               35.407110236             0.056331415
        31         1       245                6.097397364             0.068759922
        31         1       245                0.489951895            -0.110100166
        31         1       245                0.186732794            -0.043880125
        31         2       246                1.830620747            -0.035170101
        31         2       246                0.101246702             0.046355411
        31         2       246                0.039017713             0.014699355
        31         2       246                5.706780812            -0.313595168
        31         2       246                1.479683048            -0.290197426
        31         2       246                0.521634063            -0.152223725
        31         2       246                0.207671509            -0.022964775
        31         3       247                1.830620747            -0.035170101
        31         3       247                0.101246702             0.046355411
        31         3       247                0.039017713             0.014699355
        31         3       247                5.706780812            -0.313595168
        31         3       247                1.479683048            -0.290197426
        31         3       247                0.521634063            -0.152223725
        31         3       247                0.207671509            -0.022964775
        31         4       248                1.830620747            -0.035170101
        31         4       248                0.101246702             0.046355411
        31         4       248                0.039017713             0.014699355
        31         4       248                5.706780812            -0.313595168
        31         4       248                1.479683048            -0.290197426
        31         4       248                0.521634063            -0.152223725
        31         4       248                0.207671509            -0.022964775
        32         1       249               35.403206820            -0.123964719
        32         1       249                6.096725163            -0.151315290
        32         1       249                0.489897881             0.242289957
        32         1       249                0.186712208             0.096564009
        32         2       250                5.706151675             0.718201642
        32         2       250                1.479519922             0.664615687
        32         2       250                0.521576556             0.348625680
        32         2       250                0.207648615             0.052594367
        32         3       251                5.706151675             0.718201642
        32         3       251                1.479519922             0.664615687
        32         3       251                0.521576556             0.348625680
        32         3       251                0.207648615             0.052594367
        32         4       252                5.706151675             0.718201642
        32         4       252                1.479519922             0.664615687
        32         4       252                0.521576556             0.348625680
        32         4       252                0.207648615             0.052594367
        32         1       253                0.383508475            -0.068007048
        32         1       253                0.047072234             0.068138129
        32         1       253                0.022226267             0.010192631
        32         1       253               35.403206820             0.056332694
        32         1       253                6.096725163             0.068761483
        32         1       253                0.489897881            -0.110102666
        32         1       253                0.186712208            -0.043881121
        32         2       254                1.830620747            -0.035170697
        32         2       254                0.101246702             0.046356197
        32         2       254                0.039017713             0.014699604
        32         2       254                5.706151675            -0.313585134
        32         2       254                1.479519922            -0.290188141
        32         2       254                0.521576556            -0.152218854
        32         2       254                0.207648615            -0.022964041
        32         3       255                1.830620747            -0.035170697
        32         3       255                0.101246702             0.046356197
        32         3       255                0.039017713             0.014699604
        32         3       255                5.706151675            -0.313585134
        32         3       255                1.479519922            -0.290188141
        32         3       255                0.521576556            -0.152218854
        32         3       255                0.207648615            -0.022964041
        32         4       256                1.830620747            -0.035170697
        32         4       256                0.101246702             0.046356197
        32         4       256                0.039017713             0.014699604
        32         4       256                5.706151675            -0.313585134
        32         4       256                1.479519922            -0.290188141
        32         4       256                0.521576556            -0.152218854
        32         4       256                0.207648615            -0.022964041
        33         1       257               34.949659933            -0.122771727
        33         1       257                6.018620637            -0.149859086
        33         1       257                0.483621849             0.239958245
        33         1       257                0.184320257             0.095634712
        33         2       258                5.633050745             0.706719108
        33         2       258                1.460565943             0.653989880
        33         2       258                0.514894692             0.343051889
        33         2       258                0.204988449             0.051753494
        33         3       259                5.633050745             0.706719108
        33         3       259                1.460565943             0.653989880
        33         3       259                0.514894692             0.343051889
        33         3       259                0.204988449             0.051753494
        33         4       260                5.633050745             0.706719108
        33         4       260                1.460565943             0.653989880
        33         4       260                0.514894692             0.343051889
        33         4       260                0.204988449             0.051753494
        33         1       261                0.383508475            -0.068152067
        33         1       261                0.047072234             0.068283427
        33         1       261                0.022226267             0.010214366
        33         1       261               34.949659933             0.056482101
        33         1       261                6.018620637             0.068943854
        33         1       261                0.483621849            -0.110394684
        33         1       261                0.184320257            -0.043997504
        33         2       262                1.830620747            -0.035241140
        33         2       262                0.101246702             0.046449044
        33         2       262                0.039017713             0.014729046
        33         2       262                5.633050745            -0.312411471
        33         2       262                1.460565943            -0.289102046
        33         2       262                0.514894692            -0.151649140
        33         2       262                0.204988449            -0.022878092
        33         3       263                1.830620747            -0.035241140
        33         3       263                0.101246702             0.046449044
        33         3       263                0.039017713             0.014729046
        33         3       263                5.633050745            -0.312411471
        33         3       263                1.460565943            -0.289102046
        33         3       263                0.514894692            -0.151649140
        33         3       263                0.204988449            -0.022878092
        33         4       264                1.830620747            -0.035241140
        33         4       264                0.101246702             0.046449044
        33         4       264                0.039017713             0.014729046
        33         4       264                5.633050745            -0.312411471
        33         4       264                1.460565943            -0.289102046
        33         4       264                0.514894692            -0.151649140
        33         4       264                0.204988449            -0.022878092
        34         1       265               34.914270310            -0.122678477
        34         1       265                6.012526251            -0.149745262
        34         1       265                0.483132139             0.239775988
        34         1       265                0.184133617             0.095562074
        34         2       266                5.627346783             0.705824702
        34         2       266                1.459086991             0.653162207
        34         2       266                0.514373316             0.342617731
        34         2       266                0.204780880             0.051687996
        34         3       267                5.627346783             0.705824702
        34         3       267                1.459086991             0.653162207
        34         3       267                0.514373316             0.342617731
        34         3       267                0.204780880             0.051687996
        34         4       268                5.627346783             0.705824702
        34         4       268                1.459086991             0.653162207
        34         4       268                0.514373316             0.342617731
        34         4       268                0.204780880             0.051687996
        34         1       269                0.383508475            -0.068163594
        34         1       269                0.047072234             0.068294976
        34         1       269                0.022226267             0.010216094
        34         1       269               34.914270310             0.056493826
        34         1       269                6.012526251             0.068958166
        34         1       269                0.483132139            -0.110417600
        34         1       269                0.184133617            -0.044006637
        34         2       270                1.830620747            -0.035246740
        34         2       270                0.101246702             0.046456424
        34         2       270                0.039017713             0.014731386
        34         2       270                5.627346783            -0.312319235
        34         2       270                1.459086991            -0.289016692
        34         2       270                0.514373316            -0.151604368
        34         2       270                0.204780880            -0.022871338
        34         3       271                1.830620747            -0.035246740
        34         3       271                0.101246702             0.046456424
        34         3       271                0.039017713             0.014731386
        34         3       271                5.627346783            -0.312319235
        34         3       271                1.459086991            -0.289016692
        34         3       271                0.514373316            -0.151604368
        34         3       271                0.204780880            -0.022871338
        34         4       272                1.830620747            -0.035246740
        34         4       272                0.101246702             0.046456424
        34         4       272                0.039017713             0.014731386
        34         4       272                5.627346783            -0.312319235
        34         4       272                1.459086991            -0.289016692
        34         4       272                0.514373316            -0.151604368
        34         4       272                0.204780880            -0.022871338
        35         1       273               35.103826112            -0.123177672
        35         1       273                6.045169328            -0.150354594
        35         1       273                0.485755149             0.240751667
        35         1       273                0.185133311             0.095950928
        35         2       274                5.657898652             0.710618008
        35         2       274                1.467008634             0.657597878
        35         2       274                0.517165940             0.344944473
        35         2       274                0.205892672             0.052039013
        35         3       275                5.657898652             0.710618008
        35         3       275                1.467008634             0.657597878
        35         3       275                0.517165940             0.344944473
        35         3       275                0.205892672             0.052039013
        35         4       276                5.657898652             0.710618008
        35         4       276                1.467008634             0.657597878
        35         4       276                0.517165940             0.344944473
        35         4       276                0.205892672             0.052039013
        35         1       277                0.383508475            -0.068102213
        35         1       277                0.047072234             0.068233477
        35         1       277                0.022226267             0.010206894
        35         1       277               35.103826112             0.056431139
        35         1       277                6.045169328             0.068881647
        35         1       277                0.485755149            -0.110295076
        35         1       277                0.185133311            -0.043957805
        35         2       278                1.830620747            -0.035216923
        35         2       278                0.101246702             0.046417125
        35         2       278                0.039017713             0.014718924
        35         2       278                5.657898652            -0.312812161
        35         2       278                1.467008634            -0.289472840
        35         2       278                0.517165940            -0.151843641
        35         2       278                0.205892672            -0.022907435
        35         3       279                1.830620747            -0.035216923
        35         3       279                0.101246702             0.046417125
        35         3       279                0.039017713             0.014718924
        35         3       279                5.657898652            -0.312812161
        35         3       279                1.467008634            -0.289472840
        35         3       279                0.517165940            -0.151843641
        35         3       279                0.205892672            -0.022907435
        35         4       280                1.830620747            -0.035216923
        35         4       280                0.101246702             0.046417125
        35         4       280                0.039017713             0.014718924
        35         4       280                5.657898652            -0.312812161
        35         4       280                1.467008634            -0.289472840
        35         4       280                0.517165940            -0.151843641
        35         4       280                0.205892672            -0.022907435
        36         1       281               57.065520513            -0.177335828
        36         1       281                9.827154830            -0.216461767
        36         1       281                0.789653822             0.346604183
        36         1       281                0.300956617             0.138138163
        36         2       282                6.726425664             0.882160663
        36         2       282                1.744061733             0.816341514
        36         2       282                0.614835731             0.428213810
        36         2       282                0.244776699             0.064601191
        36         3       283                6.726425664             0.882160663
        36         3       283                1.744061733             0.816341514
        36         3       283                0.614835731             0.428213810
        36         3       283                0.244776699             0.064601191
        36         4       284                6.726425664             0.882160663
        36         4       284                1.744061733             0.816341514
        36         4       284                0.614835731             0.428213810
        36         4       284                0.244776699             0.064601191
        36         1       285                0.478949873            -0.077614279
        36         1       285                0.058786811             0.077763877
        36         1       285                0.027757581             0.011632526
        36         1       285               57.065520513             0.062943129
        36         1       285                9.827154830             0.076830391
        36         1       285                0.789653822            -0.123022810
        36         1       285                0.300956617            -0.049030409
        36         2       286                2.286196081            -0.046865213
        36         2       286                0.126443347             0.061769974
        36         2       286                0.048727812             0.019587331
        36         2       286                6.726425664            -0.407058920
        36         2       286                1.744061733            -0.376687727
        36         2       286                0.614835731            -0.197592410
        36         2       286                0.244776699            -0.029809186
        36         3       287                2.286196081            -0.046865213
        36         3       287                0.126443347             0.061769974
        36         3       287                0.048727812             0.019587331
        36         3       287                6.726425664            -0.407058920
        36         3       287                1.744061733            -0.376687727
        36         3       287                0.614835731            -0.197592410
        36         3       287                0.244776699            -0.029809186
        36         4       288                2.286196081            -0.046865213
        36         4       288                0.126443347             0.061769974
        36         4       288                0.048727812             0.019587331
        36         4       288                6.726425664            -0.407058920
        36         4       288                1.744061733            -0.376687727
        36         4       288                0.614835731            -0.197592410
        36         4       288                0.244776699            -0.029809186
        37         1       289               35.830588746            -0.125085396
        37         1       289                6.170323868            -0.152683224
        37         1       289                0.495811851             0.244480328
        37         1       289                0.188966169             0.097436976
        37         2       290                5.775035437             0.729055467
        37         2       290                1.497380454             0.674659695
        37         2       290                0.527872946             0.353894288
        37         2       290                0.210155316             0.053389199
        37         3       291                5.775035437             0.729055467
        37         3       291                1.497380454             0.674659695
        37         3       291                0.527872946             0.353894288
        37         3       291                0.210155316             0.053389199
        37         4       292                5.775035437             0.729055467
        37         4       292                1.497380454             0.674659695
        37         4       292                0.527872946             0.353894288
        37         4       292                0.210155316             0.053389199
        37         1       293                0.383508475            -0.067874853
        37         1       293                0.047072234             0.068005678
        37         1       293                0.022226267             0.010172818
        37         1       293               35.830588746             0.056193328
        37         1       293                6.170323868             0.068591368
        37         1       293                0.495811851            -0.109830273
        37         1       293                0.188966169            -0.043772559
        37         2       294                1.830620747            -0.035106485
        37         2       294                0.101246702             0.046271563
        37         2       294                0.039017713             0.014672766
        37         2       294                5.775035437            -0.314676944
        37         2       294                1.497380454            -0.291198489
        37         2       294                0.527872946            -0.152748834
        37         2       294                0.210155316            -0.023043994
        37         3       295                1.830620747            -0.035106485
        37         3       295                0.101246702             0.046271563
        37         3       295                0.039017713             0.014672766
        37         3       295                5.775035437            -0.314676944
        37         3       295                1.497380454            -0.291198489
        37         3       295                0.527872946            -0.152748834
        37         3       295                0.210155316            -0.023043994
        37         4       296                1.830620747            -0.035106485
        37         4       296                0.101246702             0.046271563
        37         4       296                0.039017713             0.014672766
        37         4       296                5.775035437            -0.314676944
        37         4       296                1.497380454            -0.291198489
        37         4       296                0.527872946            -0.152748834
        37         4       296                0.210155316            -0.023043994
        38         1       297               35.004256549            -0.122915540
        38         1       297                6.028022626            -0.150034628
        38         1       297                0.484377339             0.240239329
        38         1       297                0.184608193             0.095746737
        38         2       298                5.641850416             0.708099379
        38         2       298                1.462847566             0.655267167
        38         2       298                0.515699035             0.343721893
        38         2       298                0.205308672             0.051854572
        38         3       299                5.641850416             0.708099379
        38         3       299                1.462847566             0.655267167
        38         3       299                0.515699035             0.343721893
        38         3       299                0.205308672             0.051854572
        38         4       300                5.641850416             0.708099379
        38         4       300                1.462847566             0.655267167
        38         4       300                0.515699035             0.343721893
        38         4       300                0.205308672             0.051854572
        38         1       301                0.383508475            -0.068134345
        38         1       301                0.047072234             0.068265670
        38         1       301                0.022226267             0.010211710
        38         1       301               35.004256549             0.056464032
        38         1       301                6.028022626             0.068921798
        38         1       301                0.484377339            -0.110359367
        38         1       301                0.184608193            -0.043983428
        38         2       302                1.830620747            -0.035232532
        38         2       302                0.101246702             0.046437697
        38         2       302                0.039017713             0.014725448
        38         2       302                5.641850416            -0.312553578
        38         2       302                1.462847566            -0.289233551
        38         2       302                0.515699035            -0.151718121
        38         2       302                0.205308672            -0.022888499
        38         3       303                1.830620747            -0.035232532
        38         3       303                0.101246702             0.046437697
        38         3       303                0.039017713             0.014725448
        38         3       303                5.641850416            -0.312553578
        38         3       303                1.462847566            -0.289233551
        38         3       303                0.515699035            -0.151718121
        38         3       303                0.205308672            -0.022888499
        38         4       304                1.830620747            -0.035232532
        38         4       304                0.101246702             0.046437697
        38         4       304                0.039017713             0.014725448
        38         4       304                5.641850416            -0.312553578
        38         4       304                1.462847566            -0.289233551
        38         4       304                0.515699035            -0.151718121
        38         4       304                0.205308672            -0.022888499
        39         1       305                8.308982510             0.197949937
        39         1       305                1.520441429             0.253861453
        39         1       305                0.422395278             0.198976225
        39         1       305                0.140189196             0.047618028
        39         1       306                0.929368223            -0.045420208
        39         1       306                0.056434396             0.055244540
        39         1       306                0.021665996             0.020712186
        39         1       306                8.308982510            -0.101229611
        39         1       306                1.520441429            -0.129822199
        39         1       306                0.422395278            -0.101754444
        39         1       306                0.140189196            -0.024351382
        39         2       307                0.647373957             0.047289126
        39         2       307                0.167854400             0.043760823
        39         2       307                0.059173870             0.022954840
        39         2       307                0.023558137             0.003463013
        39         3       308                0.647373957             0.047289126
        39         3       308                0.167854400             0.043760823
        39         3       308                0.059173870             0.022954840
        39         3       308                0.023558137             0.003463013
        39         4       309                0.647373957             0.047289126
        39         4       309                0.167854400             0.043760823
        39         4       309                0.059173870             0.022954840
        39         4       309                0.023558137             0.003463013
        40         1       310                8.309434615             0.197958015
        40         1       310                1.520524159             0.253871813
        40         1       310                0.422418261             0.198984344
        40         1       310                0.140196823             0.047619971
        40         1       311                0.929368223            -0.045419816
        40         1       311                0.056434396             0.055244063
        40         1       311                0.021665996             0.020712007
        40         1       311                8.309434615            -0.101229523
        40         1       311                1.520524159            -0.129822087
        40         1       311                0.422418261            -0.101754356
        40         1       311                0.140196823            -0.024351361
        40         2       312                0.647373957             0.047289126
        40         2       312                0.167854400             0.043760823
        40         2       312                0.059173870             0.022954840
        40         2       312                0.023558137             0.003463013
        40         3       313                0.647373957             0.047289126
        40         3       313                0.167854400             0.043760823
        40         3       313                0.059173870             0.022954840
        40         3       313                0.023558137             0.003463013
        40         4       314                0.647373957             0.047289126
        40         4       314                0.167854400             0.043760823
        40         4       314                0.059173870             0.022954840
        40         4       314                0.023558137             0.003463013
        41         1       315                8.309416107             0.197957684
        41         1       315                1.520520772             0.253871389
        41         1       315                0.422417320             0.198984012
        41         1       315                0.140196511             0.047619892
        41         1       316                0.929368223            -0.045419832
        41         1       316                0.056434396             0.055244082
        41         1       316                0.021665996             0.020712014
        41         1       316                8.309416107            -0.101229527
        41         1       316                1.520520772            -0.129822091
        41         1       316                0.422417320            -0.101754360
        41         1       316                0.140196511            -0.024351361
        41         2       317                0.647373957             0.047289126
        41         2       317                0.167854400             0.043760823
        41         2       317                0.059173870             0.022954840
        41         2       317                0.023558137             0.003463013
        41         3       318                0.647373957             0.047289126
        41         3       318                0.167854400             0.043760823
        41         3       318                0.059173870             0.022954840
        41         3       318                0.023558137             0.003463013
        41         4       319                0.647373957             0.047289126
        41         4       319                0.167854400             0.043760823
        41         4       319                0.059173870             0.022954840
        41         4       319                0.023558137             0.003463013
        42         1       320                8.308992596             0.197950117
        42         1       320                1.520443275             0.253861684
        42         1       320                0.422395791             0.198976406
        42         1       320                0.140189366             0.047618072
        42         1       321                0.929368223            -0.045420200
        42         1       321                0.056434396             0.055244529
        42         1       321                0.021665996             0.020712182
        42         1       321                8.308992596            -0.101229609
        42         1       321                1.520443275            -0.129822197
        42         1       321                0.422395791            -0.101754442
        42         1       321                0.140189366            -0.024351381
        42         2       322                0.647373957             0.047289126
        42         2       322                0.167854400             0.043760823
        42         2       322                0.059173870             0.022954840
        42         2       322                0.023558137             0.003463013
        42         3       323                0.647373957             0.047289126
        42         3       323                0.167854400             0.043760823
        42         3       323                0.059173870             0.022954840
        42         3       323                0.023558137             0.003463013
        42         4       324                0.647373957             0.047289126
        42         4       324                0.167854400             0.043760823
        42         4       324                0.059173870             0.022954840
        42         4       324                0.023558137             0.003463013
        43         1       325                8.309719797             0.197963110
        43         1       325                1.520576344             0.253878347
        43         1       325                0.422432759             0.198989466
        43         1       325                0.140201635             0.047621197
        43         1       326                0.929368223            -0.045419569
        43         1       326                0.056434396             0.055243762
        43         1       326                0.021665996             0.020711894
        43         1       326                8.309719797            -0.101229468
        43         1       326                1.520576344            -0.129822016
        43         1       326                0.422432759            -0.101754300
        43         1       326                0.140201635            -0.024351347
        43         2       327                0.647373957             0.047289126
        43         2       327                0.167854400             0.043760823
        43         2       327                0.059173870             0.022954840
        43         2       327                0.023558137             0.003463013
        43         3       328                0.647373957             0.047289126
        43         3       328                0.167854400             0.043760823
        43         3       328                0.059173870             0.022954840
        43         3       328                0.023558137             0.003463013
        43         4       329                0.647373957             0.047289126
        43         4       329                0.167854400             0.043760823
        43         4       329                0.059173870             0.022954840
        43         4       329                0.023558137             0.003463013
        44         1       330                8.309437886             0.197958073
        44         1       330                1.520524757             0.253871888
        44         1       330                0.422418427             0.198984403
        44         1       330                0.140196879             0.047619985
        44         1       331                0.929368223            -0.045419813
        44         1       331                0.056434396             0.055244059
        44         1       331                0.021665996             0.020712006
        44         1       331                8.309437886            -0.101229523
        44         1       331                1.520524757            -0.129822086
        44         1       331                0.422418427            -0.101754355
        44         1       331                0.140196879            -0.024351360
        44         2       332                0.647373957             0.047289126
        44         2       332                0.167854400             0.043760823
        44         2       332                0.059173870             0.022954840
        44         2       332                0.023558137             0.003463013
        44         3       333                0.647373957             0.047289126
        44         3       333                0.167854400             0.043760823
        44         3       333                0.059173870             0.022954840
        44         3       333                0.023558137             0.003463013
        44         4       334                0.647373957             0.047289126
        44         4       334                0.167854400             0.043760823
        44         4       334                0.059173870             0.022954840
        44         4       334                0.023558137             0.003463013
        45         1       335                8.309037408             0.197950918
        45         1       335                1.520451475             0.253862711
        45         1       335                0.422398069             0.198977211
        45         1       335                0.140190122             0.047618264
        45         1       336                0.929368223            -0.045420161
        45         1       336                0.056434396             0.055244482
        45         1       336                0.021665996             0.020712164
        45         1       336                8.309037408            -0.101229600
        45         1       336                1.520451475            -0.129822185
        45         1       336                0.422398069            -0.101754433
        45         1       336                0.140190122            -0.024351379
        45         2       337                0.647373957             0.047289126
        45         2       337                0.167854400             0.043760823
        45         2       337                0.059173870             0.022954840
        45         2       337                0.023558137             0.003463013
        45         3       338                0.647373957             0.047289126
        45         3       338                0.167854400             0.043760823
        45         3       338                0.059173870             0.022954840
        45         3       338                0.023558137             0.003463013
        45         4       339                0.647373957             0.047289126
        45         4       339                0.167854400             0.043760823
        45         4       339                0.059173870             0.022954840
        45         4       339                0.023558137             0.003463013
        46         1       340                8.308920251             0.197948824
        46         1       340                1.520430037             0.253860026
        46         1       340                0.422392113             0.198975106
        46         1       340                0.140188145             0.047617761
        46         1       341                0.929368223            -0.045420262
        46         1       341                0.056434396             0.055244606
        46         1       341                0.021665996             0.020712211
        46         1       341                8.308920251            -0.101229623
        46         1       341                1.520430037            -0.129822215
        46         1       341                0.422392113            -0.101754456
        46         1       341                0.140188145            -0.024351385
        46         2       342                0.647373957             0.047289126
        46         2       342                0.167854400             0.043760823
        46         2       342                0.059173870             0.022954840
        46         2       342                0.023558137             0.003463013
        46         3       343                0.647373957             0.047289126
        46         3       343                0.167854400             0.043760823
        46         3       343                0.059173870             0.022954840
        46         3       343                0.023558137             0.003463013
        46         4       344                0.647373957             0.047289126
        46         4       344                0.167854400             0.043760823
        46         4       344                0.059173870             0.022954840
        46         4       344                0.023558137             0.003463013
        47         1       345                8.308884405             0.197948184
        47         1       345                1.520423477             0.253859205
        47         1       345                0.422390291             0.198974463
        47         1       345                0.140187540             0.047617607
        47         1       346                0.929368223            -0.045420294
        47         1       346                0.056434396             0.055244644
        47         1       346                0.021665996             0.020712225
        47         1       346                8.308884405            -0.101229630
        47         1       346                1.520423477            -0.129822223
        47         1       346                0.422390291            -0.101754463
        47         1       346                0.140187540            -0.024351386
        47         2       347                0.647373957             0.047289126
        47         2       347                0.167854400             0.043760823
        47         2       347                0.059173870             0.022954840
        47         2       347                0.023558137             0.003463013
        47         3       348                0.647373957             0.047289126
        47         3       348                0.167854400             0.043760823
        47         3       348                0.059173870             0.022954840
        47         3       348                0.023558137             0.003463013
        47         4       349                0.647373957             0.047289126
        47         4       349                0.167854400             0.043760823
        47         4       349                0.059173870             0.022954840
        47         4       349                0.023558137             0.003463013
        48         1       350                8.308604054             0.197943174
        48         1       350                1.520372176             0.253852781
        48         1       350                0.422376039             0.198969427
        48         1       350                0.140182810             0.047616402
        48         1       351                0.929368223            -0.045420537
        48         1       351                0.056434396             0.055244939
        48         1       351                0.021665996             0.020712336
        48         1       351                8.308604054            -0.101229684
        48         1       351                1.520372176            -0.129822293
        48         1       351                0.422376039            -0.101754518
        48         1       351                0.140182810            -0.024351399
        48         2       352                0.647373957             0.047289126
        48         2       352                0.167854400             0.043760823
        48         2       352                0.059173870             0.022954840
        48         2       352                0.023558137             0.003463013
        48         3       353                0.647373957             0.047289126
        48         3       353                0.167854400             0.043760823
        48         3       353                0.059173870             0.022954840
        48         3       353                0.023558137             0.003463013
        48         4       354                0.647373957             0.047289126
        48         4       354                0.167854400             0.043760823
        48         4       354                0.059173870             0.022954840
        48         4       354                0.023558137             0.003463013
        49         1       355                8.308776461             0.197946255
        49         1       355                1.520403725             0.253856731
        49         1       355                0.422384803             0.198972524
        49         1       355                0.140185719             0.047617143
        49         1       356                0.929368223            -0.045420387
        49         1       356                0.056434396             0.055244757
        49         1       356                0.021665996             0.020712267
        49         1       356                8.308776461            -0.101229651
        49         1       356                1.520403725            -0.129822250
        49         1       356                0.422384803            -0.101754484
        49         1       356                0.140185719            -0.024351391
        49         2       357                0.647373957             0.047289126
        49         2       357                0.167854400             0.043760823
        49         2       357                0.059173870             0.022954840
        49         2       357                0.023558137             0.003463013
        49         3       358                0.647373957             0.047289126
        49         3       358                0.167854400             0.043760823
        49         3       358                0.059173870             0.022954840
        49         3       358                0.023558137             0.003463013
        49         4       359                0.647373957             0.047289126
        49         4       359                0.167854400             0.043760823
        49         4       359                0.059173870             0.022954840
        49         4       359                0.023558137             0.003463013
        50         1       360                8.308943090             0.197949232
        50         1       360                1.520434216             0.253860550
        50         1       360                0.422393274             0.198975517
        50         1       360                0.140188530             0.047617859
        50         1       361                0.929368223            -0.045420243
        50         1       361                0.056434396             0.055244582
        50         1       361                0.021665996             0.020712201
        50         1       361                8.308943090            -0.101229618
        50         1       361                1.520434216            -0.129822209
        50         1       361                0.422393274            -0.101754452
        50         1       361                0.140188530            -0.024351384
        50         2       362                0.647373957             0.047289126
        50         2       362                0.167854400             0.043760823
        50         2       362                0.059173870             0.022954840
        50         2       362                0.023558137             0.003463013
        50         3       363                0.647373957             0.047289126
        50         3       363                0.167854400             0.043760823
        50         3       363                0.059173870             0.022954840
        50         3       363                0.023558137             0.003463013
        50         4       364                0.647373957             0.047289126
        50         4       364                0.167854400             0.043760823
        50         4       364                0.059173870             0.022954840
        50         4       364                0.023558137             0.003463013
        51         1       365                8.310201603             0.197971719
        51         1       365                1.520664508             0.253889387
        51         1       365                0.422457252             0.198998120
        51         1       365                0.140209764             0.047623268
        51         1       366                0.929368223            -0.045419150
        51         1       366                0.056434396             0.055243253
        51         1       366                0.021665996             0.020711703
        51         1       366                8.310201603            -0.101229374
        51         1       366                1.520664508            -0.129821896
        51         1       366                0.422457252            -0.101754207
        51         1       366                0.140209764            -0.024351325
        51         2       367                0.647373957             0.047289126
        51         2       367                0.167854400             0.043760823
        51         2       367                0.059173870             0.022954840
        51         2       367                0.023558137             0.003463013
        51         3       368                0.647373957             0.047289126
        51         3       368                0.167854400             0.043760823
        51         3       368                0.059173870             0.022954840
        51         3       368                0.023558137             0.003463013
        51         4       369                0.647373957             0.047289126
        51         4       369                0.167854400             0.043760823
        51         4       369                0.059173870             0.022954840
        51         4       369                0.023558137             0.003463013
        52         1       370                8.310592830             0.197978709
        52         1       370                1.520736098             0.253898352
        52         1       370                0.422477140             0.199005146
        52         1       370                0.140216365             0.047624949
        52         1       371                0.929368223            -0.045418811
        52         1       371                0.056434396             0.055242840
        52         1       371                0.021665996             0.020711549
        52         1       371                8.310592830            -0.101229299
        52         1       371                1.520736098            -0.129821799
        52         1       371                0.422477140            -0.101754130
        52         1       371                0.140216365            -0.024351307
        52         2       372                0.647373957             0.047289126
        52         2       372                0.167854400             0.043760823
        52         2       372                0.059173870             0.022954840
        52         2       372                0.023558137             0.003463013
        52         3       373                0.647373957             0.047289126
        52         3       373                0.167854400             0.043760823
        52         3       373                0.059173870             0.022954840
        52         3       373                0.023558137             0.003463013
        52         4       374                0.647373957             0.047289126
        52         4       374                0.167854400             0.043760823
        52         4       374                0.059173870             0.022954840
        52         4       374                0.023558137             0.003463013
        53         1       375                8.309295473             0.197955529
        53         1       375                1.520498698             0.253868624
        53         1       375                0.422411188             0.198981845
        53         1       375                0.140194476             0.047619373
        53         1       376                0.929368223            -0.045419937
        53         1       376                0.056434396             0.055244210
        53         1       376                0.021665996             0.020712062
        53         1       376                8.309295473            -0.101229550
        53         1       376                1.520498698            -0.129822121
        53         1       376                0.422411188            -0.101754383
        53         1       376                0.140194476            -0.024351367
        53         2       377                0.647373957             0.047289126
        53         2       377                0.167854400             0.043760823
        53         2       377                0.059173870             0.022954840
        53         2       377                0.023558137             0.003463013
        53         3       378                0.647373957             0.047289126
        53         3       378                0.167854400             0.043760823
        53         3       378                0.059173870             0.022954840
        53         3       378                0.023558137             0.003463013
        53         4       379                0.647373957             0.047289126
        53         4       379                0.167854400             0.043760823
        53         4       379                0.059173870             0.022954840
        53         4       379                0.023558137             0.003463013
        54         1       380                8.308996601             0.197950188
        54         1       380                1.520444008             0.253861776
        54         1       380                0.422395994             0.198976478
        54         1       380                0.140189433             0.047618089
        54         1       381                0.929368223            -0.045420196
        54         1       381                0.056434396             0.055244525
        54         1       381                0.021665996             0.020712180
        54         1       381                8.308996601            -0.101229608
        54         1       381                1.520444008            -0.129822196
        54         1       381                0.422395994            -0.101754441
        54         1       381                0.140189433            -0.024351381
        54         2       382                0.647373957             0.047289126
        54         2       382                0.167854400             0.043760823
        54         2       382                0.059173870             0.022954840
        54         2       382                0.023558137             0.003463013
        54         3       383                0.647373957             0.047289126
        54         3       383                0.167854400             0.043760823
        54         3       383                0.059173870             0.022954840
        54         3       383                0.023558137             0.003463013
        54         4       384                0.647373957             0.047289126
        54         4       384                0.167854400             0.043760823
        54         4       384                0.059173870             0.022954840
        54         4       384                0.023558137             0.003463013
        55         1       385                8.308911451             0.197948667
        55         1       385                1.520428426             0.253859825
        55         1       385                0.422391666             0.198974948
        55         1       385                0.140187997             0.047617723
        55         1       386                0.929368223            -0.045420270
        55         1       386                0.056434396             0.055244615
        55         1       386                0.021665996             0.020712214
        55         1       386                8.308911451            -0.101229625
        55         1       386                1.520428426            -0.129822217
        55         1       386                0.422391666            -0.101754458
        55         1       386                0.140187997            -0.024351385
        55         2       387                0.647373957             0.047289126
        55         2       387                0.167854400             0.043760823
        55         2       387                0.059173870             0.022954840
        55         2       387                0.023558137             0.003463013
        55         3       388                0.647373957             0.047289126
        55         3       388                0.167854400             0.043760823
        55         3       388                0.059173870             0.022954840
        55         3       388                0.023558137             0.003463013
        55         4       389                0.647373957             0.047289126
        55         4       389                0.167854400             0.043760823
        55         4       389                0.059173870             0.022954840
        55         4       389                0.023558137             0.003463013
        56         1       390                8.308880413             0.197948112
        56         1       390                1.520422747             0.253859113
        56         1       390                0.422390088             0.198974391
        56         1       390                0.140187473             0.047617589
        56         1       391                0.929368223            -0.045420297
        56         1       391                0.056434396             0.055244648
        56         1       391                0.021665996             0.020712226
        56         1       391                8.308880413            -0.101229631
        56         1       391                1.520422747            -0.129822224
        56         1       391                0.422390088            -0.101754464
        56         1       391                0.140187473            -0.024351386
        56         2       392                0.647373957             0.047289126
        56         2       392                0.167854400             0.043760823
        56         2       392                0.059173870             0.022954840
        56         2       392                0.023558137             0.003463013
        56         3       393                0.647373957             0.047289126
        56         3       393                0.167854400             0.043760823
        56         3       393                0.059173870             0.022954840
        56         3       393                0.023558137             0.003463013
        56         4       394                0.647373957             0.047289126
        56         4       394                0.167854400             0.043760823
        56         4       394                0.059173870             0.022954840
        56         4       394                0.023558137             0.003463013
        57         1       395                8.308615062             0.197943371
        57         1       395                1.520374191             0.253853033
        57         1       395                0.422376598             0.198969625
        57         1       395                0.140182996             0.047616449
        57         1       396                0.929368223            -0.045420527
        57         1       396                0.056434396             0.055244928
        57         1       396                0.021665996             0.020712331
        57         1       396                8.308615062            -0.101229682
        57         1       396                1.520374191            -0.129822290
        57         1       396                0.422376598            -0.101754516
        57         1       396                0.140182996            -0.024351399
        57         2       397                0.647373957             0.047289126
        57         2       397                0.167854400             0.043760823
        57         2       397                0.059173870             0.022954840
        57         2       397                0.023558137             0.003463013
        57         3       398                0.647373957             0.047289126
        57         3       398                0.167854400             0.043760823
        57         3       398                0.059173870             0.022954840
        57         3       398                0.023558137             0.003463013
        57         4       399                0.647373957             0.047289126
        57         4       399                0.167854400             0.043760823
        57         4       399                0.059173870             0.022954840
        57         4       399                0.023558137             0.003463013
        58         1       400                8.308800597             0.197946686
        58         1       400                1.520408141             0.253857284
        58         1       400                0.422386030             0.198972957
        58         1       400                0.140186126             0.047617246
        58         1       401                0.929368223            -0.045420366
        58         1       401                0.056434396             0.055244732
        58         1       401                0.021665996             0.020712258
        58         1       401                8.308800597            -0.101229646
        58         1       401                1.520408141            -0.129822244
        58         1       401                0.422386030            -0.101754480
        58         1       401                0.140186126            -0.024351390
        58         2       402                0.647373957             0.047289126
        58         2       402                0.167854400             0.043760823
        58         2       402                0.059173870             0.022954840
        58         2       402                0.023558137             0.003463013
        58         3       403                0.647373957             0.047289126
        58         3       403                0.167854400             0.043760823
        58         3       403                0.059173870             0.022954840
        58         3       403                0.023558137             0.003463013
        58         4       404                0.647373957             0.047289126
        58         4       404                0.167854400             0.043760823
        58         4       404                0.059173870             0.022954840
        58         4       404                0.023558137             0.003463013
        59         1       405                8.309019965             0.197950606
        59         1       405                1.520448283             0.253862311
        59         1       405                0.422397182             0.198976897
        59         1       405                0.140189827             0.047618189
        59         1       406                0.929368223            -0.045420176
        59         1       406                0.056434396             0.055244500
        59         1       406                0.021665996             0.020712171
        59         1       406                8.309019965            -0.101229604
        59         1       406                1.520448283            -0.129822190
        59         1       406                0.422397182            -0.101754437
        59         1       406                0.140189827            -0.024351380
        59         2       407                0.647373957             0.047289126
        59         2       407                0.167854400             0.043760823
        59         2       407                0.059173870             0.022954840
        59         2       407                0.023558137             0.003463013
        59         3       408                0.647373957             0.047289126
        59         3       408                0.167854400             0.043760823
        59         3       408                0.059173870             0.022954840
        59         3       408                0.023558137             0.003463013
        59         4       409                0.647373957             0.047289126
        59         4       409                0.167854400             0.043760823
        59         4       409                0.059173870             0.022954840
        59         4       409                0.023558137             0.003463013
        60         1       410                8.309469171             0.197958632
        60         1       410                1.520530482             0.253872604
        60         1       410                0.422420018             0.198984965
        60         1       410                0.140197406             0.047620120
        60         1       411                0.929368223            -0.045419786
        60         1       411                0.056434396             0.055244026
        60         1       411                0.021665996             0.020711993
        60         1       411                8.309469171            -0.101229516
        60         1       411                1.520530482            -0.129822078
        60         1       411                0.422420018            -0.101754349
        60         1       411                0.140197406            -0.024351359
        60         2       412                0.647373957             0.047289126
        60         2       412                0.167854400             0.043760823
        60         2       412                0.059173870             0.022954840
        60         2       412                0.023558137             0.003463013
        60         3       413                0.647373957             0.047289126
        60         3       413                0.167854400             0.043760823
        60         3       413                0.059173870             0.022954840
        60         3       413                0.023558137             0.003463013
        60         4       414                0.647373957             0.047289126
        60         4       414                0.167854400             0.043760823
        60         4       414                0.059173870             0.022954840
        60         4       414                0.023558137             0.003463013
