molecule,environment,method,S1_overlap,T1_overlap,S1_energy_eV,T1_energy_eV,Delta_E_ST_eV,S1_osc_strength,HOMO_LUMO_gap_eV,Delta_S_NTO,Abs_Delta_S_NTO,Char_diff_squared,S_NTO_sum,S_NTO_product,Log_Abs_S1,Log_Abs_T1,S_NTO_ratio,S1_CT_number,S1_Lambda_D,S1_Lambda_A,S1_hole_on_A,S1_particle_on_D,S1_Delta_r,S1_S_he,T1_CT_number,T1_Lambda_D,T1_Lambda_A,T1_hole_on_A,T1_particle_on_D,T1_Delta_r,T1_S_he,Delta_CT_number,Abs_Delta_CT_number,Delta_Lambda_D,Abs_Delta_Lambda_D,Delta_Lambda_A,Abs_Delta_Lambda_A,Delta_Delta_r,Abs_Delta_Delta_r,Delta_S_he,Abs_Delta_S_he
-ph-pCzAnBzt,gas,stda,5.17e-08,8.2e-09,3.217,2.259,0.9580000000000002,0.6059,6.151,-4.35e-08,4.35e-08,1.89225e-15,5.99e-08,4.2394e-16,-7.285670240254767,-8.080921907623926,0.1586073500967118,,,,,,,,,,,,,,,,,,,,,,,,
-ph-pCzAnBzt,gas,stddft,-4.09e-08,-4.25e-08,3.047,2.188,0.859,0.4232,6.151,-1.5999999999999943e-09,1.5999999999999943e-09,2.559999999999982e-18,-8.339999999999999e-08,1.73825e-15,-7.387216143280264,-7.370590400897281,1.039119804400978,,,,,,,,,,,,,,,,,,,,,,,,
-ph-pCzAnBzt,toluene,stda,-2.1e-08,8.66e-08,3.211,2.256,0.955,0.6039,6.212999999999999,1.076e-07,1.076e-07,1.1577759999999999e-14,6.559999999999999e-08,-1.8186e-15,-7.675717544702307,-7.06198090252379,-4.123809523809523,,,,,,,,,,,,,,,,,,,,,,,,
-ph-pCzAnBzt,toluene,stddft,-1.33e-07,1.147e-07,3.044,2.186,0.8580000000000001,0.4253,6.212999999999999,2.477000000000001e-07,2.477000000000001e-07,6.135529000000003e-14,-1.830000000000001e-08,-1.52551e-14,-6.875821944525325,-6.940058111938045,-0.862406015037594,,,,,,,,,,,,,,,,,,,,,,,,
11-AcBPdCN,gas,stda,-7.57e-08,-2.26e-08,2.649,2.066,0.5830000000000002,0.4625,5.601999999999999,5.309999999999999e-08,5.309999999999999e-08,2.8196099999999997e-15,-9.83e-08,1.71082e-15,-7.120330794367947,-7.643974142806877,0.2985468956406869,,,,,,,,,,,,,,,,,,,,,,,,
11-AcBPdCN,gas,stddft,5.78e-08,-5.08e-08,2.56,2.027,0.5329999999999999,0.374,5.601999999999999,-1.086e-07,1.086e-07,1.179396e-14,7.000000000000003e-09,-2.93624e-15,-7.2373214362725635,-7.293282217663242,-0.8788927335640138,,,,,,,,,,,,,,,,,,,,,,,,
11-AcBPdCN,toluene,stda,-8.39e-08,-2.24e-08,2.502,1.915,0.5869999999999997,0.4468,5.413,6.15e-08,6.15e-08,3.78225e-15,-1.063e-07,1.87936e-15,-7.075720713938118,-7.647817481888637,0.2669845053635279,,,,,,,,,,,,,,,,,,,,,,,,
11-AcBPdCN,toluene,stddft,-7.5e-08,1.063e-07,2.411,1.873,0.538,0.3584,5.413,1.8130000000000002e-07,1.8130000000000002e-07,3.2869690000000014e-14,3.1300000000000016e-08,-7.9725e-15,-7.124360062995832,-6.9730583720409705,-1.4173333333333336,,,,,,,,,,,,,,,,,,,,,,,,
12AcCz-PM,gas,stda,3.2e-09,3.28e-08,3.644,3.231,0.4130000000000002,0.9239,6.574000000000001,2.9600000000000004e-08,2.9600000000000004e-08,8.761600000000002e-16,3.6000000000000005e-08,1.0496e-16,-8.481486060122112,-7.482804102050026,10.25,,,,,,,,,,,,,,,,,,,,,,,,
12AcCz-PM,gas,stddft,-2.94e-08,-3.22e-08,3.61,3.205,0.4049999999999998,0.8212,6.574000000000001,-2.799999999999998e-09,2.799999999999998e-09,7.839999999999992e-18,-6.16e-08,9.466799999999998e-16,-7.530177984021837,-7.490797477668897,1.0952380952380951,,,,,,,,,,,,,,,,,,,,,,,,
12AcCz-PM,toluene,stda,-2.02e-08,-1.19e-08,3.557,3.082,0.4750000000000001,1.0864,6.387,8.299999999999998e-09,8.299999999999998e-09,6.888999999999997e-17,-3.21e-08,2.4038e-16,-7.692503962086787,-7.920818753952375,0.5891089108910892,,,,,,,,,,,,,,,,,,,,,,,,
12AcCz-PM,toluene,stddft,-4.5e-09,-4.49e-08,3.523,3.054,0.4690000000000003,0.9838,6.387,-4.04e-08,4.04e-08,1.63216e-15,-4.94e-08,2.0205e-16,-8.337242168318426,-7.346787486224656,9.977777777777778,,,,,,,,,,,,,,,,,,,,,,,,
12BTCzTPN,gas,stda,-1.49e-08,-5.02e-08,3.001,2.722,0.2789999999999999,0.3597,6.142,-3.53e-08,3.53e-08,1.24609e-15,-6.51e-08,7.4798e-16,-7.823908740944319,-7.298432014944073,3.369127516778524,,,,,,,,,,,,,,,,,,,,,,,,
12BTCzTPN,gas,stddft,-1.94e-08,3.77e-08,2.961,2.709,0.2519999999999998,0.3115,6.142,5.71e-08,5.71e-08,3.26041e-15,1.8300000000000002e-08,-7.3138e-16,-7.709965388637482,-7.422508200162775,-1.9432989690721647,,,,,,,,,,,,,,,,,,,,,,,,
12BTCzTPN,toluene,stda,3.07e-08,4.31e-08,3.136,2.866,0.27,0.2972,6.14,1.2400000000000004e-08,1.2400000000000004e-08,1.537600000000001e-16,7.38e-08,1.32317e-15,-7.511449283499556,-7.364516253185088,1.4039087947882738,,,,,,,,,,,,,,,,,,,,,,,,
12BTCzTPN,toluene,stddft,3.82e-08,-3.21e-08,3.105,2.853,0.2519999999999998,0.2776,6.14,-7.03e-08,7.03e-08,4.94209e-15,6.099999999999995e-09,-1.22622e-15,-7.416801226031377,-7.492144128304169,-0.8403141361256545,,,,,,,,,,,,,,,,,,,,,,,,
19a,gas,stda,1.4e-09,3.94e-08,3.408,2.324,1.084,0.2574,6.339999999999999,3.8e-08,3.8e-08,1.4440000000000002e-15,4.08e-08,5.516e-17,-8.823908740944319,-7.403402904373539,28.142857142857142,,,,,,,,,,,,,,,,,,,,,,,,
19a,gas,stddft,5.09e-08,-7.8e-09,3.233,2.254,0.979,0.1726,6.339999999999999,-5.87e-08,5.87e-08,3.44569e-15,4.31e-08,-3.9702e-16,-7.292429823902063,-8.102372908709558,-0.1532416502946955,,,,,,,,,,,,,,,,,,,,,,,,
19a,toluene,stda,3.08e-08,-3.4e-09,3.408,2.325,1.0829999999999995,0.2529,6.345,-3.4199999999999995e-08,3.4199999999999995e-08,1.1696399999999996e-15,2.74e-08,-1.0471999999999999e-16,-7.510041520575165,-8.455931955649724,-0.1103896103896104,,,,,,,,,,,,,,,,,,,,,,,,
19a,toluene,stddft,3.01e-08,7.44e-08,3.233,2.255,0.9780000000000002,0.1699,6.345,4.4300000000000006e-08,4.4300000000000006e-08,1.9624900000000005e-15,1.045e-07,2.23944e-15,-7.519993057042849,-7.127843727251707,2.471760797342193,,,,,,,,,,,,,,,,,,,,,,,,
1CM,gas,stda,6.45e-08,4.33e-08,3.575,3.044,0.5310000000000001,0.0827,7.232999999999999,-2.1200000000000005e-08,2.1200000000000005e-08,4.494400000000003e-16,1.078e-07,2.79285e-15,-7.189767482004916,-7.36251027048749,0.6713178294573643,,,,,,,,,,,,,,,,,,,,,,,,
1CM,gas,stddft,1.77e-08,-4e-09,3.482,3.018,0.4640000000000004,0.0642,7.232999999999999,-2.17e-08,2.17e-08,4.708899999999999e-16,1.37e-08,-7.08e-17,-7.749579997691106,-8.387216143280265,-0.2259887005649717,,,,,,,,,,,,,,,,,,,,,,,,
1CM,toluene,stda,-2.19e-08,9.84e-08,3.57,3.059,0.5109999999999997,0.0823,7.265,1.203e-07,1.203e-07,1.4472089999999996e-14,7.649999999999999e-08,-2.15496e-15,-7.657577319177793,-7.006563769502388,-4.493150684931506,,,,,,,,,,,,,,,,,,,,,,,,
1CM,toluene,stddft,-9.66e-08,-8.1e-09,3.477,3.034,0.443,0.0641,7.265,8.85e-08,8.85e-08,7.83225e-15,-1.047e-07,7.8246e-16,-7.014573525916998,-8.086186147616283,0.0838509316770186,,,,,,,,,,,,,,,,,,,,,,,,
1CzSO,gas,stda,3.61e-08,2.71e-08,3.874,3.426,0.4479999999999999,0.2933,6.896000000000001,-8.999999999999998e-09,8.999999999999998e-09,8.099999999999996e-17,6.32e-08,9.7831e-16,-7.441291429466834,-7.565431095965801,0.7506925207756233,,,,,,,,,,,,,,,,,,,,,,,,
1CzSO,gas,stddft,5.02e-08,-4.95e-08,3.818,3.405,0.4130000000000002,0.2522,6.896000000000001,-9.97e-08,9.97e-08,9.94009e-15,6.999999999999997e-10,-2.4849e-15,-7.298432014944073,-7.304518323509803,-0.9860557768924304,,,,,,,,,,,,,,,,,,,,,,,,
1CzSO,toluene,stda,5.99e-08,1.525e-07,3.879,3.441,0.4380000000000001,0.3875,6.67,9.26e-08,9.26e-08,8.57476e-15,2.124e-07,9.13475e-15,-7.221848749616356,-6.816445466381138,2.5459098497495827,,,,,,,,,,,,,,,,,,,,,,,,
1CzSO,toluene,stddft,-6.14e-08,-6e-10,3.827,3.42,0.407,0.3347,6.67,6.079999999999999e-08,6.079999999999999e-08,3.696639999999999e-15,-6.2e-08,3.684e-17,-7.211124884224583,-9.154901959985745,0.009771986970684,,,,,,,,,,,,,,,,,,,,,,,,
1G-F1,gas,stda,8.27e-08,1.332e-07,5.137,4.331,0.8059999999999992,0.0,8.933,5.05e-08,5.05e-08,2.55025e-15,2.1590000000000002e-07,1.101564e-14,-7.08196966321512,-6.875169850586141,1.6106408706166868,,,,,,,,,,,,,,,,,,,,,,,,
1G-F1,gas,stddft,2.75e-08,-2e-09,5.108,4.284,0.8239999999999998,0.0,8.933,-2.9500000000000006e-08,2.9500000000000006e-08,8.702500000000002e-16,2.55e-08,-5.500000000000001e-17,-7.559090917934782,-8.67778070526608,-0.0727272727272727,,,,,,,,,,,,,,,,,,,,,,,,
1G-F1,toluene,stda,-9.81e-08,4.5e-09,5.152,4.336,0.8159999999999998,0.0004,8.917000000000002,1.026e-07,1.026e-07,1.0526759999999998e-14,-9.36e-08,-4.4144999999999996e-16,-7.00788851221305,-8.337242168318426,-0.0458715596330275,,,,,,,,,,,,,,,,,,,,,,,,
1G-F1,toluene,stddft,-1.52e-08,6.57e-08,5.124,4.289,0.835,0.0004,8.917000000000002,8.09e-08,8.09e-08,6.544810000000001e-15,5.05e-08,-9.9864e-16,-7.815308569182402,-7.181774106386045,-4.322368421052631,,,,,,,,,,,,,,,,,,,,,,,,
1MOBI,gas,stda,4.12e-08,3.8e-09,3.147,2.394,0.7529999999999997,2.6385,6.0600000000000005,-3.74e-08,3.74e-08,1.39876e-15,4.5e-08,1.5656e-16,-7.384049948343599,-8.4089353929735,0.0922330097087378,,,,,,,,,,,,,,,,,,,,,,,,
1MOBI,gas,stddft,-5.55e-08,7.04e-08,3.072,2.34,0.7320000000000002,2.1421,6.0600000000000005,1.2589999999999998e-07,1.2589999999999998e-07,1.5850809999999996e-14,1.4899999999999994e-08,-3.9072e-15,-7.2549252084179425,-7.151810883008602,-1.2684684684684684,,,,,,,,,,,,,,,,,,,,,,,,
1MOBI,toluene,stda,-6.15e-08,-9.11e-08,3.141,2.39,0.7509999999999999,2.5266,6.07,-2.96e-08,2.96e-08,8.7616e-16,-1.526e-07,5.6026500000000004e-15,-7.210419287835575,-7.040005161671584,1.48130081300813,,,,,,,,,,,,,,,,,,,,,,,,
1MOBI,toluene,stddft,9.27e-08,8.81e-08,3.063,2.337,0.726,2.0381,6.07,-4.6000000000000015e-09,4.6000000000000015e-09,2.1160000000000014e-17,1.808e-07,8.16687e-15,-7.032452023781138,-7.054531414868181,0.9503775620280476,,,,,,,,,,,,,,,,,,,,,,,,
1MPA,gas,stda,5.11e-08,5.8e-09,4.09,3.698,0.3919999999999999,0.4386,7.664,-4.53e-08,4.53e-08,2.05209e-15,5.69e-08,2.9638e-16,-7.29073003902417,-8.229147988357855,0.1135029354207436,,,,,,,,,,,,,,,,,,,,,,,,
1MPA,gas,stddft,-2.39e-08,-8.92e-08,4.066,3.681,0.3849999999999998,0.3925,7.664,-6.530000000000001e-08,6.530000000000001e-08,4.264090000000001e-15,-1.131e-07,2.13188e-15,-7.619788758288394,-7.049148541111453,3.7322175732217575,,,,,,,,,,,,,,,,,,,,,,,,
1MPA,toluene,stda,5.4e-08,4e-10,4.137,3.745,0.3919999999999994,0.5543,7.661,-5.3600000000000004e-08,5.3600000000000004e-08,2.8729600000000004e-15,5.44e-08,2.1600000000000002e-17,-7.266802734893431,-9.30102999566398,0.0074074074074074,,,,,,,,,,,,,,,,,,,,,,,,
1MPA,toluene,stddft,-2.28e-08,-9.69e-08,4.116,3.726,0.3899999999999997,0.4982,7.661,-7.410000000000002e-08,7.410000000000002e-08,5.4908100000000006e-15,-1.197e-07,2.20932e-15,-7.640164517660112,-7.013228265733755,4.25,,,,,,,,,,,,,,,,,,,,,,,,
1PCTRz,gas,stda,-3.9e-08,1.45e-08,3.823,3.384,0.439,0.5689,6.17,5.35e-08,5.35e-08,2.8622499999999995e-15,-2.45e-08,-5.655e-16,-7.407823242604133,-7.835647144215563,-0.3717948717948718,,,,,,,,,,,,,,,,,,,,,,,,
1PCTRz,gas,stddft,2.93e-08,3.87e-08,3.766,3.36,0.4060000000000001,0.3981,6.17,9.4e-09,9.4e-09,8.836000000000002e-17,6.8e-08,1.1339100000000001e-15,-7.531652669587842,-7.411168274405792,1.3208191126279865,,,,,,,,,,,,,,,,,,,,,,,,
1PCTRz,toluene,stda,5e-09,9.36e-08,3.808,3.345,0.4629999999999996,0.3658,6.143999999999999,8.86e-08,8.86e-08,7.84996e-15,9.860000000000001e-08,4.68e-16,-8.292429823902063,-7.028260409112222,18.72,,,,,,,,,,,,,,,,,,,,,,,,
1PCTRz,toluene,stddft,3e-10,-8.24e-08,3.745,3.321,0.4239999999999999,0.2509,6.143999999999999,-8.269999999999999e-08,8.269999999999999e-08,6.839289999999999e-15,-8.21e-08,-2.472e-17,-9.397940008672036,-7.0835460514500745,-274.6666666666667,,,,,,,,,,,,,,,,,,,,,,,,
1PXZ-BP,gas,stda,-0.0,-1.07e-07,3.062,2.742,0.3199999999999998,0.3217,4.873999999999999,-1.07e-07,1.07e-07,1.1449e-14,-1.07e-07,0.0,-10.0,-6.970210529168145,1.0,,,,,,,,,,,,,,,,,,,,,,,,
1PXZ-BP,gas,stddft,-3.05e-08,3.65e-08,3.046,2.712,0.3339999999999996,0.2915,4.873999999999999,6.7e-08,6.7e-08,4.489000000000001e-15,6.000000000000001e-09,-1.11325e-15,-7.51427857351842,-7.436518914605589,-1.1967213114754098,,,,,,,,,,,,,,,,,,,,,,,,
1PXZ-BP,toluene,stda,2.09e-08,4.83e-08,3.059,2.756,0.3030000000000004,0.3099,4.861000000000001,2.7400000000000004e-08,2.7400000000000004e-08,7.507600000000002e-16,6.92e-08,1.00947e-15,-7.67778070526608,-7.315154638355588,2.311004784688996,,,,,,,,,,,,,,,,,,,,,,,,
1PXZ-BP,toluene,stddft,-1.51e-08,4.17e-08,3.044,2.725,0.3189999999999999,0.2853,4.861000000000001,5.6800000000000006e-08,5.6800000000000006e-08,3.2262400000000005e-15,2.6600000000000003e-08,-6.2967e-16,-7.818156412055227,-7.378823718224964,-2.76158940397351,,,,,,,,,,,,,,,,,,,,,,,,
1PXZP,gas,stda,-1.3e-09,7.19e-08,2.979,2.742,0.2370000000000001,0.3726,5.429000000000001,7.320000000000002e-08,7.320000000000002e-08,5.358240000000001e-15,7.06e-08,-9.347e-17,-8.853871964321762,-7.142667503568732,-55.30769230769231,,,,,,,,,,,,,,,,,,,,,,,,
1PXZP,gas,stddft,-2.25e-08,1.72e-08,2.96,2.71,0.25,0.335,5.429000000000001,3.97e-08,3.97e-08,1.57609e-15,-5.300000000000001e-09,-3.87e-16,-7.645891560852599,-7.761953896871205,-0.7644444444444444,,,,,,,,,,,,,,,,,,,,,,,,
1PXZP,toluene,stda,2.43e-08,-1.71e-08,2.958,2.72,0.238,0.3802,5.429,-4.14e-08,4.14e-08,1.71396e-15,7.199999999999998e-09,-4.1553e-16,-7.61261017366127,-7.764471553092451,-0.7037037037037037,,,,,,,,,,,,,,,,,,,,,,,,
1PXZP,toluene,stddft,-1.98e-08,1.4e-08,2.938,2.708,0.2299999999999999,0.3406,5.429,3.38e-08,3.38e-08,1.14244e-15,-5.799999999999999e-09,-2.772e-16,-7.701146923590294,-7.85078088734462,-0.7070707070707071,,,,,,,,,,,,,,,,,,,,,,,,
1SBFN,gas,stda,-8.07e-08,-5.3e-09,4.197,3.324,0.8730000000000002,0.9304,7.456,7.54e-08,7.54e-08,5.68516e-15,-8.6e-08,4.2771000000000005e-16,-7.092588639225414,-8.267606240177031,0.0656753407682775,,,,,,,,,,,,,,,,,,,,,,,,
1SBFN,gas,stddft,3.22e-08,3.61e-08,4.124,3.273,0.8509999999999995,0.7501,7.456,3.900000000000002e-09,3.900000000000002e-09,1.5210000000000014e-17,6.83e-08,1.16242e-15,-7.490797477668897,-7.441291429466834,1.1211180124223603,,,,,,,,,,,,,,,,,,,,,,,,
1SBFN,toluene,stda,-9.54e-08,-1.66e-08,4.217,3.339,0.8779999999999997,0.9185,7.471999999999999,7.879999999999999e-08,7.879999999999999e-08,6.209439999999999e-15,-1.12e-07,1.5836399999999998e-15,-7.019996628416254,-7.777283528852417,0.1740041928721174,,,,,,,,,,,,,,,,,,,,,,,,
1SBFN,toluene,stddft,5.97e-08,-9.5e-08,4.145,3.287,0.8579999999999997,0.7499,7.471999999999999,-1.547e-07,1.547e-07,2.393209e-14,-3.5300000000000005e-08,-5.6715e-15,-7.22329881601159,-7.021819483062586,-1.5912897822445562,,,,,,,,,,,,,,,,,,,,,,,,
2-TA-AN,gas,stda,-2.68e-08,1.249e-07,3.404,2.318,1.086,0.3916,6.196000000000001,1.517e-07,1.517e-07,2.3012889999999995e-14,9.810000000000001e-08,-3.3473199999999997e-15,-7.570247719997592,-6.903089986991944,-4.66044776119403,,,,,,,,,,,,,,,,,,,,,,,,
2-TA-AN,gas,stddft,5.63e-08,3.53e-08,3.225,2.245,0.98,0.271,6.196000000000001,-2.1000000000000003e-08,2.1000000000000003e-08,4.410000000000001e-16,9.16e-08,1.98739e-15,-7.248720896016658,-7.450996737974212,0.6269982238010656,,,,,,,,,,,,,,,,,,,,,,,,
2-TA-AN,toluene,stda,9e-10,-2.68e-08,3.41,2.309,1.101,0.3893,6.279000000000001,-2.77e-08,2.77e-08,7.6729e-16,-2.59e-08,-2.412e-17,-9.0,-7.570247719997592,-29.77777777777777,,,,,,,,,,,,,,,,,,,,,,,,
2-TA-AN,toluene,stddft,-5.37e-08,8.83e-08,3.23,2.236,0.9939999999999998,0.2711,6.279000000000001,1.42e-07,1.42e-07,2.0164e-14,3.4600000000000005e-08,-4.74171e-15,-7.269217724333611,-7.053547734986927,-1.644320297951583,,,,,,,,,,,,,,,,,,,,,,,,
23AcCz-PM,gas,stda,1.98e-08,-1.96e-08,3.568,3.234,0.3340000000000001,0.1713,5.978000000000001,-3.94e-08,3.94e-08,1.5523599999999996e-15,1.9999999999999848e-10,-3.8808e-16,-7.701146923590294,-7.705533773838407,-0.98989898989899,,,,,,,,,,,,,,,,,,,,,,,,
23AcCz-PM,gas,stddft,-2.92e-08,-4.61e-08,3.556,3.206,0.3500000000000001,0.1735,5.978000000000001,-1.6900000000000002e-08,1.6900000000000002e-08,2.8561000000000007e-16,-7.53e-08,1.34612e-15,-7.533132379645891,-7.335358024443875,1.5787671232876712,,,,,,,,,,,,,,,,,,,,,,,,
23AcCz-PM,toluene,stda,5.1e-09,9.06e-08,3.601,3.198,0.403,0.267,5.975,8.55e-08,8.55e-08,7.31025e-15,9.57e-08,4.620600000000002e-16,-8.2839966563652,-7.042392712939905,17.764705882352942,,,,,,,,,,,,,,,,,,,,,,,,
23AcCz-PM,toluene,stddft,-6.1e-09,-5.23e-08,3.586,3.17,0.4159999999999999,0.2758,5.975,-4.62e-08,4.62e-08,2.13444e-15,-5.84e-08,3.1903e-16,-8.207608310501746,-7.280668713016273,8.573770491803279,,,,,,,,,,,,,,,,,,,,,,,,
24PQ-Cz,gas,stda,-2.15e-08,-8.57e-08,3.788,3.307,0.4809999999999998,0.0519,6.228000000000001,-6.42e-08,6.42e-08,4.1216400000000004e-15,-1.0720000000000001e-07,1.8425500000000003e-15,-7.665546248849069,-7.066512712151295,3.986046511627907,,,,,,,,,,,,,,,,,,,,,,,,
24PQ-Cz,gas,stddft,-6.81e-08,-8.84e-08,3.769,3.269,0.5,0.4628,6.228000000000001,-2.0300000000000003e-08,2.0300000000000003e-08,4.120900000000001e-16,-1.565e-07,6.020039999999999e-15,-7.166215625343521,-7.053056729302175,1.2980910425844348,,,,,,,,,,,,,,,,,,,,,,,,
24PQ-Cz,toluene,stda,8.5e-09,3.98e-08,3.74,3.305,0.435,0.0291,6.299,3.13e-08,3.13e-08,9.796899999999998e-16,4.83e-08,3.383e-16,-8.065501548756432,-7.399027104313252,4.682352941176471,,,,,,,,,,,,,,,,,,,,,,,,
24PQ-Cz,toluene,stddft,6.79e-08,6.62e-08,3.734,3.266,0.4679999999999999,0.0443,6.299,-1.7000000000000084e-09,1.7000000000000084e-09,2.8900000000000293e-18,1.3410000000000004e-07,4.49498e-15,-7.167491087293763,-7.178486471595227,0.974963181148748,,,,,,,,,,,,,,,,,,,,,,,,
25CzBPym,gas,stda,-2e-08,-3.16e-08,3.221,3.084,0.137,0.066,6.205,-1.1599999999999998e-08,1.1599999999999998e-08,1.3455999999999996e-16,-5.16e-08,6.32e-16,-7.696803942579511,-7.498940737782249,1.5799999999999998,,,,,,,,,,,,,,,,,,,,,,,,
25CzBPym,gas,stddft,-2.56e-08,9.6e-09,3.207,3.076,0.1309999999999997,0.0602,6.205,3.52e-08,3.52e-08,1.23904e-15,-1.6e-08,-2.4576e-16,-7.590066876668706,-8.013228265733755,-0.375,,,,,,,,,,,,,,,,,,,,,,,,
25CzBPym,toluene,stda,2.39e-08,3.7e-09,3.038,2.891,0.1469999999999998,0.0654,6.001,-2.02e-08,2.02e-08,4.0803999999999997e-16,2.76e-08,8.843e-17,-7.619788758288394,-8.42021640338319,0.1548117154811715,,,,,,,,,,,,,,,,,,,,,,,,
25CzBPym,toluene,stddft,-9.7e-09,-4.02e-08,3.022,2.884,0.1379999999999999,0.0585,6.001,-3.05e-08,3.05e-08,9.3025e-16,-4.9900000000000003e-08,3.8994e-16,-8.008773924307505,-7.394694953858891,4.144329896907217,,,,,,,,,,,,,,,,,,,,,,,,
25DAcBPy,gas,stda,1.32e-08,1.88e-08,3.243,3.11,0.133,0.1461,5.004,5.599999999999999e-09,5.599999999999999e-09,3.135999999999999e-17,3.2e-08,2.4816e-16,-7.876148359032914,-7.723538195826756,1.424242424242424,,,,,,,,,,,,,,,,,,,,,,,,
25DAcBPy,gas,stddft,-2.29e-08,-1.51e-08,3.235,3.103,0.1319999999999996,0.1416,5.004,7.8e-09,7.8e-09,6.084e-17,-3.8e-08,3.4579e-16,-7.638272163982407,-7.818156412055227,0.6593886462882096,,,,,,,,,,,,,,,,,,,,,,,,
25DAcBPy,toluene,stda,1.99e-08,-1.87e-08,3.233,2.561,0.6720000000000002,0.2402,5.25,-3.86e-08,3.86e-08,1.48996e-15,1.2000000000000006e-09,-3.7213e-16,-7.698970004336019,-7.72584215073632,-0.9396984924623116,,,,,,,,,,,,,,,,,,,,,,,,
25DAcBPy,toluene,stddft,-3.5e-08,1.16e-07,3.203,2.524,0.6789999999999998,0.3277,5.25,1.5100000000000004e-07,1.5100000000000004e-07,2.2801000000000004e-14,8.1e-08,-4.060000000000001e-15,-7.454692883534176,-6.935167780261426,-3.314285714285714,,,,,,,,,,,,,,,,,,,,,,,,
25tCzBPym,gas,stda,1.8e-08,1.18e-08,3.097,2.961,0.1360000000000001,0.0614,6.035,-6.199999999999999e-09,6.199999999999999e-09,3.843999999999999e-17,2.98e-08,2.1239999999999999e-16,-7.742321425130815,-7.924453038607469,0.6555555555555556,,,,,,,,,,,,,,,,,,,,,,,,
25tCzBPym,gas,stddft,1.12e-08,-5.06e-08,3.083,2.954,0.129,0.0556,6.035,-6.18e-08,6.18e-08,3.8192399999999985e-15,-3.94e-08,-5.6672e-16,-7.94692155651658,-7.294992040666664,-4.517857142857143,,,,,,,,,,,,,,,,,,,,,,,,
25tCzBPym,toluene,stda,-1.21e-08,-1.112e-07,2.939,2.79,0.149,0.0682,5.8870000000000005,-9.910000000000001e-08,9.910000000000001e-08,9.820810000000002e-15,-1.233e-07,1.3455200000000002e-15,-7.913640169325252,-6.953504835665291,9.1900826446281,,,,,,,,,,,,,,,,,,,,,,,,
25tCzBPym,toluene,stddft,3.28e-08,-1.74e-08,2.923,2.783,0.1400000000000001,0.0612,5.8870000000000005,-5.02e-08,5.02e-08,2.52004e-15,1.5400000000000002e-08,-5.7072e-16,-7.482804102050026,-7.756961951313706,-0.5304878048780487,,,,,,,,,,,,,,,,,,,,,,,,
26DAcBPy,gas,stda,5.05e-08,4.66e-08,3.225,2.899,0.326,0.3054,5.328000000000001,-3.900000000000002e-09,3.900000000000002e-09,1.5210000000000014e-17,9.71e-08,2.3533e-15,-7.295849483160201,-7.330683119433888,0.9227722772277228,,,,,,,,,,,,,,,,,,,,,,,,
26DAcBPy,gas,stddft,-9.3e-09,7.02e-08,3.203,2.885,0.318,0.278,5.328000000000001,7.95e-08,7.95e-08,6.320250000000001e-15,6.090000000000001e-08,-6.528600000000001e-16,-8.0268721464003,-7.153044674980176,-7.548387096774194,,,,,,,,,,,,,,,,,,,,,,,,
26DAcBPy,toluene,stda,-7.5e-09,-6.7e-08,3.137,2.816,0.3210000000000002,0.253,5.2010000000000005,-5.9500000000000003e-08,5.9500000000000003e-08,3.5402500000000007e-15,-7.45e-08,5.025e-16,-8.119186407719209,-7.173277479831008,8.933333333333335,,,,,,,,,,,,,,,,,,,,,,,,
26DAcBPy,toluene,stddft,3.75e-08,2.35e-08,3.115,2.802,0.3130000000000001,0.2345,5.2010000000000005,-1.4e-08,1.4e-08,1.9599999999999998e-16,6.1e-08,8.8125e-16,-7.424812155072339,-7.627087997029894,0.6266666666666667,,,,,,,,,,,,,,,,,,,,,,,,
26DCzPPy,gas,stda,8.14e-08,3.47e-08,3.825,3.406,0.419,0.2792,6.99,-4.67e-08,4.67e-08,2.1808900000000002e-15,1.161e-07,2.82458e-15,-7.088842391260023,-7.458420756053419,0.4262899262899263,,,,,,,,,,,,,,,,,,,,,,,,
26DCzPPy,gas,stddft,-4.2e-09,-1.79e-08,3.757,3.382,0.375,0.2369,6.99,-1.37e-08,1.37e-08,1.8769e-16,-2.2100000000000006e-08,7.518000000000001e-17,-8.366531544420413,-7.744727494896693,4.261904761904762,,,,,,,,,,,,,,,,,,,,,,,,
26DCzPPy,toluene,stda,-2.81e-08,5.46e-08,3.869,3.41,0.4590000000000001,0.0019,6.892,8.269999999999999e-08,8.269999999999999e-08,6.839289999999999e-15,2.65e-08,-1.53426e-15,-7.549750891680639,-7.262012673666569,-1.9430604982206403,,,,,,,,,,,,,,,,,,,,,,,,
26DCzPPy,toluene,stddft,4.55e-08,-3.88e-08,3.808,3.387,0.4209999999999998,0.0017,6.892,-8.43e-08,8.43e-08,7.106489999999998e-15,6.7e-09,-1.7653999999999997e-15,-7.341035157335565,-7.410050398674293,-0.8527472527472527,,,,,,,,,,,,,,,,,,,,,,,,
26DPXZBPy,gas,stda,4.68e-08,-1.5e-08,2.86,2.541,0.3189999999999999,0.0038,4.731,-6.18e-08,6.18e-08,3.8192399999999985e-15,3.1800000000000013e-08,-7.02e-16,-7.328827157284917,-7.82102305270683,-0.3205128205128205,,,,,,,,,,,,,,,,,,,,,,,,
26DPXZBPy,gas,stddft,1.22e-08,-4.43e-08,2.845,2.531,0.314,0.0039,4.731,-5.65e-08,5.65e-08,3.19225e-15,-3.21e-08,-5.4046e-16,-7.910094888560602,-7.35261702988538,-3.631147540983607,,,,,,,,,,,,,,,,,,,,,,,,
26DPXZBPy,toluene,stda,1.44e-08,-5.91e-08,2.813,2.521,0.2920000000000002,0.0138,4.725000000000001,-7.35e-08,7.35e-08,5.402250000000001e-15,-4.47e-08,-8.5104e-16,-7.838631997765025,-7.22767829327708,-4.104166666666667,,,,,,,,,,,,,,,,,,,,,,,,
26DPXZBPy,toluene,stddft,3e-08,7.4e-09,2.798,2.511,0.2869999999999999,0.0149,4.725000000000001,-2.26e-08,2.26e-08,5.107599999999998e-16,3.74e-08,2.2199999999999998e-16,-7.521433504406157,-8.1249387366083,0.2466666666666667,,,,,,,,,,,,,,,,,,,,,,,,
2BFCzPy,gas,stda,-6.41e-08,4.01e-08,3.832,3.46,0.3719999999999999,0.6687,7.06,1.042e-07,1.042e-07,1.0857639999999998e-14,-2.4e-08,-2.57041e-15,-7.192464971931146,-7.39577394691553,-0.6255850234009361,,,,,,,,,,,,,,,,,,,,,,,,
2BFCzPy,gas,stddft,-9.26e-08,1.54e-08,3.785,3.437,0.3480000000000003,0.5921,7.06,1.0800000000000001e-07,1.0800000000000001e-07,1.1663999999999995e-14,-7.72e-08,-1.4260399999999998e-15,-7.032920265855503,-7.809668301829708,-0.1663066954643628,,,,,,,,,,,,,,,,,,,,,,,,
2BFCzPy,toluene,stda,-8e-08,1.4e-08,3.846,3.429,0.4170000000000002,0.4321,7.053999999999999,9.4e-08,9.4e-08,8.836e-15,-6.600000000000002e-08,-1.12e-15,-7.096367483915762,-7.85078088734462,-0.175,,,,,,,,,,,,,,,,,,,,,,,,
2BFCzPy,toluene,stddft,-2.97e-08,-1.4e-08,3.797,3.405,0.3920000000000003,0.3793,7.053999999999999,1.57e-08,1.57e-08,2.4649000000000004e-16,-4.37e-08,4.158e-16,-7.525783735923745,-7.85078088734462,0.4713804713804713,,,,,,,,,,,,,,,,,,,,,,,,
2BPy-mDTC,gas,stda,8.3e-09,2.9e-09,3.368,3.218,0.1499999999999999,0.0351,5.915999999999999,-5.4e-09,5.4e-09,2.916e-17,1.12e-08,2.407e-17,-8.075720713938118,-8.522878745280337,0.3493975903614458,,,,,,,,,,,,,,,,,,,,,,,,
2BPy-mDTC,gas,stddft,-8.61e-08,6.49e-08,3.358,3.21,0.1480000000000001,0.036,5.915999999999999,1.5100000000000004e-07,1.5100000000000004e-07,2.2801000000000004e-14,-2.119999999999999e-08,-5.58789e-15,-7.064492734175287,-7.187086643357144,-0.753774680603949,,,,,,,,,,,,,,,,,,,,,,,,
2BPy-mDTC,toluene,stda,-4.6e-09,6.14e-08,3.328,3.172,0.1559999999999997,0.0344,5.885999999999999,6.6e-08,6.6e-08,4.356e-15,5.679999999999999e-08,-2.8243999999999996e-16,-8.327902142064282,-7.211124884224583,-13.347826086956522,,,,,,,,,,,,,,,,,,,,,,,,
2BPy-mDTC,toluene,stddft,5.01e-08,3.9e-08,3.319,3.163,0.1560000000000001,0.0365,5.885999999999999,-1.11e-08,1.11e-08,1.2321e-16,8.91e-08,1.9539e-15,-7.29929628285498,-7.407823242604133,0.7784431137724551,,,,,,,,,,,,,,,,,,,,,,,,
2BTCz2CzTPN,gas,stda,-2.14e-08,-1.47e-08,3.208,2.947,0.2610000000000001,0.5055,6.170999999999999,6.7e-09,6.7e-09,4.489000000000001e-17,-3.61e-08,3.1458e-16,-7.667561540084395,-7.829738284605042,0.6869158878504673,,,,,,,,,,,,,,,,,,,,,,,,
2BTCz2CzTPN,gas,stddft,7.87e-08,-6.7e-09,3.176,2.935,0.2410000000000001,0.4538,6.170999999999999,-8.54e-08,8.54e-08,7.293159999999999e-15,7.2e-08,-5.272899999999999e-16,-7.103473782510445,-8.167491087293763,-0.085133418043202,,,,,,,,,,,,,,,,,,,,,,,,
2BTCz2CzTPN,toluene,stda,-1.69e-08,-2.42e-08,2.875,2.568,0.3069999999999999,0.5785,6.071,-7.300000000000001e-09,7.300000000000001e-09,5.329000000000004e-17,-4.11e-08,4.0898e-16,-7.769551078621726,-7.614393726401688,1.4319526627218937,,,,,,,,,,,,,,,,,,,,,,,,
2BTCz2CzTPN,toluene,stddft,7.5e-09,-5.72e-08,2.829,2.554,0.2750000000000003,0.4998,6.071,-6.47e-08,6.47e-08,4.18609e-15,-4.97e-08,-4.2899999999999997e-16,-8.119186407719209,-7.24184537803261,-7.626666666666668,,,,,,,,,,,,,,,,,,,,,,,,
2BTPA-INN,gas,stda,-1.35e-08,7.74e-08,3.707,3.183,0.524,1.9904,6.153999999999999,9.09e-08,9.09e-08,8.26281e-15,6.390000000000001e-08,-1.0449e-15,-7.866461091629782,-7.110698297493689,-5.733333333333333,,,,,,,,,,,,,,,,,,,,,,,,
2BTPA-INN,gas,stddft,-9.13e-08,6.64e-08,3.691,3.159,0.532,1.8536,6.153999999999999,1.577e-07,1.577e-07,2.486929e-14,-2.4900000000000005e-08,-6.06232e-15,-7.039053804266168,-7.177178354696896,-0.7272727272727272,,,,,,,,,,,,,,,,,,,,,,,,
2BTPA-INN,toluene,stda,-2.24e-08,4.75e-08,3.633,3.138,0.4950000000000001,1.983,6.032000000000001,6.99e-08,6.99e-08,4.88601e-15,2.5100000000000003e-08,-1.064e-15,-7.647817481888637,-7.322393047279506,-2.1205357142857144,,,,,,,,,,,,,,,,,,,,,,,,
2BTPA-INN,toluene,stddft,-9.2e-09,-5.32e-08,3.619,3.115,0.504,1.8661,6.032000000000001,-4.4e-08,4.4e-08,1.936e-15,-6.24e-08,4.8944e-16,-8.031517051446064,-7.273272790973428,5.782608695652174,,,,,,,,,,,,,,,,,,,,,,,,
2BrCPT,gas,stda,4.02e-08,3.72e-08,3.815,3.38,0.435,0.4898,6.725999999999999,-3e-09,3e-09,9.000000000000003e-18,7.74e-08,1.49544e-15,-7.394694953858891,-7.428291168191312,0.9253731343283582,,,,,,,,,,,,,,,,,,,,,,,,
2BrCPT,gas,stddft,7.9e-08,-4.15e-08,3.747,3.357,0.3899999999999997,0.3918,6.725999999999999,-1.205e-07,1.205e-07,1.452025e-14,3.750000000000001e-08,-3.2785000000000007e-15,-7.101823516502323,-7.380906669373258,-0.5253164556962026,,,,,,,,,,,,,,,,,,,,,,,,
2BrCPT,toluene,stda,-1.51e-08,-3.08e-08,3.811,3.365,0.4459999999999997,0.4827,6.76,-1.5699999999999998e-08,1.5699999999999998e-08,2.4648999999999994e-16,-4.59e-08,4.6508e-16,-7.818156412055227,-7.510041520575165,2.039735099337748,,,,,,,,,,,,,,,,,,,,,,,,
2BrCPT,toluene,stddft,-1.238e-07,-5.95e-08,3.741,3.342,0.399,0.3833,6.76,6.430000000000001e-08,6.430000000000001e-08,4.1344900000000014e-15,-1.833e-07,7.3661e-15,-6.906928693623937,-7.2247537402597635,0.4806138933764135,,,,,,,,,,,,,,,,,,,,,,,,
2C,gas,stda,-3.25e-08,1.192e-07,3.542,2.682,0.8599999999999999,1.2876,5.928000000000001,1.517e-07,1.517e-07,2.3012889999999995e-14,8.67e-08,-3.874e-15,-7.486782399932061,-6.923359556329658,-3.6676923076923074,,,,,,,,,,,,,,,,,,,,,,,,
2C,gas,stddft,-3.79e-08,-5.96e-08,3.473,2.614,0.859,1.1036,5.928000000000001,-2.17e-08,2.17e-08,4.708899999999998e-16,-9.75e-08,2.25884e-15,-7.42021640338319,-7.224025668870631,1.5725593667546174,,,,,,,,,,,,,,,,,,,,,,,,
2C,toluene,stda,-9.1e-09,-8.96e-08,3.441,2.65,0.7909999999999999,1.2741,5.658000000000001,-8.05e-08,8.05e-08,6.48025e-15,-9.87e-08,8.1536e-16,-8.036212172654444,-7.047207556955908,9.846153846153843,,,,,,,,,,,,,,,,,,,,,,,,
2C,toluene,stddft,3.28e-08,5.33e-08,3.38,2.585,0.7949999999999999,1.1073,5.658000000000001,2.05e-08,2.05e-08,4.202499999999999e-16,8.610000000000002e-08,1.7482400000000002e-15,-7.482804102050026,-7.272458742971444,1.625,,,,,,,,,,,,,,,,,,,,,,,,
2CM,gas,stda,-9.07e-08,7.45e-08,3.565,3.041,0.524,0.0867,7.05,1.652e-07,1.652e-07,2.729104e-14,-1.62e-08,-6.75715e-15,-7.041914151478915,-7.127261172527331,-0.8213891951488423,,,,,,,,,,,,,,,,,,,,,,,,
2CM,gas,stddft,5.33e-08,-4.1e-09,3.473,3.015,0.4579999999999997,0.066,7.05,-5.74e-08,5.74e-08,3.29476e-15,4.9200000000000004e-08,-2.1853e-16,-7.272458742971444,-8.3767507096021,-0.0769230769230769,,,,,,,,,,,,,,,,,,,,,,,,
2CM,toluene,stda,1.061e-07,7.83e-08,3.562,3.061,0.5009999999999999,0.155,7.154000000000001,-2.78e-08,2.78e-08,7.7284e-16,1.844e-07,8.30763e-15,-6.97387548325455,-7.105683937315561,0.7379830348727616,,,,,,,,,,,,,,,,,,,,,,,,
2CM,toluene,stddft,4.2e-09,-1.085e-07,3.473,3.035,0.4379999999999997,0.1188,7.154000000000001,-1.127e-07,1.127e-07,1.270129e-14,-1.043e-07,-4.557e-16,-8.366531544420413,-6.964170174747172,-25.83333333333333,,,,,,,,,,,,,,,,,,,,,,,,
2Cz-DMAC-BTB,gas,stda,1.47e-08,-6.2e-09,3.743,3.362,0.3809999999999998,0.0795,6.068999999999999,-2.09e-08,2.09e-08,4.3681e-16,8.5e-09,-9.114e-17,-7.829738284605042,-8.200659450546418,-0.4217687074829932,,,,,,,,,,,,,,,,,,,,,,,,
2Cz-DMAC-BTB,gas,stddft,-1.96e-08,8.8e-08,3.733,3.333,0.3999999999999999,0.0982,6.068999999999999,1.076e-07,1.076e-07,1.1577759999999999e-14,6.839999999999999e-08,-1.7248e-15,-7.705533773838407,-7.055024091587952,-4.489795918367347,,,,,,,,,,,,,,,,,,,,,,,,
2Cz-DMAC-BTB,toluene,stda,2.2e-08,-1.447e-07,3.553,3.358,0.1949999999999998,0.0257,5.874999999999999,-1.667e-07,1.667e-07,2.7788889999999992e-14,-1.227e-07,-3.1834e-15,-7.655607726314889,-6.839231438138872,-6.577272727272727,,,,,,,,,,,,,,,,,,,,,,,,
2Cz-DMAC-BTB,toluene,stddft,3.4e-09,6.23e-08,3.547,3.329,0.2179999999999999,0.0257,5.874999999999999,5.89e-08,5.89e-08,3.46921e-15,6.57e-08,2.1181999999999998e-16,-8.455931955649724,-7.204815410317576,18.323529411764707,,,,,,,,,,,,,,,,,,,,,,,,
2Cz-DMAC-TTR,gas,stda,-1.003e-07,3.24e-08,3.917,3.482,0.4349999999999996,0.4315,7.1530000000000005,1.3270000000000004e-07,1.3270000000000004e-07,1.7609290000000005e-14,-6.79e-08,-3.24972e-15,-6.998266287190999,-7.488116639021126,-0.3230309072781654,,,,,,,,,,,,,,,,,,,,,,,,
2Cz-DMAC-TTR,gas,stddft,-6.35e-08,5.26e-08,3.864,3.46,0.4039999999999999,0.3655,7.1530000000000005,1.1610000000000001e-07,1.1610000000000001e-07,1.3479210000000003e-14,-1.0900000000000005e-08,-3.3401000000000004e-15,-7.196542884351586,-7.278189384787454,-0.8283464566929133,,,,,,,,,,,,,,,,,,,,,,,,
2Cz-DMAC-TTR,toluene,stda,8.9e-09,3.96e-08,3.975,3.404,0.5710000000000002,0.1344,7.07,3.07e-08,3.07e-08,9.4249e-16,4.85e-08,3.5243999999999996e-16,-8.045757490560675,-7.401209493236885,4.44943820224719,,,,,,,,,,,,,,,,,,,,,,,,
2Cz-DMAC-TTR,toluene,stddft,-4.6e-09,2.42e-08,3.911,3.383,0.528,0.0418,7.07,2.88e-08,2.88e-08,8.2944e-16,1.9600000000000003e-08,-1.1132e-16,-8.327902142064282,-7.614393726401688,-5.260869565217392,,,,,,,,,,,,,,,,,,,,,,,,
2Cz-DMAC-TXO,gas,stda,1.7e-09,-4.6e-09,3.397,2.864,0.5329999999999999,0.0209,5.548000000000001,-6.3e-09,6.3e-09,3.9690000000000004e-17,-2.9e-09,-7.82e-18,-8.744727494896694,-8.327902142064282,-2.7058823529411766,,,,,,,,,,,,,,,,,,,,,,,,
2Cz-DMAC-TXO,gas,stddft,-2.99e-08,1.08e-08,3.37,2.838,0.532,0.0549,5.548000000000001,4.07e-08,4.07e-08,1.65649e-15,-1.91e-08,-3.2292000000000013e-16,-7.522878745280337,-7.962573502059376,-0.3612040133779264,,,,,,,,,,,,,,,,,,,,,,,,
2Cz-DMAC-TXO,toluene,stda,3.1e-09,4.64e-08,3.335,2.848,0.4870000000000001,0.015,5.518000000000001,4.33e-08,4.33e-08,1.87489e-15,4.95e-08,1.4383999999999999e-16,-8.494850021680094,-7.3325470471100465,14.96774193548387,,,,,,,,,,,,,,,,,,,,,,,,
2Cz-DMAC-TXO,toluene,stddft,-4.72e-08,-6.56e-08,3.318,2.821,0.4969999999999999,0.0312,5.518000000000001,-1.840000000000001e-08,1.840000000000001e-08,3.385600000000002e-16,-1.128e-07,3.09632e-15,-7.325138859262188,-7.182434630440219,1.3898305084745763,,,,,,,,,,,,,,,,,,,,,,,,
2Cz2tCzBn,gas,stda,1.18e-08,7.8e-09,3.409,3.156,0.2529999999999996,0.4382,6.766,-3.9999999999999994e-09,3.9999999999999994e-09,1.5999999999999998e-17,1.96e-08,9.204e-17,-7.924453038607469,-8.102372908709558,0.6610169491525424,,,,,,,,,,,,,,,,,,,,,,,,
2Cz2tCzBn,gas,stddft,-4.1e-09,2.44e-08,3.374,3.145,0.2290000000000001,0.3864,6.766,2.85e-08,2.85e-08,8.1225e-16,2.03e-08,-1.0004e-16,-8.3767507096021,-7.610833915635467,-5.951219512195122,,,,,,,,,,,,,,,,,,,,,,,,
2Cz2tCzBn,toluene,stda,2.8e-09,-1.066e-07,3.269,2.992,0.2770000000000001,0.4651,6.664,-1.094e-07,1.094e-07,1.196836e-14,-1.038e-07,-2.9847999999999997e-16,-8.537602002101044,-6.97183558057553,-38.07142857142858,,,,,,,,,,,,,,,,,,,,,,,,
2Cz2tCzBn,toluene,stddft,2.6e-09,-4.57e-08,3.229,2.98,0.2490000000000001,0.4065,6.664,-4.83e-08,4.83e-08,2.3328900000000003e-15,-4.31e-08,-1.1882e-16,-8.568636235841012,-7.339134521996131,-17.576923076923077,,,,,,,,,,,,,,,,,,,,,,,,
2CzBN,gas,stda,-2e-10,-3.4e-08,3.746,3.409,0.3370000000000002,0.1845,6.992000000000001,-3.38e-08,3.38e-08,1.14244e-15,-3.42e-08,6.8e-18,-9.522878745280336,-7.467245621007502,170.0,,,,,,,,,,,,,,,,,,,,,,,,
2CzBN,gas,stddft,1.53e-08,1.06e-08,3.71,3.388,0.322,0.1595,6.992000000000001,-4.700000000000001e-09,4.700000000000001e-09,2.2090000000000008e-17,2.59e-08,1.6218000000000003e-16,-7.812479279163536,-7.97061622231479,0.6928104575163399,,,,,,,,,,,,,,,,,,,,,,,,
2CzBN,toluene,stda,-1.46e-08,6.69e-08,3.683,3.329,0.3539999999999996,0.2305,6.906999999999999,8.15e-08,8.15e-08,6.64225e-15,5.23e-08,-9.7674e-16,-7.832682665251823,-7.173925197299174,-4.582191780821917,,,,,,,,,,,,,,,,,,,,,,,,
2CzBN,toluene,stddft,-6.88e-08,5.67e-08,3.648,3.309,0.3389999999999999,0.2028,6.906999999999999,1.255e-07,1.255e-07,1.575025e-14,-1.2099999999999996e-08,-3.90096e-15,-7.161780778092374,-7.245651664288981,-0.8241279069767442,,,,,,,,,,,,,,,,,,,,,,,,
2CzCbPy,gas,stda,9.58e-08,2.95e-08,3.724,3.287,0.4370000000000003,0.377,6.892,-6.63e-08,6.63e-08,4.39569e-15,1.253e-07,2.8261e-15,-7.018181392829336,-7.528708288941061,0.3079331941544885,,,,,,,,,,,,,,,,,,,,,,,,
2CzCbPy,gas,stddft,1.93e-08,3.72e-08,3.666,3.266,0.3999999999999999,0.3071,6.892,1.79e-08,1.79e-08,3.2041000000000006e-16,5.65e-08,7.1796e-16,-7.712198270069773,-7.428291168191312,1.927461139896373,,,,,,,,,,,,,,,,,,,,,,,,
2CzCbPy,toluene,stda,-1.95e-08,-2.05e-08,3.703,3.246,0.4569999999999998,0.3323,6.965000000000001,-1.0000000000000023e-09,1.0000000000000023e-09,1.0000000000000049e-18,-4e-08,3.9975e-16,-7.707743928643524,-7.686132779630847,1.051282051282051,,,,,,,,,,,,,,,,,,,,,,,,
2CzCbPy,toluene,stddft,-2.38e-08,2.84e-08,3.641,3.224,0.4169999999999998,0.2662,6.965000000000001,5.22e-08,5.22e-08,2.7248400000000003e-15,4.599999999999998e-09,-6.7592e-16,-7.621602099051862,-7.54515513999149,-1.1932773109243695,,,,,,,,,,,,,,,,,,,,,,,,
2CzMC,gas,stda,-1.174e-07,1.68e-08,3.77,3.204,0.5659999999999998,0.135,7.192,1.342e-07,1.342e-07,1.800964e-14,-1.006e-07,-1.9723200000000005e-15,-6.9299621333922445,-7.772113295386326,-0.1431005110732538,,,,,,,,,,,,,,,,,,,,,,,,
2CzMC,gas,stddft,8.18e-08,4.83e-08,3.708,3.167,0.5410000000000004,0.1216,7.192,-3.35e-08,3.35e-08,1.1222500000000002e-15,1.301e-07,3.95094e-15,-7.086716098239582,-7.315154638355588,0.5904645476772616,,,,,,,,,,,,,,,,,,,,,,,,
2CzMC,toluene,stda,5.04e-08,-3.88e-08,3.686,3.072,0.6139999999999999,0.1907,7.026000000000001,-8.92e-08,8.92e-08,7.95664e-15,1.1600000000000005e-08,-1.95552e-15,-7.296708621881338,-7.410050398674293,-0.7698412698412698,,,,,,,,,,,,,,,,,,,,,,,,
2CzMC,toluene,stddft,1.97e-08,7.66e-08,3.618,3.032,0.5859999999999999,0.1678,7.026000000000001,5.69e-08,5.69e-08,3.23761e-15,9.63e-08,1.50902e-15,-7.703334809738469,-7.115204636051019,3.888324873096447,,,,,,,,,,,,,,,,,,,,,,,,
2CzP-INN,gas,stda,-1.9e-08,-1.9e-09,3.914,3.461,0.4530000000000003,0.7154,6.531,1.71e-08,1.71e-08,2.9241e-16,-2.0900000000000002e-08,3.6100000000000004e-17,-7.718966632752273,-8.698970004336019,0.0999999999999999,,,,,,,,,,,,,,,,,,,,,,,,
2CzP-INN,gas,stddft,5.3e-09,1.765e-07,3.857,3.439,0.4180000000000001,0.5641,6.531,1.712e-07,1.712e-07,2.930944e-14,1.818e-07,9.3545e-16,-8.267606240177031,-6.753009300758451,33.30188679245283,,,,,,,,,,,,,,,,,,,,,,,,
2CzP-INN,toluene,stda,-7.78e-08,2.33e-08,3.903,3.443,0.4599999999999999,0.6819,6.488,1.011e-07,1.011e-07,1.022121e-14,-5.449999999999999e-08,-1.81274e-15,-7.108462542327436,-7.6307841425898575,-0.2994858611825193,,,,,,,,,,,,,,,,,,,,,,,,
2CzP-INN,toluene,stddft,-9.9e-09,7.1e-08,3.844,3.421,0.423,0.5343,6.488,8.09e-08,8.09e-08,6.544810000000001e-15,6.11e-08,-7.028999999999999e-16,-8.0,-7.148130399270234,-7.171717171717172,,,,,,,,,,,,,,,,,,,,,,,,
2CzPN,gas,stda,6.07e-08,1.58e-08,3.443,3.123,0.3199999999999998,0.2048,6.535,-4.49e-08,4.49e-08,2.01601e-15,7.649999999999999e-08,9.5906e-16,-7.216096420727265,-7.798602875679548,0.2602965403624382,,,,,,,,,,,,,,,,,,,,,,,,
2CzPN,gas,stddft,1.39e-08,6.16e-08,3.414,3.103,0.3109999999999999,0.182,6.535,4.77e-08,4.77e-08,2.2752899999999995e-15,7.55e-08,8.5624e-16,-7.853871964321762,-7.209714835966758,4.431654676258993,,,,,,,,,,,,,,,,,,,,,,,,
2CzPN,toluene,stda,-1.73e-08,-6.63e-08,3.259,2.914,0.3449999999999997,0.245,6.308000000000001,-4.9e-08,4.9e-08,2.401e-15,-8.360000000000002e-08,1.1469900000000001e-15,-7.7594507517174,-7.177831920631983,3.832369942196532,,,,,,,,,,,,,,,,,,,,,,,,
2CzPN,toluene,stddft,-2.9e-09,-1.464e-07,3.226,2.894,0.3319999999999998,0.2156,6.308000000000001,-1.4349999999999998e-07,1.4349999999999998e-07,2.059225e-14,-1.493e-07,4.2456e-16,-8.522878745280337,-6.834162375309872,50.48275862068965,,,,,,,,,,,,,,,,,,,,,,,,
2CzPy,gas,stda,-2.2e-09,2.64e-08,3.902,3.443,0.4590000000000001,0.1724,7.247000000000001,2.86e-08,2.86e-08,8.179600000000001e-16,2.42e-08,-5.808e-17,-8.638272163982407,-7.576754126063192,-12.000000000000002,,,,,,,,,,,,,,,,,,,,,,,,
2CzPy,gas,stddft,-6.02e-08,5.51e-08,3.839,3.42,0.419,0.1486,7.247000000000001,1.153e-07,1.153e-07,1.3294089999999998e-14,-5.099999999999999e-09,-3.31702e-15,-7.219682687859849,-7.2580609222708015,-0.915282392026578,,,,,,,,,,,,,,,,,,,,,,,,
2CzPy,toluene,stda,8.71e-08,1.474e-07,3.883,3.402,0.4809999999999998,0.1365,7.2010000000000005,6.03e-08,6.03e-08,3.63609e-15,2.3450000000000002e-07,1.283854e-14,-7.059483515067432,-6.831207979685818,1.6923076923076923,,,,,,,,,,,,,,,,,,,,,,,,
2CzPy,toluene,stddft,-8.26e-08,-4.07e-08,3.816,3.378,0.4379999999999997,0.1119,7.2010000000000005,4.19e-08,4.19e-08,1.7556099999999997e-15,-1.233e-07,3.36182e-15,-7.082494490447453,-7.38933983691012,0.4927360774818402,,,,,,,,,,,,,,,,,,,,,,,,
2CzTPE,gas,stda,-4.34e-08,-1.92e-08,3.598,2.881,0.7170000000000001,2.3964,6.469,2.42e-08,2.42e-08,5.856399999999999e-16,-6.259999999999999e-08,8.3328e-16,-7.361510743045363,-7.714442690992226,0.4423963133640553,,,,,,,,,,,,,,,,,,,,,,,,
2CzTPE,gas,stddft,-6.7e-09,1.13e-08,3.559,2.833,0.726,2.0956,6.469,1.8e-08,1.8e-08,3.24e-16,4.6000000000000015e-09,-7.571e-17,-8.167491087293763,-7.943095148663527,-1.686567164179105,,,,,,,,,,,,,,,,,,,,,,,,
2CzTPE,toluene,stda,-1.429e-07,-2.93e-08,3.614,2.89,0.7239999999999998,2.6157,6.465,1.1359999999999998e-07,1.1359999999999998e-07,1.2904959999999996e-14,-1.722e-07,4.18697e-15,-6.844663962534939,-7.531652669587842,0.2050384884534639,,,,,,,,,,,,,,,,,,,,,,,,
2CzTPE,toluene,stddft,-5.26e-08,-5.84e-08,3.574,2.842,0.7319999999999998,2.2891,6.465,-5.799999999999999e-09,5.799999999999999e-09,3.363999999999999e-17,-1.11e-07,3.0718400000000002e-15,-7.278189384787454,-7.232844133917819,1.1102661596958174,,,,,,,,,,,,,,,,,,,,,,,,
2CzTPEPCz,gas,stda,-1.11e-08,7.3e-09,3.861,3.292,0.5690000000000004,1.5194,6.551,1.84e-08,1.84e-08,3.3855999999999997e-16,-3.8e-09,-8.103000000000001e-17,-7.950781977329818,-8.130768280269024,-0.6576576576576576,,,,,,,,,,,,,,,,,,,,,,,,
2CzTPEPCz,gas,stddft,-4.16e-08,-6.39e-08,3.831,3.254,0.577,1.3309,6.551,-2.2299999999999998e-08,2.2299999999999998e-08,4.972899999999997e-16,-1.055e-07,2.65824e-15,-7.379863945026242,-7.1938200260161125,1.536057692307692,,,,,,,,,,,,,,,,,,,,,,,,
2CzTPEPCz,toluene,stda,-3.08e-08,-4e-10,3.848,3.278,0.5699999999999998,1.5521,6.64,3.04e-08,3.04e-08,9.2416e-16,-3.1199999999999995e-08,1.232e-17,-7.510041520575165,-9.30102999566398,0.0129870129870129,,,,,,,,,,,,,,,,,,,,,,,,
2CzTPEPCz,toluene,stddft,-5.1e-09,-3.2e-09,3.81,3.24,0.5699999999999998,1.3307,6.64,1.9e-09,1.9e-09,3.61e-18,-8.3e-09,1.6320000000000006e-17,-8.2839966563652,-8.481486060122112,0.6274509803921569,,,,,,,,,,,,,,,,,,,,,,,,
2DMAC-BP-F,gas,stda,-2.51e-08,2.8e-09,3.125,2.54,0.585,0.8952,5.703,2.79e-08,2.79e-08,7.7841e-16,-2.23e-08,-7.027999999999998e-17,-7.598599459218456,-8.537602002101044,-0.1115537848605577,,,,,,,,,,,,,,,,,,,,,,,,
2DMAC-BP-F,gas,stddft,-6.55e-08,3.59e-08,3.055,2.512,0.5430000000000001,0.7569,5.703,1.014e-07,1.014e-07,1.028196e-14,-2.96e-08,-2.35145e-15,-7.18309616062434,-7.443697499232713,-0.5480916030534351,,,,,,,,,,,,,,,,,,,,,,,,
2DMAC-BP-F,toluene,stda,-2.34e-08,-3.6e-08,3.004,2.386,0.6179999999999999,0.9316,5.4830000000000005,-1.2599999999999997e-08,1.2599999999999997e-08,1.5875999999999992e-16,-5.94e-08,8.424e-16,-7.628932137728263,-7.442492798094342,1.5384615384615383,,,,,,,,,,,,,,,,,,,,,,,,
2DMAC-BP-F,toluene,stddft,3.42e-08,-1.085e-07,2.929,2.355,0.5739999999999998,0.7792,5.4830000000000005,-1.427e-07,1.427e-07,2.036329e-14,-7.43e-08,-3.7107e-15,-7.464705879957229,-6.964170174747172,-3.1725146198830405,,,,,,,,,,,,,,,,,,,,,,,,
2DN,gas,stda,1.3e-08,4.49e-08,2.682,2.527,0.1549999999999998,0.0984,5.118,3.19e-08,3.19e-08,1.01761e-15,5.79e-08,5.837e-16,-7.882728704344236,-7.346787486224656,3.4538461538461536,,,,,,,,,,,,,,,,,,,,,,,,
2DN,gas,stddft,3.08e-08,-7.98e-08,2.671,2.51,0.161,0.0905,5.118,-1.106e-07,1.106e-07,1.223236e-14,-4.9e-08,-2.45784e-15,-7.510041520575165,-7.097453220686009,-2.5909090909090917,,,,,,,,,,,,,,,,,,,,,,,,
2DN,toluene,stda,-1.48e-08,-3.83e-08,2.361,1.8,0.5610000000000002,0.1778,5.171000000000001,-2.35e-08,2.35e-08,5.5225e-16,-5.31e-08,5.6684e-16,-7.826813731587726,-7.415668775632469,2.5878378378378377,,,,,,,,,,,,,,,,,,,,,,,,
2DN,toluene,stddft,-1.24e-08,1.32e-08,2.265,1.762,0.5030000000000001,0.1295,5.171000000000001,2.56e-08,2.56e-08,6.553600000000002e-16,8.000000000000004e-10,-1.6368e-16,-7.903089986991944,-7.876148359032914,-1.064516129032258,,,,,,,,,,,,,,,,,,,,,,,,
2DPA-DPQ,gas,stda,9.54e-08,-1.01e-08,3.061,2.431,0.6299999999999999,0.8164,6.303,-1.055e-07,1.055e-07,1.113025e-14,8.53e-08,-9.6354e-16,-7.019996628416254,-7.991399828238083,-0.1058700209643605,,,,,,,,,,,,,,,,,,,,,,,,
2DPA-DPQ,gas,stddft,-4.7e-09,-1.6e-09,2.975,2.401,0.5740000000000003,0.6671,6.303,3.0999999999999996e-09,3.0999999999999996e-09,9.609999999999996e-18,-6.3e-09,7.52e-18,-8.318758762624412,-8.769551078621726,0.3404255319148936,,,,,,,,,,,,,,,,,,,,,,,,
2DPA-DPQ,toluene,stda,-7.3e-09,-1.1e-08,3.053,2.412,0.641,0.8511,6.284000000000001,-3.699999999999999e-09,3.699999999999999e-09,1.3689999999999994e-17,-1.83e-08,8.029999999999998e-17,-8.130768280269024,-7.954677021213342,1.506849315068493,,,,,,,,,,,,,,,,,,,,,,,,
2DPA-DPQ,toluene,stddft,3.04e-08,-3.9e-09,2.966,2.381,0.5850000000000004,0.6927,6.284000000000001,-3.43e-08,3.43e-08,1.1764900000000001e-15,2.65e-08,-1.1856e-16,-7.515700160653214,-8.397940008672037,-0.1282894736842105,,,,,,,,,,,,,,,,,,,,,,,,
2F,gas,stda,-1.426e-07,-3.13e-08,3.334,2.884,0.4500000000000002,0.1122,5.271,1.113e-07,1.113e-07,1.2387689999999999e-14,-1.739e-07,4.46338e-15,-6.845576026885353,-7.503070351926785,0.2194950911640954,,,,,,,,,,,,,,,,,,,,,,,,
2F,gas,stddft,7.65e-08,-2.25e-08,3.259,2.864,0.395,0.09,5.271,-9.9e-08,9.9e-08,9.801e-15,5.4000000000000014e-08,-1.7212500000000001e-15,-7.115771230367396,-7.645891560852599,-0.2941176470588235,,,,,,,,,,,,,,,,,,,,,,,,
2F,toluene,stda,7.11e-08,7.46e-08,3.329,2.883,0.4460000000000002,0.1368,5.109,3.5000000000000115e-09,3.5000000000000115e-09,1.2250000000000079e-17,1.457e-07,5.3040600000000004e-15,-7.147520006363144,-7.126679398184601,1.0492264416315051,,,,,,,,,,,,,,,,,,,,,,,,
2F,toluene,stddft,1.29e-08,1.34e-08,3.254,2.862,0.3919999999999999,0.1087,5.109,4.999999999999994e-10,4.999999999999994e-10,2.499999999999996e-19,2.63e-08,1.7286e-16,-7.886056647693163,-7.869666231504994,1.0387596899224807,,,,,,,,,,,,,,,,,,,,,,,,
2H-Qz,gas,stda,-6.8e-09,9.37e-08,3.098,2.737,0.3609999999999997,0.0157,5.214,1.005e-07,1.005e-07,1.0100249999999998e-14,8.69e-08,-6.3716e-16,-8.161150909262744,-7.027797161620936,-13.779411764705882,,,,,,,,,,,,,,,,,,,,,,,,
2H-Qz,gas,stddft,2e-09,-2.45e-08,3.06,2.706,0.3540000000000001,0.0133,5.214,-2.65e-08,2.65e-08,7.022500000000001e-16,-2.25e-08,-4.900000000000001e-17,-8.67778070526608,-7.609064892896621,-12.25,,,,,,,,,,,,,,,,,,,,,,,,
2H-Qz,toluene,stda,-3.37e-08,-7.99e-08,3.105,2.741,0.3639999999999999,0.0151,5.188999999999999,-4.62e-08,4.62e-08,2.13444e-15,-1.1359999999999998e-07,2.69263e-15,-7.471083299722345,-7.096910013008056,2.370919881305638,,,,,,,,,,,,,,,,,,,,,,,,
2H-Qz,toluene,stddft,-1.97e-08,-4.38e-08,3.066,2.71,0.3559999999999998,0.0127,5.188999999999999,-2.41e-08,2.41e-08,5.808100000000002e-16,-6.35e-08,8.628600000000002e-16,-7.703334809738469,-7.357535479757878,2.2233502538071064,,,,,,,,,,,,,,,,,,,,,,,,
2ICz-OXD,gas,stda,1.42e-08,5.6e-09,3.804,3.4,0.4039999999999999,0.3227,6.329999999999999,-8.600000000000001e-09,8.600000000000001e-09,7.396000000000001e-17,1.98e-08,7.952e-17,-7.844663962534939,-8.244125144327509,0.3943661971830985,,,,,,,,,,,,,,,,,,,,,,,,
2ICz-OXD,gas,stddft,-4.36e-08,-3.52e-08,3.753,3.376,0.3770000000000002,0.2991,6.329999999999999,8.400000000000002e-09,8.400000000000002e-09,7.056000000000003e-17,-7.879999999999999e-08,1.5347199999999998e-15,-7.359518563029578,-7.452225294612178,0.8073394495412843,,,,,,,,,,,,,,,,,,,,,,,,
2ICz-OXD,toluene,stda,-9.84e-08,6.9e-09,3.796,3.371,0.4249999999999998,0.3122,6.217,1.053e-07,1.053e-07,1.108809e-14,-9.15e-08,-6.789599999999999e-16,-7.006563769502388,-8.154901959985743,-0.0701219512195122,,,,,,,,,,,,,,,,,,,,,,,,
2ICz-OXD,toluene,stddft,-4.79e-08,4.52e-08,3.744,3.347,0.3970000000000002,0.2901,6.217,9.31e-08,9.31e-08,8.66761e-15,-2.6999999999999973e-09,-2.16508e-15,-7.318758762624412,-7.343901797987168,-0.9436325678496869,,,,,,,,,,,,,,,,,,,,,,,,
2MeCZ-TRZ,gas,stda,4.01e-08,2.85e-08,3.909,3.489,0.4199999999999999,0.6203,6.429999999999999,-1.16e-08,1.16e-08,1.3456000000000004e-16,6.86e-08,1.14285e-15,-7.39577394691553,-7.543633966870957,0.7107231920199502,,,,,,,,,,,,,,,,,,,,,,,,
2MeCZ-TRZ,gas,stddft,-4.67e-08,1.8e-08,3.86,3.466,0.3939999999999997,0.4711,6.429999999999999,6.47e-08,6.47e-08,4.18609e-15,-2.87e-08,-8.406e-16,-7.329754146925876,-7.742321425130815,-0.3854389721627408,,,,,,,,,,,,,,,,,,,,,,,,
2MeCZ-TRZ,toluene,stda,8.7e-09,8.8e-09,3.934,3.488,0.4460000000000002,0.7384,6.456,9.999999999999924e-11,9.999999999999924e-11,9.999999999999847e-21,1.7499999999999998e-08,7.655999999999998e-17,-8.05551732784983,-8.050609993355087,1.011494252873563,,,,,,,,,,,,,,,,,,,,,,,,
2MeCZ-TRZ,toluene,stddft,-1.64e-08,-1.15e-08,3.886,3.466,0.4199999999999999,0.576,6.456,4.900000000000001e-09,4.900000000000001e-09,2.401000000000001e-17,-2.7900000000000002e-08,1.886e-16,-7.782516055786093,-7.935542010773082,0.7012195121951219,,,,,,,,,,,,,,,,,,,,,,,,
2Mi2SB,gas,stda,3.6e-09,5.17e-08,4.695,4.176,0.5190000000000001,0.1294,8.221,4.81e-08,4.81e-08,2.31361e-15,5.53e-08,1.8612e-16,-8.431798275933005,-7.285670240254767,14.36111111111111,,,,,,,,,,,,,,,,,,,,,,,,
2Mi2SB,gas,stddft,-4.1e-09,2.2e-08,4.649,4.149,0.5,0.1174,8.221,2.61e-08,2.61e-08,6.8121e-16,1.7899999999999998e-08,-9.02e-17,-8.3767507096021,-7.655607726314889,-5.365853658536585,,,,,,,,,,,,,,,,,,,,,,,,
2Mi2SB,toluene,stda,7.69e-08,-6.61e-08,4.683,4.115,0.5679999999999996,0.1347,8.175,-1.43e-07,1.43e-07,2.0449e-14,1.0799999999999992e-08,-5.08309e-15,-7.113509274827519,-7.1791420105603,-0.8595578673602081,,,,,,,,,,,,,,,,,,,,,,,,
2Mi2SB,toluene,stddft,4.76e-08,2.83e-08,4.632,4.089,0.5429999999999993,0.1234,8.175,-1.9300000000000004e-08,1.9300000000000004e-08,3.7249000000000016e-16,7.59e-08,1.34708e-15,-7.321481620959886,-7.546681659952962,0.5945378151260503,,,,,,,,,,,,,,,,,,,,,,,,
2PBCzPy,gas,stda,2.95e-08,-7.8e-09,4.021,3.532,0.4889999999999999,0.1445,6.857,-3.73e-08,3.73e-08,1.3912899999999998e-15,2.17e-08,-2.301e-16,-7.528708288941061,-8.102372908709558,-0.2644067796610169,,,,,,,,,,,,,,,,,,,,,,,,
2PBCzPy,gas,stddft,-5.67e-08,2.58e-08,3.961,3.511,0.4499999999999997,0.1508,6.857,8.25e-08,8.25e-08,6.806250000000001e-15,-3.09e-08,-1.46286e-15,-7.245651664288981,-7.586700235918748,-0.455026455026455,,,,,,,,,,,,,,,,,,,,,,,,
2PBCzPy,toluene,stda,2.7e-09,-1.41e-08,3.974,3.488,0.4860000000000002,0.172,6.935,-1.68e-08,1.68e-08,2.8224000000000013e-16,-1.14e-08,-3.807e-17,-8.55284196865778,-7.847711655616943,-5.222222222222222,,,,,,,,,,,,,,,,,,,,,,,,
2PBCzPy,toluene,stddft,1.91e-08,-6.48e-08,3.913,3.467,0.4459999999999997,0.1413,6.935,-8.39e-08,8.39e-08,7.03921e-15,-4.57e-08,-1.2376799999999998e-15,-7.716698771296451,-7.187755303199631,-3.392670157068063,,,,,,,,,,,,,,,,,,,,,,,,
2PCzBN,gas,stda,6.7e-09,4.63e-08,3.832,3.426,0.4059999999999997,0.7246,6.945,3.96e-08,3.96e-08,1.5681599999999998e-15,5.3e-08,3.1020999999999997e-16,-8.167491087293763,-7.333482019445119,6.91044776119403,,,,,,,,,,,,,,,,,,,,,,,,
2PCzBN,gas,stddft,4.9e-09,-5.9e-09,3.804,3.405,0.399,0.661,6.945,-1.08e-08,1.08e-08,1.1664e-16,-9.999999999999999e-10,-2.891e-17,-8.301029995663981,-8.221848749616356,-1.2040816326530612,,,,,,,,,,,,,,,,,,,,,,,,
2PCzBN,toluene,stda,4.47e-08,3.22e-08,3.826,3.404,0.4220000000000001,0.742,6.957,-1.2500000000000006e-08,1.2500000000000006e-08,1.5625000000000015e-16,7.690000000000002e-08,1.43934e-15,-7.348721986001855,-7.490797477668897,0.7203579418344518,,,,,,,,,,,,,,,,,,,,,,,,
2PCzBN,toluene,stddft,4.4e-08,4.61e-08,3.794,3.383,0.411,0.6559,6.957,2.1000000000000056e-09,2.1000000000000056e-09,4.410000000000024e-18,9.01e-08,2.0284e-15,-7.355561410532162,-7.335358024443875,1.0477272727272728,,,,,,,,,,,,,,,,,,,,,,,,
2PCzBN-tPh,gas,stda,3.27e-08,-1.4e-09,3.766,3.446,0.3199999999999998,0.6166,6.655,-3.41e-08,3.41e-08,1.16281e-15,3.13e-08,-4.578e-17,-7.484126156288321,-8.823908740944319,-0.0428134556574923,,,,,,,,,,,,,,,,,,,,,,,,
2PCzBN-tPh,gas,stddft,-3.15e-08,-3.2e-09,3.74,3.424,0.3160000000000003,0.5681,6.655,2.83e-08,2.83e-08,8.008899999999999e-16,-3.47e-08,1.0079999999999999e-16,-7.5003129173815966,-8.481486060122112,0.1015873015873016,,,,,,,,,,,,,,,,,,,,,,,,
2PCzBN-tPh,toluene,stda,-3.4e-08,5.32e-08,3.755,3.411,0.3439999999999998,0.6611,6.674,8.72e-08,8.72e-08,7.60384e-15,1.92e-08,-1.8088e-15,-7.467245621007502,-7.273272790973428,-1.5647058823529412,,,,,,,,,,,,,,,,,,,,,,,,
2PCzBN-tPh,toluene,stddft,3.35e-08,-5.6e-09,3.727,3.389,0.3380000000000001,0.6087,6.674,-3.91e-08,3.91e-08,1.52881e-15,2.7900000000000002e-08,-1.876e-16,-7.473660722610156,-8.244125144327509,-0.1671641791044776,,,,,,,,,,,,,,,,,,,,,,,,
2PN,gas,stda,2.76e-08,-4.31e-08,2.201,2.007,0.1939999999999999,0.0926,4.683999999999999,-7.07e-08,7.07e-08,4.998490000000001e-15,-1.5500000000000003e-08,-1.18956e-15,-7.557520230935552,-7.364516253185088,-1.5615942028985508,,,,,,,,,,,,,,,,,,,,,,,,
2PN,gas,stddft,2.78e-08,1.94e-08,2.182,1.995,0.1869999999999998,0.0673,4.683999999999999,-8.400000000000002e-09,8.400000000000002e-09,7.056000000000003e-17,4.72e-08,5.3932e-16,-7.554395796726403,-7.709965388637482,0.6978417266187049,,,,,,,,,,,,,,,,,,,,,,,,
2PN,toluene,stda,4.14e-08,-5.83e-08,2.159,1.961,0.1979999999999997,0.2118,4.664,-9.97e-08,9.97e-08,9.94009e-15,-1.69e-08,-2.41362e-15,-7.3819519032879075,-7.2335871528876,-1.4082125603864737,,,,,,,,,,,,,,,,,,,,,,,,
2PN,toluene,stddft,-2.37e-08,2.4e-09,2.141,1.949,0.1919999999999999,0.1833,4.664,2.61e-08,2.61e-08,6.812100000000001e-16,-2.13e-08,-5.688e-17,-7.623423042943488,-8.602059991327963,-0.1012658227848101,,,,,,,,,,,,,,,,,,,,,,,,
2PS-2FPh,gas,stda,-4.21e-08,-1.91e-08,3.225,2.878,0.347,0.0318,6.687000000000001,2.3e-08,2.3e-08,5.29e-16,-6.119999999999999e-08,8.0411e-16,-7.374687549038327,-7.716698771296451,0.4536817102137767,,,,,,,,,,,,,,,,,,,,,,,,
2PS-2FPh,gas,stddft,-3.86e-08,-4.85e-08,3.184,2.85,0.3340000000000001,0.0269,6.687000000000001,-9.899999999999996e-09,9.899999999999996e-09,9.800999999999992e-17,-8.71e-08,1.8721e-15,-7.412289034981089,-7.313363730737707,1.2564766839378236,,,,,,,,,,,,,,,,,,,,,,,,
2PS-2FPh,toluene,stda,-5.68e-08,-7.32e-08,3.204,2.833,0.371,0.051,6.759,-1.6399999999999995e-08,1.6399999999999995e-08,2.6895999999999984e-16,-1.3e-07,4.15776e-15,-7.244887733604929,-7.134896025358872,1.288732394366197,,,,,,,,,,,,,,,,,,,,,,,,
2PS-2FPh,toluene,stddft,-3.83e-08,1.5e-08,3.161,2.803,0.3580000000000001,0.0432,6.759,5.33e-08,5.33e-08,2.8408899999999995e-15,-2.33e-08,-5.745e-16,-7.415668775632469,-7.82102305270683,-0.3916449086161879,,,,,,,,,,,,,,,,,,,,,,,,
2PXZ-OXD,gas,stda,-5.27e-08,3.44e-08,3.099,2.812,0.2870000000000003,0.8673,5.48,8.71e-08,8.71e-08,7.586410000000002e-15,-1.8300000000000005e-08,-1.81288e-15,-7.277366077466188,-7.462180904926726,-0.6527514231499051,,,,,,,,,,,,,,,,,,,,,,,,
2PXZ-OXD,gas,stddft,2.26e-08,-1.92e-08,3.088,2.802,0.286,0.8117,5.48,-4.1800000000000004e-08,4.1800000000000004e-08,1.7472400000000006e-15,3.4000000000000007e-09,-4.3392e-16,-7.643974142806877,-7.714442690992226,-0.8495575221238938,,,,,,,,,,,,,,,,,,,,,,,,
2PXZ-OXD,toluene,stda,-3.34e-08,-2.73e-08,3.097,2.835,0.262,0.8694,5.448999999999999,6.1000000000000025e-09,6.1000000000000025e-09,3.721000000000002e-17,-6.070000000000002e-08,9.1182e-16,-7.474955192963154,-7.562249437179612,0.8173652694610778,,,,,,,,,,,,,,,,,,,,,,,,
2PXZ-OXD,toluene,stddft,-9.9e-09,3.12e-08,3.087,2.826,0.2610000000000001,0.815,5.448999999999999,4.11e-08,4.11e-08,1.6892100000000005e-15,2.13e-08,-3.0888e-16,-8.0,-7.504455662453552,-3.151515151515152,,,,,,,,,,,,,,,,,,,,,,,,
2PXZP,gas,stda,-1.36e-08,4.92e-08,3.076,2.741,0.3349999999999999,0.4548,5.372999999999999,6.279999999999999e-08,6.279999999999999e-08,3.943839999999999e-15,3.56e-08,-6.691199999999999e-16,-7.863279432843593,-7.30715308072277,-3.6176470588235294,,,,,,,,,,,,,,,,,,,,,,,,
2PXZP,gas,stddft,-1.02e-08,7.4e-09,3.06,2.709,0.351,0.4195,5.372999999999999,1.76e-08,1.76e-08,3.0976e-16,-2.8000000000000003e-09,-7.548000000000001e-17,-7.987162775294828,-8.1249387366083,-0.7254901960784313,,,,,,,,,,,,,,,,,,,,,,,,
2PXZP,toluene,stda,6.87e-08,-1.018e-07,3.118,2.749,0.3689999999999998,0.0208,5.463,-1.705e-07,1.705e-07,2.907025e-14,-3.31e-08,-6.99366e-15,-7.162411561764489,-6.991825815993574,-1.4818049490538574,,,,,,,,,,,,,,,,,,,,,,,,
2PXZP,toluene,stddft,-9.6e-09,1.65e-08,3.081,2.718,0.363,0.0182,5.463,2.61e-08,2.61e-08,6.8121e-16,6.899999999999999e-09,-1.584e-16,-8.013228265733755,-7.779891911959945,-1.71875,,,,,,,,,,,,,,,,,,,,,,,,
2PyCNBCz,gas,stda,-8.35e-08,4.17e-08,3.824,3.387,0.4369999999999998,1.3419,5.922000000000001,1.252e-07,1.252e-07,1.5675040000000002e-14,-4.18e-08,-3.48195e-15,-7.077793722560983,-7.378823718224964,-0.4994011976047904,,,,,,,,,,,,,,,,,,,,,,,,
2PyCNBCz,gas,stddft,6.27e-08,4.9e-09,3.78,3.365,0.4149999999999996,1.1088,5.922000000000001,-5.78e-08,5.78e-08,3.34084e-15,6.76e-08,3.0723e-16,-7.202040356262804,-8.301029995663981,0.0781499202551834,,,,,,,,,,,,,,,,,,,,,,,,
2PyCNBCz,toluene,stda,-1.8e-08,5.18e-08,3.794,3.36,0.4340000000000001,1.5588,5.761999999999999,6.98e-08,6.98e-08,4.87204e-15,3.38e-08,-9.324e-16,-7.742321425130815,-7.284832642151542,-2.8777777777777778,,,,,,,,,,,,,,,,,,,,,,,,
2PyCNBCz,toluene,stddft,5.96e-08,-4.37e-08,3.759,3.336,0.423,1.3444,5.761999999999999,-1.033e-07,1.033e-07,1.067089e-14,1.5899999999999997e-08,-2.60452e-15,-7.224025668870631,-7.3585258894959,-0.7332214765100672,,,,,,,,,,,,,,,,,,,,,,,,
2PyCNICz,gas,stda,7.5e-09,-3.7e-08,3.743,3.366,0.3769999999999998,0.2141,5.943,-4.45e-08,4.45e-08,1.98025e-15,-2.95e-08,-2.7749999999999997e-16,-8.119186407719209,-7.430626090384954,-4.933333333333334,,,,,,,,,,,,,,,,,,,,,,,,
2PyCNICz,gas,stddft,7.58e-08,-1.57e-08,3.692,3.34,0.3520000000000003,0.2003,5.943,-9.15e-08,9.15e-08,8.37225e-15,6.01e-08,-1.1900600000000004e-15,-7.11975822410452,-7.801342913045577,-0.2071240105540897,,,,,,,,,,,,,,,,,,,,,,,,
2PyCNICz,toluene,stda,-2.61e-08,-3.67e-08,3.726,3.35,0.3759999999999999,0.1406,5.766,-1.06e-08,1.06e-08,1.1235999999999997e-16,-6.279999999999999e-08,9.5787e-16,-7.581698708680254,-7.434152181326482,1.4061302681992336,,,,,,,,,,,,,,,,,,,,,,,,
2PyCNICz,toluene,stddft,-3.2e-09,6.13e-08,3.679,3.324,0.355,0.1296,5.766,6.45e-08,6.45e-08,4.160250000000001e-15,5.81e-08,-1.9616e-16,-8.481486060122112,-7.211831628858833,-19.15625,,,,,,,,,,,,,,,,,,,,,,,,
2SBFN,gas,stda,-9.05e-08,-6.05e-08,4.207,3.39,0.8169999999999997,0.048,7.461,2.999999999999999e-08,2.999999999999999e-08,8.999999999999994e-16,-1.5100000000000004e-07,5.47525e-15,-7.042871802323187,-7.217527375833714,0.6685082872928177,,,,,,,,,,,,,,,,,,,,,,,,
2SBFN,gas,stddft,-1.033e-07,4.54e-08,4.172,3.338,0.8339999999999996,0.0886,7.461,1.487e-07,1.487e-07,2.211169e-14,-5.79e-08,-4.68982e-15,-6.985479461242076,-7.341988603342887,-0.4394966118102614,,,,,,,,,,,,,,,,,,,,,,,,
2SBFN,toluene,stda,-3.02e-08,-5.89e-08,4.2,3.388,0.8120000000000003,0.0909,7.445,-2.87e-08,2.87e-08,8.2369e-16,-8.91e-08,1.77878e-15,-7.518557371497695,-7.229147988357856,1.9503311258278144,,,,,,,,,,,,,,,,,,,,,,,,
2SBFN,toluene,stddft,4e-08,1.026e-07,4.163,3.335,0.8280000000000003,0.1483,7.445,6.26e-08,6.26e-08,3.9187600000000006e-15,1.4260000000000002e-07,4.1040000000000004e-15,-7.396855627379818,-6.988429556402722,2.565,,,,,,,,,,,,,,,,,,,,,,,,
2SPBAC-BP,gas,stda,-7.06e-08,-6.04e-08,3.647,3.064,0.5829999999999997,0.1859,6.227,1.02e-08,1.02e-08,1.0403999999999995e-16,-1.31e-07,4.26424e-15,-7.150580586203101,-7.218244625347531,0.8555240793201133,,,,,,,,,,,,,,,,,,,,,,,,
2SPBAC-BP,gas,stddft,7.6e-09,-4.24e-08,3.605,3.03,0.5750000000000002,0.2351,6.227,-5e-08,5e-08,2.5000000000000004e-15,-3.48e-08,-3.2224000000000004e-16,-8.113509274827518,-7.371611069949688,-5.578947368421053,,,,,,,,,,,,,,,,,,,,,,,,
2SPBAC-BP,toluene,stda,-7.05e-08,5.56e-08,3.396,2.812,0.5840000000000001,0.0899,5.908,1.261e-07,1.261e-07,1.590121e-14,-1.4900000000000001e-08,-3.9198e-15,-7.151195298948196,-7.254144804826271,-0.7886524822695036,,,,,,,,,,,,,,,,,,,,,,,,
2SPBAC-BP,toluene,stddft,3.6e-08,-3.12e-08,3.345,2.78,0.5650000000000004,0.1145,5.908,-6.719999999999999e-08,6.719999999999999e-08,4.515839999999999e-15,4.7999999999999975e-09,-1.1232e-15,-7.442492798094342,-7.504455662453552,-0.8666666666666668,,,,,,,,,,,,,,,,,,,,,,,,
2TCz-DPS,gas,stda,2e-08,-5.56e-08,3.854,3.389,0.4650000000000003,0.0404,6.972,-7.56e-08,7.56e-08,5.715360000000001e-15,-3.56e-08,-1.1120000000000001e-15,-7.696803942579511,-7.254144804826271,-2.78,0.1197663622994766,0.875564729336247,0.1367875592593476,0.124435270663753,0.8632124407406521,0.6418104348564089,0.7061630158767982,0.1257338016428807,0.8852653188864569,0.1420295124641691,0.1147346811135429,0.8579704875358307,0.5470183493430549,0.7105974978906573,0.005967439343404102,0.005967439343404102,0.009700589550209915,0.009700589550209915,0.005241953204821487,0.005241953204821487,-0.09479208551335394,0.09479208551335394,0.004434482013859098,0.004434482013859098
2TCz-DPS,gas,stddft,3.59e-08,2.74e-08,3.805,3.368,0.4370000000000003,0.0326,6.972,-8.499999999999997e-09,8.499999999999997e-09,7.224999999999994e-17,6.329999999999999e-08,9.8366e-16,-7.443697499232713,-7.560667306169737,0.7632311977715878,0.028489943130481,0.9835440550179996,0.0289666161725309,0.0164559449820002,0.9710333838274692,0.7127680492473591,0.7943806169687184,0.1238754767259898,0.8868658274619647,0.1396778102055156,0.1131341725380351,0.8603221897944844,0.5248660421717061,0.7119694146404628,0.09538553359550879,0.09538553359550879,-0.09667822755603483,0.09667822755603483,0.11071119403298468,0.11071119403298468,-0.18790200707565308,0.18790200707565308,-0.0824112023282556,0.0824112023282556
2TCz-DPS,toluene,stda,7.11e-08,-1.551e-07,3.875,3.431,0.4439999999999999,0.0961,7.136,-2.262e-07,2.262e-07,5.116644e-14,-8.400000000000001e-08,-1.102761e-14,-7.147520006363144,-6.809108283077831,-2.1814345991561184,0.2171378686675725,0.6820765606885021,0.3183482341753382,0.3179234393114978,0.6816517658246616,0.7041751377791795,0.7647134324593194,0.0233847438328016,0.9941274983574168,0.0235228819959612,0.0058725016425828,0.9764771180040388,0.4717247756858392,0.6840548122072256,-0.19375312483477092,0.19375312483477092,0.3120509376689147,0.3120509376689147,-0.294825352179377,0.294825352179377,-0.2324503620933403,0.2324503620933403,-0.0806586202520938,0.0806586202520938
2TCz-DPS,toluene,stddft,-1.61e-08,1.9e-09,3.817,3.41,0.407,0.0841,7.136,1.8e-08,1.8e-08,3.24e-16,-1.4199999999999998e-08,-3.0589999999999995e-17,-7.790484985457369,-8.698970004336019,-0.1180124223602484,0.210881150833328,0.680165990547705,0.3100436566425727,0.3198340094522949,0.6899563433574272,0.7885267613207988,0.7688600958318696,0.0232872751776263,0.9942366373926104,0.0234222661907705,0.0057633626073895,0.9765777338092294,0.484348568418938,0.6855047070871917,-0.1875938756557017,0.1875938756557017,0.3140706468449054,0.3140706468449054,-0.28662139045180224,0.28662139045180224,-0.3041781929018608,0.3041781929018608,-0.08335538874467796,0.08335538874467796
2TDBA-SBA,gas,stda,3.2e-08,4.74e-08,3.572,3.074,0.4980000000000002,0.2263,5.813000000000001,1.54e-08,1.54e-08,2.3715999999999994e-16,7.940000000000002e-08,1.5168000000000001e-15,-7.493494967595128,-7.323306390375134,1.48125,,,,,,,,,,,,,,,,,,,,,,,,
2TDBA-SBA,gas,stddft,2.91e-08,4.2e-09,3.497,3.054,0.443,0.1905,5.813000000000001,-2.49e-08,2.49e-08,6.200099999999999e-16,3.33e-08,1.2222000000000002e-16,-7.534617148551582,-8.366531544420413,0.1443298969072165,,,,,,,,,,,,,,,,,,,,,,,,
2TDBA-SBA,toluene,stda,3.61e-08,5.05e-08,3.559,3.074,0.4850000000000003,0.2436,5.79,1.4400000000000005e-08,1.4400000000000005e-08,2.073600000000001e-16,8.66e-08,1.82305e-15,-7.441291429466834,-7.295849483160201,1.398891966759003,,,,,,,,,,,,,,,,,,,,,,,,
2TDBA-SBA,toluene,stddft,8.9e-09,-3.8e-09,3.486,3.055,0.431,0.2027,5.79,-1.27e-08,1.27e-08,1.6129000000000003e-16,5.1e-09,-3.382e-17,-8.045757490560675,-8.4089353929735,-0.4269662921348314,,,,,,,,,,,,,,,,,,,,,,,,
2Trz6CNDBT,gas,stda,-5.13e-08,3.83e-08,3.909,3.568,0.3409999999999997,0.1548,7.406000000000001,8.960000000000002e-08,8.960000000000002e-08,8.028160000000001e-15,-1.3000000000000004e-08,-1.96479e-15,-7.289036881004725,-7.415668775632469,-0.7465886939571149,,,,,,,,,,,,,,,,,,,,,,,,
2Trz6CNDBT,gas,stddft,4.9e-09,-7.1e-09,3.86,3.549,0.3109999999999999,0.1422,7.406000000000001,-1.2e-08,1.2e-08,1.44e-16,-2.2e-09,-3.479e-17,-8.301029995663981,-8.142667503568731,-1.4489795918367347,,,,,,,,,,,,,,,,,,,,,,,,
2Trz6CNDBT,toluene,stda,6.99e-08,-2.78e-08,3.892,3.545,0.347,0.157,7.433999999999999,-9.77e-08,9.77e-08,9.54529e-15,4.21e-08,-1.94322e-15,-7.154901959985743,-7.554395796726403,-0.3977110157367668,,,,,,,,,,,,,,,,,,,,,,,,
2Trz6CNDBT,toluene,stddft,6.3e-08,-1.9e-08,3.842,3.527,0.3149999999999999,0.1427,7.433999999999999,-8.199999999999999e-08,8.199999999999999e-08,6.723999999999999e-15,4.4e-08,-1.197e-15,-7.199970640755866,-7.718966632752273,-0.3015873015873016,,,,,,,,,,,,,,,,,,,,,,,,
2tCz2CzBn,gas,stda,5.2e-09,3.17e-08,3.425,3.162,0.2629999999999999,0.3948,6.781000000000001,2.65e-08,2.65e-08,7.022499999999999e-16,3.69e-08,1.6484e-16,-8.275724130399212,-7.497572880015567,6.096153846153846,,,,,,,,,,,,,,,,,,,,,,,,
2tCz2CzBn,gas,stddft,9e-10,9.1e-09,3.388,3.151,0.2370000000000001,0.3491,6.781000000000001,8.2e-09,8.2e-09,6.724000000000001e-17,1e-08,8.19e-18,-9.0,-8.036212172654444,10.111111111111112,,,,,,,,,,,,,,,,,,,,,,,,
2tCz2CzBn,toluene,stda,1.77e-08,3.8e-08,3.303,3.011,0.2919999999999998,0.4316,6.665000000000001,2.0300000000000003e-08,2.0300000000000003e-08,4.120900000000001e-16,5.57e-08,6.726e-16,-7.749579997691106,-7.419075024324381,2.146892655367232,,,,,,,,,,,,,,,,,,,,,,,,
2tCz2CzBn,toluene,stddft,-1.82e-08,1.56e-08,3.261,2.999,0.262,0.376,6.665000000000001,3.38e-08,3.38e-08,1.14244e-15,-2.6e-09,-2.8392000000000004e-16,-7.73754891026957,-7.804100347590766,-0.8571428571428571,,,,,,,,,,,,,,,,,,,,,,,,
2tPAB,gas,stda,-2.8e-08,-2.64e-08,3.149,2.709,0.4399999999999999,0.4192,6.468000000000001,1.5999999999999976e-09,1.5999999999999976e-09,2.5599999999999933e-18,-5.44e-08,7.392000000000002e-16,-7.55129368009492,-7.576754126063192,0.942857142857143,,,,,,,,,,,,,,,,,,,,,,,,
2tPAB,gas,stddft,3.68e-08,-4e-09,3.076,2.688,0.3879999999999999,0.3396,6.468000000000001,-4.08e-08,4.08e-08,1.6646400000000002e-15,3.28e-08,-1.472e-16,-7.432973633840939,-8.387216143280265,-0.108695652173913,,,,,,,,,,,,,,,,,,,,,,,,
2tPAB,toluene,stda,5.05e-08,-4.39e-08,3.125,2.682,0.443,0.417,6.434,-9.44e-08,9.44e-08,8.91136e-15,6.5999999999999995e-09,-2.2169500000000007e-15,-7.295849483160201,-7.356547323513812,-0.8693069306930693,,,,,,,,,,,,,,,,,,,,,,,,
2tPAB,toluene,stddft,-5.4e-09,2.37e-08,3.052,2.66,0.3919999999999999,0.3366,6.434,2.91e-08,2.91e-08,8.468100000000001e-16,1.83e-08,-1.2798e-16,-8.259637310505756,-7.623423042943488,-4.388888888888888,,,,,,,,,,,,,,,,,,,,,,,,
3-ACBPmCN,gas,stda,-2.16e-08,-3.6e-08,3.221,3.089,0.1320000000000001,0.0099,5.103999999999999,-1.4399999999999997e-08,1.4399999999999997e-08,2.073599999999999e-16,-5.76e-08,7.776000000000002e-16,-7.663540266151471,-7.442492798094342,1.6666666666666663,,,,,,,,,,,,,,,,,,,,,,,,
3-ACBPmCN,gas,stddft,3.2e-09,1.083e-07,3.219,3.057,0.1619999999999999,0.0104,5.103999999999999,1.051e-07,1.051e-07,1.1046009999999998e-14,1.115e-07,3.4656e-16,-8.481486060122112,-6.964970717797632,33.84375,,,,,,,,,,,,,,,,,,,,,,,,
3-ACBPmCN,toluene,stda,-4e-10,3.93e-08,3.2,3.071,0.129,0.0166,4.991,3.97e-08,3.97e-08,1.57609e-15,3.89e-08,-1.572e-17,-9.30102999566398,-7.404503778174426,-98.25,,,,,,,,,,,,,,,,,,,,,,,,
3-ACBPmCN,toluene,stddft,7e-09,1.026e-07,3.198,3.038,0.1600000000000001,0.0181,4.991,9.560000000000001e-08,9.560000000000001e-08,9.13936e-15,1.096e-07,7.182e-16,-8.148741651280925,-6.988429556402722,14.657142857142858,,,,,,,,,,,,,,,,,,,,,,,,
3-AcBPdCN,gas,stda,2.45e-08,5.28e-08,2.858,2.357,0.5009999999999999,0.6375,5.33,2.8300000000000002e-08,2.8300000000000002e-08,8.008900000000001e-16,7.730000000000001e-08,1.2936000000000002e-15,-7.609064892896621,-7.276544327964814,2.1551020408163266,,,,,,,,,,,,,,,,,,,,,,,,
3-AcBPdCN,gas,stddft,3.99e-08,-3.57e-08,2.797,2.327,0.4700000000000002,0.5488,5.33,-7.56e-08,7.56e-08,5.715360000000001e-15,4.199999999999998e-09,-1.4244300000000003e-15,-7.397940008672037,-7.446116973356125,-0.8947368421052632,,,,,,,,,,,,,,,,,,,,,,,,
3-AcBPdCN,toluene,stda,-2.09e-08,-3.64e-08,2.62,2.097,0.5230000000000001,0.6129,5.016,-1.5500000000000003e-08,1.5500000000000003e-08,2.402500000000001e-16,-5.7300000000000004e-08,7.6076e-16,-7.67778070526608,-7.437707135543525,1.7416267942583734,,,,,,,,,,,,,,,,,,,,,,,,
3-AcBPdCN,toluene,stddft,-1.22e-08,1.113e-07,2.553,2.063,0.4899999999999997,0.5223,5.016,1.235e-07,1.235e-07,1.5252249999999997e-14,9.91e-08,-1.35786e-15,-7.910094888560602,-6.95311480916229,-9.12295081967213,,,,,,,,,,,,,,,,,,,,,,,,
3-AcBPtCN,gas,stda,-4.35e-08,-2.93e-08,2.995,2.805,0.1899999999999999,0.2684,4.611000000000001,1.4199999999999998e-08,1.4199999999999998e-08,2.0163999999999996e-16,-7.28e-08,1.27455e-15,-7.360513510731414,-7.531652669587842,0.6735632183908047,,,,,,,,,,,,,,,,,,,,,,,,
3-AcBPtCN,gas,stddft,2.51e-08,-2.25e-08,2.982,2.791,0.1910000000000002,0.2555,4.611000000000001,-4.76e-08,4.76e-08,2.2657600000000004e-15,2.6e-09,-5.6475e-16,-7.598599459218456,-7.645891560852599,-0.896414342629482,,,,,,,,,,,,,,,,,,,,,,,,
3-AcBPtCN,toluene,stda,8.06e-08,7.29e-08,2.501,2.023,0.4779999999999997,0.4351,4.873999999999999,-7.699999999999996e-09,7.699999999999996e-09,5.928999999999994e-17,1.535e-07,5.87574e-15,-7.09312646527793,-7.136677139879544,0.9044665012406948,,,,,,,,,,,,,,,,,,,,,,,,
3-AcBPtCN,toluene,stddft,-5.2e-09,1.98e-08,2.442,1.989,0.453,0.3809,4.873999999999999,2.5e-08,2.5e-08,6.249999999999999e-16,1.4599999999999998e-08,-1.0296e-16,-8.275724130399212,-7.701146923590294,-3.807692307692307,,,,,,,,,,,,,,,,,,,,,,,,
3-BHH,gas,stda,-5.28e-08,5.15e-08,4.176,3.233,0.943,0.1321,7.383,1.043e-07,1.043e-07,1.087849e-14,-1.300000000000005e-09,-2.7192e-15,-7.276544327964814,-7.287350298372789,-0.9753787878787876,,,,,,,,,,,,,,,,,,,,,,,,
3-BHH,gas,stddft,-1.28e-08,1.5e-09,4.087,3.191,0.8959999999999999,0.117,7.383,1.43e-08,1.43e-08,2.0449e-16,-1.13e-08,-1.92e-17,-7.889410289700751,-8.795880017344075,-0.1171875,,,,,,,,,,,,,,,,,,,,,,,,
3-BHH,toluene,stda,5.6e-08,2.03e-08,4.15,3.172,0.9780000000000002,0.1464,7.457,-3.5699999999999995e-08,3.5699999999999995e-08,1.2744899999999997e-15,7.63e-08,1.1368e-15,-7.251037138743839,-7.690369832574102,0.3625,,,,,,,,,,,,,,,,,,,,,,,,
3-BHH,toluene,stddft,-6e-09,3e-08,4.056,3.129,0.927,0.1287,7.457,3.6e-08,3.6e-08,1.296e-15,2.4e-08,-1.8e-16,-8.214670164989233,-7.521433504406157,-5.0,,,,,,,,,,,,,,,,,,,,,,,,
3-DPM,gas,stda,-1.1e-08,1.288e-07,2.99,2.719,0.2710000000000003,0.0312,5.473000000000001,1.398e-07,1.398e-07,1.954404e-14,1.178e-07,-1.4168e-15,-7.954677021213342,-6.889747082646597,-11.709090909090907,,,,,,,,,,,,,,,,,,,,,,,,
3-DPM,gas,stddft,-2.82e-08,2.93e-08,2.96,2.707,0.2530000000000001,0.0246,5.473000000000001,5.750000000000001e-08,5.750000000000001e-08,3.3062500000000004e-15,1.1e-09,-8.2626e-16,-7.548213564475709,-7.531652669587842,-1.0390070921985817,,,,,,,,,,,,,,,,,,,,,,,,
3-DPM,toluene,stda,4.17e-08,-5.7e-08,2.755,2.514,0.2410000000000001,0.02,5.24,-9.87e-08,9.87e-08,9.741690000000002e-15,-1.5299999999999998e-08,-2.3769e-15,-7.378823718224964,-7.243363891754152,-1.3669064748201438,,,,,,,,,,,,,,,,,,,,,,,,
3-DPM,toluene,stddft,4.68e-08,2.8e-09,2.732,2.502,0.2300000000000004,0.0167,5.24,-4.4000000000000004e-08,4.4000000000000004e-08,1.9360000000000003e-15,4.96e-08,1.3104e-16,-7.328827157284917,-8.537602002101044,0.0598290598290598,,,,,,,,,,,,,,,,,,,,,,,,
3-DTPA-BBI,gas,stda,6.78e-08,4.38e-08,3.05,2.414,0.6359999999999997,1.7982,5.138999999999999,-2.4e-08,2.4e-08,5.759999999999998e-16,1.116e-07,2.96964e-15,-7.168130225719499,-7.357535479757878,0.6460176991150443,,,,,,,,,,,,,,,,,,,,,,,,
3-DTPA-BBI,gas,stddft,5.76e-08,-1.03e-08,2.99,2.372,0.6180000000000003,1.4974,5.138999999999999,-6.789999999999999e-08,6.789999999999999e-08,4.610409999999999e-15,4.73e-08,-5.932799999999999e-16,-7.238824186844268,-7.982966660701219,-0.1788194444444444,,,,,,,,,,,,,,,,,,,,,,,,
3-DTPA-BBI,toluene,stda,1.57e-07,1.7e-07,2.868,2.289,0.5789999999999997,1.7895,4.866,1.2999999999999996e-08,1.2999999999999996e-08,1.6899999999999994e-16,3.27e-07,2.6689999999999995e-14,-6.803823814960027,-6.769295686387431,1.0828025477707006,,,,,,,,,,,,,,,,,,,,,,,,
3-DTPA-BBI,toluene,stddft,-8.18e-08,-8.2e-08,2.813,2.25,0.5630000000000002,1.518,4.866,-2.000000000000018e-10,2.000000000000018e-10,4.000000000000072e-20,-1.6380000000000002e-07,6.707600000000001e-15,-7.086716098239582,-7.085656842880559,1.0024449877750612,,,,,,,,,,,,,,,,,,,,,,,,
35CzBPym,gas,stda,2.34e-08,-8.63e-08,3.536,3.276,0.2600000000000002,0.0641,6.122999999999999,-1.097e-07,1.097e-07,1.2034089999999999e-14,-6.29e-08,-2.01942e-15,-7.628932137728263,-7.063486257521107,-3.688034188034188,,,,,,,,,,,,,,,,,,,,,,,,
35CzBPym,gas,stddft,3.2e-08,-3.69e-08,3.506,3.266,0.2399999999999997,0.0558,6.122999999999999,-6.89e-08,6.89e-08,4.74721e-15,-4.8999999999999976e-09,-1.1808e-15,-7.493494967595128,-7.431798275933005,-1.153125,,,,,,,,,,,,,,,,,,,,,,,,
35CzBPym,toluene,stda,-5.05e-08,-1.3e-09,3.474,3.215,0.2590000000000003,0.0608,6.035,4.9200000000000004e-08,4.9200000000000004e-08,2.4206400000000002e-15,-5.18e-08,6.565e-17,-7.295849483160201,-8.853871964321762,0.0257425742574257,,,,,,,,,,,,,,,,,,,,,,,,
35CzBPym,toluene,stddft,1.178e-07,6.2e-08,3.444,3.205,0.2389999999999998,0.0525,6.035,-5.58e-08,5.58e-08,3.11364e-15,1.798e-07,7.3036e-15,-6.928486194904911,-7.20690839982342,0.5263157894736842,,,,,,,,,,,,,,,,,,,,,,,,
35tCzBPym,gas,stda,-8.81e-08,-9.82e-08,3.465,3.207,0.258,0.0634,5.997,-1.0100000000000004e-08,1.0100000000000004e-08,1.0201000000000008e-16,-1.8630000000000002e-07,8.651420000000001e-15,-7.054531414868181,-7.007446482167865,1.1146424517593645,,,,,,,,,,,,,,,,,,,,,,,,
35tCzBPym,gas,stddft,1.028e-07,7.23e-08,3.437,3.197,0.2399999999999997,0.0553,5.997,-3.0499999999999995e-08,3.0499999999999995e-08,9.302499999999993e-16,1.751e-07,7.43244e-15,-6.987584625237568,-7.140261433802853,0.703307392996109,,,,,,,,,,,,,,,,,,,,,,,,
35tCzBPym,toluene,stda,7.07e-08,4.69e-08,3.35,3.082,0.2680000000000002,0.0663,5.878,-2.38e-08,2.38e-08,5.664400000000001e-16,1.1760000000000001e-07,3.3158300000000005e-15,-7.149966742310231,-7.327902142064283,0.6633663366336634,,,,,,,,,,,,,,,,,,,,,,,,
35tCzBPym,toluene,stddft,-4.97e-08,-5.49e-08,3.32,3.071,0.2489999999999996,0.0574,5.878,-5.2e-09,5.2e-09,2.7040000000000004e-17,-1.046e-07,2.72853e-15,-7.302770657240282,-7.259637310505756,1.1046277665995976,,,,,,,,,,,,,,,,,,,,,,,,
36DTPAFM,gas,stda,-2.66e-08,-3.99e-08,2.775,2.426,0.3489999999999997,0.1287,4.705,-1.33e-08,1.33e-08,1.7689e-16,-6.649999999999999e-08,1.06134e-15,-7.573488738635425,-7.397940008672037,1.5,,,,,,,,,,,,,,,,,,,,,,,,
36DTPAFM,gas,stddft,6.51e-08,8.64e-08,2.755,2.385,0.3700000000000001,0.1242,4.705,2.130000000000001e-08,2.130000000000001e-08,4.536900000000005e-16,1.515e-07,5.62464e-15,-7.18575240426808,-7.062983892535186,1.327188940092166,,,,,,,,,,,,,,,,,,,,,,,,
36DTPAFM,toluene,stda,2.3e-09,-1.08e-08,2.648,2.243,0.4050000000000002,0.3422,4.458,-1.31e-08,1.31e-08,1.7161000000000004e-16,-8.5e-09,-2.484e-17,-8.619788758288394,-7.962573502059376,-4.695652173913044,,,,,,,,,,,,,,,,,,,,,,,,
36DTPAFM,toluene,stddft,9.51e-08,-8.51e-08,2.629,2.205,0.4239999999999999,0.3248,4.458,-1.802e-07,1.802e-07,3.247203999999999e-14,9.999999999999997e-09,-8.09301e-15,-7.021363051615526,-7.0695604052333,-0.8948475289169295,,,,,,,,,,,,,,,,,,,,,,,,
3BPy-mDTC,gas,stda,-4.67e-08,8.1e-09,3.559,3.299,0.2600000000000002,0.0907,6.135,5.48e-08,5.48e-08,3.00304e-15,-3.86e-08,-3.7827e-16,-7.329754146925876,-8.086186147616283,-0.1734475374732333,,,,,,,,,,,,,,,,,,,,,,,,
3BPy-mDTC,gas,stddft,-2.5e-09,9.89e-08,3.53,3.289,0.2409999999999996,0.0826,6.135,1.0140000000000001e-07,1.0140000000000001e-07,1.0281960000000002e-14,9.64e-08,-2.4725e-16,-8.585026652029182,-7.00436480540245,-39.56,,,,,,,,,,,,,,,,,,,,,,,,
3BPy-mDTC,toluene,stda,-4.19e-08,1.48e-08,3.49,3.235,0.2550000000000003,0.0838,6.047,5.67e-08,5.67e-08,3.21489e-15,-2.71e-08,-6.2012e-16,-7.376750709602099,-7.826813731587726,-0.3532219570405728,,,,,,,,,,,,,,,,,,,,,,,,
3BPy-mDTC,toluene,stddft,-2.87e-08,8.54e-08,3.462,3.225,0.2370000000000001,0.0753,6.047,1.141e-07,1.141e-07,1.3018809999999999e-14,5.67e-08,-2.45098e-15,-7.540607512240769,-7.068033885271827,-2.975609756097561,,,,,,,,,,,,,,,,,,,,,,,,
3BrBI,gas,stda,-5.85e-08,3.4e-08,3.476,2.723,0.7530000000000001,3.9069,6.293000000000001,9.25e-08,9.25e-08,8.55625e-15,-2.45e-08,-1.989e-15,-7.23210238398191,-7.467245621007502,-0.5811965811965812,,,,,,,,,,,,,,,,,,,,,,,,
3BrBI,gas,stddft,6.79e-08,2.7e-09,3.433,2.667,0.766,3.4225,6.293000000000001,-6.52e-08,6.52e-08,4.251040000000001e-15,7.060000000000001e-08,1.8333000000000004e-16,-7.167491087293763,-8.55284196865778,0.0397643593519882,,,,,,,,,,,,,,,,,,,,,,,,
3BrBI,toluene,stda,8.09e-08,-9.81e-08,3.502,2.747,0.7549999999999999,3.8849,6.3530000000000015,-1.79e-07,1.79e-07,3.2041e-14,-1.7199999999999995e-08,-7.93629e-15,-7.091514981121351,-7.00788851221305,-1.2126081582200243,,,,,,,,,,,,,,,,,,,,,,,,
3BrBI,toluene,stddft,-1.96e-08,-4.32e-08,3.459,2.692,0.7669999999999999,3.403,6.3530000000000015,-2.3600000000000003e-08,2.3600000000000003e-08,5.569600000000002e-16,-6.28e-08,8.467200000000002e-16,-7.705533773838407,-7.363512103646634,2.204081632653061,,,,,,,,,,,,,,,,,,,,,,,,
3CP-DPS-DMAC,gas,stda,2.6e-09,-3.3e-09,3.82,3.385,0.435,0.2009,6.793,-5.9e-09,5.9e-09,3.481e-17,-7.000000000000001e-10,-8.58e-18,-8.568636235841012,-8.468521082957745,-1.2692307692307692,,,,,,,,,,,,,,,,,,,,,,,,
3CP-DPS-DMAC,gas,stddft,4.31e-08,-1.73e-08,3.747,3.361,0.3859999999999997,0.1636,6.793,-6.04e-08,6.04e-08,3.64816e-15,2.5800000000000006e-08,-7.4563e-16,-7.364516253185088,-7.7594507517174,-0.4013921113689094,,,,,,,,,,,,,,,,,,,,,,,,
3CP-DPS-DMAC,toluene,stda,8.7e-08,4.15e-08,3.804,3.359,0.4449999999999998,0.158,6.725999999999999,-4.55e-08,4.55e-08,2.07025e-15,1.285e-07,3.6105e-15,-7.059981844992337,-7.380906669373258,0.4770114942528736,,,,,,,,,,,,,,,,,,,,,,,,
3CP-DPS-DMAC,toluene,stddft,6.53e-08,1.17e-08,3.729,3.335,0.3940000000000001,0.1274,6.725999999999999,-5.36e-08,5.36e-08,2.87296e-15,7.7e-08,7.6401e-16,-7.184422251675733,-7.928117992693875,0.1791730474732006,,,,,,,,,,,,,,,,,,,,,,,,
3CP-DPS-PXZ,gas,stda,-4.66e-08,2.3e-09,3.098,2.733,0.3649999999999997,0.0149,6.359999999999999,4.89e-08,4.89e-08,2.39121e-15,-4.43e-08,-1.0718e-16,-7.330683119433888,-8.619788758288394,-0.0493562231759656,,,,,,,,,,,,,,,,,,,,,,,,
3CP-DPS-PXZ,gas,stddft,-7.41e-08,-5.28e-08,3.061,2.702,0.359,0.0128,6.359999999999999,2.1299999999999992e-08,2.1299999999999992e-08,4.536899999999997e-16,-1.269e-07,3.91248e-15,-7.129596094720973,-7.276544327964814,0.7125506072874495,,,,,,,,,,,,,,,,,,,,,,,,
3CP-DPS-PXZ,toluene,stda,-7.91e-08,6.21e-08,3.129,2.761,0.3679999999999999,0.0132,6.368,1.412e-07,1.412e-07,1.993744e-14,-1.7000000000000007e-08,-4.912109999999999e-15,-7.101274818410507,-7.206209615309182,-0.7850821744627053,,,,,,,,,,,,,,,,,,,,,,,,
3CP-DPS-PXZ,toluene,stddft,-1.77e-08,9.5e-09,3.091,2.73,0.3610000000000002,0.0111,6.368,2.72e-08,2.72e-08,7.398399999999999e-16,-8.199999999999999e-09,-1.6815e-16,-7.749579997691106,-8.017728766960431,-0.536723163841808,,,,,,,,,,,,,,,,,,,,,,,,
3CzAnBzt,gas,stda,-4.01e-08,-7.18e-08,3.25,2.243,1.007,0.7323,6.147,-3.169999999999999e-08,3.169999999999999e-08,1.0048899999999997e-15,-1.119e-07,2.87918e-15,-7.39577394691553,-7.1432711096171175,1.790523690773067,,,,,,,,,,,,,,,,,,,,,,,,
3CzAnBzt,gas,stddft,-6.68e-08,5.2e-08,3.101,2.173,0.928,0.5288,6.147,1.188e-07,1.188e-07,1.4113440000000002e-14,-1.48e-08,-3.4736000000000007e-15,-7.174573882232177,-7.283162276700476,-0.7784431137724551,,,,,,,,,,,,,,,,,,,,,,,,
3CzAnBzt,toluene,stda,6.27e-08,-1.149e-07,3.258,2.253,1.005,0.7095,6.134,-1.776e-07,1.776e-07,3.154176e-14,-5.22e-08,-7.20423e-15,-7.202040356262804,-6.939302159646388,-1.832535885167464,,,,,,,,,,,,,,,,,,,,,,,,
3CzAnBzt,toluene,stddft,7.02e-08,-1.028e-07,3.108,2.183,0.9250000000000004,0.5126,6.134,-1.73e-07,1.73e-07,2.9929e-14,-3.2599999999999994e-08,-7.21656e-15,-7.153044674980176,-6.987584625237568,-1.464387464387464,,,,,,,,,,,,,,,,,,,,,,,,
3CzAnN,gas,stda,-2.25e-08,-2.2e-09,3.252,2.248,1.0039999999999996,0.7743,6.220000000000001,2.03e-08,2.03e-08,4.1209e-16,-2.47e-08,4.95e-17,-7.645891560852599,-8.638272163982407,0.0977777777777777,,,,,,,,,,,,,,,,,,,,,,,,
3CzAnN,gas,stddft,6e-09,1.285e-07,3.107,2.178,0.9290000000000004,0.5617,6.220000000000001,1.225e-07,1.225e-07,1.5006249999999997e-14,1.345e-07,7.709999999999999e-16,-8.214670164989233,-6.890759031411797,21.416666666666664,,,,,,,,,,,,,,,,,,,,,,,,
3CzAnN,toluene,stda,2.71e-08,-2.29e-08,3.259,2.25,1.009,0.7568,6.19,-5e-08,5e-08,2.5e-15,4.200000000000001e-09,-6.2059e-16,-7.565431095965801,-7.638272163982407,-0.8450184501845018,,,,,,,,,,,,,,,,,,,,,,,,
3CzAnN,toluene,stddft,3.14e-08,2.73e-08,3.112,2.18,0.932,0.547,6.19,-4.1000000000000045e-09,4.1000000000000045e-09,1.681000000000003e-17,5.87e-08,8.572200000000002e-16,-7.501689446210399,-7.562249437179612,0.8694267515923566,,,,,,,,,,,,,,,,,,,,,,,,
3CzBN,gas,stda,4.3e-09,1.378e-07,3.844,3.396,0.4479999999999999,0.3168,7.042000000000001,1.335e-07,1.335e-07,1.782225e-14,1.421e-07,5.9254e-16,-8.356547323513812,-6.860435733824151,32.04651162790698,,,,,,,,,,,,,,,,,,,,,,,,
3CzBN,gas,stddft,-5.1e-09,-5.9e-08,3.819,3.371,0.4479999999999999,0.2858,7.042000000000001,-5.39e-08,5.39e-08,2.90521e-15,-6.41e-08,3.009e-16,-8.2839966563652,-7.228412519118745,11.568627450980392,,,,,,,,,,,,,,,,,,,,,,,,
3CzBN,toluene,stda,4.32e-08,1.27e-08,3.75,3.344,0.4060000000000001,0.3467,7.031000000000001,-3.05e-08,3.05e-08,9.3025e-16,5.59e-08,5.4864e-16,-7.363512103646634,-7.892790030352132,0.2939814814814814,,,,,,,,,,,,,,,,,,,,,,,,
3CzBN,toluene,stddft,9.11e-08,-5.86e-08,3.724,3.319,0.4050000000000002,0.3206,7.031000000000001,-1.497e-07,1.497e-07,2.241009e-14,3.25e-08,-5.33846e-15,-7.040005161671584,-7.231361898752385,-0.6432491767288694,,,,,,,,,,,,,,,,,,,,,,,,
3CzFTFP,gas,stda,-1.162e-07,-9.7e-09,3.863,3.411,0.4519999999999999,0.1636,7.114000000000001,1.065e-07,1.065e-07,1.134225e-14,-1.2589999999999998e-07,1.1271399999999998e-15,-6.934420285271552,-8.008773924307505,0.0834767641996557,,,,,,,,,,,,,,,,,,,,,,,,
3CzFTFP,gas,stddft,5.26e-08,-2.25e-08,3.791,3.388,0.403,0.1359,7.114000000000001,-7.51e-08,7.51e-08,5.640010000000001e-15,3.01e-08,-1.1835e-15,-7.278189384787454,-7.645891560852599,-0.4277566539923954,,,,,,,,,,,,,,,,,,,,,,,,
3CzFTFP,toluene,stda,2.38e-08,-3.43e-08,3.824,3.366,0.4579999999999997,0.1553,6.920000000000001,-5.8100000000000004e-08,5.8100000000000004e-08,3.3756100000000004e-15,-1.05e-08,-8.163400000000002e-16,-7.621602099051862,-7.46344155742847,-1.4411764705882353,,,,,,,,,,,,,,,,,,,,,,,,
3CzFTFP,toluene,stddft,-2.05e-08,4.76e-08,3.749,3.343,0.4060000000000001,0.1285,6.920000000000001,6.810000000000002e-08,6.810000000000002e-08,4.637610000000001e-15,2.71e-08,-9.758000000000002e-16,-7.686132779630847,-7.321481620959886,-2.321951219512195,,,,,,,,,,,,,,,,,,,,,,,,
3CzPhpPM,gas,stda,-7.05e-08,-4.02e-08,3.825,3.422,0.403,0.4495,6.731999999999999,3.03e-08,3.03e-08,9.1809e-16,-1.107e-07,2.8341000000000004e-15,-7.151195298948196,-7.394694953858891,0.5702127659574469,,,,,,,,,,,,,,,,,,,,,,,,
3CzPhpPM,gas,stddft,3.52e-08,1.175e-07,3.764,3.4,0.3639999999999999,0.356,6.731999999999999,8.23e-08,8.23e-08,6.77329e-15,1.5269999999999998e-07,4.1359999999999986e-15,-7.452225294612178,-6.929592678259881,3.338068181818182,,,,,,,,,,,,,,,,,,,,,,,,
3CzPhpPM,toluene,stda,2.71e-08,-2.92e-08,3.82,3.411,0.4089999999999998,0.4297,6.728000000000001,-5.63e-08,5.63e-08,3.16969e-15,-2.099999999999999e-09,-7.9132e-16,-7.565431095965801,-7.533132379645891,-1.0774907749077491,,,,,,,,,,,,,,,,,,,,,,,,
3CzPhpPM,toluene,stddft,-6.99e-08,-3.29e-08,3.757,3.389,0.3680000000000003,0.3389,6.728000000000001,3.7e-08,3.7e-08,1.369e-15,-1.028e-07,2.29971e-15,-7.154901959985743,-7.481486060122113,0.4706723891273247,,,,,,,,,,,,,,,,,,,,,,,,
3DCPO,gas,stda,5.37e-08,-7.62e-08,3.866,3.406,0.4599999999999999,0.047,7.574000000000001,-1.299e-07,1.299e-07,1.687401e-14,-2.25e-08,-4.091939999999999e-15,-7.269217724333611,-7.117475462045119,-1.4189944134078212,,,,,,,,,,,,,,,,,,,,,,,,
3DCPO,gas,stddft,-1.85e-08,3.8e-09,3.792,3.384,0.4079999999999999,0.0385,7.574000000000001,2.23e-08,2.23e-08,4.9729e-16,-1.47e-08,-7.03e-17,-7.730487055782084,-8.4089353929735,-0.2054054054054054,,,,,,,,,,,,,,,,,,,,,,,,
3DCPO,toluene,stda,2.5e-08,8.3e-09,3.897,3.397,0.5,0.1917,7.563000000000001,-1.6699999999999997e-08,1.6699999999999997e-08,2.7888999999999993e-16,3.33e-08,2.075e-16,-7.600326278518962,-8.075720713938118,0.332,,,,,,,,,,,,,,,,,,,,,,,,
3DCPO,toluene,stddft,-4.94e-08,-5.15e-08,3.827,3.374,0.4529999999999998,0.1598,7.563000000000001,-2.099999999999999e-09,2.099999999999999e-09,4.4099999999999966e-18,-1.009e-07,2.5441e-15,-7.305394801066432,-7.287350298372789,1.04251012145749,,,,,,,,,,,,,,,,,,,,,,,,
3DMAC-BP-Br,gas,stda,2.4e-08,-3.5e-09,2.822,2.768,0.0540000000000002,0.0817,5.109,-2.75e-08,2.75e-08,7.562500000000001e-16,2.05e-08,-8.4e-17,-7.617982957425132,-8.443697499232712,-0.1458333333333333,,,,,,,,,,,,,,,,,,,,,,,,
3DMAC-BP-Br,gas,stddft,6.3e-09,3.9e-09,2.818,2.762,0.056,0.0797,5.109,-2.4e-09,2.4e-09,5.76e-18,1.02e-08,2.457e-17,-8.193820026016112,-8.397940008672037,0.6190476190476191,,,,,,,,,,,,,,,,,,,,,,,,
3DMAC-BP-Br,toluene,stda,9.5e-09,-8.24e-08,2.894,2.419,0.4750000000000001,0.3445,5.2010000000000005,-9.19e-08,9.19e-08,8.44561e-15,-7.29e-08,-7.828e-16,-8.017728766960431,-7.0835460514500745,-8.673684210526314,,,,,,,,,,,,,,,,,,,,,,,,
3DMAC-BP-Br,toluene,stddft,2.12e-08,-5.1e-09,2.846,2.39,0.4559999999999999,0.4186,5.2010000000000005,-2.63e-08,2.63e-08,6.9169e-16,1.6100000000000002e-08,-1.0812e-16,-7.671620396561262,-8.2839966563652,-0.240566037735849,,,,,,,,,,,,,,,,,,,,,,,,
3DMAC-BP-CN,gas,stda,-1.46e-08,-3.04e-08,2.905,2.46,0.4449999999999998,0.0185,5.209,-1.5800000000000006e-08,1.5800000000000006e-08,2.496400000000001e-16,-4.5e-08,4.4384e-16,-7.832682665251823,-7.515700160653214,2.0821917808219177,,,,,,,,,,,,,,,,,,,,,,,,
3DMAC-BP-CN,gas,stddft,3.2e-09,1.516e-07,2.897,2.431,0.4659999999999997,0.0035,5.209,1.484e-07,1.484e-07,2.202256e-14,1.548e-07,4.851200000000001e-16,-8.481486060122112,-6.81901441921327,47.375,,,,,,,,,,,,,,,,,,,,,,,,
3DMAC-BP-CN,toluene,stda,3.16e-08,-7.33e-08,2.803,2.31,0.4929999999999999,0.0982,4.968,-1.049e-07,1.049e-07,1.1004009999999998e-14,-4.17e-08,-2.31628e-15,-7.498940737782249,-7.13430394008393,-2.3196202531645573,,,,,,,,,,,,,,,,,,,,,,,,
3DMAC-BP-CN,toluene,stddft,-3.2e-08,-1.28e-08,2.752,2.28,0.472,0.5258,4.968,1.92e-08,1.92e-08,3.6864e-16,-4.48e-08,4.096e-16,-7.493494967595128,-7.889410289700751,0.3999999999999999,,,,,,,,,,,,,,,,,,,,,,,,
3DMACIPN,gas,stda,-4.08e-08,6.9e-09,2.868,2.707,0.161,0.1368,5.98,4.7700000000000004e-08,4.7700000000000004e-08,2.2752900000000003e-15,-3.39e-08,-2.8152e-16,-7.388276691992658,-8.154901959985743,-0.1691176470588235,,,,,,,,,,,,,,,,,,,,,,,,
3DMACIPN,gas,stddft,-2.4e-09,-1.13e-08,2.858,2.697,0.161,0.1266,5.98,-8.9e-09,8.9e-09,7.921000000000001e-17,-1.37e-08,2.712e-17,-8.602059991327963,-7.943095148663527,4.708333333333333,,,,,,,,,,,,,,,,,,,,,,,,
3DMACIPN,toluene,stda,3.88e-08,-1.9e-09,2.771,2.568,0.2029999999999998,0.1096,5.866999999999999,-4.07e-08,4.07e-08,1.6564899999999994e-15,3.69e-08,-7.371999999999998e-17,-7.410050398674293,-8.698970004336019,-0.0489690721649484,,,,,,,,,,,,,,,,,,,,,,,,
3DMACIPN,toluene,stddft,1.9e-09,-3.86e-08,2.754,2.559,0.1949999999999998,0.0982,5.866999999999999,-4.05e-08,4.05e-08,1.64025e-15,-3.67e-08,-7.334e-17,-8.698970004336019,-7.412289034981089,-20.31578947368421,,,,,,,,,,,,,,,,,,,,,,,,
3DPA3CN,gas,stda,8.7e-09,-5.11e-08,3.314,2.982,0.3319999999999998,1.4124,5.908,-5.98e-08,5.98e-08,3.5760400000000004e-15,-4.24e-08,-4.4457e-16,-8.05551732784983,-7.29073003902417,-5.873563218390805,,,,,,,,,,,,,,,,,,,,,,,,
3DPA3CN,gas,stddft,-2.03e-08,-9.95e-08,3.295,2.961,0.3340000000000001,1.2987,5.908,-7.92e-08,7.92e-08,6.2726399999999985e-15,-1.198e-07,2.01985e-15,-7.690369832574102,-7.001740661576301,4.901477832512315,,,,,,,,,,,,,,,,,,,,,,,,
3DPA3CN,toluene,stda,8.4e-09,-1.04e-07,3.203,2.867,0.3359999999999998,1.4,5.807,-1.124e-07,1.124e-07,1.263376e-14,-9.560000000000001e-08,-8.736000000000001e-16,-8.070581074285707,-6.982549270489464,-12.38095238095238,,,,,,,,,,,,,,,,,,,,,,,,
3DPA3CN,toluene,stddft,-1.73e-08,-2.01e-08,3.183,2.846,0.3369999999999997,1.283,5.807,-2.800000000000002e-09,2.800000000000002e-09,7.840000000000009e-18,-3.74e-08,3.4773000000000003e-16,-7.7594507517174,-7.694648630553377,1.161849710982659,,,,,,,,,,,,,,,,,,,,,,,,
3DPTIA,gas,stda,7.25e-08,-3.85e-08,3.697,3.255,0.4420000000000001,0.1633,6.470000000000001,-1.11e-07,1.11e-07,1.2321e-14,3.3999999999999993e-08,-2.79125e-15,-7.139063379299906,-7.413412695328245,-0.5310344827586208,,,,,,,,,,,,,,,,,,,,,,,,
3DPTIA,gas,stddft,-2.76e-08,-2.62e-08,3.624,3.234,0.3900000000000001,0.1337,6.470000000000001,1.399999999999999e-09,1.399999999999999e-09,1.959999999999998e-18,-5.38e-08,7.2312e-16,-7.557520230935552,-7.580044251510242,0.9492753623188406,,,,,,,,,,,,,,,,,,,,,,,,
3DPTIA,toluene,stda,-2.54e-08,1.25e-08,3.682,3.244,0.4379999999999997,0.1407,6.409,3.79e-08,3.79e-08,1.4364100000000002e-15,-1.29e-08,-3.175e-16,-7.5934598195660445,-7.899629454882437,-0.4921259842519685,,,,,,,,,,,,,,,,,,,,,,,,
3DPTIA,toluene,stddft,7.74e-08,-1.53e-08,3.609,3.222,0.387,0.1152,6.409,-9.27e-08,9.27e-08,8.59329e-15,6.210000000000002e-08,-1.1842200000000001e-15,-7.110698297493689,-7.812479279163536,-0.1976744186046511,,,,,,,,,,,,,,,,,,,,,,,,
3PCzPFP,gas,stda,7.73e-08,2.44e-08,3.827,3.381,0.4460000000000002,0.1674,6.944,-5.29e-08,5.29e-08,2.79841e-15,1.017e-07,1.88612e-15,-7.111259039317107,-7.610833915635467,0.315653298835705,,,,,,,,,,,,,,,,,,,,,,,,
3PCzPFP,gas,stddft,-1.402e-07,2.95e-08,3.754,3.358,0.3959999999999999,0.1385,6.944,1.697e-07,1.697e-07,2.879809e-14,-1.107e-07,-4.1359e-15,-6.85294232897164,-7.528708288941061,-0.2104136947218259,,,,,,,,,,,,,,,,,,,,,,,,
3PCzPFP,toluene,stda,1.037e-07,3.07e-08,3.815,3.368,0.447,0.1491,6.746,-7.3e-08,7.3e-08,5.3290000000000004e-15,1.344e-07,3.18359e-15,-6.983802646487561,-7.511449283499556,0.2960462873674059,,,,,,,,,,,,,,,,,,,,,,,,
3PCzPFP,toluene,stddft,-6.17e-08,2.55e-08,3.741,3.345,0.3959999999999999,0.1237,6.746,8.72e-08,8.72e-08,7.60384e-15,-3.6200000000000007e-08,-1.57335e-15,-7.209011524911184,-7.591760034688151,-0.4132901134521879,,,,,,,,,,,,,,,,,,,,,,,,
3Py-DMAC,gas,stda,4.21e-08,-9e-10,3.566,3.43,0.1359999999999996,0.2549,5.186,-4.3e-08,4.3e-08,1.8490000000000007e-15,4.12e-08,-3.789e-17,-7.374687549038327,-9.0,-0.0213776722090261,,,,,,,,,,,,,,,,,,,,,,,,
3Py-DMAC,gas,stddft,-1.8e-09,3.99e-08,3.558,3.398,0.1599999999999997,0.2397,5.186,4.17e-08,4.17e-08,1.7388900000000001e-15,3.81e-08,-7.182e-17,-8.721246399047171,-7.397940008672037,-22.166666666666668,,,,,,,,,,,,,,,,,,,,,,,,
3Py-DMAC,toluene,stda,-9.9e-09,1.1e-09,3.165,2.662,0.5030000000000001,1.1284,5.385999999999999,1.1e-08,1.1e-08,1.21e-16,-8.8e-09,-1.0889999999999998e-17,-8.0,-8.920818753952375,-0.1111111111111111,,,,,,,,,,,,,,,,,,,,,,,,
3Py-DMAC,toluene,stddft,-4.95e-08,1.83e-08,3.117,2.636,0.4809999999999998,0.9842,5.385999999999999,6.78e-08,6.78e-08,4.59684e-15,-3.12e-08,-9.0585e-16,-7.304518323509803,-7.735182176990463,-0.3696969696969697,,,,,,,,,,,,,,,,,,,,,,,,
3TCPM,gas,stda,-1.04e-08,3.28e-08,3.732,3.34,0.3920000000000003,1.5291,5.853000000000001,4.32e-08,4.32e-08,1.86624e-15,2.24e-08,-3.4112000000000006e-16,-7.978810700930062,-7.482804102050026,-3.1538461538461537,,,,,,,,,,,,,,,,,,,,,,,,
3TCPM,gas,stddft,-6.8e-09,2.26e-08,3.703,3.315,0.3879999999999999,1.3257,5.853000000000001,2.94e-08,2.94e-08,8.643599999999999e-16,1.5800000000000006e-08,-1.5368e-16,-8.161150909262744,-7.643974142806877,-3.323529411764706,,,,,,,,,,,,,,,,,,,,,,,,
3TCPM,toluene,stda,-3.62e-08,-9.7e-09,3.643,3.345,0.2979999999999996,0.006,5.755,2.65e-08,2.65e-08,7.022499999999999e-16,-4.59e-08,3.5113999999999997e-16,-7.440093374963888,-8.008773924307505,0.2679558011049723,,,,,,,,,,,,,,,,,,,,,,,,
3TCPM,toluene,stddft,1.53e-08,5.37e-08,3.641,3.323,0.318,0.0186,5.755,3.84e-08,3.84e-08,1.47456e-15,6.9e-08,8.216100000000002e-16,-7.812479279163536,-7.269217724333611,3.509803921568627,,,,,,,,,,,,,,,,,,,,,,,,
3TPAFM,gas,stda,1.25e-08,7.74e-08,2.624,2.378,0.246,0.0879,4.702999999999999,6.49e-08,6.49e-08,4.21201e-15,8.99e-08,9.675e-16,-7.899629454882437,-7.110698297493689,6.192000000000001,,,,,,,,,,,,,,,,,,,,,,,,
3TPAFM,gas,stddft,2.07e-07,1.33e-07,2.599,2.349,0.25,0.084,4.702999999999999,-7.399999999999997e-08,7.399999999999997e-08,5.475999999999996e-15,3.400000000000001e-07,2.7531e-14,-6.683819901106547,-6.875821944525325,0.6425120772946861,,,,,,,,,,,,,,,,,,,,,,,,
3TPAFM,toluene,stda,-6.66e-08,-7.84e-08,2.475,2.173,0.302,0.2308,4.453000000000001,-1.18e-08,1.18e-08,1.3924e-16,-1.45e-07,5.22144e-15,-7.175874166083451,-7.105130343254747,1.177177177177177,,,,,,,,,,,,,,,,,,,,,,,,
3TPAFM,toluene,stddft,-7.97e-08,2.19e-08,2.447,2.144,0.3029999999999999,0.2204,4.453000000000001,1.0160000000000001e-07,1.0160000000000001e-07,1.0322560000000002e-14,-5.78e-08,-1.7454300000000002e-15,-7.09799710864927,-7.657577319177793,-0.274780426599749,,,,,,,,,,,,,,,,,,,,,,,,
3ai,gas,stda,7.47e-08,5.02e-08,3.637,2.539,1.098,0.7973,6.947000000000001,-2.45e-08,2.45e-08,6.0025e-16,1.2490000000000001e-07,3.74994e-15,-7.126098402135539,-7.298432014944073,0.6720214190093708,,,,,,,,,,,,,,,,,,,,,,,,
3ai,gas,stddft,-1.56e-08,-8.96e-08,3.458,2.482,0.976,0.547,6.947000000000001,-7.4e-08,7.4e-08,5.476e-15,-1.052e-07,1.39776e-15,-7.804100347590766,-7.047207556955908,5.743589743589743,,,,,,,,,,,,,,,,,,,,,,,,
3ai,toluene,stda,3.48e-08,-2.68e-08,3.593,2.518,1.0750000000000002,0.7992,6.966,-6.16e-08,6.16e-08,3.794559999999999e-15,8.000000000000002e-09,-9.3264e-16,-7.45717457304082,-7.570247719997592,-0.7701149425287356,,,,,,,,,,,,,,,,,,,,,,,,
3ai,toluene,stddft,4.1e-08,9.08e-08,3.408,2.46,0.948,0.546,6.966,4.98e-08,4.98e-08,2.4800400000000004e-15,1.318e-07,3.722800000000001e-15,-7.386158178123931,-7.041436116778033,2.214634146341463,,,,,,,,,,,,,,,,,,,,,,,,
3ca,gas,stda,-2.4e-09,-7.33e-08,3.513,2.679,0.8340000000000001,1.4542,6.619,-7.09e-08,7.09e-08,5.026810000000001e-15,-7.57e-08,1.7592e-16,-8.602059991327963,-7.13430394008393,30.541666666666668,,,,,,,,,,,,,,,,,,,,,,,,
3ca,gas,stddft,-4.48e-08,1.282e-07,3.425,2.63,0.7949999999999999,1.1614,6.619,1.73e-07,1.73e-07,2.9929e-14,8.339999999999999e-08,-5.74336e-15,-7.347753658996677,-6.891773343625071,-2.861607142857143,,,,,,,,,,,,,,,,,,,,,,,,
3ca,toluene,stda,-4.95e-08,1.01e-08,3.501,2.676,0.8249999999999997,1.3956,6.597,5.96e-08,5.96e-08,3.55216e-15,-3.94e-08,-4.9995e-16,-7.304518323509803,-7.991399828238083,-0.204040404040404,,,,,,,,,,,,,,,,,,,,,,,,
3ca,toluene,stddft,-8.38e-08,9.8e-09,3.414,2.627,0.7870000000000004,1.1163,6.597,9.36e-08,9.36e-08,8.760959999999998e-15,-7.4e-08,-8.2124e-16,-7.0762380391713,-8.00436480540245,-0.116945107398568,,,,,,,,,,,,,,,,,,,,,,,,
4-Ac,gas,stda,1.38e-08,2.75e-08,4.002,3.343,0.6589999999999998,0.6236,7.632,1.3700000000000002e-08,1.3700000000000002e-08,1.8769000000000002e-16,4.13e-08,3.795e-16,-7.856985199745905,-7.559090917934782,1.992753623188406,,,,,,,,,,,,,,,,,,,,,,,,
4-Ac,gas,stddft,3.68e-08,-4e-08,3.951,3.313,0.6379999999999999,0.5396,7.632,-7.68e-08,7.68e-08,5.89824e-15,-3.200000000000002e-09,-1.472e-15,-7.432973633840939,-7.396855627379818,-1.0869565217391306,,,,,,,,,,,,,,,,,,,,,,,,
4-Ac,toluene,stda,-9.24e-08,2.95e-08,3.945,3.252,0.6930000000000001,0.0205,7.550000000000001,1.219e-07,1.219e-07,1.485961e-14,-6.29e-08,-2.7258e-15,-7.033858267260968,-7.528708288941061,-0.3192640692640693,,,,,,,,,,,,,,,,,,,,,,,,
4-Ac,toluene,stddft,-7.1e-09,8.19e-08,3.884,3.22,0.6639999999999997,0.017,7.550000000000001,8.9e-08,8.9e-08,7.921e-15,7.48e-08,-5.8149e-16,-8.142667503568731,-7.086186147616283,-11.535211267605634,,,,,,,,,,,,,,,,,,,,,,,,
4-DBFBI,gas,stda,2.53e-08,4.23e-08,4.175,3.682,0.4929999999999999,0.4349,7.431,1.7e-08,1.7e-08,2.89e-16,6.76e-08,1.07019e-15,-7.595166283380061,-7.372634143407267,1.6719367588932803,,,,,,,,,,,,,,,,,,,,,,,,
4-DBFBI,gas,stddft,-3.02e-08,-2.75e-08,4.132,3.655,0.4769999999999998,0.3888,7.431,2.6999999999999973e-09,2.6999999999999973e-09,7.289999999999988e-18,-5.77e-08,8.305e-16,-7.518557371497695,-7.559090917934782,0.9105960264900664,,,,,,,,,,,,,,,,,,,,,,,,
4-DBFBI,toluene,stda,3.65e-08,6.5e-09,4.196,3.713,0.4829999999999996,0.424,7.285000000000001,-3.0000000000000004e-08,3.0000000000000004e-08,9.000000000000002e-16,4.3e-08,2.3725e-16,-7.436518914605589,-8.18045606445813,0.1780821917808219,,,,,,,,,,,,,,,,,,,,,,,,
4-DBFBI,toluene,stddft,2.27e-08,8.2e-09,4.155,3.686,0.4690000000000003,0.3751,7.285000000000001,-1.45e-08,1.45e-08,2.1025e-16,3.0900000000000005e-08,1.8614000000000003e-16,-7.642065152999546,-8.080921907623926,0.3612334801762115,,,,,,,,,,,,,,,,,,,,,,,,
4-DPM,gas,stda,1.1e-09,3.2e-08,3.034,2.395,0.6389999999999998,1.1998,5.718999999999999,3.0900000000000005e-08,3.0900000000000005e-08,9.548100000000004e-16,3.31e-08,3.52e-17,-8.920818753952375,-7.493494967595128,29.090909090909093,,,,,,,,,,,,,,,,,,,,,,,,
4-DPM,gas,stddft,-2.01e-08,6.6e-09,3.008,2.361,0.6469999999999998,1.0874,5.718999999999999,2.67e-08,2.67e-08,7.1289e-16,-1.3500000000000002e-08,-1.3266000000000002e-16,-7.694648630553377,-8.173925197299173,-0.3283582089552239,,,,,,,,,,,,,,,,,,,,,,,,
4-DPM,toluene,stda,-1.21e-08,1.101e-07,2.85,2.226,0.6240000000000001,1.2987,5.516,1.222e-07,1.222e-07,1.493284e-14,9.8e-08,-1.33221e-15,-7.913640169325252,-6.957818405484233,-9.099173553719009,,,,,,,,,,,,,,,,,,,,,,,,
4-DPM,toluene,stddft,4.31e-08,-1.05e-08,2.817,2.189,0.6280000000000001,1.1603,5.516,-5.3600000000000004e-08,5.3600000000000004e-08,2.8729600000000004e-15,3.26e-08,-4.5255e-16,-7.364516253185088,-7.97469413473523,-0.2436194895591647,,,,,,,,,,,,,,,,,,,,,,,,
4-SCZ,gas,stda,-5.6e-08,7.03e-08,3.67,3.118,0.552,0.1846,7.179,1.263e-07,1.263e-07,1.5951690000000003e-14,1.4300000000000002e-08,-3.9368e-15,-7.251037138743839,-7.152427340857888,-1.2553571428571428,,,,,,,,,,,,,,,,,,,,,,,,
4-SCZ,gas,stddft,-4.22e-08,-3.25e-08,3.59,3.088,0.5019999999999998,0.1533,7.179,9.700000000000001e-09,9.700000000000001e-09,9.409000000000002e-17,-7.47e-08,1.3715000000000001e-15,-7.373659632624958,-7.486782399932061,0.7701421800947867,,,,,,,,,,,,,,,,,,,,,,,,
4-SCZ,toluene,stda,-1e-10,3.6e-08,3.675,3.12,0.5549999999999997,0.1857,7.182,3.61e-08,3.61e-08,1.30321e-15,3.59e-08,-3.6e-18,-9.69897000433602,-7.442492798094342,-359.99999999999994,,,,,,,,,,,,,,,,,,,,,,,,
4-SCZ,toluene,stddft,-5.7e-09,-1.57e-08,3.594,3.09,0.504,0.1539,7.182,-1.0000000000000002e-08,1.0000000000000002e-08,1.0000000000000003e-16,-2.14e-08,8.949e-17,-8.236572006437063,-7.801342913045577,2.7543859649122813,,,,,,,,,,,,,,,,,,,,,,,,
4BPy-mDTC,gas,stda,3.49e-08,1.85e-08,3.542,3.274,0.2679999999999998,0.1147,6.132999999999999,-1.64e-08,1.64e-08,2.6896000000000004e-16,5.34e-08,6.4565e-16,-7.455931955649724,-7.730487055782084,0.5300859598853868,,,,,,,,,,,,,,,,,,,,,,,,
4BPy-mDTC,gas,stddft,1.05e-08,1.022e-07,3.512,3.264,0.2480000000000002,0.1038,6.132999999999999,9.170000000000001e-08,9.170000000000001e-08,8.408890000000002e-15,1.127e-07,1.0731e-15,-7.97469413473523,-6.99012436628784,9.733333333333334,,,,,,,,,,,,,,,,,,,,,,,,
4BPy-mDTC,toluene,stda,7.66e-08,-8.61e-08,3.44,3.187,0.2530000000000001,0.0803,6.024,-1.627e-07,1.627e-07,2.647129e-14,-9.5e-09,-6.59526e-15,-7.115204636051019,-7.064492734175287,-1.1240208877284594,,,,,,,,,,,,,,,,,,,,,,,,
4BPy-mDTC,toluene,stddft,7.3e-09,2.98e-08,3.412,3.177,0.2349999999999998,0.0717,6.024,2.25e-08,2.25e-08,5.0625e-16,3.71e-08,2.1753999999999998e-16,-8.130768280269024,-7.52432881167557,4.082191780821917,,,,,,,,,,,,,,,,,,,,,,,,
4CzIPN,gas,stda,4.59e-08,1.37e-08,3.298,3.086,0.2120000000000002,0.151,6.504,-3.22e-08,3.22e-08,1.03684e-15,5.9600000000000004e-08,6.2883e-16,-7.337242168318426,-7.860120913598763,0.2984749455337691,0.0413500338776043,0.75994173134907,0.0544121110498808,0.2379321994173719,0.9419166605569714,0.1824825512527328,0.5785298197467759,0.2421524874266021,0.8275797349164206,0.2926032105547603,0.1692793406037961,0.7041875184796645,1.507605391475738,0.4934347200019441,0.20080245354899778,0.20080245354899778,0.06763800356735061,0.06763800356735061,0.2381910995048795,0.2381910995048795,1.325122840223005,1.325122840223005,-0.08509509974483176,0.08509509974483176
4CzIPN,gas,stddft,-1.39e-08,3.54e-08,3.269,3.077,0.1920000000000001,0.1358,6.504,4.93e-08,4.93e-08,2.43049e-15,2.15e-08,-4.9206000000000015e-16,-7.853871964321762,-7.449771646944906,-2.5467625899280573,0.04671203418527,0.7735641766931158,0.0603854671566588,0.2243723470360497,0.936000670051886,0.4216830871365131,0.5797253466936112,0.2418934875698219,0.8284638267506431,0.2919783335846584,0.1683673473725053,0.7048470542354841,1.5095769347428605,0.5013744870601854,0.1951814533845519,0.1951814533845519,0.05489965005752728,0.05489965005752728,0.23159286642799962,0.23159286642799962,1.0878938476063473,1.0878938476063473,-0.0783508596334258,0.0783508596334258
4CzIPN,toluene,stda,1.8e-08,1.7e-08,3.21,2.984,0.2259999999999999,0.1588,6.4270000000000005,-9.99999999999999e-10,9.99999999999999e-10,9.999999999999981e-19,3.5e-08,3.06e-16,-7.742321425130815,-7.767003889607846,0.9444444444444444,0.2498552598568048,0.8279145131532644,0.3017887183849275,0.1688040029791599,0.6944520218524831,2.258035052202988,0.4260482808536114,0.2446317001456882,0.812096002823585,0.3012349516499598,0.1842570007113309,0.6952725534712796,1.9857745184817368,0.4876871087029678,-0.005223559711116599,0.005223559711116599,-0.015818510329679403,0.015818510329679403,-0.0005537667349677089,0.0005537667349677089,-0.27226053372125136,0.27226053372125136,0.06163882784935637,0.06163882784935637
4CzIPN,toluene,stddft,-3.42e-08,-5e-09,3.18,2.974,0.2059999999999999,0.1427,6.4270000000000005,2.9200000000000003e-08,2.9200000000000003e-08,8.526400000000002e-16,-3.92e-08,1.7100000000000002e-16,-7.464705879957229,-8.292429823902063,0.1461988304093567,0.0468568145372782,0.7781297581993557,0.0602172247540153,0.2197541606502383,0.9359482485387246,0.4063237927396008,0.5920776480935224,0.2445424467093281,0.8116869620916095,0.3012767952797649,0.1846374305477868,0.6952769129210398,1.9704739428704727,0.496128144546533,0.1976856321720499,0.1976856321720499,0.033557203892253806,0.033557203892253806,0.2410595705257496,0.2410595705257496,1.5641501501308719,1.5641501501308719,-0.09594950354698939,0.09594950354698939
4CzMC,gas,stda,4.68e-08,1.93e-08,3.77,3.239,0.5310000000000001,0.3813,7.275,-2.75e-08,2.75e-08,7.562500000000001e-16,6.61e-08,9.0324e-16,-7.328827157284917,-7.712198270069773,0.4123931623931623,,,,,,,,,,,,,,,,,,,,,,,,
4CzMC,gas,stddft,1.85e-08,2.2e-09,3.714,3.206,0.508,0.3473,7.275,-1.63e-08,1.63e-08,2.6569000000000003e-16,2.07e-08,4.07e-17,-7.730487055782084,-8.638272163982407,0.1189189189189189,,,,,,,,,,,,,,,,,,,,,,,,
4CzMC,toluene,stda,-5.14e-08,3.63e-08,3.738,3.134,0.6040000000000001,0.3997,7.168,8.77e-08,8.77e-08,7.69129e-15,-1.5099999999999996e-08,-1.86582e-15,-7.288192770958809,-7.438898616350944,-0.7062256809338522,,,,,,,,,,,,,,,,,,,,,,,,
4CzMC,toluene,stddft,1.59e-08,3.69e-08,3.677,3.097,0.5800000000000001,0.3673,7.168,2.1e-08,2.1e-08,4.4099999999999997e-16,5.28e-08,5.8671e-16,-7.795880017344075,-7.431798275933005,2.320754716981132,,,,,,,,,,,,,,,,,,,,,,,,
4CzTPN,gas,stda,-6.9e-09,-2.37e-08,2.962,2.672,0.29,0.4215,6.236,-1.68e-08,1.68e-08,2.8224000000000013e-16,-3.06e-08,1.6353e-16,-8.154901959985743,-7.623423042943488,3.4347826086956523,,,,,,,,,,,,,,,,,,,,,,,,
4CzTPN,gas,stddft,4.73e-08,2.56e-08,2.917,2.659,0.258,0.3615,6.236,-2.17e-08,2.17e-08,4.708899999999999e-16,7.29e-08,1.21088e-15,-7.324221658325915,-7.590066876668706,0.5412262156448203,,,,,,,,,,,,,,,,,,,,,,,,
4CzTPN,toluene,stda,-4.25e-08,-1.8e-09,2.841,2.522,0.3190000000000004,0.4455,6.142,4.07e-08,4.07e-08,1.6564899999999994e-15,-4.43e-08,7.65e-17,-7.370590400897281,-8.721246399047171,0.0423529411764705,,,,,,,,,,,,,,,,,,,,,,,,
4CzTPN,toluene,stddft,-3.35e-08,2.78e-08,2.79,2.508,0.282,0.3773,6.142,6.13e-08,6.13e-08,3.75769e-15,-5.700000000000001e-09,-9.313000000000002e-16,-7.473660722610156,-7.554395796726403,-0.8298507462686567,,,,,,,,,,,,,,,,,,,,,,,,
4F-m-ν-DABNA,gas,stda,-7.66e-08,-4.58e-08,3.215,2.865,0.3499999999999996,1.0122,6.23,3.08e-08,3.08e-08,9.486399999999998e-16,-1.2239999999999998e-07,3.50828e-15,-7.115204636051019,-7.338187314462739,0.597911227154047,,,,,,,,,,,,,,,,,,,,,,,,
4F-m-ν-DABNA,gas,stddft,4.24e-08,1.43e-08,3.174,2.846,0.3279999999999998,0.8896,6.23,-2.81e-08,2.81e-08,7.8961e-16,5.670000000000001e-08,6.063200000000002e-16,-7.371611069949688,-7.841637507904751,0.3372641509433962,,,,,,,,,,,,,,,,,,,,,,,,
4F-m-ν-DABNA,toluene,stda,-3.92e-08,2.87e-08,3.203,2.86,0.3429999999999999,1.0391,6.207,6.789999999999999e-08,6.789999999999999e-08,4.610409999999999e-15,-1.05e-08,-1.12504e-15,-7.405607449624573,-7.540607512240769,-0.7321428571428571,,,,,,,,,,,,,,,,,,,,,,,,
4F-m-ν-DABNA,toluene,stddft,5.16e-08,-7.1e-09,3.163,2.841,0.3219999999999996,0.9168,6.207,-5.87e-08,5.87e-08,3.4456899999999998e-15,4.45e-08,-3.6636e-16,-7.286509456906058,-8.142667503568731,-0.1375968992248062,,,,,,,,,,,,,,,,,,,,,,,,
4F-ν-DABNA,gas,stda,-5.44e-08,-1.43e-08,3.211,2.858,0.3529999999999997,0.931,6.239,4.01e-08,4.01e-08,1.6080099999999997e-15,-6.87e-08,7.7792e-16,-7.263603497723357,-7.841637507904751,0.2628676470588235,,,,,,,,,,,,,,,,,,,,,,,,
4F-ν-DABNA,gas,stddft,3.6e-09,-2.71e-08,3.17,2.839,0.3309999999999999,0.8164,6.239,-3.0700000000000004e-08,3.0700000000000004e-08,9.424900000000005e-16,-2.3500000000000002e-08,-9.756e-17,-8.431798275933005,-7.565431095965801,-7.527777777777779,,,,,,,,,,,,,,,,,,,,,,,,
4F-ν-DABNA,toluene,stda,5.84e-08,2e-10,3.187,2.836,0.351,0.9736,6.206,-5.82e-08,5.82e-08,3.38724e-15,5.86e-08,1.1680000000000001e-17,-7.232844133917819,-9.522878745280336,0.0034246575342465,,,,,,,,,,,,,,,,,,,,,,,,
4F-ν-DABNA,toluene,stddft,-4.08e-08,4e-09,3.147,2.816,0.3309999999999999,0.8548,6.206,4.48e-08,4.48e-08,2.0070400000000004e-15,-3.68e-08,-1.6320000000000002e-16,-7.388276691992658,-8.387216143280265,-0.0980392156862745,,,,,,,,,,,,,,,,,,,,,,,,
4FBTPI,gas,stda,-6.99e-08,1.8e-08,3.877,3.474,0.4029999999999996,1.077,6.62,8.79e-08,8.79e-08,7.72641e-15,-5.19e-08,-1.2581999999999998e-15,-7.154901959985743,-7.742321425130815,-0.2575107296137339,,,,,,,,,,,,,,,,,,,,,,,,
4FBTPI,gas,stddft,8.6e-09,-3.51e-08,3.843,3.448,0.395,0.9648,6.62,-4.37e-08,4.37e-08,1.90969e-15,-2.650000000000001e-08,-3.0186e-16,-8.060480747381382,-7.453457336521869,-4.08139534883721,,,,,,,,,,,,,,,,,,,,,,,,
4FBTPI,toluene,stda,8.5e-09,5.22e-08,3.846,3.447,0.399,1.1529,6.577000000000001,4.37e-08,4.37e-08,1.90969e-15,6.07e-08,4.437e-16,-8.065501548756432,-7.281498311132726,6.141176470588235,,,,,,,,,,,,,,,,,,,,,,,,
4FBTPI,toluene,stddft,4.64e-08,-6.11e-08,3.811,3.42,0.391,1.0252,6.577000000000001,-1.075e-07,1.075e-07,1.155625e-14,-1.47e-08,-2.83504e-15,-7.3325470471100465,-7.213248577854439,-1.3168103448275863,,,,,,,,,,,,,,,,,,,,,,,,
4NTAZ-PPI,gas,stda,0.0,1.612e-07,3.865,3.369,0.496,0.6519,6.829,1.612e-07,1.612e-07,2.598544e-14,1.612e-07,0.0,-10.0,-6.792365632611038,1.0,,,,,,,,,,,,,,,,,,,,,,,,
4NTAZ-PPI,gas,stddft,5.3e-08,2.23e-08,3.827,3.319,0.508,0.5815,6.829,-3.07e-08,3.07e-08,9.4249e-16,7.529999999999999e-08,1.1819e-15,-7.274905478918531,-7.649751981665837,0.4207547169811321,,,,,,,,,,,,,,,,,,,,,,,,
4NTAZ-PPI,toluene,stda,-1.04e-08,9.3e-09,3.861,3.336,0.5250000000000004,0.2207,6.9270000000000005,1.97e-08,1.97e-08,3.8809000000000006e-16,-1.1e-09,-9.672e-17,-7.978810700930062,-8.0268721464003,-0.8942307692307693,,,,,,,,,,,,,,,,,,,,,,,,
4NTAZ-PPI,toluene,stddft,-4.1e-08,-9.79e-08,3.823,3.285,0.5379999999999998,0.2032,6.9270000000000005,-5.6899999999999993e-08,5.6899999999999993e-08,3.2376099999999998e-15,-1.389e-07,4.0139e-15,-7.386158178123931,-7.008773924307505,2.3878048780487804,,,,,,,,,,,,,,,,,,,,,,,,
4PyCNICz,gas,stda,2.2e-08,3.3e-08,3.762,3.378,0.3839999999999999,0.1332,5.844999999999999,1.1e-08,1.1e-08,1.21e-16,5.5e-08,7.26e-16,-7.655607726314889,-7.480172006224281,1.5,,,,,,,,,,,,,,,,,,,,,,,,
4PyCNICz,gas,stddft,2.6e-09,1.496e-07,3.715,3.352,0.363,0.1294,5.844999999999999,1.4699999999999998e-07,1.4699999999999998e-07,2.1608999999999996e-14,1.522e-07,3.8896e-16,-8.568636235841012,-6.824778199656948,57.53846153846153,,,,,,,,,,,,,,,,,,,,,,,,
4PyCNICz,toluene,stda,2.99e-08,4.95e-08,3.757,3.37,0.387,0.1362,5.775,1.96e-08,1.96e-08,3.841599999999999e-16,7.940000000000002e-08,1.48005e-15,-7.522878745280337,-7.304518323509803,1.6555183946488292,,,,,,,,,,,,,,,,,,,,,,,,
4PyCNICz,toluene,stddft,-1.8e-08,-1.014e-07,3.708,3.344,0.3640000000000003,0.1344,5.775,-8.339999999999999e-08,8.339999999999999e-08,6.955559999999999e-15,-1.194e-07,1.8252e-15,-7.742321425130815,-6.993533957750769,5.633333333333334,,,,,,,,,,,,,,,,,,,,,,,,
5-Cz-Sac,gas,stda,3.25e-08,-6.22e-08,3.873,3.427,0.4460000000000002,0.2635,7.258000000000001,-9.47e-08,9.47e-08,8.968089999999999e-15,-2.97e-08,-2.0215000000000002e-15,-7.486782399932061,-7.205511953340831,-1.913846153846154,,,,,,,,,,,,,,,,,,,,,,,,
5-Cz-Sac,gas,stddft,-4.13e-08,8.9e-09,3.805,3.405,0.4000000000000003,0.2237,7.258000000000001,5.02e-08,5.02e-08,2.52004e-15,-3.24e-08,-3.6757e-16,-7.382999658879101,-8.045757490560675,-0.2154963680387409,,,,,,,,,,,,,,,,,,,,,,,,
5-Cz-Sac,toluene,stda,-1.67e-08,1.048e-07,3.854,3.414,0.4399999999999999,0.2421,7.13,1.215e-07,1.215e-07,1.476225e-14,8.81e-08,-1.75016e-15,-7.774690718274137,-6.979224511806442,-6.275449101796407,,,,,,,,,,,,,,,,,,,,,,,,
5-Cz-Sac,toluene,stddft,-8.73e-08,7.42e-08,3.796,3.392,0.4039999999999999,0.2467,7.13,1.615e-07,1.615e-07,2.6082250000000003e-14,-1.3099999999999992e-08,-6.47766e-15,-7.058488567365597,-7.129011186239425,-0.8499427262313861,,,,,,,,,,,,,,,,,,,,,,,,
5-DBFBI,gas,stda,1.66e-08,6.3e-08,4.1,3.578,0.5219999999999998,1.4266,7.375,4.639999999999999e-08,4.639999999999999e-08,2.1529599999999998e-15,7.96e-08,1.0458e-15,-7.777283528852417,-7.199970640755866,3.795180722891566,,,,,,,,,,,,,,,,,,,,,,,,
5-DBFBI,gas,stddft,1.23e-08,2.98e-08,4.057,3.549,0.5080000000000005,1.2514,7.375,1.7499999999999998e-08,1.7499999999999998e-08,3.0624999999999995e-16,4.21e-08,3.6654e-16,-7.906578314837765,-7.52432881167557,2.4227642276422765,,,,,,,,,,,,,,,,,,,,,,,,
5-DBFBI,toluene,stda,1.272e-07,8.11e-08,4.093,3.57,0.5230000000000001,1.4258,7.356000000000001,-4.61e-08,4.61e-08,2.12521e-15,2.083e-07,1.031592e-14,-6.895171596346344,-7.090443970758825,0.6375786163522013,,,,,,,,,,,,,,,,,,,,,,,,
5-DBFBI,toluene,stddft,1.162e-07,-3.72e-08,4.051,3.542,0.5090000000000003,1.2457,7.356000000000001,-1.5339999999999998e-07,1.5339999999999998e-07,2.3531559999999995e-14,7.899999999999999e-08,-4.32264e-15,-6.934420285271552,-7.428291168191312,-0.3201376936316695,,,,,,,,,,,,,,,,,,,,,,,,
5CzICz,gas,stda,2.66e-08,9.9e-09,3.58,3.2,0.3799999999999999,0.2577,6.71,-1.67e-08,1.67e-08,2.7889000000000003e-16,3.65e-08,2.6334e-16,-7.573488738635425,-8.0,0.3721804511278195,,,,,,,,,,,,,,,,,,,,,,,,
5CzICz,gas,stddft,-2.97e-08,-4.87e-08,3.519,3.181,0.3380000000000001,0.2241,6.71,-1.9e-08,1.9e-08,3.61e-16,-7.84e-08,1.44639e-15,-7.525783735923745,-7.311580177997289,1.6397306397306397,,,,,,,,,,,,,,,,,,,,,,,,
5CzICz,toluene,stda,3.1e-09,-4.64e-08,3.582,3.199,0.383,0.2424,6.761,-4.95e-08,4.95e-08,2.45025e-15,-4.33e-08,-1.4383999999999999e-16,-8.494850021680094,-7.3325470471100465,-14.96774193548387,,,,,,,,,,,,,,,,,,,,,,,,
5CzICz,toluene,stddft,-1.23e-08,-2.23e-08,3.521,3.179,0.3420000000000001,0.2122,6.761,-1.0000000000000002e-08,1.0000000000000002e-08,1.0000000000000003e-16,-3.46e-08,2.7429e-16,-7.906578314837765,-7.649751981665837,1.813008130081301,,,,,,,,,,,,,,,,,,,,,,,,
6-Cz-Sac,gas,stda,-2.72e-08,1.63e-08,3.803,3.345,0.4579999999999997,0.4927,7.213999999999999,4.35e-08,4.35e-08,1.89225e-15,-1.0899999999999998e-08,-4.4335999999999997e-16,-7.5638373529592435,-7.785156151952302,-0.599264705882353,,,,,,,,,,,,,,,,,,,,,,,,
6-Cz-Sac,gas,stddft,2.48e-08,-2.21e-08,3.745,3.323,0.4220000000000001,0.4131,7.213999999999999,-4.69e-08,4.69e-08,2.1996100000000007e-15,2.700000000000001e-09,-5.4808e-16,-7.603800652904264,-7.653647025549361,-0.8911290322580645,,,,,,,,,,,,,,,,,,,,,,,,
6-Cz-Sac,toluene,stda,6.21e-08,4.21e-08,3.784,3.315,0.4689999999999998,0.5568,7.143000000000001,-1.9999999999999997e-08,1.9999999999999997e-08,3.9999999999999975e-16,1.042e-07,2.61441e-15,-7.206209615309182,-7.374687549038327,0.677938808373591,,,,,,,,,,,,,,,,,,,,,,,,
6-Cz-Sac,toluene,stddft,-3.27e-08,4.97e-08,3.728,3.293,0.435,0.473,7.143000000000001,8.24e-08,8.24e-08,6.7897599999999985e-15,1.7e-08,-1.62519e-15,-7.484126156288321,-7.302770657240282,-1.5198776758409789,,,,,,,,,,,,,,,,,,,,,,,,
6AcBIQ,gas,stda,-1.04e-08,3.13e-08,2.552,2.436,0.1160000000000001,0.0787,5.206000000000001,4.17e-08,4.17e-08,1.7388900000000001e-15,2.0900000000000002e-08,-3.2552000000000006e-16,-7.978810700930062,-7.503070351926785,-3.0096153846153846,,,,,,,,,,,,,,,,,,,,,,,,
6AcBIQ,gas,stddft,-5.5e-09,-3.49e-08,2.544,2.423,0.121,0.0763,5.206000000000001,-2.9400000000000002e-08,2.9400000000000002e-08,8.643600000000001e-16,-4.04e-08,1.9195e-16,-8.2518119729938,-7.455931955649724,6.345454545454547,,,,,,,,,,,,,,,,,,,,,,,,
6AcBIQ,toluene,stda,-8.7e-09,-2.48e-08,2.353,2.215,0.1380000000000003,0.0999,5.02,-1.61e-08,1.61e-08,2.5921e-16,-3.35e-08,2.1576e-16,-8.05551732784983,-7.603800652904264,2.8505747126436782,,,,,,,,,,,,,,,,,,,,,,,,
6AcBIQ,toluene,stddft,1.86e-08,-1.66e-08,2.342,2.204,0.1379999999999999,0.0948,5.02,-3.52e-08,3.52e-08,1.23904e-15,2.000000000000001e-09,-3.0876e-16,-7.728158393463501,-7.777283528852417,-0.8924731182795699,,,,,,,,,,,,,,,,,,,,,,,,
6tBPA,gas,stda,-1.22e-08,-1.386e-07,2.39,1.825,0.5650000000000002,0.4827,5.575000000000001,-1.2640000000000002e-07,1.2640000000000002e-07,1.5976960000000006e-14,-1.508e-07,1.69092e-15,-7.910094888560602,-6.857923538926715,11.36065573770492,,,,,,,,,,,,,,,,,,,,,,,,
6tBPA,gas,stddft,1.71e-08,-3.94e-08,2.307,1.767,0.54,0.3894,5.575000000000001,-5.65e-08,5.65e-08,3.19225e-15,-2.23e-08,-6.737400000000001e-16,-7.764471553092451,-7.403402904373539,-2.304093567251462,,,,,,,,,,,,,,,,,,,,,,,,
6tBPA,toluene,stda,1.1e-08,8.2e-09,2.389,1.845,0.5439999999999998,0.4552,5.588,-2.799999999999998e-09,2.799999999999998e-09,7.839999999999992e-18,1.92e-08,9.02e-17,-7.954677021213342,-8.080921907623926,0.7454545454545456,,,,,,,,,,,,,,,,,,,,,,,,
6tBPA,toluene,stddft,-1.47e-08,1.67e-08,2.311,1.788,0.5229999999999999,0.3714,5.588,3.14e-08,3.14e-08,9.8596e-16,2.000000000000001e-09,-2.4549e-16,-7.829738284605042,-7.774690718274137,-1.1360544217687076,,,,,,,,,,,,,,,,,,,,,,,,
9ArFDBFxPO,gas,stda,-7.51e-08,4e-10,3.87,3.429,0.4410000000000003,0.1996,7.221999999999999,7.550000000000002e-08,7.550000000000002e-08,5.700250000000001e-15,-7.47e-08,-3.0040000000000003e-17,-7.123782159408358,-9.30102999566398,-0.0053262316910785,,,,,,,,,,,,,,,,,,,,,,,,
9ArFDBFxPO,gas,stddft,4.1e-09,8.85e-08,3.802,3.406,0.3959999999999999,0.1689,7.221999999999999,8.44e-08,8.44e-08,7.12336e-15,9.260000000000001e-08,3.6285000000000007e-16,-8.3767507096021,-7.052566278112949,21.585365853658537,,,,,,,,,,,,,,,,,,,,,,,,
9ArFDBFxPO,toluene,stda,8.35e-08,-1.64e-08,3.898,3.43,0.4679999999999999,0.1619,7.175000000000001,-9.99e-08,9.99e-08,9.98001e-15,6.71e-08,-1.3694000000000001e-15,-7.077793722560983,-7.782516055786093,-0.1964071856287425,,,,,,,,,,,,,,,,,,,,,,,,
9ArFDBFxPO,toluene,stddft,-1.51e-07,9.27e-08,3.83,3.407,0.423,0.1375,7.175000000000001,2.437e-07,2.437e-07,5.938968999999999e-14,-5.829999999999999e-08,-1.39977e-14,-6.820735535660974,-7.032452023781138,-0.613907284768212,,,,,,,,,,,,,,,,,,,,,,,,
9CzFDBFDPO,gas,stda,-3.1e-08,9.01e-08,3.861,3.411,0.4500000000000002,0.2124,7.245,1.211e-07,1.211e-07,1.4665209999999997e-14,5.9100000000000006e-08,-2.7931e-15,-7.507239610973162,-7.044793462458058,-2.906451612903226,,,,,,,,,,,,,,,,,,,,,,,,
9CzFDBFDPO,gas,stddft,-1.196e-07,1.361e-07,3.79,3.388,0.4020000000000001,0.1773,7.245,2.5570000000000005e-07,2.5570000000000005e-07,6.538249000000004e-14,1.6499999999999996e-08,-1.6277560000000002e-14,-6.921905849593589,-6.865822892423234,-1.1379598662207355,,,,,,,,,,,,,,,,,,,,,,,,
9CzFDBFDPO,toluene,stda,-4.1e-09,-1.7e-09,3.895,3.424,0.4710000000000001,0.1681,7.171,2.4e-09,2.4e-09,5.7600000000000025e-18,-5.8000000000000015e-09,6.97e-18,-8.3767507096021,-8.744727494896694,0.4146341463414633,,,,,,,,,,,,,,,,,,,,,,,,
9CzFDBFDPO,toluene,stddft,9.01e-08,8.2e-09,3.827,3.401,0.4260000000000001,0.1429,7.171,-8.190000000000001e-08,8.190000000000001e-08,6.707610000000002e-15,9.83e-08,7.388200000000001e-16,-7.044793462458058,-8.080921907623926,0.0910099889012208,,,,,,,,,,,,,,,,,,,,,,,,
9CzFDBFSPO,gas,stda,-3.44e-08,-3.25e-08,3.914,3.444,0.4700000000000002,0.201,7.231000000000001,1.899999999999997e-09,1.899999999999997e-09,3.609999999999989e-18,-6.69e-08,1.1179999999999998e-15,-7.462180904926726,-7.486782399932061,0.9447674418604652,,,,,,,,,,,,,,,,,,,,,,,,
9CzFDBFSPO,gas,stddft,-3.53e-08,-3.93e-08,3.847,3.421,0.4260000000000001,0.1701,7.231000000000001,-4.000000000000003e-09,4.000000000000003e-09,1.6000000000000026e-17,-7.459999999999999e-08,1.38729e-15,-7.450996737974212,-7.404503778174426,1.113314447592068,,,,,,,,,,,,,,,,,,,,,,,,
9CzFDBFSPO,toluene,stda,-7.24e-08,8.43e-08,3.833,3.385,0.4480000000000004,0.1876,7.251000000000001,1.567e-07,1.567e-07,2.455489e-14,1.1899999999999994e-08,-6.103319999999999e-15,-7.139661993429006,-7.073657553374345,-1.1643646408839778,,,,,,,,,,,,,,,,,,,,,,,,
9CzFDBFSPO,toluene,stddft,1.608e-07,-1.94e-08,3.762,3.362,0.3999999999999999,0.1568,7.251000000000001,-1.802e-07,1.802e-07,3.2472040000000005e-14,1.414e-07,-3.11952e-15,-6.793443955900971,-7.709965388637482,-0.1206467661691542,,,,,,,,,,,,,,,,,,,,,,,,
9CzFDPEPO,gas,stda,8.46e-08,2e-08,3.838,3.414,0.4239999999999999,0.2124,7.239000000000001,-6.460000000000001e-08,6.460000000000001e-08,4.173160000000001e-15,1.046e-07,1.692e-15,-7.072116589669293,-7.696803942579511,0.2364066193853428,,,,,,,,,,,,,,,,,,,,,,,,
9CzFDPEPO,gas,stddft,-1.58e-08,1.89e-08,3.771,3.392,0.379,0.1799,7.239000000000001,3.47e-08,3.47e-08,1.20409e-15,3.100000000000001e-09,-2.9862e-16,-7.798602875679548,-7.721246399047171,-1.1962025316455698,,,,,,,,,,,,,,,,,,,,,,,,
9CzFDPEPO,toluene,stda,-3.58e-08,4.97e-08,3.892,3.415,0.4769999999999998,0.1675,7.315999999999999,8.55e-08,8.55e-08,7.31025e-15,1.39e-08,-1.77926e-15,-7.444905551421681,-7.302770657240282,-1.388268156424581,,,,,,,,,,,,,,,,,,,,,,,,
9CzFDPEPO,toluene,stddft,2.65e-08,2.099e-07,3.823,3.392,0.431,0.1418,7.315999999999999,1.834e-07,1.834e-07,3.3635559999999994e-14,2.364e-07,5.5623499999999986e-15,-7.575118363368933,-6.6777807052660805,7.920754716981132,,,,,,,,,,,,,,,,,,,,,,,,
9CzFDPESPO,gas,stda,-3.46e-08,-5.36e-08,3.869,3.427,0.4420000000000001,0.221,7.225,-1.9e-08,1.9e-08,3.61e-16,-8.82e-08,1.85456e-15,-7.459670525209126,-7.270025714300444,1.5491329479768785,,,,,,,,,,,,,,,,,,,,,,,,
9CzFDPESPO,gas,stddft,7.76e-08,1.063e-07,3.801,3.405,0.3960000000000003,0.1859,7.225,2.870000000000001e-08,2.870000000000001e-08,8.236900000000008e-16,1.839e-07,8.24888e-15,-7.1095789811990855,-6.9730583720409705,1.3698453608247425,,,,,,,,,,,,,,,,,,,,,,,,
9CzFDPESPO,toluene,stda,5.7e-09,-7.93e-08,3.803,3.37,0.4329999999999998,0.178,7.337999999999999,-8.500000000000002e-08,8.500000000000002e-08,7.225e-15,-7.36e-08,-4.5201e-16,-8.236572006437063,-7.100179497572904,-13.912280701754389,,,,,,,,,,,,,,,,,,,,,,,,
9CzFDPESPO,toluene,stddft,9.09e-08,-1.68e-08,3.733,3.347,0.3860000000000001,0.15,7.337999999999999,-1.077e-07,1.077e-07,1.159929e-14,7.41e-08,-1.52712e-15,-7.040958607678906,-7.772113295386326,-0.1848184818481848,,,,,,,,,,,,,,,,,,,,,,,,
9CzTPE,gas,stda,2.3e-08,5.1e-09,3.549,2.868,0.681,2.1848,6.327999999999999,-1.79e-08,1.79e-08,3.2041000000000006e-16,2.81e-08,1.173e-16,-7.636388020107856,-8.2839966563652,0.2217391304347826,,,,,,,,,,,,,,,,,,,,,,,,
9CzTPE,gas,stddft,-5e-10,1.321e-07,3.513,2.82,0.6930000000000001,1.9377,6.327999999999999,1.326e-07,1.326e-07,1.758276e-14,1.316e-07,-6.605000000000001e-17,-9.221848749616356,-6.878768544850378,-264.2,,,,,,,,,,,,,,,,,,,,,,,,
9CzTPE,toluene,stda,6.72e-08,9.76e-08,3.582,2.899,0.6829999999999998,2.1579,6.3870000000000005,3.0399999999999994e-08,3.0399999999999994e-08,9.241599999999996e-16,1.648e-07,6.558720000000001e-15,-7.171984935776023,-7.0101054362812265,1.4523809523809523,,,,,,,,,,,,,,,,,,,,,,,,
9CzTPE,toluene,stddft,5.43e-08,-1.117e-07,3.546,2.852,0.694,1.9165,6.3870000000000005,-1.66e-07,1.66e-07,2.7556e-14,-5.74e-08,-6.065310000000001e-15,-7.26440110030182,-6.951558196449596,-2.057090239410681,,,,,,,,,,,,,,,,,,,,,,,,
9PhCzFDBFDPO,gas,stda,-9.09e-08,-2.44e-08,3.893,3.44,0.4529999999999998,0.2074,7.215999999999999,6.649999999999999e-08,6.649999999999999e-08,4.422249999999999e-15,-1.1530000000000001e-07,2.21796e-15,-7.040958607678906,-7.610833915635467,0.2684268426842684,,,,,,,,,,,,,,,,,,,,,,,,
9PhCzFDBFDPO,gas,stddft,-7.01e-08,5.96e-08,3.827,3.417,0.4100000000000001,0.1703,7.215999999999999,1.297e-07,1.297e-07,1.682209e-14,-1.05e-08,-4.17796e-15,-7.153662887870195,-7.224025668870631,-0.8502139800285307,,,,,,,,,,,,,,,,,,,,,,,,
9PhCzFDBFDPO,toluene,stda,-6.49e-08,3.74e-08,3.909,3.437,0.472,0.2089,7.19,1.0230000000000001e-07,1.0230000000000001e-07,1.0465290000000002e-14,-2.7500000000000008e-08,-2.42726e-15,-7.187086643357144,-7.425968732272281,-0.5762711864406779,,,,,,,,,,,,,,,,,,,,,,,,
9PhCzFDBFDPO,toluene,stddft,-3.61e-08,-4.21e-08,3.843,3.414,0.4289999999999998,0.1721,7.19,-6.000000000000001e-09,6.000000000000001e-09,3.6000000000000006e-17,-7.82e-08,1.51981e-15,-7.441291429466834,-7.374687549038327,1.1662049861495845,,,,,,,,,,,,,,,,,,,,,,,,
9PhCzFDBFSPO,gas,stda,-6.79e-08,-5.18e-08,3.893,3.443,0.4499999999999997,0.2177,7.229000000000001,1.6100000000000005e-08,1.6100000000000005e-08,2.592100000000001e-16,-1.197e-07,3.5172200000000004e-15,-7.167491087293763,-7.284832642151542,0.7628865979381443,,,,,,,,,,,,,,,,,,,,,,,,
9PhCzFDBFSPO,gas,stddft,-1.432e-07,-8.27e-08,3.828,3.42,0.4079999999999999,0.1796,7.229000000000001,6.05e-08,6.05e-08,3.660250000000001e-15,-2.2590000000000006e-07,1.184264e-14,-6.843753809602656,-7.08196966321512,0.577513966480447,,,,,,,,,,,,,,,,,,,,,,,,
9PhCzFDBFSPO,toluene,stda,5e-09,1.206e-07,3.899,3.432,0.4670000000000001,0.2395,7.259,1.156e-07,1.156e-07,1.336336e-14,1.256e-07,6.03e-16,-8.292429823902063,-6.91829272990265,24.12,,,,,,,,,,,,,,,,,,,,,,,,
9PhCzFDBFSPO,toluene,stddft,-5.6e-08,-1.623e-07,3.835,3.409,0.4260000000000001,0.1978,7.259,-1.063e-07,1.063e-07,1.129969e-14,-2.183e-07,9.0888e-15,-7.251037138743839,-6.789413975094844,2.8982142857142854,,,,,,,,,,,,,,,,,,,,,,,,
ACID–BPPZ,gas,stda,4.78e-08,4.89e-08,3.306,2.864,0.4420000000000001,0.1267,5.074999999999999,1.100000000000003e-09,1.100000000000003e-09,1.210000000000007e-18,9.67e-08,2.33742e-15,-7.319664486585437,-7.309803919971486,1.0230125523012552,,,,,,,,,,,,,,,,,,,,,,,,
ACID–BPPZ,gas,stddft,-5.44e-08,-3.35e-08,3.274,2.841,0.4329999999999998,0.0017,5.074999999999999,2.0899999999999995e-08,2.0899999999999995e-08,4.368099999999998e-16,-8.79e-08,1.8224e-15,-7.263603497723357,-7.473660722610156,0.6158088235294118,,,,,,,,,,,,,,,,,,,,,,,,
ACID–BPPZ,toluene,stda,-5.3e-08,-5.82e-08,3.166,2.841,0.3249999999999997,0.1945,4.849,-5.2e-09,5.2e-09,2.7040000000000004e-17,-1.112e-07,3.0846e-15,-7.274905478918531,-7.2343314452409855,1.0981132075471698,,,,,,,,,,,,,,,,,,,,,,,,
ACID–BPPZ,toluene,stddft,3.96e-08,-4.38e-08,3.158,2.818,0.3399999999999998,0.1668,4.849,-8.339999999999999e-08,8.339999999999999e-08,6.955559999999999e-15,-4.2000000000000045e-09,-1.73448e-15,-7.401209493236885,-7.357535479757878,-1.1060606060606062,,,,,,,,,,,,,,,,,,,,,,,,
ACRF,gas,stda,1.7e-09,-1.8e-08,3.478,3.477,0.0010000000000003,0.0,5.864000000000001,-1.97e-08,1.97e-08,3.880899999999999e-16,-1.63e-08,-3.06e-17,-8.744727494896694,-7.742321425130815,-10.588235294117649,,,,,,,,,,,,,,,,,,,,,,,,
ACRF,gas,stddft,-1.6e-09,4.58e-08,3.478,3.468,0.0100000000000002,0.0,5.864000000000001,4.74e-08,4.74e-08,2.2467600000000002e-15,4.42e-08,-7.328e-17,-8.769551078621726,-7.338187314462739,-28.625,,,,,,,,,,,,,,,,,,,,,,,,
ACRF,toluene,stda,-1.2e-09,9.6e-09,3.277,3.276,0.0010000000000003,0.0,5.650999999999999,1.08e-08,1.08e-08,1.1664e-16,8.399999999999999e-09,-1.152e-17,-8.886056647693163,-8.013228265733755,-8.0,,,,,,,,,,,,,,,,,,,,,,,,
ACRF,toluene,stddft,-1.2e-09,-2.09e-08,3.276,3.276,0.0,0.0,5.650999999999999,-1.97e-08,1.97e-08,3.880899999999999e-16,-2.21e-08,2.508e-17,-8.886056647693163,-7.67778070526608,17.416666666666664,,,,,,,,,,,,,,,,,,,,,,,,
ACRFLCN,gas,stda,1e-10,-8.2e-09,3.48,3.479,0.0009999999999998,0.0,5.865,-8.3e-09,8.3e-09,6.889e-17,-8.100000000000001e-09,-8.200000000000002e-19,-9.69897000433602,-8.080921907623926,-82.0,,,,,,,,,,,,,,,,,,,,,,,,
ACRFLCN,gas,stddft,1e-10,2.1e-09,3.479,3.472,0.0070000000000001,0.0,5.865,2e-09,2e-09,4e-18,2.2000000000000003e-09,2.1000000000000004e-19,-9.69897000433602,-8.657577319177793,21.0,,,,,,,,,,,,,,,,,,,,,,,,
ACRFLCN,toluene,stda,0.0,-2.9e-09,3.277,3.277,0.0,0.0,5.650999999999999,-2.9e-09,2.9e-09,8.409999999999999e-18,-2.9e-09,-0.0,-10.0,-8.522878745280337,1.0,,,,,,,,,,,,,,,,,,,,,,,,
ACRFLCN,toluene,stddft,1e-10,-7.78e-08,3.276,3.276,0.0,0.0,5.650999999999999,-7.79e-08,7.79e-08,6.068409999999999e-15,-7.77e-08,-7.78e-18,-9.69897000433602,-7.108462542327436,-777.9999999999999,,,,,,,,,,,,,,,,,,,,,,,,
ACRSA,gas,stda,-1e-09,6.7e-09,3.426,3.422,0.004,0.0,5.876,7.7e-09,7.7e-09,5.928999999999999e-17,5.7e-09,-6.7e-18,-8.958607314841775,-8.167491087293763,-6.699999999999999,,,,,,,,,,,,,,,,,,,,,,,,
ACRSA,gas,stddft,-2.3e-09,-2.2e-08,3.425,3.391,0.0339999999999998,0.0,5.876,-1.97e-08,1.97e-08,3.880899999999999e-16,-2.43e-08,5.0599999999999987e-17,-8.619788758288394,-7.655607726314889,9.565217391304348,,,,,,,,,,,,,,,,,,,,,,,,
ACRSA,toluene,stda,-1e-09,2.9e-09,3.243,3.243,0.0,0.0,5.686999999999999,3.9e-09,3.9e-09,1.521e-17,1.8999999999999996e-09,-2.9e-18,-8.958607314841775,-8.522878745280337,-2.9,,,,,,,,,,,,,,,,,,,,,,,,
ACRSA,toluene,stddft,-2.1e-09,-9.8e-09,3.243,3.243,0.0,0.0,5.686999999999999,-7.7e-09,7.7e-09,5.928999999999999e-17,-1.19e-08,2.0580000000000006e-17,-8.657577319177793,-8.00436480540245,4.666666666666666,,,,,,,,,,,,,,,,,,,,,,,,
ACRXTN,gas,stda,-1.75e-08,6e-08,3.596,2.963,0.633,0.9058,6.65,7.75e-08,7.75e-08,6.00625e-15,4.25e-08,-1.05e-15,-7.75448733218585,-7.221125527997261,-3.428571428571428,,,,,,,,,,,,,,,,,,,,,,,,
ACRXTN,gas,stddft,-2.94e-08,-4.26e-08,3.542,2.933,0.609,0.7853,6.65,-1.32e-08,1.32e-08,1.7423999999999995e-16,-7.2e-08,1.25244e-15,-7.530177984021837,-7.369572124974976,1.4489795918367347,,,,,,,,,,,,,,,,,,,,,,,,
ACRXTN,toluene,stda,-5.33e-08,-5.52e-08,3.537,2.853,0.6839999999999997,0.9328,6.515,-1.899999999999997e-09,1.899999999999997e-09,3.609999999999989e-18,-1.085e-07,2.94216e-15,-7.272458742971444,-7.257274868695302,1.0356472795497185,,,,,,,,,,,,,,,,,,,,,,,,
ACRXTN,toluene,stddft,2.17e-08,8.6e-09,3.474,2.819,0.6550000000000002,0.7966,6.515,-1.31e-08,1.31e-08,1.7161e-16,3.03e-08,1.8662e-16,-7.661543506395395,-8.060480747381382,0.3963133640552995,,,,,,,,,,,,,,,,,,,,,,,,
ADN,gas,stda,-5.21e-08,2.63e-08,3.229,2.249,0.98,0.6361,6.340000000000001,7.84e-08,7.84e-08,6.14656e-15,-2.5800000000000006e-08,-1.3702300000000002e-15,-7.282329496997738,-7.578396073130169,-0.5047984644913628,,,,,,,,,,,,,,,,,,,,,,,,
ADN,gas,stddft,-3.92e-08,2.12e-08,3.063,2.178,0.8850000000000002,0.4527,6.340000000000001,6.04e-08,6.04e-08,3.64816e-15,-1.8e-08,-8.310400000000001e-16,-7.405607449624573,-7.671620396561262,-0.5408163265306123,,,,,,,,,,,,,,,,,,,,,,,,
ADN,toluene,stda,-1.225e-07,9.22e-08,3.252,2.258,0.9939999999999998,0.596,6.378000000000001,2.147e-07,2.147e-07,4.609608999999999e-14,-3.0299999999999993e-08,-1.12945e-14,-6.911509529817604,-7.034798298974088,-0.7526530612244899,,,,,,,,,,,,,,,,,,,,,,,,
ADN,toluene,stddft,-7.09e-08,1.445e-07,3.083,2.186,0.8970000000000002,0.4205,6.378000000000001,2.154e-07,2.154e-07,4.639716e-14,7.36e-08,-1.0245050000000002e-14,-7.1487416512809245,-6.839831707041488,-2.038081805359661,,,,,,,,,,,,,,,,,,,,,,,,
ADO-TPA,gas,stda,8.3e-09,-1.69e-08,2.098,2.099,-0.0010000000000003,0.0003,5.290000000000001,-2.52e-08,2.52e-08,6.350400000000002e-16,-8.6e-09,-1.4026999999999998e-16,-8.075720713938118,-7.769551078621726,-2.036144578313253,,,,,,,,,,,,,,,,,,,,,,,,
ADO-TPA,gas,stddft,-1.79e-08,-2.29e-08,2.097,2.098,-0.0009999999999998,0.0003,5.290000000000001,-4.9999999999999985e-09,4.9999999999999985e-09,2.4999999999999984e-17,-4.08e-08,4.0991e-16,-7.744727494896693,-7.638272163982407,1.2793296089385473,,,,,,,,,,,,,,,,,,,,,,,,
ADO-TPA,toluene,stda,1.3e-09,2.14e-08,1.968,1.969,-0.0010000000000001,0.0002,5.001000000000001,2.01e-08,2.01e-08,4.0401e-16,2.27e-08,2.782e-17,-8.853871964321762,-7.667561540084395,16.46153846153846,,,,,,,,,,,,,,,,,,,,,,,,
ADO-TPA,toluene,stddft,-3.3e-08,-4.8e-09,1.968,1.969,-0.0010000000000001,0.0002,5.001000000000001,2.82e-08,2.82e-08,7.952399999999999e-16,-3.78e-08,1.584e-16,-7.480172006224281,-8.309803919971486,0.1454545454545454,,,,,,,,,,,,,,,,,,,,,,,,
AI-4Cz,gas,stda,4.2e-09,-9.8e-09,2.783,2.494,0.2889999999999997,0.051,5.856,-1.4e-08,1.4e-08,1.9599999999999998e-16,-5.6e-09,-4.116000000000001e-17,-8.366531544420413,-8.00436480540245,-2.333333333333333,,,,,,,,,,,,,,,,,,,,,,,,
AI-4Cz,gas,stddft,9e-09,3.67e-08,2.75,2.482,0.2679999999999998,0.047,5.856,2.77e-08,2.77e-08,7.672899999999998e-16,4.57e-08,3.3029999999999996e-16,-8.040958607678906,-7.434152181326482,4.0777777777777775,,,,,,,,,,,,,,,,,,,,,,,,
AI-4Cz,toluene,stda,-7.9e-09,-3.79e-08,2.682,2.355,0.3269999999999999,0.0516,5.698,-3.0000000000000004e-08,3.0000000000000004e-08,9.000000000000002e-16,-4.58e-08,2.9941e-16,-8.096910013008056,-7.42021640338319,4.79746835443038,,,,,,,,,,,,,,,,,,,,,,,,
AI-4Cz,toluene,stddft,1.5e-09,2.31e-08,2.645,2.341,0.3039999999999998,0.0486,5.698,2.16e-08,2.16e-08,4.665599999999999e-16,2.46e-08,3.465e-17,-8.795880017344075,-7.634512015109101,15.4,,,,,,,,,,,,,,,,,,,,,,,,
ANOP-DMAC,gas,stda,-2e-09,-1.53e-08,2.453,2.244,0.2089999999999996,0.1884,4.575999999999999,-1.3300000000000002e-08,1.3300000000000002e-08,1.7689000000000003e-16,-1.7300000000000003e-08,3.0600000000000007e-17,-8.67778070526608,-7.812479279163536,7.65,,,,,,,,,,,,,,,,,,,,,,,,
ANOP-DMAC,gas,stddft,4e-10,-2.55e-08,2.436,2.227,0.209,0.1724,4.575999999999999,-2.59e-08,2.59e-08,6.7081e-16,-2.51e-08,-1.02e-17,-9.30102999566398,-7.591760034688151,-63.75,,,,,,,,,,,,,,,,,,,,,,,,
ANOP-DMAC,toluene,stda,-5e-10,1.053e-07,2.073,1.812,0.2609999999999999,0.2118,4.32,1.058e-07,1.058e-07,1.119364e-14,1.048e-07,-5.265e-17,-9.221848749616356,-6.977159389123472,-210.6,,,,,,,,,,,,,,,,,,,,,,,,
ANOP-DMAC,toluene,stddft,-1.77e-08,7.07e-08,2.047,1.795,0.2520000000000002,0.1865,4.32,8.84e-08,8.84e-08,7.81456e-15,5.300000000000001e-08,-1.25139e-15,-7.749579997691106,-7.149966742310231,-3.994350282485876,,,,,,,,,,,,,,,,,,,,,,,,
ANOP-MeFAC,gas,stda,5.45e-08,-2.87e-08,2.305,2.034,0.2710000000000003,0.2802,4.535,-8.32e-08,8.32e-08,6.922240000000001e-15,2.58e-08,-1.56415e-15,-7.262807357295263,-7.540607512240769,-0.5266055045871559,,,,,,,,,,,,,,,,,,,,,,,,
ANOP-MeFAC,gas,stddft,-2.5e-08,-1.49e-08,2.281,2.015,0.266,0.2548,4.535,1.01e-08,1.01e-08,1.0200999999999999e-16,-3.99e-08,3.725e-16,-7.600326278518962,-7.823908740944319,0.596,,,,,,,,,,,,,,,,,,,,,,,,
ANOP-MeFAC,toluene,stda,-3.29e-08,6.8e-08,2.021,1.691,0.3299999999999998,0.279,4.273,1.009e-07,1.009e-07,1.018081e-14,3.51e-08,-2.2372e-15,-7.481486060122113,-7.166852888087215,-2.066869300911854,,,,,,,,,,,,,,,,,,,,,,,,
ANOP-MeFAC,toluene,stddft,-1.97e-08,-7.8e-09,1.988,1.669,0.3189999999999999,0.2492,4.273,1.19e-08,1.19e-08,1.4161000000000002e-16,-2.75e-08,1.5366000000000002e-16,-7.703334809738469,-8.102372908709558,0.3959390862944162,,,,,,,,,,,,,,,,,,,,,,,,
ANQDC,gas,stda,-6e-10,3.98e-08,3.45,2.919,0.5310000000000001,0.006,7.055,4.04e-08,4.04e-08,1.63216e-15,3.92e-08,-2.388e-17,-9.154901959985745,-7.399027104313252,-66.33333333333333,,,,,,,,,,,,,,,,,,,,,,,,
ANQDC,gas,stddft,-6e-10,-1.11e-08,3.449,2.867,0.5819999999999999,0.006,7.055,-1.05e-08,1.05e-08,1.1024999999999999e-16,-1.17e-08,6.66e-18,-9.154901959985745,-7.950781977329818,18.5,,,,,,,,,,,,,,,,,,,,,,,,
ANQDC,toluene,stda,-2e-10,4.4e-09,3.402,2.863,0.5390000000000001,0.0056,6.973000000000001,4.6e-09,4.6e-09,2.116e-17,4.1999999999999996e-09,-8.8e-19,-9.522878745280336,-8.346787486224656,-22.0,,,,,,,,,,,,,,,,,,,,,,,,
ANQDC,toluene,stddft,-1e-10,-8.7e-09,3.4,2.812,0.5880000000000001,0.0056,6.973000000000001,-8.600000000000001e-09,8.600000000000001e-09,7.396000000000001e-17,-8.8e-09,8.7e-19,-9.69897000433602,-8.05551732784983,87.0,,,,,,,,,,,,,,,,,,,,,,,,
ANQDC-PSTA,gas,stda,-8.4e-09,8e-10,2.367,2.194,0.173,0.2404,4.984999999999999,9.2e-09,9.2e-09,8.464000000000003e-17,-7.6e-09,-6.720000000000001e-18,-8.070581074285707,-9.045757490560677,-0.0952380952380952,,,,,,,,,,,,,,,,,,,,,,,,
ANQDC-PSTA,gas,stddft,-2.68e-08,2.28e-08,2.351,2.182,0.169,0.2259,4.984999999999999,4.96e-08,4.96e-08,2.4601599999999997e-15,-3.9999999999999994e-09,-6.1104e-16,-7.570247719997592,-7.640164517660112,-0.8507462686567164,,,,,,,,,,,,,,,,,,,,,,,,
ANQDC-PSTA,toluene,stda,-3.34e-08,3.2e-09,2.156,1.943,0.213,0.3082,4.769,3.6600000000000003e-08,3.6600000000000003e-08,1.3395600000000002e-15,-3.02e-08,-1.0688e-16,-7.474955192963154,-8.481486060122112,-0.0958083832335329,,,,,,,,,,,,,,,,,,,,,,,,
ANQDC-PSTA,toluene,stddft,4.64e-08,5.78e-08,2.134,1.93,0.2039999999999999,0.2822,4.769,1.1400000000000004e-08,1.1400000000000004e-08,1.2996000000000007e-16,1.042e-07,2.68192e-15,-7.3325470471100465,-7.2373214362725635,1.245689655172414,,,,,,,,,,,,,,,,,,,,,,,,
APDC-DTPA,gas,stda,-5.36e-08,-8e-10,2.942,2.414,0.528,1.503,4.8100000000000005,5.28e-08,5.28e-08,2.78784e-15,-5.44e-08,4.288e-17,-7.270025714300444,-9.045757490560677,0.0149253731343283,,,,,,,,,,,,,,,,,,,,,,,,
APDC-DTPA,gas,stddft,-3.66e-08,-4.17e-08,2.887,2.383,0.504,1.2961,4.8100000000000005,-5.100000000000006e-09,5.100000000000006e-09,2.6010000000000058e-17,-7.83e-08,1.52622e-15,-7.435333935747911,-7.378823718224964,1.1393442622950822,,,,,,,,,,,,,,,,,,,,,,,,
APDC-DTPA,toluene,stda,-2.85e-08,2.41e-08,2.575,2.076,0.4990000000000001,0.1471,4.395000000000001,5.26e-08,5.26e-08,2.76676e-15,-4.4e-09,-6.8685e-16,-7.543633966870957,-7.616184634019569,-0.8456140350877193,,,,,,,,,,,,,,,,,,,,,,,,
APDC-DTPA,toluene,stddft,-2.86e-08,-2.96e-08,2.561,2.049,0.512,0.1573,4.395000000000001,-9.99999999999999e-10,9.99999999999999e-10,9.999999999999981e-19,-5.820000000000001e-08,8.465600000000001e-16,-7.542118103266008,-7.527243550682788,1.034965034965035,,,,,,,,,,,,,,,,,,,,,,,,
APDC-tPh,gas,stda,-4.48e-08,-3.33e-08,3.272,2.726,0.5459999999999998,0.0564,6.52,1.1499999999999995e-08,1.1499999999999995e-08,1.322499999999999e-16,-7.809999999999999e-08,1.49184e-15,-7.347753658996677,-7.476253533188435,0.7433035714285715,,,,,,,,,,,,,,,,,,,,,,,,
APDC-tPh,gas,stddft,-5e-10,8.74e-08,3.237,2.682,0.5550000000000002,0.0613,6.52,8.79e-08,8.79e-08,7.72641e-15,8.69e-08,-4.370000000000001e-17,-9.221848749616356,-7.057991946977687,-174.79999999999998,,,,,,,,,,,,,,,,,,,,,,,,
APDC-tPh,toluene,stda,-1.87e-08,-3.58e-08,3.19,2.595,0.5949999999999998,0.0997,6.232000000000001,-1.7100000000000004e-08,1.7100000000000004e-08,2.924100000000001e-16,-5.450000000000001e-08,6.6946e-16,-7.72584215073632,-7.444905551421681,1.914438502673797,,,,,,,,,,,,,,,,,,,,,,,,
APDC-tPh,toluene,stddft,-5.2e-09,-2.6e-08,3.151,2.55,0.601,0.1192,6.232000000000001,-2.08e-08,2.08e-08,4.3264000000000006e-16,-3.12e-08,1.352e-16,-8.275724130399212,-7.583359492661719,5.0,,,,,,,,,,,,,,,,,,,,,,,,
APPT,gas,stda,4.77e-08,-1e-09,3.324,2.951,0.3729999999999998,0.011,6.859,-4.87e-08,4.87e-08,2.37169e-15,4.67e-08,-4.77e-17,-7.320572103387881,-8.958607314841775,-0.020964360587002,,,,,,,,,,,,,,,,,,,,,,,,
APPT,gas,stddft,-1.39e-08,6e-10,3.295,2.901,0.3940000000000001,0.0091,6.859,1.45e-08,1.45e-08,2.1025e-16,-1.33e-08,-8.34e-18,-7.853871964321762,-9.154901959985745,-0.0431654676258992,,,,,,,,,,,,,,,,,,,,,,,,
APPT,toluene,stda,7.26e-08,-2.13e-08,3.319,2.913,0.4060000000000001,0.0089,6.901999999999999,-9.39e-08,9.39e-08,8.81721e-15,5.13e-08,-1.54638e-15,-7.138465589140962,-7.669586226650809,-0.2933884297520661,,,,,,,,,,,,,,,,,,,,,,,,
APPT,toluene,stddft,8.71e-08,5.5e-09,3.289,2.863,0.4260000000000001,0.0073,6.901999999999999,-8.16e-08,8.16e-08,6.658560000000001e-15,9.260000000000001e-08,4.7905e-16,-7.059483515067432,-8.2518119729938,0.0631458094144661,,,,,,,,,,,,,,,,,,,,,,,,
APPT-PXZ,gas,stda,-7.4e-09,1e-10,2.045,1.793,0.252,0.2975,4.773999999999999,7.5e-09,7.5e-09,5.624999999999999e-17,-7.3e-09,-7.4e-19,-8.1249387366083,-9.69897000433602,-0.0135135135135135,,,,,,,,,,,,,,,,,,,,,,,,
APPT-PXZ,gas,stddft,1.74e-08,2.19e-08,2.02,1.78,0.24,0.2641,4.773999999999999,4.5000000000000014e-09,4.5000000000000014e-09,2.0250000000000005e-17,3.93e-08,3.8106e-16,-7.756961951313706,-7.657577319177793,1.2586206896551724,,,,,,,,,,,,,,,,,,,,,,,,
APPT-PXZ,toluene,stda,2.09e-08,1.19e-08,1.957,1.687,0.27,0.308,4.652000000000001,-8.999999999999998e-09,8.999999999999998e-09,8.099999999999996e-17,3.28e-08,2.4871e-16,-7.67778070526608,-7.920818753952375,0.5693779904306221,,,,,,,,,,,,,,,,,,,,,,,,
APPT-PXZ,toluene,stddft,-6.7e-09,-7.2e-09,1.93,1.674,0.256,0.2704,4.652000000000001,-5.000000000000002e-10,5.000000000000002e-10,2.5000000000000035e-19,-1.39e-08,4.824e-17,-8.167491087293763,-8.136677139879543,1.0746268656716418,,,,,,,,,,,,,,,,,,,,,,,,
AQ-S-CZ,gas,stda,-8.42e-08,6.22e-08,2.892,2.45,0.4419999999999997,0.1982,5.226000000000001,1.464e-07,1.464e-07,2.143296e-14,-2.2e-08,-5.23724e-15,-7.074172425375258,-7.205511953340831,-0.7387173396674585,,,,,,,,,,,,,,,,,,,,,,,,
AQ-S-CZ,gas,stddft,-2.76e-08,2.12e-08,2.837,2.428,0.4090000000000002,0.1692,5.226000000000001,4.88e-08,4.88e-08,2.38144e-15,-6.399999999999998e-09,-5.8512e-16,-7.557520230935552,-7.671620396561262,-0.7681159420289856,,,,,,,,,,,,,,,,,,,,,,,,
AQ-S-CZ,toluene,stda,2.83e-08,2.25e-08,2.807,2.37,0.4369999999999998,0.1865,5.093,-5.799999999999999e-09,5.799999999999999e-09,3.363999999999999e-17,5.08e-08,6.367499999999999e-16,-7.546681659952962,-7.645891560852599,0.7950530035335689,,,,,,,,,,,,,,,,,,,,,,,,
AQ-S-CZ,toluene,stddft,1.74e-08,-5.76e-08,2.752,2.347,0.4049999999999998,0.1605,5.093,-7.5e-08,7.5e-08,5.625e-15,-4.02e-08,-1.00224e-15,-7.756961951313706,-7.238824186844268,-3.310344827586207,,,,,,,,,,,,,,,,,,,,,,,,
AQTC,gas,stda,6e-10,-2.86e-08,3.358,2.889,0.4690000000000003,0.0056,6.888,-2.92e-08,2.92e-08,8.5264e-16,-2.8000000000000006e-08,-1.716e-17,-9.154901959985745,-7.542118103266008,-47.66666666666667,,,,,,,,,,,,,,,,,,,,,,,,
AQTC,gas,stddft,-5e-10,6.1e-09,3.357,2.838,0.5190000000000001,0.0056,6.888,6.6e-09,6.6e-09,4.356000000000001e-17,5.6e-09,-3.0500000000000007e-18,-9.221848749616356,-8.207608310501746,-12.2,,,,,,,,,,,,,,,,,,,,,,,,
AQTC,toluene,stda,-5e-10,-8.64e-08,3.279,2.812,0.4670000000000001,0.0051,6.589,-8.590000000000002e-08,8.590000000000002e-08,7.378810000000002e-15,-8.69e-08,4.3200000000000004e-17,-9.221848749616356,-7.062983892535186,172.8,,,,,,,,,,,,,,,,,,,,,,,,
AQTC,toluene,stddft,5e-10,6.04e-08,3.278,2.761,0.5169999999999999,0.005,6.589,5.99e-08,5.99e-08,3.58801e-15,6.09e-08,3.02e-17,-9.221848749616356,-7.218244625347531,120.79999999999998,,,,,,,,,,,,,,,,,,,,,,,,
ATDBT,gas,stda,2.23e-08,4.99e-08,3.291,2.291,1.0,0.6425,6.122999999999999,2.76e-08,2.76e-08,7.617599999999998e-16,7.22e-08,1.11277e-15,-7.649751981665837,-7.301029995663981,2.237668161434977,,,,,,,,,,,,,,,,,,,,,,,,
ATDBT,gas,stddft,1.674e-07,3.16e-08,3.127,2.221,0.9059999999999996,0.441,6.122999999999999,-1.358e-07,1.358e-07,1.8441640000000003e-14,1.99e-07,5.28984e-15,-6.775985188627136,-7.498940737782249,0.1887694145758661,,,,,,,,,,,,,,,,,,,,,,,,
ATDBT,toluene,stda,4.24e-08,9.55e-08,3.302,2.291,1.011,0.609,6.173000000000001,5.31e-08,5.31e-08,2.81961e-15,1.379e-07,4.0492000000000004e-15,-7.371611069949688,-7.0195421077239,2.2523584905660377,,,,,,,,,,,,,,,,,,,,,,,,
ATDBT,toluene,stddft,4.1e-09,6e-09,3.134,2.22,0.9139999999999996,0.4199,6.173000000000001,1.8999999999999996e-09,1.8999999999999996e-09,3.609999999999999e-18,1.01e-08,2.4600000000000002e-17,-8.3767507096021,-8.214670164989233,1.4634146341463414,,,,,,,,,,,,,,,,,,,,,,,,
Ac-BPCN,gas,stda,4.2e-09,-6.93e-08,2.671,2.07,0.601,0.4688,5.5280000000000005,-7.35e-08,7.35e-08,5.402250000000001e-15,-6.510000000000002e-08,-2.9106000000000004e-16,-8.366531544420413,-7.158640529545145,-16.5,,,,,,,,,,,,,,,,,,,,,,,,
Ac-BPCN,gas,stddft,1.11e-07,-5.05e-08,2.583,2.03,0.5530000000000004,0.3763,5.5280000000000005,-1.615e-07,1.615e-07,2.6082250000000003e-14,6.049999999999999e-08,-5.6055e-15,-6.9542859410591324,-7.295849483160201,-0.4549549549549549,,,,,,,,,,,,,,,,,,,,,,,,
Ac-BPCN,toluene,stda,5.04e-08,5.97e-08,2.544,1.936,0.6080000000000001,0.4433,5.337999999999999,9.299999999999996e-09,9.299999999999996e-09,8.648999999999994e-17,1.101e-07,3.00888e-15,-7.296708621881338,-7.22329881601159,1.1845238095238095,,,,,,,,,,,,,,,,,,,,,,,,
Ac-BPCN,toluene,stddft,8.33e-08,-8.6e-09,2.454,1.894,0.5600000000000003,0.353,5.337999999999999,-9.19e-08,9.19e-08,8.44561e-15,7.47e-08,-7.163799999999999e-16,-7.078833949362261,-8.060480747381382,-0.1032412965186074,,,,,,,,,,,,,,,,,,,,,,,,
AcCN,gas,stda,1.1e-08,4.48e-08,3.683,3.414,0.2689999999999997,0.2662,5.832000000000001,3.38e-08,3.38e-08,1.14244e-15,5.58e-08,4.927999999999999e-16,-7.954677021213342,-7.347753658996677,4.072727272727273,,,,,,,,,,,,,,,,,,,,,,,,
AcCN,gas,stddft,-4.7e-09,6.9e-09,3.678,3.383,0.2949999999999999,0.2557,5.832000000000001,1.16e-08,1.16e-08,1.3455999999999999e-16,2.2e-09,-3.243e-17,-8.318758762624412,-8.154901959985743,-1.4680851063829787,,,,,,,,,,,,,,,,,,,,,,,,
AcCN,toluene,stda,-1.39e-08,-1.5e-08,3.723,3.387,0.3359999999999998,0.195,5.79,-1.0999999999999983e-09,1.0999999999999983e-09,1.2099999999999965e-18,-2.89e-08,2.0849999999999999e-16,-7.853871964321762,-7.82102305270683,1.079136690647482,,,,,,,,,,,,,,,,,,,,,,,,
AcCN,toluene,stddft,-1.26e-08,5.12e-08,3.719,3.357,0.3619999999999996,0.1888,5.79,6.38e-08,6.38e-08,4.07044e-15,3.86e-08,-6.4512e-16,-7.896196279044043,-7.289882634888183,-4.063492063492063,,,,,,,,,,,,,,,,,,,,,,,,
AcCYP,gas,stda,3.91e-08,-1.18e-08,3.529,3.406,0.1229999999999997,0.2045,5.599,-5.09e-08,5.09e-08,2.59081e-15,2.73e-08,-4.6138e-16,-7.406713932979542,-7.924453038607469,-0.3017902813299232,,,,,,,,,,,,,,,,,,,,,,,,
AcCYP,gas,stddft,-2.38e-08,4.6e-09,3.524,3.38,0.1440000000000001,0.1955,5.599,2.8400000000000003e-08,2.8400000000000003e-08,8.065600000000001e-16,-1.92e-08,-1.0948e-16,-7.621602099051862,-8.327902142064282,-0.1932773109243697,,,,,,,,,,,,,,,,,,,,,,,,
AcCYP,toluene,stda,-1.4e-09,6e-09,3.534,3.388,0.1459999999999999,0.1623,5.632000000000001,7.4e-09,7.4e-09,5.476e-17,4.6e-09,-8.4e-18,-8.823908740944319,-8.214670164989233,-4.285714285714286,,,,,,,,,,,,,,,,,,,,,,,,
AcCYP,toluene,stddft,-5e-10,9e-09,3.529,3.357,0.1719999999999997,0.156,5.632000000000001,9.5e-09,9.5e-09,9.025e-17,8.5e-09,-4.5e-18,-9.221848749616356,-8.040958607678906,-17.999999999999996,,,,,,,,,,,,,,,,,,,,,,,,
AcDbp,gas,stda,1.22e-08,-1.61e-08,3.221,3.138,0.0830000000000001,0.0049,5.2170000000000005,-2.83e-08,2.83e-08,8.008899999999999e-16,-3.8999999999999985e-09,-1.9642e-16,-7.910094888560602,-7.790484985457369,-1.3196721311475408,,,,,,,,,,,,,,,,,,,,,,,,
AcDbp,gas,stddft,5.8e-09,6.09e-08,3.22,3.101,0.1190000000000002,0.005,5.2170000000000005,5.51e-08,5.51e-08,3.03601e-15,6.67e-08,3.5321999999999995e-16,-8.229147988357855,-7.214670164989233,10.5,,,,,,,,,,,,,,,,,,,,,,,,
AcDbp,toluene,stda,4e-10,5.71e-08,3.186,3.141,0.0449999999999999,0.0255,5.164,5.670000000000001e-08,5.670000000000001e-08,3.2148900000000005e-15,5.75e-08,2.2840000000000002e-17,-9.30102999566398,-7.242603971206976,142.75,,,,,,,,,,,,,,,,,,,,,,,,
AcDbp,toluene,stddft,5e-09,4.7e-08,3.184,3.116,0.068,0.0256,5.164,4.2e-08,4.2e-08,1.764e-15,5.2e-08,2.3499999999999997e-16,-8.292429823902063,-7.326979092871104,9.4,,,,,,,,,,,,,,,,,,,,,,,,
AcHPM,gas,stda,-1.47e-08,-1.43e-08,3.56,3.434,0.1259999999999999,0.267,5.899,3.9999999999999857e-10,3.9999999999999857e-10,1.5999999999999888e-19,-2.9e-08,2.1021e-16,-7.829738284605042,-7.841637507904751,0.9727891156462586,,,,,,,,,,,,,,,,,,,,,,,,
AcHPM,gas,stddft,2.29e-08,7.24e-08,3.555,3.404,0.1510000000000002,0.2589,5.899,4.95e-08,4.95e-08,2.45025e-15,9.53e-08,1.65796e-15,-7.638272163982407,-7.139661993429006,3.1615720524017465,,,,,,,,,,,,,,,,,,,,,,,,
AcHPM,toluene,stda,5.1e-09,-4.06e-08,3.563,3.403,0.1600000000000001,0.1556,5.88,-4.57e-08,4.57e-08,2.08849e-15,-3.55e-08,-2.0706e-16,-8.2839966563652,-7.39040559077478,-7.9607843137254894,,,,,,,,,,,,,,,,,,,,,,,,
AcHPM,toluene,stddft,1.56e-08,-2.7e-09,3.559,3.372,0.1870000000000002,0.1512,5.88,-1.8300000000000002e-08,1.8300000000000002e-08,3.3489e-16,1.29e-08,-4.212000000000001e-17,-7.804100347590766,-8.55284196865778,-0.173076923076923,,,,,,,,,,,,,,,,,,,,,,,,
B-O-dpa,gas,stda,-5e-10,-5.36e-08,3.243,2.704,0.5389999999999997,0.3698,6.598000000000001,-5.31e-08,5.31e-08,2.81961e-15,-5.41e-08,2.68e-17,-9.221848749616356,-7.270025714300444,107.2,,,,,,,,,,,,,,,,,,,,,,,,
B-O-dpa,gas,stddft,5.14e-08,-2.29e-08,3.152,2.679,0.4730000000000003,0.2911,6.598000000000001,-7.43e-08,7.43e-08,5.52049e-15,2.85e-08,-1.1770599999999998e-15,-7.288192770958809,-7.638272163982407,-0.4455252918287938,,,,,,,,,,,,,,,,,,,,,,,,
B-O-dpa,toluene,stda,2.67e-08,-3.08e-08,3.224,2.678,0.5460000000000003,0.3692,6.564,-5.75e-08,5.75e-08,3.30625e-15,-4.099999999999997e-09,-8.2236e-16,-7.5718652059712115,-7.510041520575165,-1.1535580524344569,,,,,,,,,,,,,,,,,,,,,,,,
B-O-dpa,toluene,stddft,6.74e-08,5e-10,3.131,2.653,0.4779999999999997,0.2888,6.564,-6.69e-08,6.69e-08,4.4756099999999986e-15,6.789999999999999e-08,3.37e-17,-7.170696227168976,-9.221848749616356,0.0074183976261127,,,,,,,,,,,,,,,,,,,,,,,,
B-dpa-Cz,gas,stda,6.61e-08,7.46e-08,3.058,2.567,0.4909999999999996,0.6136,6.228000000000001,8.500000000000003e-09,8.500000000000003e-09,7.225000000000004e-17,1.407e-07,4.931060000000001e-15,-7.1791420105603,-7.126679398184601,1.1285930408472014,,,,,,,,,,,,,,,,,,,,,,,,
B-dpa-Cz,gas,stddft,1.37e-08,-1.97e-08,2.981,2.543,0.4379999999999997,0.4897,6.228000000000001,-3.34e-08,3.34e-08,1.1155600000000001e-15,-6.000000000000001e-09,-2.6989000000000003e-16,-7.860120913598763,-7.703334809738469,-1.4379562043795622,,,,,,,,,,,,,,,,,,,,,,,,
B-dpa-Cz,toluene,stda,4.03e-08,-4.15e-08,3.04,2.55,0.4900000000000002,0.6046,6.198,-8.18e-08,8.18e-08,6.691240000000001e-15,-1.200000000000004e-09,-1.67245e-15,-7.393618634889395,-7.380906669373258,-1.029776674937965,,,,,,,,,,,,,,,,,,,,,,,,
B-dpa-Cz,toluene,stddft,-1e-09,-1.29e-08,2.963,2.526,0.4370000000000003,0.4818,6.198,-1.19e-08,1.19e-08,1.4160999999999995e-16,-1.39e-08,1.29e-17,-8.958607314841775,-7.886056647693163,12.9,,,,,,,,,,,,,,,,,,,,,,,,
B-dpa-SpiroAC,gas,stda,2.07e-08,-8.4e-09,2.983,2.536,0.447,0.5783,6.267,-2.91e-08,2.91e-08,8.468100000000001e-16,1.23e-08,-1.7388000000000003e-16,-7.681936665037238,-8.070581074285707,-0.4057971014492754,,,,,,,,,,,,,,,,,,,,,,,,
B-dpa-SpiroAC,gas,stddft,-3.77e-08,-1.14e-08,2.91,2.514,0.3960000000000003,0.4702,6.267,2.63e-08,2.63e-08,6.9169e-16,-4.91e-08,4.2978e-16,-7.422508200162775,-7.939302159646388,0.3023872679045092,,,,,,,,,,,,,,,,,,,,,,,,
B-dpa-SpiroAC,toluene,stda,1.1e-09,-4.63e-08,2.955,2.515,0.4399999999999999,0.567,6.228999999999999,-4.74e-08,4.74e-08,2.2467600000000002e-15,-4.52e-08,-5.093e-17,-8.920818753952375,-7.333482019445119,-42.09090909090909,,,,,,,,,,,,,,,,,,,,,,,,
B-dpa-SpiroAC,toluene,stddft,1.51e-08,2.27e-08,2.884,2.492,0.3919999999999999,0.4608,6.228999999999999,7.600000000000002e-09,7.600000000000002e-09,5.776000000000003e-17,3.78e-08,3.4277e-16,-7.818156412055227,-7.642065152999546,1.5033112582781458,,,,,,,,,,,,,,,,,,,,,,,,
B4PyPPM,gas,stda,1.44e-08,-7.06e-08,4.044,3.998,0.0459999999999993,0.0117,8.081,-8.5e-08,8.5e-08,7.224999999999999e-15,-5.62e-08,-1.01664e-15,-7.838631997765025,-7.150580586203101,-4.902777777777778,,,,,,,,,,,,,,,,,,,,,,,,
B4PyPPM,gas,stddft,-1.33e-08,-1.599e-07,4.041,3.958,0.0830000000000001,0.0115,8.081,-1.466e-07,1.466e-07,2.149156e-14,-1.732e-07,2.12667e-15,-7.872895201635193,-6.795880017344075,12.022556390977444,,,,,,,,,,,,,,,,,,,,,,,,
B4PyPPM,toluene,stda,-1.22e-08,-4.68e-08,3.96,3.989,-0.0289999999999999,0.0102,8.116,-3.4600000000000005e-08,3.4600000000000005e-08,1.1971600000000005e-15,-5.9e-08,5.7096e-16,-7.910094888560602,-7.328827157284917,3.836065573770492,,,,,,,,,,,,,,,,,,,,,,,,
B4PyPPM,toluene,stddft,-1.17e-08,6e-10,3.958,3.975,-0.0169999999999999,0.01,8.116,1.2300000000000001e-08,1.2300000000000001e-08,1.5129e-16,-1.11e-08,-7.02e-18,-7.928117992693875,-9.154901959985745,-0.0512820512820512,,,,,,,,,,,,,,,,,,,,,,,,
BACF,gas,stda,-2.04e-08,-4.42e-08,3.144,2.567,0.577,0.0999,6.509,-2.38e-08,2.38e-08,5.664399999999999e-16,-6.46e-08,9.0168e-16,-7.688246138944246,-7.35359627377693,2.1666666666666665,,,,,,,,,,,,,,,,,,,,,,,,
BACF,gas,stddft,3.34e-08,2.2e-09,3.054,2.532,0.5219999999999998,0.0772,6.509,-3.12e-08,3.12e-08,9.7344e-16,3.56e-08,7.348e-17,-7.474955192963154,-8.638272163982407,0.0658682634730538,,,,,,,,,,,,,,,,,,,,,,,,
BACF,toluene,stda,2.21e-08,-3.36e-08,3.062,2.494,0.5679999999999996,0.0969,6.401999999999999,-5.57e-08,5.57e-08,3.1024900000000004e-15,-1.1500000000000004e-08,-7.425600000000001e-16,-7.653647025549361,-7.472370099128661,-1.5203619909502264,,,,,,,,,,,,,,,,,,,,,,,,
BACF,toluene,stddft,-4.15e-08,-6.1e-08,2.972,2.459,0.5129999999999999,0.0747,6.401999999999999,-1.9500000000000006e-08,1.9500000000000006e-08,3.802500000000001e-16,-1.025e-07,2.5315000000000002e-15,-7.380906669373258,-7.213958789757446,1.4698795180722892,,,,,,,,,,,,,,,,,,,,,,,,
BACH,gas,stda,3.65e-08,3.58e-08,3.218,2.643,0.5750000000000002,0.1093,6.599,-6.999999999999997e-10,6.999999999999997e-10,4.899999999999995e-19,7.23e-08,1.3067000000000001e-15,-7.436518914605589,-7.444905551421681,0.9808219178082191,,,,,,,,,,,,,,,,,,,,,,,,
BACH,gas,stddft,6.45e-08,5.8e-09,3.133,2.608,0.5249999999999999,0.0866,6.599,-5.87e-08,5.87e-08,3.44569e-15,7.03e-08,3.741e-16,-7.189767482004916,-8.229147988357855,0.089922480620155,,,,,,,,,,,,,,,,,,,,,,,,
BACH,toluene,stda,-7.34e-08,-9e-10,3.173,2.599,0.5739999999999998,0.1087,6.538,7.25e-08,7.25e-08,5.2562499999999986e-15,-7.43e-08,6.606e-17,-7.133712660915805,-9.0,0.0122615803814713,,,,,,,,,,,,,,,,,,,,,,,,
BACH,toluene,stddft,-3.97e-08,-5.3e-08,3.086,2.564,0.5219999999999998,0.0853,6.538,-1.33e-08,1.33e-08,1.7689e-16,-9.27e-08,2.1041e-15,-7.400116927926312,-7.274905478918531,1.3350125944584383,,,,,,,,,,,,,,,,,,,,,,,,
BACN,gas,stda,3.2e-08,1.069e-07,3.114,2.544,0.5699999999999998,0.2191,6.367999999999999,7.49e-08,7.49e-08,5.610009999999998e-15,1.389e-07,3.4208000000000007e-15,-7.493494967595128,-6.97061622231479,3.340625,,,,,,,,,,,,,,,,,,,,,,,,
BACN,gas,stddft,-7.26e-08,-8.22e-08,3.033,2.509,0.524,0.1769,6.367999999999999,-9.599999999999992e-09,9.599999999999992e-09,9.215999999999988e-17,-1.5479999999999998e-07,5.96772e-15,-7.138465589140962,-7.08460016478773,1.1322314049586777,,,,,,,,,,,,,,,,,,,,,,,,
BACN,toluene,stda,2.56e-08,6.25e-08,3.007,2.439,0.5680000000000001,0.2295,6.206,3.689999999999999e-08,3.689999999999999e-08,1.3616099999999997e-15,8.81e-08,1.6e-15,-7.590066876668706,-7.20342566678957,2.44140625,,,,,,,,,,,,,,,,,,,,,,,,
BACN,toluene,stddft,9e-09,-4.25e-08,2.924,2.403,0.5209999999999999,0.1838,6.206,-5.15e-08,5.15e-08,2.65225e-15,-3.35e-08,-3.825e-16,-8.040958607678906,-7.370590400897281,-4.722222222222222,,,,,,,,,,,,,,,,,,,,,,,,
BACQ,gas,stda,8.21e-08,7.8e-09,3.215,2.499,0.7159999999999997,0.5309,6.462000000000001,-7.43e-08,7.43e-08,5.52049e-15,8.99e-08,6.403800000000002e-16,-7.0851281824599495,-8.102372908709558,0.0950060901339829,,,,,,,,,,,,,,,,,,,,,,,,
BACQ,gas,stddft,-6.05e-08,1.108e-07,3.102,2.465,0.637,0.3947,6.462000000000001,1.713e-07,1.713e-07,2.934369e-14,5.03e-08,-6.703400000000001e-15,-7.217527375833714,-6.95506845385084,-1.8314049586776855,,,,,,,,,,,,,,,,,,,,,,,,
BACQ,toluene,stda,-6.86e-08,6.6e-09,3.205,2.46,0.7450000000000001,0.5103,6.439,7.520000000000001e-08,7.520000000000001e-08,5.655040000000002e-15,-6.2e-08,-4.527600000000001e-16,-7.16304326294045,-8.173925197299173,-0.0962099125364431,,,,,,,,,,,,,,,,,,,,,,,,
BACQ,toluene,stddft,-1.53e-08,7.28e-08,3.084,2.423,0.661,0.3751,6.439,8.81e-08,8.81e-08,7.76161e-15,5.750000000000001e-08,-1.1138400000000002e-15,-7.812479279163536,-7.137272471682025,-4.758169934640523,,,,,,,,,,,,,,,,,,,,,,,,
BANE,gas,stda,-1.28e-08,1.37e-08,3.184,2.257,0.927,1.0624,6.385,2.65e-08,2.65e-08,7.022499999999999e-16,8.999999999999997e-10,-1.7536e-16,-7.889410289700751,-7.860120913598763,-1.0703125,,,,,,,,,,,,,,,,,,,,,,,,
BANE,gas,stddft,-7.3e-09,2.06e-08,3.068,2.186,0.8820000000000001,0.8156,6.385,2.79e-08,2.79e-08,7.7841e-16,1.33e-08,-1.5038e-16,-8.130768280269024,-7.684029654543083,-2.821917808219178,,,,,,,,,,,,,,,,,,,,,,,,
BANE,toluene,stda,4.49e-08,4.89e-08,3.171,2.252,0.919,1.0613,6.363,4.000000000000003e-09,4.000000000000003e-09,1.6000000000000026e-17,9.38e-08,2.19561e-15,-7.346787486224656,-7.309803919971486,1.089086859688196,,,,,,,,,,,,,,,,,,,,,,,,
BANE,toluene,stddft,-5.09e-08,7.93e-08,3.056,2.181,0.875,0.8189,6.363,1.302e-07,1.302e-07,1.6952039999999995e-14,2.8400000000000003e-08,-4.03637e-15,-7.292429823902063,-7.100179497572904,-1.5579567779960708,,,,,,,,,,,,,,,,,,,,,,,,
BAPCN,gas,stda,-3.41e-08,-3.99e-08,3.189,2.606,0.5830000000000002,0.2865,6.156999999999999,-5.799999999999999e-09,5.799999999999999e-09,3.363999999999999e-17,-7.4e-08,1.36059e-15,-7.465973893943865,-7.397940008672037,1.1700879765395895,,,,,,,,,,,,,,,,,,,,,,,,
BAPCN,gas,stddft,2.65e-08,8.4e-08,3.114,2.571,0.5429999999999997,0.231,6.156999999999999,5.75e-08,5.75e-08,3.30625e-15,1.105e-07,2.226e-15,-7.575118363368933,-7.075204004202088,3.169811320754717,,,,,,,,,,,,,,,,,,,,,,,,
BAPCN,toluene,stda,2.47e-08,1.88e-08,3.14,2.566,0.5740000000000003,0.3018,5.976,-5.9e-09,5.9e-09,3.481e-17,4.35e-08,4.6436e-16,-7.605548319173784,-7.723538195826756,0.7611336032388664,,,,,,,,,,,,,,,,,,,,,,,,
BAPCN,toluene,stddft,-5.06e-08,3.36e-08,3.064,2.531,0.5329999999999999,0.241,5.976,8.42e-08,8.42e-08,7.08964e-15,-1.7e-08,-1.7001600000000002e-15,-7.294992040666664,-7.472370099128661,-0.6640316205533597,,,,,,,,,,,,,,,,,,,,,,,,
BBA-Pyr,gas,stda,4.74e-08,2.51e-08,3.787,3.331,0.4559999999999999,1.7893,6.198,-2.23e-08,2.23e-08,4.9729e-16,7.25e-08,1.18974e-15,-7.323306390375134,-7.598599459218456,0.5295358649789029,,,,,,,,,,,,,,,,,,,,,,,,
BBA-Pyr,gas,stddft,9e-10,-4.27e-08,3.764,3.309,0.4549999999999996,1.6296,6.198,-4.36e-08,4.36e-08,1.90096e-15,-4.18e-08,-3.843e-17,-9.0,-7.368556230986828,-47.44444444444444,,,,,,,,,,,,,,,,,,,,,,,,
BBA-Pyr,toluene,stda,2.68e-08,2.67e-08,3.794,3.331,0.4630000000000001,1.7145,6.127,-9.99999999999976e-11,9.99999999999976e-11,9.999999999999518e-21,5.35e-08,7.155599999999999e-16,-7.570247719997592,-7.5718652059712115,0.996268656716418,,,,,,,,,,,,,,,,,,,,,,,,
BBA-Pyr,toluene,stddft,1.233e-07,-1.05e-08,3.77,3.309,0.4609999999999998,1.5387,6.127,-1.338e-07,1.338e-07,1.7902439999999998e-14,1.128e-07,-1.29465e-15,-6.908684840302777,-7.97469413473523,-0.0851581508515815,,,,,,,,,,,,,,,,,,,,,,,,
BBCz,gas,stda,5.9e-09,1.34e-08,3.81,3.332,0.4780000000000002,0.0006,7.374,7.5e-09,7.5e-09,5.624999999999999e-17,1.93e-08,7.906e-17,-8.221848749616356,-7.869666231504994,2.271186440677966,,,,,,,,,,,,,,,,,,,,,,,,
BBCz,gas,stddft,1.015e-07,-3.72e-08,3.759,3.297,0.4619999999999997,0.001,7.374,-1.387e-07,1.387e-07,1.9237689999999998e-14,6.43e-08,-3.7758e-15,-6.9931062920521,-7.428291168191312,-0.3665024630541872,,,,,,,,,,,,,,,,,,,,,,,,
BBCz,toluene,stda,-3.39e-08,2.59e-08,3.81,3.341,0.4689999999999998,0.0006,7.383999999999999,5.979999999999999e-08,5.979999999999999e-08,3.576039999999999e-15,-7.999999999999999e-09,-8.780099999999999e-16,-7.468521082957745,-7.585026652029182,-0.7640117994100295,,,,,,,,,,,,,,,,,,,,,,,,
BBCz,toluene,stddft,-7.21e-08,2e-08,3.759,3.306,0.4529999999999998,0.0011,7.383999999999999,9.210000000000001e-08,9.210000000000001e-08,8.482410000000002e-15,-5.21e-08,-1.4420000000000002e-15,-7.141462802430361,-7.696803942579511,-0.2773925104022191,,,,,,,,,,,,,,,,,,,,,,,,
BBPA,gas,stda,-1.595e-07,7.26e-08,3.212,2.249,0.963,0.3976,6.406,2.321e-07,2.321e-07,5.387041e-14,-8.69e-08,-1.15797e-14,-6.796967112985289,-7.138465589140962,-0.4551724137931034,,,,,,,,,,,,,,,,,,,,,,,,
BBPA,gas,stddft,-2.77e-08,3.75e-08,3.038,2.177,0.8609999999999998,0.2757,6.406,6.52e-08,6.52e-08,4.251040000000001e-15,9.799999999999998e-09,-1.03875e-15,-7.555955204081924,-7.424812155072339,-1.3537906137184117,,,,,,,,,,,,,,,,,,,,,,,,
BBPA,toluene,stda,-1.578e-07,2.66e-08,3.175,2.225,0.9499999999999996,0.4158,6.363,1.844e-07,1.844e-07,3.4003359999999995e-14,-1.312e-07,-4.19748e-15,-6.801617869991706,-7.573488738635425,-0.1685678073510773,,,,,,,,,,,,,,,,,,,,,,,,
BBPA,toluene,stddft,3.31e-08,1.446e-07,3.001,2.154,0.847,0.2878,6.363,1.1150000000000001e-07,1.1150000000000001e-07,1.2432250000000002e-14,1.777e-07,4.78626e-15,-7.478861916295964,-6.8395314688809625,4.368580060422961,,,,,,,,,,,,,,,,,,,,,,,,
BCN,gas,stda,6.08e-08,7.4e-08,3.097,2.602,0.4950000000000001,0.2914,6.233,1.32e-08,1.32e-08,1.7423999999999995e-16,1.3480000000000004e-07,4.4992e-15,-7.215382707367125,-7.130181792020672,1.2171052631578947,,,,,,,,,,,,,,,,,,,,,,,,
BCN,gas,stddft,-1.24e-08,1e-08,3.038,2.572,0.4659999999999997,0.2428,6.233,2.24e-08,2.24e-08,5.017600000000001e-16,-2.4e-09,-1.24e-16,-7.903089986991944,-7.995678626217358,-0.8064516129032258,,,,,,,,,,,,,,,,,,,,,,,,
BCN,toluene,stda,-2.8e-08,-1.41e-08,2.97,2.478,0.492,0.2981,6.045999999999999,1.39e-08,1.39e-08,1.9321e-16,-4.21e-08,3.948e-16,-7.55129368009492,-7.847711655616943,0.5035714285714286,,,,,,,,,,,,,,,,,,,,,,,,
BCN,toluene,stddft,-1.39e-08,-1.92e-08,2.909,2.448,0.4609999999999998,0.2467,6.045999999999999,-5.2999999999999995e-09,5.2999999999999995e-09,2.808999999999999e-17,-3.31e-08,2.6688e-16,-7.853871964321762,-7.714442690992226,1.3812949640287768,,,,,,,,,,,,,,,,,,,,,,,,
BCPBT,gas,stda,4.74e-08,-7.02e-08,3.745,2.879,0.8660000000000001,1.5437,6.180000000000001,-1.1760000000000001e-07,1.1760000000000001e-07,1.3829760000000002e-14,-2.280000000000001e-08,-3.32748e-15,-7.323306390375134,-7.153044674980176,-1.4810126582278482,,,,,,,,,,,,,,,,,,,,,,,,
BCPBT,gas,stddft,2.05e-08,-9.88e-08,3.66,2.827,0.8330000000000002,1.2758,6.180000000000001,-1.193e-07,1.193e-07,1.4232489999999996e-14,-7.829999999999999e-08,-2.0254e-15,-7.686132779630847,-7.004803708402821,-4.819512195121951,,,,,,,,,,,,,,,,,,,,,,,,
BCPBT,toluene,stda,4.89e-08,-2.19e-08,3.66,2.859,0.8010000000000002,1.4989,6.193,-7.08e-08,7.08e-08,5.01264e-15,2.7e-08,-1.07091e-15,-7.309803919971486,-7.657577319177793,-0.4478527607361963,,,,,,,,,,,,,,,,,,,,,,,,
BCPBT,toluene,stddft,-4.7e-08,-6.44e-08,3.564,2.807,0.7570000000000001,1.2035,6.193,-1.7399999999999997e-08,1.7399999999999997e-08,3.027599999999999e-16,-1.114e-07,3.0267999999999998e-15,-7.326979092871104,-7.1904402853647325,1.3702127659574468,,,,,,,,,,,,,,,,,,,,,,,,
BCZ-DPS-AD,gas,stda,3.22e-08,1.3e-08,3.803,3.383,0.4199999999999999,0.1581,6.779,-1.92e-08,1.92e-08,3.686399999999999e-16,4.52e-08,4.186e-16,-7.490797477668897,-7.882728704344236,0.4037267080745342,,,,,,,,,,,,,,,,,,,,,,,,
BCZ-DPS-AD,gas,stddft,-7.15e-08,-6.69e-08,3.732,3.36,0.3720000000000003,0.1312,6.779,4.6000000000000015e-09,4.6000000000000015e-09,2.1160000000000014e-17,-1.384e-07,4.78335e-15,-7.145086977692144,-7.173925197299174,0.9356643356643356,,,,,,,,,,,,,,,,,,,,,,,,
BCZ-DPS-AD,toluene,stda,4.83e-08,1.82e-08,3.786,3.344,0.4420000000000001,0.126,6.725,-3.01e-08,3.01e-08,9.0601e-16,6.65e-08,8.790600000000001e-16,-7.315154638355588,-7.73754891026957,0.3768115942028985,,,,,,,,,,,,,,,,,,,,,,,,
BCZ-DPS-AD,toluene,stddft,-2.7e-08,-6.61e-08,3.71,3.321,0.3889999999999998,0.1048,6.725,-3.91e-08,3.91e-08,1.52881e-15,-9.31e-08,1.7847e-15,-7.567030709125595,-7.1791420105603,2.448148148148148,,,,,,,,,,,,,,,,,,,,,,,,
BCzBMes,gas,stda,-5.01e-08,4.91e-08,3.819,3.379,0.4399999999999999,0.1929,6.9030000000000005,9.92e-08,9.92e-08,9.84064e-15,-9.999999999999955e-10,-2.45991e-15,-7.29929628285498,-7.308034897232639,-0.9800399201596808,,,,,,,,,,,,,,,,,,,,,,,,
BCzBMes,gas,stddft,-1.29e-08,-1.01e-08,3.751,3.357,0.3939999999999997,0.1576,6.9030000000000005,2.8000000000000003e-09,2.8000000000000003e-09,7.840000000000001e-18,-2.3e-08,1.3029e-16,-7.886056647693163,-7.991399828238083,0.7829457364341085,,,,,,,,,,,,,,,,,,,,,,,,
BCzBMes,toluene,stda,5.87e-08,-3.8e-09,3.804,3.361,0.4429999999999996,0.1721,6.965,-6.25e-08,6.25e-08,3.90625e-15,5.49e-08,-2.2306e-16,-7.230622673923861,-8.4089353929735,-0.0647359454855195,,,,,,,,,,,,,,,,,,,,,,,,
BCzBMes,toluene,stddft,5.65e-08,1.21e-08,3.734,3.339,0.395,0.141,6.965,-4.44e-08,4.44e-08,1.97136e-15,6.86e-08,6.836500000000002e-16,-7.247183568811729,-7.913640169325252,0.2141592920353982,,,,,,,,,,,,,,,,,,,,,,,,
BCzPh,gas,stda,1.63e-08,-4.8e-09,3.857,3.376,0.4810000000000003,0.3548,7.318,-2.11e-08,2.11e-08,4.4521e-16,1.15e-08,-7.824e-17,-7.785156151952302,-8.309803919971486,-0.2944785276073619,,,,,,,,,,,,,,,,,,,,,,,,
BCzPh,gas,stddft,3.97e-08,2.86e-08,3.788,3.354,0.4339999999999997,0.2889,7.318,-1.1099999999999997e-08,1.1099999999999997e-08,1.2320999999999994e-16,6.83e-08,1.13542e-15,-7.400116927926312,-7.542118103266008,0.7204030226700252,,,,,,,,,,,,,,,,,,,,,,,,
BCzPh,toluene,stda,1.233e-07,8.94e-08,3.841,3.354,0.4870000000000001,0.1603,7.306999999999999,-3.389999999999999e-08,3.389999999999999e-08,1.1492099999999994e-15,2.127e-07,1.102302e-14,-6.908684840302777,-7.048176964684088,0.7250608272506084,,,,,,,,,,,,,,,,,,,,,,,,
BCzPh,toluene,stddft,-1.327e-07,1.99e-08,3.77,3.331,0.439,0.1118,7.306999999999999,1.526e-07,1.526e-07,2.3286759999999994e-14,-1.128e-07,-2.64073e-15,-6.876801924968001,-7.698970004336019,-0.1499623210248681,,,,,,,,,,,,,,,,,,,,,,,,
BDAPM,gas,stda,1.3e-09,-1.25e-08,3.458,3.028,0.4300000000000001,1.193,6.739000000000001,-1.38e-08,1.38e-08,1.9044e-16,-1.12e-08,-1.625e-17,-8.853871964321762,-7.899629454882437,-9.615384615384617,,,,,,,,,,,,,,,,,,,,,,,,
BDAPM,gas,stddft,-7.43e-08,6.84e-08,3.425,3.001,0.4239999999999999,1.0857,6.739000000000001,1.427e-07,1.427e-07,2.036329e-14,-5.899999999999993e-09,-5.08212e-15,-7.128427064454121,-7.164309428507575,-0.920592193808883,,,,,,,,,,,,,,,,,,,,,,,,
BDAPM,toluene,stda,-6.26e-08,1.9e-09,3.379,2.943,0.4359999999999999,1.169,6.639,6.45e-08,6.45e-08,4.160250000000001e-15,-6.070000000000002e-08,-1.1894000000000002e-16,-7.202732459169283,-8.698970004336019,-0.0303514376996805,,,,,,,,,,,,,,,,,,,,,,,,
BDAPM,toluene,stddft,1.142e-07,-2.48e-08,3.347,2.914,0.4329999999999998,1.0582,6.639,-1.3900000000000001e-07,1.3900000000000001e-07,1.9321000000000003e-14,8.94e-08,-2.8321600000000006e-15,-6.941953769604718,-7.603800652904264,-0.2171628721541156,,,,,,,,,,,,,,,,,,,,,,,,
BDAVBi,gas,stda,-1.29e-08,9.9e-09,3.493,2.842,0.6509999999999998,2.0785,6.053,2.28e-08,2.28e-08,5.1984e-16,-3e-09,-1.2770999999999998e-16,-7.886056647693163,-8.0,-0.7674418604651162,,,,,,,,,,,,,,,,,,,,,,,,
BDAVBi,gas,stddft,6.2e-09,1.82e-08,3.463,2.798,0.665,1.9389,6.053,1.2000000000000002e-08,1.2000000000000002e-08,1.4400000000000002e-16,2.44e-08,1.1284e-16,-8.200659450546418,-7.73754891026957,2.935483870967742,,,,,,,,,,,,,,,,,,,,,,,,
BDAVBi,toluene,stda,-5.38e-08,2.68e-08,3.48,2.829,0.6509999999999998,2.1444,6.015000000000001,8.06e-08,8.06e-08,6.496359999999999e-15,-2.7e-08,-1.44184e-15,-7.268411234813262,-7.570247719997592,-0.4981412639405204,,,,,,,,,,,,,,,,,,,,,,,,
BDAVBi,toluene,stddft,2.2e-08,-3.4e-08,3.45,2.786,0.6640000000000001,1.9925,6.015000000000001,-5.6e-08,5.6e-08,3.136e-15,-1.2000000000000002e-08,-7.479999999999999e-16,-7.655607726314889,-7.467245621007502,-1.5454545454545456,,,,,,,,,,,,,,,,,,,,,,,,
BDBFCz-Trz,gas,stda,2.53e-08,3.34e-08,3.772,3.385,0.387,0.7341,6.454000000000001,8.1e-09,8.1e-09,6.561e-17,5.87e-08,8.450200000000002e-16,-7.595166283380061,-7.474955192963154,1.3201581027667983,,,,,,,,,,,,,,,,,,,,,,,,
BDBFCz-Trz,gas,stddft,3.11e-08,-3.26e-08,3.718,3.364,0.3540000000000001,0.5983,6.454000000000001,-6.37e-08,6.37e-08,4.057689999999999e-15,-1.5e-09,-1.01386e-15,-7.505845405981558,-7.485452247339714,-1.0482315112540193,,,,,,,,,,,,,,,,,,,,,,,,
BDBFCz-Trz,toluene,stda,-2.59e-08,5.01e-08,3.763,3.381,0.3820000000000001,0.7852,6.431,7.599999999999999e-08,7.599999999999999e-08,5.775999999999999e-15,2.42e-08,-1.29759e-15,-7.585026652029182,-7.29929628285498,-1.9343629343629345,,,,,,,,,,,,,,,,,,,,,,,,
BDBFCz-Trz,toluene,stddft,-8.4e-09,-2.71e-08,3.713,3.36,0.3530000000000002,0.642,6.431,-1.87e-08,1.87e-08,3.4969000000000007e-16,-3.55e-08,2.2764000000000004e-16,-8.070581074285707,-7.565431095965801,3.226190476190476,,,,,,,,,,,,,,,,,,,,,,,,
BDBTCz-Trz,gas,stda,-2.23e-08,-3.44e-08,3.809,3.422,0.387,0.6731,6.382000000000001,-1.2099999999999996e-08,1.2099999999999996e-08,1.464099999999999e-16,-5.67e-08,7.671199999999999e-16,-7.649751981665837,-7.462180904926726,1.5426008968609863,,,,,,,,,,,,,,,,,,,,,,,,
BDBTCz-Trz,gas,stddft,-6.97e-08,-5.2e-09,3.757,3.402,0.355,0.5514,6.382000000000001,6.45e-08,6.45e-08,4.160250000000001e-15,-7.49e-08,3.6244e-16,-7.156144577376839,-8.275724130399212,0.0746054519368723,,,,,,,,,,,,,,,,,,,,,,,,
BDBTCz-Trz,toluene,stda,6e-08,-8.4e-09,3.797,3.406,0.391,0.7733,6.367999999999999,-6.839999999999999e-08,6.839999999999999e-08,4.678559999999999e-15,5.159999999999999e-08,-5.04e-16,-7.221125527997261,-8.070581074285707,-0.14,,,,,,,,,,,,,,,,,,,,,,,,
BDBTCz-Trz,toluene,stddft,-5.56e-08,-3.21e-08,3.747,3.385,0.3620000000000001,0.6314,6.367999999999999,2.35e-08,2.35e-08,5.5225e-16,-8.77e-08,1.7847600000000002e-15,-7.254144804826271,-7.492144128304169,0.577338129496403,,,,,,,,,,,,,,,,,,,,,,,,
BDPCC,gas,stda,4.98e-08,4.28e-08,3.77,3.326,0.4439999999999999,0.3476,6.984,-7.000000000000003e-09,7.000000000000003e-09,4.900000000000005e-17,9.26e-08,2.13144e-15,-7.30189945437661,-7.367542707815276,0.859437751004016,,,,,,,,,,,,,,,,,,,,,,,,
BDPCC,gas,stddft,1.35e-07,-8.4e-09,3.719,3.304,0.415,0.3072,6.984,-1.434e-07,1.434e-07,2.056356e-14,1.266e-07,-1.134e-15,-6.869344650977969,-8.070581074285707,-0.0622222222222222,,,,,,,,,,,,,,,,,,,,,,,,
BDPCC,toluene,stda,7.13e-08,-6.09e-08,3.81,3.362,0.4479999999999999,0.211,7.037,-1.3219999999999998e-07,1.3219999999999998e-07,1.7476839999999993e-14,1.04e-08,-4.3421699999999985e-15,-7.146301788223826,-7.214670164989233,-0.8541374474053296,,,,,,,,,,,,,,,,,,,,,,,,
BDPCC,toluene,stddft,1.043e-07,-4.56e-08,3.76,3.339,0.4209999999999998,0.1949,7.037,-1.499e-07,1.499e-07,2.247001e-14,5.87e-08,-4.75608e-15,-6.981299501333757,-7.34008379993015,-0.4372003835091083,,,,,,,,,,,,,,,,,,,,,,,,
BDQ-tBuCz,gas,stda,9.47e-08,-2.9e-09,2.753,2.457,0.2960000000000002,0.3225,5.920999999999999,-9.76e-08,9.76e-08,9.52576e-15,9.18e-08,-2.7463e-16,-7.023191662661934,-8.522878745280337,-0.0306230200633579,,,,,,,,,,,,,,,,,,,,,,,,
BDQ-tBuCz,gas,stddft,2.84e-08,7.61e-08,2.722,2.433,0.2890000000000001,0.2818,5.920999999999999,4.77e-08,4.77e-08,2.2752899999999995e-15,1.045e-07,2.16124e-15,-7.54515513999149,-7.1180450286604,2.6795774647887325,,,,,,,,,,,,,,,,,,,,,,,,
BDQ-tBuCz,toluene,stda,2.26e-08,-2.4e-09,2.786,2.472,0.314,0.3467,5.9270000000000005,-2.5e-08,2.5e-08,6.249999999999999e-16,2.02e-08,-5.424e-17,-7.643974142806877,-8.602059991327963,-0.1061946902654867,,,,,,,,,,,,,,,,,,,,,,,,
BDQ-tBuCz,toluene,stddft,-3.51e-08,1.3e-09,2.752,2.448,0.3039999999999998,0.3016,5.9270000000000005,3.64e-08,3.64e-08,1.3249600000000001e-15,-3.3800000000000005e-08,-4.563000000000001e-17,-7.453457336521869,-8.853871964321762,-0.037037037037037,,,,,,,,,,,,,,,,,,,,,,,,
BDQC-2,gas,stda,1.94e-08,-8.5e-09,3.36,3.009,0.351,0.2749,5.658000000000001,-2.79e-08,2.79e-08,7.7841e-16,1.0899999999999998e-08,-1.6489999999999998e-16,-7.709965388637482,-8.065501548756432,-0.4381443298969072,,,,,,,,,,,,,,,,,,,,,,,,
BDQC-2,gas,stddft,3.16e-08,6.7e-09,3.329,2.985,0.3440000000000003,0.2634,5.658000000000001,-2.49e-08,2.49e-08,6.200099999999999e-16,3.83e-08,2.1172e-16,-7.498940737782249,-8.167491087293763,0.2120253164556962,,,,,,,,,,,,,,,,,,,,,,,,
BDQC-2,toluene,stda,-2.45e-08,6.23e-08,3.339,2.987,0.3519999999999998,0.2903,5.5680000000000005,8.68e-08,8.68e-08,7.534239999999999e-15,3.78e-08,-1.52635e-15,-7.609064892896621,-7.204815410317576,-2.5428571428571427,,,,,,,,,,,,,,,,,,,,,,,,
BDQC-2,toluene,stddft,2.71e-08,4.78e-08,3.307,2.963,0.3439999999999998,0.2736,5.5680000000000005,2.07e-08,2.07e-08,4.2848999999999994e-16,7.49e-08,1.29538e-15,-7.565431095965801,-7.319664486585437,1.7638376383763836,,,,,,,,,,,,,,,,,,,,,,,,
BDQDMAC,gas,stda,-1.19e-08,1.86e-08,2.629,2.497,0.1320000000000001,0.1292,5.627,3.05e-08,3.05e-08,9.3025e-16,6.7e-09,-2.2134000000000004e-16,-7.920818753952375,-7.728158393463501,-1.5630252100840336,,,,,,,,,,,,,,,,,,,,,,,,
BDQDMAC,gas,stddft,5.22e-08,4.97e-08,2.616,2.485,0.1310000000000002,0.1175,5.627,-2.499999999999996e-09,2.499999999999996e-09,6.24999999999998e-18,1.019e-07,2.59434e-15,-7.281498311132726,-7.302770657240282,0.9521072796934866,,,,,,,,,,,,,,,,,,,,,,,,
BDQDMAC,toluene,stda,-1.6e-09,1.4e-09,2.664,2.527,0.137,0.1313,5.614,3e-09,3e-09,9e-18,-2.000000000000001e-10,-2.24e-18,-8.769551078621726,-8.823908740944319,-0.8749999999999999,,,,,,,,,,,,,,,,,,,,,,,,
BDQDMAC,toluene,stddft,3.86e-08,-1.31e-08,2.651,2.514,0.137,0.1193,5.614,-5.17e-08,5.17e-08,2.67289e-15,2.5500000000000003e-08,-5.0566e-16,-7.412289034981089,-7.87942606879415,-0.3393782383419689,,,,,,,,,,,,,,,,,,,,,,,,
BDQPCz,gas,stda,-1.137e-07,1.648e-07,3.396,3.055,0.3409999999999997,0.183,5.986000000000001,2.785e-07,2.785e-07,7.756225000000001e-14,5.1099999999999994e-08,-1.873776e-14,-6.943857737940948,-6.782779344355482,-1.449428320140721,,,,,,,,,,,,,,,,,,,,,,,,
BDQPCz,gas,stddft,6.25e-08,1.577e-07,3.381,3.02,0.3609999999999997,0.2038,5.986000000000001,9.52e-08,9.52e-08,9.063039999999998e-15,2.2020000000000003e-07,9.856249999999998e-15,-7.20342566678957,-6.801893001126598,2.5232,,,,,,,,,,,,,,,,,,,,,,,,
BDQPCz,toluene,stda,7.83e-08,-1.299e-07,3.437,3.091,0.3459999999999996,0.1326,6.058999999999999,-2.082e-07,2.082e-07,4.334724e-14,-5.159999999999999e-08,-1.017117e-14,-7.105683937315561,-6.886056647693163,-1.6590038314176243,,,,,,,,,,,,,,,,,,,,,,,,
BDQPCz,toluene,stddft,-3.85e-08,2.33e-08,3.426,3.054,0.3720000000000003,0.1562,6.058999999999999,6.18e-08,6.18e-08,3.8192399999999985e-15,-1.52e-08,-8.9705e-16,-7.413412695328245,-7.6307841425898575,-0.6051948051948052,,,,,,,,,,,,,,,,,,,,,,,,
BFCZPZ1,gas,stda,6.54e-08,5.84e-08,3.546,3.139,0.407,0.9595,6.793000000000001,-7.000000000000003e-09,7.000000000000003e-09,4.900000000000005e-17,1.238e-07,3.8193600000000006e-15,-7.183758700008217,-7.232844133917819,0.8929663608562691,,,,,,,,,,,,,,,,,,,,,,,,
BFCZPZ1,gas,stddft,-1.34e-08,6.02e-08,3.504,3.114,0.3900000000000001,0.8394,6.793000000000001,7.36e-08,7.36e-08,5.41696e-15,4.68e-08,-8.066799999999999e-16,-7.869666231504994,-7.219682687859849,-4.492537313432836,,,,,,,,,,,,,,,,,,,,,,,,
BFCZPZ1,toluene,stda,1.4e-09,-2.28e-08,3.475,3.086,0.3890000000000002,0.9062,6.77,-2.42e-08,2.42e-08,5.856399999999999e-16,-2.14e-08,-3.192e-17,-8.823908740944319,-7.640164517660112,-16.285714285714285,,,,,,,,,,,,,,,,,,,,,,,,
BFCZPZ1,toluene,stddft,3e-08,-1e-09,3.434,3.063,0.371,0.7858,6.77,-3.1e-08,3.1e-08,9.61e-16,2.9e-08,-3e-17,-7.521433504406157,-8.958607314841775,-0.0333333333333333,,,,,,,,,,,,,,,,,,,,,,,,
BFCZPZ2,gas,stda,-1.81e-08,-6.41e-08,3.585,3.162,0.423,1.8042,6.824999999999999,-4.6e-08,4.6e-08,2.116e-15,-8.22e-08,1.16021e-15,-7.739928612014925,-7.192464971931146,3.541436464088397,,,,,,,,,,,,,,,,,,,,,,,,
BFCZPZ2,gas,stddft,4.09e-08,-8.51e-08,3.546,3.138,0.4079999999999999,1.5898,6.824999999999999,-1.26e-07,1.26e-07,1.5876e-14,-4.42e-08,-3.4805900000000004e-15,-7.387216143280264,-7.0695604052333,-2.080684596577017,,,,,,,,,,,,,,,,,,,,,,,,
BFCZPZ2,toluene,stda,2.58e-08,-2.82e-08,3.59,3.166,0.4239999999999999,1.6787,6.843999999999999,-5.4e-08,5.4e-08,2.916e-15,-2.4000000000000012e-09,-7.2756e-16,-7.586700235918748,-7.548213564475709,-1.0930232558139537,,,,,,,,,,,,,,,,,,,,,,,,
BFCZPZ2,toluene,stddft,2.13e-08,-5.38e-08,3.551,3.142,0.4090000000000002,1.4799,6.843999999999999,-7.51e-08,7.51e-08,5.640010000000001e-15,-3.25e-08,-1.1459399999999998e-15,-7.669586226650809,-7.268411234813262,-2.5258215962441315,,,,,,,,,,,,,,,,,,,,,,,,
BFCZPZ3,gas,stda,-6.8e-09,-7.64e-08,3.694,3.278,0.4159999999999999,0.6531,7.121999999999999,-6.96e-08,6.96e-08,4.84416e-15,-8.319999999999999e-08,5.195199999999999e-16,-8.161150909262744,-7.116338564846383,11.235294117647058,,,,,,,,,,,,,,,,,,,,,,,,
BFCZPZ3,gas,stddft,9.9e-09,2e-09,3.66,3.255,0.4050000000000002,0.5806,7.121999999999999,-7.9e-09,7.9e-09,6.240999999999999e-17,1.19e-08,1.98e-17,-8.0,-8.67778070526608,0.202020202020202,,,,,,,,,,,,,,,,,,,,,,,,
BFCZPZ3,toluene,stda,-3.7e-08,-5.38e-08,3.685,3.248,0.4369999999999998,0.6773,7.116,-1.6799999999999998e-08,1.6799999999999998e-08,2.8223999999999993e-16,-9.08e-08,1.9906e-15,-7.430626090384954,-7.268411234813262,1.454054054054054,,,,,,,,,,,,,,,,,,,,,,,,
BFCZPZ3,toluene,stddft,-2.35e-08,-5.02e-08,3.649,3.225,0.4239999999999999,0.5973,7.116,-2.67e-08,2.67e-08,7.1289e-16,-7.37e-08,1.1797e-15,-7.627087997029894,-7.298432014944073,2.1361702127659576,,,,,,,,,,,,,,,,,,,,,,,,
BFDMAc-NAI,gas,stda,-1.62e-08,1.36e-08,2.554,2.416,0.1379999999999999,0.0906,5.228,2.98e-08,2.98e-08,8.880399999999999e-16,-2.6e-09,-2.2032e-16,-7.787812395596042,-7.863279432843593,-0.8395061728395061,,,,,,,,,,,,,,,,,,,,,,,,
BFDMAc-NAI,gas,stddft,1.63e-08,2.42e-08,2.544,2.401,0.1430000000000002,0.086,5.228,7.900000000000001e-09,7.900000000000001e-09,6.241000000000001e-17,4.05e-08,3.9446000000000005e-16,-7.785156151952302,-7.614393726401688,1.4846625766871169,,,,,,,,,,,,,,,,,,,,,,,,
BFDMAc-NAI,toluene,stda,2.75e-08,-2.11e-08,2.267,2.103,0.1639999999999997,0.1178,5.023,-4.86e-08,4.86e-08,2.36196e-15,6.400000000000001e-09,-5.8025e-16,-7.559090917934782,-7.673664139071248,-0.7672727272727272,,,,,,,,,,,,,,,,,,,,,,,,
BFDMAc-NAI,toluene,stddft,-2.1e-09,2.58e-08,2.253,2.09,0.1630000000000002,0.1086,5.023,2.79e-08,2.79e-08,7.7841e-16,2.37e-08,-5.418000000000001e-17,-8.657577319177793,-7.586700235918748,-12.285714285714285,,,,,,,,,,,,,,,,,,,,,,,,
BICFOCz,gas,stda,4.16e-08,-8.36e-08,3.898,3.412,0.4860000000000002,0.0528,7.093000000000001,-1.2519999999999998e-07,1.2519999999999998e-07,1.5675039999999996e-14,-4.199999999999999e-08,-3.47776e-15,-7.379863945026242,-7.07727454200674,-2.0096153846153846,,,,,,,,,,,,,,,,,,,,,,,,
BICFOCz,gas,stddft,1.247e-07,-1.272e-07,3.828,3.388,0.4399999999999999,0.0458,7.093000000000001,-2.519e-07,2.519e-07,6.345360999999999e-14,-2.500000000000002e-09,-1.586184e-14,-6.903785414653595,-6.895171596346344,-1.0200481154771452,,,,,,,,,,,,,,,,,,,,,,,,
BICFOCz,toluene,stda,-8.5e-08,2.57e-08,3.887,3.429,0.4580000000000002,0.0762,7.241,1.107e-07,1.107e-07,1.2254489999999998e-14,-5.93e-08,-2.1845e-15,-7.070070439915412,-7.58838029403677,-0.3023529411764706,,,,,,,,,,,,,,,,,,,,,,,,
BICFOCz,toluene,stddft,3.57e-08,9.5e-09,3.816,3.406,0.4099999999999997,0.062,7.241,-2.6200000000000003e-08,2.6200000000000003e-08,6.864400000000003e-16,4.52e-08,3.3915e-16,-7.446116973356125,-8.017728766960431,0.2661064425770308,,,,,,,,,,,,,,,,,,,,,,,,
BIPOCz,gas,stda,-1.171e-07,-4.74e-08,3.894,3.401,0.4930000000000003,0.0278,7.362000000000001,6.97e-08,6.97e-08,4.858089999999999e-15,-1.645e-07,5.55054e-15,-6.931072388317928,-7.323306390375134,0.4047822374039282,,,,,,,,,,,,,,,,,,,,,,,,
BIPOCz,gas,stddft,4.24e-08,8.2e-09,3.822,3.373,0.4489999999999998,0.0284,7.362000000000001,-3.42e-08,3.42e-08,1.1696400000000002e-15,5.06e-08,3.4768000000000006e-16,-7.371611069949688,-8.080921907623926,0.1933962264150943,,,,,,,,,,,,,,,,,,,,,,,,
BIPOCz,toluene,stda,-3.61e-08,1.89e-08,3.893,3.411,0.4819999999999997,0.0418,7.369,5.5e-08,5.5e-08,3.0250000000000004e-15,-1.72e-08,-6.8229e-16,-7.441291429466834,-7.721246399047171,-0.5235457063711911,,,,,,,,,,,,,,,,,,,,,,,,
BIPOCz,toluene,stddft,7.58e-08,-1.55e-08,3.822,3.384,0.4380000000000001,0.0368,7.369,-9.13e-08,9.13e-08,8.33569e-15,6.03e-08,-1.1749e-15,-7.11975822410452,-7.806875401645538,-0.204485488126649,,,,,,,,,,,,,,,,,,,,,,,,
BMIM,gas,stda,-2.33e-08,-1.7e-09,2.943,2.415,0.528,1.5017,4.809000000000001,2.16e-08,2.16e-08,4.6656e-16,-2.5e-08,3.961e-17,-7.6307841425898575,-8.744727494896694,0.0729613733905579,,,,,,,,,,,,,,,,,,,,,,,,
BMIM,gas,stddft,-3.26e-08,-4.36e-08,2.888,2.383,0.5049999999999999,1.2952,4.809000000000001,-1.1e-08,1.1e-08,1.21e-16,-7.620000000000002e-08,1.42136e-15,-7.485452247339714,-7.359518563029578,1.3374233128834356,,,,,,,,,,,,,,,,,,,,,,,,
BMIM,toluene,stda,7.28e-08,3.57e-08,2.574,2.075,0.4989999999999996,0.1473,4.395000000000001,-3.71e-08,3.71e-08,1.37641e-15,1.085e-07,2.5989600000000003e-15,-7.137272471682025,-7.446116973356125,0.4903846153846153,,,,,,,,,,,,,,,,,,,,,,,,
BMIM,toluene,stddft,-9.9e-09,3.26e-08,2.56,2.048,0.512,0.1524,4.395000000000001,4.2500000000000003e-08,4.2500000000000003e-08,1.80625e-15,2.27e-08,-3.2274e-16,-8.0,-7.485452247339714,-3.2929292929292933,,,,,,,,,,,,,,,,,,,,,,,,
BMZ-TZ,gas,stda,3.34e-08,1.03e-08,3.334,3.355,-0.0209999999999999,0.0092,6.673,-2.3100000000000002e-08,2.3100000000000002e-08,5.336100000000001e-16,4.37e-08,3.4402e-16,-7.474955192963154,-7.982966660701219,0.3083832335329341,,,,,,,,,,,,,,,,,,,,,,,,
BMZ-TZ,gas,stddft,1.024e-07,-7.7e-09,3.333,3.354,-0.0209999999999999,0.0089,6.673,-1.101e-07,1.101e-07,1.212201e-14,9.470000000000001e-08,-7.884799999999999e-16,-6.989276134608227,-8.10790539730952,-0.0751953124999999,,,,,,,,,,,,,,,,,,,,,,,,
BMZ-TZ,toluene,stda,5.15e-08,6.71e-08,3.373,3.381,-0.0079999999999995,0.0077,6.801,1.56e-08,1.56e-08,2.4336e-16,1.1860000000000002e-07,3.45565e-15,-7.287350298372789,-7.172630726946175,1.3029126213592233,,,,,,,,,,,,,,,,,,,,,,,,
BMZ-TZ,toluene,stddft,1.77e-08,-2.95e-08,3.372,3.378,-0.0060000000000002,0.0075,6.801,-4.72e-08,4.72e-08,2.22784e-15,-1.18e-08,-5.2215e-16,-7.749579997691106,-7.528708288941061,-1.6666666666666667,,,,,,,,,,,,,,,,,,,,,,,,
BN-DBC-Ph2,gas,stda,2.9e-09,-6.29e-08,2.586,1.876,0.71,0.2978,5.448,-6.580000000000002e-08,6.580000000000002e-08,4.329640000000001e-15,-6e-08,-1.8241e-16,-8.522878745280337,-7.200659450546419,-21.689655172413797,,,,,,,,,,,,,,,,,,,,,,,,
BN-DBC-Ph2,gas,stddft,-3.6e-09,-5.96e-08,2.51,1.833,0.6769999999999998,0.3149,5.448,-5.6e-08,5.6e-08,3.136e-15,-6.32e-08,2.1455999999999998e-16,-8.431798275933005,-7.224025668870631,16.555555555555554,,,,,,,,,,,,,,,,,,,,,,,,
BN-DBC-Ph2,toluene,stda,-2.01e-08,-7.17e-08,2.45,1.844,0.6060000000000001,0.3011,5.265000000000001,-5.16e-08,5.16e-08,2.66256e-15,-9.18e-08,1.4411700000000001e-15,-7.694648630553377,-7.1438755557577,3.567164179104477,,,,,,,,,,,,,,,,,,,,,,,,
BN-DBC-Ph2,toluene,stddft,-4e-09,5.1e-09,2.382,1.806,0.5760000000000001,0.2694,5.265000000000001,9.1e-09,9.1e-09,8.281000000000001e-17,1.1e-09,-2.0400000000000002e-17,-8.387216143280265,-8.2839966563652,-1.275,,,,,,,,,,,,,,,,,,,,,,,,
BO3N,gas,stda,2.76e-08,-5.56e-08,3.002,2.027,0.9749999999999996,0.1038,5.882,-8.32e-08,8.32e-08,6.922240000000001e-15,-2.8000000000000006e-08,-1.53456e-15,-7.557520230935552,-7.254144804826271,-2.0144927536231885,,,,,,,,,,,,,,,,,,,,,,,,
BO3N,gas,stddft,-1.306e-07,2.89e-08,2.892,1.951,0.9409999999999998,0.0568,5.882,1.595e-07,1.595e-07,2.544025e-14,-1.017e-07,-3.77434e-15,-6.883724412419456,-7.5376020021010435,-0.2212863705972435,,,,,,,,,,,,,,,,,,,,,,,,
BO3N,toluene,stda,-2.66e-08,-1.29e-08,2.989,2.046,0.943,0.1408,5.847,1.37e-08,1.37e-08,1.8769e-16,-3.95e-08,3.4314e-16,-7.573488738635425,-7.886056647693163,0.4849624060150376,,,,,,,,,,,,,,,,,,,,,,,,
BO3N,toluene,stddft,1.93e-08,-2.169e-07,2.901,1.969,0.9319999999999996,0.0844,5.847,-2.362e-07,2.362e-07,5.579044e-14,-1.976e-07,-4.18617e-15,-7.712198270069773,-6.663540266151471,-11.238341968911916,,,,,,,,,,,,,,,,,,,,,,,,
BP-mDTC,gas,stda,8.07e-08,-3.48e-08,3.698,3.398,0.2999999999999998,0.1663,6.302,-1.155e-07,1.155e-07,1.3340249999999999e-14,4.59e-08,-2.80836e-15,-7.092588639225414,-7.45717457304082,-0.4312267657992565,,,,,,,,,,,,,,,,,,,,,,,,
BP-mDTC,gas,stddft,-1.75e-08,-2.91e-08,3.665,3.382,0.2829999999999999,0.1636,6.302,-1.1599999999999998e-08,1.1599999999999998e-08,1.3455999999999996e-16,-4.66e-08,5.0925e-16,-7.75448733218585,-7.534617148551582,1.6628571428571426,,,,,,,,,,,,,,,,,,,,,,,,
BP-mDTC,toluene,stda,1.42e-08,2.98e-08,3.667,3.381,0.286,0.1369,6.215,1.56e-08,1.56e-08,2.4336e-16,4.4e-08,4.2315999999999996e-16,-7.844663962534939,-7.52432881167557,2.0985915492957745,,,,,,,,,,,,,,,,,,,,,,,,
BP-mDTC,toluene,stddft,-5.88e-08,-6.9e-09,3.637,3.362,0.2749999999999999,0.1314,6.215,5.19e-08,5.19e-08,2.69361e-15,-6.57e-08,4.0571999999999996e-16,-7.229884705212898,-8.154901959985743,0.1173469387755102,,,,,,,,,,,,,,,,,,,,,,,,
BPBiPA,gas,stda,-2.37e-08,-4.47e-08,3.196,2.254,0.9420000000000002,0.6911,6.321,-2.1000000000000003e-08,2.1000000000000003e-08,4.410000000000001e-16,-6.84e-08,1.05939e-15,-7.623423042943488,-7.348721986001855,1.8860759493670889,,,,,,,,,,,,,,,,,,,,,,,,
BPBiPA,gas,stddft,9.65e-08,-1.585e-07,3.039,2.184,0.855,0.504,6.321,-2.55e-07,2.55e-07,6.502499999999999e-14,-6.2e-08,-1.529525e-14,-7.015022873584507,-6.799696817018415,-1.6424870466321244,,,,,,,,,,,,,,,,,,,,,,,,
BPBiPA,toluene,stda,7.82e-08,3.35e-08,3.219,2.259,0.96,0.6309,6.374,-4.47e-08,4.47e-08,1.99809e-15,1.117e-07,2.6197e-15,-7.106238237942057,-7.473660722610156,0.4283887468030691,,,,,,,,,,,,,,,,,,,,,,,,
BPBiPA,toluene,stddft,-4.85e-08,-5.77e-08,3.053,2.188,0.8649999999999998,0.4545,6.374,-9.200000000000005e-09,9.200000000000005e-09,8.464000000000004e-17,-1.062e-07,2.79845e-15,-7.313363730737707,-7.2380721615794705,1.1896907216494843,,,,,,,,,,,,,,,,,,,,,,,,
BPCN-2Cz,gas,stda,5.59e-08,2.12e-08,3.859,3.381,0.4780000000000002,0.1982,6.609,-3.47e-08,3.47e-08,1.20409e-15,7.71e-08,1.18508e-15,-7.251811972993799,-7.671620396561262,0.3792486583184258,,,,,,,,,,,,,,,,,,,,,,,,
BPCN-2Cz,gas,stddft,-5.94e-08,3.61e-08,3.791,3.359,0.4319999999999999,0.1616,6.609,9.55e-08,9.55e-08,9.12025e-15,-2.3300000000000003e-08,-2.14434e-15,-7.22548303427145,-7.441291429466834,-0.6077441077441077,,,,,,,,,,,,,,,,,,,,,,,,
BPCN-2Cz,toluene,stda,3.44e-08,1.9e-08,3.845,3.363,0.4820000000000002,0.1735,6.625,-1.5399999999999996e-08,1.5399999999999996e-08,2.3715999999999984e-16,5.34e-08,6.536e-16,-7.462180904926726,-7.718966632752273,0.5523255813953489,,,,,,,,,,,,,,,,,,,,,,,,
BPCN-2Cz,toluene,stddft,1.22e-08,5.1e-09,3.776,3.34,0.4359999999999999,0.1418,6.625,-7.1e-09,7.1e-09,5.041e-17,1.73e-08,6.222e-17,-7.910094888560602,-8.2839966563652,0.4180327868852459,,,,,,,,,,,,,,,,,,,,,,,,
BPCN-Cz2Ph,gas,stda,-7.28e-08,8.38e-08,3.866,3.452,0.4140000000000001,0.1492,6.779000000000001,1.566e-07,1.566e-07,2.4523560000000002e-14,1.0999999999999993e-08,-6.10064e-15,-7.137272471682025,-7.0762380391713,-1.151098901098901,,,,,,,,,,,,,,,,,,,,,,,,
BPCN-Cz2Ph,gas,stddft,8.8e-09,-5.95e-08,3.805,3.43,0.375,0.1257,6.779000000000001,-6.83e-08,6.83e-08,4.664889999999999e-15,-5.07e-08,-5.236e-16,-8.050609993355087,-7.2247537402597635,-6.761363636363637,,,,,,,,,,,,,,,,,,,,,,,,
BPCN-Cz2Ph,toluene,stda,-7.5e-09,-2.2e-08,3.846,3.411,0.435,0.1626,6.82,-1.45e-08,1.45e-08,2.1025e-16,-2.95e-08,1.6499999999999994e-16,-8.119186407719209,-7.655607726314889,2.9333333333333336,,,,,,,,,,,,,,,,,,,,,,,,
BPCN-Cz2Ph,toluene,stddft,4.34e-08,2.42e-08,3.783,3.389,0.3940000000000001,0.1368,6.82,-1.92e-08,1.92e-08,3.686399999999999e-16,6.76e-08,1.05028e-15,-7.361510743045363,-7.614393726401688,0.5576036866359447,,,,,,,,,,,,,,,,,,,,,,,,
BPCP-2CPC,gas,stda,-3.57e-08,1.203e-07,3.5,3.216,0.2839999999999998,0.1501,6.15,1.5600000000000002e-07,1.5600000000000002e-07,2.4336000000000007e-14,8.46e-08,-4.294710000000001e-15,-7.446116973356125,-6.919373513078194,-3.369747899159664,,,,,,,,,,,,,,,,,,,,,,,,
BPCP-2CPC,gas,stddft,-9.9e-09,3.1e-09,3.478,3.198,0.2800000000000002,0.1344,6.15,1.3e-08,1.3e-08,1.6899999999999996e-16,-6.8e-09,-3.069e-17,-8.0,-8.494850021680094,-0.3131313131313131,,,,,,,,,,,,,,,,,,,,,,,,
BPCP-2CPC,toluene,stda,1.24e-08,1.87e-08,3.253,2.932,0.3210000000000002,0.2061,5.987,6.2999999999999985e-09,6.2999999999999985e-09,3.968999999999998e-17,3.11e-08,2.3188e-16,-7.903089986991944,-7.72584215073632,1.508064516129032,,,,,,,,,,,,,,,,,,,,,,,,
BPCP-2CPC,toluene,stddft,4.34e-08,-2.94e-08,3.227,2.915,0.3119999999999998,0.1816,5.987,-7.279999999999999e-08,7.279999999999999e-08,5.299839999999998e-15,1.4e-08,-1.27596e-15,-7.361510743045363,-7.530177984021837,-0.6774193548387096,,,,,,,,,,,,,,,,,,,,,,,,
BPPyA,gas,stda,8.67e-08,-1.3e-09,2.797,2.263,0.5340000000000003,0.9898,5.748,-8.800000000000002e-08,8.800000000000002e-08,7.744000000000001e-15,8.54e-08,-1.1271e-16,-7.061480274823508,-8.853871964321762,-0.0149942329873125,,,,,,,,,,,,,,,,,,,,,,,,
BPPyA,gas,stddft,-6.54e-08,-8.09e-08,2.739,2.208,0.5309999999999997,0.831,5.748,-1.55e-08,1.55e-08,2.4025e-16,-1.463e-07,5.29086e-15,-7.183758700008217,-7.091514981121351,1.2370030581039757,,,,,,,,,,,,,,,,,,,,,,,,
BPPyA,toluene,stda,-2.18e-08,8.67e-08,2.766,2.231,0.5350000000000001,1.0314,5.705,1.085e-07,1.085e-07,1.177225e-14,6.49e-08,-1.89006e-15,-7.6595558851598815,-7.061480274823508,-3.9770642201834874,,,,,,,,,,,,,,,,,,,,,,,,
BPPyA,toluene,stddft,-2.9e-08,1.297e-07,2.707,2.175,0.532,0.8645,5.705,1.587e-07,1.587e-07,2.5185690000000004e-14,1.007e-07,-3.7613000000000006e-15,-7.536107011014093,-6.88672530753565,-4.472413793103448,,,,,,,,,,,,,,,,,,,,,,,,
BPZPP,gas,stda,-1.8e-09,-5.8e-08,2.971,2.666,0.3050000000000001,0.1778,5.122999999999999,-5.62e-08,5.62e-08,3.15844e-15,-5.98e-08,1.044e-16,-8.721246399047171,-7.235823867609669,32.22222222222222,,,,,,,,,,,,,,,,,,,,,,,,
BPZPP,gas,stddft,-7.7e-08,-1e-10,2.945,2.64,0.3049999999999997,0.1558,5.122999999999999,7.690000000000002e-08,7.690000000000002e-08,5.913610000000001e-15,-7.71e-08,7.7e-18,-7.112945621949043,-9.69897000433602,0.0012987012987012,,,,,,,,,,,,,,,,,,,,,,,,
BPZPP,toluene,stda,-2.57e-08,-2.86e-08,2.95,2.636,0.314,0.1731,5.1370000000000005,-2.9000000000000032e-09,2.9000000000000032e-09,8.410000000000016e-18,-5.43e-08,7.3502e-16,-7.58838029403677,-7.542118103266008,1.11284046692607,,,,,,,,,,,,,,,,,,,,,,,,
BPZPP,toluene,stddft,8.01e-08,-7.14e-08,2.923,2.611,0.3119999999999998,0.1517,5.1370000000000005,-1.515e-07,1.515e-07,2.295225e-14,8.699999999999992e-09,-5.71914e-15,-7.095825631715837,-7.14569395819892,-0.8913857677902622,,,,,,,,,,,,,,,,,,,,,,,,
BPy-TP2,gas,stda,-1.65e-08,3.13e-08,3.88,3.578,0.302,0.0004,7.135,4.780000000000001e-08,4.780000000000001e-08,2.2848400000000007e-15,1.4800000000000003e-08,-5.1645e-16,-7.779891911959945,-7.503070351926785,-1.8969696969696968,,,,,,,,,,,,,,,,,,,,,,,,
BPy-TP2,gas,stddft,1.2e-08,-6.32e-08,3.853,3.539,0.314,0.0004,7.135,-7.52e-08,7.52e-08,5.65504e-15,-5.12e-08,-7.584e-16,-7.91721462968355,-7.198596289982645,-5.266666666666667,,,,,,,,,,,,,,,,,,,,,,,,
BPy-TP2,toluene,stda,8.71e-08,-1.205e-07,3.88,3.586,0.294,0.0004,7.111,-2.076e-07,2.076e-07,4.309776e-14,-3.3399999999999995e-08,-1.049555e-14,-7.059483515067432,-6.918652692195868,-1.383467278989667,,,,,,,,,,,,,,,,,,,,,,,,
BPy-TP2,toluene,stddft,7.79e-08,-9.37e-08,3.852,3.546,0.306,0.0004,7.111,-1.716e-07,1.716e-07,2.944656e-14,-1.5799999999999996e-08,-7.299230000000001e-15,-7.107905397309519,-7.027797161620936,-1.202824133504493,,,,,,,,,,,,,,,,,,,,,,,,
BSBFB,gas,stda,3.46e-08,-2.37e-08,4.473,3.688,0.7849999999999997,1.4663,7.678000000000001,-5.83e-08,5.83e-08,3.39889e-15,1.0899999999999998e-08,-8.2002e-16,-7.459670525209126,-7.623423042943488,-0.684971098265896,,,,,,,,,,,,,,,,,,,,,,,,
BSBFB,gas,stddft,2.62e-08,-3.21e-08,4.435,3.65,0.7849999999999997,1.2993,7.678000000000001,-5.83e-08,5.83e-08,3.39889e-15,-5.900000000000003e-09,-8.410200000000001e-16,-7.580044251510242,-7.492144128304169,-1.2251908396946567,,,,,,,,,,,,,,,,,,,,,,,,
BSBFB,toluene,stda,-2.5e-08,5e-08,4.503,3.7,0.8029999999999999,1.4124,7.692,7.5e-08,7.5e-08,5.625e-15,2.5e-08,-1.2499999999999998e-15,-7.600326278518962,-7.300162274132754,-2.0,,,,,,,,,,,,,,,,,,,,,,,,
BSBFB,toluene,stddft,-5.95e-08,-4.66e-08,4.461,3.663,0.7980000000000005,1.2157,7.692,1.2899999999999996e-08,1.2899999999999996e-08,1.664099999999999e-16,-1.061e-07,2.7727e-15,-7.2247537402597635,-7.330683119433888,0.7831932773109245,,,,,,,,,,,,,,,,,,,,,,,,
BTCZPZ1,gas,stda,6.08e-08,-6.62e-08,3.46,3.081,0.379,0.8727,6.721,-1.27e-07,1.27e-07,1.6129000000000003e-14,-5.399999999999995e-09,-4.02496e-15,-7.215382707367125,-7.178486471595227,-1.088815789473684,,,,,,,,,,,,,,,,,,,,,,,,
BTCZPZ1,gas,stddft,3.43e-08,-6.6e-09,3.418,3.06,0.3580000000000001,0.7561,6.721,-4.09e-08,4.09e-08,1.6728100000000005e-15,2.7700000000000003e-08,-2.2638000000000004e-16,-7.46344155742847,-8.173925197299173,-0.1924198250728863,,,,,,,,,,,,,,,,,,,,,,,,
BTCZPZ1,toluene,stda,-4.41e-08,-3.59e-08,3.457,3.086,0.371,0.7737,6.744000000000001,8.2e-09,8.2e-09,6.724000000000001e-17,-8e-08,1.5831899999999998e-15,-7.354577730650908,-7.443697499232713,0.8140589569160998,,,,,,,,,,,,,,,,,,,,,,,,
BTCZPZ1,toluene,stddft,-1.91e-08,5.09e-08,3.418,3.065,0.3530000000000002,0.6728,6.744000000000001,6.999999999999999e-08,6.999999999999999e-08,4.899999999999999e-15,3.18e-08,-9.7219e-16,-7.716698771296451,-7.292429823902063,-2.6649214659685865,,,,,,,,,,,,,,,,,,,,,,,,
BTCz3CzTPN,gas,stda,1.09e-08,-5.56e-08,3.018,2.739,0.2789999999999999,0.4602,6.181,-6.65e-08,6.65e-08,4.422250000000001e-15,-4.47e-08,-6.0604e-16,-7.958607314841775,-7.254144804826271,-5.100917431192661,,,,,,,,,,,,,,,,,,,,,,,,
BTCz3CzTPN,gas,stddft,4.3e-08,-2.1e-09,2.979,2.727,0.2520000000000002,0.401,6.181,-4.51e-08,4.51e-08,2.03401e-15,4.09e-08,-9.03e-17,-7.365522729839268,-8.657577319177793,-0.0488372093023255,,,,,,,,,,,,,,,,,,,,,,,,
BTCz3CzTPN,toluene,stda,6.8e-09,-6.7e-09,2.866,2.553,0.3130000000000001,0.5234,6.103000000000001,-1.3499999999999998e-08,1.3499999999999998e-08,1.8224999999999995e-16,1.0000000000000008e-10,-4.556e-17,-8.161150909262744,-8.167491087293763,-0.9852941176470588,,,,,,,,,,,,,,,,,,,,,,,,
BTCz3CzTPN,toluene,stddft,-5.3e-09,-3.01e-08,2.818,2.539,0.2789999999999999,0.4491,6.103000000000001,-2.48e-08,2.48e-08,6.150399999999998e-16,-3.54e-08,1.5953e-16,-8.267606240177031,-7.519993057042849,5.679245283018867,,,,,,,,,,,,,,,,,,,,,,,,
BTD-PXZ,gas,stda,-1.37e-08,4.2e-09,2.876,2.606,0.27,0.1398,5.642,1.79e-08,1.79e-08,3.2041000000000006e-16,-9.5e-09,-5.754000000000001e-17,-7.860120913598763,-8.366531544420413,-0.3065693430656934,,,,,,,,,,,,,,,,,,,,,,,,
BTD-PXZ,gas,stddft,2.75e-08,-1.17e-08,2.851,2.588,0.2629999999999999,0.1205,5.642,-3.92e-08,3.92e-08,1.53664e-15,1.5800000000000006e-08,-3.2175e-16,-7.559090917934782,-7.928117992693875,-0.4254545454545455,,,,,,,,,,,,,,,,,,,,,,,,
BTD-PXZ,toluene,stda,-1.25e-08,1.3e-08,2.82,2.569,0.2509999999999999,0.1282,5.545000000000001,2.55e-08,2.55e-08,6.5025e-16,5.000000000000012e-10,-1.625e-16,-7.899629454882437,-7.882728704344236,-1.04,,,,,,,,,,,,,,,,,,,,,,,,
BTD-PXZ,toluene,stddft,2.13e-08,5.2e-09,2.796,2.552,0.2439999999999997,0.1103,5.545000000000001,-1.61e-08,1.61e-08,2.5921e-16,2.65e-08,1.1076e-16,-7.669586226650809,-8.275724130399212,0.244131455399061,,,,,,,,,,,,,,,,,,,,,,,,
BTITrz,gas,stda,-6.67e-08,4.22e-08,3.824,3.437,0.387,0.7476,6.134,1.089e-07,1.089e-07,1.185921e-14,-2.4499999999999998e-08,-2.81474e-15,-7.175223537524454,-7.373659632624958,-0.6326836581709147,,,,,,,,,,,,,,,,,,,,,,,,
BTITrz,gas,stddft,-2.57e-08,4.8e-09,3.8,3.415,0.3849999999999998,0.7056,6.134,3.05e-08,3.05e-08,9.3025e-16,-2.09e-08,-1.2336e-16,-7.58838029403677,-8.309803919971486,-0.1867704280155642,,,,,,,,,,,,,,,,,,,,,,,,
BTITrz,toluene,stda,6.13e-08,5.23e-08,3.801,3.42,0.3810000000000002,0.7101,6.149000000000001,-9.000000000000001e-09,9.000000000000001e-09,8.100000000000001e-17,1.136e-07,3.20599e-15,-7.211831628858833,-7.280668713016273,0.8531810766721044,,,,,,,,,,,,,,,,,,,,,,,,
BTITrz,toluene,stddft,6.9e-09,6.9e-09,3.777,3.399,0.3780000000000001,0.6713,6.149000000000001,0.0,0.0,0.0,1.38e-08,4.761e-17,-8.154901959985743,-8.154901959985743,1.0,,,,,,,,,,,,,,,,,,,,,,,,
BTPBFCz,gas,stda,-1.028e-07,-7.42e-08,3.771,3.322,0.4489999999999998,0.1467,6.756,2.859999999999999e-08,2.859999999999999e-08,8.179599999999995e-16,-1.77e-07,7.627759999999999e-15,-6.987584625237568,-7.129011186239425,0.7217898832684826,,,,,,,,,,,,,,,,,,,,,,,,
BTPBFCz,gas,stddft,3.39e-08,-1.71e-08,3.711,3.302,0.4089999999999998,0.1237,6.756,-5.1e-08,5.1e-08,2.601e-15,1.6799999999999998e-08,-5.796900000000002e-16,-7.468521082957745,-7.764471553092451,-0.504424778761062,,,,,,,,,,,,,,,,,,,,,,,,
BTPBFCz,toluene,stda,1.79e-08,6.9e-09,3.763,3.339,0.4239999999999999,0.1723,6.767,-1.1000000000000004e-08,1.1000000000000004e-08,1.2100000000000007e-16,2.48e-08,1.2351e-16,-7.744727494896693,-8.154901959985743,0.3854748603351955,,,,,,,,,,,,,,,,,,,,,,,,
BTPBFCz,toluene,stddft,-4.64e-08,-5.83e-08,3.709,3.318,0.391,0.1496,6.767,-1.19e-08,1.19e-08,1.4161000000000002e-16,-1.047e-07,2.70512e-15,-7.3325470471100465,-7.2335871528876,1.2564655172413792,,,,,,,,,,,,,,,,,,,,,,,,
BTPBFCz-D3,gas,stda,-1.75e-08,-2.7e-09,3.715,3.323,0.3919999999999999,0.0743,6.565,1.48e-08,1.48e-08,2.1904e-16,-2.02e-08,4.7250000000000004e-17,-7.75448733218585,-8.55284196865778,0.1542857142857142,,,,,,,,,,,,,,,,,,,,,,,,
BTPBFCz-D3,gas,stddft,-6.89e-08,-4.51e-08,3.675,3.304,0.371,0.0683,6.565,2.38e-08,2.38e-08,5.664400000000001e-16,-1.14e-07,3.10739e-15,-7.161150909262744,-7.3448615651886175,0.6545718432510885,,,,,,,,,,,,,,,,,,,,,,,,
BTPBFCz-D3,toluene,stda,-6.1e-08,-7e-09,3.753,3.375,0.3780000000000001,0.0728,6.584999999999999,5.4000000000000014e-08,5.4000000000000014e-08,2.916000000000001e-15,-6.8e-08,4.27e-16,-7.213958789757446,-8.148741651280925,0.1147540983606557,,,,,,,,,,,,,,,,,,,,,,,,
BTPBFCz-D3,toluene,stddft,-3e-08,-3e-09,3.708,3.354,0.3540000000000001,0.0684,6.584999999999999,2.7e-08,2.7e-08,7.289999999999998e-16,-3.3e-08,9e-17,-7.521433504406157,-8.508638306165727,0.1,,,,,,,,,,,,,,,,,,,,,,,,
BTPO,gas,stda,2.64e-08,5.68e-08,4.119,3.617,0.5019999999999998,0.2201,7.866,3.0399999999999994e-08,3.0399999999999994e-08,9.241599999999996e-16,8.32e-08,1.4995200000000002e-15,-7.576754126063192,-7.244887733604929,2.1515151515151514,,,,,,,,,,,,,,,,,,,,,,,,
BTPO,gas,stddft,-6.88e-08,1.3e-08,4.075,3.593,0.4820000000000002,0.1923,7.866,8.179999999999999e-08,8.179999999999999e-08,6.691239999999999e-15,-5.58e-08,-8.943999999999999e-16,-7.161780778092374,-7.882728704344236,-0.188953488372093,,,,,,,,,,,,,,,,,,,,,,,,
BTPO,toluene,stda,2.57e-08,4.99e-08,4.098,3.636,0.4619999999999997,0.056,7.882000000000001,2.42e-08,2.42e-08,5.856399999999999e-16,7.56e-08,1.2824299999999998e-15,-7.58838029403677,-7.301029995663981,1.941634241245136,,,,,,,,,,,,,,,,,,,,,,,,
BTPO,toluene,stddft,1.19e-08,3.33e-08,4.048,3.612,0.4359999999999999,0.1872,7.882000000000001,2.14e-08,2.14e-08,4.5796e-16,4.52e-08,3.9627e-16,-7.920818753952375,-7.476253533188435,2.7983193277310923,,,,,,,,,,,,,,,,,,,,,,,,
BTZPP,gas,stda,1.1e-09,-1.8e-09,3.554,2.97,0.5839999999999996,2.8737,5.904999999999999,-2.9e-09,2.9e-09,8.409999999999999e-18,-7.000000000000001e-10,-1.98e-18,-8.920818753952375,-8.721246399047171,-1.6363636363636365,,,,,,,,,,,,,,,,,,,,,,,,
BTZPP,gas,stddft,-9.37e-08,6.49e-08,3.521,2.923,0.5979999999999999,2.5521,5.904999999999999,1.586e-07,1.586e-07,2.515396e-14,-2.8799999999999996e-08,-6.08113e-15,-7.027797161620936,-7.187086643357144,-0.6926360725720385,,,,,,,,,,,,,,,,,,,,,,,,
BTZPP,toluene,stda,-5.09e-08,-1.07e-07,3.483,2.917,0.5660000000000003,2.9572,5.709,-5.6100000000000006e-08,5.6100000000000006e-08,3.1472100000000005e-15,-1.579e-07,5.4463e-15,-7.292429823902063,-6.970210529168145,2.102161100196464,,,,,,,,,,,,,,,,,,,,,,,,
BTZPP,toluene,stddft,2.27e-08,9.75e-08,3.451,2.872,0.5790000000000002,2.6271,5.709,7.480000000000002e-08,7.480000000000002e-08,5.595040000000001e-15,1.202e-07,2.2132500000000002e-15,-7.642065152999546,-7.010550182333308,4.295154185022026,,,,,,,,,,,,,,,,,,,,,,,,
BTZ–DMAC,gas,stda,2.1e-09,-1.016e-07,2.888,2.659,0.2290000000000001,0.1921,5.907,-1.037e-07,1.037e-07,1.075369e-14,-9.95e-08,-2.1336e-16,-8.657577319177793,-6.992679047077256,-48.38095238095237,,,,,,,,,,,,,,,,,,,,,,,,
BTZ–DMAC,gas,stddft,1.35e-08,4.59e-08,2.872,2.633,0.2389999999999998,0.1795,5.907,3.24e-08,3.24e-08,1.04976e-15,5.94e-08,6.1965e-16,-7.866461091629782,-7.337242168318426,3.4,,,,,,,,,,,,,,,,,,,,,,,,
BTZ–DMAC,toluene,stda,-4.74e-08,-7.93e-08,2.875,2.67,0.205,0.1664,5.828,-3.19e-08,3.19e-08,1.01761e-15,-1.267e-07,3.75882e-15,-7.323306390375134,-7.100179497572904,1.6729957805907174,,,,,,,,,,,,,,,,,,,,,,,,
BTZ–DMAC,toluene,stddft,-1.56e-08,-8.35e-08,2.861,2.646,0.2150000000000003,0.1565,5.828,-6.789999999999999e-08,6.789999999999999e-08,4.610409999999999e-15,-9.910000000000001e-08,1.3026000000000001e-15,-7.804100347590766,-7.077793722560983,5.352564102564102,,,,,,,,,,,,,,,,,,,,,,,,
BTZ–DPA,gas,stda,-1.4e-09,-3.14e-08,2.678,2.069,0.609,0.6302,5.916,-3.0000000000000004e-08,3.0000000000000004e-08,9.000000000000002e-16,-3.28e-08,4.3960000000000003e-17,-8.823908740944319,-7.501689446210399,22.42857142857143,,,,,,,,,,,,,,,,,,,,,,,,
BTZ–DPA,gas,stddft,2.9e-09,-8.93e-08,2.595,2.02,0.5750000000000002,0.503,5.916,-9.22e-08,9.22e-08,8.50084e-15,-8.639999999999999e-08,-2.5897e-16,-8.522878745280337,-7.048662481204082,-30.79310344827586,,,,,,,,,,,,,,,,,,,,,,,,
BTZ–DPA,toluene,stda,4.02e-08,7.79e-08,2.609,2.008,0.601,0.5965,5.844999999999999,3.77e-08,3.77e-08,1.42129e-15,1.181e-07,3.1315800000000007e-15,-7.394694953858891,-7.107905397309519,1.937810945273632,,,,,,,,,,,,,,,,,,,,,,,,
BTZ–DPA,toluene,stddft,-6.7e-09,-8.19e-08,2.524,1.959,0.565,0.4747,5.844999999999999,-7.52e-08,7.52e-08,5.65504e-15,-8.86e-08,5.487299999999999e-16,-8.167491087293763,-7.086186147616283,12.223880597014926,,,,,,,,,,,,,,,,,,,,,,,,
BTaz-Ar-PXZ,gas,stda,3.85e-08,-6.32e-08,3.017,2.761,0.2559999999999998,0.4639,5.645999999999999,-1.017e-07,1.017e-07,1.034289e-14,-2.47e-08,-2.4332e-15,-7.413412695328245,-7.198596289982645,-1.6415584415584414,,,,,,,,,,,,,,,,,,,,,,,,
BTaz-Ar-PXZ,gas,stddft,4.3e-09,-8.36e-08,2.997,2.729,0.2679999999999998,0.416,5.645999999999999,-8.79e-08,8.79e-08,7.72641e-15,-7.93e-08,-3.5947999999999993e-16,-8.356547323513812,-7.07727454200674,-19.44186046511628,,,,,,,,,,,,,,,,,,,,,,,,
BTaz-Ar-PXZ,toluene,stda,-5.19e-08,-2.15e-08,3.046,2.766,0.2799999999999998,0.4443,5.621,3.04e-08,3.04e-08,9.2416e-16,-7.340000000000002e-08,1.11585e-15,-7.2839966563652,-7.665546248849069,0.4142581888246628,,,,,,,,,,,,,,,,,,,,,,,,
BTaz-Ar-PXZ,toluene,stddft,-6.6e-09,1.201e-07,3.027,2.734,0.2930000000000001,0.399,5.621,1.267e-07,1.267e-07,1.605289e-14,1.135e-07,-7.9266e-16,-8.173925197299173,-6.92009553233328,-18.196969696969692,,,,,,,,,,,,,,,,,,,,,,,,
BTrztCz,gas,stda,2.36e-08,1.23e-08,3.543,3.369,0.1739999999999999,0.0731,6.054999999999999,-1.13e-08,1.13e-08,1.2769e-16,3.59e-08,2.9028e-16,-7.625251653989896,-7.906578314837765,0.521186440677966,,,,,,,,,,,,,,,,,,,,,,,,
BTrztCz,gas,stddft,-5.87e-08,-4.73e-08,3.529,3.358,0.1709999999999998,0.0677,6.054999999999999,1.1400000000000004e-08,1.1400000000000004e-08,1.2996000000000007e-16,-1.06e-07,2.7765100000000002e-15,-7.230622673923861,-7.324221658325915,0.8057921635434412,,,,,,,,,,,,,,,,,,,,,,,,
BTrztCz,toluene,stda,3.27e-08,-7.74e-08,3.624,3.381,0.2430000000000003,0.0891,6.087,-1.1010000000000001e-07,1.1010000000000001e-07,1.2122010000000002e-14,-4.47e-08,-2.5309800000000004e-15,-7.484126156288321,-7.110698297493689,-2.36697247706422,,,,,,,,,,,,,,,,,,,,,,,,
BTrztCz,toluene,stddft,-2.42e-08,-6.27e-08,3.612,3.362,0.25,0.0736,6.087,-3.85e-08,3.85e-08,1.4822499999999996e-15,-8.69e-08,1.5173400000000001e-15,-7.614393726401688,-7.202040356262804,2.590909090909091,,,,,,,,,,,,,,,,,,,,,,,,
BZC-PXZ,gas,stda,-5.02e-08,-7.1e-09,2.794,2.508,0.286,0.2454,5.549,4.31e-08,4.31e-08,1.8576100000000002e-15,-5.73e-08,3.5642e-16,-7.298432014944073,-8.142667503568731,0.1414342629482071,,,,,,,,,,,,,,,,,,,,,,,,
BZC-PXZ,gas,stddft,-3.2e-08,-1.66e-08,2.767,2.496,0.2709999999999999,0.2109,5.549,1.5400000000000002e-08,1.5400000000000002e-08,2.371600000000001e-16,-4.86e-08,5.312e-16,-7.493494967595128,-7.777283528852417,0.5187499999999999,,,,,,,,,,,,,,,,,,,,,,,,
BZC-PXZ,toluene,stda,-1.75e-08,-4.99e-08,2.762,2.463,0.2989999999999999,0.2693,5.52,-3.24e-08,3.24e-08,1.04976e-15,-6.74e-08,8.7325e-16,-7.75448733218585,-7.301029995663981,2.851428571428571,,,,,,,,,,,,,,,,,,,,,,,,
BZC-PXZ,toluene,stddft,-1.31e-08,1.8e-09,2.732,2.45,0.282,0.2318,5.52,1.49e-08,1.49e-08,2.2200999999999998e-16,-1.13e-08,-2.358e-17,-7.87942606879415,-8.721246399047171,-0.1374045801526717,,,,,,,,,,,,,,,,,,,,,,,,
BmPyPhB,gas,stda,6e-10,5.22e-08,3.428,3.337,0.0909999999999997,0.2526,5.77,5.16e-08,5.16e-08,2.66256e-15,5.28e-08,3.132e-17,-9.154901959985745,-7.281498311132726,87.0,,,,,,,,,,,,,,,,,,,,,,,,
BmPyPhB,gas,stddft,2.35e-08,-6.41e-08,3.422,3.33,0.092,0.2462,5.77,-8.76e-08,8.76e-08,7.673759999999999e-15,-4.06e-08,-1.50635e-15,-7.627087997029894,-7.192464971931146,-2.727659574468085,,,,,,,,,,,,,,,,,,,,,,,,
BmPyPhB,toluene,stda,7.8e-09,-4e-08,3.452,3.359,0.0929999999999999,0.2506,5.808,-4.780000000000001e-08,4.780000000000001e-08,2.2848400000000007e-15,-3.22e-08,-3.1200000000000004e-16,-8.102372908709558,-7.396855627379818,-5.128205128205128,,,,,,,,,,,,,,,,,,,,,,,,
BmPyPhB,toluene,stddft,-5.71e-08,-1.73e-08,3.447,3.351,0.096,0.2444,5.808,3.98e-08,3.98e-08,1.58404e-15,-7.44e-08,9.8783e-16,-7.242603971206976,-7.7594507517174,0.3029772329246935,,,,,,,,,,,,,,,,,,,,,,,,
BuCzCF3oB,gas,stda,2.04e-08,1.31e-08,3.124,3.01,0.1140000000000003,0.0588,6.007,-7.300000000000001e-09,7.300000000000001e-09,5.3290000000000005e-17,3.35e-08,2.6724000000000003e-16,-7.688246138944246,-7.87942606879415,0.642156862745098,,,,,,,,,,,,,,,,,,,,,,,,
BuCzCF3oB,gas,stddft,1.9e-09,6.9e-09,3.113,3.003,0.1099999999999998,0.054,6.007,5e-09,5e-09,2.5000000000000006e-17,8.8e-09,1.311e-17,-8.698970004336019,-8.154901959985743,3.631578947368421,,,,,,,,,,,,,,,,,,,,,,,,
BuCzCF3oB,toluene,stda,-8.26e-08,-6.87e-08,3.106,2.978,0.1279999999999996,0.0706,5.972,1.39e-08,1.39e-08,1.9321e-16,-1.513e-07,5.67462e-15,-7.082494490447453,-7.162411561764489,0.8317191283292978,,,,,,,,,,,,,,,,,,,,,,,,
BuCzCF3oB,toluene,stddft,-3.4e-09,8.3e-09,3.094,2.971,0.1229999999999997,0.0646,5.972,1.17e-08,1.17e-08,1.3688999999999994e-16,4.9e-09,-2.822e-17,-8.455931955649724,-8.075720713938118,-2.4411764705882355,,,,,,,,,,,,,,,,,,,,,,,,
BuPCzBCO,gas,stda,8.35e-08,-5.02e-08,3.808,3.385,0.423,0.1589,7.571,-1.337e-07,1.337e-07,1.7875689999999995e-14,3.33e-08,-4.1917e-15,-7.077793722560983,-7.298432014944073,-0.6011976047904192,,,,,,,,,,,,,,,,,,,,,,,,
BuPCzBCO,gas,stddft,7.8e-08,-1.011e-07,3.737,3.362,0.375,0.1338,7.571,-1.791e-07,1.791e-07,3.207681e-14,-2.3100000000000002e-08,-7.885799999999999e-15,-7.1073489661227,-6.99481948749622,-1.2961538461538462,,,,,,,,,,,,,,,,,,,,,,,,
BuPCzBCO,toluene,stda,-4.22e-08,1.122e-07,3.79,3.362,0.4279999999999999,0.1402,7.547,1.544e-07,1.544e-07,2.383936e-14,6.999999999999999e-08,-4.73484e-15,-7.373659632624958,-6.949620243738543,-2.6587677725118484,,,,,,,,,,,,,,,,,,,,,,,,
BuPCzBCO,toluene,stddft,4.73e-08,-2.58e-08,3.718,3.338,0.3799999999999999,0.1176,7.547,-7.31e-08,7.31e-08,5.34361e-15,2.15e-08,-1.22034e-15,-7.324221658325915,-7.586700235918748,-0.5454545454545454,,,,,,,,,,,,,,,,,,,,,,,,
BzITz,gas,stda,-1e-09,-3.46e-08,3.756,3.34,0.4159999999999999,0.9415,6.4910000000000005,-3.36e-08,3.36e-08,1.1289599999999997e-15,-3.56e-08,3.4600000000000004e-17,-8.958607314841775,-7.459670525209126,34.599999999999994,,,,,,,,,,,,,,,,,,,,,,,,
BzITz,gas,stddft,-7.8e-09,2.7e-08,3.727,3.32,0.407,0.8548,6.4910000000000005,3.48e-08,3.48e-08,1.21104e-15,1.92e-08,-2.106e-16,-8.102372908709558,-7.567030709125595,-3.461538461538461,,,,,,,,,,,,,,,,,,,,,,,,
BzITz,toluene,stda,-3.45e-08,-8.3e-08,3.701,3.303,0.3980000000000001,0.8602,6.442,-4.85e-08,4.85e-08,2.3522500000000003e-15,-1.175e-07,2.8635e-15,-7.460923901207224,-7.080398976215889,2.4057971014492754,,,,,,,,,,,,,,,,,,,,,,,,
BzITz,toluene,stddft,5e-09,-4.07e-08,3.673,3.284,0.3890000000000002,0.7816,6.442,-4.57e-08,4.57e-08,2.08849e-15,-3.57e-08,-2.035e-16,-8.292429823902063,-7.38933983691012,-8.14,,,,,,,,,,,,,,,,,,,,,,,,
C-BPyIA,gas,stda,9.6e-09,-1.05e-08,3.265,2.29,0.975,0.9573,6.08,-2.01e-08,2.01e-08,4.0401e-16,-8.999999999999997e-10,-1.0079999999999999e-16,-8.013228265733755,-7.97469413473523,-1.09375,,,,,,,,,,,,,,,,,,,,,,,,
C-BPyIA,gas,stddft,6.11e-08,2.083e-07,3.11,2.223,0.887,0.6684,6.08,1.472e-07,1.472e-07,2.1667839999999998e-14,2.694e-07,1.272713e-14,-7.213248577854439,-6.681102285372513,3.4091653027823243,,,,,,,,,,,,,,,,,,,,,,,,
C-BPyIA,toluene,stda,-6.74e-08,-5.63e-08,3.26,2.263,0.997,0.972,6.167000000000001,1.1099999999999994e-08,1.1099999999999994e-08,1.2320999999999986e-16,-1.237e-07,3.79462e-15,-7.170696227168976,-7.248720896016658,0.8353115727002968,,,,,,,,,,,,,,,,,,,,,,,,
C-BPyIA,toluene,stddft,-4.08e-08,-1.079e-07,3.108,2.193,0.915,0.6837,6.167000000000001,-6.71e-08,6.71e-08,4.502409999999998e-15,-1.487e-07,4.40232e-15,-7.388276691992658,-6.966576244513051,2.644607843137255,,,,,,,,,,,,,,,,,,,,,,,,
C-H,gas,stda,-1.152e-07,1.98e-08,3.596,2.688,0.908,1.0459,6.102,1.35e-07,1.35e-07,1.8225e-14,-9.54e-08,-2.28096e-15,-6.938170692705301,-7.701146923590294,-0.171875,,,,,,,,,,,,,,,,,,,,,,,,
C-H,gas,stddft,-3.7e-08,1.73e-08,3.522,2.62,0.9019999999999996,0.9075,6.102,5.43e-08,5.43e-08,2.9484900000000007e-15,-1.97e-08,-6.401e-16,-7.430626090384954,-7.7594507517174,-0.4675675675675675,,,,,,,,,,,,,,,,,,,,,,,,
C-H,toluene,stda,-8e-10,1.125e-07,3.513,2.678,0.835,1.1132,5.766,1.1330000000000002e-07,1.1330000000000002e-07,1.2836889999999995e-14,1.117e-07,-9e-17,-9.045757490560677,-6.9484616094846725,-140.625,,,,,,,,,,,,,,,,,,,,,,,,
C-H,toluene,stddft,-7e-10,3.38e-08,3.449,2.61,0.839,0.9646,5.766,3.45e-08,3.45e-08,1.1902499999999998e-15,3.31e-08,-2.366e-17,-9.096910013008056,-7.469800301796917,-48.285714285714285,,,,,,,,,,,,,,,,,,,,,,,,
C-O,gas,stda,-6.17e-08,-2.8e-08,3.75,3.181,0.569,0.1412,7.274999999999999,3.3700000000000004e-08,3.3700000000000004e-08,1.1356900000000005e-15,-8.97e-08,1.7276000000000001e-15,-7.209011524911184,-7.55129368009492,0.4538087520259319,,,,,,,,,,,,,,,,,,,,,,,,
C-O,gas,stddft,-6.42e-08,9.6e-09,3.67,3.157,0.5129999999999999,0.1296,7.274999999999999,7.380000000000001e-08,7.380000000000001e-08,5.446440000000002e-15,-5.4600000000000006e-08,-6.1632e-16,-7.191789027075778,-8.013228265733755,-0.1495327102803738,,,,,,,,,,,,,,,,,,,,,,,,
C-O,toluene,stda,-6.93e-08,-5.8e-09,3.703,3.114,0.589,0.1393,7.263999999999999,6.35e-08,6.35e-08,4.032250000000001e-15,-7.51e-08,4.0194e-16,-7.158640529545145,-8.229147988357855,0.0836940836940836,,,,,,,,,,,,,,,,,,,,,,,,
C-O,toluene,stddft,-1.72e-08,2.1e-08,3.618,3.089,0.5289999999999999,0.1217,7.263999999999999,3.82e-08,3.82e-08,1.4592399999999998e-15,3.800000000000001e-09,-3.612e-16,-7.761953896871205,-7.675717544702307,-1.2209302325581397,,,,,,,,,,,,,,,,,,,,,,,,
C2FLA-1,gas,stda,4.06e-08,-6.92e-08,3.897,3.24,0.6569999999999996,2.9654,6.802999999999999,-1.098e-07,1.098e-07,1.2056039999999998e-14,-2.86e-08,-2.80952e-15,-7.39040559077478,-7.159266765388193,-1.7044334975369455,,,,,,,,,,,,,,,,,,,,,,,,
C2FLA-1,gas,stddft,5.16e-08,7.16e-08,3.853,3.198,0.6550000000000002,2.576,6.802999999999999,2.0000000000000007e-08,2.0000000000000007e-08,4.0000000000000034e-16,1.232e-07,3.69456e-15,-7.286509456906058,-7.1444808443322,1.3875968992248064,,,,,,,,,,,,,,,,,,,,,,,,
C2FLA-1,toluene,stda,-1.47e-08,-6.28e-08,3.884,3.228,0.6559999999999997,2.9557,6.768000000000001,-4.8100000000000014e-08,4.8100000000000014e-08,2.3136100000000005e-15,-7.75e-08,9.2316e-16,-7.829738284605042,-7.201349354554731,4.272108843537415,,,,,,,,,,,,,,,,,,,,,,,,
C2FLA-1,toluene,stddft,-4.48e-08,7.15e-08,3.84,3.187,0.653,2.5677,6.768000000000001,1.163e-07,1.163e-07,1.352569e-14,2.67e-08,-3.2032e-15,-7.347753658996677,-7.145086977692144,-1.595982142857143,,,,,,,,,,,,,,,,,,,,,,,,
C2MPI,gas,stda,-5.92e-08,-1.67e-08,4.098,3.565,0.5329999999999999,0.1847,7.659,4.2500000000000003e-08,4.2500000000000003e-08,1.80625e-15,-7.59e-08,9.8864e-16,-7.226945306635737,-7.774690718274137,0.2820945945945946,,,,,,,,,,,,,,,,,,,,,,,,
C2MPI,gas,stddft,-4.39e-08,-4.78e-08,4.057,3.541,0.5160000000000005,0.1569,7.659,-3.899999999999995e-09,3.899999999999995e-09,1.5209999999999958e-17,-9.170000000000001e-08,2.09842e-15,-7.356547323513812,-7.319664486585437,1.0888382687927105,,,,,,,,,,,,,,,,,,,,,,,,
C2MPI,toluene,stda,4.9e-08,9e-10,4.051,3.563,0.488,0.0408,7.712000000000001,-4.81e-08,4.81e-08,2.31361e-15,4.9900000000000003e-08,4.4100000000000004e-17,-7.308918507877031,-9.0,0.0183673469387755,,,,,,,,,,,,,,,,,,,,,,,,
C2MPI,toluene,stddft,1.6e-09,-1.64e-08,4.007,3.54,0.4669999999999996,0.0305,7.712000000000001,-1.8000000000000002e-08,1.8000000000000002e-08,3.240000000000001e-16,-1.4800000000000002e-08,-2.6240000000000002e-17,-8.769551078621726,-7.782516055786093,-10.25,,,,,,,,,,,,,,,,,,,,,,,,
C3F7,gas,stda,-2.61e-08,-5.72e-08,3.349,3.244,0.1049999999999999,0.046,6.281999999999999,-3.1100000000000014e-08,3.1100000000000014e-08,9.672100000000004e-16,-8.33e-08,1.49292e-15,-7.581698708680254,-7.24184537803261,2.191570881226054,,,,,,,,,,,,,,,,,,,,,,,,
C3F7,gas,stddft,-1.42e-08,-1.22e-08,3.339,3.236,0.1029999999999997,0.0432,6.281999999999999,1.9999999999999997e-09,1.9999999999999997e-09,3.9999999999999995e-18,-2.64e-08,1.7324e-16,-7.844663962534939,-7.910094888560602,0.8591549295774648,,,,,,,,,,,,,,,,,,,,,,,,
C3F7,toluene,stda,-1.83e-08,-6.6e-09,3.431,3.303,0.1280000000000001,0.0485,6.347,1.17e-08,1.17e-08,1.3688999999999994e-16,-2.49e-08,1.2077999999999999e-16,-7.735182176990463,-8.173925197299173,0.3606557377049181,,,,,,,,,,,,,,,,,,,,,,,,
C3F7,toluene,stddft,-2.46e-08,-1.35e-08,3.421,3.286,0.1349999999999998,0.0463,6.347,1.1099999999999998e-08,1.1099999999999998e-08,1.2320999999999996e-16,-3.81e-08,3.3209999999999996e-16,-7.607303046740334,-7.866461091629782,0.5487804878048781,,,,,,,,,,,,,,,,,,,,,,,,
C3FLA-2,gas,stda,5.4e-09,2.43e-08,3.727,3.224,0.5029999999999997,5.1694,6.507999999999999,1.89e-08,1.89e-08,3.572099999999999e-16,2.97e-08,1.3122000000000002e-16,-8.259637310505756,-7.61261017366127,4.499999999999999,,,,,,,,,,,,,,,,,,,,,,,,
C3FLA-2,gas,stddft,1.43e-08,4.95e-08,3.704,3.185,0.5190000000000001,4.7241,6.507999999999999,3.52e-08,3.52e-08,1.23904e-15,6.38e-08,7.078500000000002e-16,-7.841637507904751,-7.304518323509803,3.461538461538461,,,,,,,,,,,,,,,,,,,,,,,,
C3FLA-2,toluene,stda,-3.96e-08,1.8e-08,3.743,3.24,0.5029999999999997,5.1696,6.492000000000001,5.76e-08,5.76e-08,3.31776e-15,-2.16e-08,-7.128e-16,-7.401209493236885,-7.742321425130815,-0.4545454545454545,,,,,,,,,,,,,,,,,,,,,,,,
C3FLA-2,toluene,stddft,-3.9e-08,-2.39e-08,3.72,3.201,0.5190000000000001,4.7302,6.492000000000001,1.51e-08,1.51e-08,2.2801e-16,-6.29e-08,9.321e-16,-7.407823242604133,-7.619788758288394,0.6128205128205129,,,,,,,,,,,,,,,,,,,,,,,,
CAPI,gas,stda,-9.33e-08,-1.02e-07,2.908,2.176,0.7319999999999998,0.4552,6.061999999999999,-8.700000000000005e-09,8.700000000000005e-09,7.569000000000009e-17,-1.953e-07,9.5166e-15,-7.029653123769907,-6.99097425791309,1.0932475884244373,,,,,,,,,,,,,,,,,,,,,,,,
CAPI,gas,stddft,3.17e-08,1.298e-07,2.839,2.11,0.7290000000000001,0.424,6.061999999999999,9.810000000000001e-08,9.810000000000001e-08,9.623610000000004e-15,1.615e-07,4.114660000000001e-15,-7.497572880015567,-6.886390848926972,4.094637223974764,,,,,,,,,,,,,,,,,,,,,,,,
CAPI,toluene,stda,3.98e-08,-2.87e-08,2.938,2.196,0.742,0.4147,6.111,-6.85e-08,6.85e-08,4.69225e-15,1.11e-08,-1.14226e-15,-7.399027104313252,-7.540607512240769,-0.7211055276381909,,,,,,,,,,,,,,,,,,,,,,,,
CAPI,toluene,stddft,1e-09,-5.91e-08,2.873,2.129,0.7440000000000002,0.3971,6.111,-6.01e-08,6.01e-08,3.61201e-15,-5.81e-08,-5.91e-17,-8.958607314841775,-7.22767829327708,-59.1,,,,,,,,,,,,,,,,,,,,,,,,
CBIQD,gas,stda,-1.25e-08,6e-09,3.706,2.818,0.8879999999999999,0.0354,6.086,1.85e-08,1.85e-08,3.4225e-16,-6.4999999999999995e-09,-7.5e-17,-7.899629454882437,-8.214670164989233,-0.48,,,,,,,,,,,,,,,,,,,,,,,,
CBIQD,gas,stddft,-7.76e-08,-6.09e-08,3.663,2.765,0.8979999999999997,0.2374,6.086,1.6699999999999997e-08,1.6699999999999997e-08,2.7888999999999993e-16,-1.385e-07,4.72584e-15,-7.1095789811990855,-7.214670164989233,0.7847938144329897,,,,,,,,,,,,,,,,,,,,,,,,
CBIQD,toluene,stda,-2.4e-09,1.91e-08,3.744,2.75,0.9940000000000002,0.0585,6.337999999999999,2.15e-08,2.15e-08,4.622500000000002e-16,1.6699999999999997e-08,-4.584e-17,-8.602059991327963,-7.716698771296451,-7.958333333333333,,,,,,,,,,,,,,,,,,,,,,,,
CBIQD,toluene,stddft,5.6e-08,2.129e-07,3.637,2.694,0.943,0.4218,6.337999999999999,1.569e-07,1.569e-07,2.461761e-14,2.689e-07,1.19224e-14,-7.251037138743839,-6.671620396561262,3.8017857142857134,,,,,,,,,,,,,,,,,,,,,,,,
CBM,gas,stda,9.5e-09,5.27e-08,3.344,2.613,0.7309999999999999,1.1985,6.286000000000001,4.32e-08,4.32e-08,1.86624e-15,6.22e-08,5.006500000000002e-16,-8.017728766960431,-7.277366077466188,5.547368421052632,,,,,,,,,,,,,,,,,,,,,,,,
CBM,gas,stddft,-2.78e-08,-2.55e-08,3.286,2.567,0.7189999999999999,1.0255,6.286000000000001,2.3000000000000007e-09,2.3000000000000007e-09,5.2900000000000034e-18,-5.33e-08,7.089e-16,-7.554395796726403,-7.591760034688151,0.9172661870503596,,,,,,,,,,,,,,,,,,,,,,,,
CBM,toluene,stda,-3.99e-08,-9.4e-09,3.213,2.451,0.762,1.2658,6.079000000000001,3.05e-08,3.05e-08,9.3025e-16,-4.93e-08,3.7505999999999997e-16,-7.397940008672037,-8.022276394711152,0.2355889724310776,,,,,,,,,,,,,,,,,,,,,,,,
CBM,toluene,stddft,3.31e-08,-8e-09,3.149,2.403,0.746,1.0642,6.079000000000001,-4.11e-08,4.11e-08,1.6892099999999997e-15,2.51e-08,-2.648e-16,-7.478861916295964,-8.09151498112135,-0.2416918429003021,,,,,,,,,,,,,,,,,,,,,,,,
CBPBM,gas,stda,6.95e-08,-4.85e-08,3.92,3.477,0.443,0.3748,6.902000000000001,-1.18e-07,1.18e-07,1.3924e-14,2.1e-08,-3.3707499999999998e-15,-7.157390760389438,-7.313363730737707,-0.697841726618705,,,,,,,,,,,,,,,,,,,,,,,,
CBPBM,gas,stddft,9.13e-08,7.86e-08,3.858,3.454,0.4039999999999999,0.3111,6.902000000000001,-1.27e-08,1.27e-08,1.6129000000000003e-16,1.699e-07,7.17618e-15,-7.039053804266168,-7.104025267640935,0.8608981380065718,,,,,,,,,,,,,,,,,,,,,,,,
CBPBM,toluene,stda,7.01e-08,4.35e-08,3.905,3.419,0.4859999999999997,0.0664,6.968000000000001,-2.66e-08,2.66e-08,7.0756e-16,1.136e-07,3.04935e-15,-7.153662887870195,-7.360513510731414,0.6205420827389444,,,,,,,,,,,,,,,,,,,,,,,,
CBPBM,toluene,stddft,-7.15e-08,2.16e-08,3.839,3.396,0.443,0.0462,6.968000000000001,9.31e-08,9.31e-08,8.66761e-15,-4.99e-08,-1.5444e-15,-7.145086977692144,-7.663540266151471,-0.3020979020979021,,,,,,,,,,,,,,,,,,,,,,,,
CBPMCN,gas,stda,2.46e-08,1.232e-07,3.874,3.461,0.4130000000000002,0.6695,6.663,9.86e-08,9.86e-08,9.721959999999999e-15,1.478e-07,3.03072e-15,-7.607303046740334,-6.909036923404268,5.008130081300813,,,,,,,,,,,,,,,,,,,,,,,,
CBPMCN,gas,stddft,-2.86e-08,-3.86e-08,3.829,3.439,0.3900000000000001,0.5624,6.663,-1e-08,1e-08,1e-16,-6.72e-08,1.10396e-15,-7.542118103266008,-7.412289034981089,1.3496503496503496,,,,,,,,,,,,,,,,,,,,,,,,
CBPMCN,toluene,stda,-1.16e-08,-3.01e-08,3.877,3.439,0.4379999999999997,0.5516,6.715,-1.85e-08,1.85e-08,3.4225e-16,-4.17e-08,3.4916e-16,-7.931814138253839,-7.519993057042849,2.5948275862068964,,,,,,,,,,,,,,,,,,,,,,,,
CBPMCN,toluene,stddft,-1.694e-07,9.59e-08,3.826,3.416,0.4100000000000001,0.442,6.715,2.653e-07,2.653e-07,7.038409000000002e-14,-7.349999999999999e-08,-1.624546e-14,-6.770830297460899,-7.017728766960432,-0.5661157024793388,,,,,,,,,,,,,,,,,,,,,,,,
CBPPY,gas,stda,-1.017e-07,6.56e-08,3.955,3.479,0.476,0.3481,7.075,1.6730000000000002e-07,1.6730000000000002e-07,2.7989290000000007e-14,-3.61e-08,-6.671520000000001e-15,-6.99225222199926,-7.182434630440219,-0.6450344149459194,,,,,,,,,,,,,,,,,,,,,,,,
CBPPY,gas,stddft,-6.9e-08,-3.12e-08,3.891,3.456,0.435,0.2665,7.075,3.78e-08,3.78e-08,1.4288399999999996e-15,-1.002e-07,2.1528e-15,-7.1605219526258015,-7.504455662453552,0.4521739130434783,,,,,,,,,,,,,,,,,,,,,,,,
CBPPY,toluene,stda,-4.87e-08,6.42e-08,3.931,3.456,0.4750000000000001,0.3632,7.151,1.1290000000000001e-07,1.1290000000000001e-07,1.2746410000000002e-14,1.5500000000000006e-08,-3.12654e-15,-7.311580177997289,-7.191789027075778,-1.3182751540041069,,,,,,,,,,,,,,,,,,,,,,,,
CBPPY,toluene,stddft,9.81e-08,1.604e-07,3.868,3.433,0.435,0.2713,7.151,6.230000000000001e-08,6.230000000000001e-08,3.881290000000001e-15,2.585e-07,1.573524e-14,-7.00788851221305,-6.794524963259109,1.63506625891947,,,,,,,,,,,,,,,,,,,,,,,,
CBPTZ,gas,stda,7.09e-08,-8.87e-08,3.946,3.495,0.451,0.4661,6.480000000000001,-1.596e-07,1.596e-07,2.547216e-14,-1.7799999999999987e-08,-6.28883e-15,-7.1487416512809245,-7.051587034221399,-1.251057827926657,,,,,,,,,,,,,,,,,,,,,,,,
CBPTZ,gas,stddft,1.025e-07,1.29e-08,3.889,3.473,0.4159999999999999,0.3804,6.480000000000001,-8.96e-08,8.96e-08,8.02816e-15,1.154e-07,1.32225e-15,-6.988852639224203,-7.886056647693163,0.1258536585365853,,,,,,,,,,,,,,,,,,,,,,,,
CBPTZ,toluene,stda,-5.3e-09,-2.71e-08,3.864,3.415,0.4489999999999998,0.3597,6.419999999999999,-2.18e-08,2.18e-08,4.7524e-16,-3.24e-08,1.4363e-16,-8.267606240177031,-7.565431095965801,5.113207547169811,,,,,,,,,,,,,,,,,,,,,,,,
CBPTZ,toluene,stddft,8.49e-08,-1.34e-08,3.805,3.393,0.4120000000000003,0.2849,6.419999999999999,-9.83e-08,9.83e-08,9.66289e-15,7.15e-08,-1.1376599999999998e-15,-7.070581074285707,-7.869666231504994,-0.1578327444051825,,,,,,,,,,,,,,,,,,,,,,,,
CBTD2,gas,stda,-1.4e-08,2.321e-07,3.506,2.787,0.7189999999999999,2.3052,6.0360000000000005,2.461e-07,2.461e-07,6.056521e-14,2.181e-07,-3.2494e-15,-7.85078088734462,-6.634137784597445,-16.57857142857143,,,,,,,,,,,,,,,,,,,,,,,,
CBTD2,gas,stddft,5.41e-08,-2.69e-08,3.445,2.736,0.7089999999999996,1.9594,6.0360000000000005,-8.1e-08,8.1e-08,6.561e-15,2.7200000000000002e-08,-1.45529e-15,-7.266000713461613,-7.568636235841013,-0.4972273567467652,,,,,,,,,,,,,,,,,,,,,,,,
CBTD2,toluene,stda,4.11e-08,2.06e-08,3.507,2.794,0.7130000000000001,2.2613,5.966000000000001,-2.05e-08,2.05e-08,4.202499999999999e-16,6.17e-08,8.466599999999999e-16,-7.3851027839668655,-7.684029654543083,0.5012165450121655,,,,,,,,,,,,,,,,,,,,,,,,
CBTD2,toluene,stddft,1.483e-07,-5.87e-08,3.446,2.743,0.7030000000000003,1.9196,5.966000000000001,-2.07e-07,2.07e-07,4.284899999999999e-14,8.96e-08,-8.705210000000001e-15,-6.828566099056991,-7.230622673923861,-0.3958192852326366,,,,,,,,,,,,,,,,,,,,,,,,
CBZ,gas,stda,3.1e-09,5.29e-08,3.947,3.702,0.2450000000000001,0.162,6.482,4.98e-08,4.98e-08,2.48004e-15,5.6e-08,1.6399e-16,-8.494850021680094,-7.275724130399211,17.064516129032256,,,,,,,,,,,,,,,,,,,,,,,,
CBZ,gas,stddft,-6.8e-08,1.599e-07,3.914,3.677,0.2370000000000001,0.1426,6.482,2.279e-07,2.279e-07,5.193841e-14,9.19e-08,-1.08732e-14,-7.166852888087215,-6.795880017344075,-2.351470588235294,,,,,,,,,,,,,,,,,,,,,,,,
CBZ,toluene,stda,-1.28e-08,3.58e-08,3.949,3.689,0.2599999999999998,0.1614,6.384,4.860000000000001e-08,4.860000000000001e-08,2.361960000000001e-15,2.3e-08,-4.5824e-16,-7.889410289700751,-7.444905551421681,-2.796875,,,,,,,,,,,,,,,,,,,,,,,,
CBZ,toluene,stddft,1.39e-08,-3.83e-08,3.916,3.655,0.2610000000000001,0.1383,6.384,-5.22e-08,5.22e-08,2.72484e-15,-2.44e-08,-5.3237e-16,-7.853871964321762,-7.415668775632469,-2.755395683453237,,,,,,,,,,,,,,,,,,,,,,,,
CCAPI,gas,stda,-1.92e-08,-2e-08,2.894,2.178,0.7160000000000002,0.4555,5.959999999999999,-8.000000000000004e-10,8.000000000000004e-10,6.400000000000008e-19,-3.92e-08,3.84e-16,-7.714442690992226,-7.696803942579511,1.0416666666666667,,,,,,,,,,,,,,,,,,,,,,,,
CCAPI,gas,stddft,4.24e-08,4.09e-08,2.826,2.114,0.7120000000000002,0.4129,5.959999999999999,-1.5e-09,1.5e-09,2.2500000000000007e-18,8.330000000000001e-08,1.7341600000000004e-15,-7.371611069949688,-7.387216143280264,0.964622641509434,,,,,,,,,,,,,,,,,,,,,,,,
CCAPI,toluene,stda,-6.36e-08,-1.124e-07,2.931,2.198,0.7330000000000001,0.4555,5.988,-4.88e-08,4.88e-08,2.38144e-15,-1.76e-07,7.14864e-15,-7.195860567664649,-6.948847477552619,1.7672955974842768,,,,,,,,,,,,,,,,,,,,,,,,
CCAPI,toluene,stddft,-1.375e-07,-1.228e-07,2.862,2.133,0.7290000000000001,0.4155,5.988,1.470000000000002e-08,1.470000000000002e-08,2.1609000000000054e-16,-2.603e-07,1.6885e-14,-6.861381566100508,-6.910448117113546,0.8930909090909089,,,,,,,,,,,,,,,,,,,,,,,,
CCC,gas,stda,-3.11e-08,6.7e-08,4.292,3.699,0.593,0.0104,7.987,9.810000000000001e-08,9.810000000000001e-08,9.623610000000004e-15,3.5900000000000004e-08,-2.0837000000000003e-15,-7.505845405981558,-7.173277479831008,-2.154340836012862,,,,,,,,,,,,,,,,,,,,,,,,
CCC,gas,stddft,-1.022e-07,2.8e-08,4.269,3.648,0.621,0.012,7.987,1.302e-07,1.302e-07,1.6952039999999995e-14,-7.42e-08,-2.8616e-15,-6.99012436628784,-7.55129368009492,-0.273972602739726,,,,,,,,,,,,,,,,,,,,,,,,
CCC,toluene,stda,-8.74e-08,4.76e-08,4.29,3.696,0.5939999999999999,0.0102,7.985999999999999,1.35e-07,1.35e-07,1.8225e-14,-3.98e-08,-4.16024e-15,-7.057991946977687,-7.321481620959886,-0.5446224256292906,,,,,,,,,,,,,,,,,,,,,,,,
CCC,toluene,stddft,3.45e-08,-1.85e-08,4.267,3.645,0.6220000000000003,0.0117,7.985999999999999,-5.3e-08,5.3e-08,2.809e-15,1.5999999999999998e-08,-6.3825e-16,-7.460923901207224,-7.730487055782084,-0.5362318840579711,,,,,,,,,,,,,,,,,,,,,,,,
CCDC,gas,stda,7.7e-09,-8.8e-09,3.657,3.214,0.443,0.2612,6.033,-1.65e-08,1.65e-08,2.7225e-16,-1.1e-09,-6.775999999999999e-17,-8.10790539730952,-8.050609993355087,-1.1428571428571428,,,,,,,,,,,,,,,,,,,,,,,,
CCDC,gas,stddft,2.42e-08,-4.24e-08,3.59,3.194,0.3959999999999999,0.207,6.033,-6.66e-08,6.66e-08,4.43556e-15,-1.82e-08,-1.0260800000000001e-15,-7.614393726401688,-7.371611069949688,-1.7520661157024793,,,,,,,,,,,,,,,,,,,,,,,,
CCDC,toluene,stda,1.66e-08,1.62e-08,3.417,3.231,0.1859999999999999,0.0015,6.011,-4.000000000000002e-10,4.000000000000002e-10,1.600000000000002e-19,3.28e-08,2.6892e-16,-7.777283528852417,-7.787812395596042,0.9759036144578314,,,,,,,,,,,,,,,,,,,,,,,,
CCDC,toluene,stddft,-8.18e-08,-4.67e-08,3.415,3.21,0.205,0.0017,6.011,3.51e-08,3.51e-08,1.2320100000000005e-15,-1.2850000000000002e-07,3.82006e-15,-7.086716098239582,-7.329754146925876,0.5709046454767726,,,,,,,,,,,,,,,,,,,,,,,,
CCDD,gas,stda,-1e-10,1.187e-07,3.294,2.854,0.4399999999999999,0.2304,5.502,1.188e-07,1.188e-07,1.4113439999999998e-14,1.186e-07,-1.1870000000000001e-17,-9.69897000433602,-6.925183559354825,-1187.0,,,,,,,,,,,,,,,,,,,,,,,,
CCDD,gas,stddft,9.23e-08,-3.58e-08,3.22,2.833,0.387,0.1811,5.502,-1.281e-07,1.281e-07,1.6409609999999994e-14,5.65e-08,-3.3043400000000004e-15,-7.0343280287798935,-7.444905551421681,-0.3878656554712893,,,,,,,,,,,,,,,,,,,,,,,,
CCDD,toluene,stda,2.28e-08,9.02e-08,3.303,2.856,0.447,0.3124,5.405999999999999,6.740000000000002e-08,6.740000000000002e-08,4.542760000000001e-15,1.13e-07,2.05656e-15,-7.640164517660112,-7.044312249686494,3.956140350877193,,,,,,,,,,,,,,,,,,,,,,,,
CCDD,toluene,stddft,1.33e-07,-2.17e-08,3.23,2.836,0.3940000000000001,0.239,5.405999999999999,-1.547e-07,1.547e-07,2.393209e-14,1.1130000000000001e-07,-2.8861e-15,-6.875821944525325,-7.661543506395395,-0.163157894736842,,,,,,,,,,,,,,,,,,,,,,,,
CCDMB,gas,stda,-4.13e-08,-2.91e-08,3.747,3.313,0.4339999999999997,0.5513,6.01,1.22e-08,1.22e-08,1.4884e-16,-7.04e-08,1.2018299999999998e-15,-7.382999658879101,-7.534617148551582,0.7046004842615012,,,,,,,,,,,,,,,,,,,,,,,,
CCDMB,gas,stddft,6.52e-08,-9e-10,3.688,3.292,0.3960000000000003,0.4034,6.01,-6.61e-08,6.61e-08,4.369210000000001e-15,6.43e-08,-5.868e-17,-7.185086818724926,-9.0,-0.013803680981595,,,,,,,,,,,,,,,,,,,,,,,,
CCDMB,toluene,stda,-4.5e-09,-1.495e-07,3.747,3.306,0.4409999999999998,0.393,6.114,-1.4500000000000001e-07,1.4500000000000001e-07,2.1025000000000004e-14,-1.54e-07,6.7275e-16,-8.337242168318426,-6.825068406471558,33.22222222222223,,,,,,,,,,,,,,,,,,,,,,,,
CCDMB,toluene,stddft,2.96e-08,-2.04e-08,3.684,3.284,0.4000000000000003,0.2847,6.114,-5e-08,5e-08,2.5e-15,9.2e-09,-6.038400000000002e-16,-7.527243550682788,-7.688246138944246,-0.6891891891891893,,,,,,,,,,,,,,,,,,,,,,,,
CDBP-BP-DMAC,gas,stda,2.44e-08,8.08e-08,3.612,3.339,0.2730000000000001,0.1927,5.971,5.64e-08,5.64e-08,3.1809599999999995e-15,1.052e-07,1.97152e-15,-7.610833915635467,-7.092051478387727,3.3114754098360653,,,,,,,,,,,,,,,,,,,,,,,,
CDBP-BP-DMAC,gas,stddft,2.3e-09,-9.44e-08,3.607,3.316,0.2910000000000003,0.2006,5.971,-9.67e-08,9.67e-08,9.35089e-15,-9.21e-08,-2.1712e-16,-8.619788758288394,-7.024568191490737,-41.04347826086956,,,,,,,,,,,,,,,,,,,,,,,,
CDBP-BP-DMAC,toluene,stda,3.9e-09,-7.69e-08,3.599,3.251,0.3480000000000003,0.1838,5.943999999999999,-8.08e-08,8.08e-08,6.52864e-15,-7.299999999999999e-08,-2.9991e-16,-8.397940008672037,-7.113509274827519,-19.717948717948715,,,,,,,,,,,,,,,,,,,,,,,,
CDBP-BP-DMAC,toluene,stddft,-4.18e-08,-4.37e-08,3.594,3.226,0.3679999999999999,0.1967,5.943999999999999,-1.9000000000000038e-09,1.9000000000000038e-09,3.6100000000000155e-18,-8.549999999999999e-08,1.82666e-15,-7.377785977033705,-7.3585258894959,1.0454545454545456,,,,,,,,,,,,,,,,,,,,,,,,
CDBP-BP-PXZ,gas,stda,-7.23e-08,2.92e-08,3.106,2.744,0.3619999999999996,0.0172,5.544999999999999,1.015e-07,1.015e-07,1.030225e-14,-4.3100000000000015e-08,-2.11116e-15,-7.140261433802853,-7.533132379645891,-0.4038727524204702,,,,,,,,,,,,,,,,,,,,,,,,
CDBP-BP-PXZ,gas,stddft,-3.15e-08,-2.69e-08,3.07,2.713,0.3569999999999997,0.0144,5.544999999999999,4.599999999999998e-09,4.599999999999998e-09,2.1159999999999986e-17,-5.84e-08,8.4735e-16,-7.5003129173815966,-7.568636235841013,0.853968253968254,,,,,,,,,,,,,,,,,,,,,,,,
CDBP-BP-PXZ,toluene,stda,5e-10,7.89e-08,3.135,2.768,0.367,0.0245,5.59,7.84e-08,7.84e-08,6.14656e-15,7.94e-08,3.945e-17,-9.221848749616356,-7.102372908709558,157.79999999999998,,,,,,,,,,,,,,,,,,,,,,,,
CDBP-BP-PXZ,toluene,stddft,-2.64e-08,7.5e-09,3.098,2.737,0.3609999999999997,0.0183,5.59,3.39e-08,3.39e-08,1.14921e-15,-1.8900000000000004e-08,-1.98e-16,-7.576754126063192,-8.119186407719209,-0.284090909090909,,,,,,,,,,,,,,,,,,,,,,,,
CDDPI,gas,stda,2.86e-08,-9.95e-08,3.498,3.011,0.4870000000000001,0.6927,6.691,-1.281e-07,1.281e-07,1.6409609999999994e-14,-7.089999999999999e-08,-2.8457e-15,-7.542118103266008,-7.001740661576301,-3.4790209790209787,,,,,,,,,,,,,,,,,,,,,,,,
CDDPI,gas,stddft,2.86e-08,1.08e-08,3.463,2.973,0.4900000000000002,0.6199,6.691,-1.78e-08,1.78e-08,3.1684000000000004e-16,3.94e-08,3.0888e-16,-7.542118103266008,-7.962573502059376,0.3776223776223776,,,,,,,,,,,,,,,,,,,,,,,,
CDDPI,toluene,stda,-1.08e-08,1.67e-08,3.513,3.045,0.4679999999999999,0.6265,6.719999999999999,2.75e-08,2.75e-08,7.562500000000001e-16,5.9e-09,-1.8036e-16,-7.962573502059376,-7.774690718274137,-1.5462962962962965,,,,,,,,,,,,,,,,,,,,,,,,
CDDPI,toluene,stddft,2.36e-08,-9.59e-08,3.48,3.008,0.472,0.5648,6.719999999999999,-1.195e-07,1.195e-07,1.4280250000000002e-14,-7.23e-08,-2.26324e-15,-7.625251653989896,-7.017728766960432,-4.063559322033899,,,,,,,,,,,,,,,,,,,,,,,,
CH3OH–CHCl3,gas,stda,-4.82e-08,-5.7e-08,3.677,2.704,0.973,0.0594,6.607,-8.8e-09,8.8e-09,7.744e-17,-1.052e-07,2.7474e-15,-7.316052869248487,-7.243363891754152,1.1825726141078838,,,,,,,,,,,,,,,,,,,,,,,,
CH3OH–CHCl3,gas,stddft,-1.381e-07,3.34e-08,3.602,2.634,0.968,0.5501,6.607,1.715e-07,1.715e-07,2.9412249999999997e-14,-1.047e-07,-4.61254e-15,-6.85949195696182,-7.474955192963154,-0.2418537291817523,,,,,,,,,,,,,,,,,,,,,,,,
CH3OH–CHCl3,toluene,stda,-1.01e-08,-9.21e-08,3.688,2.717,0.971,0.0151,6.632,-8.199999999999999e-08,8.199999999999999e-08,6.723999999999999e-15,-1.022e-07,9.3021e-16,-7.991399828238083,-7.035269078946371,9.11881188118812,,,,,,,,,,,,,,,,,,,,,,,,
CH3OH–CHCl3,toluene,stddft,-9.59e-08,-9.24e-08,3.631,2.647,0.984,0.5113,6.632,3.5000000000000115e-09,3.5000000000000115e-09,1.2250000000000079e-17,-1.883e-07,8.86116e-15,-7.017728766960432,-7.033858267260968,0.9635036496350364,,,,,,,,,,,,,,,,,,,,,,,,
CMP,gas,stda,3.4e-09,1.12e-08,5.079,4.897,0.1819999999999995,0.0011,9.441,7.8e-09,7.8e-09,6.084e-17,1.4599999999999998e-08,3.808e-17,-8.455931955649724,-7.94692155651658,3.294117647058824,,,,,,,,,,,,,,,,,,,,,,,,
CMP,gas,stddft,5.85e-08,-1.366e-07,5.05,4.856,0.1939999999999999,0.001,9.441,-1.951e-07,1.951e-07,3.806401e-14,-7.809999999999999e-08,-7.9911e-15,-7.23210238398191,-6.864231485432177,-2.3350427350427347,,,,,,,,,,,,,,,,,,,,,,,,
CMP,toluene,stda,3.07e-08,2.2e-09,5.073,4.899,0.1740000000000003,0.0019,9.448,-2.85e-08,2.85e-08,8.122499999999998e-16,3.29e-08,6.753999999999997e-17,-7.511449283499556,-8.638272163982407,0.0716612377850162,,,,,,,,,,,,,,,,,,,,,,,,
CMP,toluene,stddft,-2.77e-08,-4.03e-08,5.044,4.858,0.1859999999999999,0.0019,9.448,-1.2599999999999997e-08,1.2599999999999997e-08,1.5875999999999992e-16,-6.8e-08,1.11631e-15,-7.555955204081924,-7.393618634889395,1.454873646209386,,,,,,,,,,,,,,,,,,,,,,,,
CN-QP,gas,stda,5.6e-09,1.82e-08,3.297,2.941,0.3560000000000003,0.0335,4.789999999999999,1.26e-08,1.26e-08,1.5876e-16,2.38e-08,1.0192e-16,-8.244125144327509,-7.73754891026957,3.2500000000000004,,,,,,,,,,,,,,,,,,,,,,,,
CN-QP,gas,stddft,4.15e-08,4.8e-09,3.285,2.912,0.3730000000000002,0.0201,4.789999999999999,-3.67e-08,3.67e-08,1.3468900000000005e-15,4.63e-08,1.992e-16,-7.380906669373258,-8.309803919971486,0.1156626506024096,,,,,,,,,,,,,,,,,,,,,,,,
CN-QP,toluene,stda,-1.529e-07,-9.57e-08,3.223,2.924,0.2989999999999999,0.0192,4.648,5.72e-08,5.72e-08,3.2718399999999995e-15,-2.486e-07,1.4632530000000002e-14,-6.815308569182402,-7.018634490921456,0.6258992805755396,,,,,,,,,,,,,,,,,,,,,,,,
CN-QP,toluene,stddft,4.18e-08,1.021e-07,3.221,2.895,0.326,0.0196,4.648,6.03e-08,6.03e-08,3.63609e-15,1.4389999999999998e-07,4.2677799999999985e-15,-7.377785977033705,-6.990549104201306,2.4425837320574164,,,,,,,,,,,,,,,,,,,,,,,,
CN-TPA,gas,stda,-5.07e-08,-8.93e-08,3.791,3.224,0.5669999999999997,0.5919,7.235000000000001,-3.86e-08,3.86e-08,1.48996e-15,-1.3999999999999998e-07,4.52751e-15,-7.294136287716081,-7.048662481204082,1.7613412228796843,,,,,,,,,,,,,,,,,,,,,,,,
CN-TPA,gas,stddft,1.5e-09,-9.3e-09,3.745,3.199,0.5460000000000003,0.5165,7.235000000000001,-1.08e-08,1.08e-08,1.1664e-16,-7.8e-09,-1.395e-17,-8.795880017344075,-8.0268721464003,-6.2,,,,,,,,,,,,,,,,,,,,,,,,
CN-TPA,toluene,stda,2.6e-08,-6.05e-08,3.772,3.188,0.5839999999999996,0.615,7.202999999999999,-8.650000000000001e-08,8.650000000000001e-08,7.482250000000002e-15,-3.4500000000000005e-08,-1.5730000000000005e-15,-7.583359492661719,-7.217527375833714,-2.326923076923077,,,,,,,,,,,,,,,,,,,,,,,,
CN-TPA,toluene,stddft,-5.84e-08,7.53e-08,3.722,3.163,0.5590000000000002,0.5323,7.202999999999999,1.337e-07,1.337e-07,1.7875690000000005e-14,1.6900000000000006e-08,-4.397520000000001e-15,-7.232844133917819,-7.122628654130226,-1.2893835616438356,,,,,,,,,,,,,,,,,,,,,,,,
CNDSB,gas,stda,-6.68e-08,-7.15e-08,3.764,2.854,0.9099999999999996,2.3896,6.761999999999999,-4.699999999999996e-09,4.699999999999996e-09,2.208999999999996e-17,-1.3830000000000001e-07,4.7762e-15,-7.174573882232177,-7.145086977692144,1.0703592814371257,,,,,,,,,,,,,,,,,,,,,,,,
CNDSB,gas,stddft,-2.7e-08,7.94e-08,3.695,2.801,0.8939999999999997,1.9878,6.761999999999999,1.064e-07,1.064e-07,1.132096e-14,5.239999999999999e-08,-2.1438e-15,-7.567030709125595,-7.0996328713435295,-2.9407407407407407,,,,,,,,,,,,,,,,,,,,,,,,
CNDSB,toluene,stda,9.01e-08,-2.4e-09,3.75,2.838,0.912,2.3718,6.7490000000000006,-9.25e-08,9.25e-08,8.55625e-15,8.770000000000001e-08,-2.1624e-16,-7.044793462458058,-8.602059991327963,-0.0266370699223085,,,,,,,,,,,,,,,,,,,,,,,,
CNDSB,toluene,stddft,2.61e-08,5.15e-08,3.681,2.785,0.8959999999999999,1.972,6.7490000000000006,2.54e-08,2.54e-08,6.451599999999999e-16,7.76e-08,1.34415e-15,-7.581698708680254,-7.287350298372789,1.9731800766283525,,,,,,,,,,,,,,,,,,,,,,,,
CNPP-TPA,gas,stda,-3.67e-08,3.14e-08,3.443,2.969,0.4740000000000002,0.6316,5.318,6.810000000000002e-08,6.810000000000002e-08,4.637610000000001e-15,-5.299999999999994e-09,-1.15238e-15,-7.434152181326482,-7.501689446210399,-0.8555858310626704,,,,,,,,,,,,,,,,,,,,,,,,
CNPP-TPA,gas,stddft,-2.84e-08,-5.79e-08,3.423,2.946,0.4769999999999998,0.5924,5.318,-2.9500000000000006e-08,2.9500000000000006e-08,8.702500000000002e-16,-8.63e-08,1.64436e-15,-7.54515513999149,-7.236572006437063,2.038732394366197,,,,,,,,,,,,,,,,,,,,,,,,
CNPP-TPA,toluene,stda,-3.19e-08,-2.19e-08,3.226,2.686,0.54,0.7813,4.954000000000001,1e-08,1e-08,1e-16,-5.380000000000001e-08,6.9861e-16,-7.494850021680094,-7.657577319177793,0.6865203761755486,,,,,,,,,,,,,,,,,,,,,,,,
CNPP-TPA,toluene,stddft,2.51e-08,-1.148e-07,3.204,2.663,0.5410000000000004,0.7299,4.954000000000001,-1.399e-07,1.399e-07,1.957201e-14,-8.97e-08,-2.88148e-15,-7.598599459218456,-6.9396799713117145,-4.573705179282868,,,,,,,,,,,,,,,,,,,,,,,,
CNTPA-CZ,gas,stda,7.43e-08,-3.06e-08,3.787,3.163,0.6240000000000001,0.6571,7.137999999999999,-1.049e-07,1.049e-07,1.1004009999999998e-14,4.37e-08,-2.27358e-15,-7.128427064454121,-7.512861624522813,-0.4118438761776582,,,,,,,,,,,,,,,,,,,,,,,,
CNTPA-CZ,gas,stddft,-1.7e-08,-4.95e-08,3.741,3.136,0.605,0.5722,7.137999999999999,-3.25e-08,3.25e-08,1.05625e-15,-6.649999999999999e-08,8.415e-16,-7.767003889607846,-7.304518323509803,2.911764705882353,,,,,,,,,,,,,,,,,,,,,,,,
CNTPA-CZ,toluene,stda,2.84e-08,-2.05e-08,3.727,3.074,0.653,0.7128,7.04,-4.89e-08,4.89e-08,2.39121e-15,7.899999999999998e-09,-5.822000000000001e-16,-7.54515513999149,-7.686132779630847,-0.721830985915493,,,,,,,,,,,,,,,,,,,,,,,,
CNTPA-CZ,toluene,stddft,-8.22e-08,-4.14e-08,3.675,3.046,0.629,0.6126,7.04,4.08e-08,4.08e-08,1.6646399999999996e-15,-1.236e-07,3.40308e-15,-7.08460016478773,-7.3819519032879075,0.5036496350364964,,,,,,,,,,,,,,,,,,,,,,,,
CNTPA-PXZ,gas,stda,1.77e-08,1.08e-08,3.246,2.867,0.379,0.0118,6.215999999999999,-6.899999999999999e-09,6.899999999999999e-09,4.760999999999999e-17,2.85e-08,1.9116e-16,-7.749579997691106,-7.962573502059376,0.6101694915254238,,,,,,,,,,,,,,,,,,,,,,,,
CNTPA-PXZ,gas,stddft,2.38e-08,8.63e-08,3.21,2.836,0.3740000000000001,0.0095,6.215999999999999,6.25e-08,6.25e-08,3.90625e-15,1.101e-07,2.05394e-15,-7.621602099051862,-7.063486257521107,3.626050420168067,,,,,,,,,,,,,,,,,,,,,,,,
CNTPA-PXZ,toluene,stda,-2.65e-08,3.28e-08,3.242,2.851,0.391,0.0138,6.164999999999999,5.93e-08,5.93e-08,3.51649e-15,6.3000000000000035e-09,-8.692e-16,-7.575118363368933,-7.482804102050026,-1.237735849056604,,,,,,,,,,,,,,,,,,,,,,,,
CNTPA-PXZ,toluene,stddft,2.17e-08,-3.67e-08,3.206,2.82,0.3860000000000001,0.0112,6.164999999999999,-5.84e-08,5.84e-08,3.4105599999999988e-15,-1.5e-08,-7.963899999999999e-16,-7.661543506395395,-7.434152181326482,-1.6912442396313363,,,,,,,,,,,,,,,,,,,,,,,,
CPBPMCN,gas,stda,-7.34e-08,5e-10,3.874,3.471,0.403,0.5555,6.653,7.389999999999999e-08,7.389999999999999e-08,5.461209999999999e-15,-7.29e-08,-3.67e-17,-7.133712660915805,-9.221848749616356,-0.0068119891008174,,,,,,,,,,,,,,,,,,,,,,,,
CPBPMCN,gas,stddft,2.85e-08,1.76e-08,3.831,3.443,0.3879999999999999,0.4971,6.653,-1.0900000000000002e-08,1.0900000000000002e-08,1.1881000000000003e-16,4.61e-08,5.016e-16,-7.543633966870957,-7.752026733638194,0.6175438596491227,,,,,,,,,,,,,,,,,,,,,,,,
CPBPMCN,toluene,stda,8.8e-09,-1.09e-07,3.875,3.471,0.4039999999999999,0.4149,6.715,-1.178e-07,1.178e-07,1.387684e-14,-1.002e-07,-9.592e-16,-8.050609993355087,-6.962175249411658,-12.386363636363637,,,,,,,,,,,,,,,,,,,,,,,,
CPBPMCN,toluene,stddft,-8.06e-08,7.58e-08,3.831,3.446,0.3849999999999998,0.3806,6.715,1.564e-07,1.564e-07,2.4460959999999998e-14,-4.79999999999999e-09,-6.10948e-15,-7.09312646527793,-7.11975822410452,-0.9404466501240696,,,,,,,,,,,,,,,,,,,,,,,,
CPBzFC,gas,stda,-1.4e-08,7.51e-08,3.76,3.198,0.5619999999999998,0.7203,6.392,8.91e-08,8.91e-08,7.93881e-15,6.110000000000001e-08,-1.0514e-15,-7.85078088734462,-7.123782159408358,-5.364285714285715,,,,,,,,,,,,,,,,,,,,,,,,
CPBzFC,gas,stddft,5.48e-08,3.3e-09,3.722,3.16,0.5619999999999998,0.9149,6.392,-5.15e-08,5.15e-08,2.65225e-15,5.8100000000000004e-08,1.8084e-16,-7.260427655549908,-8.468521082957745,0.0602189781021897,,,,,,,,,,,,,,,,,,,,,,,,
CPBzFC,toluene,stda,5.34e-08,-3.26e-08,3.803,3.228,0.5749999999999997,0.9879,6.408,-8.6e-08,8.6e-08,7.396000000000001e-15,2.08e-08,-1.7408400000000001e-15,-7.2716462179787715,-7.485452247339714,-0.6104868913857678,,,,,,,,,,,,,,,,,,,,,,,,
CPBzFC,toluene,stddft,5.18e-08,3.6e-08,3.751,3.19,0.5609999999999999,0.9131,6.408,-1.5800000000000006e-08,1.5800000000000006e-08,2.496400000000001e-16,8.78e-08,1.8648e-15,-7.284832642151542,-7.442492798094342,0.6949806949806949,,,,,,,,,,,,,,,,,,,,,,,,
CPPyC,gas,stda,-6.39e-08,7.69e-08,3.852,3.436,0.4159999999999999,0.205,7.27,1.408e-07,1.408e-07,1.982464e-14,1.2999999999999996e-08,-4.91391e-15,-7.1938200260161125,-7.113509274827519,-1.2034428794992176,,,,,,,,,,,,,,,,,,,,,,,,
CPPyC,gas,stddft,2.36e-08,4.13e-08,3.789,3.414,0.375,0.1708,7.27,1.77e-08,1.77e-08,3.1329e-16,6.49e-08,9.7468e-16,-7.625251653989896,-7.382999658879101,1.75,,,,,,,,,,,,,,,,,,,,,,,,
CPPyC,toluene,stda,-5.39e-08,6.33e-08,3.82,3.392,0.4279999999999999,0.4222,7.191000000000001,1.172e-07,1.172e-07,1.373584e-14,9.400000000000005e-09,-3.4118700000000004e-15,-7.267606240177032,-7.197910742118268,-1.1743970315398888,,,,,,,,,,,,,,,,,,,,,,,,
CPPyC,toluene,stddft,-3.97e-08,3.5e-08,3.753,3.369,0.3839999999999999,0.339,7.191000000000001,7.47e-08,7.47e-08,5.58009e-15,-4.699999999999996e-09,-1.3895e-15,-7.400116927926312,-7.454692883534176,-0.8816120906801008,,,,,,,,,,,,,,,,,,,,,,,,
CPTBF,gas,stda,7.41e-08,7.8e-09,3.906,3.424,0.4820000000000002,0.3115,7.318,-6.629999999999999e-08,6.629999999999999e-08,4.395689999999999e-15,8.19e-08,5.7798e-16,-7.129596094720973,-8.102372908709558,0.1052631578947368,,,,,,,,,,,,,,,,,,,,,,,,
CPTBF,gas,stddft,8.03e-08,-3.2e-08,3.842,3.401,0.4410000000000003,0.2661,7.318,-1.123e-07,1.123e-07,1.2611289999999999e-14,4.83e-08,-2.5696e-15,-7.094743951251549,-7.493494967595128,-0.3985056039850561,,,,,,,,,,,,,,,,,,,,,,,,
CPTBF,toluene,stda,-2.15e-08,6.39e-08,3.9,3.402,0.4979999999999998,0.2562,7.470000000000001,8.54e-08,8.54e-08,7.293159999999999e-15,4.24e-08,-1.37385e-15,-7.665546248849069,-7.1938200260161125,-2.972093023255814,,,,,,,,,,,,,,,,,,,,,,,,
CPTBF,toluene,stddft,-2.64e-08,-6.07e-08,3.833,3.379,0.4540000000000002,0.2173,7.470000000000001,-3.43e-08,3.43e-08,1.1764899999999997e-15,-8.709999999999999e-08,1.60248e-15,-7.576754126063192,-7.216096420727265,2.299242424242424,,,,,,,,,,,,,,,,,,,,,,,,
CPzPC,gas,stda,5.08e-08,2.69e-08,3.702,3.345,0.3569999999999997,0.4396,6.861000000000001,-2.39e-08,2.39e-08,5.7121e-16,7.77e-08,1.36652e-15,-7.293282217663242,-7.568636235841013,0.5295275590551182,,,,,,,,,,,,,,,,,,,,,,,,
CPzPC,gas,stddft,-3e-09,-1.05e-08,3.66,3.327,0.3330000000000002,0.4202,6.861000000000001,-7.5e-09,7.5e-09,5.624999999999999e-17,-1.35e-08,3.15e-17,-8.508638306165727,-7.97469413473523,3.5,,,,,,,,,,,,,,,,,,,,,,,,
CPzPC,toluene,stda,-4.33e-08,-3.78e-08,3.701,3.335,0.3660000000000001,0.4374,6.845,5.499999999999996e-09,5.499999999999996e-09,3.0249999999999955e-17,-8.11e-08,1.6367399999999998e-15,-7.36251027048749,-7.421360790031928,0.8729792147806006,,,,,,,,,,,,,,,,,,,,,,,,
CPzPC,toluene,stddft,2.68e-08,2.42e-08,3.658,3.317,0.3409999999999997,0.4189,6.845,-2.5999999999999972e-09,2.5999999999999972e-09,6.759999999999983e-18,5.1e-08,6.4856e-16,-7.570247719997592,-7.614393726401688,0.9029850746268658,,,,,,,,,,,,,,,,,,,,,,,,
CPzPyC,gas,stda,-8.3e-09,7.4e-08,3.645,3.332,0.3130000000000001,0.1165,6.65,8.23e-08,8.23e-08,6.77329e-15,6.57e-08,-6.142e-16,-8.075720713938118,-7.130181792020672,-8.91566265060241,,,,,,,,,,,,,,,,,,,,,,,,
CPzPyC,gas,stddft,3.85e-08,6.1e-09,3.616,3.314,0.302,0.1253,6.65,-3.24e-08,3.24e-08,1.04976e-15,4.46e-08,2.3485e-16,-7.413412695328245,-8.207608310501746,0.1584415584415584,,,,,,,,,,,,,,,,,,,,,,,,
CPzPyC,toluene,stda,-2.68e-08,-1.1e-09,3.605,3.302,0.3029999999999999,0.216,6.747999999999999,2.57e-08,2.57e-08,6.604899999999999e-16,-2.79e-08,2.948e-17,-7.570247719997592,-8.920818753952375,0.0410447761194029,,,,,,,,,,,,,,,,,,,,,,,,
CPzPyC,toluene,stddft,4.32e-08,2.37e-08,3.573,3.286,0.2869999999999999,0.2018,6.747999999999999,-1.9500000000000006e-08,1.9500000000000006e-08,3.802500000000001e-16,6.69e-08,1.02384e-15,-7.363512103646634,-7.623423042943488,0.548611111111111,,,,,,,,,,,,,,,,,,,,,,,,
CPzPzC,gas,stda,-8.1e-09,-8e-10,3.505,3.062,0.443,0.3174,6.626,7.3e-09,7.3e-09,5.329e-17,-8.9e-09,6.48e-18,-8.086186147616283,-9.045757490560677,0.0987654320987654,,,,,,,,,,,,,,,,,,,,,,,,
CPzPzC,gas,stddft,3.03e-08,-3e-10,3.463,3.038,0.4250000000000002,0.277,6.626,-3.06e-08,3.06e-08,9.3636e-16,3e-08,-9.09e-18,-7.517126416391246,-9.397940008672036,-0.0099009900990099,,,,,,,,,,,,,,,,,,,,,,,,
CPzPzC,toluene,stda,-1.75e-08,1.06e-08,3.467,3.034,0.4330000000000003,0.3004,6.58,2.81e-08,2.81e-08,7.8961e-16,-6.9000000000000006e-09,-1.8550000000000003e-16,-7.75448733218585,-7.97061622231479,-0.6057142857142858,,,,,,,,,,,,,,,,,,,,,,,,
CPzPzC,toluene,stddft,5.02e-08,-6.28e-08,3.426,3.011,0.415,0.2612,6.58,-1.13e-07,1.13e-07,1.2769e-14,-1.2600000000000009e-08,-3.1525600000000005e-15,-7.298432014944073,-7.201349354554731,-1.2509960159362552,,,,,,,,,,,,,,,,,,,,,,,,
CTM,gas,stda,3.88e-08,1.9e-09,3.773,3.363,0.4100000000000001,0.7898,6.637,-3.69e-08,3.69e-08,1.36161e-15,4.07e-08,7.371999999999998e-17,-7.410050398674293,-8.698970004336019,0.0489690721649484,,,,,,,,,,,,,,,,,,,,,,,,
CTM,gas,stddft,-1.85e-08,-1.03e-08,3.723,3.342,0.3809999999999998,0.6355,6.637,8.2e-09,8.2e-09,6.724000000000001e-17,-2.88e-08,1.9054999999999999e-16,-7.730487055782084,-7.982966660701219,0.5567567567567567,,,,,,,,,,,,,,,,,,,,,,,,
CTM,toluene,stda,-3e-08,2.42e-08,3.563,3.336,0.2270000000000003,0.0086,6.579000000000001,5.42e-08,5.42e-08,2.9376399999999997e-15,-5.799999999999996e-09,-7.26e-16,-7.521433504406157,-7.614393726401688,-0.8066666666666668,,,,,,,,,,,,,,,,,,,,,,,,
CTM,toluene,stddft,2.97e-08,-2.18e-08,3.56,3.315,0.2450000000000001,0.012,6.579000000000001,-5.150000000000001e-08,5.150000000000001e-08,2.6522500000000004e-15,7.900000000000001e-09,-6.474600000000002e-16,-7.525783735923745,-7.6595558851598815,-0.734006734006734,,,,,,,,,,,,,,,,,,,,,,,,
CZ-DPS-DMAC,gas,stda,-3.37e-08,2.1e-08,3.845,3.449,0.3960000000000003,0.2526,6.9830000000000005,5.47e-08,5.47e-08,2.9920899999999997e-15,-1.2699999999999998e-08,-7.076999999999999e-16,-7.471083299722345,-7.675717544702307,-0.6231454005934718,,,,,,,,,,,,,,,,,,,,,,,,
CZ-DPS-DMAC,gas,stddft,-6.7e-09,-5.03e-08,3.791,3.427,0.3639999999999999,0.2494,6.9830000000000005,-4.36e-08,4.36e-08,1.90096e-15,-5.7e-08,3.3701e-16,-8.167491087293763,-7.297569463554475,7.507462686567164,,,,,,,,,,,,,,,,,,,,,,,,
CZ-DPS-DMAC,toluene,stda,2.85e-08,5e-09,3.813,3.429,0.3840000000000003,0.0372,6.819,-2.35e-08,2.35e-08,5.5225e-16,3.35e-08,1.425e-16,-7.543633966870957,-8.292429823902063,0.175438596491228,,,,,,,,,,,,,,,,,,,,,,,,
CZ-DPS-DMAC,toluene,stddft,-1.03e-08,-7.08e-08,3.791,3.406,0.3849999999999998,0.0385,6.819,-6.049999999999999e-08,6.049999999999999e-08,3.66025e-15,-8.11e-08,7.2924e-16,-7.982966660701219,-7.149353764816934,6.873786407766991,,,,,,,,,,,,,,,,,,,,,,,,
CZ-TRZ,gas,stda,1.02e-08,1.07e-08,3.941,3.52,0.4209999999999998,0.5793,6.535,4.999999999999994e-10,4.999999999999994e-10,2.499999999999996e-19,2.0900000000000002e-08,1.0914e-16,-7.987162775294828,-7.966576244513051,1.0490196078431373,,,,,,,,,,,,,,,,,,,,,,,,
CZ-TRZ,gas,stddft,-2.64e-08,1.032e-07,3.89,3.498,0.3919999999999999,0.4537,6.535,1.296e-07,1.296e-07,1.679616e-14,7.68e-08,-2.72448e-15,-7.576754126063192,-6.985899678480379,-3.9090909090909087,,,,,,,,,,,,,,,,,,,,,,,,
CZ-TRZ,toluene,stda,-5.91e-08,6.8e-08,3.963,3.501,0.4620000000000002,0.5595,6.581,1.271e-07,1.271e-07,1.6154409999999994e-14,8.9e-09,-4.0188e-15,-7.22767829327708,-7.166852888087215,-1.1505922165820643,,,,,,,,,,,,,,,,,,,,,,,,
CZ-TRZ,toluene,stddft,-2.25e-08,0.0,3.909,3.479,0.4299999999999997,0.4457,6.581,2.25e-08,2.25e-08,5.0625e-16,-2.25e-08,-0.0,-7.645891560852599,-10.0,-0.0,,,,,,,,,,,,,,,,,,,,,,,,
CZ9CZPZ,gas,stda,4.7e-09,-5.72e-08,3.685,3.224,0.4609999999999998,1.5741,6.711,-6.19e-08,6.19e-08,3.831610000000001e-15,-5.25e-08,-2.6884e-16,-8.318758762624412,-7.24184537803261,-12.170212765957448,,,,,,,,,,,,,,,,,,,,,,,,
CZ9CZPZ,gas,stddft,-7.18e-08,-1.039e-07,3.642,3.202,0.4399999999999999,1.3663,6.711,-3.21e-08,3.21e-08,1.0304100000000001e-15,-1.757e-07,7.460019999999999e-15,-7.1432711096171175,-6.982966660701219,1.4470752089136492,,,,,,,,,,,,,,,,,,,,,,,,
CZ9CZPZ,toluene,stda,-4.15e-08,1.64e-08,3.669,3.199,0.4700000000000002,1.5127,6.760999999999999,5.79e-08,5.79e-08,3.3524100000000004e-15,-2.51e-08,-6.806000000000002e-16,-7.380906669373258,-7.782516055786093,-0.3951807228915663,,,,,,,,,,,,,,,,,,,,,,,,
CZ9CZPZ,toluene,stddft,-2.99e-08,-1.49e-08,3.624,3.176,0.4479999999999999,1.309,6.760999999999999,1.5000000000000002e-08,1.5000000000000002e-08,2.2500000000000006e-16,-4.48e-08,4.4551e-16,-7.522878745280337,-7.823908740944319,0.4983277591973243,,,,,,,,,,,,,,,,,,,,,,,,
CbBPCb,gas,stda,-1.89e-08,-4.48e-08,3.933,3.478,0.4549999999999996,0.285,7.585999999999999,-2.59e-08,2.59e-08,6.7080999999999985e-16,-6.37e-08,8.4672e-16,-7.721246399047171,-7.347753658996677,2.3703703703703702,,,,,,,,,,,,,,,,,,,,,,,,
CbBPCb,gas,stddft,1e-10,4.29e-08,3.869,3.456,0.4130000000000002,0.2437,7.585999999999999,4.28e-08,4.28e-08,1.83184e-15,4.3e-08,4.29e-18,-9.69897000433602,-7.366531544420414,429.0,,,,,,,,,,,,,,,,,,,,,,,,
CbBPCb,toluene,stda,2.02e-08,5.85e-08,3.917,3.445,0.472,0.1336,7.588000000000001,3.8300000000000005e-08,3.8300000000000005e-08,1.4668900000000005e-15,7.87e-08,1.1817e-15,-7.692503962086787,-7.23210238398191,2.8960396039603964,,,,,,,,,,,,,,,,,,,,,,,,
CbBPCb,toluene,stddft,-6.8e-08,7.9e-08,3.848,3.424,0.4239999999999999,0.1148,7.588000000000001,1.47e-07,1.47e-07,2.1609e-14,1.1000000000000006e-08,-5.372000000000001e-15,-7.166852888087215,-7.101823516502323,-1.161764705882353,,,,,,,,,,,,,,,,,,,,,,,,
Cbz-MI,gas,stda,3.1e-08,-1.76e-08,2.618,2.124,0.4939999999999998,0.2446,5.425000000000001,-4.86e-08,4.86e-08,2.36196e-15,1.3400000000000001e-08,-5.455999999999999e-16,-7.507239610973162,-7.752026733638194,-0.567741935483871,,,,,,,,,,,,,,,,,,,,,,,,
Cbz-MI,gas,stddft,9.15e-08,4.01e-08,2.571,2.093,0.4780000000000002,0.2134,5.425000000000001,-5.1400000000000004e-08,5.1400000000000004e-08,2.6419600000000004e-15,1.3160000000000001e-07,3.66915e-15,-7.03810452633215,-7.39577394691553,0.4382513661202186,,,,,,,,,,,,,,,,,,,,,,,,
Cbz-MI,toluene,stda,-4.23e-08,2.01e-08,2.846,2.426,0.4199999999999999,0.0009,5.205,6.24e-08,6.24e-08,3.89376e-15,-2.22e-08,-8.502300000000001e-16,-7.372634143407267,-7.694648630553377,-0.475177304964539,,,,,,,,,,,,,,,,,,,,,,,,
Cbz-MI,toluene,stddft,4.82e-08,1.438e-07,2.812,2.407,0.4049999999999998,0.0008,5.205,9.560000000000001e-08,9.560000000000001e-08,9.13936e-15,1.92e-07,6.9311600000000004e-15,-7.316052869248487,-6.841939206063395,2.983402489626556,,,,,,,,,,,,,,,,,,,,,,,,
Cbz-PYR,gas,stda,3e-09,7.58e-08,3.883,3.515,0.3679999999999999,0.7382,7.48,7.28e-08,7.28e-08,5.299840000000001e-15,7.88e-08,2.274e-16,-8.508638306165727,-7.11975822410452,25.26666666666667,,,,,,,,,,,,,,,,,,,,,,,,
Cbz-PYR,gas,stddft,-3.63e-08,-5.31e-08,3.84,3.493,0.347,0.6405,7.48,-1.6799999999999998e-08,1.6799999999999998e-08,2.8223999999999993e-16,-8.939999999999999e-08,1.92753e-15,-7.438898616350944,-7.274088367704952,1.462809917355372,,,,,,,,,,,,,,,,,,,,,,,,
Cbz-PYR,toluene,stda,4.44e-08,-3.8e-09,3.874,3.503,0.371,0.7528,7.469,-4.82e-08,4.82e-08,2.3232400000000007e-15,4.06e-08,-1.6872e-16,-7.351639989019068,-8.4089353929735,-0.0855855855855855,,,,,,,,,,,,,,,,,,,,,,,,
Cbz-PYR,toluene,stddft,1.69e-08,-1.18e-08,3.831,3.481,0.3500000000000001,0.6517,7.469,-2.87e-08,2.87e-08,8.2369e-16,5.099999999999999e-09,-1.9942e-16,-7.769551078621726,-7.924453038607469,-0.6982248520710059,,,,,,,,,,,,,,,,,,,,,,,,
Cz-SO,gas,stda,-1.63e-08,-5.79e-08,3.861,3.407,0.4540000000000002,0.2241,7.608,-4.16e-08,4.16e-08,1.7305600000000005e-15,-7.42e-08,9.4377e-16,-7.785156151952302,-7.236572006437063,3.552147239263804,,,,,,,,,,,,,,,,,,,,,,,,
Cz-SO,gas,stddft,2.78e-08,3.75e-08,3.787,3.384,0.403,0.1929,7.608,9.699999999999998e-09,9.699999999999998e-09,9.408999999999995e-17,6.53e-08,1.0425e-15,-7.554395796726403,-7.424812155072339,1.3489208633093523,,,,,,,,,,,,,,,,,,,,,,,,
Cz-SO,toluene,stda,-3e-09,4.37e-08,3.873,3.421,0.4520000000000004,0.2606,7.611,4.67e-08,4.67e-08,2.1808900000000002e-15,4.07e-08,-1.311e-16,-8.508638306165727,-7.3585258894959,-14.566666666666666,,,,,,,,,,,,,,,,,,,,,,,,
Cz-SO,toluene,stddft,-6.08e-08,6.84e-08,3.802,3.398,0.4039999999999999,0.224,7.611,1.2920000000000002e-07,1.2920000000000002e-07,1.6692640000000004e-14,7.600000000000002e-09,-4.158720000000001e-15,-7.215382707367125,-7.164309428507575,-1.125,,,,,,,,,,,,,,,,,,,,,,,,
Cz2ICz,gas,stda,1.5e-08,-4.58e-08,3.493,3.142,0.351,0.4125,6.544999999999999,-6.08e-08,6.08e-08,3.69664e-15,-3.08e-08,-6.869999999999999e-16,-7.82102305270683,-7.338187314462739,-3.0533333333333337,,,,,,,,,,,,,,,,,,,,,,,,
Cz2ICz,gas,stddft,-2.04e-08,-3.22e-08,3.437,3.123,0.3139999999999996,0.3552,6.544999999999999,-1.1799999999999996e-08,1.1799999999999996e-08,1.3923999999999992e-16,-5.26e-08,6.568799999999999e-16,-7.688246138944246,-7.490797477668897,1.578431372549019,,,,,,,,,,,,,,,,,,,,,,,,
Cz2ICz,toluene,stda,-2.78e-08,3.82e-08,3.491,3.137,0.3540000000000001,0.3895,6.607,6.6e-08,6.6e-08,4.356e-15,1.0399999999999996e-08,-1.06196e-15,-7.554395796726403,-7.416801226031377,-1.3741007194244603,,,,,,,,,,,,,,,,,,,,,,,,
Cz2ICz,toluene,stddft,-2.68e-08,8.5e-09,3.435,3.118,0.3170000000000001,0.3374,6.607,3.53e-08,3.53e-08,1.24609e-15,-1.83e-08,-2.2779999999999997e-16,-7.570247719997592,-8.065501548756432,-0.3171641791044776,,,,,,,,,,,,,,,,,,,,,,,,
CzA-PPO,gas,stda,5.08e-08,5.75e-08,2.423,1.906,0.5170000000000001,0.2981,5.674,6.7e-09,6.7e-09,4.489000000000001e-17,1.083e-07,2.921e-15,-7.293282217663242,-7.239577516576788,1.1318897637795275,,,,,,,,,,,,,,,,,,,,,,,,
CzA-PPO,gas,stddft,-1.47e-08,5.5e-09,2.367,1.85,0.5169999999999999,0.2625,5.674,2.02e-08,2.02e-08,4.0803999999999997e-16,-9.2e-09,-8.084999999999999e-17,-7.829738284605042,-8.2518119729938,-0.3741496598639455,,,,,,,,,,,,,,,,,,,,,,,,
CzA-PPO,toluene,stda,-4.14e-08,-3.81e-08,2.384,1.897,0.4869999999999999,0.2753,5.651,3.300000000000003e-09,3.300000000000003e-09,1.089000000000002e-17,-7.949999999999999e-08,1.57734e-15,-7.3819519032879075,-7.4179366370882915,0.9202898550724636,,,,,,,,,,,,,,,,,,,,,,,,
CzA-PPO,toluene,stddft,2.18e-08,-5.04e-08,2.332,1.843,0.4889999999999999,0.2441,5.651,-7.22e-08,7.22e-08,5.21284e-15,-2.86e-08,-1.09872e-15,-7.6595558851598815,-7.296708621881338,-2.311926605504587,,,,,,,,,,,,,,,,,,,,,,,,
CzB-FMPIM,gas,stda,-6.97e-08,7.71e-08,3.955,3.471,0.484,0.374,6.883,1.468e-07,1.468e-07,2.1550239999999998e-14,7.4e-09,-5.373869999999999e-15,-7.156144577376839,-7.112382699664264,-1.1061692969870875,,,,,,,,,,,,,,,,,,,,,,,,
CzB-FMPIM,gas,stddft,2.45e-08,4e-10,3.894,3.447,0.447,0.2301,6.883,-2.41e-08,2.41e-08,5.808100000000002e-16,2.49e-08,9.8e-18,-7.609064892896621,-9.30102999566398,0.0163265306122449,,,,,,,,,,,,,,,,,,,,,,,,
CzB-FMPIM,toluene,stda,9.07e-08,-1.632e-07,3.935,3.465,0.4700000000000002,0.2229,7.002,-2.539e-07,2.539e-07,6.446521e-14,-7.250000000000002e-08,-1.480224e-14,-7.041914151478915,-6.787013815263332,-1.7993384785005513,,,,,,,,,,,,,,,,,,,,,,,,
CzB-FMPIM,toluene,stddft,6.58e-08,2.57e-08,3.87,3.441,0.4290000000000002,0.1615,7.002,-4.01e-08,4.01e-08,1.6080099999999997e-15,9.15e-08,1.6910599999999997e-15,-7.18111458540599,-7.58838029403677,0.3905775075987842,,,,,,,,,,,,,,,,,,,,,,,,
CzB-FMPPI,gas,stda,-1.248e-07,-3.96e-08,3.857,3.436,0.4210000000000002,0.6601,6.815,8.520000000000002e-08,8.520000000000002e-08,7.259040000000001e-15,-1.6440000000000004e-07,4.94208e-15,-6.903437561625864,-7.401209493236885,0.3173076923076923,,,,,,,,,,,,,,,,,,,,,,,,
CzB-FMPPI,gas,stddft,-3.7e-09,-8.91e-08,3.815,3.408,0.407,0.592,6.815,-8.54e-08,8.54e-08,7.293159999999999e-15,-9.28e-08,3.2967e-16,-8.42021640338319,-7.049635145623877,24.08108108108108,,,,,,,,,,,,,,,,,,,,,,,,
CzB-FMPPI,toluene,stda,1.2e-09,-5.8e-09,3.856,3.445,0.411,0.4772,6.899,-7e-09,7e-09,4.9e-17,-4.6e-09,-6.96e-18,-8.886056647693163,-8.229147988357855,-4.833333333333333,,,,,,,,,,,,,,,,,,,,,,,,
CzB-FMPPI,toluene,stddft,3.1e-08,1.059e-07,3.816,3.416,0.3999999999999999,0.4402,6.899,7.49e-08,7.49e-08,5.610010000000001e-15,1.3690000000000001e-07,3.2829e-15,-7.507239610973162,-6.97469413473523,3.4161290322580644,,,,,,,,,,,,,,,,,,,,,,,,
CzBN,gas,stda,-4.1e-09,2.86e-08,3.719,3.357,0.3619999999999996,0.2543,7.086,3.27e-08,3.27e-08,1.06929e-15,2.45e-08,-1.1726e-16,-8.3767507096021,-7.542118103266008,-6.975609756097561,,,,,,,,,,,,,,,,,,,,,,,,
CzBN,gas,stddft,-3.9e-09,1.97e-08,3.681,3.339,0.3420000000000001,0.2299,7.086,2.36e-08,2.36e-08,5.5696e-16,1.5800000000000006e-08,-7.683000000000001e-17,-8.397940008672037,-7.703334809738469,-5.051282051282051,,,,,,,,,,,,,,,,,,,,,,,,
CzBN,toluene,stda,4.41e-08,-7.67e-08,3.708,3.347,0.3610000000000002,0.2441,7.042999999999999,-1.208e-07,1.208e-07,1.459264e-14,-3.2600000000000014e-08,-3.38247e-15,-7.354577730650908,-7.114638779968488,-1.7392290249433109,,,,,,,,,,,,,,,,,,,,,,,,
CzBN,toluene,stddft,-9.9e-09,3.81e-08,3.669,3.328,0.3410000000000002,0.2227,7.042999999999999,4.799999999999999e-08,4.799999999999999e-08,2.3039999999999988e-15,2.82e-08,-3.771899999999999e-16,-8.0,-7.4179366370882915,-3.8484848484848486,,,,,,,,,,,,,,,,,,,,,,,,
CzBPDCb,gas,stda,1.4e-09,1.49e-08,3.838,3.322,0.516,0.1929,7.353,1.35e-08,1.35e-08,1.8225e-16,1.63e-08,2.086e-17,-8.823908740944319,-7.823908740944319,10.642857142857142,,,,,,,,,,,,,,,,,,,,,,,,
CzBPDCb,gas,stddft,2.99e-08,-1.193e-07,3.764,3.297,0.4669999999999996,0.1631,7.353,-1.492e-07,1.492e-07,2.226064e-14,-8.939999999999999e-08,-3.56707e-15,-7.522878745280337,-6.92299567320665,-3.989966555183946,,,,,,,,,,,,,,,,,,,,,,,,
CzBPDCb,toluene,stda,2.86e-08,1.83e-08,3.792,3.282,0.5099999999999998,0.1176,7.252,-1.0300000000000005e-08,1.0300000000000005e-08,1.0609000000000005e-16,4.69e-08,5.233799999999999e-16,-7.542118103266008,-7.735182176990463,0.6398601398601398,,,,,,,,,,,,,,,,,,,,,,,,
CzBPDCb,toluene,stddft,-5e-08,2.27e-08,3.711,3.256,0.455,0.1011,7.252,7.27e-08,7.27e-08,5.28529e-15,-2.73e-08,-1.1350000000000001e-15,-7.300162274132754,-7.642065152999546,-0.454,,,,,,,,,,,,,,,,,,,,,,,,
CzBroB,gas,stda,9.2e-09,-4.9e-09,3.34,3.228,0.1119999999999996,0.0527,6.284000000000001,-1.41e-08,1.41e-08,1.9881e-16,4.3e-09,-4.508e-17,-8.031517051446064,-8.301029995663981,-0.532608695652174,,,,,,,,,,,,,,,,,,,,,,,,
CzBroB,gas,stddft,-2.94e-08,-3.31e-08,3.33,3.22,0.1099999999999998,0.0492,6.284000000000001,-3.7e-09,3.7e-09,1.369e-17,-6.25e-08,9.7314e-16,-7.530177984021837,-7.478861916295964,1.1258503401360545,,,,,,,,,,,,,,,,,,,,,,,,
CzBroB,toluene,stda,1.71e-08,2.5e-08,3.393,3.276,0.1169999999999999,0.0558,6.318999999999999,7.899999999999998e-09,7.899999999999998e-09,6.240999999999995e-17,4.21e-08,4.275e-16,-7.764471553092451,-7.600326278518962,1.461988304093567,,,,,,,,,,,,,,,,,,,,,,,,
CzBroB,toluene,stddft,-1.52e-08,7.7e-09,3.383,3.267,0.1160000000000001,0.0522,6.318999999999999,2.29e-08,2.29e-08,5.2441e-16,-7.500000000000001e-09,-1.1704e-16,-7.815308569182402,-8.10790539730952,-0.506578947368421,,,,,,,,,,,,,,,,,,,,,,,,
CzCNoB,gas,stda,-2.27e-08,-1.34e-08,3.116,2.997,0.1190000000000002,0.0504,5.987,9.300000000000002e-09,9.300000000000002e-09,8.649000000000004e-17,-3.61e-08,3.0418e-16,-7.642065152999546,-7.869666231504994,0.5903083700440528,,,,,,,,,,,,,,,,,,,,,,,,
CzCNoB,gas,stddft,-3.8e-09,-2.03e-08,3.104,2.99,0.1139999999999998,0.0461,5.987,-1.65e-08,1.65e-08,2.7225e-16,-2.41e-08,7.714000000000001e-17,-8.4089353929735,-7.690369832574102,5.342105263157895,,,,,,,,,,,,,,,,,,,,,,,,
CzCNoB,toluene,stda,2.82e-08,2.11e-08,3.12,3.002,0.1180000000000003,0.0508,5.970000000000001,-7.100000000000001e-09,7.100000000000001e-09,5.041000000000001e-17,4.93e-08,5.950200000000002e-16,-7.548213564475709,-7.673664139071248,0.74822695035461,,,,,,,,,,,,,,,,,,,,,,,,
CzCNoB,toluene,stddft,2.41e-08,5.09e-08,3.108,2.994,0.1139999999999998,0.0463,5.970000000000001,2.68e-08,2.68e-08,7.182399999999999e-16,7.5e-08,1.22669e-15,-7.616184634019569,-7.292429823902063,2.112033195020747,,,,,,,,,,,,,,,,,,,,,,,,
CzCbPy,gas,stda,4.74e-08,2.01e-08,3.754,3.264,0.4900000000000002,0.2525,6.970000000000001,-2.73e-08,2.73e-08,7.4529e-16,6.75e-08,9.527400000000002e-16,-7.323306390375134,-7.694648630553377,0.4240506329113924,,,,,,,,,,,,,,,,,,,,,,,,
CzCbPy,gas,stddft,3.6e-09,-1.15e-08,3.685,3.241,0.4439999999999999,0.1996,6.970000000000001,-1.51e-08,1.51e-08,2.2801e-16,-7.900000000000001e-09,-4.14e-17,-8.431798275933005,-7.935542010773082,-3.1944444444444446,,,,,,,,,,,,,,,,,,,,,,,,
CzCbPy,toluene,stda,4.29e-08,3.09e-08,3.735,3.242,0.4929999999999999,0.2341,6.987,-1.2000000000000002e-08,1.2000000000000002e-08,1.4400000000000002e-16,7.38e-08,1.32561e-15,-7.366531544420414,-7.508638306165727,0.7202797202797202,,,,,,,,,,,,,,,,,,,,,,,,
CzCbPy,toluene,stddft,6.89e-08,-2.57e-08,3.663,3.219,0.4439999999999999,0.1865,6.987,-9.46e-08,9.46e-08,8.94916e-15,4.32e-08,-1.77073e-15,-7.161150909262744,-7.58838029403677,-0.3730043541364296,,,,,,,,,,,,,,,,,,,,,,,,
CzDCbTrz,gas,stda,-6.81e-08,3.9e-09,3.666,3.363,0.3029999999999999,0.3597,6.271999999999999,7.2e-08,7.2e-08,5.184e-15,-6.419999999999999e-08,-2.6559e-16,-7.166215625343521,-8.397940008672037,-0.0572687224669603,,,,,,,,,,,,,,,,,,,,,,,,
CzDCbTrz,gas,stddft,1.05e-08,-8.4e-09,3.642,3.341,0.3009999999999997,0.3205,6.271999999999999,-1.89e-08,1.89e-08,3.5721000000000004e-16,2.099999999999999e-09,-8.820000000000001e-17,-7.97469413473523,-8.070581074285707,-0.8,,,,,,,,,,,,,,,,,,,,,,,,
CzDCbTrz,toluene,stda,-3.72e-08,-2.34e-08,3.66,3.29,0.3700000000000001,0.3836,6.214,1.38e-08,1.38e-08,1.9044000000000002e-16,-6.06e-08,8.704800000000001e-16,-7.428291168191312,-7.628932137728263,0.6290322580645161,,,,,,,,,,,,,,,,,,,,,,,,
CzDCbTrz,toluene,stddft,-3.94e-08,2.8e-08,3.632,3.264,0.3680000000000003,0.3232,6.214,6.740000000000002e-08,6.740000000000002e-08,4.542760000000001e-15,-1.1400000000000004e-08,-1.1032e-15,-7.403402904373539,-7.55129368009492,-0.7106598984771573,,,,,,,,,,,,,,,,,,,,,,,,
CzPh-PPO,gas,stddft,3.85e-08,-3.6e-09,3.713,2.914,0.7989999999999999,1.6027,6.516,-4.21e-08,4.21e-08,1.77241e-15,3.49e-08,-1.386e-16,-7.413412695328245,-8.431798275933005,-0.0935064935064935,,,,,,,,,,,,,,,,,,,,,,,,
CzPh-PPO,toluene,stda,-7e-08,7.11e-08,3.77,2.959,0.8109999999999999,1.8832,6.432,1.411e-07,1.411e-07,1.9909210000000004e-14,1.09999999999999e-09,-4.977e-15,-7.154281982033341,-7.147520006363144,-1.0157142857142856,,,,,,,,,,,,,,,,,,,,,,,,
CzPh-PPO,toluene,stddft,-4.27e-08,-5.5e-09,3.711,2.92,0.7909999999999999,1.5847,6.432,3.72e-08,3.72e-08,1.3838400000000002e-15,-4.82e-08,2.3485e-16,-7.368556230986828,-8.2518119729938,0.1288056206088993,,,,,,,,,,,,,,,,,,,,,,,,
CzPm,gas,stda,-3.29e-08,-3e-09,3.849,3.377,0.4720000000000004,1.3294,6.4,2.99e-08,2.99e-08,8.940099999999997e-16,-3.59e-08,9.87e-17,-7.481486060122113,-8.508638306165727,0.0911854103343465,,,,,,,,,,,,,,,,,,,,,,,,
CzPm,gas,stddft,4.62e-08,-5.22e-08,3.806,3.354,0.4519999999999999,1.0858,6.4,-9.84e-08,9.84e-08,9.68256e-15,-6.000000000000001e-09,-2.41164e-15,-7.334419008982047,-7.281498311132726,-1.12987012987013,,,,,,,,,,,,,,,,,,,,,,,,
CzPm,toluene,stda,-1.72e-08,3.4e-09,3.814,3.329,0.4849999999999999,1.5031,6.304000000000001,2.06e-08,2.06e-08,4.2435999999999996e-16,-1.3799999999999998e-08,-5.847999999999999e-17,-7.761953896871205,-8.455931955649724,-0.1976744186046511,,,,,,,,,,,,,,,,,,,,,,,,
CzPm,toluene,stddft,-4.15e-08,5.21e-08,3.775,3.306,0.4689999999999998,1.2572,6.304000000000001,9.36e-08,9.36e-08,8.760960000000001e-15,1.0600000000000002e-08,-2.1621500000000002e-15,-7.380906669373258,-7.282329496997738,-1.255421686746988,,,,,,,,,,,,,,,,,,,,,,,,
CzPrSBI,gas,stda,-1.75e-08,-5.23e-08,3.883,3.391,0.492,0.053,6.885,-3.4799999999999994e-08,3.4799999999999994e-08,1.2110399999999997e-15,-6.98e-08,9.1525e-16,-7.75448733218585,-7.280668713016273,2.9885714285714284,,,,,,,,,,,,,,,,,,,,,,,,
CzPrSBI,gas,stddft,-4.83e-08,-7.88e-08,3.806,3.366,0.4399999999999999,0.0437,6.885,-3.05e-08,3.05e-08,9.3025e-16,-1.2710000000000002e-07,3.806040000000001e-15,-7.315154638355588,-7.102922996790579,1.6314699792960663,,,,,,,,,,,,,,,,,,,,,,,,
CzPrSBI,toluene,stda,-6.9e-09,6.12e-08,3.787,3.301,0.4859999999999997,0.0561,6.73,6.810000000000002e-08,6.810000000000002e-08,4.637610000000001e-15,5.43e-08,-4.2228e-16,-8.154901959985743,-7.212539525481585,-8.869565217391305,,,,,,,,,,,,,,,,,,,,,,,,
CzPrSBI,toluene,stddft,1.4e-08,-6.1e-09,3.705,3.275,0.4300000000000001,0.0452,6.73,-2.01e-08,2.01e-08,4.0401e-16,7.9e-09,-8.539999999999998e-17,-7.85078088734462,-8.207608310501746,-0.4357142857142857,,,,,,,,,,,,,,,,,,,,,,,,
CzS2,gas,stda,-1.3e-09,-2.62e-08,3.904,3.435,0.4689999999999998,0.3617,7.572,-2.49e-08,2.49e-08,6.200099999999999e-16,-2.75e-08,3.406e-17,-8.853871964321762,-7.580044251510242,20.153846153846157,0.0087855570963298,0.0089298663878583,0.9838397031645796,0.9910701336121416,0.0161602968354202,1.3642584150022807,0.7947439639814011,0.0947972362754969,0.1026707037178576,0.923313397519927,0.8973292962821424,0.076686602480073,1.0919348809648837,0.7277908086599798,0.08601167917916709,0.08601167917916709,0.0937408373299993,0.0937408373299993,-0.060526305644652556,0.060526305644652556,-0.27232353403739706,0.27232353403739706,-0.06695315532142132,0.06695315532142132
CzS2,gas,stddft,3.56e-08,8.05e-08,3.841,3.413,0.4280000000000004,0.3182,7.572,4.49e-08,4.49e-08,2.01601e-15,1.161e-07,2.8658e-15,-7.447331783887806,-7.09366495819491,2.26123595505618,0.0254360300650726,0.996843861824033,0.0255165638664109,0.0031561381759672,0.9744834361335892,0.5453793818739893,0.7891115516668921,0.0925447412211548,0.0998174416558908,0.927139983613207,0.9001825583441094,0.0728600163867929,1.0714093985273894,0.7302756577627013,0.0671087111560822,0.0671087111560822,-0.8970264201681422,0.8970264201681422,0.9016234197467962,0.9016234197467962,0.5260300166534001,0.5260300166534001,-0.05883589390419075,0.05883589390419075
CzS2,toluene,stda,1.94e-08,-2.48e-08,3.916,3.45,0.4659999999999997,0.4021,7.563999999999999,-4.42e-08,4.42e-08,1.95364e-15,-5.400000000000002e-09,-4.811199999999999e-16,-7.709965388637482,-7.603800652904264,-1.2783505154639176,0.0287486009715376,0.997278716080506,0.0288270475524887,0.002721283919494,0.9711729524475112,0.5853766197483785,0.7864327950668966,0.0425675191630533,0.9767607879679004,0.043580290780932,0.0232392120320995,0.9564197092190678,0.9115096896327656,0.704646118820219,0.013818918191515699,0.013818918191515699,-0.020517928112605555,0.020517928112605555,0.014753243228443302,0.014753243228443302,0.32613306988438706,0.32613306988438706,-0.08178667624667757,0.08178667624667757
CzS2,toluene,stddft,-4.63e-08,5.99e-08,3.856,3.428,0.4279999999999999,0.3514,7.563999999999999,1.062e-07,1.062e-07,1.127844e-14,1.3600000000000004e-08,-2.77337e-15,-7.333482019445119,-7.221848749616356,-1.2937365010799138,0.025941595517229,0.9986578488634308,0.0259764598523439,0.0013421511365691,0.9740235401476562,0.5926062369739286,0.7885337277091131,0.0432401948328264,0.9762505421799064,0.0442921083928658,0.0237494578200938,0.9557078916071342,0.909970581463418,0.7070145705211666,0.0172985993155974,0.0172985993155974,-0.02240730668352442,0.02240730668352442,0.0183156485405219,0.0183156485405219,0.31736434448948947,0.31736434448948947,-0.08151915718794656,0.08151915718794656
CzSO-1CO,gas,stda,8.5e-09,8.02e-08,3.72,2.858,0.8620000000000001,0.3195,7.170999999999999,7.17e-08,7.17e-08,5.14089e-15,8.870000000000002e-08,6.817e-16,-8.065501548756432,-7.095284454721319,9.43529411764706,,,,,,,,,,,,,,,,,,,,,,,,
CzSO-1CO,gas,stddft,9.5e-09,9.9e-09,3.613,2.815,0.798,0.2492,7.170999999999999,3.9999999999999857e-10,3.9999999999999857e-10,1.5999999999999888e-19,1.9400000000000002e-08,9.405e-17,-8.017728766960431,-8.0,1.0421052631578946,,,,,,,,,,,,,,,,,,,,,,,,
CzSO-1CO,toluene,stda,3.32e-08,-2.28e-08,3.703,2.852,0.851,0.3322,7.067,-5.6e-08,5.6e-08,3.136e-15,1.04e-08,-7.5696e-16,-7.47755576649368,-7.640164517660112,-0.6867469879518072,,,,,,,,,,,,,,,,,,,,,,,,
CzSO-1CO,toluene,stddft,2.77e-08,1.618e-07,3.603,2.81,0.7930000000000001,0.2636,7.067,1.3410000000000004e-07,1.3410000000000004e-07,1.7982810000000005e-14,1.895e-07,4.48186e-15,-7.555955204081924,-6.790753151246626,5.84115523465704,,,,,,,,,,,,,,,,,,,,,,,,
CzTPA,gas,stda,7.1e-09,1.8e-08,3.795,3.363,0.4319999999999999,0.1499,7.186999999999999,1.0899999999999998e-08,1.0899999999999998e-08,1.1880999999999995e-16,2.51e-08,1.278e-16,-8.142667503568731,-7.742321425130815,2.535211267605633,,,,,,,,,,,,,,,,,,,,,,,,
CzTPA,gas,stddft,-3.6e-09,2.99e-08,3.75,3.34,0.4100000000000001,0.1088,7.186999999999999,3.35e-08,3.35e-08,1.1222500000000002e-15,2.6300000000000004e-08,-1.0764e-16,-8.431798275933005,-7.522878745280337,-8.305555555555557,,,,,,,,,,,,,,,,,,,,,,,,
CzTPA,toluene,stda,3.08e-08,4.02e-08,3.778,3.356,0.4220000000000001,0.1297,7.094999999999999,9.400000000000005e-09,9.400000000000005e-09,8.836000000000008e-17,7.1e-08,1.23816e-15,-7.510041520575165,-7.394694953858891,1.3051948051948057,,,,,,,,,,,,,,,,,,,,,,,,
CzTPA,toluene,stddft,-8e-09,6.03e-08,3.721,3.334,0.387,0.0924,7.094999999999999,6.830000000000001e-08,6.830000000000001e-08,4.6648900000000015e-15,5.230000000000001e-08,-4.824000000000001e-16,-8.09151498112135,-7.218963061378868,-7.5375,,,,,,,,,,,,,,,,,,,,,,,,
CzTPA-m-Trz,gas,stda,-2.72e-08,2.36e-08,3.608,3.21,0.3980000000000001,0.0779,6.111000000000001,5.08e-08,5.08e-08,2.58064e-15,-3.599999999999999e-09,-6.4192e-16,-7.5638373529592435,-7.625251653989896,-0.8676470588235294,,,,,,,,,,,,,,,,,,,,,,,,
CzTPA-m-Trz,gas,stddft,5.42e-08,-7.5e-09,3.57,3.194,0.3759999999999999,0.0667,6.111000000000001,-6.17e-08,6.17e-08,3.806890000000001e-15,4.67e-08,-4.065e-16,-7.265200170411153,-8.119186407719209,-0.1383763837638376,,,,,,,,,,,,,,,,,,,,,,,,
CzTPA-m-Trz,toluene,stda,2.61e-08,-7.05e-08,3.43,3.063,0.367,0.0442,5.941000000000001,-9.66e-08,9.66e-08,9.33156e-15,-4.44e-08,-1.84005e-15,-7.581698708680254,-7.151195298948196,-2.7011494252873565,,,,,,,,,,,,,,,,,,,,,,,,
CzTPA-m-Trz,toluene,stddft,4.8e-09,-4.2e-09,3.391,3.049,0.3420000000000001,0.036,5.941000000000001,-9.000000000000001e-09,9.000000000000001e-09,8.100000000000001e-17,5.999999999999996e-10,-2.016e-17,-8.309803919971486,-8.366531544420413,-0.8750000000000001,,,,,,,,,,,,,,,,,,,,,,,,
CzmPPC,gas,stda,3.3e-09,-1.059e-07,4.319,4.125,0.1939999999999999,0.0006,7.906000000000001,-1.092e-07,1.092e-07,1.192464e-14,-1.026e-07,-3.4947000000000004e-16,-8.468521082957745,-6.97469413473523,-32.090909090909086,,,,,,,,,,,,,,,,,,,,,,,,
CzmPPC,gas,stddft,-2.7e-09,6.43e-08,4.318,4.082,0.2359999999999997,0.0007,7.906000000000001,6.7e-08,6.7e-08,4.489000000000001e-15,6.16e-08,-1.7361e-16,-8.55284196865778,-7.191114132640188,-23.814814814814813,,,,,,,,,,,,,,,,,,,,,,,,
CzmPPC,toluene,stda,-1.2e-09,9.04e-08,4.228,4.101,0.1269999999999997,0.0081,7.912,9.16e-08,9.16e-08,8.39056e-15,8.92e-08,-1.0848e-16,-8.886056647693163,-7.043351420794797,-75.33333333333333,,,,,,,,,,,,,,,,,,,,,,,,
CzmPPC,toluene,stddft,4e-09,-1.66e-08,4.227,4.069,0.1580000000000003,0.0081,7.912,-2.06e-08,2.06e-08,4.2435999999999996e-16,-1.26e-08,-6.64e-17,-8.387216143280265,-7.777283528852417,-4.15,,,,,,,,,,,,,,,,,,,,,,,,
CzoB,gas,stda,2.74e-08,-1.64e-08,3.348,3.242,0.1059999999999998,0.047,6.281,-4.38e-08,4.38e-08,1.91844e-15,1.1e-08,-4.493600000000001e-16,-7.560667306169737,-7.782516055786093,-0.5985401459854015,,,,,,,,,,,,,,,,,,,,,,,,
CzoB,gas,stddft,4.85e-08,-6.5e-09,3.338,3.233,0.1049999999999999,0.044,6.281,-5.5e-08,5.5e-08,3.025e-15,4.2e-08,-3.1525e-16,-7.313363730737707,-8.18045606445813,-0.134020618556701,,,,,,,,,,,,,,,,,,,,,,,,
CzoB,toluene,stda,-3.9e-08,-4.27e-08,3.429,3.301,0.1279999999999996,0.0496,6.345000000000001,-3.7e-09,3.7e-09,1.369e-17,-8.17e-08,1.6653e-15,-7.407823242604133,-7.368556230986828,1.094871794871795,,,,,,,,,,,,,,,,,,,,,,,,
CzoB,toluene,stddft,-8e-09,1.87e-08,3.419,3.285,0.1339999999999999,0.0473,6.345000000000001,2.67e-08,2.67e-08,7.1289e-16,1.0699999999999998e-08,-1.496e-16,-8.09151498112135,-7.72584215073632,-2.3375,,,,,,,,,,,,,,,,,,,,,,,,
CzppT,gas,stda,8.12e-08,8e-10,4.028,3.506,0.5219999999999998,0.5341,7.223999999999999,-8.04e-08,8.04e-08,6.464160000000001e-15,8.199999999999999e-08,6.496e-17,-7.089909454405932,-9.045757490560677,0.0098522167487684,,,,,,,,,,,,,,,,,,,,,,,,
CzppT,gas,stddft,-7.6e-08,-5.88e-08,3.964,3.483,0.4809999999999998,0.4441,7.223999999999999,1.7200000000000012e-08,1.7200000000000012e-08,2.958400000000003e-16,-1.3480000000000004e-07,4.4688e-15,-7.118615343229427,-7.229884705212898,0.7736842105263156,,,,,,,,,,,,,,,,,,,,,,,,
CzppT,toluene,stda,-1.046e-07,2.03e-08,4.051,3.511,0.54,0.5853,7.336,1.249e-07,1.249e-07,1.5600009999999996e-14,-8.43e-08,-2.12338e-15,-6.980053318321158,-7.690369832574102,-0.1940726577437858,,,,,,,,,,,,,,,,,,,,,,,,
CzppT,toluene,stddft,-6.71e-08,-7.48e-08,3.986,3.488,0.4980000000000002,0.3765,7.336,-7.699999999999996e-09,7.699999999999996e-09,5.928999999999994e-17,-1.419e-07,5.01908e-15,-7.172630726946175,-7.125518182300533,1.1147540983606556,,,,,,,,,,,,,,,,,,,,,,,,
Cz–AQ,gas,stda,1.12e-08,-1.3e-08,2.735,2.39,0.3449999999999997,0.267,5.313000000000001,-2.42e-08,2.42e-08,5.856399999999999e-16,-1.800000000000001e-09,-1.456e-16,-7.94692155651658,-7.882728704344236,-1.1607142857142858,,,,,,,,,,,,,,,,,,,,,,,,
Cz–AQ,gas,stddft,3.8e-08,-1.7e-08,2.697,2.373,0.3239999999999998,0.2314,5.313000000000001,-5.5e-08,5.5e-08,3.0250000000000004e-15,2.1000000000000003e-08,-6.46e-16,-7.419075024324381,-7.767003889607846,-0.4473684210526315,,,,,,,,,,,,,,,,,,,,,,,,
Cz–AQ,toluene,stda,3.39e-08,-2.63e-08,2.654,2.301,0.3529999999999997,0.2718,5.231,-6.02e-08,6.02e-08,3.62404e-15,7.599999999999999e-09,-8.9157e-16,-7.468521082957745,-7.578396073130169,-0.7758112094395281,,,,,,,,,,,,,,,,,,,,,,,,
Cz–AQ,toluene,stddft,-4.63e-08,-3.45e-08,2.615,2.283,0.3320000000000003,0.2347,5.231,1.18e-08,1.18e-08,1.3924e-16,-8.08e-08,1.5973499999999998e-15,-7.333482019445119,-7.460923901207224,0.7451403887688984,,,,,,,,,,,,,,,,,,,,,,,,
D-BP-PXZ,gas,stda,-1.08e-08,-2.97e-08,3.097,2.747,0.3500000000000001,0.048,5.328,-1.89e-08,1.89e-08,3.5721000000000004e-16,-4.05e-08,3.2076000000000006e-16,-7.962573502059376,-7.525783735923745,2.75,,,,,,,,,,,,,,,,,,,,,,,,
D-BP-PXZ,gas,stddft,9.7e-09,-4.66e-08,3.083,2.735,0.3480000000000003,0.0479,5.328,-5.63e-08,5.63e-08,3.16969e-15,-3.69e-08,-4.5202e-16,-8.008773924307505,-7.330683119433888,-4.804123711340207,,,,,,,,,,,,,,,,,,,,,,,,
D-BP-PXZ,toluene,stda,2.3e-09,9e-09,3.167,2.799,0.3679999999999999,0.0232,5.449,6.7e-09,6.7e-09,4.489e-17,1.13e-08,2.07e-17,-8.619788758288394,-8.040958607678906,3.9130434782608696,,,,,,,,,,,,,,,,,,,,,,,,
D-BP-PXZ,toluene,stddft,-2e-09,-4.04e-08,3.132,2.769,0.363,0.0197,5.449,-3.84e-08,3.84e-08,1.47456e-15,-4.24e-08,8.08e-17,-8.67778070526608,-7.392544976785332,20.2,,,,,,,,,,,,,,,,,,,,,,,,
D1–D6,gas,stda,-3.95e-08,3.1e-08,3.844,3.403,0.4409999999999998,0.2169,6.957999999999999,7.05e-08,7.05e-08,4.970250000000001e-15,-8.500000000000003e-09,-1.2245e-15,-7.402304814074488,-7.507239610973162,-0.7848101265822784,,,,,,,,,,,,,,,,,,,,,,,,
D1–D6,gas,stddft,-4.85e-08,-1.159e-07,3.774,3.379,0.395,0.1791,6.957999999999999,-6.740000000000002e-08,6.740000000000002e-08,4.542760000000001e-15,-1.644e-07,5.62115e-15,-7.313363730737707,-6.935542010773082,2.3896907216494845,,,,,,,,,,,,,,,,,,,,,,,,
D1–D6,toluene,stda,1.39e-08,3.08e-08,3.829,3.384,0.4450000000000003,0.1976,6.973,1.69e-08,1.69e-08,2.8560999999999997e-16,4.47e-08,4.2812e-16,-7.853871964321762,-7.510041520575165,2.2158273381294964,,,,,,,,,,,,,,,,,,,,,,,,
D1–D6,toluene,stddft,-1.29e-08,-9.7e-09,3.757,3.36,0.3970000000000002,0.1632,6.973,3.2e-09,3.2e-09,1.0240000000000004e-17,-2.26e-08,1.2512999999999995e-16,-7.886056647693163,-8.008773924307505,0.751937984496124,,,,,,,,,,,,,,,,,,,,,,,,
D5,gas,stda,9.25e-08,-7.46e-08,3.88,3.424,0.4559999999999999,0.315,6.963,-1.671e-07,1.671e-07,2.7922410000000004e-14,1.7899999999999995e-08,-6.900500000000001e-15,-7.033389013318065,-7.126679398184601,-0.8064864864864866,,,,,,,,,,,,,,,,,,,,,,,,
D5,gas,stddft,-1e-10,1.95e-08,3.814,3.401,0.4130000000000002,0.2569,6.963,1.96e-08,1.96e-08,3.8416e-16,1.94e-08,-1.95e-18,-9.69897000433602,-7.707743928643524,-195.0,,,,,,,,,,,,,,,,,,,,,,,,
D5,toluene,stda,5.41e-08,5.2e-09,3.87,3.4,0.4700000000000002,0.2895,6.975,-4.89e-08,4.89e-08,2.39121e-15,5.93e-08,2.8132e-16,-7.266000713461613,-8.275724130399212,0.0961182994454713,,,,,,,,,,,,,,,,,,,,,,,,
D5,toluene,stddft,5.97e-08,-2.9e-09,3.801,3.377,0.4240000000000004,0.2358,6.975,-6.26e-08,6.26e-08,3.9187600000000006e-15,5.68e-08,-1.7313e-16,-7.22329881601159,-8.522878745280337,-0.0485762144053601,,,,,,,,,,,,,,,,,,,,,,,,
D6,gas,stda,-6.8e-08,-3.22e-08,3.844,3.403,0.4409999999999998,0.2166,6.957999999999999,3.58e-08,3.58e-08,1.2816400000000004e-15,-1.002e-07,2.1896e-15,-7.166852888087215,-7.490797477668897,0.4735294117647058,,,,,,,,,,,,,,,,,,,,,,,,
D6,gas,stddft,-3.91e-08,7e-09,3.774,3.379,0.395,0.1789,6.957999999999999,4.61e-08,4.61e-08,2.12521e-15,-3.21e-08,-2.737e-16,-7.406713932979542,-8.148741651280925,-0.1790281329923273,,,,,,,,,,,,,,,,,,,,,,,,
D6,toluene,stda,-3.22e-08,4.74e-08,3.829,3.384,0.4450000000000003,0.1986,6.974,7.96e-08,7.96e-08,6.33616e-15,1.5200000000000004e-08,-1.5262799999999998e-15,-7.490797477668897,-7.323306390375134,-1.472049689440994,,,,,,,,,,,,,,,,,,,,,,,,
D6,toluene,stddft,-4.6e-08,4.66e-08,3.757,3.36,0.3970000000000002,0.164,6.974,9.26e-08,9.26e-08,8.57476e-15,5.999999999999988e-10,-2.1436e-15,-7.336299074610352,-7.330683119433888,-1.0130434782608695,,,,,,,,,,,,,,,,,,,,,,,,
DAcIPN,gas,stda,1.94e-08,4.26e-08,3.457,2.963,0.4939999999999998,0.1936,6.563,2.32e-08,2.32e-08,5.382399999999999e-16,6.2e-08,8.2644e-16,-7.709965388637482,-7.369572124974976,2.195876288659794,,,,,,,,,,,,,,,,,,,,,,,,
DAcIPN,gas,stddft,3.79e-08,3.68e-08,3.412,2.937,0.4750000000000001,0.1751,6.563,-1.100000000000003e-09,1.100000000000003e-09,1.210000000000007e-18,7.47e-08,1.3947200000000001e-15,-7.42021640338319,-7.432973633840939,0.970976253298153,,,,,,,,,,,,,,,,,,,,,,,,
DAcIPN,toluene,stda,8.58e-08,-7.8e-09,3.369,2.881,0.4880000000000004,0.1134,6.478,-9.36e-08,9.36e-08,8.760960000000001e-15,7.8e-08,-6.6924e-16,-7.066006836168758,-8.102372908709558,-0.0909090909090909,,,,,,,,,,,,,,,,,,,,,,,,
DAcIPN,toluene,stddft,-1.61e-08,-2.67e-08,3.322,2.855,0.4670000000000001,0.1067,6.478,-1.0600000000000002e-08,1.0600000000000002e-08,1.1236000000000004e-16,-4.28e-08,4.2986999999999997e-16,-7.790484985457369,-7.5718652059712115,1.658385093167702,,,,,,,,,,,,,,,,,,,,,,,,
DBBPZ-DPXZ,gas,stda,3.32e-08,-6.7e-09,2.965,2.712,0.2529999999999996,0.692,4.785,-3.99e-08,3.99e-08,1.59201e-15,2.65e-08,-2.2243999999999997e-16,-7.47755576649368,-8.167491087293763,-0.2018072289156626,,,,,,,,,,,,,,,,,,,,,,,,
DBBPZ-DPXZ,gas,stddft,3.09e-08,-2.45e-08,2.945,2.7,0.2449999999999996,0.6384,4.785,-5.54e-08,5.54e-08,3.06916e-15,6.399999999999998e-09,-7.5705e-16,-7.508638306165727,-7.609064892896621,-0.7928802588996764,,,,,,,,,,,,,,,,,,,,,,,,
DBBPZ-DPXZ,toluene,stda,-2.82e-08,3.7e-09,3.015,2.782,0.2330000000000001,0.631,4.793999999999999,3.19e-08,3.19e-08,1.01761e-15,-2.45e-08,-1.0434e-16,-7.548213564475709,-8.42021640338319,-0.1312056737588652,,,,,,,,,,,,,,,,,,,,,,,,
DBBPZ-DPXZ,toluene,stddft,-7.7e-09,5.35e-08,2.997,2.769,0.2279999999999997,0.5899,4.793999999999999,6.12e-08,6.12e-08,3.74544e-15,4.58e-08,-4.1194999999999997e-16,-8.10790539730952,-7.27083521030723,-6.9480519480519485,,,,,,,,,,,,,,,,,,,,,,,,
DBCP,gas,stda,-5.3e-09,-1.32e-08,2.766,2.68,0.0859999999999998,0.0704,5.059000000000001,-7.900000000000001e-09,7.900000000000001e-09,6.241000000000001e-17,-1.85e-08,6.996000000000001e-17,-8.267606240177031,-7.876148359032914,2.490566037735849,,,,,,,,,,,,,,,,,,,,,,,,
DBCP,gas,stddft,-0.0,-9.1e-09,2.759,2.672,0.0869999999999997,0.0641,5.059000000000001,-9.1e-09,9.1e-09,8.281000000000001e-17,-9.1e-09,0.0,-10.0,-8.036212172654444,1.0,,,,,,,,,,,,,,,,,,,,,,,,
DBCP,toluene,stda,-1.8e-09,-3.5e-09,2.82,2.711,0.1089999999999999,0.052,5.140999999999999,-1.7e-09,1.7e-09,2.89e-18,-5.2999999999999995e-09,6.3e-18,-8.721246399047171,-8.443697499232712,1.9444444444444444,,,,,,,,,,,,,,,,,,,,,,,,
DBCP,toluene,stddft,2.86e-08,-2.14e-08,2.814,2.68,0.1339999999999999,0.0479,5.140999999999999,-5e-08,5e-08,2.5e-15,7.2000000000000024e-09,-6.1204e-16,-7.542118103266008,-7.667561540084395,-0.7482517482517482,,,,,,,,,,,,,,,,,,,,,,,,
DBFDPO,gas,stda,-7.71e-08,6.4e-08,4.325,4.038,0.2869999999999999,0.0443,8.479,1.411e-07,1.411e-07,1.9909210000000004e-14,-1.3099999999999992e-08,-4.9344e-15,-7.112382699664264,-7.193141970481182,-0.8300907911802854,,,,,,,,,,,,,,,,,,,,,,,,
DBFDPO,gas,stddft,5.1e-08,5.52e-08,4.275,4.001,0.274,0.0419,8.479,4.199999999999998e-09,4.199999999999998e-09,1.7639999999999986e-17,1.062e-07,2.8152e-15,-7.291579099865287,-7.257274868695302,1.0823529411764703,,,,,,,,,,,,,,,,,,,,,,,,
DBFDPO,toluene,stda,4.93e-08,3.7e-09,4.357,4.011,0.3460000000000001,0.0638,8.42,-4.56e-08,4.56e-08,2.07936e-15,5.3e-08,1.8241e-16,-7.306273051076353,-8.42021640338319,0.075050709939148,,,,,,,,,,,,,,,,,,,,,,,,
DBFDPO,toluene,stddft,1.213e-07,-3.53e-08,4.304,3.979,0.3250000000000002,0.0593,8.42,-1.566e-07,1.566e-07,2.4523560000000002e-14,8.6e-08,-4.28189e-15,-6.915781313260761,-7.450996737974212,-0.2910140148392415,,,,,,,,,,,,,,,,,,,,,,,,
DBP-3TPA,gas,stda,5e-10,5.96e-08,3.293,3.056,0.2370000000000001,0.0069,5.450000000000001,5.91e-08,5.91e-08,3.49281e-15,6.01e-08,2.98e-17,-9.221848749616356,-7.224025668870631,119.2,,,,,,,,,,,,,,,,,,,,,,,,
DBP-3TPA,gas,stddft,-3.2e-09,-5.77e-08,3.292,3.021,0.2709999999999999,0.0069,5.450000000000001,-5.45e-08,5.45e-08,2.97025e-15,-6.09e-08,1.8464e-16,-8.481486060122112,-7.2380721615794705,18.03125,,,,,,,,,,,,,,,,,,,,,,,,
DBP-3TPA,toluene,stda,-7.6e-09,-1.16e-08,3.272,3.034,0.238,0.0074,5.331999999999999,-3.9999999999999994e-09,3.9999999999999994e-09,1.5999999999999998e-17,-1.92e-08,8.816e-17,-8.113509274827518,-7.931814138253839,1.526315789473684,,,,,,,,,,,,,,,,,,,,,,,,
DBP-3TPA,toluene,stddft,1.2e-09,-6.6e-08,3.272,3.0,0.2719999999999998,0.0078,5.331999999999999,-6.719999999999999e-08,6.719999999999999e-08,4.515839999999999e-15,-6.48e-08,-7.92e-17,-8.886056647693163,-7.179798540514359,-55.0,,,,,,,,,,,,,,,,,,,,,,,,
DBQ-3PXZ,gas,stda,-4.5e-09,-4e-09,2.653,2.461,0.1920000000000001,0.2279,5.111,4.999999999999994e-10,4.999999999999994e-10,2.499999999999996e-19,-8.5e-09,1.8e-17,-8.337242168318426,-8.387216143280265,0.888888888888889,,,,,,,,,,,,,,,,,,,,,,,,
DBQ-3PXZ,gas,stddft,-2.18e-08,-6.98e-08,2.635,2.451,0.1839999999999997,0.2102,5.111,-4.8000000000000006e-08,4.8000000000000006e-08,2.3040000000000008e-15,-9.16e-08,1.52164e-15,-7.6595558851598815,-7.155522824254319,3.201834862385321,,,,,,,,,,,,,,,,,,,,,,,,
DBQ-3PXZ,toluene,stda,-5e-10,4.98e-08,2.728,2.546,0.1820000000000003,0.221,5.082999999999999,5.03e-08,5.03e-08,2.53009e-15,4.930000000000001e-08,-2.4900000000000002e-17,-9.221848749616356,-7.30189945437661,-99.6,,,,,,,,,,,,,,,,,,,,,,,,
DBQ-3PXZ,toluene,stddft,7.5e-09,7.4e-09,2.711,2.536,0.1749999999999998,0.2053,5.082999999999999,-9.999999999999924e-11,9.999999999999924e-11,9.999999999999847e-21,1.49e-08,5.55e-17,-8.119186407719209,-8.1249387366083,0.9866666666666668,,,,,,,,,,,,,,,,,,,,,,,,
DBT-BZ-DMAC,gas,stda,-2.51e-08,-6.13e-08,3.572,2.996,0.5760000000000001,0.0223,6.69,-3.62e-08,3.62e-08,1.31044e-15,-8.64e-08,1.53863e-15,-7.598599459218456,-7.211831628858833,2.442231075697211,,,,,,,,,,,,,,,,,,,,,,,,
DBT-BZ-DMAC,gas,stddft,4.62e-08,-9.47e-08,3.539,2.959,0.5800000000000001,0.021,6.69,-1.409e-07,1.409e-07,1.985281e-14,-4.85e-08,-4.37514e-15,-7.334419008982047,-7.023191662661934,-2.04978354978355,,,,,,,,,,,,,,,,,,,,,,,,
DBT-BZ-DMAC,toluene,stda,4.64e-08,3.69e-08,3.594,3.003,0.5909999999999997,0.0112,6.642,-9.5e-09,9.5e-09,9.025e-17,8.33e-08,1.71216e-15,-7.3325470471100465,-7.431798275933005,0.7952586206896551,,,,,,,,,,,,,,,,,,,,,,,,
DBT-BZ-DMAC,toluene,stddft,-8.6e-09,3.93e-08,3.557,2.966,0.5909999999999997,0.0317,6.642,4.79e-08,4.79e-08,2.29441e-15,3.0700000000000004e-08,-3.3797999999999997e-16,-8.060480747381382,-7.404503778174426,-4.569767441860465,,,,,,,,,,,,,,,,,,,,,,,,
DBT-SADF,gas,stda,1.55e-08,-8.55e-08,3.822,3.462,0.3599999999999999,0.0247,6.377,-1.01e-07,1.01e-07,1.0201e-14,-7e-08,-1.32525e-15,-7.806875401645538,-7.067526235322847,-5.516129032258065,,,,,,,,,,,,,,,,,,,,,,,,
DBT-SADF,gas,stddft,-8.31e-08,-3.07e-08,3.812,3.432,0.3799999999999999,0.023,6.377,5.24e-08,5.24e-08,2.74576e-15,-1.138e-07,2.55117e-15,-7.079876673709276,-7.511449283499556,0.3694344163658243,,,,,,,,,,,,,,,,,,,,,,,,
DBT-SADF,toluene,stda,-7.5e-09,1.198e-07,3.646,3.455,0.1909999999999998,0.0212,6.184,1.273e-07,1.273e-07,1.6205290000000003e-14,1.123e-07,-8.985e-16,-8.119186407719209,-6.921180816901152,-15.973333333333334,,,,,,,,,,,,,,,,,,,,,,,,
DBT-SADF,toluene,stddft,-4.37e-08,-1.64e-08,3.636,3.427,0.209,0.0197,6.184,2.73e-08,2.73e-08,7.4529e-16,-6.01e-08,7.1668e-16,-7.3585258894959,-7.782516055786093,0.3752860411899313,,,,,,,,,,,,,,,,,,,,,,,,
DBTO-PTZ,gas,stda,5.16e-08,5.92e-08,3.279,2.894,0.3849999999999998,0.0126,5.857,7.600000000000002e-09,7.600000000000002e-09,5.776000000000003e-17,1.108e-07,3.05472e-15,-7.286509456906058,-7.226945306635737,1.1472868217054264,,,,,,,,,,,,,,,,,,,,,,,,
DBTO-PTZ,gas,stddft,-8.28e-08,1.99e-08,3.243,2.863,0.3799999999999999,0.0104,5.857,1.027e-07,1.027e-07,1.054729e-14,-6.29e-08,-1.64772e-15,-7.081445469449727,-7.698970004336019,-0.2403381642512077,,,,,,,,,,,,,,,,,,,,,,,,
DBTO-PTZ,toluene,stda,-5.6e-08,9.83e-08,3.213,2.9,0.3130000000000001,0.0277,5.724,1.543e-07,1.543e-07,2.380849e-14,4.23e-08,-5.5048e-15,-7.251037138743839,-7.007004901568658,-1.7553571428571428,,,,,,,,,,,,,,,,,,,,,,,,
DBTO-PTZ,toluene,stddft,-2.24e-08,-1.55e-08,3.199,2.87,0.3289999999999997,0.0286,5.724,6.899999999999999e-09,6.899999999999999e-09,4.760999999999999e-17,-3.79e-08,3.4719999999999995e-16,-7.647817481888637,-7.806875401645538,0.6919642857142857,,,,,,,,,,,,,,,,,,,,,,,,
DC-ACR,gas,stda,6.87e-08,-3.95e-08,2.798,2.791,0.0070000000000001,0.0003,5.425000000000001,-1.082e-07,1.082e-07,1.170724e-14,2.92e-08,-2.7136500000000002e-15,-7.162411561764489,-7.402304814074488,-0.5749636098981078,,,,,,,,,,,,,,,,,,,,,,,,
DC-ACR,gas,stddft,-1e-08,-5.21e-08,2.797,2.79,0.0070000000000001,0.0002,5.425000000000001,-4.21e-08,4.21e-08,1.77241e-15,-6.210000000000002e-08,5.210000000000001e-16,-7.995678626217358,-7.282329496997738,5.21,,,,,,,,,,,,,,,,,,,,,,,,
DC-ACR,toluene,stda,5.64e-08,2.18e-08,2.928,2.851,0.0769999999999999,0.0008,5.464,-3.4600000000000005e-08,3.4600000000000005e-08,1.1971600000000005e-15,7.82e-08,1.2295200000000001e-15,-7.247951552180561,-7.6595558851598815,0.3865248226950354,,,,,,,,,,,,,,,,,,,,,,,,
DC-ACR,toluene,stddft,1.53e-08,5.25e-08,2.927,2.839,0.088,0.0008,5.464,3.72e-08,3.72e-08,1.3838400000000002e-15,6.78e-08,8.032500000000001e-16,-7.812479279163536,-7.279014255846261,3.431372549019608,,,,,,,,,,,,,,,,,,,,,,,,
DC-TC,gas,stda,2.26e-08,7.4e-09,2.885,2.875,0.0099999999999997,0.0011,6.156,-1.52e-08,1.52e-08,2.3104e-16,3.0000000000000004e-08,1.6724e-16,-7.643974142806877,-8.1249387366083,0.3274336283185841,,,,,,,,,,,,,,,,,,,,,,,,
DC-TC,gas,stddft,1.098e-07,1.48e-08,2.883,2.874,0.0089999999999998,0.0011,6.156,-9.5e-08,9.5e-08,9.025e-15,1.246e-07,1.62504e-15,-6.959002307576509,-7.826813731587726,0.1347905282331511,,,,,,,,,,,,,,,,,,,,,,,,
DC-TC,toluene,stda,3.94e-08,-3.73e-08,2.665,2.656,0.0089999999999998,0.0006,5.856999999999999,-7.67e-08,7.67e-08,5.8828900000000004e-15,2.099999999999999e-09,-1.4696200000000002e-15,-7.403402904373539,-7.42712839779952,-0.9467005076142132,,,,,,,,,,,,,,,,,,,,,,,,
DC-TC,toluene,stddft,-1.59e-08,9e-09,2.663,2.655,0.008,0.0006,5.856999999999999,2.49e-08,2.49e-08,6.200099999999999e-16,-6.9000000000000006e-09,-1.431e-16,-7.795880017344075,-8.040958607678906,-0.5660377358490566,,,,,,,,,,,,,,,,,,,,,,,,
DCA,gas,stda,5.28e-08,-2.26e-08,3.242,2.237,1.005,0.4863,6.360999999999999,-7.54e-08,7.54e-08,5.68516e-15,3.0200000000000006e-08,-1.1932800000000001e-15,-7.276544327964814,-7.643974142806877,-0.428030303030303,,,,,,,,,,,,,,,,,,,,,,,,
DCA,gas,stddft,-1.147e-07,3.06e-08,3.066,2.167,0.899,0.3499,6.360999999999999,1.453e-07,1.453e-07,2.1112090000000003e-14,-8.409999999999999e-08,-3.5098200000000007e-15,-6.940058111938045,-7.512861624522813,-0.2667829119442023,,,,,,,,,,,,,,,,,,,,,,,,
DCA,toluene,stda,6.21e-08,-5.47e-08,3.285,2.26,1.0250000000000004,0.4479,6.409999999999998,-1.1680000000000001e-07,1.1680000000000001e-07,1.3642239999999995e-14,7.399999999999993e-09,-3.39687e-15,-7.206209615309182,-7.261219441515631,-0.8808373590982288,,,,,,,,,,,,,,,,,,,,,,,,
DCA,toluene,stddft,-1.46e-08,1.366e-07,3.106,2.189,0.9169999999999998,0.321,6.409999999999998,1.512e-07,1.512e-07,2.2861440000000003e-14,1.2199999999999998e-07,-1.99436e-15,-7.832682665251823,-6.864231485432177,-9.356164383561644,,,,,,,,,,,,,,,,,,,,,,,,
DCBNPE,gas,stda,3.68e-08,-2.8e-09,2.44,2.041,0.399,0.2756,5.275,-3.96e-08,3.96e-08,1.5681599999999998e-15,3.4e-08,-1.0304e-16,-7.432973633840939,-8.537602002101044,-0.0760869565217391,,,,,,,,,,,,,,,,,,,,,,,,
DCBNPE,gas,stddft,1.15e-08,5.25e-08,2.404,2.016,0.3879999999999999,0.2319,5.275,4.1e-08,4.1e-08,1.6809999999999997e-15,6.4e-08,6.0375e-16,-7.935542010773082,-7.279014255846261,4.565217391304348,,,,,,,,,,,,,,,,,,,,,,,,
DCBNPE,toluene,stda,1.103e-07,-7e-09,2.225,1.842,0.383,0.281,4.884,-1.173e-07,1.173e-07,1.375929e-14,1.033e-07,-7.721e-16,-6.95703092660682,-8.148741651280925,-0.0634632819582955,,,,,,,,,,,,,,,,,,,,,,,,
DCBNPE,toluene,stddft,-2.1e-09,2.9e-08,2.189,1.819,0.3700000000000001,0.2326,4.884,3.11e-08,3.11e-08,9.6721e-16,2.6900000000000006e-08,-6.09e-17,-8.657577319177793,-7.536107011014093,-13.809523809523808,,,,,,,,,,,,,,,,,,,,,,,,
DCE,gas,stda,-2.5e-09,6.98e-08,6.037,5.212,0.8250000000000002,0.0169,10.274,7.23e-08,7.23e-08,5.227290000000001e-15,6.73e-08,-1.745e-16,-8.585026652029182,-7.155522824254319,-27.92,,,,,,,,,,,,,,,,,,,,,,,,
DCE,gas,stddft,4e-09,7.26e-08,6.032,5.171,0.8609999999999998,0.0181,10.274,6.86e-08,6.86e-08,4.7059600000000004e-15,7.66e-08,2.9040000000000004e-16,-8.387216143280265,-7.138465589140962,18.15,,,,,,,,,,,,,,,,,,,,,,,,
DCE,toluene,stda,-1.95e-08,1.182e-07,5.988,5.22,0.7680000000000007,0.0128,10.266,1.377e-07,1.377e-07,1.896129e-14,9.87e-08,-2.3049e-15,-7.707743928643524,-6.92701525537207,-6.061538461538461,,,,,,,,,,,,,,,,,,,,,,,,
DCE,toluene,stddft,1.53e-08,1.696e-07,5.985,5.178,0.8070000000000004,0.0135,10.266,1.543e-07,1.543e-07,2.380849e-14,1.8490000000000002e-07,2.5948800000000005e-15,-7.812479279163536,-6.770318157682325,11.084967320261438,,,,,,,,,,,,,,,,,,,,,,,,
DCPDAPM,gas,stda,-3.05e-08,3.2e-08,3.45,3.339,0.1110000000000002,0.1296,5.742000000000001,6.250000000000001e-08,6.250000000000001e-08,3.9062500000000015e-15,1.5e-09,-9.76e-16,-7.51427857351842,-7.493494967595128,-1.0491803278688523,,,,,,,,,,,,,,,,,,,,,,,,
DCPDAPM,gas,stddft,-1.7e-09,6.04e-08,3.444,3.332,0.1120000000000001,0.1236,5.742000000000001,6.21e-08,6.21e-08,3.856409999999999e-15,5.87e-08,-1.0268e-16,-8.744727494896694,-7.218244625347531,-35.529411764705884,,,,,,,,,,,,,,,,,,,,,,,,
DCPDAPM,toluene,stda,-5.03e-08,1.43e-08,3.404,2.712,0.6919999999999997,1.0133,6.414000000000001,6.46e-08,6.46e-08,4.1731599999999986e-15,-3.6e-08,-7.1929e-16,-7.297569463554475,-7.841637507904751,-0.2842942345924453,,,,,,,,,,,,,,,,,,,,,,,,
DCPDAPM,toluene,stddft,-2.73e-08,3.72e-08,3.338,2.678,0.6600000000000001,0.8639,6.414000000000001,6.45e-08,6.45e-08,4.160250000000001e-15,9.900000000000004e-09,-1.01556e-15,-7.562249437179612,-7.428291168191312,-1.362637362637363,,,,,,,,,,,,,,,,,,,,,,,,
DCbz-Ph-Bz,gas,stda,3.04e-08,-2.24e-08,3.879,3.438,0.4409999999999998,0.3055,6.899000000000001,-5.28e-08,5.28e-08,2.78784e-15,8.000000000000002e-09,-6.8096e-16,-7.515700160653214,-7.647817481888637,-0.7368421052631579,,,,,,,,,,,,,,,,,,,,,,,,
DCbz-Ph-Bz,gas,stddft,7.99e-08,-4e-08,3.819,3.415,0.4039999999999999,0.2624,6.899000000000001,-1.199e-07,1.199e-07,1.4376010000000003e-14,3.9899999999999993e-08,-3.196e-15,-7.096910013008056,-7.396855627379818,-0.5006257822277848,,,,,,,,,,,,,,,,,,,,,,,,
DCbz-Ph-Bz,toluene,stda,-9.2e-09,-9.67e-08,3.883,3.405,0.4780000000000002,0.2785,6.94,-8.75e-08,8.75e-08,7.656249999999999e-15,-1.059e-07,8.8964e-16,-8.031517051446064,-7.014124642691606,10.510869565217392,,,,,,,,,,,,,,,,,,,,,,,,
DCbz-Ph-Bz,toluene,stddft,2.32e-08,-2.3e-08,3.821,3.381,0.4400000000000004,0.2032,6.94,-4.6200000000000003e-08,4.6200000000000003e-08,2.1344400000000004e-15,1.9999999999999848e-10,-5.336e-16,-7.632644078973981,-7.636388020107856,-0.9913793103448276,,,,,,,,,,,,,,,,,,,,,,,,
DCz-DPPZ,gas,stda,2.52e-08,-1.36e-08,3.147,2.78,0.367,0.703,5.721,-3.8800000000000003e-08,3.8800000000000003e-08,1.5054400000000005e-15,1.16e-08,-3.4272e-16,-7.5968794788241825,-7.863279432843593,-0.5396825396825397,,,,,,,,,,,,,,,,,,,,,,,,
DCz-DPPZ,gas,stddft,2.8e-08,-5.87e-08,3.107,2.759,0.3480000000000003,0.6245,5.721,-8.67e-08,8.67e-08,7.51689e-15,-3.0700000000000004e-08,-1.6436000000000001e-15,-7.55129368009492,-7.230622673923861,-2.0964285714285715,,,,,,,,,,,,,,,,,,,,,,,,
DCz-DPPZ,toluene,stda,1.63e-08,-5.16e-08,2.965,2.579,0.3859999999999997,0.7124,5.505000000000001,-6.789999999999999e-08,6.789999999999999e-08,4.610409999999999e-15,-3.53e-08,-8.4108e-16,-7.785156151952302,-7.286509456906058,-3.165644171779141,,,,,,,,,,,,,,,,,,,,,,,,
DCz-DPPZ,toluene,stddft,-1.27e-08,8e-10,2.924,2.559,0.3649999999999997,0.6237,5.505000000000001,1.35e-08,1.35e-08,1.8225e-16,-1.19e-08,-1.016e-17,-7.892790030352132,-9.045757490560677,-0.0629921259842519,,,,,,,,,,,,,,,,,,,,,,,,
DCz-OTP,gas,stda,1.62e-08,-9.76e-08,3.835,3.408,0.427,0.1215,7.356,-1.138e-07,1.138e-07,1.295044e-14,-8.14e-08,-1.58112e-15,-7.787812395596042,-7.0101054362812265,-6.024691358024692,,,,,,,,,,,,,,,,,,,,,,,,
DCz-OTP,gas,stddft,6.35e-08,9.6e-09,3.77,3.386,0.3839999999999999,0.1032,7.356,-5.3900000000000006e-08,5.3900000000000006e-08,2.9052100000000005e-15,7.310000000000001e-08,6.096000000000001e-16,-7.196542884351586,-8.013228265733755,0.1511811023622047,,,,,,,,,,,,,,,,,,,,,,,,
DCz-OTP,toluene,stda,6.07e-08,-2.2e-08,3.882,3.405,0.4770000000000003,0.1357,7.446000000000001,-8.269999999999999e-08,8.269999999999999e-08,6.839289999999999e-15,3.87e-08,-1.3353999999999998e-15,-7.216096420727265,-7.655607726314889,-0.3624382207578254,,,,,,,,,,,,,,,,,,,,,,,,
DCz-OTP,toluene,stddft,1.33e-08,8.28e-08,3.815,3.382,0.4329999999999998,0.1156,7.446000000000001,6.950000000000002e-08,6.950000000000002e-08,4.830250000000001e-15,9.61e-08,1.10124e-15,-7.872895201635193,-7.081445469449727,6.225563909774436,,,,,,,,,,,,,,,,,,,,,,,,
DCzBNPh-1,gas,stda,-2.63e-08,5.16e-08,3.83,3.456,0.3740000000000001,0.1003,6.566,7.79e-08,7.79e-08,6.06841e-15,2.53e-08,-1.35708e-15,-7.578396073130169,-7.286509456906058,-1.961977186311787,,,,,,,,,,,,,,,,,,,,,,,,
DCzBNPh-1,gas,stddft,6e-10,-4.11e-08,3.78,3.435,0.3449999999999997,0.0798,6.566,-4.17e-08,4.17e-08,1.7388899999999997e-15,-4.05e-08,-2.466e-17,-9.154901959985745,-7.3851027839668655,-68.5,,,,,,,,,,,,,,,,,,,,,,,,
DCzBNPh-1,toluene,stda,-2.03e-08,-2.75e-08,3.915,3.467,0.4479999999999999,0.5626,6.772,-7.2000000000000024e-09,7.2000000000000024e-09,5.1840000000000026e-17,-4.780000000000001e-08,5.5825e-16,-7.690369832574102,-7.559090917934782,1.354679802955665,,,,,,,,,,,,,,,,,,,,,,,,
DCzBNPh-1,toluene,stddft,-5.92e-08,2.36e-08,3.859,3.445,0.4140000000000001,0.4696,6.772,8.28e-08,8.28e-08,6.85584e-15,-3.56e-08,-1.39712e-15,-7.226945306635737,-7.625251653989896,-0.3986486486486486,,,,,,,,,,,,,,,,,,,,,,,,
DCzIPN,gas,stda,-4e-09,3.24e-08,3.615,3.14,0.4750000000000001,0.2723,6.865,3.64e-08,3.64e-08,1.3249600000000001e-15,2.84e-08,-1.296e-16,-8.387216143280265,-7.488116639021126,-8.1,,,,,,,,,,,,,,,,,,,,,,,,
DCzIPN,gas,stddft,-1.2e-09,-1.1e-09,3.57,3.121,0.4489999999999998,0.2284,6.865,1.0000000000000008e-10,1.0000000000000008e-10,1.0000000000000011e-20,-2.3e-09,1.32e-18,-8.886056647693163,-8.920818753952375,0.9166666666666666,,,,,,,,,,,,,,,,,,,,,,,,
DCzIPN,toluene,stda,1.02e-08,-3.07e-08,3.538,3.069,0.4689999999999998,0.304,6.781000000000001,-4.09e-08,4.09e-08,1.6728099999999997e-15,-2.05e-08,-3.1314e-16,-7.987162775294828,-7.511449283499556,-3.009803921568627,,,,,,,,,,,,,,,,,,,,,,,,
DCzIPN,toluene,stddft,1.44e-08,6.44e-08,3.495,3.05,0.4450000000000003,0.2314,6.781000000000001,5e-08,5e-08,2.5e-15,7.879999999999999e-08,9.2736e-16,-7.838631997765025,-7.1904402853647325,4.472222222222221,,,,,,,,,,,,,,,,,,,,,,,,
DCzPO,gas,stda,7.4e-09,-3.4e-09,3.89,3.391,0.4990000000000001,0.3682,7.497999999999999,-1.08e-08,1.08e-08,1.1664e-16,4e-09,-2.516e-17,-8.1249387366083,-8.455931955649724,-0.4594594594594594,,,,,,,,,,,,,,,,,,,,,,,,
DCzPO,gas,stddft,-4.74e-08,-1.72e-08,3.826,3.368,0.4580000000000002,0.0445,7.497999999999999,3.0200000000000006e-08,3.0200000000000006e-08,9.120400000000005e-16,-6.46e-08,8.152799999999999e-16,-7.323306390375134,-7.761953896871205,0.3628691983122362,,,,,,,,,,,,,,,,,,,,,,,,
DCzPO,toluene,stda,-3.67e-08,2.81e-08,3.823,3.31,0.5129999999999999,0.31,7.452,6.48e-08,6.48e-08,4.19904e-15,-8.599999999999998e-09,-1.03127e-15,-7.434152181326482,-7.549750891680639,-0.7656675749318802,,,,,,,,,,,,,,,,,,,,,,,,
DCzPO,toluene,stddft,6e-08,8.78e-08,3.756,3.287,0.4689999999999998,0.1509,7.452,2.780000000000001e-08,2.780000000000001e-08,7.728400000000006e-16,1.478e-07,5.268e-15,-7.221125527997261,-7.056011124926228,1.4633333333333336,,,,,,,,,,,,,,,,,,,,,,,,
DCzTrz,gas,stda,1.2e-08,-1.65e-08,3.863,3.452,0.411,0.2728,6.5360000000000005,-2.85e-08,2.85e-08,8.122499999999998e-16,-4.499999999999999e-09,-1.98e-16,-7.91721462968355,-7.779891911959945,-1.375,,,,,,,,,,,,,,,,,,,,,,,,
DCzTrz,gas,stddft,6.58e-08,-3.59e-08,3.823,3.428,0.395,0.2728,6.5360000000000005,-1.017e-07,1.017e-07,1.034289e-14,2.99e-08,-2.36222e-15,-7.18111458540599,-7.443697499232713,-0.5455927051671733,,,,,,,,,,,,,,,,,,,,,,,,
DCzTrz,toluene,stda,-2.49e-08,2.4e-08,3.879,3.436,0.443,0.3357,6.518,4.89e-08,4.89e-08,2.39121e-15,-9.000000000000013e-10,-5.976e-16,-7.602059991327962,-7.617982957425132,-0.963855421686747,,,,,,,,,,,,,,,,,,,,,,,,
DCzTrz,toluene,stddft,-7.7e-09,2e-09,3.831,3.412,0.419,0.3103,6.518,9.7e-09,9.7e-09,9.408999999999998e-17,-5.7e-09,-1.54e-17,-8.10790539730952,-8.67778070526608,-0.2597402597402597,,,,,,,,,,,,,,,,,,,,,,,,
DC–TC,gas,stda,-2.54e-08,-7e-09,4.079,3.497,0.5819999999999999,0.3793,7.475999999999999,1.84e-08,1.84e-08,3.3855999999999997e-16,-3.24e-08,1.778e-16,-7.5934598195660445,-8.148741651280925,0.2755905511811024,,,,,,,,,,,,,,,,,,,,,,,,
DC–TC,gas,stddft,-3.38e-08,2.25e-08,4.043,3.474,0.569,0.3831,7.475999999999999,5.63e-08,5.63e-08,3.1696899999999992e-15,-1.13e-08,-7.604999999999999e-16,-7.469800301796917,-7.645891560852599,-0.6656804733727811,,,,,,,,,,,,,,,,,,,,,,,,
DC–TC,toluene,stda,-1.02e-08,-4.8e-08,4.052,3.475,0.5769999999999995,0.3907,7.495000000000001,-3.78e-08,3.78e-08,1.4288400000000002e-15,-5.82e-08,4.896e-16,-7.987162775294828,-7.317854923626168,4.705882352941177,,,,,,,,,,,,,,,,,,,,,,,,
DC–TC,toluene,stddft,6.14e-08,-2.9e-08,4.015,3.452,0.5629999999999997,0.3628,7.495000000000001,-9.04e-08,9.04e-08,8.172159999999997e-15,3.239999999999999e-08,-1.7805999999999998e-15,-7.211124884224583,-7.536107011014093,-0.472312703583062,,,,,,,,,,,,,,,,,,,,,,,,
DDBP,gas,stda,1.076e-07,8.64e-08,3.703,3.147,0.556,1.4004,6.347,-2.119999999999999e-08,2.119999999999999e-08,4.494399999999998e-16,1.9400000000000002e-07,9.29664e-15,-6.9677842967020185,-7.062983892535186,0.8029739776951673,,,,,,,,,,,,,,,,,,,,,,,,
DDBP,gas,stddft,-7.4e-08,-7.7e-08,3.672,3.104,0.5680000000000001,1.2567,6.347,-3e-09,3e-09,9.000000000000003e-18,-1.5100000000000004e-07,5.698e-15,-7.130181792020672,-7.112945621949043,1.0405405405405406,,,,,,,,,,,,,,,,,,,,,,,,
DDBP,toluene,stda,1.007e-07,-4.54e-08,3.728,3.174,0.5540000000000003,1.4084,6.3180000000000005,-1.461e-07,1.461e-07,2.134521e-14,5.529999999999999e-08,-4.57178e-15,-6.996539467890494,-7.341988603342887,-0.4508440913604767,,,,,,,,,,,,,,,,,,,,,,,,
DDBP,toluene,stddft,5.76e-08,3.71e-08,3.699,3.13,0.569,1.2686,6.3180000000000005,-2.05e-08,2.05e-08,4.202499999999999e-16,9.47e-08,2.13696e-15,-7.238824186844268,-7.429457060118103,0.6440972222222222,,,,,,,,,,,,,,,,,,,,,,,,
DDCzTrz,gas,stda,1.33e-08,3.74e-08,3.884,3.561,0.3229999999999999,0.1448,6.368,2.41e-08,2.41e-08,5.8081e-16,5.07e-08,4.9742e-16,-7.872895201635193,-7.425968732272281,2.8120300751879697,,,,,,,,,,,,,,,,,,,,,,,,
DDCzTrz,gas,stddft,5.09e-08,-2.58e-08,3.853,3.542,0.3110000000000004,0.1396,6.368,-7.669999999999999e-08,7.669999999999999e-08,5.882889999999999e-15,2.51e-08,-1.31322e-15,-7.292429823902063,-7.586700235918748,-0.5068762278978389,,,,,,,,,,,,,,,,,,,,,,,,
DDCzTrz,toluene,stda,1.119e-07,-1.216e-07,3.867,3.529,0.3380000000000001,0.161,6.376,-2.3350000000000002e-07,2.3350000000000002e-07,5.4522250000000015e-14,-9.700000000000001e-09,-1.360704e-14,-6.950781977329818,-6.914709421769935,-1.0866845397676497,,,,,,,,,,,,,,,,,,,,,,,,
DDCzTrz,toluene,stddft,2.093e-07,2.63e-08,3.835,3.512,0.3229999999999999,0.1672,6.376,-1.83e-07,1.83e-07,3.3489e-14,2.356e-07,5.50459e-15,-6.6790233226571765,-7.578396073130169,0.1256569517439082,,,,,,,,,,,,,,,,,,,,,,,,
DDMA-TXO2,gas,stda,9.2e-09,-5.6e-08,4.115,3.439,0.6760000000000002,0.1083,7.251,-6.52e-08,6.52e-08,4.251040000000001e-15,-4.68e-08,-5.152e-16,-8.031517051446064,-7.251037138743839,-6.086956521739131,,,,,,,,,,,,,,,,,,,,,,,,
DDMA-TXO2,gas,stddft,2.61e-08,-6.68e-08,4.065,3.409,0.6560000000000006,0.1017,7.251,-9.29e-08,9.29e-08,8.63041e-15,-4.07e-08,-1.74348e-15,-7.581698708680254,-7.174573882232177,-2.559386973180077,,,,,,,,,,,,,,,,,,,,,,,,
DDMA-TXO2,toluene,stda,-1.76e-08,2.12e-08,3.952,3.402,0.5499999999999998,0.0372,7.249,3.8800000000000003e-08,3.8800000000000003e-08,1.5054400000000005e-15,3.600000000000002e-09,-3.7312e-16,-7.752026733638194,-7.671620396561262,-1.2045454545454548,,,,,,,,,,,,,,,,,,,,,,,,
DDMA-TXO2,toluene,stddft,1.42e-08,-2.3e-08,3.887,3.37,0.5169999999999999,0.0237,7.249,-3.72e-08,3.72e-08,1.3838400000000002e-15,-8.800000000000001e-09,-3.266e-16,-7.844663962534939,-7.636388020107856,-1.619718309859155,,,,,,,,,,,,,,,,,,,,,,,,
DDPA-Ph-Bz,gas,stda,8.08e-08,-3.93e-08,3.844,3.461,0.383,0.0503,6.467999999999999,-1.201e-07,1.201e-07,1.442401e-14,4.15e-08,-3.17544e-15,-7.092051478387727,-7.404503778174426,-0.4863861386138614,,,,,,,,,,,,,,,,,,,,,,,,
DDPA-Ph-Bz,gas,stddft,-6.2e-08,-1.285e-07,3.816,3.43,0.3859999999999997,0.0521,6.467999999999999,-6.649999999999999e-08,6.649999999999999e-08,4.422249999999999e-15,-1.905e-07,7.966999999999999e-15,-7.20690839982342,-6.890759031411797,2.07258064516129,,,,,,,,,,,,,,,,,,,,,,,,
DDPA-Ph-Bz,toluene,stda,-1.69e-08,-3.95e-08,3.846,3.459,0.387,0.0606,6.401000000000001,-2.2600000000000004e-08,2.2600000000000004e-08,5.107600000000001e-16,-5.64e-08,6.6755e-16,-7.769551078621726,-7.402304814074488,2.337278106508876,,,,,,,,,,,,,,,,,,,,,,,,
DDPA-Ph-Bz,toluene,stddft,-4.05e-08,5.72e-08,3.817,3.432,0.3850000000000002,0.0612,6.401000000000001,9.770000000000001e-08,9.770000000000001e-08,9.545290000000002e-15,1.6700000000000004e-08,-2.3166000000000002e-15,-7.391473966422806,-7.24184537803261,-1.412345679012346,,,,,,,,,,,,,,,,,,,,,,,,
DDPhCz-DCPP,gas,stda,-5.87e-08,-4e-08,3.568,3.159,0.4090000000000002,0.524,5.827,1.87e-08,1.87e-08,3.4969000000000007e-16,-9.87e-08,2.3480000000000007e-15,-7.230622673923861,-7.396855627379818,0.6814310051107325,,,,,,,,,,,,,,,,,,,,,,,,
DDPhCz-DCPP,gas,stddft,1.32e-08,5.89e-08,3.535,3.14,0.395,0.5121,5.827,4.57e-08,4.57e-08,2.08849e-15,7.21e-08,7.774800000000002e-16,-7.876148359032914,-7.229147988357856,4.462121212121212,,,,,,,,,,,,,,,,,,,,,,,,
DDPhCz-DCPP,toluene,stda,5.64e-08,-8.62e-08,3.39,2.96,0.4300000000000001,0.5594,5.585999999999999,-1.4260000000000002e-07,1.4260000000000002e-07,2.0334760000000005e-14,-2.9800000000000002e-08,-4.861680000000001e-15,-7.247951552180561,-7.06398920428479,-1.5283687943262412,,,,,,,,,,,,,,,,,,,,,,,,
DDPhCz-DCPP,toluene,stddft,-6.6e-09,9.85e-08,3.357,2.941,0.4160000000000003,0.5411,5.585999999999999,1.0510000000000001e-07,1.0510000000000001e-07,1.104601e-14,9.19e-08,-6.501000000000002e-16,-8.173925197299173,-7.006123085058789,-14.924242424242424,,,,,,,,,,,,,,,,,,,,,,,,
DDPhCz-DPPZ,gas,stda,-2.36e-08,7.32e-08,3.24,2.932,0.3080000000000003,0.3315,5.569000000000001,9.68e-08,9.68e-08,9.370239999999998e-15,4.96e-08,-1.72752e-15,-7.625251653989896,-7.134896025358872,-3.101694915254237,,,,,,,,,,,,,,,,,,,,,,,,
DDPhCz-DPPZ,gas,stddft,-3.77e-08,8.28e-08,3.215,2.909,0.306,0.3514,5.569000000000001,1.205e-07,1.205e-07,1.452025e-14,4.51e-08,-3.12156e-15,-7.422508200162775,-7.081445469449727,-2.1962864721485413,,,,,,,,,,,,,,,,,,,,,,,,
DDPhCz-DPPZ,toluene,stda,9.46e-08,-3.38e-08,2.988,2.681,0.3069999999999999,0.7245,5.302,-1.284e-07,1.284e-07,1.6486560000000002e-14,6.08e-08,-3.19748e-15,-7.023650020996727,-7.469800301796917,-0.3572938689217759,,,,,,,,,,,,,,,,,,,,,,,,
DDPhCz-DPPZ,toluene,stddft,-1.41e-08,6e-08,2.96,2.664,0.2959999999999998,0.6588,5.302,7.41e-08,7.41e-08,5.490809999999999e-15,4.59e-08,-8.459999999999999e-16,-7.847711655616943,-7.221125527997261,-4.255319148936169,,,,,,,,,,,,,,,,,,,,,,,,
DFDBQPXZ,gas,stda,-1.018e-07,-4.91e-08,3.34,2.965,0.375,0.0124,4.959,5.27e-08,5.27e-08,2.77729e-15,-1.509e-07,4.998380000000001e-15,-6.991825815993574,-7.308034897232639,0.4823182711198429,,,,,,,,,,,,,,,,,,,,,,,,
DFDBQPXZ,gas,stddft,-5.12e-08,8.43e-08,3.307,2.935,0.3719999999999999,0.0103,4.959,1.355e-07,1.355e-07,1.836025e-14,3.309999999999999e-08,-4.31616e-15,-7.289882634888183,-7.073657553374345,-1.6464843749999998,,,,,,,,,,,,,,,,,,,,,,,,
DFDBQPXZ,toluene,stda,-8.06e-08,-9.83e-08,3.324,2.935,0.3889999999999998,0.0002,4.811,-1.7700000000000006e-08,1.7700000000000006e-08,3.132900000000002e-16,-1.789e-07,7.92298e-15,-7.09312646527793,-7.007004901568658,1.219602977667494,,,,,,,,,,,,,,,,,,,,,,,,
DFDBQPXZ,toluene,stddft,-4.4e-09,5.86e-08,3.289,2.905,0.3840000000000003,0.0,4.811,6.3e-08,6.3e-08,3.969e-15,5.42e-08,-2.5784e-16,-8.346787486224656,-7.231361898752385,-13.31818181818182,,,,,,,,,,,,,,,,,,,,,,,,
DFPBI,gas,stda,-3.96e-08,7.84e-08,3.555,3.089,0.4660000000000002,1.6164,6.556,1.18e-07,1.18e-07,1.3924e-14,3.8800000000000003e-08,-3.10464e-15,-7.401209493236885,-7.105130343254747,-1.97979797979798,,,,,,,,,,,,,,,,,,,,,,,,
DFPBI,gas,stddft,-3.82e-08,-9.75e-08,3.527,3.06,0.4670000000000001,1.454,6.556,-5.9300000000000015e-08,5.9300000000000015e-08,3.516490000000001e-15,-1.357e-07,3.7245e-15,-7.416801226031377,-7.010550182333308,2.5523560209424088,,,,,,,,,,,,,,,,,,,,,,,,
DFPBI,toluene,stda,-8.34e-08,-1.064e-07,3.555,3.092,0.4630000000000001,1.7036,6.571999999999999,-2.2999999999999998e-08,2.2999999999999998e-08,5.289999999999997e-16,-1.8980000000000002e-07,8.873760000000001e-15,-7.078313524516398,-6.972650392225243,1.2757793764988008,,,,,,,,,,,,,,,,,,,,,,,,
DFPBI,toluene,stddft,-1.47e-08,-3.89e-08,3.528,3.063,0.4649999999999998,1.5324,6.571999999999999,-2.42e-08,2.42e-08,5.856399999999999e-16,-5.36e-08,5.7183e-16,-7.829738284605042,-7.4089353929735005,2.6462585034013606,,,,,,,,,,,,,,,,,,,,,,,,
DFPFPhe,gas,stda,1.95e-08,-1.022e-07,3.163,2.5,0.6629999999999998,0.1356,6.204000000000001,-1.217e-07,1.217e-07,1.4810890000000003e-14,-8.27e-08,-1.9929e-15,-7.707743928643524,-6.99012436628784,-5.241025641025641,,,,,,,,,,,,,,,,,,,,,,,,
DFPFPhe,gas,stddft,-1.059e-07,-3.12e-08,3.088,2.459,0.629,0.1047,6.204000000000001,7.47e-08,7.47e-08,5.58009e-15,-1.371e-07,3.3040800000000002e-15,-6.97469413473523,-7.504455662453552,0.2946175637393767,,,,,,,,,,,,,,,,,,,,,,,,
DFPFPhe,toluene,stda,1.06e-08,-7.57e-08,3.16,2.505,0.6550000000000002,0.1376,6.135,-8.63e-08,8.63e-08,7.44769e-15,-6.51e-08,-8.0242e-16,-7.97061622231479,-7.120330794367947,-7.141509433962264,,,,,,,,,,,,,,,,,,,,,,,,
DFPFPhe,toluene,stddft,3.68e-08,-7.75e-08,3.086,2.464,0.6219999999999999,0.1059,6.135,-1.143e-07,1.143e-07,1.306449e-14,-4.07e-08,-2.852e-15,-7.432973633840939,-7.110138278741812,-2.1059782608695654,,,,,,,,,,,,,,,,,,,,,,,,
DHID-DBS,gas,stda,-5.69e-08,-4.52e-08,3.419,2.853,0.5659999999999998,0.3743,6.274,1.17e-08,1.17e-08,1.3688999999999994e-16,-1.021e-07,2.57188e-15,-7.244125144327507,-7.343901797987168,0.7943760984182777,,,,,,,,,,,,,,,,,,,,,,,,
DHID-DBS,gas,stddft,1.5e-09,-6.32e-08,3.34,2.82,0.52,0.305,6.274,-6.469999999999999e-08,6.469999999999999e-08,4.186089999999999e-15,-6.17e-08,-9.48e-17,-8.795880017344075,-7.198596289982645,-42.13333333333333,,,,,,,,,,,,,,,,,,,,,,,,
DHID-DBS,toluene,stda,-4.37e-08,2.6e-08,3.496,2.849,0.6469999999999998,0.5322,6.067999999999999,6.97e-08,6.97e-08,4.858089999999999e-15,-1.77e-08,-1.1362e-15,-7.3585258894959,-7.583359492661719,-0.5949656750572082,,,,,,,,,,,,,,,,,,,,,,,,
DHID-DBS,toluene,stddft,9.32e-08,7.68e-08,3.429,2.817,0.6119999999999997,0.4454,6.067999999999999,-1.64e-08,1.64e-08,2.6896000000000004e-16,1.7000000000000001e-07,7.15776e-15,-7.0301183562535,-7.114073660198569,0.8240343347639485,,,,,,,,,,,,,,,,,,,,,,,,
DHID-DPS,gas,stda,6.54e-08,-1.66e-08,3.53,2.855,0.6749999999999998,0.1922,6.548,-8.2e-08,8.2e-08,6.724000000000001e-15,4.88e-08,-1.08564e-15,-7.183758700008217,-7.777283528852417,-0.2538226299694189,,,,,,,,,,,,,,,,,,,,,,,,
DHID-DPS,gas,stddft,-6.23e-08,-1.73e-08,3.457,2.822,0.6349999999999998,0.161,6.548,4.499999999999999e-08,4.499999999999999e-08,2.0249999999999988e-15,-7.96e-08,1.07779e-15,-7.204815410317576,-7.7594507517174,0.2776886035313001,,,,,,,,,,,,,,,,,,,,,,,,
DHID-DPS,toluene,stda,2.62e-08,2.42e-08,3.498,2.867,0.6310000000000002,0.1812,6.476,-1.999999999999998e-09,1.999999999999998e-09,3.999999999999993e-18,5.04e-08,6.3404e-16,-7.580044251510242,-7.614393726401688,0.9236641221374048,,,,,,,,,,,,,,,,,,,,,,,,
DHID-DPS,toluene,stddft,-8.3e-08,-6e-10,3.43,2.835,0.5950000000000002,0.1557,6.476,8.24e-08,8.24e-08,6.7897599999999985e-15,-8.360000000000002e-08,4.9800000000000003e-17,-7.080398976215889,-9.154901959985745,0.0072289156626506,,,,,,,,,,,,,,,,,,,,,,,,
DHPZ-2BI,gas,stda,-8.1e-09,6.93e-08,2.595,2.353,0.242,0.0003,5.457999999999999,7.74e-08,7.74e-08,5.990760000000001e-15,6.12e-08,-5.6133e-16,-8.086186147616283,-7.158640529545145,-8.555555555555557,,,,,,,,,,,,,,,,,,,,,,,,
DHPZ-2BI,gas,stddft,-1.843e-07,-4.35e-08,2.566,2.323,0.2429999999999998,0.0002,5.457999999999999,1.408e-07,1.408e-07,1.982464e-14,-2.2780000000000001e-07,8.01705e-15,-6.7342390832823895,-7.360513510731414,0.2360282148670645,,,,,,,,,,,,,,,,,,,,,,,,
DHPZ-2BI,toluene,stda,-4.27e-08,4.69e-08,2.553,2.316,0.2370000000000001,0.0002,5.384,8.960000000000002e-08,8.960000000000002e-08,8.028160000000001e-15,4.2000000000000045e-09,-2.00263e-15,-7.368556230986828,-7.327902142064283,-1.098360655737705,,,,,,,,,,,,,,,,,,,,,,,,
DHPZ-2BI,toluene,stddft,1.385e-07,6.25e-08,2.523,2.286,0.2370000000000001,0.0002,5.384,-7.6e-08,7.6e-08,5.776000000000001e-15,2.01e-07,8.65625e-15,-6.858236769724212,-7.20342566678957,0.4512635379061371,,,,,,,,,,,,,,,,,,,,,,,,
DHPZ-2BN,gas,stda,1.76e-08,-6.41e-08,2.614,2.369,0.2449999999999996,0.0003,5.532,-8.17e-08,8.17e-08,6.67489e-15,-4.65e-08,-1.12816e-15,-7.752026733638194,-7.192464971931146,-3.642045454545455,,,,,,,,,,,,,,,,,,,,,,,,
DHPZ-2BN,gas,stddft,2.56e-08,6.73e-08,2.582,2.338,0.2439999999999997,0.0002,5.532,4.17e-08,4.17e-08,1.7388899999999997e-15,9.29e-08,1.7228800000000001e-15,-7.590066876668706,-7.17134010346468,2.62890625,,,,,,,,,,,,,,,,,,,,,,,,
DHPZ-2BN,toluene,stda,2.83e-08,-7.33e-08,2.52,2.256,0.2640000000000002,0.0,5.3950000000000005,-1.016e-07,1.016e-07,1.032256e-14,-4.5000000000000006e-08,-2.07439e-15,-7.546681659952962,-7.13430394008393,-2.590106007067138,,,,,,,,,,,,,,,,,,,,,,,,
DHPZ-2BN,toluene,stddft,-4.95e-08,9.9e-09,2.492,2.247,0.2450000000000001,0.0,5.3950000000000005,5.94e-08,5.94e-08,3.5283600000000004e-15,-3.96e-08,-4.900499999999999e-16,-7.304518323509803,-8.0,-0.1999999999999999,,,,,,,,,,,,,,,,,,,,,,,,
DIC-TRZ,gas,stda,-1.021e-07,4.24e-08,3.515,3.054,0.4610000000000003,0.3088,6.312000000000001,1.445e-07,1.445e-07,2.088025e-14,-5.97e-08,-4.32904e-15,-6.990549104201306,-7.371611069949688,-0.4152791380999021,,,,,,,,,,,,,,,,,,,,,,,,
DIC-TRZ,gas,stddft,-1.319e-07,6.98e-08,3.455,3.031,0.4239999999999999,0.2621,6.312000000000001,2.017e-07,2.017e-07,4.0682890000000007e-14,-6.210000000000002e-08,-9.20662e-15,-6.87942606879415,-7.155522824254319,-0.5291887793783169,,,,,,,,,,,,,,,,,,,,,,,,
DIC-TRZ,toluene,stda,-1.9e-09,-7.25e-08,3.52,3.05,0.4700000000000002,0.2974,6.364999999999999,-7.06e-08,7.06e-08,4.98436e-15,-7.439999999999999e-08,1.3775e-16,-8.698970004336019,-7.139063379299906,38.1578947368421,,,,,,,,,,,,,,,,,,,,,,,,
DIC-TRZ,toluene,stddft,-6.55e-08,-4.07e-08,3.458,3.027,0.431,0.2504,6.364999999999999,2.48e-08,2.48e-08,6.150399999999998e-16,-1.062e-07,2.66585e-15,-7.18309616062434,-7.38933983691012,0.6213740458015268,,,,,,,,,,,,,,,,,,,,,,,,
DICzTrz,gas,stda,8e-09,1.84e-08,3.576,3.295,0.2810000000000001,0.103,6.287999999999999,1.04e-08,1.04e-08,1.0815999999999998e-16,2.64e-08,1.472e-16,-8.09151498112135,-7.732828271596986,2.3,,,,,,,,,,,,,,,,,,,,,,,,
DICzTrz,gas,stddft,-9e-09,-9.4e-08,3.547,3.269,0.278,0.0584,6.287999999999999,-8.5e-08,8.5e-08,7.224999999999999e-15,-1.03e-07,8.459999999999999e-16,-8.040958607678906,-7.026410376572743,10.444444444444445,,,,,,,,,,,,,,,,,,,,,,,,
DICzTrz,toluene,stda,3.08e-08,-1.9e-08,3.581,3.302,0.2789999999999999,0.1433,6.2620000000000005,-4.98e-08,4.98e-08,2.48004e-15,1.1799999999999996e-08,-5.852e-16,-7.510041520575165,-7.718966632752273,-0.6168831168831169,,,,,,,,,,,,,,,,,,,,,,,,
DICzTrz,toluene,stddft,9.2e-09,-1.53e-08,3.552,3.279,0.2730000000000001,0.0893,6.2620000000000005,-2.45e-08,2.45e-08,6.0025e-16,-6.1000000000000025e-09,-1.4076000000000002e-16,-8.031517051446064,-7.812479279163536,-1.6630434782608698,,,,,,,,,,,,,,,,,,,,,,,,
DMAC-11-DPPZ,gas,stda,8.6e-09,7.71e-08,2.953,2.816,0.137,0.1409,5.274000000000001,6.85e-08,6.85e-08,4.69225e-15,8.569999999999999e-08,6.6306e-16,-8.060480747381382,-7.112382699664264,8.965116279069768,,,,,,,,,,,,,,,,,,,,,,,,
DMAC-11-DPPZ,gas,stddft,-1.3e-09,-4.14e-08,2.943,2.802,0.141,0.1343,5.274000000000001,-4.01e-08,4.01e-08,1.60801e-15,-4.27e-08,5.382000000000001e-17,-8.853871964321762,-7.3819519032879075,31.846153846153843,,,,,,,,,,,,,,,,,,,,,,,,
DMAC-11-DPPZ,toluene,stda,-1.37e-08,-5.61e-08,2.919,2.769,0.1499999999999999,0.1588,5.237,-4.24e-08,4.24e-08,1.79776e-15,-6.98e-08,7.6857e-16,-7.860120913598763,-7.250263684430939,4.094890510948905,,,,,,,,,,,,,,,,,,,,,,,,
DMAC-11-DPPZ,toluene,stddft,1.77e-08,8.1e-09,2.907,2.756,0.1510000000000002,0.1504,5.237,-9.6e-09,9.6e-09,9.216e-17,2.58e-08,1.4337e-16,-7.749579997691106,-8.086186147616283,0.4576271186440678,,,,,,,,,,,,,,,,,,,,,,,,
DMAC-AQ,gas,stda,-3.98e-08,7.13e-08,2.355,1.782,0.573,0.3141,5.302999999999999,1.111e-07,1.111e-07,1.234321e-14,3.15e-08,-2.83774e-15,-7.399027104313252,-7.146301788223826,-1.7914572864321607,,,,,,,,,,,,,,,,,,,,,,,,
DMAC-AQ,gas,stddft,-1.68e-08,-7.2e-09,2.269,1.744,0.5250000000000001,0.2466,5.302999999999999,9.600000000000002e-09,9.600000000000002e-09,9.216000000000004e-17,-2.4000000000000003e-08,1.2096000000000002e-16,-7.772113295386326,-8.136677139879543,0.4285714285714285,,,,,,,,,,,,,,,,,,,,,,,,
DMAC-AQ,toluene,stda,1.062e-07,6.7e-09,2.207,1.604,0.6029999999999998,0.3089,5.119,-9.95e-08,9.95e-08,9.90025e-15,1.129e-07,7.115399999999999e-16,-6.973466735476704,-8.167491087293763,0.0630885122410546,,,,,,,,,,,,,,,,,,,,,,,,
DMAC-AQ,toluene,stddft,-7.9e-08,8.64e-08,2.113,1.557,0.556,0.2371,5.119,1.654e-07,1.654e-07,2.7357160000000003e-14,7.4e-09,-6.825600000000001e-15,-7.101823516502323,-7.062983892535186,-1.0936708860759494,,,,,,,,,,,,,,,,,,,,,,,,
DMAC-BP,gas,stda,1.04e-08,-3.5e-09,3.387,3.282,0.1049999999999999,0.2404,5.723,-1.39e-08,1.39e-08,1.9321e-16,6.9000000000000006e-09,-3.6400000000000004e-17,-7.978810700930062,-8.443697499232712,-0.3365384615384615,,,,,,,,,,,,,,,,,,,,,,,,
DMAC-BP,gas,stddft,-2.37e-08,-2.49e-08,3.383,3.275,0.1080000000000001,0.2325,5.723,-1.2000000000000006e-09,1.2000000000000006e-09,1.4400000000000022e-18,-4.86e-08,5.901300000000001e-16,-7.623423042943488,-7.602059991327962,1.0506329113924051,,,,,,,,,,,,,,,,,,,,,,,,
DMAC-BP,toluene,stda,-3.6e-08,-2.6e-09,3.412,2.698,0.714,1.12,6.026,3.3399999999999995e-08,3.3399999999999995e-08,1.1155599999999997e-15,-3.86e-08,9.36e-17,-7.442492798094342,-8.568636235841012,0.0722222222222222,,,,,,,,,,,,,,,,,,,,,,,,
DMAC-BP,toluene,stddft,-2.14e-08,1.15e-08,3.345,2.662,0.6830000000000003,0.9601,6.026,3.29e-08,3.29e-08,1.0824099999999998e-15,-9.9e-09,-2.461e-16,-7.667561540084395,-7.935542010773082,-0.5373831775700935,,,,,,,,,,,,,,,,,,,,,,,,
DMAC-BPP,gas,stda,-1.43e-08,1.057e-07,3.712,3.531,0.181,0.0163,5.9830000000000005,1.2e-07,1.2e-07,1.4399999999999994e-14,9.14e-08,-1.51151e-15,-7.841637507904751,-6.9755143323008335,-7.391608391608392,,,,,,,,,,,,,,,,,,,,,,,,
DMAC-BPP,gas,stddft,2.2e-08,-6.73e-08,3.705,3.502,0.2030000000000003,0.0158,5.9830000000000005,-8.93e-08,8.93e-08,7.974489999999999e-15,-4.53e-08,-1.4805999999999998e-15,-7.655607726314889,-7.17134010346468,-3.059090909090909,,,,,,,,,,,,,,,,,,,,,,,,
DMAC-BPP,toluene,stda,1.77e-08,7.05e-08,3.724,3.457,0.2670000000000003,0.0122,5.932,5.28e-08,5.28e-08,2.7878400000000004e-15,8.820000000000002e-08,1.24785e-15,-7.749579997691106,-7.151195298948196,3.983050847457627,,,,,,,,,,,,,,,,,,,,,,,,
DMAC-BPP,toluene,stddft,-4.97e-08,-4.36e-08,3.718,3.427,0.2909999999999999,0.0131,5.932,6.1000000000000025e-09,6.1000000000000025e-09,3.721000000000002e-17,-9.33e-08,2.16692e-15,-7.302770657240282,-7.359518563029578,0.8772635814889336,,,,,,,,,,,,,,,,,,,,,,,,
DMAC-Cz,gas,stda,6.56e-08,5.96e-08,3.915,3.39,0.5249999999999999,0.0627,6.674,-6.000000000000007e-09,6.000000000000007e-09,3.600000000000009e-17,1.252e-07,3.90976e-15,-7.182434630440219,-7.224025668870631,0.9085365853658536,,,,,,,,,,,,,,,,,,,,,,,,
DMAC-Cz,gas,stddft,-7.21e-08,8.3e-08,3.842,3.358,0.484,0.0536,6.674,1.551e-07,1.551e-07,2.4056010000000003e-14,1.0899999999999998e-08,-5.984300000000001e-15,-7.141462802430361,-7.080398976215889,-1.1511789181692094,,,,,,,,,,,,,,,,,,,,,,,,
DMAC-Cz,toluene,stda,1.22e-08,3.14e-08,3.913,3.357,0.5559999999999996,0.0643,6.761,1.9200000000000003e-08,1.9200000000000003e-08,3.686400000000001e-16,4.3600000000000007e-08,3.8308000000000005e-16,-7.910094888560602,-7.501689446210399,2.573770491803279,,,,,,,,,,,,,,,,,,,,,,,,
DMAC-Cz,toluene,stddft,6.12e-08,4.57e-08,3.84,3.325,0.5149999999999997,0.0546,6.761,-1.5500000000000006e-08,1.5500000000000006e-08,2.402500000000002e-16,1.0690000000000001e-07,2.7968400000000007e-15,-7.212539525481585,-7.339134521996131,0.7467320261437908,,,,,,,,,,,,,,,,,,,,,,,,
DMAC-Cz-TTR,gas,stda,7.01e-08,2.29e-08,3.803,3.387,0.4159999999999999,0.35,6.494,-4.72e-08,4.72e-08,2.22784e-15,9.3e-08,1.60529e-15,-7.153662887870195,-7.638272163982407,0.3266761768901569,,,,,,,,,,,,,,,,,,,,,,,,
DMAC-Cz-TTR,gas,stddft,1.136e-07,-4.24e-08,3.739,3.355,0.3839999999999999,0.305,6.494,-1.56e-07,1.56e-07,2.4336e-14,7.12e-08,-4.81664e-15,-6.944239535312265,-7.371611069949688,-0.3732394366197183,,,,,,,,,,,,,,,,,,,,,,,,
DMAC-Cz-TTR,toluene,stda,-5.18e-08,-4.86e-08,3.82,3.406,0.4139999999999997,0.4373,6.466,3.200000000000002e-09,3.200000000000002e-09,1.0240000000000013e-17,-1.004e-07,2.51748e-15,-7.284832642151542,-7.312471038785365,0.9382239382239382,,,,,,,,,,,,,,,,,,,,,,,,
DMAC-Cz-TTR,toluene,stddft,2.06e-08,-8.26e-08,3.765,3.375,0.3900000000000001,0.3902,6.466,-1.032e-07,1.032e-07,1.065024e-14,-6.2e-08,-1.70156e-15,-7.684029654543083,-7.082494490447453,-4.009708737864078,,,,,,,,,,,,,,,,,,,,,,,,
DMAC-DPS,gas,stda,8.6e-09,5.39e-08,3.759,3.267,0.492,0.0531,7.722,4.53e-08,4.53e-08,2.05209e-15,6.25e-08,4.635399999999999e-16,-8.060480747381382,-7.267606240177032,6.267441860465117,0.0484495431871833,0.9602713871242372,0.050454011060641,0.0397286128757628,0.949545988939359,1.6898505765086032,0.7102544983791484,0.0368599800487072,0.9654908983440303,0.0381774495357004,0.0345091016559697,0.9618225504642994,0.7305225561707296,0.8669283872817375,-0.011589563138476103,0.011589563138476103,0.005219511219793138,0.005219511219793138,-0.012276561524940596,0.012276561524940596,-0.9593280203378736,0.9593280203378736,0.15667388890258904,0.15667388890258904
DMAC-DPS,gas,stddft,-1.138e-07,-2.95e-08,3.728,3.239,0.4890000000000003,0.0458,7.722,8.430000000000002e-08,8.430000000000002e-08,7.106490000000002e-15,-1.433e-07,3.3571e-15,-6.9434762759209,-7.528708288941061,0.2592267135325132,0.0491946925816552,0.959760973760814,0.0512572337556989,0.040239026239186,0.9487427662443012,1.686335618048959,0.7043242836915339,0.0354164950666962,0.9665371895673744,0.0366426615022944,0.0334628104326256,0.9633573384977058,0.6678433771474185,0.8742035370383673,-0.013778197514958998,0.013778197514958998,0.006776215806560404,0.006776215806560404,-0.014614572253404498,0.014614572253404498,-1.0184922409015407,1.0184922409015407,0.1698792533468334,0.1698792533468334
DMAC-DPS,toluene,stda,1.115e-07,-5.32e-08,3.764,3.317,0.4469999999999996,0.0464,7.730999999999999,-1.647e-07,1.647e-07,2.7126089999999994e-14,5.83e-08,-5.9318e-15,-6.95233580539844,-7.273272790973428,-0.4771300448430493,0.0509341862640794,0.9597785193876888,0.0530686874473644,0.0402214806123113,0.9469313125526356,1.8070496811954464,0.6965128890932761,0.0388544997405002,0.9645749143732836,0.0402814744210358,0.0354250856267163,0.9597185255789644,0.899698141755519,0.8501346415310651,-0.0120796865235792,0.0120796865235792,0.00479639498559481,0.00479639498559481,-0.012787213026328598,0.012787213026328598,-0.9073515394399274,0.9073515394399274,0.15362175243778897,0.15362175243778897
DMAC-DPS,toluene,stddft,-1.58e-08,4.57e-08,3.736,3.292,0.4440000000000004,0.0396,7.730999999999999,6.15e-08,6.15e-08,3.78225e-15,2.99e-08,-7.220599999999999e-16,-7.798602875679548,-7.339134521996131,-2.892405063291139,0.0515501648019977,0.9593345653080476,0.0537353355817474,0.0406654346919524,0.9462646644182524,1.8108320489235368,0.6890600042801891,0.0373020260730832,0.9655697241828,0.0386321413553572,0.0344302758171997,0.9613678586446428,0.8297039665328158,0.858283720511256,-0.014248138728914499,0.014248138728914499,0.0062351588747523445,0.0062351588747523445,-0.015103194226390206,0.015103194226390206,-0.981128082390721,0.981128082390721,0.1692237162310669,0.1692237162310669
DMAC-FO,gas,stda,-1.84e-08,-1.7e-09,2.693,2.492,0.201,0.113,5.022,1.67e-08,1.67e-08,2.7889000000000003e-16,-2.01e-08,3.128e-17,-7.732828271596986,-8.744727494896694,0.092391304347826,,,,,,,,,,,,,,,,,,,,,,,,
DMAC-FO,gas,stddft,-9.3e-09,-8.6e-09,2.675,2.484,0.1909999999999998,0.0971,5.022,7.000000000000012e-10,7.000000000000012e-10,4.900000000000018e-19,-1.79e-08,7.998e-17,-8.0268721464003,-8.060480747381382,0.9247311827956988,,,,,,,,,,,,,,,,,,,,,,,,
DMAC-FO,toluene,stda,5.14e-08,5.92e-08,2.537,2.018,0.5190000000000001,0.2502,5.328000000000001,7.800000000000004e-09,7.800000000000004e-09,6.084000000000006e-17,1.106e-07,3.04288e-15,-7.288192770958809,-7.226945306635737,1.151750972762646,,,,,,,,,,,,,,,,,,,,,,,,
DMAC-FO,toluene,stddft,-1.6e-08,-1.655e-07,2.471,1.977,0.494,0.2151,5.328000000000001,-1.4949999999999998e-07,1.4949999999999998e-07,2.2350249999999997e-14,-1.815e-07,2.648e-15,-7.79317412396815,-6.780939667551139,10.343749999999998,,,,,,,,,,,,,,,,,,,,,,,,
DMAC-ND,gas,stda,-4.31e-08,6.9e-09,3.265,2.778,0.4870000000000001,0.9521,6.592,5e-08,5e-08,2.5000000000000004e-15,-3.62e-08,-2.9739e-16,-7.364516253185088,-8.154901959985743,-0.1600928074245939,,,,,,,,,,,,,,,,,,,,,,,,
DMAC-ND,gas,stddft,1.48e-08,4.51e-08,3.206,2.751,0.455,0.8049,6.592,3.03e-08,3.03e-08,9.1809e-16,5.99e-08,6.6748000000000005e-16,-7.826813731587726,-7.3448615651886175,3.0472972972972974,,,,,,,,,,,,,,,,,,,,,,,,
DMAC-ND,toluene,stda,-3.59e-08,7.58e-08,3.258,2.756,0.5020000000000002,0.9572,6.569000000000001,1.117e-07,1.117e-07,1.247689e-14,3.9900000000000007e-08,-2.72122e-15,-7.443697499232713,-7.11975822410452,-2.1114206128133706,,,,,,,,,,,,,,,,,,,,,,,,
DMAC-ND,toluene,stddft,-6.68e-08,-5.6e-09,3.196,2.728,0.4679999999999999,0.8054,6.569000000000001,6.12e-08,6.12e-08,3.74544e-15,-7.24e-08,3.7408e-16,-7.174573882232177,-8.244125144327509,0.0838323353293413,,,,,,,,,,,,,,,,,,,,,,,,
DMAC-PCN,gas,stda,-2.26e-08,3.34e-08,3.646,3.417,0.2290000000000001,0.2149,5.35,5.6e-08,5.6e-08,3.136e-15,1.08e-08,-7.548400000000002e-16,-7.643974142806877,-7.474955192963154,-1.4778761061946903,,,,,,,,,,,,,,,,,,,,,,,,
DMAC-PCN,gas,stddft,6e-09,-7.4e-09,3.64,3.385,0.2550000000000003,0.2034,5.35,-1.3400000000000001e-08,1.3400000000000001e-08,1.7956000000000003e-16,-1.4e-09,-4.44e-17,-8.214670164989233,-8.1249387366083,-1.2333333333333334,,,,,,,,,,,,,,,,,,,,,,,,
DMAC-PCN,toluene,stda,-2.55e-08,-5.12e-08,3.597,3.397,0.2000000000000001,0.2125,5.220000000000001,-2.5700000000000002e-08,2.5700000000000002e-08,6.604900000000001e-16,-7.67e-08,1.3056e-15,-7.591760034688151,-7.289882634888183,2.007843137254902,,,,,,,,,,,,,,,,,,,,,,,,
DMAC-PCN,toluene,stddft,8.6e-09,-1.133e-07,3.591,3.365,0.2259999999999999,0.2016,5.220000000000001,-1.219e-07,1.219e-07,1.485961e-14,-1.047e-07,-9.7438e-16,-8.060480747381382,-6.945386945443112,-13.174418604651164,,,,,,,,,,,,,,,,,,,,,,,,
DMAC-TRZ,gas,stda,4.41e-08,-4.16e-08,3.474,3.389,0.0850000000000004,0.1265,5.873,-8.57e-08,8.57e-08,7.344490000000001e-15,2.499999999999996e-09,-1.83456e-15,-7.354577730650908,-7.379863945026242,-0.943310657596372,0.0148482705471953,0.9914715010683066,0.0149759932899698,0.0085284989316935,0.98502400671003,4.421971169831531,0.346738367268703,0.0147535988602319,0.9920433341403468,0.0148719298366302,0.0079566658596534,0.98512807016337,4.121982110557444,0.4427567556980403,-9.467168696340039e-05,9.467168696340039e-05,0.0005718330720402287,0.0005718330720402287,-0.00010406345333959996,0.00010406345333959996,-0.29998905927408703,0.29998905927408703,0.0960183884293373,0.0960183884293373
DMAC-TRZ,gas,stddft,-2.35e-08,2.34e-08,3.467,3.369,0.0979999999999998,0.1216,5.873,4.69e-08,4.69e-08,2.1996100000000007e-15,-9.99999999999976e-11,-5.499e-16,-7.627087997029894,-7.628932137728263,-0.995744680851064,0.0149437373335228,0.9914534027424502,0.0150725564027388,0.0085465972575499,0.9849274435972613,4.426431752327965,0.3458674369421955,0.0209658750620247,0.9958139857881398,0.02105400743637,0.0041860142118601,0.97894599256363,0.6646130312523912,0.769042506380337,0.0060221377285019,0.0060221377285019,0.004360583045689648,0.004360583045689648,0.005981451033631199,0.005981451033631199,-3.7618187210755742,3.7618187210755742,0.4231750694381415,0.4231750694381415
DMAC-TRZ,toluene,stda,2.1e-09,3.23e-08,3.454,3.371,0.0830000000000001,0.124,5.841,3.02e-08,3.02e-08,9.1204e-16,3.44e-08,6.783e-17,-8.657577319177793,-7.489454989793388,15.380952380952378,0.0150292305020364,0.9914350314220184,0.0151590674383171,0.0085649685779817,0.9848409325616828,4.428537751147536,0.3436268974092725,0.0150329505300322,0.991983606388686,0.0151544344414719,0.0080163936113141,0.984845565558528,4.12337517421831,0.439650550860517,3.7200279958005816e-06,3.7200279958005816e-06,0.0005485749666676032,0.0005485749666676032,-4.632996845199341e-06,4.632996845199341e-06,-0.30516257692922544,0.30516257692922544,0.09602365345124453,0.09602365345124453
DMAC-TRZ,toluene,stddft,-1.45e-08,3.49e-08,3.447,3.362,0.0849999999999999,0.1194,5.841,4.9400000000000006e-08,4.9400000000000006e-08,2.4403600000000005e-15,2.04e-08,-5.0605e-16,-7.835647144215563,-7.455931955649724,-2.406896551724138,0.0151256387485916,0.9914168668818852,0.0152565880749672,0.0085831331181149,0.9847434119250328,4.432391396184713,0.3428460869311714,0.0218371536607676,0.9956950831926108,0.0219315672331621,0.0043049168073893,0.978068432766838,0.7137857456901544,0.7645263003799109,0.006711514912175998,0.006711514912175998,0.004278216310725558,0.004278216310725558,0.006674979158194899,0.006674979158194899,-3.718605650494558,3.718605650494558,0.42168021344873946,0.42168021344873946
DMACMNPTO,gas,stda,3.68e-08,-7.1e-09,3.974,3.373,0.601,0.043,7.367999999999999,-4.39e-08,4.39e-08,1.92721e-15,2.97e-08,-2.6128e-16,-7.432973633840939,-8.142667503568731,-0.1929347826086956,,,,,,,,,,,,,,,,,,,,,,,,
DMACMNPTO,gas,stddft,-3.6e-08,-3.16e-08,3.919,3.341,0.5779999999999998,0.0386,7.367999999999999,4.4e-09,4.4e-09,1.936e-17,-6.76e-08,1.1375999999999998e-15,-7.442492798094342,-7.498940737782249,0.8777777777777778,,,,,,,,,,,,,,,,,,,,,,,,
DMACMNPTO,toluene,stda,-1.241e-07,-2.51e-08,3.954,3.35,0.6040000000000001,0.0193,7.1000000000000005,9.9e-08,9.9e-08,9.801e-15,-1.492e-07,3.11491e-15,-6.905878404159439,-7.598599459218456,0.2022562449637389,,,,,,,,,,,,,,,,,,,,,,,,
DMACMNPTO,toluene,stddft,6.33e-08,-1.329e-07,3.897,3.317,0.5799999999999996,0.0178,7.1000000000000005,-1.9620000000000002e-07,1.9620000000000002e-07,3.849444000000001e-14,-6.96e-08,-8.41257e-15,-7.197910742118268,-6.876148359032914,-2.0995260663507107,,,,,,,,,,,,,,,,,,,,,,,,
DMACN-B,gas,stda,-2.09e-08,-2.35e-08,3.73,3.249,0.4809999999999998,0.2545,7.082,-2.6e-09,2.6e-09,6.760000000000001e-18,-4.44e-08,4.911499999999999e-16,-7.67778070526608,-7.627087997029894,1.124401913875598,,,,,,,,,,,,,,,,,,,,,,,,
DMACN-B,gas,stddft,6.58e-08,8.9e-08,3.669,3.232,0.4369999999999998,0.1276,7.082,2.3200000000000013e-08,2.3200000000000013e-08,5.382400000000004e-16,1.5479999999999998e-07,5.8562e-15,-7.18111458540599,-7.050122295963125,1.35258358662614,,,,,,,,,,,,,,,,,,,,,,,,
DMACN-B,toluene,stda,5.21e-08,-2.07e-08,3.718,3.221,0.4969999999999999,0.0502,6.972,-7.28e-08,7.28e-08,5.299840000000001e-15,3.14e-08,-1.07847e-15,-7.282329496997738,-7.681936665037238,-0.3973128598848368,,,,,,,,,,,,,,,,,,,,,,,,
DMACN-B,toluene,stddft,5.08e-08,-1.562e-07,3.648,3.204,0.4439999999999999,0.0425,6.972,-2.0700000000000001e-07,2.0700000000000001e-07,4.2849000000000005e-14,-1.054e-07,-7.93496e-15,-7.293282217663242,-6.806041021980813,-3.0748031496062995,,,,,,,,,,,,,,,,,,,,,,,,
DMBFTX,gas,stda,-8e-10,-1.61e-08,3.502,2.831,0.6709999999999998,0.2056,6.996,-1.5299999999999998e-08,1.5299999999999998e-08,2.340899999999999e-16,-1.69e-08,1.288e-17,-9.045757490560677,-7.790484985457369,20.125,,,,,,,,,,,,,,,,,,,,,,,,
DMBFTX,gas,stddft,-1.58e-08,-3.3e-08,3.384,2.805,0.5789999999999997,0.1529,6.996,-1.72e-08,1.72e-08,2.9583999999999994e-16,-4.88e-08,5.214e-16,-7.798602875679548,-7.480172006224281,2.088607594936709,,,,,,,,,,,,,,,,,,,,,,,,
DMBFTX,toluene,stda,-8.9e-08,-9.73e-08,3.5,2.823,0.677,0.2072,6.997,-8.300000000000002e-09,8.300000000000002e-09,6.889000000000002e-17,-1.8630000000000002e-07,8.6597e-15,-7.050122295963125,-7.011441043121384,1.0932584269662922,,,,,,,,,,,,,,,,,,,,,,,,
DMBFTX,toluene,stddft,7.5e-09,-1.17e-08,3.382,2.795,0.5870000000000002,0.1554,6.997,-1.92e-08,1.92e-08,3.6864e-16,-4.200000000000001e-09,-8.775e-17,-8.119186407719209,-7.928117992693875,-1.5600000000000005,,,,,,,,,,,,,,,,,,,,,,,,
DMDHNP-DPS,gas,stda,-9e-10,-3.51e-08,2.392,2.282,0.1099999999999998,0.0036,6.248,-3.42e-08,3.42e-08,1.1696400000000002e-15,-3.6000000000000005e-08,3.1590000000000005e-17,-9.0,-7.453457336521869,39.00000000000001,,,,,,,,,,,,,,,,,,,,,,,,
DMDHNP-DPS,gas,stddft,5.7e-09,-9.4e-09,2.38,2.279,0.1009999999999999,0.0029,6.248,-1.51e-08,1.51e-08,2.2801e-16,-3.7e-09,-5.358e-17,-8.236572006437063,-8.022276394711152,-1.649122807017544,,,,,,,,,,,,,,,,,,,,,,,,
DMDHNP-DPS,toluene,stda,-2.75e-08,3.11e-08,2.488,2.419,0.0689999999999999,0.0026,6.3020000000000005,5.86e-08,5.86e-08,3.4339600000000007e-15,3.599999999999999e-09,-8.5525e-16,-7.559090917934782,-7.505845405981558,-1.1309090909090909,,,,,,,,,,,,,,,,,,,,,,,,
DMDHNP-DPS,toluene,stddft,-3.06e-08,2.7e-09,2.48,2.417,0.0630000000000001,0.0019,6.3020000000000005,3.33e-08,3.33e-08,1.10889e-15,-2.7900000000000002e-08,-8.262e-17,-7.512861624522813,-8.55284196865778,-0.088235294117647,,,,,,,,,,,,,,,,,,,,,,,,
DMF-AnCN,gas,stda,2.11e-08,3.14e-08,3.191,2.247,0.944,0.6827,6.321,1.0300000000000005e-08,1.0300000000000005e-08,1.0609000000000005e-16,5.25e-08,6.625400000000001e-16,-7.673664139071248,-7.501689446210399,1.4881516587677726,,,,,,,,,,,,,,,,,,,,,,,,
DMF-AnCN,gas,stddft,2.97e-08,-5.68e-08,3.032,2.178,0.8540000000000001,0.4862,6.321,-8.65e-08,8.65e-08,7.48225e-15,-2.71e-08,-1.6869600000000001e-15,-7.525783735923745,-7.244887733604929,-1.9124579124579124,,,,,,,,,,,,,,,,,,,,,,,,
DMF-AnCN,toluene,stda,3.88e-08,6.28e-08,3.19,2.251,0.939,0.6688,6.329000000000001,2.4000000000000013e-08,2.4000000000000013e-08,5.760000000000005e-16,1.0160000000000001e-07,2.43664e-15,-7.410050398674293,-7.201349354554731,1.618556701030928,,,,,,,,,,,,,,,,,,,,,,,,
DMF-AnCN,toluene,stddft,-9.5e-09,-1.12e-07,3.032,2.182,0.8500000000000001,0.4759,6.329000000000001,-1.025e-07,1.025e-07,1.0506249999999999e-14,-1.215e-07,1.0640000000000001e-15,-8.017728766960431,-6.9503943874050265,11.789473684210526,,,,,,,,,,,,,,,,,,,,,,,,
DMIC-TRZ,gas,stda,-4.21e-08,-6e-10,1.615,0.942,0.673,0.2308,4.673,4.15e-08,4.15e-08,1.7222500000000001e-15,-4.27e-08,2.526e-17,-7.374687549038327,-9.154901959985745,0.014251781472684,,,,,,,,,,,,,,,,,,,,,,,,
DMIC-TRZ,gas,stddft,-5.93e-08,-1e-09,1.484,0.765,0.719,0.1464,4.673,5.83e-08,5.83e-08,3.39889e-15,-6.03e-08,5.930000000000001e-17,-7.2262135550188065,-8.958607314841775,0.0168634064080944,,,,,,,,,,,,,,,,,,,,,,,,
DMIC-TRZ,toluene,stda,-7.42e-08,4.96e-08,1.488,0.817,0.671,0.1988,4.568,1.238e-07,1.238e-07,1.5326440000000003e-14,-2.4600000000000002e-08,-3.68032e-15,-7.129011186239425,-7.303643611266668,-0.6684636118598383,,,,,,,,,,,,,,,,,,,,,,,,
DMIC-TRZ,toluene,stddft,-2.96e-08,-3.77e-08,1.354,0.542,0.812,0.1234,4.568,-8.1e-09,8.1e-09,6.561e-17,-6.73e-08,1.11592e-15,-7.527243550682788,-7.422508200162775,1.273648648648649,,,,,,,,,,,,,,,,,,,,,,,,
DMPA,gas,stda,3.09e-08,-3.34e-08,3.212,2.255,0.9570000000000004,0.4693,6.365,-6.43e-08,6.43e-08,4.13449e-15,-2.500000000000002e-09,-1.03206e-15,-7.508638306165727,-7.474955192963154,-1.080906148867314,,,,,,,,,,,,,,,,,,,,,,,,
DMPA,gas,stddft,-1.028e-07,2.2e-08,3.05,2.185,0.8649999999999998,0.3334,6.365,1.248e-07,1.248e-07,1.557504e-14,-8.08e-08,-2.2616e-15,-6.987584625237568,-7.655607726314889,-0.2140077821011673,,,,,,,,,,,,,,,,,,,,,,,,
DMPA,toluene,stda,6.31e-08,5.4e-08,3.223,2.263,0.96,0.4446,6.388000000000001,-9.100000000000002e-09,9.100000000000002e-09,8.281000000000002e-17,1.1710000000000001e-07,3.4074e-15,-7.199282921717615,-7.266802734893431,0.8557844690966719,,,,,,,,,,,,,,,,,,,,,,,,
DMPA,toluene,stddft,1.425e-07,9.43e-08,3.059,2.192,0.867,0.3169,6.388000000000001,-4.8200000000000015e-08,4.8200000000000015e-08,2.323240000000001e-15,2.368e-07,1.3437750000000002e-14,-6.8458804744841535,-7.025028005701931,0.6617543859649122,,,,,,,,,,,,,,,,,,,,,,,,
DMTAC,gas,stda,-2.24e-08,-3.08e-08,3.066,2.403,0.6629999999999998,0.2641,6.188000000000001,-8.399999999999999e-09,8.399999999999999e-09,7.055999999999998e-17,-5.32e-08,6.899199999999999e-16,-7.647817481888637,-7.510041520575165,1.375,,,,,,,,,,,,,,,,,,,,,,,,
DMTAC,gas,stddft,-4.7e-08,3.04e-08,2.994,2.352,0.6420000000000003,0.2378,6.188000000000001,7.739999999999999e-08,7.739999999999999e-08,5.990759999999999e-15,-1.6599999999999996e-08,-1.4288e-15,-7.326979092871104,-7.515700160653214,-0.6468085106382979,,,,,,,,,,,,,,,,,,,,,,,,
DMTAC,toluene,stda,1.37e-08,-3.4e-09,3.12,2.429,0.6910000000000003,0.2668,6.249,-1.71e-08,1.71e-08,2.9241e-16,1.03e-08,-4.658e-17,-7.860120913598763,-8.455931955649724,-0.2481751824817518,,,,,,,,,,,,,,,,,,,,,,,,
DMTAC,toluene,stddft,4.56e-08,1.26e-08,3.046,2.376,0.6699999999999999,0.2524,6.249,-3.3e-08,3.3e-08,1.089e-15,5.82e-08,5.7456e-16,-7.34008379993015,-7.896196279044043,0.2763157894736842,,,,,,,,,,,,,,,,,,,,,,,,
DMeCzIPN,gas,stda,-3.12e-08,1.25e-08,3.521,3.141,0.3799999999999999,0.1763,6.786,4.37e-08,4.37e-08,1.90969e-15,-1.87e-08,-3.9e-16,-7.504455662453552,-7.899629454882437,-0.4006410256410256,,,,,,,,,,,,,,,,,,,,,,,,
DMeCzIPN,gas,stddft,4.27e-08,7.5e-08,3.487,3.126,0.3610000000000002,0.1527,6.786,3.23e-08,3.23e-08,1.0432899999999998e-15,1.177e-07,3.2025e-15,-7.368556230986828,-7.124360062995832,1.756440281030445,,,,,,,,,,,,,,,,,,,,,,,,
DMeCzIPN,toluene,stda,-4e-08,-3.03e-08,3.446,3.07,0.3760000000000003,0.1789,6.703000000000001,9.700000000000001e-09,9.700000000000001e-09,9.409000000000002e-17,-7.03e-08,1.212e-15,-7.396855627379818,-7.517126416391246,0.7575,,,,,,,,,,,,,,,,,,,,,,,,
DMeCzIPN,toluene,stddft,2.81e-08,1.49e-08,3.413,3.055,0.3579999999999996,0.1544,6.703000000000001,-1.32e-08,1.32e-08,1.7424000000000002e-16,4.3e-08,4.1869e-16,-7.549750891680639,-7.823908740944319,0.5302491103202847,,,,,,,,,,,,,,,,,,,,,,,,
DNFPh,gas,stda,-1.69e-07,-5.4e-09,2.98,2.261,0.7189999999999999,0.1005,6.034000000000001,1.6359999999999998e-07,1.6359999999999998e-07,2.6764959999999995e-14,-1.744e-07,9.126e-16,-6.771856392402258,-8.259637310505756,0.0319526627218934,,,,,,,,,,,,,,,,,,,,,,,,
DNFPh,gas,stddft,-1.4e-08,7.88e-08,2.902,2.218,0.6840000000000002,0.0712,6.034000000000001,9.280000000000001e-08,9.280000000000001e-08,8.611840000000002e-15,6.48e-08,-1.1032e-15,-7.85078088734462,-7.102922996790579,-5.628571428571429,,,,,,,,,,,,,,,,,,,,,,,,
DNFPh,toluene,stda,4.2e-09,7.52e-08,2.957,2.192,0.7649999999999997,0.1257,5.954,7.1e-08,7.1e-08,5.041000000000001e-15,7.94e-08,3.1584e-16,-8.366531544420413,-7.1232050237993,17.9047619047619,,,,,,,,,,,,,,,,,,,,,,,,
DNFPh,toluene,stddft,5.47e-08,1.67e-08,2.879,2.139,0.7400000000000002,0.0839,5.954,-3.8e-08,3.8e-08,1.4439999999999998e-15,7.14e-08,9.1349e-16,-7.261219441515631,-7.774690718274137,0.3053016453382084,,,,,,,,,,,,,,,,,,,,,,,,
DPA,gas,stda,-1.84e-08,2.5e-08,3.299,2.247,1.052,0.4198,6.394000000000001,4.34e-08,4.34e-08,1.88356e-15,6.5999999999999995e-09,-4.6e-16,-7.732828271596986,-7.600326278518962,-1.358695652173913,,,,,,,,,,,,,,,,,,,,,,,,
DPA,gas,stddft,3.23e-08,-1.36e-08,3.117,2.174,0.943,0.2968,6.394000000000001,-4.59e-08,4.59e-08,2.10681e-15,1.87e-08,-4.3927999999999996e-16,-7.489454989793388,-7.863279432843593,-0.4210526315789474,,,,,,,,,,,,,,,,,,,,,,,,
DPA,toluene,stda,1.5e-08,2.46e-08,3.317,2.258,1.0590000000000002,0.3993,6.422999999999999,9.6e-09,9.6e-09,9.216e-17,3.96e-08,3.689999999999999e-16,-7.82102305270683,-7.607303046740334,1.64,,,,,,,,,,,,,,,,,,,,,,,,
DPA,toluene,stddft,7.7e-08,-4.14e-08,3.131,2.184,0.9469999999999996,0.2842,6.422999999999999,-1.184e-07,1.184e-07,1.401856e-14,3.56e-08,-3.1878000000000002e-15,-7.112945621949043,-7.3819519032879075,-0.5376623376623376,,,,,,,,,,,,,,,,,,,,,,,,
DPA-DPQ,gas,stda,-9.45e-08,3.74e-08,3.128,2.568,0.56,0.4363,6.495,1.319e-07,1.319e-07,1.739761e-14,-5.7100000000000015e-08,-3.5343e-15,-7.024108863598207,-7.425968732272281,-0.3957671957671957,,,,,,,,,,,,,,,,,,,,,,,,
DPA-DPQ,gas,stddft,-5.34e-08,-3.56e-08,3.052,2.538,0.5140000000000002,0.3657,6.495,1.78e-08,1.78e-08,3.1684000000000004e-16,-8.9e-08,1.9010400000000002e-15,-7.2716462179787715,-7.447331783887806,0.6666666666666666,,,,,,,,,,,,,,,,,,,,,,,,
DPA-DPQ,toluene,stda,-3.97e-08,1.724e-07,3.073,2.502,0.5710000000000002,0.4134,6.429,2.121e-07,2.121e-07,4.498641e-14,1.3270000000000004e-07,-6.84428e-15,-7.400116927926312,-6.763210900590707,-4.342569269521411,,,,,,,,,,,,,,,,,,,,,,,,
DPA-DPQ,toluene,stddft,8.77e-08,1.22e-08,2.993,2.472,0.5209999999999999,0.3431,6.429,-7.55e-08,7.55e-08,5.70025e-15,9.99e-08,1.06994e-15,-7.056505484093898,-7.910094888560602,0.1391106043329532,,,,,,,,,,,,,,,,,,,,,,,,
DPAA,gas,stda,-4.57e-08,-1.099e-07,3.295,2.245,1.0499999999999998,0.4222,6.39,-6.42e-08,6.42e-08,4.1216400000000004e-15,-1.556e-07,5.02243e-15,-7.339134521996131,-6.958607314841775,2.404814004376368,,,,,,,,,,,,,,,,,,,,,,,,
DPAA,gas,stddft,4.47e-08,3.81e-08,3.113,2.172,0.9409999999999998,0.2982,6.39,-6.600000000000006e-09,6.600000000000006e-09,4.356000000000008e-17,8.28e-08,1.70307e-15,-7.348721986001855,-7.4179366370882915,0.8523489932885905,,,,,,,,,,,,,,,,,,,,,,,,
DPAA,toluene,stda,-1.17e-07,5.7e-09,3.315,2.257,1.0579999999999998,0.4014,6.420999999999999,1.227e-07,1.227e-07,1.505529e-14,-1.113e-07,-6.6689999999999995e-16,-6.931443104927637,-8.236572006437063,-0.0487179487179487,,,,,,,,,,,,,,,,,,,,,,,,
DPAA,toluene,stddft,-6.83e-08,-1.2e-08,3.129,2.183,0.9460000000000002,0.2858,6.420999999999999,5.63e-08,5.63e-08,3.1696899999999992e-15,-8.03e-08,8.195999999999999e-16,-7.164943898279883,-7.91721462968355,0.1756954612005856,,,,,,,,,,,,,,,,,,,,,,,,
DPACPhTPI,gas,stda,-2.28e-08,-1.488e-07,3.786,3.4,0.3860000000000001,0.4723,6.485999999999999,-1.2600000000000004e-07,1.2600000000000004e-07,1.5876000000000005e-14,-1.716e-07,3.3926400000000002e-15,-7.640164517660112,-6.827105302247824,6.526315789473685,,,,,,,,,,,,,,,,,,,,,,,,
DPACPhTPI,gas,stddft,3.12e-08,-1.7e-07,3.748,3.372,0.3760000000000003,0.428,6.485999999999999,-2.0120000000000003e-07,2.0120000000000003e-07,4.0481439999999995e-14,-1.388e-07,-5.304e-15,-7.504455662453552,-6.769295686387431,-5.448717948717948,,,,,,,,,,,,,,,,,,,,,,,,
DPACPhTPI,toluene,stda,2.45e-08,4.82e-08,3.768,3.401,0.367,0.4016,6.446,2.37e-08,2.37e-08,5.616900000000002e-16,7.270000000000002e-08,1.1809000000000001e-15,-7.609064892896621,-7.316052869248487,1.9673469387755105,,,,,,,,,,,,,,,,,,,,,,,,
DPACPhTPI,toluene,stddft,4.78e-08,5.67e-08,3.728,3.372,0.3560000000000003,0.3643,6.446,8.9e-09,8.9e-09,7.921000000000001e-17,1.045e-07,2.71026e-15,-7.319664486585437,-7.245651664288981,1.1861924686192469,,,,,,,,,,,,,,,,,,,,,,,,
DPACpBr,gas,stda,-5e-09,1.45e-08,4.106,3.699,0.407,0.2727,7.776,1.9500000000000006e-08,1.9500000000000006e-08,3.802500000000001e-16,9.5e-09,-7.250000000000001e-17,-8.292429823902063,-7.835647144215563,-2.9,,,,,,,,,,,,,,,,,,,,,,,,
DPACpBr,gas,stddft,1.7e-09,-1.62e-08,4.079,3.677,0.4019999999999997,0.2489,7.776,-1.7899999999999998e-08,1.7899999999999998e-08,3.204099999999999e-16,-1.45e-08,-2.7540000000000003e-17,-8.744727494896694,-7.787812395596042,-9.529411764705882,,,,,,,,,,,,,,,,,,,,,,,,
DPACpBr,toluene,stda,-3.54e-08,5.75e-08,4.019,3.541,0.4780000000000002,0.4027,7.721,9.29e-08,9.29e-08,8.630409999999999e-15,2.21e-08,-2.0355e-15,-7.449771646944906,-7.239577516576788,-1.6242937853107344,,,,,,,,,,,,,,,,,,,,,,,,
DPACpBr,toluene,stddft,4.98e-08,-5.6e-09,3.983,3.517,0.4660000000000002,0.3583,7.721,-5.54e-08,5.54e-08,3.06916e-15,4.420000000000001e-08,-2.7888e-16,-7.30189945437661,-8.244125144327509,-0.1124497991967871,,,,,,,,,,,,,,,,,,,,,,,,
DPCN,gas,stda,3.85e-08,3.56e-08,3.841,3.385,0.4560000000000004,0.4592,6.011,-2.8999999999999995e-09,2.8999999999999995e-09,8.409999999999999e-18,7.410000000000002e-08,1.3706e-15,-7.413412695328245,-7.447331783887806,0.9246753246753248,,,,,,,,,,,,,,,,,,,,,,,,
DPCN,gas,stddft,3.67e-08,-2.3e-09,3.806,3.353,0.4529999999999998,0.3997,6.011,-3.9e-08,3.9e-08,1.521e-15,3.44e-08,-8.440999999999999e-17,-7.434152181326482,-8.619788758288394,-0.0626702997275204,,,,,,,,,,,,,,,,,,,,,,,,
DPCN,toluene,stda,-7.3e-09,-2.76e-08,3.834,3.351,0.4830000000000001,0.3121,6.0440000000000005,-2.03e-08,2.03e-08,4.1209e-16,-3.49e-08,2.0148e-16,-8.130768280269024,-7.557520230935552,3.780821917808219,,,,,,,,,,,,,,,,,,,,,,,,
DPCN,toluene,stddft,-8.67e-08,-9.56e-08,3.795,3.319,0.476,0.2849,6.0440000000000005,-8.899999999999994e-09,8.899999999999994e-09,7.920999999999989e-17,-1.823e-07,8.28852e-15,-7.061480274823508,-7.019088062223156,1.1026528258362167,,,,,,,,,,,,,,,,,,,,,,,,
DPE,gas,stda,2.56e-08,-3.35e-08,3.244,2.861,0.383,0.0048,5.793,-5.9100000000000006e-08,5.9100000000000006e-08,3.492810000000001e-15,-7.900000000000001e-09,-8.576000000000002e-16,-7.590066876668706,-7.473660722610156,-1.30859375,,,,,,,,,,,,,,,,,,,,,,,,
DPE,gas,stddft,-5.5e-09,4.93e-08,3.208,2.83,0.3780000000000001,0.0038,5.793,5.48e-08,5.48e-08,3.00304e-15,4.38e-08,-2.7115e-16,-8.2518119729938,-7.306273051076353,-8.963636363636365,,,,,,,,,,,,,,,,,,,,,,,,
DPE,toluene,stda,1.468e-07,5.79e-08,3.234,2.848,0.3860000000000001,0.0102,5.888,-8.889999999999998e-08,8.889999999999998e-08,7.903209999999996e-15,2.047e-07,8.49972e-15,-6.832978204209743,-7.236572006437063,0.3944141689373297,,,,,,,,,,,,,,,,,,,,,,,,
DPE,toluene,stddft,-9.7e-09,4.86e-08,3.198,2.816,0.3820000000000001,0.0102,5.888,5.83e-08,5.83e-08,3.39889e-15,3.89e-08,-4.7142e-16,-8.008773924307505,-7.312471038785365,-5.010309278350515,,,,,,,,,,,,,,,,,,,,,,,,
DPE-DDMAc,gas,stda,5.1e-09,7.1e-09,3.673,3.409,0.2640000000000002,0.1555,6.239,1.9999999999999997e-09,1.9999999999999997e-09,3.9999999999999995e-18,1.22e-08,3.621e-17,-8.2839966563652,-8.142667503568731,1.392156862745098,,,,,,,,,,,,,,,,,,,,,,,,
DPE-DDMAc,gas,stddft,1.97e-08,-1.4e-08,3.67,3.377,0.2930000000000001,0.152,6.239,-3.3700000000000004e-08,3.3700000000000004e-08,1.1356900000000005e-15,5.700000000000001e-09,-2.758e-16,-7.703334809738469,-7.85078088734462,-0.7106598984771573,,,,,,,,,,,,,,,,,,,,,,,,
DPE-DDMAc,toluene,stda,-1.74e-08,1.018e-07,3.793,3.388,0.4050000000000002,0.2336,6.2780000000000005,1.192e-07,1.192e-07,1.420864e-14,8.44e-08,-1.77132e-15,-7.756961951313706,-6.991825815993574,-5.850574712643678,,,,,,,,,,,,,,,,,,,,,,,,
DPE-DDMAc,toluene,stddft,-2.57e-08,-9.9e-08,3.79,3.357,0.4329999999999998,0.2338,6.2780000000000005,-7.33e-08,7.33e-08,5.3728900000000004e-15,-1.247e-07,2.5443e-15,-7.58838029403677,-7.003926345514724,3.852140077821012,,,,,,,,,,,,,,,,,,,,,,,,
DPE-DPXZ,gas,stda,-4.59e-08,-6.2e-09,3.244,2.86,0.3840000000000003,0.0017,5.793,3.97e-08,3.97e-08,1.57609e-15,-5.21e-08,2.8458000000000003e-16,-7.337242168318426,-8.200659450546418,0.1350762527233115,,,,,,,,,,,,,,,,,,,,,,,,
DPE-DPXZ,gas,stddft,-4.83e-08,1.24e-08,3.208,2.829,0.379,0.0016,5.793,6.070000000000002e-08,6.070000000000002e-08,3.684490000000001e-15,-3.5900000000000004e-08,-5.989200000000001e-16,-7.315154638355588,-7.903089986991944,-0.2567287784679088,,,,,,,,,,,,,,,,,,,,,,,,
DPE-DPXZ,toluene,stda,-1.072e-07,9.01e-08,3.226,2.839,0.387,0.003,5.879,1.973e-07,1.973e-07,3.892729e-14,-1.7099999999999988e-08,-9.65872e-15,-6.969400278034049,-7.044793462458058,-0.8404850746268657,,,,,,,,,,,,,,,,,,,,,,,,
DPE-DPXZ,toluene,stddft,-5.23e-08,1.344e-07,3.188,2.807,0.3810000000000002,0.0026,5.879,1.867e-07,1.867e-07,3.485689e-14,8.210000000000001e-08,-7.02912e-15,-7.280668713016273,-6.871277715661573,-2.569789674952199,,,,,,,,,,,,,,,,,,,,,,,,
DPF-AnCN,gas,stda,-1.996e-07,3.48e-08,3.158,2.232,0.9259999999999996,0.7147,6.283,2.344e-07,2.344e-07,5.494335999999999e-14,-1.648e-07,-6.94608e-15,-6.699621935129297,-7.45717457304082,-0.1743486973947896,,,,,,,,,,,,,,,,,,,,,,,,
DPF-AnCN,gas,stddft,-1.516e-07,-2.91e-08,3.003,2.163,0.8400000000000003,0.5128,6.283,1.2250000000000002e-07,1.2250000000000002e-07,1.5006250000000004e-14,-1.807e-07,4.41156e-15,-6.81901441921327,-7.534617148551582,0.191952506596306,,,,,,,,,,,,,,,,,,,,,,,,
DPF-AnCN,toluene,stda,-4.17e-08,-4.76e-08,3.167,2.241,0.9259999999999996,0.7018,6.297000000000001,-5.9e-09,5.9e-09,3.481e-17,-8.930000000000001e-08,1.9849200000000003e-15,-7.378823718224964,-7.321481620959886,1.1414868105515588,,,,,,,,,,,,,,,,,,,,,,,,
DPF-AnCN,toluene,stddft,2.97e-08,-1.38e-08,3.013,2.172,0.8409999999999997,0.5026,6.297000000000001,-4.35e-08,4.35e-08,1.89225e-15,1.5900000000000003e-08,-4.0986e-16,-7.525783735923745,-7.856985199745905,-0.4646464646464646,,,,,,,,,,,,,,,,,,,,,,,,
DPFPhe,gas,stda,-2.12e-08,5.33e-08,3.122,2.391,0.7309999999999999,0.1466,6.151,7.45e-08,7.45e-08,5.55025e-15,3.21e-08,-1.1299600000000001e-15,-7.671620396561262,-7.272458742971444,-2.5141509433962264,,,,,,,,,,,,,,,,,,,,,,,,
DPFPhe,gas,stddft,8e-09,1.95e-08,3.044,2.334,0.71,0.1057,6.151,1.15e-08,1.15e-08,1.3224999999999998e-16,2.75e-08,1.56e-16,-8.09151498112135,-7.707743928643524,2.4375,,,,,,,,,,,,,,,,,,,,,,,,
DPFPhe,toluene,stda,-3.32e-08,1.55e-08,3.173,2.476,0.6970000000000001,0.1917,6.228000000000001,4.87e-08,4.87e-08,2.37169e-15,-1.77e-08,-5.146e-16,-7.47755576649368,-7.806875401645538,-0.466867469879518,,,,,,,,,,,,,,,,,,,,,,,,
DPFPhe,toluene,stddft,7.69e-08,-1.95e-08,3.095,2.427,0.6680000000000001,0.1436,6.228000000000001,-9.64e-08,9.64e-08,9.292959999999998e-15,5.74e-08,-1.49955e-15,-7.113509274827519,-7.707743928643524,-0.2535760728218466,,,,,,,,,,,,,,,,,,,,,,,,
DPIBPZ-DPXZ,gas,stda,2.49e-08,3.17e-08,2.761,2.497,0.2640000000000002,0.691,4.584000000000001,6.799999999999998e-09,6.799999999999998e-09,4.6239999999999976e-17,5.6600000000000004e-08,7.8933e-16,-7.602059991327962,-7.497572880015567,1.2730923694779115,,,,,,,,,,,,,,,,,,,,,,,,
DPIBPZ-DPXZ,gas,stddft,-1.2e-08,-1.49e-08,2.739,2.486,0.2529999999999996,0.6258,4.584000000000001,-2.8999999999999995e-09,2.8999999999999995e-09,8.409999999999999e-18,-2.69e-08,1.788e-16,-7.91721462968355,-7.823908740944319,1.2416666666666667,,,,,,,,,,,,,,,,,,,,,,,,
DPIBPZ-DPXZ,toluene,stda,1.05e-08,-1.19e-08,2.781,2.531,0.25,0.6499,4.549999999999999,-2.24e-08,2.24e-08,5.017600000000001e-16,-1.400000000000001e-09,-1.2495e-16,-7.97469413473523,-7.920818753952375,-1.1333333333333335,,,,,,,,,,,,,,,,,,,,,,,,
DPIBPZ-DPXZ,toluene,stddft,4.1e-08,1.9e-09,2.761,2.521,0.2400000000000002,0.5936,4.549999999999999,-3.9100000000000006e-08,3.9100000000000006e-08,1.5288100000000005e-15,4.29e-08,7.79e-17,-7.386158178123931,-8.698970004336019,0.0463414634146341,,,,,,,,,,,,,,,,,,,,,,,,
DPNC,gas,stda,4.05e-08,-8.98e-08,3.166,2.714,0.4519999999999999,0.086,5.64,-1.303e-07,1.303e-07,1.6978089999999994e-14,-4.93e-08,-3.6369e-15,-7.391473966422806,-7.046240308266771,-2.217283950617284,,,,,,,,,,,,,,,,,,,,,,,,
DPNC,gas,stddft,1.71e-08,-4.46e-08,3.09,2.693,0.3969999999999998,0.0666,5.64,-6.17e-08,6.17e-08,3.806890000000001e-15,-2.75e-08,-7.6266000000000015e-16,-7.764471553092451,-7.349692476868063,-2.608187134502924,,,,,,,,,,,,,,,,,,,,,,,,
DPNC,toluene,stda,2.95e-08,-1.03e-08,3.178,2.717,0.4609999999999998,0.084,5.688,-3.98e-08,3.98e-08,1.58404e-15,1.92e-08,-3.0385e-16,-7.528708288941061,-7.982966660701219,-0.3491525423728813,,,,,,,,,,,,,,,,,,,,,,,,
DPNC,toluene,stddft,6e-09,-2e-08,3.1,2.696,0.4039999999999999,0.0647,5.688,-2.6e-08,2.6e-08,6.76e-16,-1.4e-08,-1.2e-16,-8.214670164989233,-7.696803942579511,-3.333333333333333,,,,,,,,,,,,,,,,,,,,,,,,
DPP-PXZ,gas,stda,6.23e-08,-2.38e-08,2.182,1.927,0.2549999999999999,0.213,4.948,-8.61e-08,8.61e-08,7.41321e-15,3.85e-08,-1.48274e-15,-7.204815410317576,-7.621602099051862,-0.3820224719101124,,,,,,,,,,,,,,,,,,,,,,,,
DPP-PXZ,gas,stddft,-7.3e-09,-3.06e-08,2.152,1.914,0.2380000000000002,0.1856,4.948,-2.3300000000000003e-08,2.3300000000000003e-08,5.428900000000001e-16,-3.79e-08,2.2338000000000004e-16,-8.130768280269024,-7.512861624522813,4.191780821917809,,,,,,,,,,,,,,,,,,,,,,,,
DPP-PXZ,toluene,stda,2.55e-08,5.11e-08,2.097,1.817,0.28,0.2248,4.893000000000001,2.56e-08,2.56e-08,6.553600000000002e-16,7.66e-08,1.30305e-15,-7.591760034688151,-7.29073003902417,2.003921568627451,,,,,,,,,,,,,,,,,,,,,,,,
DPP-PXZ,toluene,stddft,-2.09e-08,-1.22e-08,2.063,1.803,0.2600000000000002,0.193,4.893000000000001,8.699999999999998e-09,8.699999999999998e-09,7.568999999999998e-17,-3.31e-08,2.5498e-16,-7.67778070526608,-7.910094888560602,0.583732057416268,,,,,,,,,,,,,,,,,,,,,,,,
DPPP,gas,stda,6.1e-09,-1.08e-08,3.401,2.584,0.8169999999999997,0.6211,6.382000000000001,-1.69e-08,1.69e-08,2.8560999999999997e-16,-4.700000000000001e-09,-6.588000000000001e-17,-8.207608310501746,-7.962573502059376,-1.7704918032786887,,,,,,,,,,,,,,,,,,,,,,,,
DPPP,gas,stddft,-8.52e-08,-3.17e-08,3.296,2.52,0.7759999999999998,0.4896,6.382000000000001,5.35e-08,5.35e-08,2.8622499999999995e-15,-1.169e-07,2.70084e-15,-7.069050968832477,-7.497572880015567,0.3720657276995305,,,,,,,,,,,,,,,,,,,,,,,,
DPPP,toluene,stda,9.1e-09,-6.5e-09,3.469,2.615,0.8539999999999996,0.6848,6.432,-1.56e-08,1.56e-08,2.4336e-16,2.6e-09,-5.915000000000001e-17,-8.036212172654444,-8.18045606445813,-0.7142857142857143,,,,,,,,,,,,,,,,,,,,,,,,
DPPP,toluene,stddft,-5.66e-08,2.94e-08,3.361,2.55,0.8110000000000004,0.5443,6.432,8.6e-08,8.6e-08,7.396000000000001e-15,-2.72e-08,-1.66404e-15,-7.246416941107094,-7.530177984021837,-0.519434628975265,,,,,,,,,,,,,,,,,,,,,,,,
DPPSPF,gas,stda,5.51e-08,-4.48e-08,4.401,3.661,0.7399999999999998,1.3068,7.81,-9.990000000000001e-08,9.990000000000001e-08,9.980009999999995e-15,1.03e-08,-2.46848e-15,-7.2580609222708015,-7.347753658996677,-0.8130671506352087,,,,,,,,,,,,,,,,,,,,,,,,
DPPSPF,gas,stddft,1.149e-07,-7.7e-09,4.344,3.624,0.7200000000000002,1.1486,7.81,-1.226e-07,1.226e-07,1.503076e-14,1.0720000000000001e-07,-8.8473e-16,-6.939302159646388,-8.10790539730952,-0.0670147954743255,,,,,,,,,,,,,,,,,,,,,,,,
DPPSPF,toluene,stda,-2.13e-08,6.77e-08,4.376,3.646,0.7300000000000004,1.299,7.767,8.9e-08,8.9e-08,7.921e-15,4.640000000000001e-08,-1.44201e-15,-7.669586226650809,-7.168770306132937,-3.178403755868545,,,,,,,,,,,,,,,,,,,,,,,,
DPPSPF,toluene,stddft,-2.65e-08,-2.53e-08,4.319,3.61,0.7090000000000001,1.141,7.767,1.1999999999999975e-09,1.1999999999999975e-09,1.439999999999994e-18,-5.18e-08,6.7045e-16,-7.575118363368933,-7.595166283380061,0.9547169811320756,,,,,,,,,,,,,,,,,,,,,,,,
DPQ-DMAC,gas,stda,5.7e-09,2.7e-09,3.123,3.0,0.1230000000000002,0.1196,5.558999999999999,-2.9999999999999996e-09,2.9999999999999996e-09,8.999999999999997e-18,8.399999999999999e-09,1.539e-17,-8.236572006437063,-8.55284196865778,0.4736842105263158,,,,,,,,,,,,,,,,,,,,,,,,
DPQ-DMAC,gas,stddft,4e-09,-2.9e-08,3.114,2.99,0.1239999999999996,0.1149,5.558999999999999,-3.3000000000000004e-08,3.3000000000000004e-08,1.0890000000000005e-15,-2.5e-08,-1.16e-16,-8.387216143280265,-7.536107011014093,-7.25,,,,,,,,,,,,,,,,,,,,,,,,
DPQ-DMAC,toluene,stda,-9e-09,-3.23e-08,3.018,2.906,0.1119999999999996,0.1098,5.450000000000001,-2.33e-08,2.33e-08,5.428899999999998e-16,-4.13e-08,2.9069999999999997e-16,-8.040958607678906,-7.489454989793388,3.588888888888889,,,,,,,,,,,,,,,,,,,,,,,,
DPQ-DMAC,toluene,stddft,-2.56e-08,1.57e-08,3.009,2.898,0.1109999999999997,0.1047,5.450000000000001,4.1300000000000006e-08,4.1300000000000006e-08,1.7056900000000005e-15,-9.9e-09,-4.0192000000000013e-16,-7.590066876668706,-7.801342913045577,-0.61328125,,,,,,,,,,,,,,,,,,,,,,,,
DPQ-PXZ,gas,stda,2.47e-08,2.01e-08,2.607,2.397,0.2100000000000004,0.2189,5.142999999999999,-4.599999999999998e-09,4.599999999999998e-09,2.1159999999999986e-17,4.48e-08,4.964700000000002e-16,-7.605548319173784,-7.694648630553377,0.8137651821862348,,,,,,,,,,,,,,,,,,,,,,,,
DPQ-PXZ,gas,stddft,3.68e-08,1.5e-09,2.587,2.386,0.201,0.1978,5.142999999999999,-3.53e-08,3.53e-08,1.24609e-15,3.83e-08,5.52e-17,-7.432973633840939,-8.795880017344075,0.0407608695652173,,,,,,,,,,,,,,,,,,,,,,,,
DPQ-PXZ,toluene,stda,1.6e-08,2.6e-08,2.558,2.336,0.2219999999999999,0.2233,5.127000000000001,1e-08,1e-08,1e-16,4.2000000000000006e-08,4.1600000000000005e-16,-7.79317412396815,-7.583359492661719,1.625,,,,,,,,,,,,,,,,,,,,,,,,
DPQ-PXZ,toluene,stddft,-1.59e-08,3.34e-08,2.536,2.325,0.2109999999999998,0.201,5.127000000000001,4.93e-08,4.93e-08,2.43049e-15,1.75e-08,-5.3106e-16,-7.795880017344075,-7.474955192963154,-2.10062893081761,,,,,,,,,,,,,,,,,,,,,,,,
DPS-PXZ,gas,stda,1.32e-08,-1.165e-07,3.356,2.978,0.3779999999999996,0.0389,6.183000000000001,-1.297e-07,1.297e-07,1.682209e-14,-1.033e-07,-1.5378e-15,-7.876148359032914,-6.933301449577005,-8.825757575757576,,,,,,,,,,,,,,,,,,,,,,,,
DPS-PXZ,gas,stddft,1.327e-07,6.04e-08,3.323,2.949,0.3740000000000001,0.0255,6.183000000000001,-7.229999999999999e-08,7.229999999999999e-08,5.227289999999999e-15,1.931e-07,8.01508e-15,-6.876801924968001,-7.218244625347531,0.455162019593067,,,,,,,,,,,,,,,,,,,,,,,,
DPS-PXZ,toluene,stda,-5.18e-08,6.61e-08,3.287,2.901,0.3860000000000001,0.0049,6.555999999999999,1.179e-07,1.179e-07,1.390041e-14,1.4300000000000002e-08,-3.42398e-15,-7.284832642151542,-7.1791420105603,-1.276061776061776,,,,,,,,,,,,,,,,,,,,,,,,
DPS-PXZ,toluene,stddft,-2.02e-08,-1.049e-07,3.251,2.871,0.3799999999999999,0.0038,6.555999999999999,-8.470000000000001e-08,8.470000000000001e-08,7.174090000000001e-15,-1.251e-07,2.11898e-15,-7.692503962086787,-6.978810700930062,5.193069306930694,,,,,,,,,,,,,,,,,,,,,,,,
DPTPEA,gas,stda,7.53e-08,4.05e-08,3.525,2.954,0.5709999999999997,0.8389,6.316999999999999,-3.4800000000000014e-08,3.4800000000000014e-08,1.2110400000000004e-15,1.158e-07,3.04965e-15,-7.122628654130226,-7.391473966422806,0.5378486055776892,,,,,,,,,,,,,,,,,,,,,,,,
DPTPEA,gas,stddft,4.56e-08,5.19e-08,3.492,2.92,0.5720000000000001,0.7389,6.316999999999999,6.3000000000000035e-09,6.3000000000000035e-09,3.969000000000004e-17,9.75e-08,2.36664e-15,-7.34008379993015,-7.2839966563652,1.1381578947368425,,,,,,,,,,,,,,,,,,,,,,,,
DPTPEA,toluene,stda,5.16e-08,1.11e-08,3.544,2.973,0.5710000000000002,0.8957,6.329,-4.05e-08,4.05e-08,1.64025e-15,6.27e-08,5.7276e-16,-7.286509456906058,-7.950781977329818,0.2151162790697674,,,,,,,,,,,,,,,,,,,,,,,,
DPTPEA,toluene,stddft,3.6e-08,-4.4e-08,3.511,2.939,0.5720000000000001,0.7904,6.329,-8e-08,8e-08,6.400000000000001e-15,-7.999999999999999e-09,-1.584e-15,-7.442492798094342,-7.355561410532162,-1.222222222222222,,,,,,,,,,,,,,,,,,,,,,,,
DPVBi,gas,stda,8.53e-08,-7.59e-08,3.799,3.15,0.649,2.2841,6.939000000000001,-1.612e-07,1.612e-07,2.598544e-14,9.400000000000005e-09,-6.47427e-15,-7.068542129310995,-7.119186407719209,-0.8898007033997655,,,,,,,,,,,,,,,,,,,,,,,,
DPVBi,gas,stddft,8.55e-08,-3.73e-08,3.768,3.108,0.6599999999999997,2.0268,6.939000000000001,-1.2280000000000001e-07,1.2280000000000001e-07,1.5079840000000004e-14,4.82e-08,-3.189150000000001e-15,-7.067526235322847,-7.42712839779952,-0.4362573099415204,,,,,,,,,,,,,,,,,,,,,,,,
DPVBi,toluene,stda,6.21e-08,-2.13e-08,3.816,3.173,0.6429999999999998,2.2666,6.963000000000001,-8.339999999999999e-08,8.339999999999999e-08,6.955559999999999e-15,4.08e-08,-1.3227299999999997e-15,-7.206209615309182,-7.669586226650809,-0.3429951690821256,,,,,,,,,,,,,,,,,,,,,,,,
DPVBi,toluene,stddft,9.98e-08,2.61e-08,3.786,3.131,0.6550000000000002,2.0138,6.963000000000001,-7.369999999999999e-08,7.369999999999999e-08,5.431689999999999e-15,1.2589999999999998e-07,2.60478e-15,-7.000434511774018,-7.581698708680254,0.2615230460921843,,,,,,,,,,,,,,,,,,,,,,,,
DPXZ-DPPM,gas,stda,-1.64e-08,4.3e-09,2.886,2.62,0.266,0.5928,4.632999999999999,2.07e-08,2.07e-08,4.2849e-16,-1.2100000000000002e-08,-7.052e-17,-7.782516055786093,-8.356547323513812,-0.2621951219512194,,,,,,,,,,,,,,,,,,,,,,,,
DPXZ-DPPM,gas,stddft,2.45e-08,-6.11e-08,2.865,2.609,0.2560000000000002,0.5385,4.632999999999999,-8.56e-08,8.56e-08,7.32736e-15,-3.66e-08,-1.49695e-15,-7.609064892896621,-7.213248577854439,-2.493877551020408,,,,,,,,,,,,,,,,,,,,,,,,
DPXZ-DPPM,toluene,stda,3.01e-08,1.49e-08,2.863,2.61,0.2530000000000001,0.5468,4.539999999999999,-1.5199999999999997e-08,1.5199999999999997e-08,2.310399999999999e-16,4.5e-08,4.484899999999999e-16,-7.519993057042849,-7.823908740944319,0.4950166112956811,,,,,,,,,,,,,,,,,,,,,,,,
DPXZ-DPPM,toluene,stddft,-1.63e-08,2.06e-08,2.844,2.599,0.2449999999999996,0.503,4.539999999999999,3.69e-08,3.69e-08,1.36161e-15,4.299999999999999e-09,-3.3578e-16,-7.785156151952302,-7.684029654543083,-1.263803680981595,,,,,,,,,,,,,,,,,,,,,,,,
DPhBCz,gas,stda,-2.17e-08,5.13e-08,3.856,3.376,0.48,0.3578,7.317,7.3e-08,7.3e-08,5.3290000000000004e-15,2.9600000000000004e-08,-1.11321e-15,-7.661543506395395,-7.289036881004725,-2.364055299539171,,,,,,,,,,,,,,,,,,,,,,,,
DPhBCz,gas,stddft,-3.02e-08,2.35e-08,3.788,3.354,0.4339999999999997,0.2919,7.317,5.37e-08,5.37e-08,2.88369e-15,-6.7e-09,-7.097e-16,-7.518557371497695,-7.627087997029894,-0.7781456953642384,,,,,,,,,,,,,,,,,,,,,,,,
DPhBCz,toluene,stda,1.53e-08,5.56e-08,3.842,3.353,0.4889999999999999,0.1979,7.308,4.03e-08,4.03e-08,1.6240899999999997e-15,7.09e-08,8.5068e-16,-7.812479279163536,-7.254144804826271,3.633986928104575,,,,,,,,,,,,,,,,,,,,,,,,
DPhBCz,toluene,stddft,4.2e-08,9.7e-09,3.771,3.33,0.4409999999999998,0.1095,7.308,-3.23e-08,3.23e-08,1.0432899999999998e-15,5.17e-08,4.0739999999999997e-16,-7.375717904164332,-8.008773924307505,0.2309523809523809,,,,,,,,,,,,,,,,,,,,,,,,
DPimdPPA,gas,stda,-8.7e-09,1.072e-07,3.451,2.703,0.7480000000000002,2.2043,6.090999999999999,1.159e-07,1.159e-07,1.343281e-14,9.85e-08,-9.3264e-16,-8.05551732784983,-6.969400278034049,-12.32183908045977,,,,,,,,,,,,,,,,,,,,,,,,
DPimdPPA,gas,stddft,-6.62e-08,-2.02e-08,3.395,2.658,0.7370000000000001,1.8731,6.090999999999999,4.6e-08,4.6e-08,2.116e-15,-8.639999999999999e-08,1.3372399999999998e-15,-7.178486471595227,-7.692503962086787,0.3051359516616314,,,,,,,,,,,,,,,,,,,,,,,,
DPimdPPA,toluene,stda,-8.01e-08,6.7e-09,3.431,2.683,0.7480000000000002,2.1837,6.042999999999999,8.68e-08,8.68e-08,7.534239999999999e-15,-7.34e-08,-5.366699999999999e-16,-7.095825631715837,-8.167491087293763,-0.0836454431960049,,,,,,,,,,,,,,,,,,,,,,,,
DPimdPPA,toluene,stddft,8.17e-08,-4.53e-08,3.373,2.638,0.7350000000000003,1.8528,6.042999999999999,-1.27e-07,1.27e-07,1.6129000000000003e-14,3.64e-08,-3.70101e-15,-7.087246696328677,-7.342944147142896,-0.554467564259486,,,,,,,,,,,,,,,,,,,,,,,,
DQP,gas,stda,7e-10,-7.31e-08,3.262,3.202,0.06,0.0,7.276,-7.38e-08,7.38e-08,5.44644e-15,-7.24e-08,-5.117e-17,-9.096910013008056,-7.135488918941608,-104.42857142857144,,,,,,,,,,,,,,,,,,,,,,,,
DQP,gas,stddft,2.2e-09,-1.044e-07,3.261,3.138,0.1230000000000002,0.0,7.276,-1.0660000000000001e-07,1.0660000000000001e-07,1.1363559999999998e-14,-1.022e-07,-2.2967999999999997e-16,-8.638272163982407,-6.980883709552927,-47.45454545454545,,,,,,,,,,,,,,,,,,,,,,,,
DQP,toluene,stda,7e-10,3.19e-08,3.243,3.197,0.0459999999999998,0.0,7.2730000000000015,3.12e-08,3.12e-08,9.7344e-16,3.26e-08,2.233e-17,-9.096910013008056,-7.494850021680094,45.57142857142858,,,,,,,,,,,,,,,,,,,,,,,,
DQP,toluene,stddft,-1e-10,-8e-09,3.242,3.133,0.1089999999999999,0.0,7.2730000000000015,-7.900000000000001e-09,7.900000000000001e-09,6.241000000000001e-17,-8.1e-09,8.000000000000002e-19,-9.69897000433602,-8.09151498112135,80.0,,,,,,,,,,,,,,,,,,,,,,,,
DTPCZPYTZ,gas,stda,1.86e-08,1.767e-07,3.616,2.718,0.8980000000000001,1.7381,6.053000000000001,1.581e-07,1.581e-07,2.499561e-14,1.953e-07,3.28662e-15,-7.728158393463501,-6.752517739322946,9.499999999999998,,,,,,,,,,,,,,,,,,,,,,,,
DTPCZPYTZ,gas,stddft,9.28e-08,3.05e-08,3.53,2.655,0.875,1.461,6.053000000000001,-6.23e-08,6.23e-08,3.88129e-15,1.233e-07,2.8304e-15,-7.031984286006359,-7.51427857351842,0.3286637931034483,,,,,,,,,,,,,,,,,,,,,,,,
DTPCZPYTZ,toluene,stda,6.11e-08,-2.98e-08,3.617,2.716,0.9009999999999998,1.6789,6.043000000000001,-9.09e-08,9.09e-08,8.26281e-15,3.13e-08,-1.82078e-15,-7.213248577854439,-7.52432881167557,-0.4877250409165303,,,,,,,,,,,,,,,,,,,,,,,,
DTPCZPYTZ,toluene,stddft,-2.1e-08,1.018e-07,3.529,2.653,0.8759999999999999,1.4083,6.043000000000001,1.228e-07,1.228e-07,1.5079839999999998e-14,8.08e-08,-2.1378e-15,-7.675717544702307,-6.991825815993574,-4.847619047619047,,,,,,,,,,,,,,,,,,,,,,,,
DTPCZTZ,gas,stda,1.6e-08,-1.102e-07,3.886,3.472,0.4140000000000001,0.2295,6.87,-1.262e-07,1.262e-07,1.5926440000000002e-14,-9.42e-08,-1.7632e-15,-7.79317412396815,-6.957424487559809,-6.887499999999999,,,,,,,,,,,,,,,,,,,,,,,,
DTPCZTZ,gas,stddft,-7.65e-08,-5.14e-08,3.822,3.449,0.3730000000000002,0.1862,6.87,2.510000000000001e-08,2.510000000000001e-08,6.3001000000000045e-16,-1.279e-07,3.9321e-15,-7.115771230367396,-7.288192770958809,0.6718954248366013,,,,,,,,,,,,,,,,,,,,,,,,
DTPCZTZ,toluene,stda,8.11e-08,-1.012e-07,3.869,3.442,0.427,0.2014,6.866,-1.823e-07,1.823e-07,3.323329e-14,-2.01e-08,-8.207320000000002e-15,-7.090443970758825,-6.994390554639719,-1.247842170160296,,,,,,,,,,,,,,,,,,,,,,,,
DTPCZTZ,toluene,stddft,-1.8e-08,9e-09,3.803,3.419,0.3839999999999999,0.1644,6.866,2.7e-08,2.7e-08,7.289999999999998e-16,-9e-09,-1.62e-16,-7.742321425130815,-8.040958607678906,-0.5,,,,,,,,,,,,,,,,,,,,,,,,
DTPTCzDP-CN,gas,stda,-4.56e-08,-1e-10,3.259,2.844,0.415,0.5877,5.453,4.55e-08,4.55e-08,2.07025e-15,-4.57e-08,4.56e-18,-7.34008379993015,-9.69897000433602,0.0021929824561403,,,,,,,,,,,,,,,,,,,,,,,,
DTPTCzDP-CN,gas,stddft,1.44e-08,1.46e-08,3.2,2.825,0.375,0.4212,5.453,2.000000000000001e-10,2.000000000000001e-10,4.000000000000005e-20,2.9e-08,2.1024e-16,-7.838631997765025,-7.832682665251823,1.0138888888888888,,,,,,,,,,,,,,,,,,,,,,,,
DTPTCzDP-CN,toluene,stda,-3.65e-08,-7.78e-08,3.187,2.784,0.403,0.7834,5.404,-4.129999999999999e-08,4.129999999999999e-08,1.7056899999999993e-15,-1.143e-07,2.8397e-15,-7.436518914605589,-7.108462542327436,2.1315068493150684,,,,,,,,,,,,,,,,,,,,,,,,
DTPTCzDP-CN,toluene,stddft,1.92e-08,-2.41e-08,3.139,2.767,0.3719999999999999,0.6162,5.404,-4.33e-08,4.33e-08,1.87489e-15,-4.900000000000001e-09,-4.627200000000002e-16,-7.714442690992226,-7.616184634019569,-1.2552083333333337,,,,,,,,,,,,,,,,,,,,,,,,
DTRZSFX,gas,stda,-4.89e-08,-7.9e-09,3.964,3.343,0.621,2.0212,6.664,4.1e-08,4.1e-08,1.6810000000000005e-15,-5.68e-08,3.8631e-16,-7.309803919971486,-8.096910013008056,0.1615541922290388,,,,,,,,,,,,,,,,,,,,,,,,
DTRZSFX,gas,stddft,-1.653e-07,-2e-10,3.918,3.306,0.6120000000000001,1.7892,6.664,1.6510000000000004e-07,1.6510000000000004e-07,2.7258010000000004e-14,-1.655e-07,3.306e-17,-6.781464494783472,-9.522878745280336,0.0012099213551119,,,,,,,,,,,,,,,,,,,,,,,,
DTRZSFX,toluene,stda,3.66e-08,-3.34e-08,3.954,3.335,0.6190000000000002,2.0049,6.673,-6.999999999999999e-08,6.999999999999999e-08,4.899999999999999e-15,3.1999999999999956e-09,-1.22244e-15,-7.435333935747911,-7.474955192963154,-0.9125683060109292,,,,,,,,,,,,,,,,,,,,,,,,
DTRZSFX,toluene,stddft,-2.54e-08,3.12e-08,3.908,3.298,0.6099999999999999,1.7749,6.673,5.6600000000000004e-08,5.6600000000000004e-08,3.2035600000000003e-15,5.800000000000002e-09,-7.9248e-16,-7.5934598195660445,-7.504455662453552,-1.2283464566929134,,,,,,,,,,,,,,,,,,,,,,,,
DTXO-TPA2,gas,stda,-1.234e-07,1.293e-07,3.295,2.783,0.512,0.3982,6.5440000000000005,2.527000000000001e-07,2.527000000000001e-07,6.385729000000001e-14,5.899999999999993e-09,-1.5955620000000002e-14,-6.9083330424043154,-6.888065723667318,-1.0478119935170178,,,,,,,,,,,,,,,,,,,,,,,,
DTXO-TPA2,gas,stddft,4.39e-08,7.4e-09,3.258,2.75,0.508,0.3453,6.5440000000000005,-3.65e-08,3.65e-08,1.3322500000000001e-15,5.13e-08,3.2486e-16,-7.356547323513812,-8.1249387366083,0.1685649202733485,,,,,,,,,,,,,,,,,,,,,,,,
DTXO-TPA2,toluene,stda,1.27e-08,-4.62e-08,3.269,2.776,0.4930000000000003,0.5929,6.51,-5.89e-08,5.89e-08,3.46921e-15,-3.35e-08,-5.867399999999999e-16,-7.892790030352132,-7.334419008982047,-3.637795275590551,,,,,,,,,,,,,,,,,,,,,,,,
DTXO-TPA2,toluene,stddft,-1.73e-08,-1.61e-08,3.233,2.744,0.4889999999999999,0.5136,6.51,1.2000000000000006e-09,1.2000000000000006e-09,1.4400000000000022e-18,-3.3399999999999995e-08,2.7852999999999996e-16,-7.7594507517174,-7.790484985457369,0.9306358381502888,,,,,,,,,,,,,,,,,,,,,,,,
DV-3CzCN,gas,stda,7.07e-08,9.5e-09,3.763,3.409,0.3540000000000001,0.6103,6.888,-6.12e-08,6.12e-08,3.74544e-15,8.02e-08,6.716500000000001e-16,-7.149966742310231,-8.017728766960431,0.1343705799151343,,,,,,,,,,,,,,,,,,,,,,,,
DV-3CzCN,gas,stddft,2.43e-08,1.2e-09,3.729,3.389,0.3400000000000003,0.54,6.888,-2.31e-08,2.31e-08,5.336099999999999e-16,2.55e-08,2.916e-17,-7.61261017366127,-8.886056647693163,0.0493827160493827,,,,,,,,,,,,,,,,,,,,,,,,
DV-3CzCN,toluene,stda,-3.48e-08,-7.88e-08,3.802,3.341,0.4609999999999998,0.1914,6.906999999999999,-4.4000000000000004e-08,4.4000000000000004e-08,1.9360000000000003e-15,-1.1360000000000001e-07,2.74224e-15,-7.45717457304082,-7.102922996790579,2.264367816091954,,,,,,,,,,,,,,,,,,,,,,,,
DV-3CzCN,toluene,stddft,-2.57e-08,1.267e-07,3.771,3.318,0.4529999999999998,0.1651,6.906999999999999,1.524e-07,1.524e-07,2.322576e-14,1.01e-07,-3.2561899999999998e-15,-7.58838029403677,-6.896880746454286,-4.929961089494164,,,,,,,,,,,,,,,,,,,,,,,,
DVCz-2CzCN,gas,stda,5.22e-08,-3.2e-08,3.874,3.484,0.3900000000000001,0.2601,6.931,-8.42e-08,8.42e-08,7.08964e-15,2.02e-08,-1.6704e-15,-7.281498311132726,-7.493494967595128,-0.6130268199233717,,,,,,,,,,,,,,,,,,,,,,,,
DVCz-2CzCN,gas,stddft,2.53e-08,8.76e-08,3.815,3.461,0.3540000000000001,0.1923,6.931,6.23e-08,6.23e-08,3.88129e-15,1.1290000000000001e-07,2.21628e-15,-7.595166283380061,-7.05700040663396,3.4624505928853755,,,,,,,,,,,,,,,,,,,,,,,,
DVCz-2CzCN,toluene,stda,-1.35e-08,7.27e-08,3.77,3.436,0.3340000000000001,0.2968,6.949999999999999,8.619999999999999e-08,8.619999999999999e-08,7.430439999999998e-15,5.92e-08,-9.8145e-16,-7.866461091629782,-7.137868620686963,-5.385185185185184,,,,,,,,,,,,,,,,,,,,,,,,
DVCz-2CzCN,toluene,stddft,9.75e-08,-5.38e-08,3.734,3.414,0.3199999999999998,0.1006,6.949999999999999,-1.513e-07,1.513e-07,2.2891690000000003e-14,4.3700000000000014e-08,-5.245500000000001e-15,-7.010550182333308,-7.268411234813262,-0.5517948717948717,,,,,,,,,,,,,,,,,,,,,,,,
DiCz-Sac,gas,stda,-2.29e-08,8.32e-08,3.69,3.361,0.3289999999999997,0.1753,6.995000000000001,1.061e-07,1.061e-07,1.125721e-14,6.03e-08,-1.90528e-15,-7.638272163982407,-7.079354998593212,-3.633187772925764,,,,,,,,,,,,,,,,,,,,,,,,
DiCz-Sac,gas,stddft,-3.31e-08,1.98e-08,3.656,3.34,0.3160000000000003,0.1524,6.995000000000001,5.29e-08,5.29e-08,2.79841e-15,-1.33e-08,-6.553799999999999e-16,-7.478861916295964,-7.701146923590294,-0.5981873111782477,,,,,,,,,,,,,,,,,,,,,,,,
DiCz-Sac,toluene,stda,2.7e-09,-5.16e-08,3.596,3.242,0.3540000000000001,0.2206,6.845999999999999,-5.43e-08,5.43e-08,2.9484899999999995e-15,-4.89e-08,-1.3932e-16,-8.55284196865778,-7.286509456906058,-19.11111111111111,,,,,,,,,,,,,,,,,,,,,,,,
DiCz-Sac,toluene,stddft,1.87e-08,4.78e-08,3.56,3.222,0.3380000000000001,0.1938,6.845999999999999,2.91e-08,2.91e-08,8.468099999999999e-16,6.649999999999999e-08,8.938599999999999e-16,-7.72584215073632,-7.319664486585437,2.556149732620321,,,,,,,,,,,,,,,,,,,,,,,,
Diphenylsulfane,gas,stda,-6.7e-09,1.019e-07,4.318,4.14,0.1779999999999999,0.0013,7.909000000000001,1.086e-07,1.086e-07,1.179396e-14,9.52e-08,-6.8273e-16,-8.167491087293763,-6.991399828238082,-15.2089552238806,,,,,,,,,,,,,,,,,,,,,,,,
Diphenylsulfane,gas,stddft,7.2e-09,-6.92e-08,4.317,4.096,0.221,0.0014,7.909000000000001,-7.64e-08,7.64e-08,5.8369599999999985e-15,-6.2e-08,-4.9824e-16,-8.136677139879543,-7.159266765388193,-9.61111111111111,,,,,,,,,,,,,,,,,,,,,,,,
Diphenylsulfane,toluene,stda,3.2e-09,7.1e-09,4.118,4.122,-0.0039999999999995,0.0052,7.894000000000001,3.9e-09,3.9e-09,1.521e-17,1.03e-08,2.272e-17,-8.481486060122112,-8.142667503568731,2.21875,,,,,,,,,,,,,,,,,,,,,,,,
Diphenylsulfane,toluene,stddft,1.8e-09,2.68e-08,4.117,4.089,0.0279999999999995,0.0053,7.894000000000001,2.5e-08,2.5e-08,6.249999999999999e-16,2.86e-08,4.824e-17,-8.721246399047171,-7.570247719997592,14.888888888888888,,,,,,,,,,,,,,,,,,,,,,,,
DmPy-PPI,gas,stda,5.3e-08,2.01e-08,3.853,3.446,0.407,0.5583,7.103,-3.29e-08,3.29e-08,1.0824099999999998e-15,7.31e-08,1.0653e-15,-7.274905478918531,-7.694648630553377,0.3792452830188679,,,,,,,,,,,,,,,,,,,,,,,,
DmPy-PPI,gas,stddft,-1.003e-07,-6.65e-08,3.813,3.419,0.3940000000000001,0.5047,7.103,3.38e-08,3.38e-08,1.14244e-15,-1.668e-07,6.669950000000001e-15,-6.998266287190999,-7.176525770829699,0.6630109670987039,,,,,,,,,,,,,,,,,,,,,,,,
DmPy-PPI,toluene,stda,1.147e-07,-5.17e-08,3.835,3.478,0.3569999999999997,0.3409,7.180000000000001,-1.664e-07,1.664e-07,2.7688960000000004e-14,6.3e-08,-5.92999e-15,-6.940058111938045,-7.285670240254767,-0.4507410636442894,,,,,,,,,,,,,,,,,,,,,,,,
DmPy-PPI,toluene,stddft,-7.86e-08,1.05e-07,3.796,3.45,0.3459999999999996,0.311,7.180000000000001,1.836e-07,1.836e-07,3.370896e-14,2.64e-08,-8.253e-15,-7.104025267640935,-6.978397283971757,-1.3358778625954195,,,,,,,,,,,,,,,,,,,,,,,,
DpAn-BzAc,gas,stda,1.638e-07,3.23e-08,3.574,3.039,0.5349999999999997,0.1789,5.549,-1.315e-07,1.315e-07,1.729225e-14,1.961e-07,5.29074e-15,-6.785421046429501,-7.489454989793388,0.1971916971916971,,,,,,,,,,,,,,,,,,,,,,,,
DpAn-BzAc,gas,stddft,5.64e-08,-7.68e-08,3.514,3.011,0.5029999999999997,0.1528,5.549,-1.332e-07,1.332e-07,1.774224e-14,-2.04e-08,-4.33152e-15,-7.247951552180561,-7.114073660198569,-1.3617021276595744,,,,,,,,,,,,,,,,,,,,,,,,
DpAn-BzAc,toluene,stda,-2.46e-08,-5.3e-09,3.527,2.986,0.5409999999999999,0.1742,5.498,1.93e-08,1.93e-08,3.724899999999999e-16,-2.99e-08,1.3038e-16,-7.607303046740334,-8.267606240177031,0.2154471544715447,,,,,,,,,,,,,,,,,,,,,,,,
DpAn-BzAc,toluene,stddft,-6.14e-08,-3.23e-08,3.466,2.958,0.508,0.1486,5.498,2.91e-08,2.91e-08,8.4680999999999985e-16,-9.37e-08,1.9832199999999995e-15,-7.211124884224583,-7.489454989793388,0.5260586319218241,,,,,,,,,,,,,,,,,,,,,,,,
DphAn-Br,gas,stda,1.05e-08,-1.21e-08,3.809,3.815,-0.0059999999999997,0.0004,8.081,-2.26e-08,2.26e-08,5.1076e-16,-1.600000000000001e-09,-1.2705e-16,-7.97469413473523,-7.913640169325252,-1.1523809523809525,,,,,,,,,,,,,,,,,,,,,,,,
DphAn-Br,gas,stddft,-1.47e-08,-9.2e-09,3.808,3.814,-0.0060000000000002,0.0004,8.081,5.5e-09,5.5e-09,3.025e-17,-2.39e-08,1.3523999999999998e-16,-7.829738284605042,-8.031517051446064,0.6258503401360545,,,,,,,,,,,,,,,,,,,,,,,,
DphAn-Br,toluene,stda,-3.32e-08,-7.7e-09,3.65,3.66,-0.0100000000000002,0.0,7.971,2.55e-08,2.55e-08,6.5025e-16,-4.09e-08,2.5564e-16,-7.47755576649368,-8.10790539730952,0.2319277108433735,,,,,,,,,,,,,,,,,,,,,,,,
DphAn-Br,toluene,stddft,-2.6e-08,1.05e-08,3.649,3.659,-0.0099999999999997,0.0,7.971,3.65e-08,3.65e-08,1.3322500000000001e-15,-1.55e-08,-2.73e-16,-7.583359492661719,-7.97469413473523,-0.4038461538461538,,,,,,,,,,,,,,,,,,,,,,,,
D–A–D,gas,stda,-2e-10,-2.01e-08,3.23,3.154,0.076,0.0069,7.167999999999999,-1.9900000000000003e-08,1.9900000000000003e-08,3.960100000000001e-16,-2.03e-08,4.02e-18,-9.522878745280336,-7.694648630553377,100.5,,,,,,,,,,,,,,,,,,,,,,,,
D–A–D,gas,stddft,0.0,-8.9e-09,3.229,3.119,0.1099999999999998,0.0069,7.167999999999999,-8.9e-09,8.9e-09,7.921000000000001e-17,-8.9e-09,-0.0,-10.0,-8.045757490560675,1.0,,,,,,,,,,,,,,,,,,,,,,,,
D–A–D,toluene,stda,7e-10,3.24e-08,3.191,3.167,0.024,0.0068,7.173,3.17e-08,3.17e-08,1.00489e-15,3.31e-08,2.268e-17,-9.096910013008056,-7.488116639021126,46.285714285714285,,,,,,,,,,,,,,,,,,,,,,,,
D–A–D,toluene,stddft,-6e-10,1.15e-08,3.189,3.136,0.0529999999999999,0.0068,7.173,1.21e-08,1.21e-08,1.4641000000000002e-16,1.09e-08,-6.9e-18,-9.154901959985745,-7.935542010773082,-19.166666666666668,,,,,,,,,,,,,,,,,,,,,,,,
E-o-DHMPA,gas,stda,-1.506e-07,3.2e-08,3.225,2.22,1.005,0.3857,6.385999999999999,1.826e-07,1.826e-07,3.334276e-14,-1.1860000000000003e-07,-4.819200000000001e-15,-6.821886747685368,-7.493494967595128,-0.2124833997343957,,,,,,,,,,,,,,,,,,,,,,,,
E-o-DHMPA,gas,stddft,-1.195e-07,7.47e-08,3.038,2.148,0.8899999999999997,0.2655,6.385999999999999,1.942e-07,1.942e-07,3.7713640000000005e-14,-4.48e-08,-8.92665e-15,-6.922268820347608,-7.126098402135539,-0.6251046025104602,,,,,,,,,,,,,,,,,,,,,,,,
E-o-DHMPA,toluene,stda,-1.031e-07,7.68e-08,3.285,2.265,1.02,0.3628,6.447000000000001,1.7990000000000004e-07,1.7990000000000004e-07,3.2364010000000004e-14,-2.6300000000000004e-08,-7.91808e-15,-6.986320302708807,-7.114073660198569,-0.7449078564500484,,,,,,,,,,,,,,,,,,,,,,,,
E-o-DHMPA,toluene,stddft,-5.6e-09,7.34e-08,3.097,2.193,0.904,0.2505,6.447000000000001,7.899999999999999e-08,7.899999999999999e-08,6.240999999999999e-15,6.78e-08,-4.1103999999999997e-16,-8.244125144327509,-7.133712660915805,-13.107142857142858,,,,,,,,,,,,,,,,,,,,,,,,
ECDPTT,gas,stda,5.01e-08,6.16e-08,3.652,3.007,0.645,0.5607,6.543000000000001,1.1499999999999995e-08,1.1499999999999995e-08,1.322499999999999e-16,1.117e-07,3.08616e-15,-7.29929628285498,-7.209714835966758,1.2295409181636725,,,,,,,,,,,,,,,,,,,,,,,,
ECDPTT,gas,stddft,-4.56e-08,3.34e-08,3.609,2.974,0.6349999999999998,0.4759,6.543000000000001,7.9e-08,7.9e-08,6.241000000000001e-15,-1.2199999999999997e-08,-1.52304e-15,-7.34008379993015,-7.474955192963154,-0.7324561403508772,,,,,,,,,,,,,,,,,,,,,,,,
ECDPTT,toluene,stda,3.31e-08,1.095e-07,3.742,3.117,0.625,0.3541,6.448,7.64e-08,7.64e-08,5.8369599999999985e-15,1.426e-07,3.62445e-15,-7.478861916295964,-6.96018944585165,3.308157099697885,,,,,,,,,,,,,,,,,,,,,,,,
ECDPTT,toluene,stddft,4.57e-08,1.69e-08,3.694,3.085,0.609,0.1686,6.448,-2.88e-08,2.88e-08,8.2944e-16,6.259999999999999e-08,7.7233e-16,-7.339134521996131,-7.769551078621726,0.3698030634573304,,,,,,,,,,,,,,,,,,,,,,,,
Et3SiH,gas,stda,-1.87e-08,9.63e-08,4.176,3.567,0.609,0.0425,7.659000000000001,1.15e-07,1.15e-07,1.3225e-14,7.76e-08,-1.8008099999999998e-15,-7.72584215073632,-7.015922966097169,-5.149732620320855,,,,,,,,,,,,,,,,,,,,,,,,
Et3SiH,gas,stddft,1.04e-08,-3.42e-08,4.125,3.535,0.5899999999999999,0.0361,7.659000000000001,-4.46e-08,4.46e-08,1.98916e-15,-2.38e-08,-3.5568000000000004e-16,-7.978810700930062,-7.464705879957229,-3.2884615384615383,,,,,,,,,,,,,,,,,,,,,,,,
Et3SiH,toluene,stda,-1.5e-09,-4.25e-08,4.17,3.408,0.762,0.4066,7.750999999999998,-4.1e-08,4.1e-08,1.6809999999999997e-15,-4.4e-08,6.375e-17,-8.795880017344075,-7.370590400897281,28.33333333333333,,,,,,,,,,,,,,,,,,,,,,,,
Et3SiH,toluene,stddft,9.03e-08,1.278e-07,4.122,3.376,0.746,0.3576,7.750999999999998,3.75e-08,3.75e-08,1.40625e-15,2.1810000000000003e-07,1.154034e-14,-7.043831569524637,-6.893129455521346,1.415282392026578,,,,,,,,,,,,,,,,,,,,,,,,
F-2CzB,gas,stda,-6.73e-08,8.99e-08,3.882,3.453,0.4290000000000002,1.2233,6.685999999999999,1.572e-07,1.572e-07,2.4711840000000003e-14,2.2600000000000004e-08,-6.05027e-15,-7.17134010346468,-7.045757490560675,-1.335809806835067,,,,,,,,,,,,,,,,,,,,,,,,
F-2CzB,gas,stddft,-2.2e-08,-3.25e-08,3.832,3.431,0.4009999999999998,0.9594,6.685999999999999,-1.05e-08,1.05e-08,1.1025000000000003e-16,-5.45e-08,7.15e-16,-7.655607726314889,-7.486782399932061,1.4772727272727273,,,,,,,,,,,,,,,,,,,,,,,,
F-2CzB,toluene,stda,3.73e-08,-9.4e-09,3.869,3.423,0.4460000000000002,1.0692,6.726000000000001,-4.67e-08,4.67e-08,2.1808900000000002e-15,2.7900000000000005e-08,-3.5062e-16,-7.42712839779952,-8.022276394711152,-0.2520107238605897,,,,,,,,,,,,,,,,,,,,,,,,
F-2CzB,toluene,stddft,2.35e-08,3.81e-08,3.815,3.401,0.4140000000000001,0.8158,6.726000000000001,1.4599999999999998e-08,1.4599999999999998e-08,2.1315999999999995e-16,6.16e-08,8.953499999999998e-16,-7.627087997029894,-7.4179366370882915,1.6212765957446809,,,,,,,,,,,,,,,,,,,,,,,,
F2AcBO,gas,stda,-2.5e-09,-2.89e-08,3.528,3.13,0.3980000000000001,0.2551,5.741,-2.64e-08,2.64e-08,6.969600000000001e-16,-3.14e-08,7.225e-17,-8.585026652029182,-7.5376020021010435,11.56,,,,,,,,,,,,,,,,,,,,,,,,
F2AcBO,gas,stddft,-6.1e-09,-5.1e-09,3.516,3.111,0.4049999999999998,0.3145,5.741,9.999999999999999e-10,9.999999999999999e-10,9.999999999999997e-19,-1.12e-08,3.111e-17,-8.207608310501746,-8.2839966563652,0.8360655737704918,,,,,,,,,,,,,,,,,,,,,,,,
F2AcBO,toluene,stda,4.4e-09,-6.2e-09,3.482,3.107,0.375,0.1761,5.696999999999999,-1.06e-08,1.06e-08,1.1235999999999997e-16,-1.8000000000000002e-09,-2.728e-17,-8.346787486224656,-8.200659450546418,-1.4090909090909092,,,,,,,,,,,,,,,,,,,,,,,,
F2AcBO,toluene,stddft,3.65e-08,6.4e-09,3.454,3.088,0.3660000000000001,0.1355,5.696999999999999,-3.0100000000000005e-08,3.0100000000000005e-08,9.060100000000005e-16,4.29e-08,2.3360000000000004e-16,-7.436518914605589,-8.187086643357144,0.1753424657534246,,,,,,,,,,,,,,,,,,,,,,,,
F2PA,gas,stda,-4.9e-08,-2.62e-08,3.541,3.052,0.4889999999999999,1.0614,6.664,2.28e-08,2.28e-08,5.198400000000001e-16,-7.52e-08,1.2838e-15,-7.308918507877031,-7.580044251510242,0.5346938775510204,,,,,,,,,,,,,,,,,,,,,,,,
F2PA,gas,stddft,6.9e-09,-3e-09,3.509,3.024,0.4849999999999999,0.9309,6.664,-9.9e-09,9.9e-09,9.800999999999999e-17,3.9e-09,-2.07e-17,-8.154901959985743,-8.508638306165727,-0.4347826086956521,,,,,,,,,,,,,,,,,,,,,,,,
F2PA,toluene,stda,-3.39e-08,-5.3e-08,3.544,3.056,0.488,1.101,6.651000000000001,-1.91e-08,1.91e-08,3.6480999999999996e-16,-8.69e-08,1.7966999999999998e-15,-7.468521082957745,-7.274905478918531,1.5634218289085546,,,,,,,,,,,,,,,,,,,,,,,,
F2PA,toluene,stddft,-3.53e-08,1.83e-08,3.512,3.027,0.4849999999999999,0.967,6.651000000000001,5.36e-08,5.36e-08,2.87296e-15,-1.7e-08,-6.4599e-16,-7.450996737974212,-7.735182176990463,-0.518413597733711,,,,,,,,,,,,,,,,,,,,,,,,
FAC,gas,stda,-4.74e-08,-4.36e-08,4.09,3.469,0.621,0.0587,6.987,3.800000000000001e-09,3.800000000000001e-09,1.4440000000000006e-17,-9.100000000000001e-08,2.06664e-15,-7.323306390375134,-7.359518563029578,0.919831223628692,,,,,,,,,,,,,,,,,,,,,,,,
FAC,gas,stddft,-2.85e-08,-1.009e-07,4.021,3.435,0.5859999999999999,0.0892,6.987,-7.24e-08,7.24e-08,5.24176e-15,-1.294e-07,2.87565e-15,-7.543633966870957,-6.995678626217358,3.5403508771929824,,,,,,,,,,,,,,,,,,,,,,,,
FAC,toluene,stda,3.44e-08,4.59e-08,4.09,3.461,0.629,0.1082,6.976,1.1500000000000004e-08,1.1500000000000004e-08,1.3225000000000008e-16,8.03e-08,1.57896e-15,-7.462180904926726,-7.337242168318426,1.3343023255813955,,,,,,,,,,,,,,,,,,,,,,,,
FAC,toluene,stddft,1.367e-07,-2.4e-09,4.015,3.428,0.5869999999999997,0.0895,6.976,-1.391e-07,1.391e-07,1.934881e-14,1.343e-07,-3.2808e-16,-6.863913902615902,-8.602059991327963,-0.0175566934893928,,,,,,,,,,,,,,,,,,,,,,,,
FAPbCl3,gas,stda,-4.96e-08,9.9e-09,4.582,4.199,0.383,0.0001,8.402,5.95e-08,5.95e-08,3.54025e-15,-3.970000000000001e-08,-4.9104e-16,-7.303643611266668,-8.0,-0.1995967741935483,,,,,,,,,,,,,,,,,,,,,,,,
FAPbCl3,gas,stddft,1.527e-07,-1.341e-07,4.56,4.158,0.4019999999999992,0.0001,8.402,-2.868e-07,2.868e-07,8.225424e-14,1.860000000000002e-08,-2.047707e-14,-6.815876645760329,-6.872247484167027,-0.8781925343811393,,,,,,,,,,,,,,,,,,,,,,,,
FAPbCl3,toluene,stda,-6.31e-08,-4.81e-08,4.599,4.223,0.3760000000000003,0.0002,8.433,1.5000000000000002e-08,1.5000000000000002e-08,2.2500000000000006e-16,-1.112e-07,3.03511e-15,-7.199282921717615,-7.31695296176115,0.7622820919175911,,,,,,,,,,,,,,,,,,,,,,,,
FAPbCl3,toluene,stddft,4.44e-08,-2.63e-08,4.577,4.182,0.3949999999999996,0.0002,8.433,-7.07e-08,7.07e-08,4.998490000000001e-15,1.81e-08,-1.16772e-15,-7.351639989019068,-7.578396073130169,-0.5923423423423424,,,,,,,,,,,,,,,,,,,,,,,,
FDQPXZ,gas,stda,-4.6e-09,-2.86e-08,2.488,2.27,0.2179999999999999,0.2316,5.129,-2.4000000000000003e-08,2.4000000000000003e-08,5.760000000000002e-16,-3.32e-08,1.3156e-16,-8.327902142064282,-7.542118103266008,6.217391304347826,,,,,,,,,,,,,,,,,,,,,,,,
FDQPXZ,gas,stddft,2.82e-08,5.7e-09,2.466,2.259,0.2070000000000003,0.2079,5.129,-2.2500000000000003e-08,2.2500000000000003e-08,5.062500000000001e-16,3.39e-08,1.6074e-16,-7.548213564475709,-8.236572006437063,0.202127659574468,,,,,,,,,,,,,,,,,,,,,,,,
FDQPXZ,toluene,stda,8.9e-09,1.27e-08,2.557,2.352,0.205,0.2227,5.165999999999999,3.799999999999999e-09,3.799999999999999e-09,1.4439999999999994e-17,2.16e-08,1.1303e-16,-8.045757490560675,-7.892790030352132,1.4269662921348314,,,,,,,,,,,,,,,,,,,,,,,,
FDQPXZ,toluene,stddft,6e-09,2.78e-08,2.537,2.342,0.1949999999999998,0.2008,5.165999999999999,2.18e-08,2.18e-08,4.7524e-16,3.38e-08,1.668e-16,-8.214670164989233,-7.554395796726403,4.633333333333334,,,,,,,,,,,,,,,,,,,,,,,,
FSF4A,gas,stda,1.2e-09,-5.2e-09,3.563,3.193,0.3700000000000001,0.2875,6.783,-6.4e-09,6.4e-09,4.0960000000000004e-17,-4e-09,-6.24e-18,-8.886056647693163,-8.275724130399212,-4.333333333333334,,,,,,,,,,,,,,,,,,,,,,,,
FSF4A,gas,stddft,1.28e-08,-6.94e-08,3.539,3.165,0.3740000000000001,0.2552,6.783,-8.22e-08,8.22e-08,6.756839999999999e-15,-5.66e-08,-8.8832e-16,-7.889410289700751,-7.158015195409886,-5.421875,,,,,,,,,,,,,,,,,,,,,,,,
FSF4A,toluene,stda,2.71e-08,8.49e-08,3.443,3.09,0.3530000000000002,0.3418,6.673000000000001,5.78e-08,5.78e-08,3.34084e-15,1.12e-07,2.30079e-15,-7.565431095965801,-7.070581074285707,3.132841328413284,,,,,,,,,,,,,,,,,,,,,,,,
FSF4A,toluene,stddft,1.24e-08,8e-08,3.418,3.065,0.3530000000000002,0.3065,6.673000000000001,6.76e-08,6.76e-08,4.56976e-15,9.240000000000001e-08,9.92e-16,-7.903089986991944,-7.096367483915762,6.451612903225806,,,,,,,,,,,,,,,,,,,,,,,,
FTAT-FBO,gas,stda,6.22e-08,7e-09,5.208,5.19,0.0179999999999997,0.0,9.912,-5.520000000000001e-08,5.520000000000001e-08,3.047040000000001e-15,6.92e-08,4.354e-16,-7.205511953340831,-8.148741651280925,0.112540192926045,,,,,,,,,,,,,,,,,,,,,,,,
FTAT-FBO,gas,stddft,7.66e-08,2.018e-07,5.179,5.149,0.0300000000000002,0.0,9.912,1.2519999999999998e-07,1.2519999999999998e-07,1.5675039999999996e-14,2.784e-07,1.5457879999999998e-14,-7.115204636051019,-6.69486368105636,2.6344647519582245,,,,,,,,,,,,,,,,,,,,,,,,
FTAT-FBO,toluene,stda,-5.29e-08,-1.175e-07,5.14,5.176,-0.0360000000000004,0.0002,9.721,-6.460000000000001e-08,6.460000000000001e-08,4.173160000000001e-15,-1.704e-07,6.2157499999999985e-15,-7.275724130399211,-6.929592678259881,2.22117202268431,,,,,,,,,,,,,,,,,,,,,,,,
FTAT-FBO,toluene,stddft,6.45e-08,-7.03e-08,5.11,5.135,-0.0249999999999994,0.0002,9.721,-1.3480000000000004e-07,1.3480000000000004e-07,1.8171040000000005e-14,-5.799999999999999e-09,-4.53435e-15,-7.189767482004916,-7.152427340857888,-1.089922480620155,,,,,,,,,,,,,,,,,,,,,,,,
Fene,gas,stda,3.5e-09,-4.66e-08,2.888,2.7,0.1879999999999997,0.0764,5.702000000000001,-5.01e-08,5.01e-08,2.51001e-15,-4.31e-08,-1.631e-16,-8.443697499232712,-7.330683119433888,-13.314285714285717,,,,,,,,,,,,,,,,,,,,,,,,
Fene,gas,stddft,-1.14e-08,1.4e-09,2.877,2.679,0.1979999999999999,0.0715,5.702000000000001,1.28e-08,1.28e-08,1.6383999999999994e-16,-1e-08,-1.5959999999999998e-17,-7.939302159646388,-8.823908740944319,-0.1228070175438596,,,,,,,,,,,,,,,,,,,,,,,,
Fene,toluene,stda,-8.8e-09,-3.26e-08,3.013,2.739,0.274,0.0687,5.816,-2.38e-08,2.38e-08,5.664400000000001e-16,-4.14e-08,2.8688e-16,-8.050609993355087,-7.485452247339714,3.704545454545455,,,,,,,,,,,,,,,,,,,,,,,,
Fene,toluene,stddft,-9e-10,-1.8e-09,3.002,2.714,0.2879999999999998,0.0699,5.816,-9e-10,9e-10,8.1e-19,-2.7e-09,1.62e-18,-9.0,-8.721246399047171,2.0,,,,,,,,,,,,,,,,,,,,,,,,
Fens,gas,stda,-1.05e-08,-3.38e-08,3.101,2.776,0.3250000000000002,0.0222,5.836,-2.33e-08,2.33e-08,5.428899999999998e-16,-4.43e-08,3.5489999999999996e-16,-7.97469413473523,-7.469800301796917,3.219047619047619,,,,,,,,,,,,,,,,,,,,,,,,
Fens,gas,stddft,4.6e-09,1.61e-08,3.092,2.749,0.3429999999999999,0.0318,5.836,1.15e-08,1.15e-08,1.3224999999999998e-16,2.07e-08,7.405999999999999e-17,-8.327902142064282,-7.790484985457369,3.5,,,,,,,,,,,,,,,,,,,,,,,,
Fens,toluene,stda,-7e-09,-2.21e-08,3.182,2.738,0.4439999999999999,0.0295,5.920999999999999,-1.51e-08,1.51e-08,2.2801e-16,-2.91e-08,1.5469999999999998e-16,-8.148741651280925,-7.653647025549361,3.157142857142857,,,,,,,,,,,,,,,,,,,,,,,,
Fens,toluene,stddft,6.6e-09,-3.79e-08,3.164,2.71,0.4540000000000002,0.1146,5.920999999999999,-4.45e-08,4.45e-08,1.98025e-15,-3.13e-08,-2.5014e-16,-8.173925197299173,-7.42021640338319,-5.742424242424242,,,,,,,,,,,,,,,,,,,,,,,,
FlCz,gas,stda,-7.2e-09,-3.05e-08,3.732,3.407,0.3250000000000002,0.1518,6.457,-2.3300000000000003e-08,2.3300000000000003e-08,5.428900000000001e-16,-3.77e-08,2.196e-16,-8.136677139879543,-7.51427857351842,4.236111111111112,,,,,,,,,,,,,,,,,,,,,,,,
FlCz,gas,stddft,2.02e-08,-7.06e-08,3.728,3.37,0.3580000000000001,0.21,6.457,-9.08e-08,9.08e-08,8.244639999999999e-15,-5.04e-08,-1.4261199999999998e-15,-7.692503962086787,-7.150580586203101,-3.495049504950495,,,,,,,,,,,,,,,,,,,,,,,,
FlCz,toluene,stda,1.6e-08,-1.43e-08,3.731,3.394,0.3369999999999997,0.2038,6.392000000000001,-3.03e-08,3.03e-08,9.1809e-16,1.7000000000000003e-09,-2.2880000000000004e-16,-7.79317412396815,-7.841637507904751,-0.8937499999999999,,,,,,,,,,,,,,,,,,,,,,,,
FlCz,toluene,stddft,-2.2e-09,-4.6e-09,3.726,3.357,0.3689999999999998,0.2657,6.392000000000001,-2.4e-09,2.4e-09,5.76e-18,-6.8e-09,1.012e-17,-8.638272163982407,-8.327902142064282,2.090909090909091,,,,,,,,,,,,,,,,,,,,,,,,
H4TCPE,gas,stda,6.1e-09,-7.01e-08,4.718,4.305,0.4130000000000002,0.0157,8.716000000000001,-7.62e-08,7.62e-08,5.806439999999999e-15,-6.4e-08,-4.2761e-16,-8.207608310501746,-7.153662887870195,-11.491803278688524,,,,,,,,,,,,,,,,,,,,,,,,
H4TCPE,gas,stddft,-6.6e-09,2.3e-08,4.678,4.271,0.407,0.0144,8.716000000000001,2.96e-08,2.96e-08,8.7616e-16,1.64e-08,-1.5180000000000002e-16,-8.173925197299173,-7.636388020107856,-3.484848484848485,,,,,,,,,,,,,,,,,,,,,,,,
H4TCPE,toluene,stda,4e-09,-2.87e-08,4.704,4.248,0.4559999999999995,0.0152,8.646,-3.27e-08,3.27e-08,1.06929e-15,-2.47e-08,-1.148e-16,-8.387216143280265,-7.540607512240769,-7.174999999999999,,,,,,,,,,,,,,,,,,,,,,,,
H4TCPE,toluene,stddft,-1.089e-07,-3.66e-08,4.666,4.215,0.4510000000000005,0.0141,8.646,7.23e-08,7.23e-08,5.227290000000001e-15,-1.455e-07,3.98574e-15,-6.962573502059376,-7.435333935747911,0.3360881542699724,,,,,,,,,,,,,,,,,,,,,,,,
HAP-3MF,gas,stda,2.5e-09,-2.56e-08,3.254,3.171,0.0830000000000001,0.0,7.178000000000001,-2.81e-08,2.81e-08,7.8961e-16,-2.3100000000000002e-08,-6.4e-17,-8.585026652029182,-7.590066876668706,-10.24,,,,,,,,,,,,,,,,,,,,,,,,
HAP-3MF,gas,stddft,-1.83e-08,1.25e-08,3.236,3.158,0.0780000000000002,0.0,7.178000000000001,3.08e-08,3.08e-08,9.486399999999998e-16,-5.799999999999999e-09,-2.2874999999999997e-16,-7.735182176990463,-7.899629454882437,-0.6830601092896175,,,,,,,,,,,,,,,,,,,,,,,,
HAP-3MF,toluene,stda,-4.06e-08,3.58e-08,3.244,3.158,0.0860000000000003,0.0,7.1690000000000005,7.64e-08,7.64e-08,5.8369599999999985e-15,-4.7999999999999975e-09,-1.4534800000000001e-15,-7.39040559077478,-7.444905551421681,-0.8817733990147784,,,,,,,,,,,,,,,,,,,,,,,,
HAP-3MF,toluene,stddft,8.5e-09,2.55e-08,3.225,3.146,0.0790000000000001,0.0,7.1690000000000005,1.7e-08,1.7e-08,2.89e-16,3.4e-08,2.1675e-16,-8.065501548756432,-7.591760034688151,3.0,,,,,,,,,,,,,,,,,,,,,,,,
HDP,gas,stda,4e-10,8.28e-08,2.775,2.678,0.0969999999999999,0.0001,6.071,8.24e-08,8.24e-08,6.7897599999999985e-15,8.32e-08,3.312e-17,-9.30102999566398,-7.081445469449727,207.0,,,,,,,,,,,,,,,,,,,,,,,,
HDP,gas,stddft,-3e-10,1.91e-08,2.775,2.641,0.1339999999999999,0.0001,6.071,1.94e-08,1.94e-08,3.763599999999999e-16,1.88e-08,-5.73e-18,-9.397940008672036,-7.716698771296451,-63.66666666666666,,,,,,,,,,,,,,,,,,,,,,,,
HDP,toluene,stda,-1e-10,-3.86e-08,2.677,2.63,0.0470000000000001,0.0001,6.005000000000001,-3.85e-08,3.85e-08,1.48225e-15,-3.87e-08,3.86e-18,-9.69897000433602,-7.412289034981089,386.0,,,,,,,,,,,,,,,,,,,,,,,,
HDP,toluene,stddft,6e-10,1.96e-08,2.676,2.593,0.0830000000000001,0.0001,6.005000000000001,1.9e-08,1.9e-08,3.6100000000000005e-16,2.02e-08,1.176e-17,-9.154901959985745,-7.705533773838407,32.666666666666664,,,,,,,,,,,,,,,,,,,,,,,,
HITPE,gas,stda,1.2e-09,-1.702e-07,3.848,3.092,0.7559999999999998,0.86,6.775,-1.714e-07,1.714e-07,2.9377960000000005e-14,-1.69e-07,-2.0424e-16,-8.886056647693163,-6.768785352037399,-141.83333333333334,,,,,,,,,,,,,,,,,,,,,,,,
HITPE,gas,stddft,-1.179e-07,-1.7e-09,3.797,3.056,0.7410000000000001,0.7234,6.775,1.1620000000000001e-07,1.1620000000000001e-07,1.3502440000000002e-14,-1.196e-07,2.0042999999999999e-16,-6.928117992693875,-8.744727494896694,0.0144189991518235,,,,,,,,,,,,,,,,,,,,,,,,
HITPE,toluene,stda,2.04e-08,4.64e-08,3.881,3.114,0.7669999999999999,1.0518,6.790000000000001,2.6e-08,2.6e-08,6.759999999999998e-16,6.68e-08,9.4656e-16,-7.688246138944246,-7.3325470471100465,2.2745098039215685,,,,,,,,,,,,,,,,,,,,,,,,
HITPE,toluene,stddft,8.24e-08,9.5e-08,3.828,3.078,0.75,0.8801,6.790000000000001,1.2600000000000009e-08,1.2600000000000009e-08,1.5876000000000016e-16,1.774e-07,7.828e-15,-7.0835460514500745,-7.021819483062586,1.1529126213592231,,,,,,,,,,,,,,,,,,,,,,,,
HPIPXZ,gas,stda,-8.05e-08,2.32e-08,3.722,3.174,0.548,0.6094,7.117000000000001,1.037e-07,1.037e-07,1.075369e-14,-5.7300000000000004e-08,-1.8676e-15,-7.09366495819491,-7.632644078973981,-0.2881987577639751,,,,,,,,,,,,,,,,,,,,,,,,
HPIPXZ,gas,stddft,1.8e-08,6.12e-08,3.665,3.134,0.5310000000000001,0.5574,7.117000000000001,4.32e-08,4.32e-08,1.86624e-15,7.920000000000002e-08,1.1016e-15,-7.742321425130815,-7.212539525481585,3.4000000000000004,,,,,,,,,,,,,,,,,,,,,,,,
HPIPXZ,toluene,stda,6.58e-08,2.31e-08,3.718,3.16,0.5579999999999998,0.6327,7.097999999999999,-4.269999999999999e-08,4.269999999999999e-08,1.8232899999999997e-15,8.89e-08,1.5199799999999997e-15,-7.18111458540599,-7.634512015109101,0.351063829787234,,,,,,,,,,,,,,,,,,,,,,,,
HPIPXZ,toluene,stddft,-3.65e-08,4.87e-08,3.661,3.119,0.5419999999999998,0.5784,7.097999999999999,8.52e-08,8.52e-08,7.25904e-15,1.2199999999999997e-08,-1.7775500000000007e-15,-7.436518914605589,-7.311580177997289,-1.3342465753424655,,,,,,,,,,,,,,,,,,,,,,,,
HPVAnt,gas,stda,4.99e-08,-3.38e-08,3.398,2.288,1.1100000000000003,0.2998,6.246,-8.37e-08,8.37e-08,7.005689999999998e-15,1.61e-08,-1.6866199999999998e-15,-7.301029995663981,-7.469800301796917,-0.6773547094188377,,,,,,,,,,,,,,,,,,,,,,,,
HPVAnt,gas,stddft,1.605e-07,1.008e-07,3.217,2.213,1.004,0.1968,6.246,-5.97e-08,5.97e-08,3.564089999999998e-15,2.613e-07,1.6178399999999998e-14,-6.7942544590573375,-6.996108833763089,0.6280373831775702,,,,,,,,,,,,,,,,,,,,,,,,
HPVAnt,toluene,stda,7.6e-09,-6.38e-08,3.395,2.286,1.109,0.3085,6.238,-7.14e-08,7.14e-08,5.097960000000001e-15,-5.62e-08,-4.8488e-16,-8.113509274827518,-7.1944991418416,-8.394736842105264,,,,,,,,,,,,,,,,,,,,,,,,
HPVAnt,toluene,stddft,7.74e-08,1.885e-07,3.214,2.21,1.004,0.2046,6.238,1.111e-07,1.111e-07,1.234321e-14,2.659e-07,1.45899e-14,-7.110698297493689,-6.72445831159869,2.4354005167958657,,,,,,,,,,,,,,,,,,,,,,,,
IABTCN,gas,stda,2.19e-08,-8.7e-08,3.077,2.496,0.581,1.4127,5.555,-1.089e-07,1.089e-07,1.185921e-14,-6.51e-08,-1.9053e-15,-7.657577319177793,-7.059981844992337,-3.9726027397260273,,,,,,,,,,,,,,,,,,,,,,,,
IABTCN,gas,stddft,1e-07,-9.57e-08,3.029,2.456,0.573,1.202,5.555,-1.957e-07,1.957e-07,3.829848999999999e-14,4.299999999999992e-09,-9.57e-15,-6.999565922520682,-7.018634490921456,-0.957,,,,,,,,,,,,,,,,,,,,,,,,
IABTCN,toluene,stda,-5.5e-09,3.92e-08,2.857,2.242,0.6150000000000002,1.6069,5.191000000000001,4.47e-08,4.47e-08,1.99809e-15,3.3700000000000004e-08,-2.156e-16,-8.2518119729938,-7.405607449624573,-7.127272727272728,,,,,,,,,,,,,,,,,,,,,,,,
IABTCN,toluene,stddft,-4.5e-08,4.28e-08,2.798,2.203,0.5950000000000002,1.3332,5.191000000000001,8.78e-08,8.78e-08,7.708840000000002e-15,-2.2e-09,-1.926e-15,-7.345823458122039,-7.367542707815276,-0.9511111111111112,,,,,,,,,,,,,,,,,,,,,,,,
ICBNTrz4,gas,stda,-1.3e-08,2.02e-08,3.627,3.286,0.3409999999999997,0.8547,6.295999999999999,3.32e-08,3.32e-08,1.10224e-15,7.199999999999998e-09,-2.626e-16,-7.882728704344236,-7.692503962086787,-1.5538461538461537,,,,,,,,,,,,,,,,,,,,,,,,
ICBNTrz4,gas,stddft,-2.37e-08,-2.4e-09,3.601,3.268,0.3330000000000002,0.7739,6.295999999999999,2.13e-08,2.13e-08,4.5369e-16,-2.61e-08,5.688e-17,-7.623423042943488,-8.602059991327963,0.1012658227848101,,,,,,,,,,,,,,,,,,,,,,,,
ICBNTrz4,toluene,stda,5.3e-09,-1.39e-08,3.587,3.251,0.3360000000000003,0.8047,6.28,-1.92e-08,1.92e-08,3.6864e-16,-8.600000000000001e-09,-7.367000000000001e-17,-8.267606240177031,-7.853871964321762,-2.6226415094339623,,,,,,,,,,,,,,,,,,,,,,,,
ICBNTrz4,toluene,stddft,-2.92e-08,1.016e-07,3.561,3.234,0.3269999999999999,0.7306,6.28,1.308e-07,1.308e-07,1.710864e-14,7.24e-08,-2.96672e-15,-7.533132379645891,-6.992679047077256,-3.47945205479452,,,,,,,,,,,,,,,,,,,,,,,,
ICZ,gas,stda,5.5e-09,3.26e-08,3.338,2.771,0.5670000000000002,0.1214,6.813,2.71e-08,2.71e-08,7.3441e-16,3.8100000000000004e-08,1.793e-16,-8.2518119729938,-7.485452247339714,5.927272727272728,,,,,,,,,,,,,,,,,,,,,,,,
ICZ,gas,stddft,-3.75e-08,1.322e-07,3.229,2.74,0.4889999999999999,0.0934,6.813,1.697e-07,1.697e-07,2.879809e-14,9.470000000000001e-08,-4.9575e-15,-7.424812155072339,-6.878440155812499,-3.5253333333333337,,,,,,,,,,,,,,,,,,,,,,,,
ICZ,toluene,stda,-3.85e-08,3.97e-08,3.343,2.777,0.5659999999999998,0.118,6.816,7.82e-08,7.82e-08,6.11524e-15,1.1999999999999975e-09,-1.52845e-15,-7.413412695328245,-7.400116927926312,-1.0311688311688312,,,,,,,,,,,,,,,,,,,,,,,,
ICZ,toluene,stddft,-2.49e-08,-2.06e-08,3.234,2.745,0.4889999999999999,0.0905,6.816,4.300000000000002e-09,4.300000000000002e-09,1.8490000000000018e-17,-4.5500000000000004e-08,5.1294e-16,-7.602059991327962,-7.684029654543083,0.8273092369477911,,,,,,,,,,,,,,,,,,,,,,,,
ICz-2,gas,stda,-2.7e-09,-5e-09,4.088,3.866,0.2219999999999999,0.0409,7.970000000000001,-2.3e-09,2.3e-09,5.29e-18,-7.7e-09,1.35e-17,-8.55284196865778,-8.292429823902063,1.851851851851852,,,,,,,,,,,,,,,,,,,,,,,,
ICz-2,gas,stddft,-3.15e-08,8.63e-08,4.078,3.833,0.2450000000000001,0.0409,7.970000000000001,1.178e-07,1.178e-07,1.387684e-14,5.48e-08,-2.71845e-15,-7.5003129173815966,-7.063486257521107,-2.73968253968254,,,,,,,,,,,,,,,,,,,,,,,,
ICz-2,toluene,stda,5.5e-09,-5.12e-08,4.135,3.895,0.2399999999999997,0.0551,7.987,-5.67e-08,5.67e-08,3.21489e-15,-4.5700000000000006e-08,-2.816e-16,-8.2518119729938,-7.289882634888183,-9.30909090909091,,,,,,,,,,,,,,,,,,,,,,,,
ICz-2,toluene,stddft,1.82e-08,-4.13e-08,4.125,3.856,0.2690000000000001,0.0561,7.987,-5.95e-08,5.95e-08,3.54025e-15,-2.31e-08,-7.516600000000002e-16,-7.73754891026957,-7.382999658879101,-2.269230769230769,,,,,,,,,,,,,,,,,,,,,,,,
IDAC-MCO,gas,stda,-5.68e-08,1.004e-07,3.372,2.847,0.5249999999999999,0.1271,6.1690000000000005,1.572e-07,1.572e-07,2.4711840000000003e-14,4.36e-08,-5.70272e-15,-7.244887733604929,-6.997833938243493,-1.767605633802817,,,,,,,,,,,,,,,,,,,,,,,,
IDAC-MCO,gas,stddft,-4.4e-08,6.31e-08,3.29,2.824,0.4660000000000002,0.1008,6.1690000000000005,1.071e-07,1.071e-07,1.147041e-14,1.910000000000001e-08,-2.7764e-15,-7.355561410532162,-7.199282921717615,-1.4340909090909093,,,,,,,,,,,,,,,,,,,,,,,,
IDAC-MCO,toluene,stda,2.8e-08,-4.27e-08,3.353,2.831,0.5220000000000002,0.1343,5.994999999999999,-7.069999999999999e-08,7.069999999999999e-08,4.998489999999999e-15,-1.47e-08,-1.1956e-15,-7.55129368009492,-7.368556230986828,-1.525,,,,,,,,,,,,,,,,,,,,,,,,
IDAC-MCO,toluene,stddft,1.204e-07,-4.4e-09,3.271,2.809,0.4619999999999997,0.1064,5.994999999999999,-1.248e-07,1.248e-07,1.557504e-14,1.16e-07,-5.2976e-16,-6.919012953089113,-8.346787486224656,-0.0365448504983388,,,,,,,,,,,,,,,,,,,,,,,,
IDFL-2DPA,gas,stda,1.26e-08,-9.42e-08,3.07,2.753,0.3169999999999997,0.3053,5.818,-1.068e-07,1.068e-07,1.140624e-14,-8.16e-08,-1.18692e-15,-7.896196279044043,-7.025488307262672,-7.476190476190475,,,,,,,,,,,,,,,,,,,,,,,,
IDFL-2DPA,gas,stddft,8.1e-09,1.248e-07,3.021,2.735,0.286,0.2655,5.818,1.167e-07,1.167e-07,1.361889e-14,1.329e-07,1.01088e-15,-8.086186147616283,-6.903437561625864,15.407407407407408,,,,,,,,,,,,,,,,,,,,,,,,
IDFL-2DPA,toluene,stda,-6.39e-08,2.42e-08,3.071,2.75,0.3210000000000002,0.2975,5.820000000000001,8.81e-08,8.81e-08,7.76161e-15,-3.969999999999999e-08,-1.54638e-15,-7.1938200260161125,-7.614393726401688,-0.378716744913928,,,,,,,,,,,,,,,,,,,,,,,,
IDFL-2DPA,toluene,stddft,8.5e-09,4.09e-08,3.021,2.733,0.2879999999999998,0.2597,5.820000000000001,3.24e-08,3.24e-08,1.04976e-15,4.9400000000000006e-08,3.4765000000000004e-16,-8.065501548756432,-7.387216143280264,4.811764705882354,,,,,,,,,,,,,,,,,,,,,,,,
IP-PPI,gas,stda,3.11e-08,-7.88e-08,3.837,3.261,0.5760000000000001,0.9134,6.915,-1.099e-07,1.099e-07,1.207801e-14,-4.7700000000000004e-08,-2.4506800000000002e-15,-7.505845405981558,-7.102922996790579,-2.533762057877813,,,,,,,,,,,,,,,,,,,,,,,,
IP-PPI,gas,stddft,-6.73e-08,-4.14e-08,3.798,3.229,0.569,0.8672,6.915,2.59e-08,2.59e-08,6.7081e-16,-1.087e-07,2.78622e-15,-7.17134010346468,-7.3819519032879075,0.6151560178306092,,,,,,,,,,,,,,,,,,,,,,,,
IP-PPI,toluene,stda,-5.63e-08,-1.606e-07,3.813,3.255,0.5580000000000003,0.7613,6.974,-1.043e-07,1.043e-07,1.087849e-14,-2.169e-07,9.04178e-15,-7.248720896016658,-6.793984123236656,2.8525754884547068,,,,,,,,,,,,,,,,,,,,,,,,
IP-PPI,toluene,stddft,4.4e-08,-9.95e-08,3.774,3.224,0.5499999999999998,0.7113,6.974,-1.4349999999999998e-07,1.4349999999999998e-07,2.059225e-14,-5.55e-08,-4.378e-15,-7.355561410532162,-7.001740661576301,-2.2613636363636367,,,,,,,,,,,,,,,,,,,,,,,,
IPTAC,gas,stda,-2e-09,-1.107e-07,3.071,2.402,0.669,0.2755,6.185999999999999,-1.087e-07,1.087e-07,1.181569e-14,-1.1270000000000001e-07,2.2140000000000003e-16,-8.67778070526608,-6.955460239607589,55.35,,,,,,,,,,,,,,,,,,,,,,,,
IPTAC,gas,stddft,1.3e-09,3.59e-08,2.998,2.351,0.6470000000000002,0.2492,6.185999999999999,3.46e-08,3.46e-08,1.19716e-15,3.72e-08,4.667e-17,-8.853871964321762,-7.443697499232713,27.615384615384613,,,,,,,,,,,,,,,,,,,,,,,,
IPTAC,toluene,stda,2.37e-08,6.75e-08,3.116,2.426,0.69,0.2615,6.246999999999999,4.38e-08,4.38e-08,1.91844e-15,9.12e-08,1.59975e-15,-7.623423042943488,-7.1700533040583645,2.848101265822785,,,,,,,,,,,,,,,,,,,,,,,,
IPTAC,toluene,stddft,6.3e-09,1.509e-07,3.042,2.374,0.6679999999999997,0.2486,6.246999999999999,1.446e-07,1.446e-07,2.090916e-14,1.572e-07,9.506700000000001e-16,-8.193820026016112,-6.82102305270683,23.952380952380956,,,,,,,,,,,,,,,,,,,,,,,,
IQ-Se,gas,stda,-8e-08,-1.71e-08,3.627,2.835,0.7919999999999998,0.0765,6.832,6.29e-08,6.29e-08,3.95641e-15,-9.71e-08,1.3680000000000001e-15,-7.096367483915762,-7.764471553092451,0.21375,,,,,,,,,,,,,,,,,,,,,,,,
IQ-Se,gas,stddft,6.05e-08,5.37e-08,3.562,2.796,0.766,0.041,6.832,-6.800000000000008e-09,6.800000000000008e-09,4.6240000000000105e-17,1.142e-07,3.2488500000000003e-15,-7.217527375833714,-7.269217724333611,0.8876033057851238,,,,,,,,,,,,,,,,,,,,,,,,
IQ-Se,toluene,stda,-2.74e-08,5.01e-08,3.532,2.715,0.8170000000000002,0.5295,6.753,7.75e-08,7.75e-08,6.00625e-15,2.27e-08,-1.37274e-15,-7.560667306169737,-7.29929628285498,-1.8284671532846717,,,,,,,,,,,,,,,,,,,,,,,,
IQ-Se,toluene,stddft,-2.61e-08,-2.45e-08,3.444,2.676,0.7679999999999998,0.3912,6.753,1.5999999999999976e-09,1.5999999999999976e-09,2.5599999999999933e-18,-5.06e-08,6.3945e-16,-7.581698708680254,-7.609064892896621,0.9386973180076628,,,,,,,,,,,,,,,,,,,,,,,,
IQ-oTPA,gas,stda,-6e-10,-2.3e-09,2.799,2.801,-0.0020000000000002,0.0016,4.901,-1.7e-09,1.7e-09,2.89e-18,-2.9e-09,1.38e-18,-9.154901959985745,-8.619788758288394,3.833333333333333,,,,,,,,,,,,,,,,,,,,,,,,
IQ-oTPA,gas,stddft,-5.8e-09,2.1e-09,2.799,2.8,-0.0009999999999998,0.0016,4.901,7.9e-09,7.9e-09,6.240999999999999e-17,-3.6999999999999996e-09,-1.218e-17,-8.229147988357855,-8.657577319177793,-0.3620689655172414,,,,,,,,,,,,,,,,,,,,,,,,
IQ-oTPA,toluene,stda,7e-10,-8.5e-09,2.701,2.706,-0.0049999999999998,0.0027,4.651999999999999,-9.2e-09,9.2e-09,8.463999999999998e-17,-7.8e-09,-5.95e-18,-9.096910013008056,-8.065501548756432,-12.142857142857144,,,,,,,,,,,,,,,,,,,,,,,,
IQ-oTPA,toluene,stddft,-2.1e-09,7.1e-09,2.7,2.706,-0.0059999999999997,0.0025,4.651999999999999,9.2e-09,9.2e-09,8.463999999999998e-17,5e-09,-1.4910000000000002e-17,-8.657577319177793,-8.142667503568731,-3.3809523809523805,,,,,,,,,,,,,,,,,,,,,,,,
ImPy-1,gas,stda,8.29e-08,2.443e-07,3.295,2.661,0.6339999999999999,0.3172,6.528999999999999,1.614e-07,1.614e-07,2.604996e-14,3.272e-07,2.025247e-14,-7.080921907623926,-6.611898798429484,2.94692400482509,,,,,,,,,,,,,,,,,,,,,,,,
ImPy-1,gas,stddft,3.43e-08,3.32e-08,3.202,2.625,0.577,0.2507,6.528999999999999,-1.100000000000003e-09,1.100000000000003e-09,1.210000000000007e-18,6.75e-08,1.13876e-15,-7.46344155742847,-7.47755576649368,0.9679300291545188,,,,,,,,,,,,,,,,,,,,,,,,
ImPy-1,toluene,stda,-1.47e-08,-1.5e-08,3.295,2.665,0.6299999999999999,0.3136,6.482,-2.999999999999994e-10,2.999999999999994e-10,8.999999999999963e-20,-2.97e-08,2.2049999999999998e-16,-7.829738284605042,-7.82102305270683,1.020408163265306,,,,,,,,,,,,,,,,,,,,,,,,
ImPy-1,toluene,stddft,-8.92e-08,-6.16e-08,3.203,2.63,0.573,0.2478,6.482,2.7600000000000012e-08,2.7600000000000012e-08,7.617600000000006e-16,-1.508e-07,5.49472e-15,-7.049148541111453,-7.209714835966758,0.6905829596412555,,,,,,,,,,,,,,,,,,,,,,,,
ImPy-2,gas,stda,1.18e-08,-5.08e-08,3.282,2.652,0.6299999999999999,0.3139,6.625,-6.259999999999999e-08,6.259999999999999e-08,3.918759999999999e-15,-3.9e-08,-5.994399999999999e-16,-7.924453038607469,-7.293282217663242,-4.305084745762712,,,,,,,,,,,,,,,,,,,,,,,,
ImPy-2,gas,stddft,-9.1e-09,3.54e-08,3.193,2.616,0.577,0.2488,6.625,4.45e-08,4.45e-08,1.98025e-15,2.63e-08,-3.2214e-16,-8.036212172654444,-7.449771646944906,-3.89010989010989,,,,,,,,,,,,,,,,,,,,,,,,
ImPy-2,toluene,stda,-7.01e-08,-8.5e-09,3.276,2.656,0.6199999999999997,0.307,6.572,6.16e-08,6.16e-08,3.794559999999999e-15,-7.86e-08,5.9585e-16,-7.153662887870195,-8.065501548756432,0.1212553495007132,,,,,,,,,,,,,,,,,,,,,,,,
ImPy-2,toluene,stddft,-4.07e-08,7.8e-09,3.187,2.621,0.5659999999999998,0.2425,6.572,4.85e-08,4.85e-08,2.3522500000000003e-15,-3.29e-08,-3.1746000000000003e-16,-7.38933983691012,-8.102372908709558,-0.1916461916461916,,,,,,,,,,,,,,,,,,,,,,,,
ImPy-3,gas,stda,-1.64e-08,-1.65e-08,3.199,2.546,0.653,0.8681,5.871,-9.99999999999976e-11,9.99999999999976e-11,9.999999999999518e-21,-3.29e-08,2.706e-16,-7.782516055786093,-7.779891911959945,1.0060975609756095,,,,,,,,,,,,,,,,,,,,,,,,
ImPy-3,gas,stddft,1.217e-07,2.75e-08,3.134,2.489,0.645,0.689,5.871,-9.420000000000001e-08,9.420000000000001e-08,8.873640000000002e-15,1.492e-07,3.346750000000001e-15,-6.914352711703144,-7.559090917934782,0.2259654889071487,,,,,,,,,,,,,,,,,,,,,,,,
ImPy-3,toluene,stda,1.96e-08,-6.28e-08,3.162,2.534,0.6280000000000001,0.8639,5.801,-8.240000000000002e-08,8.240000000000002e-08,6.789760000000002e-15,-4.32e-08,-1.2308800000000002e-15,-7.705533773838407,-7.201349354554731,-3.204081632653061,,,,,,,,,,,,,,,,,,,,,,,,
ImPy-3,toluene,stddft,-7.16e-08,-7.81e-08,3.102,2.478,0.6239999999999997,0.7082,5.801,-6.4999999999999995e-09,6.4999999999999995e-09,4.2249999999999984e-17,-1.4970000000000002e-07,5.591960000000001e-15,-7.1444808443322,-7.106793246940152,1.090782122905028,,,,,,,,,,,,,,,,,,,,,,,,
InDM,gas,stda,1.01e-07,8.3e-09,3.999,3.371,0.6280000000000001,0.0535,7.209,-9.27e-08,9.27e-08,8.59329e-15,1.093e-07,8.383e-16,-6.995248844408999,-8.075720713938118,0.0821782178217821,,,,,,,,,,,,,,,,,,,,,,,,
InDM,gas,stddft,-1.25e-08,-1.143e-07,3.916,3.351,0.565,0.0461,7.209,-1.018e-07,1.018e-07,1.036324e-14,-1.268e-07,1.42875e-15,-7.899629454882437,-6.941573975542995,9.144,,,,,,,,,,,,,,,,,,,,,,,,
InDM,toluene,stda,2.5e-08,6.95e-08,4.048,3.378,0.6699999999999999,0.0365,7.064,4.45e-08,4.45e-08,1.9802499999999998e-15,9.45e-08,1.7374999999999997e-15,-7.600326278518962,-7.157390760389438,2.78,,,,,,,,,,,,,,,,,,,,,,,,
InDM,toluene,stddft,5.04e-08,-3.2e-09,3.966,3.358,0.6080000000000001,0.0471,7.064,-5.3600000000000004e-08,5.3600000000000004e-08,2.8729600000000004e-15,4.72e-08,-1.6128e-16,-7.296708621881338,-8.481486060122112,-0.0634920634920634,,,,,,,,,,,,,,,,,,,,,,,,
IpCm-PhBzAc,gas,stda,1.26e-07,2.59e-08,3.781,3.122,0.6590000000000003,1.0878,6.112000000000001,-1.001e-07,1.001e-07,1.0020009999999998e-14,1.519e-07,3.2634e-15,-6.899284913426919,-7.585026652029182,0.2055555555555555,,,,,,,,,,,,,,,,,,,,,,,,
IpCm-PhBzAc,gas,stddft,9.12e-08,-4.12e-08,3.719,3.09,0.629,0.9038,6.112000000000001,-1.324e-07,1.324e-07,1.7529759999999998e-14,5e-08,-3.75744e-15,-7.039529222465701,-7.384049948343599,-0.4517543859649123,,,,,,,,,,,,,,,,,,,,,,,,
IpCm-PhBzAc,toluene,stda,9.18e-08,-7.07e-08,3.732,3.073,0.6590000000000003,0.9657,6.036,-1.625e-07,1.625e-07,2.640625e-14,2.11e-08,-6.490260000000001e-15,-7.036684488613889,-7.149966742310231,-0.7701525054466232,,,,,,,,,,,,,,,,,,,,,,,,
IpCm-PhBzAc,toluene,stddft,2.71e-08,2.44e-08,3.67,3.041,0.629,0.9083,6.036,-2.700000000000001e-09,2.700000000000001e-09,7.290000000000005e-18,5.150000000000001e-08,6.612400000000002e-16,-7.565431095965801,-7.610833915635467,0.9003690036900369,,,,,,,,,,,,,,,,,,,,,,,,
LEt,gas,stda,-4.69e-08,1.015e-07,5.014,4.824,0.1900000000000004,0.0035,8.923,1.484e-07,1.484e-07,2.202256e-14,5.46e-08,-4.76035e-15,-7.327902142064283,-6.9931062920521,-2.164179104477612,,,,,,,,,,,,,,,,,,,,,,,,
LEt,gas,stddft,6.8e-09,-1.319e-07,4.987,4.795,0.1920000000000001,0.0031,8.923,-1.3870000000000004e-07,1.3870000000000004e-07,1.9237690000000004e-14,-1.251e-07,-8.9692e-16,-8.161150909262744,-6.87942606879415,-19.397058823529413,,,,,,,,,,,,,,,,,,,,,,,,
LEt,toluene,stda,1.471e-07,2e-08,5.02,4.856,0.1639999999999997,0.0031,8.881,-1.271e-07,1.271e-07,1.6154409999999994e-14,1.6709999999999998e-07,2.942e-15,-6.83209218999852,-7.696803942579511,0.1359619306594154,,,,,,,,,,,,,,,,,,,,,,,,
LEt,toluene,stddft,-9.28e-08,-1.122e-07,4.993,4.826,0.1670000000000007,0.0029,8.881,-1.9400000000000002e-08,1.9400000000000002e-08,3.7636000000000007e-16,-2.05e-07,1.0412159999999999e-14,-7.031984286006359,-6.949620243738543,1.209051724137931,,,,,,,,,,,,,,,,,,,,,,,,
LiPr,gas,stda,3.1e-08,1.188e-07,4.979,4.796,0.1829999999999998,0.0012,8.954999999999998,8.78e-08,8.78e-08,7.708840000000002e-15,1.498e-07,3.6828e-15,-7.507239610973162,-6.924818145381308,3.832258064516129,,,,,,,,,,,,,,,,,,,,,,,,
LiPr,gas,stddft,1.91e-08,-2.22e-08,4.952,4.766,0.1859999999999999,0.0012,8.954999999999998,-4.13e-08,4.13e-08,1.70569e-15,-3.100000000000001e-09,-4.2402e-16,-7.716698771296451,-7.651695136951839,-1.162303664921466,,,,,,,,,,,,,,,,,,,,,,,,
LiPr,toluene,stda,2.77e-08,1.163e-07,4.994,4.822,0.1719999999999997,0.0033,8.943999999999999,8.86e-08,8.86e-08,7.84996e-15,1.44e-07,3.22151e-15,-7.555955204081924,-6.934047019686131,4.1985559566787005,,,,,,,,,,,,,,,,,,,,,,,,
LiPr,toluene,stddft,1.68e-08,-6.72e-08,4.966,4.793,0.173,0.0032,8.943999999999999,-8.400000000000001e-08,8.400000000000001e-08,7.056000000000002e-15,-5.04e-08,-1.1289600000000005e-15,-7.772113295386326,-7.171984935776023,-4.0,,,,,,,,,,,,,,,,,,,,,,,,
MBF,gas,stda,-5.17e-08,-6.7e-09,2.773,2.475,0.298,0.8425,4.93,4.5e-08,4.5e-08,2.025e-15,-5.84e-08,3.4639e-16,-7.285670240254767,-8.167491087293763,0.1295938104448742,,,,,,,,,,,,,,,,,,,,,,,,
MBF,gas,stddft,-1.89e-08,1.89e-08,2.75,2.452,0.298,0.7586,4.93,3.78e-08,3.78e-08,1.4288400000000002e-15,0.0,-3.5721000000000004e-16,-7.721246399047171,-7.721246399047171,-1.0,,,,,,,,,,,,,,,,,,,,,,,,
MBF,toluene,stda,1.99e-08,2.66e-08,2.624,2.307,0.3170000000000001,0.8568,4.728,6.7e-09,6.7e-09,4.489000000000001e-17,4.65e-08,5.293399999999999e-16,-7.698970004336019,-7.573488738635425,1.3366834170854272,,,,,,,,,,,,,,,,,,,,,,,,
MBF,toluene,stddft,5.25e-08,4.03e-08,2.598,2.294,0.3039999999999998,0.7576,4.728,-1.2200000000000005e-08,1.2200000000000005e-08,1.4884000000000012e-16,9.28e-08,2.11575e-15,-7.279014255846261,-7.393618634889395,0.7676190476190475,,,,,,,,,,,,,,,,,,,,,,,,
MCZ-P2-DTM,gas,stda,-1.26e-08,7.25e-08,3.68,3.268,0.4120000000000003,1.0725,6.38,8.51e-08,8.51e-08,7.242009999999997e-15,5.99e-08,-9.135e-16,-7.896196279044043,-7.139063379299906,-5.753968253968253,,,,,,,,,,,,,,,,,,,,,,,,
MCZ-P2-DTM,gas,stddft,-7.4e-09,-3.53e-08,3.641,3.248,0.3929999999999998,0.9363,6.38,-2.79e-08,2.79e-08,7.7841e-16,-4.27e-08,2.6122e-16,-8.1249387366083,-7.450996737974212,4.77027027027027,,,,,,,,,,,,,,,,,,,,,,,,
MCZ-P2-DTM,toluene,stda,6.29e-08,7e-10,3.642,3.226,0.4159999999999999,1.1305,6.327,-6.22e-08,6.22e-08,3.86884e-15,6.36e-08,4.403e-17,-7.200659450546419,-9.096910013008056,0.0111287758346581,,,,,,,,,,,,,,,,,,,,,,,,
MCZ-P2-DTM,toluene,stddft,-2.38e-08,-2.6e-08,3.606,3.206,0.3999999999999999,0.9966,6.327,-2.2e-09,2.2e-09,4.84e-18,-4.98e-08,6.188e-16,-7.621602099051862,-7.583359492661719,1.092436974789916,,,,,,,,,,,,,,,,,,,,,,,,
MDP3FL,gas,stda,2.1e-08,-2.4e-09,3.711,3.284,0.427,3.5536,6.196000000000001,-2.34e-08,2.34e-08,5.4756e-16,1.86e-08,-5.04e-17,-7.675717544702307,-8.602059991327963,-0.1142857142857142,,,,,,,,,,,,,,,,,,,,,,,,
MDP3FL,gas,stddft,-3.7e-08,8.77e-08,3.693,3.257,0.4359999999999999,3.2873,6.196000000000001,1.247e-07,1.247e-07,1.555009e-14,5.07e-08,-3.2449e-15,-7.430626090384954,-7.056505484093898,-2.3702702702702703,,,,,,,,,,,,,,,,,,,,,,,,
MDP3FL,toluene,stda,-2.21e-08,6.9e-09,3.707,3.285,0.4219999999999997,4.064,6.177999999999999,2.9e-08,2.9e-08,8.41e-16,-1.52e-08,-1.5249e-16,-7.653647025549361,-8.154901959985743,-0.3122171945701357,,,,,,,,,,,,,,,,,,,,,,,,
MDP3FL,toluene,stddft,7.23e-08,-1.61e-08,3.689,3.258,0.431,3.7658,6.177999999999999,-8.84e-08,8.84e-08,7.81456e-15,5.6200000000000014e-08,-1.16403e-15,-7.140261433802853,-7.790484985457369,-0.22268326417704,,,,,,,,,,,,,,,,,,,,,,,,
MOF,gas,stda,9.44e-08,-5.09e-08,4.703,4.237,0.4660000000000002,0.0246,8.347999999999999,-1.453e-07,1.453e-07,2.1112090000000003e-14,4.35e-08,-4.80496e-15,-7.024568191490737,-7.292429823902063,-0.5391949152542372,,,,,,,,,,,,,,,,,,,,,,,,
MOF,gas,stddft,-8.29e-08,9.16e-08,4.657,4.207,0.4500000000000002,0.0242,8.347999999999999,1.745e-07,1.745e-07,3.045024999999999e-14,8.700000000000005e-09,-7.59364e-15,-7.080921907623926,-7.037630664329979,-1.1049457177322075,,,,,,,,,,,,,,,,,,,,,,,,
MOF,toluene,stda,1.73e-08,3.79e-08,4.828,4.313,0.5150000000000006,0.0382,8.652999999999999,2.06e-08,2.06e-08,4.243600000000001e-16,5.520000000000001e-08,6.5567e-16,-7.7594507517174,-7.42021640338319,2.1907514450867054,,,,,,,,,,,,,,,,,,,,,,,,
MOF,toluene,stddft,9.9e-08,1.479e-07,4.785,4.287,0.4980000000000002,0.0361,8.652999999999999,4.89e-08,4.89e-08,2.3912099999999997e-15,2.469e-07,1.46421e-14,-7.003926345514724,-6.8297382846050425,1.493939393939394,,,,,,,,,,,,,,,,,,,,,,,,
MPA,gas,stda,-4.75e-08,-8.82e-08,3.11,2.749,0.3609999999999997,0.0163,5.48,-4.07e-08,4.07e-08,1.6564899999999994e-15,-1.357e-07,4.1895e-15,-7.322393047279506,-7.054039296422432,1.8568421052631576,,,,,,,,,,,,,,,,,,,,,,,,
MPA,gas,stddft,2.54e-08,-1.36e-07,3.072,2.718,0.3540000000000001,0.0138,5.48,-1.614e-07,1.614e-07,2.604996e-14,-1.106e-07,-3.4544e-15,-7.5934598195660445,-6.866141874796665,-5.354330708661418,,,,,,,,,,,,,,,,,,,,,,,,
MPA,toluene,stda,-1.109e-07,5.18e-08,3.114,2.752,0.3620000000000001,0.0174,5.414000000000001,1.627e-07,1.627e-07,2.647129e-14,-5.909999999999999e-08,-5.74462e-15,-6.954677021213342,-7.284832642151542,-0.467087466185753,,,,,,,,,,,,,,,,,,,,,,,,
MPA,toluene,stddft,-3.62e-08,5.99e-08,3.075,2.721,0.3540000000000001,0.0143,5.414000000000001,9.61e-08,9.61e-08,9.235209999999998e-15,2.37e-08,-2.16838e-15,-7.440093374963888,-7.221848749616356,-1.6546961325966851,,,,,,,,,,,,,,,,,,,,,,,,
MPAc,gas,stda,3.3e-09,5.6e-08,4.266,3.737,0.5289999999999999,0.0935,7.982000000000001,5.27e-08,5.27e-08,2.77729e-15,5.93e-08,1.848e-16,-8.468521082957745,-7.251037138743839,16.96969696969697,,,,,,,,,,,,,,,,,,,,,,,,
MPAc,gas,stddft,3.61e-08,-4.6e-09,4.202,3.706,0.496,0.0791,7.982000000000001,-4.07e-08,4.07e-08,1.65649e-15,3.15e-08,-1.6605999999999998e-16,-7.441291429466834,-8.327902142064282,-0.1274238227146814,,,,,,,,,,,,,,,,,,,,,,,,
MPAc,toluene,stda,4.16e-08,5.02e-08,4.251,3.762,0.4890000000000003,0.0893,7.944,8.599999999999998e-09,8.599999999999998e-09,7.395999999999996e-17,9.18e-08,2.08832e-15,-7.379863945026242,-7.298432014944073,1.2067307692307692,,,,,,,,,,,,,,,,,,,,,,,,
MPAc,toluene,stddft,3.95e-08,1.156e-07,4.186,3.744,0.4419999999999997,0.0753,7.944,7.61e-08,7.61e-08,5.79121e-15,1.551e-07,4.566200000000001e-15,-7.402304814074488,-6.936666641048251,2.9265822784810127,,,,,,,,,,,,,,,,,,,,,,,,
MPPA,gas,stda,-5e-10,-5.9e-09,2.806,2.449,0.3570000000000002,0.0195,4.420999999999999,-5.3999999999999996e-09,5.3999999999999996e-09,2.916e-17,-6.4e-09,2.95e-18,-9.221848749616356,-8.221848749616356,11.8,,,,,,,,,,,,,,,,,,,,,,,,
MPPA,gas,stddft,3.41e-08,-3.4e-08,2.777,2.434,0.3429999999999999,0.0158,4.420999999999999,-6.810000000000002e-08,6.810000000000002e-08,4.637610000000001e-15,1.000000000000009e-10,-1.1594e-15,-7.465973893943865,-7.467245621007502,-0.997067448680352,,,,,,,,,,,,,,,,,,,,,,,,
MPPA,toluene,stda,-2.08e-08,1.6e-08,2.617,2.229,0.3879999999999999,0.145,4.253,3.68e-08,3.68e-08,1.35424e-15,-4.8e-09,-3.328e-16,-7.679853713888946,-7.79317412396815,-0.7692307692307693,,,,,,,,,,,,,,,,,,,,,,,,
MPPA,toluene,stddft,-9.3e-09,3.81e-08,2.582,2.214,0.3679999999999999,0.108,4.253,4.74e-08,4.74e-08,2.2467600000000002e-15,2.88e-08,-3.5433e-16,-8.0268721464003,-7.4179366370882915,-4.096774193548386,,,,,,,,,,,,,,,,,,,,,,,,
Me-DMAC,gas,stda,1.63e-08,6.4e-09,3.598,3.427,0.1709999999999998,0.1839,5.8,-9.9e-09,9.9e-09,9.800999999999999e-17,2.27e-08,1.0432e-16,-7.785156151952302,-8.187086643357144,0.3926380368098159,,,,,,,,,,,,,,,,,,,,,,,,
Me-DMAC,gas,stddft,-4.4e-09,1.27e-08,3.589,3.395,0.1939999999999999,0.173,5.8,1.71e-08,1.71e-08,2.9241e-16,8.3e-09,-5.588e-17,-8.346787486224656,-7.892790030352132,-2.8863636363636367,,,,,,,,,,,,,,,,,,,,,,,,
Me-DMAC,toluene,stda,-3.62e-08,-1.17e-08,3.616,3.396,0.2200000000000002,0.1429,5.692000000000001,2.45e-08,2.45e-08,6.0025e-16,-4.79e-08,4.2354e-16,-7.440093374963888,-7.928117992693875,0.3232044198895027,,,,,,,,,,,,,,,,,,,,,,,,
Me-DMAC,toluene,stddft,-1.84e-08,4e-08,3.609,3.364,0.2450000000000001,0.1351,5.692000000000001,5.84e-08,5.84e-08,3.41056e-15,2.16e-08,-7.36e-16,-7.732828271596986,-7.396855627379818,-2.173913043478261,,,,,,,,,,,,,,,,,,,,,,,,
Me-DOC,gas,stda,8.56e-08,2.99e-08,3.522,2.959,0.5629999999999997,0.5253,6.004,-5.57e-08,5.57e-08,3.10249e-15,1.155e-07,2.55944e-15,-7.0670191780768015,-7.522878745280337,0.3492990654205608,,,,,,,,,,,,,,,,,,,,,,,,
Me-DOC,gas,stddft,1.07e-08,-2.41e-08,3.423,2.932,0.4910000000000001,0.3683,6.004,-3.48e-08,3.48e-08,1.21104e-15,-1.3400000000000001e-08,-2.5787e-16,-7.966576244513051,-7.616184634019569,-2.2523364485981308,,,,,,,,,,,,,,,,,,,,,,,,
Me-DOC,toluene,stda,1.4e-08,-2.55e-08,3.518,2.941,0.577,0.4467,5.92,-3.95e-08,3.95e-08,1.5602500000000005e-15,-1.15e-08,-3.57e-16,-7.85078088734462,-7.591760034688151,-1.8214285714285716,,,,,,,,,,,,,,,,,,,,,,,,
Me-DOC,toluene,stddft,1.342e-07,2.5e-09,3.414,2.913,0.5010000000000003,0.3151,5.92,-1.317e-07,1.317e-07,1.734489e-14,1.367e-07,3.355e-16,-6.871923987331285,-8.585026652029182,0.018628912071535,,,,,,,,,,,,,,,,,,,,,,,,
Me-MOC,gas,stda,5.78e-08,3.5e-08,3.648,3.135,0.5130000000000003,0.4149,6.196,-2.28e-08,2.28e-08,5.1984e-16,9.280000000000001e-08,2.0230000000000003e-15,-7.2373214362725635,-7.454692883534176,0.6055363321799309,,,,,,,,,,,,,,,,,,,,,,,,
Me-MOC,gas,stddft,4.86e-08,-5.9e-08,3.563,3.11,0.4530000000000003,0.3081,6.196,-1.076e-07,1.076e-07,1.1577759999999999e-14,-1.04e-08,-2.8674e-15,-7.312471038785365,-7.228412519118745,-1.213991769547325,,,,,,,,,,,,,,,,,,,,,,,,
Me-MOC,toluene,stda,-3.76e-08,8.85e-08,3.639,3.118,0.5209999999999999,0.3609,6.119999999999999,1.261e-07,1.261e-07,1.590121e-14,5.0900000000000006e-08,-3.3276000000000007e-15,-7.423658649794207,-7.052566278112949,-2.3537234042553195,,,,,,,,,,,,,,,,,,,,,,,,
Me-MOC,toluene,stddft,-5e-09,1.42e-08,3.55,3.092,0.4579999999999997,0.2693,6.119999999999999,1.92e-08,1.92e-08,3.6864e-16,9.2e-09,-7.1e-17,-8.292429823902063,-7.844663962534939,-2.84,,,,,,,,,,,,,,,,,,,,,,,,
Me2ACBO,gas,stda,8.27e-08,3.21e-08,3.412,2.981,0.431,0.4683,5.712000000000001,-5.06e-08,5.06e-08,2.5603600000000004e-15,1.1480000000000001e-07,2.654670000000001e-15,-7.08196966321512,-7.492144128304169,0.3881499395405078,,,,,,,,,,,,,,,,,,,,,,,,
Me2ACBO,gas,stddft,-7.8e-09,4.86e-08,3.375,2.959,0.4159999999999999,0.4261,5.712000000000001,5.64e-08,5.64e-08,3.1809600000000007e-15,4.08e-08,-3.7908e-16,-8.102372908709558,-7.312471038785365,-6.23076923076923,,,,,,,,,,,,,,,,,,,,,,,,
Me2ACBO,toluene,stda,-9.1e-09,-3.79e-08,3.528,3.11,0.4180000000000001,0.1893,5.737,-2.88e-08,2.88e-08,8.2944e-16,-4.7000000000000004e-08,3.4489e-16,-8.036212172654444,-7.42021640338319,4.164835164835165,,,,,,,,,,,,,,,,,,,,,,,,
Me2ACBO,toluene,stddft,2.8e-09,-3.36e-08,3.508,3.091,0.4169999999999998,0.1997,5.737,-3.64e-08,3.64e-08,1.3249600000000001e-15,-3.0800000000000004e-08,-9.408e-17,-8.537602002101044,-7.472370099128661,-12.000000000000002,,,,,,,,,,,,,,,,,,,,,,,,
MeCZ-TRZ,gas,stda,-1.28e-08,-6.13e-08,3.937,3.501,0.4359999999999999,0.5121,6.481000000000001,-4.85e-08,4.85e-08,2.35225e-15,-7.41e-08,7.846400000000002e-16,-7.889410289700751,-7.211831628858833,4.7890625,,,,,,,,,,,,,,,,,,,,,,,,
MeCZ-TRZ,gas,stddft,-1.404e-07,-2.19e-08,3.885,3.479,0.4059999999999997,0.3426,6.481000000000001,1.1850000000000001e-07,1.1850000000000001e-07,1.404225e-14,-1.6230000000000004e-07,3.0747600000000007e-15,-6.852323675758901,-7.657577319177793,0.1559829059829059,,,,,,,,,,,,,,,,,,,,,,,,
MeCZ-TRZ,toluene,stda,1.73e-08,3.7e-09,3.957,3.509,0.4479999999999999,0.6052,6.516,-1.36e-08,1.36e-08,1.8496e-16,2.1e-08,6.401e-17,-7.7594507517174,-8.42021640338319,0.2138728323699422,,,,,,,,,,,,,,,,,,,,,,,,
MeCZ-TRZ,toluene,stddft,4.47e-08,-4.2e-08,3.907,3.486,0.4209999999999998,0.4847,6.516,-8.67e-08,8.67e-08,7.51689e-15,2.7000000000000043e-09,-1.8774e-15,-7.348721986001855,-7.375717904164332,-0.9395973154362416,,,,,,,,,,,,,,,,,,,,,,,,
MeOCzPCN,gas,stda,4.46e-08,3.85e-08,3.502,2.898,0.6039999999999996,0.5418,6.606999999999999,-6.1000000000000025e-09,6.1000000000000025e-09,3.721000000000002e-17,8.31e-08,1.7171e-15,-7.349692476868063,-7.413412695328245,0.8632286995515694,,,,,,,,,,,,,,,,,,,,,,,,
MeOCzPCN,gas,stddft,7.68e-08,-2.02e-08,3.447,2.876,0.5710000000000002,0.3451,6.606999999999999,-9.7e-08,9.7e-08,9.409e-15,5.6600000000000004e-08,-1.5513599999999998e-15,-7.114073660198569,-7.692503962086787,-0.2630208333333333,,,,,,,,,,,,,,,,,,,,,,,,
MeOCzPCN,toluene,stda,-7.7e-08,2.68e-08,3.451,2.823,0.6280000000000001,0.0226,6.507999999999999,1.038e-07,1.038e-07,1.077444e-14,-5.02e-08,-2.0636e-15,-7.112945621949043,-7.570247719997592,-0.348051948051948,,,,,,,,,,,,,,,,,,,,,,,,
MeOCzPCN,toluene,stddft,-6.73e-08,-5.83e-08,3.388,2.8,0.5880000000000001,0.0184,6.507999999999999,9.000000000000001e-09,9.000000000000001e-09,8.100000000000001e-17,-1.256e-07,3.92359e-15,-7.17134010346468,-7.2335871528876,0.8662704309063893,,,,,,,,,,,,,,,,,,,,,,,,
N-B,gas,stda,2.2e-09,-3.87e-08,4.094,3.838,0.2560000000000002,0.1839,7.620999999999999,-4.09e-08,4.09e-08,1.6728100000000005e-15,-3.65e-08,-8.514e-17,-8.638272163982407,-7.411168274405792,-17.590909090909093,,,,,,,,,,,,,,,,,,,,,,,,
N-B,gas,stddft,-1.79e-08,-9.1e-09,4.081,3.822,0.2590000000000003,0.1677,7.620999999999999,8.800000000000001e-09,8.800000000000001e-09,7.744000000000002e-17,-2.7000000000000004e-08,1.6289000000000002e-16,-7.744727494896693,-8.036212172654444,0.5083798882681564,,,,,,,,,,,,,,,,,,,,,,,,
N-B,toluene,stda,-2.2e-09,-6.62e-08,4.207,3.965,0.242,0.1722,7.674,-6.399999999999999e-08,6.399999999999999e-08,4.095999999999999e-15,-6.84e-08,1.4563999999999999e-16,-8.638272163982407,-7.178486471595227,30.090909090909093,,,,,,,,,,,,,,,,,,,,,,,,
N-B,toluene,stddft,-5.29e-08,1.22e-08,4.195,3.949,0.2460000000000004,0.1585,7.674,6.51e-08,6.51e-08,4.238009999999999e-15,-4.07e-08,-6.453799999999999e-16,-7.275724130399211,-7.910094888560602,-0.2306238185255198,,,,,,,,,,,,,,,,,,,,,,,,
N-BPyIA,gas,stda,7.35e-08,5.04e-08,3.187,2.251,0.936,0.733,5.98,-2.3100000000000002e-08,2.3100000000000002e-08,5.336100000000001e-16,1.239e-07,3.7044e-15,-7.133122185662502,-7.296708621881338,0.6857142857142857,,,,,,,,,,,,,,,,,,,,,,,,
N-BPyIA,gas,stddft,-7.32e-08,5.49e-08,3.022,2.181,0.8409999999999997,0.5195,5.98,1.281e-07,1.281e-07,1.6409609999999994e-14,-1.8299999999999992e-08,-4.01868e-15,-7.134896025358872,-7.259637310505756,-0.7500000000000001,,,,,,,,,,,,,,,,,,,,,,,,
N-BPyIA,toluene,stda,-5.9e-08,1.504e-07,3.212,2.254,0.9580000000000002,0.7437,6.215999999999999,2.094e-07,2.094e-07,4.384836e-14,9.14e-08,-8.8736e-15,-7.228412519118745,-6.822463500070138,-2.549152542372881,,,,,,,,,,,,,,,,,,,,,,,,
N-BPyIA,toluene,stddft,-1.47e-08,8.58e-08,3.044,2.184,0.8599999999999999,0.5127,6.215999999999999,1.005e-07,1.005e-07,1.0100250000000002e-14,7.11e-08,-1.26126e-15,-7.829738284605042,-7.066006836168758,-5.836734693877552,,,,,,,,,,,,,,,,,,,,,,,,
NA-TNA,gas,stda,3.16e-08,3.7e-09,3.141,2.477,0.6640000000000001,2.1993,5.130000000000001,-2.79e-08,2.79e-08,7.7841e-16,3.53e-08,1.1691999999999998e-16,-7.498940737782249,-8.42021640338319,0.1170886075949367,,,,,,,,,,,,,,,,,,,,,,,,
NA-TNA,gas,stddft,-2.86e-08,9.7e-09,3.09,2.425,0.665,1.9267,5.130000000000001,3.83e-08,3.83e-08,1.46689e-15,-1.8900000000000004e-08,-2.7742e-16,-7.542118103266008,-8.008773924307505,-0.3391608391608391,,,,,,,,,,,,,,,,,,,,,,,,
NA-TNA,toluene,stda,7.05e-08,-2.29e-08,3.006,2.336,0.6699999999999999,2.3925,4.882999999999999,-9.34e-08,9.34e-08,8.723560000000001e-15,4.76e-08,-1.61445e-15,-7.151195298948196,-7.638272163982407,-0.3248226950354609,,,,,,,,,,,,,,,,,,,,,,,,
NA-TNA,toluene,stddft,-1.168e-07,-5.83e-08,2.952,2.283,0.669,2.0828,4.882999999999999,5.85e-08,5.85e-08,3.42225e-15,-1.751e-07,6.80944e-15,-6.93218548883816,-7.2335871528876,0.4991438356164383,,,,,,,,,,,,,,,,,,,,,,,,
NAI–BiFA,gas,stda,2.04e-08,-6.16e-08,2.61,2.058,0.552,0.7525,5.615,-8.199999999999999e-08,8.199999999999999e-08,6.723999999999999e-15,-4.12e-08,-1.25664e-15,-7.688246138944246,-7.209714835966758,-3.0196078431372544,,,,,,,,,,,,,,,,,,,,,,,,
NAI–BiFA,gas,stddft,-2.22e-08,-2e-08,2.546,2.023,0.5229999999999997,0.6352,5.615,2.2e-09,2.2e-09,4.84e-18,-4.22e-08,4.44e-16,-7.651695136951839,-7.696803942579511,0.9009009009009008,,,,,,,,,,,,,,,,,,,,,,,,
NAI–BiFA,toluene,stda,-1.102e-07,-5.9e-09,2.545,1.926,0.619,0.7547,5.533999999999999,1.043e-07,1.043e-07,1.087849e-14,-1.1610000000000001e-07,6.501799999999999e-16,-6.957424487559809,-8.221848749616356,0.0535390199637023,,,,,,,,,,,,,,,,,,,,,,,,
NAI–BiFA,toluene,stddft,1.13e-08,-8.45e-08,2.468,1.885,0.583,0.6167,5.533999999999999,-9.58e-08,9.58e-08,9.17764e-15,-7.32e-08,-9.5485e-16,-7.943095148663527,-7.0726296369609765,-7.47787610619469,,,,,,,,,,,,,,,,,,,,,,,,
NAI–PhBiFA,gas,stda,-4.18e-08,3.99e-08,3.299,2.738,0.5609999999999999,1.3782,5.284000000000001,8.17e-08,8.17e-08,6.67489e-15,-1.899999999999997e-09,-1.66782e-15,-7.377785977033705,-7.397940008672037,-0.9545454545454546,,,,,,,,,,,,,,,,,,,,,,,,
NAI–PhBiFA,gas,stddft,8.9e-08,-1.133e-07,3.266,2.696,0.5699999999999998,1.263,5.284000000000001,-2.023e-07,2.023e-07,4.092529e-14,-2.43e-08,-1.00837e-14,-7.050122295963125,-6.945386945443112,-1.2730337078651686,,,,,,,,,,,,,,,,,,,,,,,,
NAI–PhBiFA,toluene,stda,3.3e-09,-9.85e-08,3.064,2.589,0.4750000000000001,1.2389,5.035,-1.018e-07,1.018e-07,1.036324e-14,-9.52e-08,-3.2505000000000003e-16,-8.468521082957745,-7.006123085058789,-29.848484848484848,,,,,,,,,,,,,,,,,,,,,,,,
NAI–PhBiFA,toluene,stddft,3.68e-08,-1.62e-08,3.033,2.551,0.4819999999999997,1.1369,5.035,-5.3e-08,5.3e-08,2.809e-15,2.06e-08,-5.9616e-16,-7.432973633840939,-7.787812395596042,-0.4402173913043478,,,,,,,,,,,,,,,,,,,,,,,,
NAQ3,gas,stda,-4.17e-08,-7.4e-09,2.539,2.138,0.4010000000000002,0.4894,5.282,3.43e-08,3.43e-08,1.1764900000000001e-15,-4.91e-08,3.0858000000000003e-16,-7.378823718224964,-8.1249387366083,0.1774580335731414,,,,,,,,,,,,,,,,,,,,,,,,
NAQ3,gas,stddft,-1.52e-08,3.13e-08,2.498,2.117,0.3810000000000002,0.423,5.282,4.65e-08,4.65e-08,2.16225e-15,1.6100000000000002e-08,-4.757600000000002e-16,-7.815308569182402,-7.503070351926785,-2.0592105263157894,,,,,,,,,,,,,,,,,,,,,,,,
NAQ3,toluene,stda,-4.35e-08,4.24e-08,2.516,2.118,0.3980000000000001,0.4704,5.258000000000001,8.59e-08,8.59e-08,7.378809999999999e-15,-1.0999999999999964e-09,-1.8444e-15,-7.360513510731414,-7.371611069949688,-0.974712643678161,,,,,,,,,,,,,,,,,,,,,,,,
NAQ3,toluene,stddft,3.66e-08,-3.35e-08,2.476,2.097,0.379,0.4044,5.258000000000001,-7.01e-08,7.01e-08,4.91401e-15,3.0999999999999947e-09,-1.2261e-15,-7.435333935747911,-7.473660722610156,-0.9153005464480876,,,,,,,,,,,,,,,,,,,,,,,,
NDN,gas,stda,4.24e-08,3.99e-08,3.837,3.445,0.3920000000000003,0.0479,7.202000000000001,-2.500000000000002e-09,2.500000000000002e-09,6.250000000000013e-18,8.23e-08,1.6917600000000001e-15,-7.371611069949688,-7.397940008672037,0.9410377358490566,,,,,,,,,,,,,,,,,,,,,,,,
NDN,gas,stddft,-7.27e-08,-6.64e-08,3.771,3.427,0.3439999999999998,0.0377,7.202000000000001,6.299999999999997e-09,6.299999999999997e-09,3.968999999999996e-17,-1.391e-07,4.82728e-15,-7.137868620686963,-7.177178354696896,0.9133425034387896,,,,,,,,,,,,,,,,,,,,,,,,
NDN,toluene,stda,-7.86e-08,1.096e-07,3.829,3.429,0.4000000000000003,0.0345,7.235,1.882e-07,1.882e-07,3.541924e-14,3.1e-08,-8.61456e-15,-7.104025267640935,-6.959793372425289,-1.3944020356234097,,,,,,,,,,,,,,,,,,,,,,,,
NDN,toluene,stddft,3.79e-08,6e-10,3.763,3.409,0.3540000000000001,0.0259,7.235,-3.73e-08,3.73e-08,1.3912900000000002e-15,3.85e-08,2.274e-17,-7.42021640338319,-9.154901959985745,0.0158311345646437,,,,,,,,,,,,,,,,,,,,,,,,
NIDPA-1,gas,stda,4.38e-08,1.572e-07,2.935,2.452,0.4830000000000001,0.1953,5.858,1.134e-07,1.134e-07,1.285956e-14,2.01e-07,6.88536e-15,-7.357535479757878,-6.803271277376713,3.589041095890411,,,,,,,,,,,,,,,,,,,,,,,,
NIDPA-1,gas,stddft,-1.61e-08,-2.02e-07,2.863,2.422,0.4409999999999998,0.1535,5.858,-1.8590000000000002e-07,1.8590000000000002e-07,3.4558810000000006e-14,-2.181e-07,3.2522e-15,-7.790484985457369,-6.694433686484696,12.54658385093168,,,,,,,,,,,,,,,,,,,,,,,,
NIDPA-1,toluene,stda,-4.03e-08,-5.76e-08,2.932,2.443,0.4889999999999999,0.1948,5.858999999999999,-1.7300000000000003e-08,1.7300000000000003e-08,2.9929000000000013e-16,-9.79e-08,2.32128e-15,-7.393618634889395,-7.238824186844268,1.429280397022333,,,,,,,,,,,,,,,,,,,,,,,,
NIDPA-1,toluene,stddft,5.22e-08,6.71e-08,2.859,2.412,0.447,0.1535,5.858999999999999,1.4900000000000001e-08,1.4900000000000001e-08,2.2201000000000003e-16,1.193e-07,3.50262e-15,-7.281498311132726,-7.172630726946175,1.28544061302682,,,,,,,,,,,,,,,,,,,,,,,,
NIDPA-2,gas,stda,-1.2e-09,8e-08,3.01,2.584,0.4259999999999997,0.3584,5.836999999999999,8.12e-08,8.12e-08,6.59344e-15,7.88e-08,-9.6e-17,-8.886056647693163,-7.096367483915762,-66.66666666666667,,,,,,,,,,,,,,,,,,,,,,,,
NIDPA-2,gas,stddft,-1.229e-07,-1.037e-07,2.941,2.564,0.3769999999999998,0.2932,5.836999999999999,1.92e-08,1.92e-08,3.6864e-16,-2.2660000000000003e-07,1.2744729999999998e-14,-6.910094888560602,-6.983802646487561,0.8437754271765663,,,,,,,,,,,,,,,,,,,,,,,,
NIDPA-2,toluene,stda,2.91e-08,-1.3e-08,3.014,2.58,0.4339999999999997,0.3726,5.816999999999999,-4.21e-08,4.21e-08,1.77241e-15,1.61e-08,-3.783e-16,-7.534617148551582,-7.882728704344236,-0.4467353951890034,,,,,,,,,,,,,,,,,,,,,,,,
NIDPA-2,toluene,stddft,-7e-10,-5.47e-08,2.944,2.559,0.3849999999999998,0.3033,5.816999999999999,-5.4e-08,5.4e-08,2.916e-15,-5.54e-08,3.829e-17,-9.096910013008056,-7.261219441515631,78.14285714285715,,,,,,,,,,,,,,,,,,,,,,,,
NPE-AcDPS,gas,stda,2.25e-08,5.43e-08,4.023,3.421,0.6019999999999999,0.0914,7.356,3.1800000000000013e-08,3.1800000000000013e-08,1.0112400000000004e-15,7.68e-08,1.22175e-15,-7.645891560852599,-7.26440110030182,2.4133333333333336,,,,,,,,,,,,,,,,,,,,,,,,
NPE-AcDPS,gas,stddft,-7.71e-08,1.48e-08,3.98,3.39,0.5899999999999999,0.0662,7.356,9.19e-08,9.19e-08,8.44561e-15,-6.23e-08,-1.14108e-15,-7.112382699664264,-7.826813731587726,-0.191958495460441,,,,,,,,,,,,,,,,,,,,,,,,
NPE-AcDPS,toluene,stda,-5e-09,-7.64e-08,3.859,3.402,0.4569999999999998,0.4285,7.345999999999999,-7.139999999999999e-08,7.139999999999999e-08,5.097959999999999e-15,-8.14e-08,3.82e-16,-8.292429823902063,-7.116338564846383,15.28,,,,,,,,,,,,,,,,,,,,,,,,
NPE-AcDPS,toluene,stddft,-3.76e-08,5.85e-08,3.824,3.37,0.4539999999999997,0.3455,7.345999999999999,9.61e-08,9.61e-08,9.235209999999998e-15,2.0900000000000002e-08,-2.1996e-15,-7.423658649794207,-7.23210238398191,-1.555851063829787,,,,,,,,,,,,,,,,,,,,,,,,
Na-DMAC,gas,stda,9.4e-09,-5.04e-08,3.564,3.117,0.447,0.1411,5.332000000000001,-5.98e-08,5.98e-08,3.5760400000000004e-15,-4.1e-08,-4.7376e-16,-8.022276394711152,-7.296708621881338,-5.361702127659575,,,,,,,,,,,,,,,,,,,,,,,,
Na-DMAC,gas,stddft,-2.1e-08,3.68e-08,3.561,3.072,0.4889999999999999,0.1389,5.332000000000001,5.78e-08,5.78e-08,3.34084e-15,1.58e-08,-7.728e-16,-7.675717544702307,-7.432973633840939,-1.7523809523809524,,,,,,,,,,,,,,,,,,,,,,,,
Na-DMAC,toluene,stda,-5.6e-09,-6.02e-08,3.538,3.102,0.4359999999999999,0.3098,5.244,-5.46e-08,5.46e-08,2.98116e-15,-6.58e-08,3.3711999999999994e-16,-8.244125144327509,-7.219682687859849,10.75,,,,,,,,,,,,,,,,,,,,,,,,
Na-DMAC,toluene,stddft,-1.89e-08,2.26e-08,3.532,3.058,0.4740000000000002,0.3,5.244,4.15e-08,4.15e-08,1.7222500000000001e-15,3.7e-09,-4.2714e-16,-7.721246399047171,-7.643974142806877,-1.1957671957671958,,,,,,,,,,,,,,,,,,,,,,,,
NyDPAc,gas,stda,-1.6e-08,-1.039e-07,3.717,3.356,0.3610000000000002,0.0347,5.718,-8.79e-08,8.79e-08,7.72641e-15,-1.199e-07,1.6624000000000003e-15,-7.79317412396815,-6.982966660701219,6.49375,,,,,,,,,,,,,,,,,,,,,,,,
NyDPAc,gas,stddft,-6.7e-09,-5.14e-08,3.715,3.323,0.3919999999999999,0.057,5.718,-4.47e-08,4.47e-08,1.99809e-15,-5.81e-08,3.4437999999999994e-16,-8.167491087293763,-7.288192770958809,7.671641791044776,,,,,,,,,,,,,,,,,,,,,,,,
NyDPAc,toluene,stda,-1.11e-08,8.1e-09,3.695,3.336,0.359,0.0387,5.666999999999999,1.92e-08,1.92e-08,3.6864e-16,-3e-09,-8.991e-17,-7.950781977329818,-8.086186147616283,-0.7297297297297297,,,,,,,,,,,,,,,,,,,,,,,,
NyDPAc,toluene,stddft,9.2e-09,-3.6e-09,3.693,3.303,0.3900000000000001,0.0621,5.666999999999999,-1.28e-08,1.28e-08,1.6383999999999994e-16,5.6e-09,-3.312e-17,-8.031517051446064,-8.431798275933005,-0.391304347826087,,,,,,,,,,,,,,,,,,,,,,,,
NyDPO,gas,stda,1.07e-08,7.3e-08,3.179,2.874,0.3049999999999997,1.0715,5.052,6.230000000000001e-08,6.230000000000001e-08,3.881290000000001e-15,8.37e-08,7.811e-16,-7.966576244513051,-7.13608262304214,6.822429906542057,,,,,,,,,,,,,,,,,,,,,,,,
NyDPO,gas,stddft,-9.1e-09,-5.86e-08,3.168,2.843,0.3250000000000002,1.0171,5.052,-4.95e-08,4.95e-08,2.45025e-15,-6.77e-08,5.3326e-16,-8.036212172654444,-7.231361898752385,6.43956043956044,,,,,,,,,,,,,,,,,,,,,,,,
NyDPO,toluene,stda,1.61e-08,-7.96e-08,3.227,2.859,0.3679999999999999,0.9584,5.097999999999999,-9.57e-08,9.57e-08,9.158489999999998e-15,-6.35e-08,-1.28156e-15,-7.790484985457369,-7.098541678603888,-4.944099378881988,,,,,,,,,,,,,,,,,,,,,,,,
NyDPO,toluene,stddft,5.01e-08,-1.37e-08,3.21,2.828,0.3820000000000001,0.0291,5.097999999999999,-6.38e-08,6.38e-08,4.07044e-15,3.64e-08,-6.863699999999999e-16,-7.29929628285498,-7.860120913598763,-0.2734530938123752,,,,,,,,,,,,,,,,,,,,,,,,
OCzBN,gas,stda,-9.8e-08,1.52e-08,3.65,3.16,0.4899999999999997,0.603,6.746999999999999,1.1320000000000001e-07,1.1320000000000001e-07,1.281424e-14,-8.28e-08,-1.4896000000000002e-15,-7.008330992620052,-7.815308569182402,-0.1551020408163265,,,,,,,,,,,,,,,,,,,,,,,,
OCzBN,gas,stddft,-5.1e-08,-1.72e-08,3.589,3.135,0.4540000000000002,0.4847,6.746999999999999,3.38e-08,3.38e-08,1.14244e-15,-6.82e-08,8.771999999999999e-16,-7.291579099865287,-7.761953896871205,0.3372549019607843,,,,,,,,,,,,,,,,,,,,,,,,
OCzBN,toluene,stda,8.6e-09,9.09e-08,3.72,3.123,0.597,0.3414,6.746,8.23e-08,8.23e-08,6.77329e-15,9.95e-08,7.8174e-16,-8.060480747381382,-7.040958607678906,10.569767441860463,,,,,,,,,,,,,,,,,,,,,,,,
OCzBN,toluene,stddft,4.4e-08,1.37e-08,3.672,3.097,0.5750000000000002,0.2066,6.746,-3.03e-08,3.03e-08,9.1809e-16,5.77e-08,6.028e-16,-7.355561410532162,-7.860120913598763,0.3113636363636364,,,,,,,,,,,,,,,,,,,,,,,,
OPDPO,gas,stda,-7.7e-09,2.38e-08,2.804,2.487,0.3169999999999997,0.0188,5.417,3.15e-08,3.15e-08,9.9225e-16,1.6100000000000002e-08,-1.8326e-16,-8.10790539730952,-7.621602099051862,-3.0909090909090917,,,,,,,,,,,,,,,,,,,,,,,,
OPDPO,gas,stddft,-9e-09,7.23e-08,2.797,2.447,0.3500000000000001,0.0173,5.417,8.130000000000002e-08,8.130000000000002e-08,6.609690000000001e-15,6.33e-08,-6.507e-16,-8.040958607678906,-7.140261433802853,-8.033333333333335,,,,,,,,,,,,,,,,,,,,,,,,
OPDPO,toluene,stda,1.09e-08,-7e-09,2.23,2.101,0.129,0.0535,5.324000000000001,-1.79e-08,1.79e-08,3.2041000000000006e-16,3.9e-09,-7.63e-17,-7.958607314841775,-8.148741651280925,-0.6422018348623854,,,,,,,,,,,,,,,,,,,,,,,,
OPDPO,toluene,stddft,3.42e-08,3.1e-09,2.221,2.099,0.1219999999999998,0.0488,5.324000000000001,-3.11e-08,3.11e-08,9.6721e-16,3.73e-08,1.0602e-16,-7.464705879957229,-8.494850021680094,0.0906432748538011,,,,,,,,,,,,,,,,,,,,,,,,
OXD-7,gas,stda,5e-08,-4.63e-08,4.277,3.492,0.7850000000000001,2.0079,7.587,-9.63e-08,9.63e-08,9.27369e-15,3.7e-09,-2.315e-15,-7.300162274132754,-7.333482019445119,-0.926,,,,,,,,,,,,,,,,,,,,,,,,
OXD-7,gas,stddft,-2.17e-08,-5.61e-08,4.239,3.45,0.7889999999999997,1.7782,7.587,-3.4400000000000004e-08,3.4400000000000004e-08,1.1833600000000002e-15,-7.78e-08,1.21737e-15,-7.661543506395395,-7.250263684430939,2.5852534562211984,,,,,,,,,,,,,,,,,,,,,,,,
OXD-7,toluene,stda,-9.4e-09,-4.54e-08,4.242,3.41,0.8319999999999999,2.0634,7.488,-3.6000000000000005e-08,3.6000000000000005e-08,1.2960000000000004e-15,-5.48e-08,4.2676e-16,-8.022276394711152,-7.341988603342887,4.829787234042554,,,,,,,,,,,,,,,,,,,,,,,,
OXD-7,toluene,stddft,-3.91e-08,1.242e-07,4.203,3.367,0.8360000000000003,1.8307,7.488,1.633e-07,1.633e-07,2.666689e-14,8.51e-08,-4.856219999999999e-15,-7.406713932979542,-6.905528871358356,-3.176470588235294,,,,,,,,,,,,,,,,,,,,,,,,
Oxd-bCZ,gas,stda,4.8e-09,-5.86e-08,3.882,3.456,0.4260000000000001,1.8672,6.399,-6.34e-08,6.34e-08,4.01956e-15,-5.380000000000001e-08,-2.8128e-16,-8.309803919971486,-7.231361898752385,-12.208333333333334,,,,,,,,,,,,,,,,,,,,,,,,
Oxd-bCZ,gas,stddft,-2.37e-08,-8.08e-08,3.835,3.424,0.411,1.3426,6.399,-5.71e-08,5.71e-08,3.2604099999999997e-15,-1.045e-07,1.91496e-15,-7.623423042943488,-7.092051478387727,3.4092827004219406,,,,,,,,,,,,,,,,,,,,,,,,
Oxd-bCZ,toluene,stda,7.57e-08,-9.88e-08,3.856,3.379,0.4769999999999998,2.2101,6.299,-1.745e-07,1.745e-07,3.045024999999999e-14,-2.3100000000000002e-08,-7.47916e-15,-7.120330794367947,-7.004803708402821,-1.3051519154557465,,,,,,,,,,,,,,,,,,,,,,,,
Oxd-bCZ,toluene,stddft,-9.8e-09,8.21e-08,3.813,3.345,0.4679999999999999,1.6381,6.299,9.19e-08,9.19e-08,8.44561e-15,7.23e-08,-8.0458e-16,-8.00436480540245,-7.0851281824599495,-8.377551020408163,,,,,,,,,,,,,,,,,,,,,,,,
P3C,gas,stda,-9.07e-08,2.81e-08,3.503,2.596,0.907,1.5378,6.197000000000001,1.188e-07,1.188e-07,1.4113440000000002e-14,-6.259999999999999e-08,-2.54867e-15,-7.041914151478915,-7.549750891680639,-0.3098125689084895,,,,,,,,,,,,,,,,,,,,,,,,
P3C,gas,stddft,1.229e-07,4.55e-08,3.416,2.529,0.887,1.268,6.197000000000001,-7.739999999999999e-08,7.739999999999999e-08,5.990759999999999e-15,1.684e-07,5.59195e-15,-6.910094888560602,-7.341035157335565,0.3702196908055329,,,,,,,,,,,,,,,,,,,,,,,,
P3C,toluene,stda,-7.07e-08,1.67e-08,3.496,2.598,0.8980000000000001,1.1131,6.198,8.74e-08,8.74e-08,7.63876e-15,-5.4000000000000014e-08,-1.18069e-15,-7.149966742310231,-7.774690718274137,-0.2362093352192362,,,,,,,,,,,,,,,,,,,,,,,,
P3C,toluene,stddft,-3.64e-08,-3.18e-08,3.411,2.532,0.879,0.953,6.198,4.6000000000000015e-09,4.6000000000000015e-09,2.1160000000000014e-17,-6.82e-08,1.1575200000000001e-15,-7.437707135543525,-7.496209316942819,0.8736263736263736,,,,,,,,,,,,,,,,,,,,,,,,
P4CzCN–BCz,gas,stda,-1.611e-07,-1.1e-09,4.625,3.758,0.867,0.0015,7.943999999999999,1.6e-07,1.6e-07,2.5600000000000003e-14,-1.622e-07,1.7721e-16,-6.792634962530928,-8.920818753952375,0.0068280571073867,,,,,,,,,,,,,,,,,,,,,,,,
P4CzCN–BCz,gas,stddft,3.19e-08,-2.78e-08,4.6,3.705,0.8949999999999996,0.0016,7.943999999999999,-5.97e-08,5.97e-08,3.56409e-15,4.1e-09,-8.868200000000002e-16,-7.494850021680094,-7.554395796726403,-0.8714733542319749,,,,,,,,,,,,,,,,,,,,,,,,
P4CzCN–BCz,toluene,stda,1.01e-08,-2.8e-09,4.623,3.751,0.8720000000000003,0.0015,7.978,-1.29e-08,1.29e-08,1.6641e-16,7.299999999999999e-09,-2.828e-17,-7.991399828238083,-8.537602002101044,-0.2772277227722772,,,,,,,,,,,,,,,,,,,,,,,,
P4CzCN–BCz,toluene,stddft,-5.67e-08,-1.83e-08,4.597,3.698,0.8990000000000005,0.0016,7.978,3.84e-08,3.84e-08,1.47456e-15,-7.5e-08,1.03761e-15,-7.245651664288981,-7.735182176990463,0.3227513227513227,,,,,,,,,,,,,,,,,,,,,,,,
PAB,gas,stda,-2.67e-08,-1.81e-08,3.164,2.712,0.4519999999999999,0.3898,6.482999999999999,8.600000000000001e-09,8.600000000000001e-09,7.396000000000001e-17,-4.48e-08,4.832700000000002e-16,-7.5718652059712115,-7.739928612014925,0.6779026217228464,,,,,,,,,,,,,,,,,,,,,,,,
PAB,gas,stddft,3.18e-08,-8.17e-08,3.089,2.69,0.399,0.3159,6.482999999999999,-1.135e-07,1.135e-07,1.288225e-14,-4.99e-08,-2.59806e-15,-7.496209316942819,-7.087246696328677,-2.5691823899371067,,,,,,,,,,,,,,,,,,,,,,,,
PAB,toluene,stda,2.7e-09,6.02e-08,3.138,2.688,0.4499999999999997,0.3724,6.452999999999999,5.75e-08,5.75e-08,3.30625e-15,6.29e-08,1.6254e-16,-8.55284196865778,-7.219682687859849,22.29629629629629,,,,,,,,,,,,,,,,,,,,,,,,
PAB,toluene,stddft,3.6e-08,4.05e-08,3.064,2.666,0.3980000000000001,0.301,6.452999999999999,4.5000000000000014e-09,4.5000000000000014e-09,2.0250000000000005e-17,7.65e-08,1.4579999999999998e-15,-7.442492798094342,-7.391473966422806,1.125,,,,,,,,,,,,,,,,,,,,,,,,
PABP,gas,stda,-2.39e-07,1.293e-07,3.313,2.251,1.0620000000000005,1.0488,6.384,3.6830000000000004e-07,3.6830000000000004e-07,1.3564489000000006e-13,-1.0970000000000001e-07,-3.09027e-14,-6.621420423884225,-6.888065723667318,-0.5410041841004184,,,,,,,,,,,,,,,,,,,,,,,,
PABP,gas,stddft,-5.96e-08,-7.38e-08,3.154,2.182,0.972,0.7238,6.384,-1.42e-08,1.42e-08,2.0164000000000003e-16,-1.334e-07,4.39848e-15,-7.224025668870631,-7.131355561605174,1.238255033557047,,,,,,,,,,,,,,,,,,,,,,,,
PABP,toluene,stda,-1.37e-08,-3.95e-08,3.201,2.254,0.947,0.9726,6.392,-2.5800000000000006e-08,2.5800000000000006e-08,6.656400000000001e-16,-5.32e-08,5.4115e-16,-7.860120913598763,-7.402304814074488,2.883211678832117,,,,,,,,,,,,,,,,,,,,,,,,
PABP,toluene,stddft,2.07e-08,5.87e-08,3.032,2.185,0.847,0.7012,6.392,3.8e-08,3.8e-08,1.4440000000000002e-15,7.940000000000002e-08,1.21509e-15,-7.681936665037238,-7.230622673923861,2.835748792270532,,,,,,,,,,,,,,,,,,,,,,,,
PBICT,gas,stda,-9.17e-08,-1.68e-08,3.519,3.113,0.4060000000000001,0.3771,6.406000000000001,7.49e-08,7.49e-08,5.610009999999998e-15,-1.085e-07,1.5405600000000001e-15,-7.037157318798758,-7.772113295386326,0.183206106870229,,,,,,,,,,,,,,,,,,,,,,,,
PBICT,gas,stddft,-2.8e-09,2.5e-08,3.463,3.089,0.3740000000000001,0.3228,6.406000000000001,2.78e-08,2.78e-08,7.7284e-16,2.22e-08,-6.999999999999999e-17,-8.537602002101044,-7.600326278518962,-8.928571428571429,,,,,,,,,,,,,,,,,,,,,,,,
PBICT,toluene,stda,-2.63e-08,4.89e-08,3.589,3.092,0.4969999999999999,0.53,6.639,7.52e-08,7.52e-08,5.65504e-15,2.26e-08,-1.28607e-15,-7.578396073130169,-7.309803919971486,-1.859315589353612,,,,,,,,,,,,,,,,,,,,,,,,
PBICT,toluene,stddft,-2.16e-08,-2.55e-08,3.528,3.068,0.4599999999999999,0.4284,6.639,-3.8999999999999985e-09,3.8999999999999985e-09,1.520999999999999e-17,-4.710000000000001e-08,5.508e-16,-7.663540266151471,-7.591760034688151,1.1805555555555556,,,,,,,,,,,,,,,,,,,,,,,,
PBTPA,gas,stda,1.4e-09,-4.91e-08,3.038,2.554,0.484,1.3829,5.561999999999999,-5.05e-08,5.05e-08,2.5502500000000004e-15,-4.7700000000000004e-08,-6.874e-17,-8.823908740944319,-7.308034897232639,-35.07142857142858,,,,,,,,,,,,,,,,,,,,,,,,
PBTPA,gas,stddft,-3.91e-08,-6.41e-08,3.004,2.511,0.4929999999999999,1.2356,5.561999999999999,-2.5e-08,2.5e-08,6.249999999999999e-16,-1.032e-07,2.50631e-15,-7.406713932979542,-7.192464971931146,1.639386189258312,,,,,,,,,,,,,,,,,,,,,,,,
PBTPA,toluene,stda,-1.07e-08,-1.241e-07,2.974,2.499,0.4750000000000001,1.362,5.444999999999999,-1.1340000000000001e-07,1.1340000000000001e-07,1.2859560000000002e-14,-1.3480000000000004e-07,1.32787e-15,-7.966576244513051,-6.905878404159439,11.598130841121495,,,,,,,,,,,,,,,,,,,,,,,,
PBTPA,toluene,stddft,-2e-09,-6.7e-08,2.938,2.457,0.4810000000000003,1.2086,5.444999999999999,-6.5e-08,6.5e-08,4.225e-15,-6.900000000000002e-08,1.34e-16,-8.67778070526608,-7.173277479831008,33.5,,,,,,,,,,,,,,,,,,,,,,,,
PCBP,gas,stda,-5.23e-08,-1.027e-07,3.871,3.414,0.4569999999999998,0.3973,6.424,-5.04e-08,5.04e-08,2.5401600000000002e-15,-1.55e-07,5.37121e-15,-7.280668713016273,-6.988006885340743,1.963671128107075,,,,,,,,,,,,,,,,,,,,,,,,
PCBP,gas,stddft,-2.77e-08,3.33e-08,3.804,3.39,0.4139999999999997,0.3143,6.424,6.1e-08,6.1e-08,3.721e-15,5.6000000000000005e-09,-9.2241e-16,-7.555955204081924,-7.476253533188435,-1.2021660649819494,,,,,,,,,,,,,,,,,,,,,,,,
PCBP,toluene,stda,-4.3e-09,3.98e-08,3.495,3.401,0.0940000000000003,0.001,6.347,4.41e-08,4.41e-08,1.94481e-15,3.55e-08,-1.7113999999999998e-16,-8.356547323513812,-7.399027104313252,-9.255813953488373,,,,,,,,,,,,,,,,,,,,,,,,
PCBP,toluene,stddft,4.95e-08,-1.6e-08,3.494,3.377,0.1170000000000004,0.0009,6.347,-6.55e-08,6.55e-08,4.29025e-15,3.35e-08,-7.92e-16,-7.304518323509803,-7.79317412396815,-0.3232323232323232,,,,,,,,,,,,,,,,,,,,,,,,
PCDMB,gas,stda,4.64e-08,-7.2e-09,3.043,2.681,0.3620000000000001,0.0154,5.081,-5.36e-08,5.36e-08,2.87296e-15,3.92e-08,-3.3408e-16,-7.3325470471100465,-8.136677139879543,-0.1551724137931034,,,,,,,,,,,,,,,,,,,,,,,,
PCDMB,gas,stddft,-1.133e-07,2.96e-08,3.005,2.649,0.3559999999999998,0.013,5.081,1.429e-07,1.429e-07,2.042041e-14,-8.37e-08,-3.35368e-15,-6.945386945443112,-7.527243550682788,-0.2612533097969991,,,,,,,,,,,,,,,,,,,,,,,,
PCDMB,toluene,stda,-1.35e-08,-3.75e-08,3.031,2.668,0.363,0.0171,5.281,-2.4e-08,2.4e-08,5.759999999999998e-16,-5.1e-08,5.0625e-16,-7.866461091629782,-7.424812155072339,2.7777777777777777,,,,,,,,,,,,,,,,,,,,,,,,
PCDMB,toluene,stddft,-8.88e-08,2.35e-08,2.994,2.636,0.3580000000000001,0.0145,5.281,1.123e-07,1.123e-07,1.2611289999999999e-14,-6.530000000000001e-08,-2.0868e-15,-7.051098239029787,-7.627087997029894,-0.2646396396396396,,,,,,,,,,,,,,,,,,,,,,,,
PCTXO,gas,stda,4.63e-08,-5.28e-08,3.598,3.263,0.3349999999999999,0.0004,5.734,-9.910000000000001e-08,9.910000000000001e-08,9.820810000000002e-15,-6.500000000000005e-09,-2.44464e-15,-7.333482019445119,-7.276544327964814,-1.1403887688984882,,,,,,,,,,,,,,,,,,,,,,,,
PCTXO,gas,stddft,-4.6e-08,-8.98e-08,3.597,3.238,0.359,0.0005,5.734,-4.38e-08,4.38e-08,1.91844e-15,-1.358e-07,4.1308e-15,-7.336299074610352,-7.046240308266771,1.952173913043478,,,,,,,,,,,,,,,,,,,,,,,,
PCTXO,toluene,stda,4.85e-08,6.53e-08,3.602,3.229,0.3729999999999998,0.0006,5.504999999999999,1.6799999999999998e-08,1.6799999999999998e-08,2.8223999999999993e-16,1.138e-07,3.16705e-15,-7.313363730737707,-7.184422251675733,1.3463917525773197,,,,,,,,,,,,,,,,,,,,,,,,
PCTXO,toluene,stddft,3.65e-08,-6.79e-08,3.601,3.204,0.3969999999999998,0.0007,5.504999999999999,-1.0440000000000001e-07,1.0440000000000001e-07,1.089936e-14,-3.14e-08,-2.4783500000000005e-15,-7.436518914605589,-7.167491087293763,-1.86027397260274,,,,,,,,,,,,,,,,,,,,,,,,
PDA-DP,gas,stda,-2.18e-08,-2.82e-08,3.84,3.297,0.5429999999999997,1.9016,6.914,-6.400000000000001e-09,6.400000000000001e-09,4.0960000000000016e-17,-5e-08,6.147600000000002e-16,-7.6595558851598815,-7.548213564475709,1.2935779816513762,,,,,,,,,,,,,,,,,,,,,,,,
PDA-DP,gas,stddft,5.8e-08,3.96e-08,3.81,3.268,0.5420000000000003,1.7042,6.914,-1.840000000000001e-08,1.840000000000001e-08,3.385600000000002e-16,9.76e-08,2.2968e-15,-7.235823867609669,-7.401209493236885,0.6827586206896551,,,,,,,,,,,,,,,,,,,,,,,,
PDA-DP,toluene,stda,8.4e-09,-7.96e-08,3.776,3.26,0.516,1.4518,6.743,-8.8e-08,8.8e-08,7.744e-15,-7.12e-08,-6.686400000000002e-16,-8.070581074285707,-7.098541678603888,-9.476190476190474,,,,,,,,,,,,,,,,,,,,,,,,
PDA-DP,toluene,stddft,2.44e-08,1.265e-07,3.747,3.233,0.5139999999999998,1.3554,6.743,1.021e-07,1.021e-07,1.042441e-14,1.509e-07,3.0866e-15,-7.610833915635467,-6.897566294318664,5.184426229508197,,,,,,,,,,,,,,,,,,,,,,,,
PFBP-2a,gas,stda,-1.35e-08,2.92e-08,3.423,3.159,0.2640000000000002,0.3056,6.245000000000001,4.27e-08,4.27e-08,1.82329e-15,1.57e-08,-3.942e-16,-7.866461091629782,-7.533132379645891,-2.162962962962963,,,,,,,,,,,,,,,,,,,,,,,,
PFBP-2a,gas,stddft,4.8e-09,-1.32e-08,3.406,3.147,0.2590000000000003,0.2808,6.245000000000001,-1.8000000000000002e-08,1.8000000000000002e-08,3.240000000000001e-16,-8.4e-09,-6.336000000000001e-17,-8.309803919971486,-7.876148359032914,-2.75,,,,,,,,,,,,,,,,,,,,,,,,
PFBP-2a,toluene,stda,-3.13e-08,1.87e-08,3.225,2.931,0.294,0.3451,6.047,5e-08,5e-08,2.5e-15,-1.2600000000000004e-08,-5.8531e-16,-7.503070351926785,-7.72584215073632,-0.5974440894568689,,,,,,,,,,,,,,,,,,,,,,,,
PFBP-2a,toluene,stddft,-3.68e-08,-5.88e-08,3.205,2.919,0.286,0.3132,6.047,-2.2e-08,2.2e-08,4.84e-16,-9.56e-08,2.16384e-15,-7.432973633840939,-7.229884705212898,1.5978260869565215,,,,,,,,,,,,,,,,,,,,,,,,
PFBP-2b,gas,stda,-3.25e-08,1.45e-08,3.503,3.222,0.2810000000000001,0.6351,6.236000000000001,4.7e-08,4.7e-08,2.209e-15,-1.8e-08,-4.7125e-16,-7.486782399932061,-7.835647144215563,-0.4461538461538462,,,,,,,,,,,,,,,,,,,,,,,,
PFBP-2b,gas,stddft,1.25e-08,-3.4e-09,3.494,3.213,0.2810000000000001,0.6018,6.236000000000001,-1.59e-08,1.59e-08,2.5281e-16,9.1e-09,-4.25e-17,-7.899629454882437,-8.455931955649724,-0.272,,,,,,,,,,,,,,,,,,,,,,,,
PFBP-2b,toluene,stda,4.9e-09,-1.05e-08,3.281,2.938,0.3429999999999999,0.0,6.0280000000000005,-1.54e-08,1.54e-08,2.3715999999999994e-16,-5.6e-09,-5.145e-17,-8.301029995663981,-7.97469413473523,-2.142857142857143,,,,,,,,,,,,,,,,,,,,,,,,
PFBP-2b,toluene,stddft,2.2e-09,3.93e-08,3.255,2.929,0.326,0.0,6.0280000000000005,3.71e-08,3.71e-08,1.37641e-15,4.15e-08,8.645999999999999e-17,-8.638272163982407,-7.404503778174426,17.863636363636367,,,,,,,,,,,,,,,,,,,,,,,,
PIAnTPh,gas,stda,9.63e-08,-1.601e-07,3.256,2.238,1.0179999999999998,0.8617,6.275,-2.564e-07,2.564e-07,6.574096e-14,-6.380000000000003e-08,-1.541763e-14,-7.015922966097169,-6.795337488251781,-1.6625129802699898,,,,,,,,,,,,,,,,,,,,,,,,
PIAnTPh,gas,stddft,-1.05e-08,5.7e-08,3.106,2.168,0.9379999999999996,0.615,6.275,6.75e-08,6.75e-08,4.556250000000001e-15,4.65e-08,-5.985e-16,-7.97469413473523,-7.243363891754152,-5.428571428571429,,,,,,,,,,,,,,,,,,,,,,,,
PIAnTPh,toluene,stda,-1.72e-08,3.09e-08,3.252,2.245,1.0069999999999997,0.8325,6.306000000000001,4.81e-08,4.81e-08,2.31361e-15,1.37e-08,-5.314799999999999e-16,-7.761953896871205,-7.508638306165727,-1.7965116279069768,,,,,,,,,,,,,,,,,,,,,,,,
PIAnTPh,toluene,stddft,3.83e-08,-6.15e-08,3.102,2.175,0.927,0.5958,6.306000000000001,-9.980000000000001e-08,9.980000000000001e-08,9.960040000000002e-15,-2.3200000000000006e-08,-2.35545e-15,-7.415668775632469,-7.210419287835575,-1.605744125326371,,,,,,,,,,,,,,,,,,,,,,,,
PICFOCz,gas,stda,3.07e-08,-3.03e-08,3.816,3.351,0.4649999999999998,0.1529,7.03,-6.1e-08,6.1e-08,3.721e-15,3.9999999999999696e-10,-9.3021e-16,-7.511449283499556,-7.517126416391246,-0.986970684039088,,,,,,,,,,,,,,,,,,,,,,,,
PICFOCz,gas,stddft,-1.032e-07,3.97e-08,3.743,3.32,0.423,0.0776,7.03,1.429e-07,1.429e-07,2.042041e-14,-6.35e-08,-4.09704e-15,-6.985899678480379,-7.400116927926312,-0.3846899224806202,,,,,,,,,,,,,,,,,,,,,,,,
PICFOCz,toluene,stda,4.99e-08,1.012e-07,3.783,3.361,0.4219999999999997,0.2137,7.029999999999999,5.1300000000000016e-08,5.1300000000000016e-08,2.6316900000000008e-15,1.511e-07,5.04988e-15,-7.301029995663981,-6.994390554639719,2.028056112224449,,,,,,,,,,,,,,,,,,,,,,,,
PICFOCz,toluene,stddft,-5.53e-08,7.94e-08,3.712,3.33,0.3820000000000001,0.0956,7.029999999999999,1.347e-07,1.347e-07,1.814409e-14,2.41e-08,-4.39082e-15,-7.25649023527157,-7.0996328713435295,-1.4358047016274864,,,,,,,,,,,,,,,,,,,,,,,,
PICNAnCz,gas,stda,-4.49e-08,3.42e-08,3.855,3.428,0.427,0.2342,6.984999999999999,7.91e-08,7.91e-08,6.25681e-15,-1.0699999999999997e-08,-1.53558e-15,-7.346787486224656,-7.464705879957229,-0.7616926503340757,,,,,,,,,,,,,,,,,,,,,,,,
PICNAnCz,gas,stddft,2.31e-08,-7.9e-09,3.812,3.398,0.4139999999999997,0.2208,6.984999999999999,-3.1e-08,3.1e-08,9.61e-16,1.5199999999999997e-08,-1.8248999999999998e-16,-7.634512015109101,-8.096910013008056,-0.341991341991342,,,,,,,,,,,,,,,,,,,,,,,,
PICNAnCz,toluene,stda,-5.38e-08,1.52e-08,3.837,3.437,0.4000000000000003,0.2144,7.015999999999999,6.9e-08,6.9e-08,4.760999999999999e-15,-3.86e-08,-8.1776e-16,-7.268411234813262,-7.815308569182402,-0.2825278810408922,,,,,,,,,,,,,,,,,,,,,,,,
PICNAnCz,toluene,stddft,5.4e-09,-6.9e-09,3.793,3.406,0.387,0.2019,7.015999999999999,-1.2300000000000001e-08,1.2300000000000001e-08,1.5129e-16,-1.4999999999999992e-09,-3.726e-17,-8.259637310505756,-8.154901959985743,-1.2777777777777777,,,,,,,,,,,,,,,,,,,,,,,,
PID-3,gas,stda,-1.3e-08,-1.02e-08,3.361,2.481,0.8800000000000003,1.7688,6.387999999999999,2.8000000000000003e-09,2.8000000000000003e-09,7.840000000000001e-18,-2.3200000000000006e-08,1.326e-16,-7.882728704344236,-7.987162775294828,0.7846153846153846,,,,,,,,,,,,,,,,,,,,,,,,
PID-3,gas,stddft,-2.1e-09,3.96e-08,3.271,2.422,0.8489999999999998,1.4124,6.387999999999999,4.17e-08,4.17e-08,1.7388899999999997e-15,3.75e-08,-8.316e-17,-8.657577319177793,-7.401209493236885,-18.85714285714285,,,,,,,,,,,,,,,,,,,,,,,,
PID-3,toluene,stda,8.35e-08,2.58e-08,3.362,2.487,0.875,1.7615,6.391,-5.77e-08,5.77e-08,3.32929e-15,1.093e-07,2.1543e-15,-7.077793722560983,-7.586700235918748,0.3089820359281437,,,,,,,,,,,,,,,,,,,,,,,,
PID-3,toluene,stddft,6e-10,5.57e-08,3.274,2.427,0.847,1.4142,6.391,5.5100000000000004e-08,5.5100000000000004e-08,3.036010000000001e-15,5.63e-08,3.342e-17,-9.154901959985745,-7.253365801062421,92.83333333333334,,,,,,,,,,,,,,,,,,,,,,,,
PLQYs,gas,stda,-3.05e-08,-1.165e-07,3.336,2.807,0.5289999999999999,0.0278,6.083,-8.6e-08,8.6e-08,7.396000000000001e-15,-1.47e-07,3.553250000000001e-15,-7.51427857351842,-6.933301449577005,3.819672131147541,,,,,,,,,,,,,,,,,,,,,,,,
PLQYs,gas,stddft,1.31e-08,-5.46e-08,3.294,2.735,0.5590000000000002,0.0237,6.083,-6.77e-08,6.77e-08,4.58329e-15,-4.15e-08,-7.1526e-16,-7.87942606879415,-7.262012673666569,-4.1679389312977095,,,,,,,,,,,,,,,,,,,,,,,,
PLQYs,toluene,stda,-4.09e-08,6.08e-08,3.334,2.803,0.5310000000000001,0.0305,6.092,1.017e-07,1.017e-07,1.034289e-14,1.99e-08,-2.4867200000000003e-15,-7.387216143280264,-7.215382707367125,-1.4865525672371638,,,,,,,,,,,,,,,,,,,,,,,,
PLQYs,toluene,stddft,2.3e-08,1.74e-08,3.29,2.732,0.5579999999999998,0.026,6.092,-5.6000000000000005e-09,5.6000000000000005e-09,3.136000000000001e-17,4.04e-08,4.002e-16,-7.636388020107856,-7.756961951313706,0.7565217391304347,,,,,,,,,,,,,,,,,,,,,,,,
PO-ABN,gas,stda,-6.72e-08,4.46e-08,3.202,2.251,0.951,0.6435,6.350999999999999,1.1180000000000001e-07,1.1180000000000001e-07,1.2499240000000002e-14,-2.2600000000000004e-08,-2.9971200000000005e-15,-7.171984935776023,-7.349692476868063,-0.6636904761904762,,,,,,,,,,,,,,,,,,,,,,,,
PO-ABN,gas,stddft,-3.15e-08,9.54e-08,3.044,2.182,0.8620000000000001,0.4502,6.350999999999999,1.269e-07,1.269e-07,1.6103610000000002e-14,6.39e-08,-3.0051e-15,-7.5003129173815966,-7.019996628416254,-3.0285714285714285,,,,,,,,,,,,,,,,,,,,,,,,
PO-ABN,toluene,stda,1.077e-07,-1.362e-07,3.203,2.25,0.9529999999999998,0.6929,6.366,-2.439e-07,2.439e-07,5.948721e-14,-2.8499999999999984e-08,-1.466874e-14,-6.96738123914928,-6.865504144165326,-1.2646239554317549,,,,,,,,,,,,,,,,,,,,,,,,
PO-ABN,toluene,stddft,1.236e-07,7.56e-08,3.043,2.18,0.863,0.4717,6.366,-4.799999999999999e-08,4.799999999999999e-08,2.3039999999999988e-15,1.992e-07,9.34416e-15,-6.907630300370879,-7.120904120499927,0.6116504854368933,,,,,,,,,,,,,,,,,,,,,,,,
PO-TPA,gas,stda,3.82e-08,-2.53e-08,2.1,1.499,0.601,0.5823,4.171999999999999,-6.35e-08,6.35e-08,4.032250000000001e-15,1.2899999999999996e-08,-9.6646e-16,-7.416801226031377,-7.595166283380061,-0.6623036649214661,,,,,,,,,,,,,,,,,,,,,,,,
PO-TPA,gas,stddft,4.32e-08,-1.47e-08,2.021,1.453,0.5679999999999998,0.4503,4.171999999999999,-5.79e-08,5.79e-08,3.3524100000000004e-15,2.8500000000000004e-08,-6.350400000000002e-16,-7.363512103646634,-7.829738284605042,-0.3402777777777777,,,,,,,,,,,,,,,,,,,,,,,,
PO-TPA,toluene,stda,-4.07e-08,-4.89e-08,1.984,1.295,0.6890000000000001,0.8294,3.972,-8.2e-09,8.2e-09,6.724000000000001e-17,-8.960000000000002e-08,1.99023e-15,-7.38933983691012,-7.309803919971486,1.2014742014742017,,,,,,,,,,,,,,,,,,,,,,,,
PO-TPA,toluene,stddft,-3.57e-08,1.1e-08,1.874,1.244,0.6300000000000001,0.6084,3.972,4.67e-08,4.67e-08,2.1808900000000002e-15,-2.4700000000000003e-08,-3.927e-16,-7.446116973356125,-7.954677021213342,-0.3081232492997198,,,,,,,,,,,,,,,,,,,,,,,,
POBBPE,gas,stda,-1.76e-08,8.23e-08,4.906,4.463,0.4429999999999996,0.0193,8.982,9.99e-08,9.99e-08,9.98001e-15,6.47e-08,-1.44848e-15,-7.752026733638194,-7.084072788302884,-4.676136363636364,,,,,,,,,,,,,,,,,,,,,,,,
POBBPE,gas,stddft,1.116e-07,-8.97e-08,4.858,4.444,0.4139999999999997,0.018,8.982,-2.013e-07,2.013e-07,4.052168999999999e-14,2.189999999999999e-08,-1.001052e-14,-6.951946826884391,-7.046723663332696,-0.8037634408602151,,,,,,,,,,,,,,,,,,,,,,,,
POBBPE,toluene,stda,2.37e-08,-9e-09,4.796,4.415,0.3810000000000002,0.023,8.827,-3.27e-08,3.27e-08,1.06929e-15,1.4700000000000001e-08,-2.1329999999999999e-16,-7.623423042943488,-8.040958607678906,-0.3797468354430379,,,,,,,,,,,,,,,,,,,,,,,,
POBBPE,toluene,stddft,1.42e-08,6.96e-08,4.746,4.396,0.3500000000000005,0.0205,8.827,5.54e-08,5.54e-08,3.06916e-15,8.38e-08,9.8832e-16,-7.844663962534939,-7.15676722190199,4.901408450704226,,,,,,,,,,,,,,,,,,,,,,,,
POZDBPHZ,gas,stda,8.6e-09,-4.15e-08,3.041,2.876,0.165,0.4573,4.808,-5.01e-08,5.01e-08,2.51001e-15,-3.2900000000000003e-08,-3.569e-16,-8.060480747381382,-7.380906669373258,-4.825581395348838,,,,,,,,,,,,,,,,,,,,,,,,
POZDBPHZ,gas,stddft,6.4e-09,4.65e-08,3.029,2.849,0.1799999999999997,0.4297,4.808,4.01e-08,4.01e-08,1.60801e-15,5.29e-08,2.976e-16,-8.187086643357144,-7.33161408331,7.265625,,,,,,,,,,,,,,,,,,,,,,,,
POZDBPHZ,toluene,stda,2.72e-08,-9.41e-08,3.076,2.88,0.1960000000000001,0.4488,4.843999999999999,-1.213e-07,1.213e-07,1.4713690000000003e-14,-6.69e-08,-2.55952e-15,-7.5638373529592435,-7.025949097207123,-3.459558823529412,,,,,,,,,,,,,,,,,,,,,,,,
POZDBPHZ,toluene,stddft,5.18e-08,1.4e-09,3.064,2.85,0.2139999999999999,0.422,4.843999999999999,-5.04e-08,5.04e-08,2.5401600000000002e-15,5.32e-08,7.251999999999998e-17,-7.284832642151542,-8.823908740944319,0.027027027027027,,,,,,,,,,,,,,,,,,,,,,,,
PPI,gas,stda,2.05e-08,-6e-10,3.807,3.413,0.3940000000000001,0.2242,7.361000000000001,-2.11e-08,2.11e-08,4.4521e-16,1.9900000000000003e-08,-1.2300000000000001e-17,-7.686132779630847,-9.154901959985745,-0.0292682926829268,,,,,,,,,,,,,,,,,,,,,,,,
PPI,gas,stddft,-2.13e-08,1.114e-07,3.763,3.383,0.3799999999999999,0.2089,7.361000000000001,1.3270000000000004e-07,1.3270000000000004e-07,1.7609290000000005e-14,9.01e-08,-2.37282e-15,-7.669586226650809,-6.952725132615821,-5.230046948356808,,,,,,,,,,,,,,,,,,,,,,,,
PPI,toluene,stda,-4.75e-08,5.19e-08,3.784,3.411,0.3729999999999998,0.1971,7.370999999999999,9.94e-08,9.94e-08,9.88036e-15,4.4e-09,-2.46525e-15,-7.322393047279506,-7.2839966563652,-1.0926315789473684,,,,,,,,,,,,,,,,,,,,,,,,
PPI,toluene,stddft,7.22e-08,3.77e-08,3.739,3.381,0.3580000000000001,0.1836,7.370999999999999,-3.45e-08,3.45e-08,1.1902499999999998e-15,1.099e-07,2.72194e-15,-7.140861702705469,-7.422508200162775,0.5221606648199446,,,,,,,,,,,,,,,,,,,,,,,,
PPI-An-NPIM,gas,stda,8.48e-08,-1.389e-07,3.31,2.283,1.027,0.8741,6.177,-2.2370000000000002e-07,2.2370000000000002e-07,5.004169000000001e-14,-5.41e-08,-1.177872e-14,-7.071092309756048,-6.856985199745905,-1.6379716981132075,,,,,,,,,,,,,,,,,,,,,,,,
PPI-An-NPIM,gas,stddft,4.9e-08,4.72e-08,3.16,2.216,0.944,0.6196,6.177,-1.8000000000000027e-09,1.8000000000000027e-09,3.2400000000000105e-18,9.62e-08,2.3128e-15,-7.308918507877031,-7.325138859262188,0.9632653061224488,,,,,,,,,,,,,,,,,,,,,,,,
PPI-An-NPIM,toluene,stda,4.4e-08,-3.59e-08,3.318,2.258,1.06,0.8978,6.273999999999999,-7.99e-08,7.99e-08,6.3840099999999986e-15,8.1e-09,-1.5795999999999997e-15,-7.355561410532162,-7.443697499232713,-0.8159090909090909,,,,,,,,,,,,,,,,,,,,,,,,
PPI-An-NPIM,toluene,stddft,-6.46e-08,-1.169e-07,3.171,2.189,0.9819999999999998,0.648,6.273999999999999,-5.23e-08,5.23e-08,2.73529e-15,-1.815e-07,7.551739999999999e-15,-7.189095719331299,-6.931814138253839,1.8095975232198145,,,,,,,,,,,,,,,,,,,,,,,,
PPI-PIM-1,gas,stda,-4.17e-08,-4.53e-08,3.87,3.445,0.4250000000000002,0.8539,6.793,-3.599999999999999e-09,3.599999999999999e-09,1.2959999999999994e-17,-8.7e-08,1.8890100000000003e-15,-7.378823718224964,-7.342944147142896,1.0863309352517985,,,,,,,,,,,,,,,,,,,,,,,,
PPI-PIM-1,gas,stddft,-2.89e-08,-1.756e-07,3.833,3.417,0.4160000000000003,0.7458,6.793,-1.467e-07,1.467e-07,2.1520890000000003e-14,-2.045e-07,5.07484e-15,-7.5376020021010435,-6.755228238504705,6.076124567474048,,,,,,,,,,,,,,,,,,,,,,,,
PPI-PIM-1,toluene,stda,-2.1e-08,4.51e-08,3.845,3.454,0.391,0.5621,6.86,6.61e-08,6.61e-08,4.369210000000001e-15,2.41e-08,-9.471e-16,-7.675717544702307,-7.3448615651886175,-2.1476190476190475,,,,,,,,,,,,,,,,,,,,,,,,
PPI-PIM-1,toluene,stddft,5.66e-08,4.02e-08,3.807,3.426,0.3809999999999998,0.4978,6.86,-1.6399999999999995e-08,1.6399999999999995e-08,2.6895999999999984e-16,9.68e-08,2.27532e-15,-7.246416941107094,-7.394694953858891,0.7102473498233216,,,,,,,,,,,,,,,,,,,,,,,,
PPI-PIM-2,gas,stda,-8.66e-08,-1.13e-08,3.846,3.405,0.4410000000000003,0.7036,6.802,7.529999999999999e-08,7.529999999999999e-08,5.670089999999999e-15,-9.79e-08,9.7858e-16,-7.06198090252379,-7.943095148663527,0.1304849884526559,,,,,,,,,,,,,,,,,,,,,,,,
PPI-PIM-2,gas,stddft,1.2e-08,-8e-09,3.806,3.378,0.4279999999999999,0.6238,6.802,-2e-08,2e-08,4e-16,3.9999999999999994e-09,-9.6e-17,-7.91721462968355,-8.09151498112135,-0.6666666666666667,,,,,,,,,,,,,,,,,,,,,,,,
PPI-PIM-2,toluene,stda,1.39e-08,-1.42e-08,3.829,3.419,0.4100000000000001,0.4988,6.941,-2.81e-08,2.81e-08,7.8961e-16,-2.999999999999994e-10,-1.9738e-16,-7.853871964321762,-7.844663962534939,-1.0215827338129495,,,,,,,,,,,,,,,,,,,,,,,,
PPI-PIM-2,toluene,stddft,-1.125e-07,1.325e-07,3.789,3.391,0.3980000000000001,0.4499,6.941,2.45e-07,2.45e-07,6.002499999999999e-14,2.0000000000000007e-08,-1.490625e-14,-6.9484616094846725,-6.877456475931246,-1.1777777777777778,,,,,,,,,,,,,,,,,,,,,,,,
PPINCN,gas,stda,1.045e-07,-5.9e-09,3.404,2.702,0.702,0.1784,6.3100000000000005,-1.1040000000000001e-07,1.1040000000000001e-07,1.2188160000000004e-14,9.86e-08,-6.1655e-16,-6.980468315468745,-8.221848749616356,-0.0564593301435406,,,,,,,,,,,,,,,,,,,,,,,,
PPINCN,gas,stddft,2.68e-08,7.94e-08,3.38,2.636,0.7439999999999998,0.198,6.3100000000000005,5.26e-08,5.26e-08,2.76676e-15,1.062e-07,2.12792e-15,-7.570247719997592,-7.0996328713435295,2.9626865671641798,,,,,,,,,,,,,,,,,,,,,,,,
PPINCN,toluene,stda,-5.6e-08,-7.9e-09,3.597,2.721,0.8759999999999999,0.8727,6.2250000000000005,4.81e-08,4.81e-08,2.31361e-15,-6.39e-08,4.424e-16,-7.251037138743839,-8.096910013008056,0.1410714285714285,,,,,,,,,,,,,,,,,,,,,,,,
PPINCN,toluene,stddft,1.42e-08,-3.89e-08,3.537,2.655,0.8820000000000001,0.7968,6.2250000000000005,-5.31e-08,5.31e-08,2.81961e-15,-2.47e-08,-5.523799999999999e-16,-7.844663962534939,-7.4089353929735005,-2.739436619718309,,,,,,,,,,,,,,,,,,,,,,,,
PPINCN-Cz,gas,stda,-1.162e-07,1.195e-07,3.727,2.771,0.956,1.1702,5.9990000000000006,2.357e-07,2.357e-07,5.555449e-14,3.3000000000000093e-09,-1.38859e-14,-6.934420285271552,-6.922268820347608,-1.0283993115318415,,,,,,,,,,,,,,,,,,,,,,,,
PPINCN-Cz,gas,stddft,-7.01e-08,-7.36e-08,3.664,2.706,0.9580000000000002,1.0617,5.9990000000000006,-3.4999999999999983e-09,3.4999999999999983e-09,1.2249999999999988e-17,-1.437e-07,5.15936e-15,-7.153662887870195,-7.132532512140949,1.0499286733238231,,,,,,,,,,,,,,,,,,,,,,,,
PPINCN-Cz,toluene,stda,1.29e-08,-7.83e-08,3.588,2.798,0.79,0.2477,6.082,-9.120000000000001e-08,9.120000000000001e-08,8.317440000000001e-15,-6.54e-08,-1.01007e-15,-7.886056647693163,-7.105683937315561,-6.069767441860466,,,,,,,,,,,,,,,,,,,,,,,,
PPINCN-Cz,toluene,stddft,5.48e-08,1.61e-08,3.565,2.735,0.8300000000000001,0.286,6.082,-3.87e-08,3.87e-08,1.4976900000000005e-15,7.09e-08,8.822799999999999e-16,-7.260427655549908,-7.790484985457369,0.2937956204379561,,,,,,,,,,,,,,,,,,,,,,,,
PPO21,gas,stda,-6.1e-09,5.45e-08,3.827,3.398,0.4289999999999998,0.2143,7.588000000000001,6.06e-08,6.06e-08,3.67236e-15,4.84e-08,-3.3245e-16,-8.207608310501746,-7.262807357295263,-8.934426229508196,,,,,,,,,,,,,,,,,,,,,,,,
PPO21,gas,stddft,-5.81e-08,3.78e-08,3.754,3.375,0.379,0.1816,7.588000000000001,9.59e-08,9.59e-08,9.19681e-15,-2.03e-08,-2.19618e-15,-7.235077015350112,-7.421360790031928,-0.6506024096385543,,,,,,,,,,,,,,,,,,,,,,,,
PPO21,toluene,stda,7.3e-08,-7.22e-08,3.816,3.389,0.427,0.1879,7.585,-1.452e-07,1.452e-07,2.108304e-14,8.000000000000072e-10,-5.2706e-15,-7.13608262304214,-7.140861702705469,-0.9890410958904108,,,,,,,,,,,,,,,,,,,,,,,,
PPO21,toluene,stddft,2.14e-08,-1.65e-08,3.744,3.366,0.3780000000000001,0.1605,7.585,-3.79e-08,3.79e-08,1.4364100000000002e-15,4.900000000000001e-09,-3.5309999999999996e-16,-7.667561540084395,-7.779891911959945,-0.7710280373831775,,,,,,,,,,,,,,,,,,,,,,,,
PPZPPI,gas,stda,-1.269e-07,-1.019e-07,2.524,2.287,0.2370000000000001,0.0001,5.436999999999999,2.5e-08,2.5e-08,6.249999999999999e-16,-2.288e-07,1.2931110000000002e-14,-6.896196279044043,-6.991399828238082,0.8029944838455477,,,,,,,,,,,,,,,,,,,,,,,,
PPZPPI,gas,stddft,1.89e-07,1.532e-07,2.494,2.256,0.2380000000000004,0.0001,5.436999999999999,-3.5800000000000016e-08,3.5800000000000016e-08,1.2816400000000012e-15,3.422e-07,2.89548e-14,-6.723308471154961,-6.814457845145625,0.8105820105820105,,,,,,,,,,,,,,,,,,,,,,,,
PPZPPI,toluene,stda,-6.5e-08,1.99e-08,2.497,2.264,0.2330000000000001,0.0001,5.347,8.49e-08,8.49e-08,7.20801e-15,-4.51e-08,-1.2935e-15,-7.186419011431808,-7.698970004336019,-0.3061538461538461,,,,,,,,,,,,,,,,,,,,,,,,
PPZPPI,toluene,stddft,1.34e-08,-7.32e-08,2.466,2.233,0.2330000000000001,0.0001,5.347,-8.66e-08,8.66e-08,7.499559999999998e-15,-5.979999999999999e-08,-9.8088e-16,-7.869666231504994,-7.134896025358872,-5.462686567164179,,,,,,,,,,,,,,,,,,,,,,,,
PPZTPI,gas,stda,1.227e-07,5.75e-08,2.53,2.292,0.238,0.0001,5.476,-6.52e-08,6.52e-08,4.251040000000001e-15,1.802e-07,7.0552500000000004e-15,-6.910801633194851,-7.239577516576788,0.4686226568867155,,,,,,,,,,,,,,,,,,,,,,,,
PPZTPI,gas,stddft,4.26e-08,7.7e-09,2.501,2.262,0.2389999999999998,0.0001,5.476,-3.49e-08,3.49e-08,1.21801e-15,5.03e-08,3.2801999999999995e-16,-7.369572124974976,-8.10790539730952,0.1807511737089202,,,,,,,,,,,,,,,,,,,,,,,,
PPZTPI,toluene,stda,6.66e-08,-9.2e-09,2.494,2.262,0.2320000000000002,0.0001,5.351,-7.58e-08,7.58e-08,5.745640000000001e-15,5.74e-08,-6.1272e-16,-7.175874166083451,-8.031517051446064,-0.1381381381381381,,,,,,,,,,,,,,,,,,,,,,,,
PPZTPI,toluene,stddft,-1.272e-07,-1.66e-08,2.463,2.232,0.2309999999999998,0.0001,5.351,1.106e-07,1.106e-07,1.223236e-14,-1.438e-07,2.11152e-15,-6.895171596346344,-7.777283528852417,0.130503144654088,,,,,,,,,,,,,,,,,,,,,,,,
PS-BZ-DMAC,gas,stda,-8.34e-08,-2.84e-08,3.496,2.753,0.7429999999999999,1.1504,6.529999999999999,5.5e-08,5.5e-08,3.0250000000000004e-15,-1.1180000000000001e-07,2.36856e-15,-7.078313524516398,-7.54515513999149,0.3405275779376499,,,,,,,,,,,,,,,,,,,,,,,,
PS-BZ-DMAC,gas,stddft,3.47e-08,-7.5e-09,3.419,2.718,0.7010000000000001,0.98,6.529999999999999,-4.22e-08,4.22e-08,1.78084e-15,2.72e-08,-2.6025e-16,-7.458420756053419,-8.119186407719209,-0.2161383285302593,,,,,,,,,,,,,,,,,,,,,,,,
PS-BZ-DMAC,toluene,stda,1.97e-08,7.32e-08,3.389,2.607,0.7819999999999996,1.1558,6.294,5.35e-08,5.35e-08,2.8622499999999995e-15,9.29e-08,1.44204e-15,-7.703334809738469,-7.134896025358872,3.7157360406091366,,,,,,,,,,,,,,,,,,,,,,,,
PS-BZ-DMAC,toluene,stddft,3.91e-08,3.82e-08,3.304,2.569,0.7349999999999999,0.9703,6.294,-9.000000000000013e-10,9.000000000000013e-10,8.100000000000026e-19,7.73e-08,1.4936199999999998e-15,-7.406713932979542,-7.416801226031377,0.9769820971867008,,,,,,,,,,,,,,,,,,,,,,,,
PSBC,gas,stda,7.49e-08,1.49e-08,3.864,3.482,0.3819999999999997,0.0044,6.732000000000001,-6.000000000000002e-08,6.000000000000002e-08,3.600000000000001e-15,8.98e-08,1.11601e-15,-7.1249387366083,-7.823908740944319,0.198931909212283,,,,,,,,,,,,,,,,,,,,,,,,
PSBC,gas,stddft,-3.6e-09,3e-10,3.81,3.46,0.3500000000000001,0.0257,6.732000000000001,3.9e-09,3.9e-09,1.521e-17,-3.2999999999999998e-09,-1.08e-18,-8.431798275933005,-9.397940008672036,-0.0833333333333333,,,,,,,,,,,,,,,,,,,,,,,,
PSBC,toluene,stda,2.76e-08,-7.8e-09,3.792,3.414,0.3779999999999996,0.0164,6.414000000000001,-3.54e-08,3.54e-08,1.25316e-15,1.98e-08,-2.1528e-16,-7.557520230935552,-8.102372908709558,-0.2826086956521739,,,,,,,,,,,,,,,,,,,,,,,,
PSBC,toluene,stddft,5.02e-08,-1.2e-08,3.744,3.392,0.3520000000000003,0.0007,6.414000000000001,-6.22e-08,6.22e-08,3.86884e-15,3.82e-08,-6.024e-16,-7.298432014944073,-7.91721462968355,-0.2390438247011952,,,,,,,,,,,,,,,,,,,,,,,,
PSPBP,gas,stda,-8.42e-08,8.71e-08,3.224,2.851,0.3730000000000002,0.0206,6.465000000000001,1.713e-07,1.713e-07,2.934369e-14,2.900000000000006e-09,-7.33382e-15,-7.074172425375258,-7.059483515067432,-1.0344418052256532,,,,,,,,,,,,,,,,,,,,,,,,
PSPBP,gas,stddft,-1.68e-08,1.6e-09,3.188,2.821,0.367,0.0172,6.465000000000001,1.8400000000000006e-08,1.8400000000000006e-08,3.385600000000001e-16,-1.52e-08,-2.6880000000000005e-17,-7.772113295386326,-8.769551078621726,-0.0952380952380952,,,,,,,,,,,,,,,,,,,,,,,,
PSPBP,toluene,stda,3.43e-08,-3.41e-08,3.315,2.93,0.3849999999999998,0.0149,6.476000000000001,-6.84e-08,6.84e-08,4.678560000000001e-15,2.000000000000018e-10,-1.16963e-15,-7.46344155742847,-7.465973893943865,-0.9941690962099125,,,,,,,,,,,,,,,,,,,,,,,,
PSPBP,toluene,stddft,5.51e-08,6.6e-08,3.279,2.899,0.3799999999999999,0.0114,6.476000000000001,1.0899999999999998e-08,1.0899999999999998e-08,1.1880999999999995e-16,1.211e-07,3.636599999999999e-15,-7.2580609222708015,-7.179798540514359,1.1978221415607986,,,,,,,,,,,,,,,,,,,,,,,,
PSPCz,gas,stda,-5.26e-08,-8.33e-08,3.85,3.399,0.451,0.1884,7.595999999999999,-3.07e-08,3.07e-08,9.4249e-16,-1.359e-07,4.38158e-15,-7.278189384787454,-7.078833949362261,1.5836501901140685,0.1862816954928454,0.2463289421141253,0.7562314598279738,0.7536710578858746,0.243768540172026,1.2269012945435442,0.7824777577833669,0.3297187486063814,0.484064411670054,0.6811464355927968,0.515935588329946,0.3188535644072029,1.5983787097258395,0.7225368738442371,0.143437053113536,0.143437053113536,0.2377354695559287,0.2377354695559287,-0.07508502423517704,0.07508502423517704,0.37147741518229527,0.37147741518229527,-0.059940883939129774,0.059940883939129774
PSPCz,gas,stddft,-5.83e-08,4.89e-08,3.777,3.376,0.4010000000000002,0.1587,7.595999999999999,1.0720000000000001e-07,1.0720000000000001e-07,1.1491840000000002e-14,-9.399999999999998e-09,-2.85087e-15,-7.2335871528876,-7.309803919971486,-0.8387650085763294,0.1852136879248772,0.245637493244527,0.7540122864733064,0.7543625067554728,0.2459877135266935,1.229572468703271,0.7854282301890139,0.3275184878690541,0.4796338386090539,0.682851086609867,0.5203661613909464,0.3171489133901329,1.5881223280206511,0.7252052856466087,0.14230479994417689,0.14230479994417689,0.2339963453645269,0.2339963453645269,-0.07116119986343938,0.07116119986343938,0.35854985931738015,0.35854985931738015,-0.06022294454240518,0.06022294454240518
PSPCz,toluene,stda,4.18e-08,-1.163e-07,3.863,3.412,0.451,0.2183,7.607000000000001,-1.581e-07,1.581e-07,2.499561e-14,-7.450000000000001e-08,-4.86134e-15,-7.377785977033705,-6.934047019686131,-2.782296650717704,0.1866417581263752,0.2472820667067211,0.7547727201250469,0.7527179332932789,0.2452272798749527,0.8409955566360888,0.7792101684848055,0.3216513301619466,0.485562935267407,0.6624297424695488,0.5144370647325928,0.337570257530451,0.2594368997987981,0.7147181777939211,0.13500957203557137,0.13500957203557137,0.23828086856068592,0.23828086856068592,-0.09234297765549815,0.09234297765549815,-0.5815586568372908,0.5815586568372908,-0.0644919906908844,0.0644919906908844
PSPCz,toluene,stddft,5.55e-08,-2.34e-08,3.792,3.389,0.403,0.1846,7.607000000000001,-7.89e-08,7.89e-08,6.22521e-15,3.21e-08,-1.2987e-15,-7.2549252084179425,-7.628932137728263,-0.4216216216216216,0.1859008282209919,0.2471275330727903,0.7522465259515849,0.7528724669272095,0.2477534740484152,0.858328738078176,0.7825286991575254,0.3201908906828621,0.4813319793773416,0.6652184031010487,0.5186680206226587,0.334781596898951,0.2546346064064883,0.7173355846448394,0.1342900624618702,0.1342900624618702,0.2342044463045513,0.2342044463045513,-0.08702812285053618,0.08702812285053618,-0.6036941316716877,0.6036941316716877,-0.06519311451268606,0.06519311451268606
PSPP,gas,stda,-4.43e-08,-3.98e-08,3.114,2.75,0.3639999999999999,0.0146,6.642,4.5000000000000014e-09,4.5000000000000014e-09,2.0250000000000005e-17,-8.409999999999999e-08,1.76314e-15,-7.35261702988538,-7.399027104313252,0.8984198645598194,,,,,,,,,,,,,,,,,,,,,,,,
PSPP,gas,stddft,-5.39e-08,-4.89e-08,3.073,2.718,0.355,0.0123,6.642,4.9999999999999985e-09,4.9999999999999985e-09,2.4999999999999984e-17,-1.028e-07,2.63571e-15,-7.267606240177032,-7.309803919971486,0.907235621521336,,,,,,,,,,,,,,,,,,,,,,,,
PSPP,toluene,stda,7.18e-08,-2.67e-08,3.161,2.792,0.3690000000000002,0.0135,6.523000000000001,-9.85e-08,9.85e-08,9.702249999999998e-15,4.51e-08,-1.91706e-15,-7.1432711096171175,-7.5718652059712115,-0.371866295264624,,,,,,,,,,,,,,,,,,,,,,,,
PSPP,toluene,stddft,-8.7e-08,-3.01e-08,3.12,2.76,0.3600000000000003,0.0114,6.523000000000001,5.69e-08,5.69e-08,3.23761e-15,-1.171e-07,2.6187e-15,-7.059981844992337,-7.519993057042849,0.3459770114942528,,,,,,,,,,,,,,,,,,,,,,,,
PSPSF,gas,stda,1.8e-09,-5.98e-08,4.436,3.699,0.7370000000000001,1.2181,7.781000000000001,-6.160000000000001e-08,6.160000000000001e-08,3.7945600000000015e-15,-5.8e-08,-1.0764e-16,-8.721246399047171,-7.222573177610688,-33.22222222222223,,,,,,,,,,,,,,,,,,,,,,,,
PSPSF,gas,stddft,4.95e-08,-9.31e-08,4.381,3.662,0.7190000000000003,1.0836,7.781000000000001,-1.4260000000000002e-07,1.4260000000000002e-07,2.0334760000000005e-14,-4.3600000000000007e-08,-4.60845e-15,-7.304518323509803,-7.030584087646019,-1.880808080808081,,,,,,,,,,,,,,,,,,,,,,,,
PSPSF,toluene,stda,-5.77e-08,-1.337e-07,4.419,3.691,0.7279999999999998,1.1932,7.732,-7.600000000000003e-08,7.600000000000003e-08,5.776000000000003e-15,-1.914e-07,7.71449e-15,-7.2380721615794705,-6.873543886568196,2.317157712305026,,,,,,,,,,,,,,,,,,,,,,,,
PSPSF,toluene,stddft,-4e-09,4.48e-08,4.366,3.654,0.7119999999999997,1.0638,7.732,4.88e-08,4.88e-08,2.38144e-15,4.08e-08,-1.792e-16,-8.387216143280265,-7.347753658996677,-11.2,,,,,,,,,,,,,,,,,,,,,,,,
PT-BZ-DMAC,gas,stda,-8.4e-09,-7.08e-08,3.51,3.4,0.1099999999999998,0.1307,5.864999999999999,-6.24e-08,6.24e-08,3.89376e-15,-7.92e-08,5.9472e-16,-8.070581074285707,-7.149353764816934,8.428571428571427,,,,,,,,,,,,,,,,,,,,,,,,
PT-BZ-DMAC,gas,stddft,1.6e-09,1.75e-08,3.505,3.368,0.137,0.1255,5.864999999999999,1.59e-08,1.59e-08,2.5281e-16,1.91e-08,2.8000000000000005e-17,-8.769551078621726,-7.75448733218585,10.9375,,,,,,,,,,,,,,,,,,,,,,,,
PT-BZ-DMAC,toluene,stda,-6.3e-09,-1.348e-07,3.469,3.384,0.0849999999999999,0.1303,5.787,-1.285e-07,1.285e-07,1.651225e-14,-1.411e-07,8.4924e-16,-8.193820026016112,-6.869988050328096,21.396825396825395,,,,,,,,,,,,,,,,,,,,,,,,
PT-BZ-DMAC,toluene,stddft,-8e-10,-3.63e-08,3.464,3.36,0.104,0.1248,5.787,-3.55e-08,3.55e-08,1.2602500000000001e-15,-3.71e-08,2.904e-17,-9.045757490560677,-7.438898616350944,45.375,,,,,,,,,,,,,,,,,,,,,,,,
PTPC,gas,stda,-2.63e-08,-7.41e-08,3.864,3.491,0.3729999999999998,0.4734,6.784000000000001,-4.779999999999999e-08,4.779999999999999e-08,2.284839999999999e-15,-1.004e-07,1.94883e-15,-7.578396073130169,-7.129596094720973,2.8174904942965777,,,,,,,,,,,,,,,,,,,,,,,,
PTPC,gas,stddft,1.081e-07,1.482e-07,3.827,3.465,0.3620000000000001,0.4387,6.784000000000001,4.01e-08,4.01e-08,1.6080099999999997e-15,2.563e-07,1.6020419999999998e-14,-6.9657727392294495,-6.828858848971618,1.3709528214616096,,,,,,,,,,,,,,,,,,,,,,,,
PTPC,toluene,stda,-5.48e-08,-3.35e-08,3.832,3.49,0.3419999999999996,0.3457,6.7860000000000005,2.13e-08,2.13e-08,4.5369e-16,-8.83e-08,1.8358e-15,-7.260427655549908,-7.473660722610156,0.6113138686131387,,,,,,,,,,,,,,,,,,,,,,,,
PTPC,toluene,stddft,-6.07e-08,2.98e-08,3.794,3.462,0.3319999999999998,0.3157,6.7860000000000005,9.05e-08,9.05e-08,8.19025e-15,-3.089999999999999e-08,-1.80886e-15,-7.216096420727265,-7.52432881167557,-0.4909390444810544,,,,,,,,,,,,,,,,,,,,,,,,
PTZ-2PTO,gas,stda,-1.38e-08,-1.052e-07,3.178,2.833,0.3449999999999997,0.0328,6.813,-9.14e-08,9.14e-08,8.353959999999999e-15,-1.1900000000000001e-07,1.45176e-15,-7.856985199745905,-6.9775716288145135,7.623188405797101,,,,,,,,,,,,,,,,,,,,,,,,
PTZ-2PTO,gas,stddft,8.93e-08,-1.88e-08,3.138,2.804,0.3340000000000001,0.0274,6.813,-1.081e-07,1.081e-07,1.168561e-14,7.05e-08,-1.67884e-15,-7.048662481204082,-7.723538195826756,-0.2105263157894736,,,,,,,,,,,,,,,,,,,,,,,,
PTZ-2PTO,toluene,stda,8.3e-09,-2.9e-09,3.825,3.433,0.3920000000000003,0.4611,7.43,-1.12e-08,1.12e-08,1.2544e-16,5.4e-09,-2.407e-17,-8.075720713938118,-8.522878745280337,-0.3493975903614458,,,,,,,,,,,,,,,,,,,,,,,,
PTZ-2PTO,toluene,stddft,-1e-07,-4.23e-08,3.794,3.405,0.3890000000000002,0.4076,7.43,5.77e-08,5.77e-08,3.3292899999999997e-15,-1.423e-07,4.23e-15,-6.999565922520682,-7.372634143407267,0.423,,,,,,,,,,,,,,,,,,,,,,,,
PTZ-DBTO2,gas,stda,3.58e-08,-1.87e-08,3.505,3.024,0.4809999999999998,0.0488,6.7,-5.450000000000001e-08,5.450000000000001e-08,2.9702500000000005e-15,1.7100000000000004e-08,-6.6946e-16,-7.444905551421681,-7.72584215073632,-0.5223463687150838,,,,,,,,,,,,,,,,,,,,,,,,
PTZ-DBTO2,gas,stddft,-1.29e-08,-1.044e-07,3.438,3.004,0.4340000000000001,0.0382,6.7,-9.15e-08,9.15e-08,8.372249999999999e-15,-1.173e-07,1.3467599999999998e-15,-7.886056647693163,-6.980883709552927,8.093023255813954,,,,,,,,,,,,,,,,,,,,,,,,
PTZ-DBTO2,toluene,stda,-6.16e-08,5.41e-08,3.375,2.894,0.4809999999999998,0.0472,6.502999999999999,1.157e-07,1.157e-07,1.338649e-14,-7.499999999999994e-09,-3.33256e-15,-7.209714835966758,-7.266000713461613,-0.8782467532467533,,,,,,,,,,,,,,,,,,,,,,,,
PTZ-DBTO2,toluene,stddft,-3.65e-08,1.8e-08,3.307,2.875,0.4319999999999999,0.0365,6.502999999999999,5.450000000000001e-08,5.450000000000001e-08,2.9702500000000005e-15,-1.8500000000000004e-08,-6.57e-16,-7.436518914605589,-7.742321425130815,-0.4931506849315067,,,,,,,,,,,,,,,,,,,,,,,,
PTZ-DCPP,gas,stda,5.13e-08,6.03e-08,3.106,2.579,0.5269999999999997,0.3827,5.770999999999999,9.000000000000001e-09,9.000000000000001e-09,8.100000000000001e-17,1.1160000000000001e-07,3.0933900000000004e-15,-7.289036881004725,-7.218963061378868,1.1754385964912282,,,,,,,,,,,,,,,,,,,,,,,,
PTZ-DCPP,gas,stddft,-1.4e-09,-8.07e-08,3.052,2.552,0.5,0.357,5.770999999999999,-7.93e-08,7.93e-08,6.288490000000001e-15,-8.21e-08,1.1298e-16,-8.823908740944319,-7.092588639225414,57.642857142857146,,,,,,,,,,,,,,,,,,,,,,,,
PTZ-DCPP,toluene,stda,1.27e-07,4.44e-08,2.905,2.353,0.5519999999999996,0.3254,5.486000000000001,-8.260000000000001e-08,8.260000000000001e-08,6.822760000000002e-15,1.714e-07,5.638800000000001e-15,-6.895854449445992,-7.351639989019068,0.3496062992125984,,,,,,,,,,,,,,,,,,,,,,,,
PTZ-DCPP,toluene,stddft,-6.05e-08,-2.75e-08,2.851,2.321,0.5299999999999998,0.3169,5.486000000000001,3.3000000000000004e-08,3.3000000000000004e-08,1.0890000000000005e-15,-8.800000000000002e-08,1.6637500000000005e-15,-7.217527375833714,-7.559090917934782,0.4545454545454545,,,,,,,,,,,,,,,,,,,,,,,,
PTZ-NAI,gas,stda,-2.1e-09,1.1e-09,2.135,2.135,0.0,0.0001,4.652999999999999,3.2e-09,3.2e-09,1.0240000000000001e-17,-1.0000000000000003e-09,-2.31e-18,-8.657577319177793,-8.920818753952375,-0.5238095238095237,,,,,,,,,,,,,,,,,,,,,,,,
PTZ-NAI,gas,stddft,1e-10,-1.2e-09,2.134,2.133,0.0009999999999998,0.0001,4.652999999999999,-1.3e-09,1.3e-09,1.6900000000000004e-18,-1.1e-09,-1.2e-19,-9.69897000433602,-8.886056647693163,-12.0,,,,,,,,,,,,,,,,,,,,,,,,
PTZ-NAI,toluene,stda,-1.91e-08,-4.7e-09,2.028,1.878,0.1500000000000001,0.1153,4.611000000000001,1.44e-08,1.44e-08,2.0736e-16,-2.38e-08,8.976999999999999e-17,-7.716698771296451,-8.318758762624412,0.2460732984293193,,,,,,,,,,,,,,,,,,,,,,,,
PTZ-NAI,toluene,stddft,-1.23e-08,2.15e-08,2.014,1.87,0.1439999999999996,0.1047,4.611000000000001,3.38e-08,3.38e-08,1.14244e-15,9.2e-09,-2.6445e-16,-7.906578314837765,-7.665546248849069,-1.7479674796747968,,,,,,,,,,,,,,,,,,,,,,,,
PTZ-mPYR,gas,stda,8.1e-09,6.34e-08,3.174,2.807,0.367,0.0624,5.565,5.53e-08,5.53e-08,3.05809e-15,7.15e-08,5.1354e-16,-8.086186147616283,-7.197226274708024,7.827160493827161,,,,,,,,,,,,,,,,,,,,,,,,
PTZ-mPYR,gas,stddft,-9.8e-09,-7.79e-08,3.135,2.778,0.3569999999999997,0.0517,5.565,-6.810000000000002e-08,6.810000000000002e-08,4.637610000000001e-15,-8.77e-08,7.6342e-16,-8.00436480540245,-7.107905397309519,7.948979591836735,,,,,,,,,,,,,,,,,,,,,,,,
PTZ-mPYR,toluene,stda,9e-09,2.74e-08,3.157,2.794,0.363,0.0514,5.675,1.84e-08,1.84e-08,3.3855999999999997e-16,3.64e-08,2.466e-16,-8.040958607678906,-7.560667306169737,3.0444444444444447,,,,,,,,,,,,,,,,,,,,,,,,
PTZ-mPYR,toluene,stddft,-7.1e-08,-4.54e-08,3.116,2.765,0.351,0.0435,5.675,2.56e-08,2.56e-08,6.5536e-16,-1.1640000000000001e-07,3.2234000000000007e-15,-7.148130399270234,-7.341988603342887,0.6394366197183099,,,,,,,,,,,,,,,,,,,,,,,,
PTZTPE-2,gas,stda,-2.1e-08,1.49e-07,3.873,3.07,0.8030000000000004,0.7007,7.211,1.7e-07,1.7e-07,2.89e-14,1.28e-07,-3.129e-15,-7.675717544702307,-6.826522356547005,-7.095238095238095,,,,,,,,,,,,,,,,,,,,,,,,
PTZTPE-2,gas,stddft,-3.54e-08,3.08e-08,3.81,3.033,0.7770000000000001,0.5793,7.211,6.62e-08,6.62e-08,4.38244e-15,-4.6000000000000015e-09,-1.09032e-15,-7.449771646944906,-7.510041520575165,-0.8700564971751412,,,,,,,,,,,,,,,,,,,,,,,,
PTZTPE-2,toluene,stda,4.63e-08,2.42e-08,3.894,3.091,0.8029999999999999,0.707,7.23,-2.21e-08,2.21e-08,4.884099999999998e-16,7.05e-08,1.12046e-15,-7.333482019445119,-7.614393726401688,0.5226781857451405,,,,,,,,,,,,,,,,,,,,,,,,
PTZTPE-2,toluene,stddft,-2.39e-08,6.94e-08,3.831,3.055,0.7759999999999998,0.5858,7.23,9.33e-08,9.33e-08,8.704889999999999e-15,4.5500000000000004e-08,-1.6586599999999998e-15,-7.619788758288394,-7.158015195409886,-2.903765690376569,,,,,,,,,,,,,,,,,,,,,,,,
PTZ–TAZ,gas,stda,-8.7e-09,-1.03e-08,3.099,2.817,0.282,0.8605,5.476999999999999,-1.5999999999999992e-09,1.5999999999999992e-09,2.5599999999999987e-18,-1.9e-08,8.961e-17,-8.05551732784983,-7.982966660701219,1.1839080459770115,,,,,,,,,,,,,,,,,,,,,,,,
PTZ–TAZ,gas,stddft,2.46e-08,2.63e-08,3.087,2.807,0.2800000000000002,0.8049,5.476999999999999,1.700000000000002e-09,1.700000000000002e-09,2.8900000000000066e-18,5.09e-08,6.4698e-16,-7.607303046740334,-7.578396073130169,1.0691056910569106,,,,,,,,,,,,,,,,,,,,,,,,
PTZ–TAZ,toluene,stda,2.5e-09,-1.8e-09,3.1,2.825,0.2749999999999999,0.893,5.455,-4.3000000000000005e-09,4.3000000000000005e-09,1.8490000000000006e-17,7.000000000000001e-10,-4.5e-18,-8.585026652029182,-8.721246399047171,-0.72,,,,,,,,,,,,,,,,,,,,,,,,
PTZ–TAZ,toluene,stddft,3.1e-09,-2.2e-08,3.088,2.816,0.2720000000000002,0.8365,5.455,-2.51e-08,2.51e-08,6.3001e-16,-1.89e-08,-6.819999999999999e-17,-8.494850021680094,-7.655607726314889,-7.096774193548386,,,,,,,,,,,,,,,,,,,,,,,,
PX-TRZ,gas,stda,-2.9e-08,-2.19e-08,4.174,3.731,0.4430000000000005,0.0312,7.189,7.100000000000001e-09,7.100000000000001e-09,5.041000000000001e-17,-5.09e-08,6.351000000000001e-16,-7.536107011014093,-7.657577319177793,0.7551724137931034,,,,,,,,,,,,,,,,,,,,,,,,
PX-TRZ,gas,stddft,-1.07e-08,-4.2e-08,4.125,3.7,0.4249999999999998,0.0135,7.189,-3.13e-08,3.13e-08,9.796899999999998e-16,-5.27e-08,4.494e-16,-7.966576244513051,-7.375717904164332,3.925233644859813,,,,,,,,,,,,,,,,,,,,,,,,
PX-TRZ,toluene,stda,-8.47e-08,2.15e-08,4.176,3.704,0.472,0.068,7.097999999999999,1.062e-07,1.062e-07,1.127844e-14,-6.32e-08,-1.82105e-15,-7.071604147743286,-7.665546248849069,-0.2538370720188902,,,,,,,,,,,,,,,,,,,,,,,,
PX-TRZ,toluene,stddft,-1.192e-07,-4.36e-08,4.134,3.67,0.4640000000000004,0.0154,7.097999999999999,7.56e-08,7.56e-08,5.715359999999998e-15,-1.628e-07,5.19712e-15,-6.923359556329658,-7.359518563029578,0.3657718120805369,,,,,,,,,,,,,,,,,,,,,,,,
PXZ-10-DPPZ,gas,stda,2.17e-08,1.3e-09,2.091,1.919,0.1720000000000001,0.0911,4.847,-2.04e-08,2.04e-08,4.161599999999999e-16,2.3e-08,2.821e-17,-7.661543506395395,-8.853871964321762,0.0599078341013824,,,,,,,,,,,,,,,,,,,,,,,,
PXZ-10-DPPZ,gas,stddft,2.48e-08,-6.09e-08,2.073,1.909,0.1639999999999999,0.079,4.847,-8.569999999999999e-08,8.569999999999999e-08,7.34449e-15,-3.61e-08,-1.51032e-15,-7.603800652904264,-7.214670164989233,-2.4556451612903225,,,,,,,,,,,,,,,,,,,,,,,,
PXZ-10-DPPZ,toluene,stda,2.42e-08,-1.31e-08,2.188,2.033,0.1550000000000002,0.086,4.897,-3.73e-08,3.73e-08,1.3912900000000002e-15,1.1100000000000002e-08,-3.1702e-16,-7.614393726401688,-7.87942606879415,-0.5413223140495868,,,,,,,,,,,,,,,,,,,,,,,,
PXZ-10-DPPZ,toluene,stddft,-1.53e-08,3.24e-08,2.173,2.024,0.149,0.0755,4.897,4.77e-08,4.77e-08,2.2752899999999995e-15,1.7099999999999998e-08,-4.9572e-16,-7.812479279163536,-7.488116639021126,-2.117647058823529,,,,,,,,,,,,,,,,,,,,,,,,
PXZ-11-DPPZ,gas,stda,-2.7e-08,-3.6e-09,2.406,2.175,0.2310000000000003,0.2596,4.865,2.34e-08,2.34e-08,5.475600000000002e-16,-3.06e-08,9.72e-17,-7.567030709125595,-8.431798275933005,0.1333333333333333,,,,,,,,,,,,,,,,,,,,,,,,
PXZ-11-DPPZ,gas,stddft,2.02e-08,3.33e-08,2.383,2.163,0.2200000000000002,0.2294,4.865,1.31e-08,1.31e-08,1.7161000000000004e-16,5.35e-08,6.7266e-16,-7.692503962086787,-7.476253533188435,1.6485148514851486,,,,,,,,,,,,,,,,,,,,,,,,
PXZ-11-DPPZ,toluene,stda,-2.81e-08,-3.93e-08,2.451,2.227,0.2240000000000002,0.2495,4.893000000000001,-1.12e-08,1.12e-08,1.2544000000000002e-16,-6.740000000000002e-08,1.1043300000000001e-15,-7.549750891680639,-7.404503778174426,1.398576512455516,,,,,,,,,,,,,,,,,,,,,,,,
PXZ-11-DPPZ,toluene,stddft,5e-09,-3.39e-08,2.428,2.215,0.213,0.2215,4.893000000000001,-3.89e-08,3.89e-08,1.5132099999999998e-15,-2.89e-08,-1.695e-16,-8.292429823902063,-7.468521082957745,-6.779999999999999,,,,,,,,,,,,,,,,,,,,,,,,
PXZ-BOO,gas,stda,-6.15e-08,-5.1e-09,2.993,2.713,0.2799999999999998,0.2545,5.951999999999999,5.64e-08,5.64e-08,3.1809600000000007e-15,-6.66e-08,3.1365000000000003e-16,-7.210419287835575,-8.2839966563652,0.0829268292682926,,,,,,,,,,,,,,,,,,,,,,,,
PXZ-BOO,gas,stddft,-2.7e-08,9.1e-09,2.967,2.702,0.2650000000000001,0.2216,5.951999999999999,3.61e-08,3.61e-08,1.30321e-15,-1.79e-08,-2.4570000000000003e-16,-7.567030709125595,-8.036212172654444,-0.337037037037037,,,,,,,,,,,,,,,,,,,,,,,,
PXZ-BOO,toluene,stda,4.26e-08,-1.2e-09,2.925,2.626,0.2989999999999999,0.273,5.881000000000001,-4.38e-08,4.38e-08,1.91844e-15,4.14e-08,-5.112e-17,-7.369572124974976,-8.886056647693163,-0.028169014084507,,,,,,,,,,,,,,,,,,,,,,,,
PXZ-BOO,toluene,stddft,1.52e-08,-2.1e-08,2.897,2.614,0.2829999999999999,0.2356,5.881000000000001,-3.62e-08,3.62e-08,1.31044e-15,-5.799999999999999e-09,-3.192e-16,-7.815308569182402,-7.675717544702307,-1.381578947368421,,,,,,,,,,,,,,,,,,,,,,,,
PXZ-NAI,gas,stda,-3.38e-08,2.58e-08,1.927,1.667,0.26,0.194,4.816000000000001,5.96e-08,5.96e-08,3.55216e-15,-7.999999999999999e-09,-8.7204e-16,-7.469800301796917,-7.586700235918748,-0.7633136094674556,,,,,,,,,,,,,,,,,,,,,,,,
PXZ-NAI,gas,stddft,-5.14e-08,2.64e-08,1.899,1.654,0.2450000000000001,0.1666,4.816000000000001,7.78e-08,7.78e-08,6.052839999999999e-15,-2.5e-08,-1.35696e-15,-7.288192770958809,-7.576754126063192,-0.5136186770428016,,,,,,,,,,,,,,,,,,,,,,,,
PXZ-NAI,toluene,stda,2.81e-08,2.88e-08,1.834,1.525,0.3090000000000001,0.223,4.726000000000001,6.999999999999997e-10,6.999999999999997e-10,4.899999999999995e-19,5.69e-08,8.0928e-16,-7.549750891680639,-7.539102157243452,1.0249110320284698,,,,,,,,,,,,,,,,,,,,,,,,
PXZ-NAI,toluene,stddft,2e-08,-1.79e-08,1.798,1.509,0.2890000000000001,0.1856,4.726000000000001,-3.79e-08,3.79e-08,1.4364100000000002e-15,2.099999999999999e-09,-3.58e-16,-7.696803942579511,-7.744727494896693,-0.895,,,,,,,,,,,,,,,,,,,,,,,,
PXZ-ND,gas,stda,2.73e-08,-1.43e-08,2.982,2.558,0.4240000000000004,0.8906,6.077999999999999,-4.16e-08,4.16e-08,1.7305600000000005e-15,1.3e-08,-3.9039e-16,-7.562249437179612,-7.841637507904751,-0.5238095238095238,,,,,,,,,,,,,,,,,,,,,,,,
PXZ-ND,gas,stddft,5.6e-08,8.38e-08,2.937,2.534,0.403,0.7587,6.077999999999999,2.78e-08,2.78e-08,7.7284e-16,1.398e-07,4.692799999999999e-15,-7.251037138743839,-7.0762380391713,1.4964285714285714,,,,,,,,,,,,,,,,,,,,,,,,
PXZ-ND,toluene,stda,8.9e-09,-1.37e-08,3.025,2.592,0.4329999999999998,0.8827,6.143,-2.26e-08,2.26e-08,5.1076e-16,-4.8e-09,-1.2193000000000002e-16,-8.045757490560675,-7.860120913598763,-1.5393258426966292,,,,,,,,,,,,,,,,,,,,,,,,
PXZ-ND,toluene,stddft,1.69e-08,-2.45e-08,2.978,2.568,0.4100000000000001,0.7509,6.143,-4.14e-08,4.14e-08,1.71396e-15,-7.600000000000002e-09,-4.1405e-16,-7.769551078621726,-7.609064892896621,-1.4497041420118344,,,,,,,,,,,,,,,,,,,,,,,,
PXZ-OXD,gas,stda,5e-10,-3.19e-08,3.111,2.762,0.3490000000000002,0.4386,5.559,-3.24e-08,3.24e-08,1.04976e-15,-3.14e-08,-1.5950000000000002e-17,-9.221848749616356,-7.494850021680094,-63.8,,,,,,,,,,,,,,,,,,,,,,,,
PXZ-OXD,gas,stddft,-7.27e-08,-5.17e-08,3.085,2.731,0.3540000000000001,0.0164,5.559,2.1e-08,2.1e-08,4.409999999999998e-16,-1.244e-07,3.75859e-15,-7.137868620686963,-7.285670240254767,0.7111416781292985,,,,,,,,,,,,,,,,,,,,,,,,
PXZ-OXD,toluene,stda,-4.1e-09,-1.66e-08,3.096,2.777,0.3189999999999999,0.4346,5.489999999999999,-1.25e-08,1.25e-08,1.5624999999999998e-16,-2.07e-08,6.806e-17,-8.3767507096021,-7.777283528852417,4.048780487804878,,,,,,,,,,,,,,,,,,,,,,,,
PXZ-OXD,toluene,stddft,-4.68e-08,2.5e-09,3.078,2.746,0.3319999999999998,0.3938,5.489999999999999,4.930000000000001e-08,4.930000000000001e-08,2.430490000000001e-15,-4.43e-08,-1.17e-16,-7.328827157284917,-8.585026652029182,-0.0534188034188034,,,,,,,,,,,,,,,,,,,,,,,,
PXZ-PPO,gas,stda,-4.13e-08,1.47e-08,3.547,2.919,0.6280000000000001,0.6101,6.777,5.6e-08,5.6e-08,3.136e-15,-2.66e-08,-6.071099999999999e-16,-7.382999658879101,-7.829738284605042,-0.3559322033898305,,,,,,,,,,,,,,,,,,,,,,,,
PXZ-PPO,gas,stddft,-4.22e-08,-1.98e-08,3.485,2.892,0.593,0.5298,6.777,2.24e-08,2.24e-08,5.017600000000001e-16,-6.2e-08,8.355599999999999e-16,-7.373659632624958,-7.701146923590294,0.4691943127962085,,,,,,,,,,,,,,,,,,,,,,,,
PXZ-PPO,toluene,stda,6.64e-08,-9.66e-08,3.577,2.901,0.6760000000000002,0.1438,6.77,-1.6300000000000004e-07,1.6300000000000004e-07,2.6569000000000004e-14,-3.0200000000000006e-08,-6.41424e-15,-7.177178354696896,-7.014573525916998,-1.4548192771084338,,,,,,,,,,,,,,,,,,,,,,,,
PXZ-PPO,toluene,stddft,-2.4e-08,-5.93e-08,3.522,2.872,0.6499999999999999,0.5471,6.77,-3.5300000000000005e-08,3.5300000000000005e-08,1.2460900000000005e-15,-8.33e-08,1.4232e-15,-7.617982957425132,-7.2262135550188065,2.470833333333333,,,,,,,,,,,,,,,,,,,,,,,,
PXZ-QL,gas,stda,7.36e-08,2.45e-08,3.139,2.696,0.4429999999999996,0.3339,6.238,-4.91e-08,4.91e-08,2.41081e-15,9.81e-08,1.8032e-15,-7.132532512140949,-7.609064892896621,0.3328804347826087,,,,,,,,,,,,,,,,,,,,,,,,
PXZ-QL,gas,stddft,1.34e-08,2.36e-08,3.085,2.676,0.4089999999999998,0.2769,6.238,1.02e-08,1.02e-08,1.0404e-16,3.7e-08,3.1624e-16,-7.869666231504994,-7.625251653989896,1.7611940298507462,,,,,,,,,,,,,,,,,,,,,,,,
PXZ-QL,toluene,stda,-3.46e-08,-1.59e-08,3.173,2.726,0.447,0.3234,6.294,1.87e-08,1.87e-08,3.4968999999999997e-16,-5.05e-08,5.5014e-16,-7.459670525209126,-7.795880017344075,0.4595375722543353,,,,,,,,,,,,,,,,,,,,,,,,
PXZ-QL,toluene,stddft,-9.7e-09,-3.02e-08,3.118,2.705,0.4129999999999998,0.2682,6.294,-2.05e-08,2.05e-08,4.202499999999999e-16,-3.99e-08,2.9294e-16,-8.008773924307505,-7.518557371497695,3.11340206185567,,,,,,,,,,,,,,,,,,,,,,,,
PXZ2PTO,gas,stda,-9.43e-08,9.32e-08,3.098,2.734,0.3639999999999999,0.0147,6.882000000000001,1.875e-07,1.875e-07,3.5156250000000005e-14,-1.100000000000003e-09,-8.78876e-15,-7.025028005701931,-7.0301183562535,-0.9883351007423118,,,,,,,,,,,,,,,,,,,,,,,,
PXZ2PTO,gas,stddft,-1.22e-08,-1.35e-08,3.059,2.702,0.3570000000000002,0.0124,6.882000000000001,-1.3e-09,1.3e-09,1.6900000000000004e-18,-2.57e-08,1.647e-16,-7.910094888560602,-7.866461091629782,1.1065573770491803,,,,,,,,,,,,,,,,,,,,,,,,
PXZ2PTO,toluene,stda,2.9e-08,3.54e-08,3.144,2.78,0.3640000000000003,0.0115,6.782,6.399999999999998e-09,6.399999999999998e-09,4.0959999999999973e-17,6.44e-08,1.0266e-15,-7.536107011014093,-7.449771646944906,1.2206896551724138,,,,,,,,,,,,,,,,,,,,,,,,
PXZ2PTO,toluene,stddft,5.86e-08,5.96e-08,3.106,2.749,0.3569999999999997,0.0096,6.782,9.999999999999955e-10,9.999999999999955e-10,9.999999999999914e-19,1.182e-07,3.49256e-15,-7.231361898752385,-7.224025668870631,1.0170648464163825,,,,,,,,,,,,,,,,,,,,,,,,
PXZPDO,gas,stda,-4.12e-08,4.95e-08,3.073,2.708,0.3649999999999997,0.0172,5.45,9.07e-08,9.07e-08,8.22649e-15,8.300000000000002e-09,-2.0394e-15,-7.384049948343599,-7.304518323509803,-1.2014563106796117,,,,,,,,,,,,,,,,,,,,,,,,
PXZPDO,gas,stddft,-6.76e-08,3.42e-08,3.035,2.676,0.359,0.0147,5.45,1.018e-07,1.018e-07,1.036324e-14,-3.3399999999999995e-08,-2.31192e-15,-7.169411331314856,-7.464705879957229,-0.5059171597633136,,,,,,,,,,,,,,,,,,,,,,,,
PXZPDO,toluene,stda,-9.8e-09,3.1e-08,3.119,2.739,0.3800000000000003,0.0253,5.534,4.08e-08,4.08e-08,1.6646400000000002e-15,2.12e-08,-3.038e-16,-8.00436480540245,-7.507239610973162,-3.1632653061224487,,,,,,,,,,,,,,,,,,,,,,,,
PXZPDO,toluene,stddft,-1.176e-07,-3.1e-09,3.082,2.708,0.3739999999999996,0.022,5.534,1.145e-07,1.145e-07,1.311025e-14,-1.207e-07,3.6456e-16,-6.929223537156566,-8.494850021680094,0.026360544217687,,,,,,,,,,,,,,,,,,,,,,,,
PY-TPA,gas,stda,-8.4e-09,-4.24e-08,3.253,2.934,0.3189999999999999,0.0582,4.864000000000001,-3.4e-08,3.4e-08,1.156e-15,-5.080000000000001e-08,3.5616e-16,-8.070581074285707,-7.371611069949688,5.047619047619048,,,,,,,,,,,,,,,,,,,,,,,,
PY-TPA,gas,stddft,-5.28e-08,-1.76e-08,3.248,2.905,0.3430000000000004,0.1848,4.864000000000001,3.5200000000000004e-08,3.5200000000000004e-08,1.2390400000000005e-15,-7.04e-08,9.2928e-16,-7.276544327964814,-7.752026733638194,0.3333333333333333,,,,,,,,,,,,,,,,,,,,,,,,
PY-TPA,toluene,stda,-1.09e-08,-1.746e-07,3.177,2.817,0.3599999999999999,0.8896,4.747999999999999,-1.637e-07,1.637e-07,2.679769e-14,-1.855e-07,1.90314e-15,-7.958607314841775,-6.757707095017069,16.01834862385321,,,,,,,,,,,,,,,,,,,,,,,,
PY-TPA,toluene,stddft,3.63e-08,5.54e-08,3.149,2.791,0.3580000000000001,0.8158,4.747999999999999,1.91e-08,1.91e-08,3.6480999999999996e-16,9.170000000000001e-08,2.01102e-15,-7.438898616350944,-7.255707016877324,1.5261707988980715,,,,,,,,,,,,,,,,,,,,,,,,
Pd-1,gas,stda,-4.2e-09,-3.12e-08,2.941,2.616,0.3249999999999997,0.1748,6.281000000000001,-2.7e-08,2.7e-08,7.29e-16,-3.54e-08,1.3104000000000003e-16,-8.366531544420413,-7.504455662453552,7.428571428571428,,,,,,,,,,,,,,,,,,,,,,,,
Pd-1,gas,stddft,-3.36e-08,-9.06e-08,2.92,2.58,0.3399999999999998,0.1565,6.281000000000001,-5.7e-08,5.7e-08,3.249e-15,-1.2420000000000001e-07,3.0441600000000005e-15,-7.472370099128661,-7.042392712939905,2.696428571428571,,,,,,,,,,,,,,,,,,,,,,,,
Pd-1,toluene,stda,-8.52e-08,1.56e-08,2.916,2.501,0.415,0.3357,5.975999999999999,1.008e-07,1.008e-07,1.016064e-14,-6.96e-08,-1.32912e-15,-7.069050968832477,-7.804100347590766,-0.1830985915492957,,,,,,,,,,,,,,,,,,,,,,,,
Pd-1,toluene,stddft,1.254e-07,3.64e-08,2.888,2.46,0.4279999999999999,0.298,5.975999999999999,-8.9e-08,8.9e-08,7.920999999999998e-15,1.618e-07,4.56456e-15,-6.901356274182943,-7.437707135543525,0.2902711323763955,,,,,,,,,,,,,,,,,,,,,,,,
Perylene,gas,stda,-1.83e-08,-8.37e-08,3.252,2.154,1.098,0.8646,5.994,-6.54e-08,6.54e-08,4.27716e-15,-1.02e-07,1.53171e-15,-7.735182176990463,-7.076755981369724,4.57377049180328,,,,,,,,,,,,,,,,,,,,,,,,
Perylene,gas,stddft,4.8e-09,2.58e-08,3.079,2.081,0.9980000000000002,0.6017,5.994,2.1e-08,2.1e-08,4.4099999999999997e-16,3.06e-08,1.2384e-16,-8.309803919971486,-7.586700235918748,5.375,,,,,,,,,,,,,,,,,,,,,,,,
Perylene,toluene,stda,1.126e-07,1.53e-08,3.251,2.155,1.096,0.8641,5.995999999999999,-9.73e-08,9.73e-08,9.467290000000002e-15,1.279e-07,1.7227800000000004e-15,-6.948076083953893,-7.812479279163536,0.1358792184724689,,,,,,,,,,,,,,,,,,,,,,,,
Perylene,toluene,stddft,-6.07e-08,-6.15e-08,3.078,2.083,0.9949999999999996,0.6016,5.995999999999999,-8.000000000000072e-10,8.000000000000072e-10,6.400000000000114e-19,-1.222e-07,3.73305e-15,-7.216096420727265,-7.210419287835575,1.0131795716639211,,,,,,,,,,,,,,,,,,,,,,,,
Ph-CF3,gas,stda,2.5e-09,3.14e-08,3.847,3.392,0.455,1.1704,7.059,2.8900000000000004e-08,2.8900000000000004e-08,8.352100000000002e-16,3.3900000000000006e-08,7.85e-17,-8.585026652029182,-7.501689446210399,12.56,,,,,,,,,,,,,,,,,,,,,,,,
Ph-CF3,gas,stddft,-6.56e-08,-2.52e-08,3.801,3.362,0.439,0.9295,7.059,4.04e-08,4.04e-08,1.6321600000000005e-15,-9.08e-08,1.6531200000000001e-15,-7.182434630440219,-7.5968794788241825,0.3841463414634146,,,,,,,,,,,,,,,,,,,,,,,,
Ph-CF3,toluene,stda,-1.6e-09,7.7e-08,3.866,3.403,0.4630000000000001,1.1506,7.009,7.86e-08,7.86e-08,6.177960000000001e-15,7.54e-08,-1.232e-16,-8.769551078621726,-7.112945621949043,-48.125,,,,,,,,,,,,,,,,,,,,,,,,
Ph-CF3,toluene,stddft,-5.6e-08,-3.28e-08,3.817,3.373,0.4439999999999999,0.8872,7.009,2.32e-08,2.32e-08,5.382399999999998e-16,-8.88e-08,1.8368e-15,-7.251037138743839,-7.482804102050026,0.5857142857142857,,,,,,,,,,,,,,,,,,,,,,,,
Ph-OBNA,gas,stda,1.73e-08,1e-09,3.467,3.07,0.3970000000000002,0.1721,6.581,-1.63e-08,1.63e-08,2.6569000000000003e-16,1.83e-08,1.7300000000000002e-17,-7.7594507517174,-8.958607314841775,0.0578034682080924,,,,,,,,,,,,,,,,,,,,,,,,
Ph-OBNA,gas,stddft,2.71e-08,9.8e-09,3.414,3.051,0.363,0.1453,6.581,-1.7300000000000003e-08,1.7300000000000003e-08,2.9929000000000013e-16,3.69e-08,2.6558e-16,-7.565431095965801,-8.00436480540245,0.3616236162361623,,,,,,,,,,,,,,,,,,,,,,,,
Ph-OBNA,toluene,stda,5.26e-08,1.96e-08,3.466,3.073,0.3930000000000002,0.1677,6.554999999999999,-3.3000000000000004e-08,3.3000000000000004e-08,1.0890000000000005e-15,7.22e-08,1.03096e-15,-7.278189384787454,-7.705533773838407,0.3726235741444867,,,,,,,,,,,,,,,,,,,,,,,,
Ph-OBNA,toluene,stddft,4.18e-08,1.11e-08,3.414,3.054,0.3600000000000003,0.1412,6.554999999999999,-3.07e-08,3.07e-08,9.4249e-16,5.29e-08,4.6398e-16,-7.377785977033705,-7.950781977329818,0.2655502392344497,,,,,,,,,,,,,,,,,,,,,,,,
PhCO-DMAC,gas,stda,-1.93e-08,-1.41e-08,3.474,3.357,0.1169999999999999,0.1342,5.827999999999999,5.2e-09,5.2e-09,2.7040000000000004e-17,-3.34e-08,2.7213e-16,-7.712198270069773,-7.847711655616943,0.7305699481865285,,,,,,,,,,,,,,,,,,,,,,,,
PhCO-DMAC,gas,stddft,1.84e-08,-7.4e-09,3.466,3.35,0.1160000000000001,0.1266,5.827999999999999,-2.58e-08,2.58e-08,6.6564e-16,1.1e-08,-1.3616e-16,-7.732828271596986,-8.1249387366083,-0.4021739130434782,,,,,,,,,,,,,,,,,,,,,,,,
PhCO-DMAC,toluene,stda,-3.9e-08,3.6e-09,3.416,3.319,0.0969999999999999,0.04,5.749999999999999,4.26e-08,4.26e-08,1.81476e-15,-3.54e-08,-1.404e-16,-7.407823242604133,-8.431798275933005,-0.0923076923076923,,,,,,,,,,,,,,,,,,,,,,,,
PhCO-DMAC,toluene,stddft,1.37e-08,-4.74e-08,3.411,3.312,0.0990000000000002,0.0498,5.749999999999999,-6.11e-08,6.11e-08,3.73321e-15,-3.3700000000000004e-08,-6.4938e-16,-7.860120913598763,-7.323306390375134,-3.45985401459854,,,,,,,,,,,,,,,,,,,,,,,,
PhCz-Pyr,gas,stda,-1.466e-07,-1.267e-07,3.825,3.408,0.4170000000000002,0.3683,6.582999999999999,1.9900000000000013e-08,1.9900000000000013e-08,3.960100000000005e-16,-2.733e-07,1.857422e-14,-6.833569886156718,-6.896880746454286,0.8642564802182809,,,,,,,,,,,,,,,,,,,,,,,,
PhCz-Pyr,gas,stddft,-5.74e-08,-3.42e-08,3.768,3.387,0.3809999999999998,0.3,6.582999999999999,2.32e-08,2.32e-08,5.382399999999998e-16,-9.16e-08,1.96308e-15,-7.2403321553103694,-7.464705879957229,0.5958188153310106,,,,,,,,,,,,,,,,,,,,,,,,
PhCz-Pyr,toluene,stda,-1.205e-07,1.42e-07,3.815,3.391,0.4239999999999999,0.3089,6.559,2.625000000000001e-07,2.625000000000001e-07,6.890625000000001e-14,2.15e-08,-1.7111e-14,-6.918652692195868,-6.8474059220725305,-1.1784232365145229,,,,,,,,,,,,,,,,,,,,,,,,
PhCz-Pyr,toluene,stddft,4.67e-08,-2.74e-08,3.756,3.369,0.3869999999999995,0.251,6.559,-7.410000000000002e-08,7.410000000000002e-08,5.4908100000000006e-15,1.93e-08,-1.27958e-15,-7.329754146925876,-7.560667306169737,-0.5867237687366167,,,,,,,,,,,,,,,,,,,,,,,,
PhCzSPOTz,gas,stda,5.94e-08,-1.68e-08,4.034,3.617,0.4169999999999998,0.3972,7.293,-7.620000000000002e-08,7.620000000000002e-08,5.8064400000000005e-15,4.26e-08,-9.9792e-16,-7.22548303427145,-7.772113295386326,-0.2828282828282828,,,,,,,,,,,,,,,,,,,,,,,,
PhCzSPOTz,gas,stddft,-1.377e-07,-7.6e-09,3.976,3.598,0.3780000000000001,0.3481,7.293,1.301e-07,1.301e-07,1.6926010000000002e-14,-1.4529999999999998e-07,1.04652e-15,-6.860750782428393,-8.113509274827518,0.0551924473493101,,,,,,,,,,,,,,,,,,,,,,,,
PhCzSPOTz,toluene,stda,7.37e-08,-5.75e-08,4.019,3.609,0.4100000000000001,0.3841,7.321,-1.312e-07,1.312e-07,1.7213440000000002e-14,1.6200000000000006e-08,-4.23775e-15,-7.131943638176958,-7.239577516576788,-0.7801899592944368,,,,,,,,,,,,,,,,,,,,,,,,
PhCzSPOTz,toluene,stddft,-2.5e-09,-4.16e-08,3.963,3.589,0.3740000000000001,0.3396,7.321,-3.91e-08,3.91e-08,1.52881e-15,-4.41e-08,1.04e-16,-8.585026652029182,-7.379863945026242,16.64,,,,,,,,,,,,,,,,,,,,,,,,
PhICz-Pyr,gas,stda,6.26e-08,3.96e-08,3.704,3.308,0.3960000000000003,0.5284,6.851,-2.3000000000000007e-08,2.3000000000000007e-08,5.290000000000003e-16,1.022e-07,2.47896e-15,-7.202732459169283,-7.401209493236885,0.63258785942492,,,,,,,,,,,,,,,,,,,,,,,,
PhICz-Pyr,gas,stddft,-5.4e-09,-9.98e-08,3.649,3.289,0.3599999999999999,0.456,6.851,-9.44e-08,9.44e-08,8.91136e-15,-1.052e-07,5.3892e-16,-8.259637310505756,-7.000434511774018,18.48148148148148,,,,,,,,,,,,,,,,,,,,,,,,
PhICz-Pyr,toluene,stda,-3.11e-08,2.61e-08,3.632,3.248,0.3839999999999999,0.4006,6.813,5.72e-08,5.72e-08,3.2718399999999995e-15,-5.000000000000002e-09,-8.117099999999999e-16,-7.505845405981558,-7.581698708680254,-0.8392282958199356,,,,,,,,,,,,,,,,,,,,,,,,
PhICz-Pyr,toluene,stddft,-2.45e-08,-1.32e-08,3.574,3.23,0.3439999999999998,0.3497,6.813,1.13e-08,1.13e-08,1.2769e-16,-3.77e-08,3.2340000000000004e-16,-7.609064892896621,-7.876148359032914,0.5387755102040817,,,,,,,,,,,,,,,,,,,,,,,,
PhPC,gas,stda,8.47e-08,-1.043e-07,3.306,2.259,1.0470000000000002,0.6103,6.233,-1.89e-07,1.89e-07,3.5721e-14,-1.9600000000000003e-08,-8.83421e-15,-7.071604147743286,-6.981299501333757,-1.231404958677686,,,,,,,,,,,,,,,,,,,,,,,,
PhPC,gas,stddft,-5.26e-08,5.17e-08,3.139,2.187,0.952,0.4277,6.233,1.043e-07,1.043e-07,1.087849e-14,-9.000000000000013e-10,-2.71942e-15,-7.278189384787454,-7.285670240254767,-0.9828897338403042,,,,,,,,,,,,,,,,,,,,,,,,
PhPC,toluene,stda,2.07e-08,3.65e-08,3.308,2.255,1.053,0.6021,6.243,1.5800000000000006e-08,1.5800000000000006e-08,2.496400000000001e-16,5.72e-08,7.5555e-16,-7.681936665037238,-7.436518914605589,1.7632850241545894,,,,,,,,,,,,,,,,,,,,,,,,
PhPC,toluene,stddft,9.21e-08,2.23e-08,3.141,2.183,0.9580000000000002,0.4235,6.243,-6.98e-08,6.98e-08,4.87204e-15,1.144e-07,2.05383e-15,-7.035269078946371,-7.649751981665837,0.242128121606949,,,,,,,,,,,,,,,,,,,,,,,,
PhQLPXZ,gas,stda,7.3e-09,1.254e-07,2.912,2.718,0.1939999999999999,0.1919,5.369000000000001,1.181e-07,1.181e-07,1.3947609999999998e-14,1.327e-07,9.1542e-16,-8.130768280269024,-6.901356274182943,17.17808219178082,,,,,,,,,,,,,,,,,,,,,,,,
PhQLPXZ,gas,stddft,2.07e-08,6.68e-08,2.895,2.694,0.201,0.1742,5.369000000000001,4.61e-08,4.61e-08,2.12521e-15,8.750000000000002e-08,1.38276e-15,-7.681936665037238,-7.174573882232177,3.2270531400966185,,,,,,,,,,,,,,,,,,,,,,,,
PhQLPXZ,toluene,stda,-3.26e-08,-2.13e-08,2.992,2.726,0.266,0.1707,5.436999999999999,1.1300000000000002e-08,1.1300000000000002e-08,1.2769000000000003e-16,-5.39e-08,6.9438e-16,-7.485452247339714,-7.669586226650809,0.6533742331288344,,,,,,,,,,,,,,,,,,,,,,,,
PhQLPXZ,toluene,stddft,-1.33e-08,5.87e-08,2.978,2.695,0.2830000000000003,0.1561,5.436999999999999,7.200000000000001e-08,7.200000000000001e-08,5.1840000000000014e-15,4.54e-08,-7.8071e-16,-7.872895201635193,-7.230622673923861,-4.413533834586467,,,,,,,,,,,,,,,,,,,,,,,,
PmPmP,gas,stda,-3.98e-08,-3.47e-08,3.126,2.765,0.3609999999999997,0.0153,5.29,5.099999999999999e-09,5.099999999999999e-09,2.6009999999999996e-17,-7.45e-08,1.38106e-15,-7.399027104313252,-7.458420756053419,0.8718592964824121,,,,,,,,,,,,,,,,,,,,,,,,
PmPmP,gas,stddft,1.095e-07,3.34e-08,3.087,2.734,0.3530000000000002,0.013,5.29,-7.61e-08,7.61e-08,5.79121e-15,1.429e-07,3.6573e-15,-6.96018944585165,-7.474955192963154,0.3050228310502283,,,,,,,,,,,,,,,,,,,,,,,,
PmPmP,toluene,stda,1.7e-09,-8.9e-09,3.124,2.761,0.363,0.0152,5.260000000000001,-1.06e-08,1.06e-08,1.1236000000000002e-16,-7.2e-09,-1.513e-17,-8.744727494896694,-8.045757490560675,-5.235294117647059,,,,,,,,,,,,,,,,,,,,,,,,
PmPmP,toluene,stddft,-8.4e-09,-8.26e-08,3.085,2.73,0.355,0.0128,5.260000000000001,-7.42e-08,7.42e-08,5.50564e-15,-9.1e-08,6.9384e-16,-8.070581074285707,-7.082494490447453,9.833333333333332,,,,,,,,,,,,,,,,,,,,,,,,
PnB,gas,stda,-8.4e-09,1.053e-07,3.536,2.678,0.8580000000000001,0.7315,6.263999999999999,1.137e-07,1.137e-07,1.2927689999999998e-14,9.69e-08,-8.8452e-16,-8.070581074285707,-6.977159389123472,-12.535714285714285,,,,,,,,,,,,,,,,,,,,,,,,
PnB,gas,stddft,3.74e-08,-4.14e-08,3.474,2.612,0.8620000000000001,0.6544,6.263999999999999,-7.879999999999999e-08,7.879999999999999e-08,6.209439999999999e-15,-4.000000000000003e-09,-1.54836e-15,-7.425968732272281,-7.3819519032879075,-1.106951871657754,,,,,,,,,,,,,,,,,,,,,,,,
PnB,toluene,stda,-5.56e-08,1.18e-08,3.537,2.685,0.8519999999999999,0.7045,6.268,6.740000000000002e-08,6.740000000000002e-08,4.542760000000001e-15,-4.38e-08,-6.5608e-16,-7.254144804826271,-7.924453038607469,-0.2122302158273381,,,,,,,,,,,,,,,,,,,,,,,,
PnB,toluene,stddft,-5.98e-08,1.003e-07,3.476,2.62,0.8559999999999999,0.6358,6.268,1.601e-07,1.601e-07,2.5632010000000004e-14,4.05e-08,-5.997940000000001e-15,-7.222573177610688,-6.998266287190999,-1.677257525083612,,,,,,,,,,,,,,,,,,,,,,,,
PrDPhAc,gas,stda,-6.23e-08,5.12e-08,3.898,3.242,0.6560000000000001,0.5722,7.662999999999999,1.135e-07,1.135e-07,1.288225e-14,-1.1099999999999994e-08,-3.18976e-15,-7.204815410317576,-7.289882634888183,-0.8218298555377208,,,,,,,,,,,,,,,,,,,,,,,,
PrDPhAc,gas,stddft,-6.46e-08,4.73e-08,3.835,3.213,0.6219999999999999,0.4757,7.662999999999999,1.119e-07,1.119e-07,1.2521609999999996e-14,-1.7299999999999996e-08,-3.05558e-15,-7.189095719331299,-7.324221658325915,-0.7321981424148607,,,,,,,,,,,,,,,,,,,,,,,,
PrDPhAc,toluene,stda,-6.2e-08,-1.6e-07,3.786,3.105,0.681,0.6192,7.533000000000001,-9.8e-08,9.8e-08,9.604e-15,-2.22e-07,9.92e-15,-7.20690839982342,-6.795608668080701,2.5806451612903225,,,,,,,,,,,,,,,,,,,,,,,,
PrDPhAc,toluene,stddft,-6.32e-08,-2.23e-08,3.715,3.075,0.6399999999999997,0.5094,7.533000000000001,4.09e-08,4.09e-08,1.6728099999999997e-15,-8.549999999999999e-08,1.40936e-15,-7.198596289982645,-7.649751981665837,0.3528481012658228,,,,,,,,,,,,,,,,,,,,,,,,
Pra-2DMAC,gas,stda,-7.8e-09,5.07e-08,4.003,3.397,0.6060000000000003,0.0859,7.342,5.85e-08,5.85e-08,3.42225e-15,4.29e-08,-3.9546e-16,-8.102372908709558,-7.294136287716081,-6.499999999999999,,,,,,,,,,,,,,,,,,,,,,,,
Pra-2DMAC,gas,stddft,1.4e-09,-3.91e-08,3.949,3.365,0.5839999999999996,0.1184,7.342,-4.05e-08,4.05e-08,1.64025e-15,-3.77e-08,-5.474e-17,-8.823908740944319,-7.406713932979542,-27.92857142857143,,,,,,,,,,,,,,,,,,,,,,,,
Pra-2DMAC,toluene,stda,1.51e-08,-5.35e-08,3.972,3.369,0.6029999999999998,0.0223,7.354,-6.86e-08,6.86e-08,4.7059600000000004e-15,-3.84e-08,-8.0785e-16,-7.818156412055227,-7.27083521030723,-3.543046357615894,,,,,,,,,,,,,,,,,,,,,,,,
Pra-2DMAC,toluene,stddft,5.74e-08,1.9e-08,3.917,3.337,0.5799999999999996,0.023,7.354,-3.84e-08,3.84e-08,1.47456e-15,7.64e-08,1.0906e-15,-7.2403321553103694,-7.718966632752273,0.3310104529616725,,,,,,,,,,,,,,,,,,,,,,,,
PtB,gas,stda,-1.4e-09,-3.85e-08,3.486,2.631,0.8550000000000004,1.0876,6.214999999999999,-3.71e-08,3.71e-08,1.37641e-15,-3.99e-08,5.39e-17,-8.823908740944319,-7.413412695328245,27.500000000000004,,,,,,,,,,,,,,,,,,,,,,,,
PtB,gas,stddft,-7.71e-08,1.185e-07,3.416,2.566,0.8500000000000001,0.9302,6.214999999999999,1.956e-07,1.956e-07,3.8259359999999995e-14,4.14e-08,-9.13635e-15,-7.112382699664264,-6.925915310971757,-1.5369649805447472,,,,,,,,,,,,,,,,,,,,,,,,
PtB,toluene,stda,-3.15e-08,2.98e-08,3.522,2.676,0.8459999999999996,0.716,6.255,6.13e-08,6.13e-08,3.75769e-15,-1.6999999999999987e-09,-9.387e-16,-7.5003129173815966,-7.52432881167557,-0.946031746031746,,,,,,,,,,,,,,,,,,,,,,,,
PtB,toluene,stddft,-3.28e-08,2.79e-08,3.463,2.611,0.8519999999999999,0.6422,6.255,6.070000000000002e-08,6.070000000000002e-08,3.684490000000001e-15,-4.900000000000004e-09,-9.1512e-16,-7.482804102050026,-7.552841968657781,-0.8506097560975608,,,,,,,,,,,,,,,,,,,,,,,,
PtOEP,gas,stda,7.32e-08,2.91e-08,0.944,0.163,0.7809999999999999,0.0,4.222,-4.409999999999999e-08,4.409999999999999e-08,1.9448099999999997e-15,1.023e-07,2.13012e-15,-7.134896025358872,-7.534617148551582,0.3975409836065574,,,,,,,,,,,,,,,,,,,,,,,,
PtOEP,gas,stddft,-6.01e-08,3.42e-08,0.601,1.329,-0.728,0.0,4.222,9.43e-08,9.43e-08,8.89249e-15,-2.59e-08,-2.05542e-15,-7.220403508742176,-7.464705879957229,-0.5690515806988353,,,,,,,,,,,,,,,,,,,,,,,,
PtOEP,toluene,stda,2.1e-08,1.747e-07,0.991,0.094,0.897,0.0,4.182,1.537e-07,1.537e-07,2.3623690000000003e-14,1.957e-07,3.6687e-15,-7.675717544702307,-6.757458571701616,8.31904761904762,,,,,,,,,,,,,,,,,,,,,,,,
PtOEP,toluene,stddft,-3.29e-08,-2.72e-08,0.569,1.386,-0.817,0.0,4.182,5.699999999999998e-09,5.699999999999998e-09,3.248999999999998e-17,-6.009999999999999e-08,8.948799999999999e-16,-7.481486060122113,-7.5638373529592435,0.8267477203647416,,,,,,,,,,,,,,,,,,,,,,,,
Px2BP,gas,stda,1.3e-08,1.03e-08,2.913,2.572,0.3409999999999997,0.1044,5.333,-2.700000000000001e-09,2.700000000000001e-09,7.290000000000005e-18,2.33e-08,1.339e-16,-7.882728704344236,-7.982966660701219,0.7923076923076923,0.0510624515803785,0.6537235123729465,0.078110165251709,0.3462764876270539,0.921889834748291,1.840773584002976,0.4283265937624111,0.0516226279663736,0.7101961777481242,0.0726878425761987,0.2898038222518757,0.9273121574238008,1.8064595465556497,0.5024062407043006,0.0005601763859951064,0.0005601763859951064,0.0564726653751777,0.0564726653751777,-0.005422322675510294,0.005422322675510294,-0.03431403744732631,0.03431403744732631,0.07407964694188951,0.07407964694188951
Px2BP,gas,stddft,3.05e-08,-1.39e-08,2.88,2.561,0.3189999999999999,0.0862,5.333,-4.44e-08,4.44e-08,1.97136e-15,1.6600000000000003e-08,-4.2395e-16,-7.51427857351842,-7.853871964321762,-0.4557377049180328,0.0506475358331801,0.6580714831529952,0.0769635778631742,0.3419285168470046,0.9230364221368256,1.9038810513042703,0.4296756098610656,0.0510315339242736,0.7142456047139958,0.0714481595510945,0.2857543952860041,0.9285518404489056,1.7877164433026411,0.514260957243579,0.0003839980910934973,0.0003839980910934973,0.056174121561000545,0.056174121561000545,-0.0055154183120797035,0.0055154183120797035,-0.1161646080016292,0.1161646080016292,0.08458534738251339,0.08458534738251339
Px2BP,toluene,stda,-3.3e-08,2.26e-08,2.953,2.633,0.3199999999999998,0.0985,5.3580000000000005,5.56e-08,5.56e-08,3.09136e-15,-1.0399999999999996e-08,-7.458e-16,-7.480172006224281,-7.643974142806877,-0.6848484848484849,0.0518141042983653,0.7020316545542433,0.0738059373280892,0.2979683454457568,0.9261940626719108,2.1778127795341806,0.4206324072910354,0.052066205727269,0.7256556743796918,0.0717505665090768,0.2743443256203081,0.9282494334909231,1.9312356279248344,0.4981293768131467,0.00025210142890370185,0.00025210142890370185,0.023624019825448483,0.023624019825448483,-0.0020553708190124004,0.0020553708190124004,-0.24657715160934623,0.24657715160934623,0.07749696952211127,0.07749696952211127
Px2BP,toluene,stddft,3.44e-08,3.11e-08,2.924,2.623,0.3009999999999997,0.0824,5.3580000000000005,-3.299999999999996e-09,3.299999999999996e-09,1.0889999999999977e-17,6.55e-08,1.0698399999999998e-15,-7.462180904926726,-7.505845405981558,0.9040697674418604,0.0512878396336741,0.6994262195891533,0.0733284486586746,0.3005737804108468,0.9266715513413254,2.188802732049421,0.4218359607595062,0.0516575615843146,0.7291120280091783,0.0708499648886115,0.2708879719908216,0.9291500351113882,1.9073246092577556,0.510352026881609,0.0003697219506405003,0.0003697219506405003,0.029685808420024995,0.029685808420024995,-0.0024784837700631,0.0024784837700631,-0.2814781227916654,0.2814781227916654,0.08851606612210278,0.08851606612210278
PxCN,gas,stda,-3.25e-08,-3.1e-08,3.263,2.88,0.383,0.0038,5.372000000000001,1.5e-09,1.5e-09,2.2500000000000007e-18,-6.35e-08,1.0075e-15,-7.486782399932061,-7.507239610973162,0.9538461538461538,,,,,,,,,,,,,,,,,,,,,,,,
PxCN,gas,stddft,5.24e-08,-1.81e-08,3.228,2.85,0.3780000000000001,0.0035,5.372000000000001,-7.05e-08,7.05e-08,4.970250000000001e-15,3.43e-08,-9.4844e-16,-7.279840696594043,-7.739928612014925,-0.3454198473282442,,,,,,,,,,,,,,,,,,,,,,,,
PxCN,toluene,stda,-9.66e-08,5.27e-08,3.237,2.852,0.3850000000000002,0.0167,5.417000000000001,1.493e-07,1.493e-07,2.229049e-14,-4.39e-08,-5.09082e-15,-7.014573525916998,-7.277366077466188,-0.5455486542443064,,,,,,,,,,,,,,,,,,,,,,,,
PxCN,toluene,stddft,8.15e-08,-9.8e-09,3.202,2.821,0.3809999999999998,0.0139,5.417000000000001,-9.13e-08,9.13e-08,8.335689999999999e-15,7.17e-08,-7.986999999999999e-16,-7.088309841246139,-8.00436480540245,-0.1202453987730061,,,,,,,,,,,,,,,,,,,,,,,,
PxCYP,gas,stda,-6.62e-08,1.76e-08,3.085,2.751,0.3340000000000001,0.4411,5.170999999999999,8.38e-08,8.38e-08,7.022439999999999e-15,-4.86e-08,-1.16512e-15,-7.178486471595227,-7.752026733638194,-0.2658610271903323,,,,,,,,,,,,,,,,,,,,,,,,
PxCYP,gas,stddft,1.85e-08,3.54e-08,3.067,2.72,0.347,0.3037,5.170999999999999,1.69e-08,1.69e-08,2.8560999999999997e-16,5.39e-08,6.549e-16,-7.730487055782084,-7.449771646944906,1.9135135135135133,,,,,,,,,,,,,,,,,,,,,,,,
PxCYP,toluene,stda,-6.47e-08,-1.527e-07,3.119,2.754,0.3650000000000002,0.0125,5.287,-8.800000000000002e-08,8.800000000000002e-08,7.744000000000001e-15,-2.1740000000000005e-07,9.879690000000002e-15,-7.188424994129407,-6.815876645760329,2.360123647604328,,,,,,,,,,,,,,,,,,,,,,,,
PxCYP,toluene,stddft,8.26e-08,-1.47e-08,3.083,2.723,0.3600000000000003,0.0122,5.287,-9.73e-08,9.73e-08,9.467290000000002e-15,6.789999999999999e-08,-1.2142199999999998e-15,-7.082494490447453,-7.829738284605042,-0.1779661016949152,,,,,,,,,,,,,,,,,,,,,,,,
PxPYM,gas,stda,7.4e-09,1.371e-07,3.125,2.855,0.27,0.715,5.389,1.297e-07,1.297e-07,1.682209e-14,1.445e-07,1.0145400000000001e-15,-8.1249387366083,-6.862645888629267,18.527027027027028,,,,,,,,,,,,,,,,,,,,,,,,
PxPYM,gas,stddft,-7.1e-08,3.94e-08,3.109,2.824,0.2850000000000001,0.6504,5.389,1.1040000000000001e-07,1.1040000000000001e-07,1.2188160000000004e-14,-3.16e-08,-2.7974e-15,-7.148130399270234,-7.403402904373539,-0.5549295774647888,,,,,,,,,,,,,,,,,,,,,,,,
PxPYM,toluene,stda,-4.27e-08,-3.97e-08,3.127,2.772,0.355,0.5068,5.417000000000001,3e-09,3e-09,9.000000000000003e-18,-8.24e-08,1.6951899999999998e-15,-7.368556230986828,-7.400116927926312,0.9297423887587822,,,,,,,,,,,,,,,,,,,,,,,,
PxPYM,toluene,stddft,2.4e-08,8.2e-09,3.106,2.741,0.3649999999999997,0.0152,5.417000000000001,-1.58e-08,1.58e-08,2.4963999999999995e-16,3.22e-08,1.968e-16,-7.617982957425132,-8.080921907623926,0.3416666666666667,,,,,,,,,,,,,,,,,,,,,,,,
Py-TPA,gas,stda,-1.28e-08,2.22e-08,3.211,2.863,0.3479999999999998,0.042,4.815,3.5e-08,3.5e-08,1.2250000000000002e-15,9.4e-09,-2.8416e-16,-7.889410289700751,-7.651695136951839,-1.734375,,,,,,,,,,,,,,,,,,,,,,,,
Py-TPA,gas,stddft,-3.4e-09,-1.04e-08,3.207,2.834,0.3729999999999998,0.1972,4.815,-7.0000000000000015e-09,7.0000000000000015e-09,4.900000000000001e-17,-1.38e-08,3.536e-17,-8.455931955649724,-7.978810700930062,3.058823529411765,,,,,,,,,,,,,,,,,,,,,,,,
Py-TPA,toluene,stda,-4.31e-08,7.09e-08,3.04,2.704,0.3359999999999998,0.6366,4.606,1.1400000000000001e-07,1.1400000000000001e-07,1.2996000000000004e-14,2.7800000000000004e-08,-3.0557900000000007e-15,-7.364516253185088,-7.1487416512809245,-1.6450116009280744,,,,,,,,,,,,,,,,,,,,,,,,
Py-TPA,toluene,stddft,-5.1e-08,4.38e-08,3.012,2.68,0.3319999999999998,0.5953,4.606,9.48e-08,9.48e-08,8.987040000000001e-15,-7.199999999999998e-09,-2.2338e-15,-7.291579099865287,-7.357535479757878,-0.8588235294117648,,,,,,,,,,,,,,,,,,,,,,,,
PyDCN,gas,stda,1.29e-08,-1.94e-08,4.46,3.847,0.613,0.5567,8.011,-3.23e-08,3.23e-08,1.0432899999999998e-15,-6.4999999999999995e-09,-2.5025999999999995e-16,-7.886056647693163,-7.709965388637482,-1.503875968992248,,,,,,,,,,,,,,,,,,,,,,,,
PyDCN,gas,stddft,-1.058e-07,-4.57e-08,4.42,3.804,0.6160000000000001,0.5163,8.011,6.009999999999999e-08,6.009999999999999e-08,3.612009999999999e-15,-1.515e-07,4.8350599999999985e-15,-6.975104039892515,-7.339134521996131,0.4319470699432892,,,,,,,,,,,,,,,,,,,,,,,,
PyDCN,toluene,stda,-3.13e-08,-2.9e-09,4.487,3.856,0.6310000000000002,0.5733,8.002,2.8400000000000003e-08,2.8400000000000003e-08,8.065600000000001e-16,-3.42e-08,9.077e-17,-7.503070351926785,-8.522878745280337,0.0926517571884984,,,,,,,,,,,,,,,,,,,,,,,,
PyDCN,toluene,stddft,2e-09,-5.6e-09,4.449,3.814,0.6349999999999998,0.5315,8.002,-7.6e-09,7.6e-09,5.776e-17,-3.5999999999999996e-09,-1.12e-17,-8.67778070526608,-8.244125144327509,-2.8,,,,,,,,,,,,,,,,,,,,,,,,
PyDCN–DMAC,gas,stda,8e-10,-1.97e-08,3.771,3.391,0.3799999999999999,0.0373,5.820000000000001,-2.05e-08,2.05e-08,4.2025000000000007e-16,-1.89e-08,-1.5760000000000002e-17,-9.045757490560677,-7.703334809738469,-24.625,,,,,,,,,,,,,,,,,,,,,,,,
PyDCN–DMAC,gas,stddft,1.1e-09,-3.2e-08,3.767,3.358,0.4089999999999998,0.0329,5.820000000000001,-3.31e-08,3.31e-08,1.09561e-15,-3.0900000000000005e-08,-3.52e-17,-8.920818753952375,-7.493494967595128,-29.090909090909093,,,,,,,,,,,,,,,,,,,,,,,,
PyDCN–DMAC,toluene,stda,2.6e-09,-6.12e-08,3.859,3.368,0.4910000000000001,0.0534,5.739999999999999,-6.38e-08,6.38e-08,4.07044e-15,-5.8600000000000015e-08,-1.5912e-16,-8.568636235841012,-7.212539525481585,-23.53846153846154,,,,,,,,,,,,,,,,,,,,,,,,
PyDCN–DMAC,toluene,stddft,1.21e-08,9.18e-08,3.851,3.336,0.5150000000000001,0.0355,5.739999999999999,7.97e-08,7.97e-08,6.352090000000001e-15,1.039e-07,1.11078e-15,-7.913640169325252,-7.036684488613889,7.586776859504132,,,,,,,,,,,,,,,,,,,,,,,,
PyI,gas,stda,5.42e-08,5.23e-08,3.751,2.852,0.899,0.0155,6.785000000000001,-1.9000000000000038e-09,1.9000000000000038e-09,3.6100000000000155e-18,1.0650000000000001e-07,2.83466e-15,-7.265200170411153,-7.280668713016273,0.9649446494464944,,,,,,,,,,,,,,,,,,,,,,,,
PyI,gas,stddft,-2.47e-08,2.93e-08,3.691,2.79,0.9009999999999998,0.2585,6.785000000000001,5.4e-08,5.4e-08,2.916e-15,4.6000000000000015e-09,-7.2371e-16,-7.605548319173784,-7.531652669587842,-1.1862348178137652,,,,,,,,,,,,,,,,,,,,,,,,
PyI,toluene,stda,-6.01e-08,4e-09,3.748,2.848,0.9000000000000004,0.0074,6.781999999999999,6.41e-08,6.41e-08,4.10881e-15,-5.61e-08,-2.404e-16,-7.220403508742176,-8.387216143280265,-0.0665557404326123,,,,,,,,,,,,,,,,,,,,,,,,
PyI,toluene,stddft,2.63e-08,-7.8e-08,3.691,2.786,0.9049999999999998,0.2813,6.781999999999999,-1.043e-07,1.043e-07,1.087849e-14,-5.169999999999999e-08,-2.0514e-15,-7.578396073130169,-7.1073489661227,-2.9657794676806084,,,,,,,,,,,,,,,,,,,,,,,,
PyIAnTPh,gas,stda,3.66e-08,-5.66e-08,3.242,2.28,0.9620000000000002,0.7805,6.134,-9.320000000000001e-08,9.320000000000001e-08,8.686239999999997e-15,-2e-08,-2.07156e-15,-7.435333935747911,-7.246416941107094,-1.5464480874316942,,,,,,,,,,,,,,,,,,,,,,,,
PyIAnTPh,gas,stddft,-1.13e-08,6.17e-08,3.084,2.212,0.8719999999999999,0.5467,6.134,7.3e-08,7.3e-08,5.3290000000000004e-15,5.04e-08,-6.9721e-16,-7.943095148663527,-7.209011524911184,-5.460176991150442,,,,,,,,,,,,,,,,,,,,,,,,
PyIAnTPh,toluene,stda,4.5e-08,-7.6e-09,3.266,2.291,0.975,0.736,6.226000000000001,-5.26e-08,5.26e-08,2.76676e-15,3.74e-08,-3.42e-16,-7.345823458122039,-8.113509274827518,-0.1688888888888889,,,,,,,,,,,,,,,,,,,,,,,,
PyIAnTPh,toluene,stddft,-5.6e-09,-9.33e-08,3.105,2.221,0.8839999999999999,0.5126,6.226000000000001,-8.77e-08,8.77e-08,7.69129e-15,-9.89e-08,5.2248e-16,-8.244125144327509,-7.029653123769907,16.660714285714285,,,,,,,,,,,,,,,,,,,,,,,,
PzTDBA,gas,stda,-2.08e-08,1.63e-08,3.653,3.209,0.4439999999999999,0.0453,6.817,3.71e-08,3.71e-08,1.37641e-15,-4.5000000000000014e-09,-3.3904000000000003e-16,-7.679853713888946,-7.785156151952302,-0.7836538461538461,,,,,,,,,,,,,,,,,,,,,,,,
PzTDBA,gas,stddft,4.87e-08,2.13e-08,3.601,3.192,0.4089999999999998,0.0561,6.817,-2.74e-08,2.74e-08,7.5076e-16,6.999999999999999e-08,1.03731e-15,-7.311580177997289,-7.669586226650809,0.4373716632443531,,,,,,,,,,,,,,,,,,,,,,,,
PzTDBA,toluene,stda,1.108e-07,-8.72e-08,2.562,2.321,0.2409999999999996,0.0002,4.744999999999999,-1.98e-07,1.98e-07,3.9204e-14,2.36e-08,-9.66176e-15,-6.95506845385084,-7.058985756294431,-0.7870036101083032,,,,,,,,,,,,,,,,,,,,,,,,
PzTDBA,toluene,stddft,-4.76e-08,1.7e-09,2.533,2.291,0.242,0.0001,4.744999999999999,4.930000000000001e-08,4.930000000000001e-08,2.430490000000001e-15,-4.59e-08,-8.092e-17,-7.321481620959886,-8.744727494896694,-0.0357142857142857,,,,,,,,,,,,,,,,,,,,,,,,
P–Cu–C,gas,stda,2.06e-08,-2.3e-09,4.956,4.406,0.5500000000000007,0.0014,8.055,-2.29e-08,2.29e-08,5.2441e-16,1.83e-08,-4.738e-17,-7.684029654543083,-8.619788758288394,-0.1116504854368932,,,,,,,,,,,,,,,,,,,,,,,,
P–Cu–C,gas,stddft,-6.61e-08,4.73e-08,4.935,4.368,0.5669999999999993,0.0012,8.055,1.134e-07,1.134e-07,1.285956e-14,-1.8800000000000003e-08,-3.12653e-15,-7.1791420105603,-7.324221658325915,-0.7155824508320726,,,,,,,,,,,,,,,,,,,,,,,,
P–Cu–C,toluene,stda,1.02e-08,-2.54e-08,4.939,4.399,0.54,0.0003,7.99,-3.56e-08,3.56e-08,1.26736e-15,-1.5199999999999997e-08,-2.5908e-16,-7.987162775294828,-7.5934598195660445,-2.4901960784313726,,,,,,,,,,,,,,,,,,,,,,,,
P–Cu–C,toluene,stddft,4.7e-09,9.74e-08,4.921,4.362,0.5590000000000002,0.0005,7.99,9.27e-08,9.27e-08,8.59329e-15,1.021e-07,4.5778e-16,-8.318758762624412,-7.010995384301463,20.72340425531915,,,,,,,,,,,,,,,,,,,,,,,,
SABIQ,gas,stda,2.6e-09,-3.72e-08,2.855,2.407,0.4479999999999999,0.0013,5.302,-3.98e-08,3.98e-08,1.58404e-15,-3.4600000000000005e-08,-9.672e-17,-8.568636235841012,-7.428291168191312,-14.307692307692308,,,,,,,,,,,,,,,,,,,,,,,,
SABIQ,gas,stddft,-1.5e-09,1.136e-07,2.854,2.342,0.512,0.0013,5.302,1.151e-07,1.151e-07,1.3248009999999996e-14,1.121e-07,-1.704e-16,-8.795880017344075,-6.944239535312265,-75.73333333333333,,,,,,,,,,,,,,,,,,,,,,,,
SABIQ,toluene,stda,3e-10,-2.6e-09,2.846,2.43,0.4159999999999999,0.0012,5.2170000000000005,-2.9000000000000003e-09,2.9000000000000003e-09,8.410000000000002e-18,-2.3e-09,-7.8e-19,-9.397940008672036,-8.568636235841012,-8.666666666666668,,,,,,,,,,,,,,,,,,,,,,,,
SABIQ,toluene,stddft,-4.5e-09,-2.35e-08,2.845,2.365,0.48,0.0012,5.2170000000000005,-1.9e-08,1.9e-08,3.61e-16,-2.8e-08,1.0574999999999999e-16,-8.337242168318426,-7.627087997029894,5.222222222222222,,,,,,,,,,,,,,,,,,,,,,,,
SAF-2CzB,gas,stda,-6.35e-08,2.19e-08,3.878,3.453,0.4250000000000002,1.2231,6.351,8.540000000000002e-08,8.540000000000002e-08,7.293160000000002e-15,-4.16e-08,-1.3906500000000002e-15,-7.196542884351586,-7.657577319177793,-0.3448818897637795,,,,,,,,,,,,,,,,,,,,,,,,
SAF-2CzB,gas,stddft,4.8e-08,-3.36e-08,3.828,3.431,0.3969999999999998,0.9622,6.351,-8.16e-08,8.16e-08,6.658560000000001e-15,1.4399999999999997e-08,-1.6128e-15,-7.317854923626168,-7.472370099128661,-0.7000000000000001,,,,,,,,,,,,,,,,,,,,,,,,
SAF-2CzB,toluene,stda,-2.8e-09,5.52e-08,3.853,3.406,0.447,0.9382,6.315,5.8e-08,5.8e-08,3.364e-15,5.24e-08,-1.5456e-16,-8.537602002101044,-7.257274868695302,-19.714285714285715,,,,,,,,,,,,,,,,,,,,,,,,
SAF-2CzB,toluene,stddft,-1.226e-07,4.77e-08,3.796,3.384,0.4119999999999999,0.7325,6.315,1.7029999999999998e-07,1.7029999999999998e-07,2.900208999999999e-14,-7.49e-08,-5.84802e-15,-6.911155437272996,-7.320572103387881,-0.3890701468189233,,,,,,,,,,,,,,,,,,,,,,,,
SAF-2NP,gas,stda,-1.8e-08,-1.3e-08,2.866,2.672,0.1939999999999999,0.2239,5.195,4.9999999999999985e-09,4.9999999999999985e-09,2.4999999999999984e-17,-3.1e-08,2.34e-16,-7.742321425130815,-7.882728704344236,0.7222222222222223,,,,,,,,,,,,,,,,,,,,,,,,
SAF-2NP,gas,stddft,2.47e-08,-3.08e-08,2.85,2.658,0.1920000000000001,0.2107,5.195,-5.55e-08,5.55e-08,3.08025e-15,-6.099999999999998e-09,-7.6076e-16,-7.605548319173784,-7.510041520575165,-1.2469635627530364,,,,,,,,,,,,,,,,,,,,,,,,
SAF-2NP,toluene,stda,-7e-09,1.18e-08,2.703,2.524,0.1789999999999998,0.2209,5.022,1.88e-08,1.88e-08,3.5344e-16,4.8e-09,-8.26e-17,-8.148741651280925,-7.924453038607469,-1.6857142857142855,,,,,,,,,,,,,,,,,,,,,,,,
SAF-2NP,toluene,stddft,1.71e-08,-8.11e-08,2.688,2.513,0.1750000000000002,0.2077,5.022,-9.82e-08,9.82e-08,9.64324e-15,-6.4e-08,-1.3868100000000001e-15,-7.764471553092451,-7.090443970758825,-4.742690058479532,,,,,,,,,,,,,,,,,,,,,,,,
SAF-CzB,gas,stda,6.2e-09,2.11e-08,3.809,3.412,0.3970000000000002,0.2766,6.560999999999999,1.4900000000000001e-08,1.4900000000000001e-08,2.2201000000000003e-16,2.73e-08,1.3082e-16,-8.200659450546418,-7.673664139071248,3.403225806451613,,,,,,,,,,,,,,,,,,,,,,,,
SAF-CzB,gas,stddft,-7.27e-08,9.63e-08,3.745,3.39,0.355,0.2247,6.560999999999999,1.69e-07,1.69e-07,2.8561e-14,2.36e-08,-7.001009999999999e-15,-7.137868620686963,-7.015922966097169,-1.3246217331499313,,,,,,,,,,,,,,,,,,,,,,,,
SAF-CzB,toluene,stda,1.11e-08,-2.38e-08,3.792,3.381,0.411,0.2546,6.488,-3.49e-08,3.49e-08,1.21801e-15,-1.27e-08,-2.6418000000000003e-16,-7.950781977329818,-7.621602099051862,-2.1441441441441444,,,,,,,,,,,,,,,,,,,,,,,,
SAF-CzB,toluene,stddft,-2.69e-08,5.07e-08,3.725,3.359,0.3660000000000001,0.2059,6.488,7.76e-08,7.76e-08,6.021759999999999e-15,2.38e-08,-1.36383e-15,-7.568636235841013,-7.294136287716081,-1.884758364312268,,,,,,,,,,,,,,,,,,,,,,,,
SAFDPA,gas,stda,8.6e-09,1.2e-08,3.681,3.32,0.3610000000000002,0.0627,6.869999999999999,3.4000000000000007e-09,3.4000000000000007e-09,1.1560000000000005e-17,2.06e-08,1.0319999999999999e-16,-8.060480747381382,-7.91721462968355,1.3953488372093024,,,,,,,,,,,,,,,,,,,,,,,,
SAFDPA,gas,stddft,5.6e-09,1.338e-07,3.641,3.3,0.3410000000000002,0.0524,6.869999999999999,1.282e-07,1.282e-07,1.643524e-14,1.394e-07,7.492799999999999e-16,-8.244125144327509,-6.873219422987991,23.892857142857142,,,,,,,,,,,,,,,,,,,,,,,,
SAFDPA,toluene,stda,2.26e-08,3.88e-08,3.668,3.31,0.3580000000000001,0.0579,6.817000000000001,1.6199999999999996e-08,1.6199999999999996e-08,2.6243999999999993e-16,6.14e-08,8.7688e-16,-7.643974142806877,-7.410050398674293,1.7168141592920352,,,,,,,,,,,,,,,,,,,,,,,,
SAFDPA,toluene,stddft,3.38e-08,2.6e-09,3.626,3.291,0.3349999999999999,0.0484,6.817000000000001,-3.12e-08,3.12e-08,9.7344e-16,3.64e-08,8.788e-17,-7.469800301796917,-8.568636235841012,0.0769230769230769,,,,,,,,,,,,,,,,,,,,,,,,
SAIP,gas,stda,-7.5e-09,-4.82e-08,3.622,3.409,0.213,0.0059,6.2940000000000005,-4.07e-08,4.07e-08,1.65649e-15,-5.57e-08,3.6149999999999996e-16,-8.119186407719209,-7.316052869248487,6.426666666666668,,,,,,,,,,,,,,,,,,,,,,,,
SAIP,gas,stddft,1.06e-08,3.11e-08,3.62,3.378,0.242,0.0062,6.2940000000000005,2.05e-08,2.05e-08,4.202499999999999e-16,4.17e-08,3.2966e-16,-7.97061622231479,-7.505845405981558,2.933962264150943,,,,,,,,,,,,,,,,,,,,,,,,
SAIP,toluene,stda,3.4e-09,1.024e-07,3.566,3.407,0.1589999999999998,0.0031,6.188,9.9e-08,9.9e-08,9.801e-15,1.0580000000000001e-07,3.4815999999999997e-16,-8.455931955649724,-6.989276134608227,30.117647058823533,,,,,,,,,,,,,,,,,,,,,,,,
SAIP,toluene,stddft,-1.3e-09,-8.18e-08,3.565,3.377,0.1880000000000001,0.0032,6.188,-8.05e-08,8.05e-08,6.48025e-15,-8.310000000000002e-08,1.0634e-16,-8.853871964321762,-7.086716098239582,62.92307692307693,,,,,,,,,,,,,,,,,,,,,,,,
SBA,gas,stda,-2.08e-08,-4.66e-08,4.084,3.466,0.6179999999999994,0.0682,7.669,-2.58e-08,2.58e-08,6.6564e-16,-6.740000000000002e-08,9.6928e-16,-7.679853713888946,-7.330683119433888,2.2403846153846154,,,,,,,,,,,,,,,,,,,,,,,,
SBA,gas,stddft,6.41e-08,1.7e-08,4.028,3.433,0.5949999999999998,0.0577,7.669,-4.71e-08,4.71e-08,2.21841e-15,8.11e-08,1.0897e-15,-7.192464971931146,-7.767003889607846,0.2652106084243369,,,,,,,,,,,,,,,,,,,,,,,,
SBA,toluene,stda,8.11e-08,-2.63e-08,4.089,3.459,0.6300000000000003,0.0612,7.669,-1.0740000000000001e-07,1.0740000000000001e-07,1.1534760000000002e-14,5.48e-08,-2.13293e-15,-7.090443970758825,-7.578396073130169,-0.3242909987669544,,,,,,,,,,,,,,,,,,,,,,,,
SBA,toluene,stddft,-2.12e-08,-2.9e-08,4.034,3.427,0.6069999999999998,0.0514,7.669,-7.8e-09,7.8e-09,6.084e-17,-5.02e-08,6.1480000000000005e-16,-7.671620396561262,-7.536107011014093,1.3679245283018868,,,,,,,,,,,,,,,,,,,,,,,,
SBA-2DPS,gas,stda,-1.13e-08,-6.51e-08,4.069,3.478,0.5909999999999997,0.0848,7.288000000000001,-5.379999999999999e-08,5.379999999999999e-08,2.894439999999999e-15,-7.64e-08,7.3563e-16,-7.943095148663527,-7.18575240426808,5.761061946902654,,,,,,,,,,,,,,,,,,,,,,,,
SBA-2DPS,gas,stddft,6.73e-08,-4.37e-08,4.03,3.448,0.5820000000000003,0.061,7.288000000000001,-1.11e-07,1.11e-07,1.2321e-14,2.36e-08,-2.94101e-15,-7.17134010346468,-7.3585258894959,-0.649331352154532,,,,,,,,,,,,,,,,,,,,,,,,
SBA-2DPS,toluene,stda,6.7e-09,-8.6e-09,3.939,3.448,0.4910000000000001,0.1153,7.056000000000001,-1.5299999999999998e-08,1.5299999999999998e-08,2.340899999999999e-16,-1.8999999999999996e-09,-5.761999999999999e-17,-8.167491087293763,-8.060480747381382,-1.2835820895522387,,,,,,,,,,,,,,,,,,,,,,,,
SBA-2DPS,toluene,stddft,8.3e-09,7.42e-08,3.931,3.418,0.5129999999999999,0.0701,7.056000000000001,6.59e-08,6.59e-08,4.34281e-15,8.25e-08,6.1586e-16,-8.075720713938118,-7.129011186239425,8.93975903614458,,,,,,,,,,,,,,,,,,,,,,,,
SBDBQ-PXZ,gas,stda,-5.68e-08,-6.22e-08,2.679,2.481,0.1979999999999999,0.2081,5.211000000000001,-5.400000000000002e-09,5.400000000000002e-09,2.916000000000002e-17,-1.19e-07,3.53296e-15,-7.244887733604929,-7.205511953340831,1.0950704225352113,,,,,,,,,,,,,,,,,,,,,,,,
SBDBQ-PXZ,gas,stddft,-2.71e-08,-1e-08,2.66,2.47,0.1899999999999999,0.1898,5.211000000000001,1.71e-08,1.71e-08,2.9241e-16,-3.71e-08,2.71e-16,-7.565431095965801,-7.995678626217358,0.3690036900369003,,,,,,,,,,,,,,,,,,,,,,,,
SBDBQ-PXZ,toluene,stda,1.94e-08,-8.8e-09,2.702,2.505,0.197,0.1991,5.2410000000000005,-2.82e-08,2.82e-08,7.952399999999999e-16,1.06e-08,-1.7071999999999994e-16,-7.709965388637482,-8.050609993355087,-0.4536082474226804,,,,,,,,,,,,,,,,,,,,,,,,
SBDBQ-PXZ,toluene,stddft,-2.22e-08,-4.28e-08,2.683,2.495,0.1879999999999997,0.1816,5.2410000000000005,-2.06e-08,2.06e-08,4.2435999999999996e-16,-6.5e-08,9.5016e-16,-7.651695136951839,-7.367542707815276,1.927927927927928,,,,,,,,,,,,,,,,,,,,,,,,
SBF-AnCN,gas,stda,-9.2e-09,-1.46e-07,3.174,2.242,0.932,0.6935,6.305,-1.368e-07,1.368e-07,1.8714240000000003e-14,-1.5520000000000001e-07,1.3432e-15,-8.031517051446064,-6.835349784065703,15.869565217391306,,,,,,,,,,,,,,,,,,,,,,,,
SBF-AnCN,gas,stddft,-5.34e-08,7.29e-08,3.017,2.173,0.8439999999999999,0.4977,6.305,1.263e-07,1.263e-07,1.5951690000000003e-14,1.95e-08,-3.89286e-15,-7.2716462179787715,-7.136677139879544,-1.3651685393258426,,,,,,,,,,,,,,,,,,,,,,,,
SBF-AnCN,toluene,stda,4.48e-08,-4.43e-08,3.178,2.248,0.9299999999999996,0.6836,6.316,-8.91e-08,8.91e-08,7.93881e-15,4.999999999999979e-10,-1.98464e-15,-7.347753658996677,-7.35261702988538,-0.9888392857142858,,,,,,,,,,,,,,,,,,,,,,,,
SBF-AnCN,toluene,stddft,2.7e-08,-5.37e-08,3.022,2.179,0.843,0.4907,6.316,-8.07e-08,8.07e-08,6.51249e-15,-2.67e-08,-1.4499e-15,-7.567030709125595,-7.269217724333611,-1.9888888888888887,,,,,,,,,,,,,,,,,,,,,,,,
SBF-PXZ,gas,stda,2.78e-08,6.47e-08,3.25,2.863,0.387,0.0383,5.94,3.6900000000000006e-08,3.6900000000000006e-08,1.3616100000000004e-15,9.25e-08,1.7986600000000003e-15,-7.554395796726403,-7.188424994129407,2.327338129496403,,,,,,,,,,,,,,,,,,,,,,,,
SBF-PXZ,gas,stddft,-1.67e-08,8.94e-08,3.216,2.833,0.383,0.0229,5.94,1.061e-07,1.061e-07,1.125721e-14,7.270000000000002e-08,-1.4929800000000004e-15,-7.774690718274137,-7.048176964684088,-5.3532934131736525,,,,,,,,,,,,,,,,,,,,,,,,
SBF-PXZ,toluene,stda,-1.726e-07,-3.66e-08,3.23,2.836,0.3940000000000001,0.0284,6.093,1.36e-07,1.36e-07,1.8496e-14,-2.092e-07,6.31716e-15,-6.7627076624325415,-7.435333935747911,0.2120509849362688,,,,,,,,,,,,,,,,,,,,,,,,
SBF-PXZ,toluene,stddft,-5.65e-08,-5.54e-08,3.195,2.806,0.3889999999999998,0.0241,6.093,1.100000000000003e-09,1.100000000000003e-09,1.210000000000007e-18,-1.119e-07,3.1301e-15,-7.247183568811729,-7.255707016877324,0.9805309734513272,,,,,,,,,,,,,,,,,,,,,,,,
SBTF,gas,stda,1.143e-07,1.059e-07,3.558,2.822,0.7359999999999998,1.4779,6.617,-8.399999999999996e-09,8.399999999999996e-09,7.055999999999992e-17,2.202e-07,1.210437e-14,-6.941573975542995,-6.97469413473523,0.926509186351706,,,,,,,,,,,,,,,,,,,,,,,,
SBTF,gas,stddft,-1.646e-07,5.51e-08,3.486,2.773,0.7130000000000001,1.2187,6.617,2.197e-07,2.197e-07,4.826809e-14,-1.0950000000000001e-07,-9.06946e-15,-6.783306400830246,-7.2580609222708015,-0.3347509113001214,,,,,,,,,,,,,,,,,,,,,,,,
SBTF,toluene,stda,-1.797e-07,-1.48e-07,3.57,2.829,0.7409999999999997,1.4634,6.622,3.17e-08,3.17e-08,1.00489e-15,-3.277e-07,2.65956e-14,-6.74521031260279,-6.829444941478791,0.8235948803561491,,,,,,,,,,,,,,,,,,,,,,,,
SBTF,toluene,stddft,9.76e-08,1.41e-08,3.497,2.779,0.718,1.2059,6.622,-8.35e-08,8.35e-08,6.97225e-15,1.117e-07,1.37616e-15,-7.0101054362812265,-7.847711655616943,0.1444672131147541,,,,,,,,,,,,,,,,,,,,,,,,
SF-DPSO,gas,stda,-2.25e-08,1.2e-09,4.494,3.77,0.7239999999999998,2.0199,7.758,2.37e-08,2.37e-08,5.616900000000002e-16,-2.13e-08,-2.7e-17,-7.645891560852599,-8.886056647693163,-0.0533333333333333,,,,,,,,,,,,,,,,,,,,,,,,
SF-DPSO,gas,stddft,-1.025e-07,3.93e-08,4.454,3.737,0.7169999999999996,1.8374,7.758,1.418e-07,1.418e-07,2.0107240000000004e-14,-6.32e-08,-4.02825e-15,-6.988852639224203,-7.404503778174426,-0.3834146341463414,,,,,,,,,,,,,,,,,,,,,,,,
SF-DPSO,toluene,stda,6.58e-08,1.568e-07,4.499,3.794,0.7049999999999996,2.1146,7.705999999999999,9.100000000000001e-08,9.100000000000001e-08,8.281000000000002e-15,2.226e-07,1.0317439999999999e-14,-7.18111458540599,-6.804377056413063,2.382978723404256,,,,,,,,,,,,,,,,,,,,,,,,
SF-DPSO,toluene,stddft,9.6e-09,-1.118e-07,4.461,3.761,0.7000000000000002,1.9359,7.705999999999999,-1.214e-07,1.214e-07,1.4737959999999997e-14,-1.022e-07,-1.07328e-15,-8.013228265733755,-6.95116991347165,-11.645833333333332,,,,,,,,,,,,,,,,,,,,,,,,
SFAC-BP-SFAC,gas,stda,1.66e-08,-1.44e-08,3.416,3.29,0.1259999999999999,0.3127,5.754,-3.1e-08,3.1e-08,9.61e-16,2.2e-09,-2.3904e-16,-7.777283528852417,-7.838631997765025,-0.8674698795180723,,,,,,,,,,,,,,,,,,,,,,,,
SFAC-BP-SFAC,gas,stddft,1.75e-08,9.13e-08,3.41,3.282,0.1280000000000001,0.3028,5.754,7.38e-08,7.38e-08,5.44644e-15,1.0880000000000001e-07,1.5977500000000002e-15,-7.75448733218585,-7.039053804266168,5.217142857142857,,,,,,,,,,,,,,,,,,,,,,,,
SFAC-BP-SFAC,toluene,stda,1.58e-08,4.16e-08,3.411,3.263,0.1480000000000001,0.3468,5.729,2.5800000000000006e-08,2.5800000000000006e-08,6.656400000000001e-16,5.74e-08,6.5728e-16,-7.798602875679548,-7.379863945026242,2.632911392405064,,,,,,,,,,,,,,,,,,,,,,,,
SFAC-BP-SFAC,toluene,stddft,3.67e-08,3.2e-09,3.405,3.254,0.1509999999999998,0.3392,5.729,-3.35e-08,3.35e-08,1.1222499999999996e-15,3.99e-08,1.1744e-16,-7.434152181326482,-8.481486060122112,0.0871934604904632,,,,,,,,,,,,,,,,,,,,,,,,
SFCz,gas,stda,4e-09,-4.37e-08,3.772,3.431,0.3409999999999997,0.2134,6.44,-4.7700000000000004e-08,4.7700000000000004e-08,2.2752900000000003e-15,-3.97e-08,-1.7480000000000003e-16,-8.387216143280265,-7.3585258894959,-10.925,,,,,,,,,,,,,,,,,,,,,,,,
SFCz,gas,stddft,3.24e-08,-6.7e-09,3.765,3.407,0.3580000000000001,0.3302,6.44,-3.91e-08,3.91e-08,1.52881e-15,2.57e-08,-2.1708e-16,-7.488116639021126,-8.167491087293763,-0.2067901234567901,,,,,,,,,,,,,,,,,,,,,,,,
SFCz,toluene,stda,-1.1e-08,1.91e-08,3.762,3.42,0.3420000000000001,0.2169,6.377000000000001,3.01e-08,3.01e-08,9.0601e-16,8.1e-09,-2.1009999999999998e-16,-7.954677021213342,-7.716698771296451,-1.7363636363636363,,,,,,,,,,,,,,,,,,,,,,,,
SFCz,toluene,stddft,4.3e-09,-2.84e-08,3.756,3.396,0.3599999999999999,0.3235,6.377000000000001,-3.27e-08,3.27e-08,1.06929e-15,-2.41e-08,-1.2211999999999998e-16,-8.356547323513812,-7.54515513999149,-6.604651162790698,,,,,,,,,,,,,,,,,,,,,,,,
SFI23pPM,gas,stda,-5.8e-08,-1.16e-08,3.809,3.42,0.3890000000000002,0.3773,6.672000000000001,4.640000000000001e-08,4.640000000000001e-08,2.152960000000001e-15,-6.96e-08,6.728e-16,-7.235823867609669,-7.931814138253839,0.1999999999999999,,,,,,,,,,,,,,,,,,,,,,,,
SFI23pPM,gas,stddft,2.87e-08,8.79e-08,3.754,3.397,0.3570000000000002,0.2985,6.672000000000001,5.92e-08,5.92e-08,3.50464e-15,1.166e-07,2.52273e-15,-7.540607512240769,-7.055517327849832,3.062717770034843,,,,,,,,,,,,,,,,,,,,,,,,
SFI23pPM,toluene,stda,8.9e-09,7.5e-09,3.821,3.418,0.403,0.278,6.680000000000001,-1.400000000000001e-09,1.400000000000001e-09,1.960000000000003e-18,1.64e-08,6.675e-17,-8.045757490560675,-8.119186407719209,0.8426966292134831,,,,,,,,,,,,,,,,,,,,,,,,
SFI23pPM,toluene,stddft,-7.34e-08,-3.8e-08,3.765,3.395,0.3700000000000001,0.2219,6.680000000000001,3.539999999999999e-08,3.539999999999999e-08,1.2531599999999994e-15,-1.114e-07,2.7892e-15,-7.133712660915805,-7.419075024324381,0.5177111716621254,,,,,,,,,,,,,,,,,,,,,,,,
SFI34pPM,gas,stda,5.43e-08,5.9e-09,3.75,3.384,0.3660000000000001,0.3884,6.5680000000000005,-4.84e-08,4.84e-08,2.3425600000000003e-15,6.02e-08,3.2037e-16,-7.26440110030182,-8.221848749616356,0.1086556169429097,,,,,,,,,,,,,,,,,,,,,,,,
SFI34pPM,gas,stddft,-6.72e-08,-5.74e-08,3.694,3.362,0.3319999999999998,0.311,6.5680000000000005,9.800000000000008e-09,9.800000000000008e-09,9.604000000000015e-17,-1.246e-07,3.85728e-15,-7.171984935776023,-7.2403321553103694,0.8541666666666665,,,,,,,,,,,,,,,,,,,,,,,,
SFI34pPM,toluene,stda,5.6e-08,8.85e-08,3.751,3.385,0.3660000000000001,0.3399,6.588000000000001,3.2500000000000006e-08,3.2500000000000006e-08,1.0562500000000004e-15,1.445e-07,4.956e-15,-7.251037138743839,-7.052566278112949,1.580357142857143,,,,,,,,,,,,,,,,,,,,,,,,
SFI34pPM,toluene,stddft,1.35e-08,2.12e-08,3.694,3.364,0.33,0.2751,6.588000000000001,7.700000000000001e-09,7.700000000000001e-09,5.929000000000002e-17,3.47e-08,2.862e-16,-7.866461091629782,-7.671620396561262,1.5703703703703704,,,,,,,,,,,,,,,,,,,,,,,,
SFPC,gas,stda,1.8e-09,4.21e-08,3.257,2.918,0.3389999999999999,0.0398,6.189000000000001,4.03e-08,4.03e-08,1.6240899999999997e-15,4.39e-08,7.578e-17,-8.721246399047171,-7.374687549038327,23.38888888888889,,,,,,,,,,,,,,,,,,,,,,,,
SFPC,gas,stddft,-1.33e-08,-4.4e-09,3.22,2.891,0.3290000000000002,0.0332,6.189000000000001,8.9e-09,8.9e-09,7.921000000000001e-17,-1.77e-08,5.852e-17,-7.872895201635193,-8.346787486224656,0.3308270676691729,,,,,,,,,,,,,,,,,,,,,,,,
SFPC,toluene,stda,3.81e-08,-3.97e-08,3.82,3.396,0.4239999999999999,0.4811,7.061,-7.78e-08,7.78e-08,6.052839999999999e-15,-1.600000000000001e-09,-1.5125699999999998e-15,-7.4179366370882915,-7.400116927926312,-1.041994750656168,,,,,,,,,,,,,,,,,,,,,,,,
SFPC,toluene,stddft,-5.32e-08,-1.49e-08,3.764,3.378,0.3859999999999997,0.379,7.061,3.83e-08,3.83e-08,1.46689e-15,-6.81e-08,7.9268e-16,-7.273272790973428,-7.823908740944319,0.2800751879699248,,,,,,,,,,,,,,,,,,,,,,,,
SFX-bPy,gas,stda,2.45e-08,-1.467e-07,4.067,3.468,0.5990000000000002,0.5808,7.194,-1.712e-07,1.712e-07,2.930944e-14,-1.2220000000000002e-07,-3.59415e-15,-7.609064892896621,-6.833273944419949,-5.987755102040817,,,,,,,,,,,,,,,,,,,,,,,,
SFX-bPy,gas,stddft,1.74e-08,3.18e-08,4.018,3.425,0.593,0.5258,7.194,1.44e-08,1.44e-08,2.0736e-16,4.9200000000000004e-08,5.5332e-16,-7.756961951313706,-7.496209316942819,1.827586206896552,,,,,,,,,,,,,,,,,,,,,,,,
SFX-bPy,toluene,stda,5.2e-08,-5.39e-08,4.073,3.466,0.6070000000000002,0.5407,7.166999999999999,-1.059e-07,1.059e-07,1.121481e-14,-1.899999999999997e-09,-2.8028e-15,-7.283162276700476,-7.267606240177032,-1.0365384615384614,,,,,,,,,,,,,,,,,,,,,,,,
SFX-bPy,toluene,stddft,-1.2e-09,2.12e-08,4.024,3.421,0.6030000000000002,0.4935,7.166999999999999,2.24e-08,2.24e-08,5.017600000000001e-16,2e-08,-2.544e-17,-8.886056647693163,-7.671620396561262,-17.666666666666668,,,,,,,,,,,,,,,,,,,,,,,,
SIR-A,gas,stda,-2e-10,1e-09,3.329,3.329,0.0,0.0,5.744999999999999,1.2e-09,1.2e-09,1.44e-18,8e-10,-2e-19,-9.522878745280336,-8.958607314841775,-5.0,,,,,,,,,,,,,,,,,,,,,,,,
SIR-A,gas,stddft,8e-10,7.6e-09,3.328,3.328,0.0,0.0,5.744999999999999,6.8000000000000005e-09,6.8000000000000005e-09,4.624000000000001e-17,8.4e-09,6.0800000000000015e-18,-9.045757490560677,-8.113509274827518,9.5,,,,,,,,,,,,,,,,,,,,,,,,
SIR-A,toluene,stda,-6e-10,-5e-10,3.131,3.131,0.0,0.0001,5.536999999999999,9.999999999999995e-11,9.999999999999995e-11,9.999999999999992e-21,-1.1e-09,3.0000000000000004e-19,-9.154901959985745,-9.221848749616356,0.8333333333333334,,,,,,,,,,,,,,,,,,,,,,,,
SIR-A,toluene,stddft,0.0,-1.3e-09,3.13,3.13,0.0,0.0001,5.536999999999999,-1.3e-09,1.3e-09,1.6900000000000004e-18,-1.3e-09,-0.0,-10.0,-8.853871964321762,1.0,,,,,,,,,,,,,,,,,,,,,,,,
SIR-B,gas,stda,5.7e-09,-2.8e-09,3.264,3.253,0.0109999999999996,0.0009,5.659,-8.5e-09,8.5e-09,7.225e-17,2.9e-09,-1.5959999999999998e-17,-8.236572006437063,-8.537602002101044,-0.4912280701754385,,,,,,,,,,,,,,,,,,,,,,,,
SIR-B,gas,stddft,-1.9e-09,5.1e-09,3.263,3.249,0.0139999999999997,0.0008,5.659,7e-09,7e-09,4.9e-17,3.2e-09,-9.69e-18,-8.698970004336019,-8.2839966563652,-2.6842105263157894,,,,,,,,,,,,,,,,,,,,,,,,
SIR-B,toluene,stda,2e-09,3e-10,3.086,3.083,0.0029999999999996,0.0005,5.465000000000001,-1.7e-09,1.7e-09,2.8900000000000004e-18,2.3e-09,6.000000000000002e-19,-8.67778070526608,-9.397940008672036,0.15,,,,,,,,,,,,,,,,,,,,,,,,
SIR-B,toluene,stddft,6.4e-09,1.18e-08,3.085,3.082,0.0030000000000001,0.0005,5.465000000000001,5.3999999999999996e-09,5.3999999999999996e-09,2.916e-17,1.82e-08,7.552e-17,-8.187086643357144,-7.924453038607469,1.84375,,,,,,,,,,,,,,,,,,,,,,,,
SIR-C,gas,stda,1.71e-08,1.85e-08,3.272,3.258,0.0139999999999997,0.0029,5.676000000000001,1.399999999999999e-09,1.399999999999999e-09,1.959999999999998e-18,3.56e-08,3.1635e-16,-7.764471553092451,-7.730487055782084,1.0818713450292397,,,,,,,,,,,,,,,,,,,,,,,,
SIR-C,gas,stddft,-1.26e-08,5.5e-09,3.27,3.256,0.0140000000000002,0.0027,5.676000000000001,1.81e-08,1.81e-08,3.2761e-16,-7.100000000000001e-09,-6.93e-17,-7.896196279044043,-8.2518119729938,-0.4365079365079364,,,,,,,,,,,,,,,,,,,,,,,,
SIR-C,toluene,stda,-1.1e-09,1.78e-08,3.11,3.111,-0.0010000000000003,0.0008,5.499,1.89e-08,1.89e-08,3.5721000000000004e-16,1.67e-08,-1.958e-17,-8.920818753952375,-7.747146969020107,-16.181818181818183,,,,,,,,,,,,,,,,,,,,,,,,
SIR-C,toluene,stddft,-3.4e-09,1.71e-08,3.11,3.11,0.0,0.0007,5.499,2.05e-08,2.05e-08,4.2025000000000007e-16,1.37e-08,-5.814000000000001e-17,-8.455931955649724,-7.764471553092451,-5.029411764705883,,,,,,,,,,,,,,,,,,,,,,,,
SPAC-FO,gas,stda,1.29e-08,2.7e-09,2.69,2.469,0.221,0.1317,5.051,-1.02e-08,1.02e-08,1.0403999999999995e-16,1.56e-08,3.4830000000000003e-17,-7.886056647693163,-8.55284196865778,0.2093023255813953,,,,,,,,,,,,,,,,,,,,,,,,
SPAC-FO,gas,stddft,-3.84e-08,-4.57e-08,2.671,2.461,0.2099999999999999,0.1135,5.051,-7.299999999999999e-09,7.299999999999999e-09,5.328999999999999e-17,-8.409999999999999e-08,1.75488e-15,-7.414539270491499,-7.339134521996131,1.1901041666666667,,,,,,,,,,,,,,,,,,,,,,,,
SPAC-FO,toluene,stda,2.8e-09,-5.53e-08,2.661,2.436,0.2250000000000001,0.1367,4.991999999999999,-5.81e-08,5.81e-08,3.37561e-15,-5.25e-08,-1.5484e-16,-8.537602002101044,-7.25649023527157,-19.75,,,,,,,,,,,,,,,,,,,,,,,,
SPAC-FO,toluene,stddft,-2.02e-08,4.26e-08,2.641,2.427,0.2139999999999999,0.1182,4.991999999999999,6.279999999999999e-08,6.279999999999999e-08,3.943839999999999e-15,2.24e-08,-8.605199999999999e-16,-7.692503962086787,-7.369572124974976,-2.108910891089109,,,,,,,,,,,,,,,,,,,,,,,,
SPBAC-PH,gas,stda,4.48e-08,-7.2e-09,3.378,2.768,0.6100000000000003,0.2293,6.698,-5.2e-08,5.2e-08,2.7039999999999998e-15,3.76e-08,-3.2255999999999996e-16,-7.347753658996677,-8.136677139879543,-0.1607142857142857,,,,,,,,,,,,,,,,,,,,,,,,
SPBAC-PH,gas,stddft,-1.78e-08,5.65e-08,3.296,2.731,0.565,0.1885,6.698,7.43e-08,7.43e-08,5.52049e-15,3.87e-08,-1.0057000000000002e-15,-7.747146969020107,-7.247183568811729,-3.1741573033707864,,,,,,,,,,,,,,,,,,,,,,,,
SPBAC-PH,toluene,stda,-3.06e-08,4.8e-08,3.326,2.712,0.6139999999999999,0.2576,6.616999999999999,7.86e-08,7.86e-08,6.177960000000001e-15,1.7399999999999997e-08,-1.4688000000000001e-15,-7.512861624522813,-7.317854923626168,-1.568627450980392,,,,,,,,,,,,,,,,,,,,,,,,
SPBAC-PH,toluene,stddft,-4.7e-09,-8.81e-08,3.242,2.676,0.5659999999999998,0.2098,6.616999999999999,-8.34e-08,8.34e-08,6.955560000000001e-15,-9.28e-08,4.1407e-16,-8.318758762624412,-7.054531414868181,18.74468085106383,,,,,,,,,,,,,,,,,,,,,,,,
SPBP-DPAC,gas,stda,-1.11e-08,5.63e-08,3.396,2.778,0.6179999999999999,0.8572,6.427999999999999,6.740000000000002e-08,6.740000000000002e-08,4.542760000000001e-15,4.52e-08,-6.2493e-16,-7.950781977329818,-7.248720896016658,-5.072072072072072,,,,,,,,,,,,,,,,,,,,,,,,
SPBP-DPAC,gas,stddft,2.9e-09,-6.85e-08,3.336,2.747,0.589,0.7278,6.427999999999999,-7.14e-08,7.14e-08,5.097960000000001e-15,-6.559999999999999e-08,-1.9864999999999998e-16,-8.522878745280337,-7.163675884293248,-23.620689655172413,,,,,,,,,,,,,,,,,,,,,,,,
SPBP-DPAC,toluene,stda,1.071e-07,5.58e-08,3.289,2.618,0.6710000000000003,0.943,6.199,-5.13e-08,5.13e-08,2.6316900000000004e-15,1.629e-07,5.97618e-15,-6.969805214643249,-7.252588192113577,0.5210084033613445,,,,,,,,,,,,,,,,,,,,,,,,
SPBP-DPAC,toluene,stddft,2.3e-08,1.9e-08,3.22,2.584,0.6360000000000001,0.787,6.199,-3.9999999999999994e-09,3.9999999999999994e-09,1.5999999999999998e-17,4.2000000000000006e-08,4.3700000000000005e-16,-7.636388020107856,-7.718966632752273,0.8260869565217391,,,,,,,,,,,,,,,,,,,,,,,,
SPFS-PXZ,gas,stda,-7.9e-09,-6.89e-08,3.29,2.905,0.3850000000000002,0.0135,6.238,-6.1e-08,6.1e-08,3.721e-15,-7.68e-08,5.4431e-16,-8.096910013008056,-7.161150909262744,8.721518987341772,,,,,,,,,,,,,,,,,,,,,,,,
SPFS-PXZ,gas,stddft,-2.71e-08,-2.86e-08,3.256,2.875,0.3809999999999998,0.0112,6.238,-1.5e-09,1.5e-09,2.2500000000000007e-18,-5.57e-08,7.750600000000001e-16,-7.565431095965801,-7.542118103266008,1.055350553505535,,,,,,,,,,,,,,,,,,,,,,,,
SPFS-PXZ,toluene,stda,7.3e-09,-3.48e-08,3.296,2.911,0.3849999999999998,0.0119,6.331,-4.21e-08,4.21e-08,1.77241e-15,-2.75e-08,-2.5404e-16,-8.130768280269024,-7.45717457304082,-4.767123287671233,,,,,,,,,,,,,,,,,,,,,,,,
SPFS-PXZ,toluene,stddft,4.9e-09,-4.58e-08,3.262,2.882,0.3799999999999999,0.0096,6.331,-5.07e-08,5.07e-08,2.57049e-15,-4.09e-08,-2.2442e-16,-8.301029995663981,-7.338187314462739,-9.346938775510203,,,,,,,,,,,,,,,,,,,,,,,,
STAC-BP-STAC,gas,stda,7.3e-09,1.27e-08,3.412,3.274,0.1379999999999999,0.3196,5.753,5.3999999999999996e-09,5.3999999999999996e-09,2.916e-17,2e-08,9.271e-17,-8.130768280269024,-7.892790030352132,1.73972602739726,,,,,,,,,,,,,,,,,,,,,,,,
STAC-BP-STAC,gas,stddft,1.59e-08,-2.27e-08,3.406,3.267,0.1390000000000002,0.3108,5.753,-3.86e-08,3.86e-08,1.48996e-15,-6.800000000000001e-09,-3.6093e-16,-7.795880017344075,-7.642065152999546,-1.427672955974843,,,,,,,,,,,,,,,,,,,,,,,,
STAC-BP-STAC,toluene,stda,-2.29e-08,2.7e-09,3.413,3.213,0.1999999999999997,0.3519,5.7490000000000006,2.56e-08,2.56e-08,6.553600000000002e-16,-2.02e-08,-6.183e-17,-7.638272163982407,-8.55284196865778,-0.1179039301310043,,,,,,,,,,,,,,,,,,,,,,,,
STAC-BP-STAC,toluene,stddft,7.7e-09,2.2e-08,3.405,3.205,0.1999999999999997,0.3019,5.7490000000000006,1.43e-08,1.43e-08,2.0449e-16,2.97e-08,1.6939999999999998e-16,-8.10790539730952,-7.655607726314889,2.857142857142857,,,,,,,,,,,,,,,,,,,,,,,,
SXAC-BP-SXAC,gas,stda,6.1e-09,-3.52e-08,3.418,3.284,0.1340000000000003,0.3317,5.763,-4.13e-08,4.13e-08,1.70569e-15,-2.91e-08,-2.1472e-16,-8.207608310501746,-7.452225294612178,-5.770491803278688,,,,,,,,,,,,,,,,,,,,,,,,
SXAC-BP-SXAC,gas,stddft,-3.76e-08,-2.39e-08,3.412,3.275,0.137,0.3224,5.763,1.37e-08,1.37e-08,1.8769e-16,-6.15e-08,8.9864e-16,-7.423658649794207,-7.619788758288394,0.6356382978723404,,,,,,,,,,,,,,,,,,,,,,,,
SXAC-BP-SXAC,toluene,stda,4.07e-08,-8e-09,3.428,3.278,0.1499999999999999,0.3443,5.757,-4.87e-08,4.87e-08,2.37169e-15,3.27e-08,-3.256e-16,-7.38933983691012,-8.09151498112135,-0.1965601965601965,,,,,,,,,,,,,,,,,,,,,,,,
SXAC-BP-SXAC,toluene,stddft,-1.97e-08,-1.33e-08,3.423,3.27,0.153,0.3348,5.757,6.400000000000001e-09,6.400000000000001e-09,4.0960000000000016e-17,-3.3000000000000004e-08,2.6201e-16,-7.703334809738469,-7.872895201635193,0.6751269035532994,,,,,,,,,,,,,,,,,,,,,,,,
SiCN2Cz,gas,stda,5.4e-08,3.88e-08,4.064,3.651,0.4130000000000002,0.5644,7.113,-1.5200000000000004e-08,1.5200000000000004e-08,2.310400000000001e-16,9.28e-08,2.0952e-15,-7.266802734893431,-7.410050398674293,0.7185185185185184,,,,,,,,,,,,,,,,,,,,,,,,
SiCN2Cz,gas,stddft,2.5e-09,-4.98e-08,4.022,3.631,0.3910000000000004,0.475,7.113,-5.230000000000001e-08,5.230000000000001e-08,2.7352900000000007e-15,-4.73e-08,-1.245e-16,-8.585026652029182,-7.30189945437661,-19.92,,,,,,,,,,,,,,,,,,,,,,,,
SiCN2Cz,toluene,stda,-1.169e-07,2.01e-08,4.077,3.656,0.4209999999999998,0.5497,7.061,1.37e-07,1.37e-07,1.8769e-14,-9.68e-08,-2.34969e-15,-6.931814138253839,-7.694648630553377,-0.1719418306244653,,,,,,,,,,,,,,,,,,,,,,,,
SiCN2Cz,toluene,stddft,-4.58e-08,2.69e-08,4.033,3.637,0.3960000000000003,0.4604,7.061,7.27e-08,7.27e-08,5.28529e-15,-1.89e-08,-1.23202e-15,-7.338187314462739,-7.568636235841013,-0.5873362445414847,,,,,,,,,,,,,,,,,,,,,,,,
SiCz1Py3,gas,stda,-2.29e-08,3.7e-09,3.822,3.391,0.431,0.2084,7.268999999999999,2.66e-08,2.66e-08,7.0756e-16,-1.92e-08,-8.473e-17,-7.638272163982407,-8.42021640338319,-0.1615720524017467,,,,,,,,,,,,,,,,,,,,,,,,
SiCz1Py3,gas,stddft,8.62e-08,4.75e-08,3.752,3.368,0.3839999999999999,0.1766,7.268999999999999,-3.87e-08,3.87e-08,1.4976900000000005e-15,1.337e-07,4.0945000000000006e-15,-7.06398920428479,-7.322393047279506,0.5510440835266821,,,,,,,,,,,,,,,,,,,,,,,,
SiCz1Py3,toluene,stda,1.249e-07,5.09e-08,3.807,3.367,0.4399999999999999,0.1869,7.268999999999999,-7.4e-08,7.4e-08,5.475999999999998e-15,1.7579999999999997e-07,6.3574099999999985e-15,-6.903089986991944,-7.292429823902063,0.4075260208166533,,,,,,,,,,,,,,,,,,,,,,,,
SiCz1Py3,toluene,stddft,1.397e-07,4.19e-08,3.735,3.343,0.3919999999999999,0.1584,7.268999999999999,-9.78e-08,9.78e-08,9.564839999999995e-15,1.816e-07,5.8534299999999986e-15,-6.854492828590337,-7.376750709602099,0.2999284180386543,,,,,,,,,,,,,,,,,,,,,,,,
SiCz2Py2,gas,stda,-5.82e-08,-6.82e-08,3.835,3.413,0.4220000000000001,0.2756,7.247000000000001,-1.0000000000000004e-08,1.0000000000000004e-08,1.0000000000000007e-16,-1.264e-07,3.96924e-15,-7.2343314452409855,-7.165579296318468,1.1718213058419245,,,,,,,,,,,,,,,,,,,,,,,,
SiCz2Py2,gas,stddft,1.48e-08,-5.79e-08,3.77,3.39,0.3799999999999999,0.2373,7.247000000000001,-7.270000000000002e-08,7.270000000000002e-08,5.285290000000001e-15,-4.31e-08,-8.5692e-16,-7.826813731587726,-7.236572006437063,-3.9121621621621614,,,,,,,,,,,,,,,,,,,,,,,,
SiCz2Py2,toluene,stda,1.4e-08,1.15e-08,3.833,3.39,0.443,0.263,7.273,-2.499999999999999e-09,2.499999999999999e-09,6.249999999999996e-18,2.55e-08,1.61e-16,-7.85078088734462,-7.935542010773082,0.8214285714285715,,,,,,,,,,,,,,,,,,,,,,,,
SiCz2Py2,toluene,stddft,3.03e-08,-5.36e-08,3.765,3.367,0.3980000000000001,0.225,7.273,-8.39e-08,8.39e-08,7.03921e-15,-2.33e-08,-1.62408e-15,-7.517126416391246,-7.270025714300444,-1.7689768976897688,,,,,,,,,,,,,,,,,,,,,,,,
SiCz3Py1,gas,stda,3.22e-08,4.65e-08,3.844,3.425,0.419,0.2811,7.251,1.4300000000000002e-08,1.4300000000000002e-08,2.0449000000000007e-16,7.87e-08,1.4973e-15,-7.490797477668897,-7.33161408331,1.4440993788819876,,,,,,,,,,,,,,,,,,,,,,,,
SiCz3Py1,gas,stddft,-7.34e-08,-3.72e-08,3.781,3.402,0.379,0.2419,7.251,3.619999999999999e-08,3.619999999999999e-08,1.3104399999999997e-15,-1.106e-07,2.73048e-15,-7.133712660915805,-7.428291168191312,0.5068119891008175,,,,,,,,,,,,,,,,,,,,,,,,
SiCz3Py1,toluene,stda,7.46e-08,6.42e-08,3.899,3.416,0.4830000000000001,0.1901,7.263,-1.04e-08,1.04e-08,1.0816000000000002e-16,1.388e-07,4.789320000000001e-15,-7.126679398184601,-7.191789027075778,0.8605898123324397,,,,,,,,,,,,,,,,,,,,,,,,
SiCz3Py1,toluene,stddft,-1.033e-07,2.5e-08,3.831,3.393,0.4380000000000001,0.1575,7.263,1.283e-07,1.283e-07,1.646089e-14,-7.83e-08,-2.5825e-15,-6.985479461242076,-7.600326278518962,-0.2420135527589544,,,,,,,,,,,,,,,,,,,,,,,,
SiTCNCz,gas,stda,6.46e-08,-1e-08,4.036,3.623,0.4129999999999993,0.4183,6.984000000000001,-7.459999999999999e-08,7.459999999999999e-08,5.565159999999999e-15,5.46e-08,-6.459999999999999e-16,-7.189095719331299,-7.995678626217358,-0.1547987616099071,,,,,,,,,,,,,,,,,,,,,,,,
SiTCNCz,gas,stddft,2.05e-08,-1.77e-08,3.983,3.604,0.379,0.3618,6.984000000000001,-3.82e-08,3.82e-08,1.4592399999999998e-15,2.800000000000002e-09,-3.6285e-16,-7.686132779630847,-7.749579997691106,-0.8634146341463413,,,,,,,,,,,,,,,,,,,,,,,,
SiTCNCz,toluene,stda,2.49e-08,-4.68e-08,4.042,3.63,0.4119999999999999,0.3962,6.971,-7.17e-08,7.17e-08,5.14089e-15,-2.19e-08,-1.1653200000000002e-15,-7.602059991327962,-7.328827157284917,-1.879518072289157,,,,,,,,,,,,,,,,,,,,,,,,
SiTCNCz,toluene,stddft,-2.2e-08,-4.39e-08,3.989,3.612,0.3769999999999998,0.3443,6.971,-2.1900000000000004e-08,2.1900000000000004e-08,4.796100000000002e-16,-6.59e-08,9.658e-16,-7.655607726314889,-7.356547323513812,1.9954545454545456,,,,,,,,,,,,,,,,,,,,,,,,
Spiro-CN,gas,stda,1.21e-08,1.5e-09,3.329,2.9,0.4290000000000002,1.5371,5.385,-1.06e-08,1.06e-08,1.1236000000000002e-16,1.3600000000000001e-08,1.815e-17,-7.913640169325252,-8.795880017344075,0.1239669421487603,,,,,,,,,,,,,,,,,,,,,,,,
Spiro-CN,gas,stddft,1.17e-08,2.17e-08,3.305,2.87,0.435,1.3876,5.385,1e-08,1e-08,9.999999999999995e-17,3.34e-08,2.5389e-16,-7.928117992693875,-7.661543506395395,1.8547008547008543,,,,,,,,,,,,,,,,,,,,,,,,
Spiro-CN,toluene,stda,5.05e-08,-5.32e-08,3.382,2.941,0.4410000000000003,1.5802,5.278999999999999,-1.0370000000000001e-07,1.0370000000000001e-07,1.075369e-14,-2.6999999999999973e-09,-2.6866000000000003e-15,-7.295849483160201,-7.273272790973428,-1.0534653465346535,,,,,,,,,,,,,,,,,,,,,,,,
Spiro-CN,toluene,stddft,2.45e-08,9.87e-08,3.358,2.91,0.4479999999999999,1.4605,5.278999999999999,7.42e-08,7.42e-08,5.50564e-15,1.232e-07,2.41815e-15,-7.609064892896621,-7.005243055412372,4.0285714285714285,,,,,,,,,,,,,,,,,,,,,,,,
SpiroAC-TRZ,gas,stda,1.43e-08,2.21e-08,3.515,3.398,0.1169999999999999,0.2067,5.918,7.799999999999999e-09,7.799999999999999e-09,6.083999999999998e-17,3.64e-08,3.1603000000000003e-16,-7.841637507904751,-7.653647025549361,1.5454545454545454,,,,,,,,,,,,,,,,,,,,,,,,
SpiroAC-TRZ,gas,stddft,9.3e-09,6.93e-08,3.507,3.39,0.1169999999999999,0.1994,5.918,6.000000000000002e-08,6.000000000000002e-08,3.600000000000001e-15,7.86e-08,6.4449e-16,-8.0268721464003,-7.158640529545145,7.451612903225807,,,,,,,,,,,,,,,,,,,,,,,,
SpiroAC-TRZ,toluene,stda,9.3e-09,1.99e-08,3.495,3.396,0.0990000000000002,0.1741,5.885,1.06e-08,1.06e-08,1.1235999999999997e-16,2.92e-08,1.8507e-16,-8.0268721464003,-7.698970004336019,2.139784946236559,,,,,,,,,,,,,,,,,,,,,,,,
SpiroAC-TRZ,toluene,stddft,4.68e-08,7.34e-08,3.488,3.386,0.1019999999999998,0.1688,5.885,2.6599999999999997e-08,2.6599999999999997e-08,7.075599999999996e-16,1.202e-07,3.43512e-15,-7.328827157284917,-7.133712660915805,1.568376068376068,,,,,,,,,,,,,,,,,,,,,,,,
SpiroAc,gas,stda,1.84e-08,6.9e-08,4.088,3.464,0.6240000000000001,0.0495,6.984000000000001,5.06e-08,5.06e-08,2.56036e-15,8.74e-08,1.2696e-15,-7.732828271596986,-7.1605219526258015,3.75,,,,,,,,,,,,,,,,,,,,,,,,
SpiroAc,gas,stddft,-4.49e-08,-9.64e-08,4.018,3.431,0.5869999999999997,0.0916,6.984000000000001,-5.150000000000001e-08,5.150000000000001e-08,2.6522500000000004e-15,-1.413e-07,4.32836e-15,-7.346787486224656,-7.015472686656207,2.1469933184855234,,,,,,,,,,,,,,,,,,,,,,,,
SpiroAc,toluene,stda,-2.65e-08,8.07e-08,4.09,3.455,0.6349999999999998,0.1074,6.972,1.0720000000000001e-07,1.0720000000000001e-07,1.1491840000000002e-14,5.42e-08,-2.13855e-15,-7.575118363368933,-7.092588639225414,-3.0452830188679245,,,,,,,,,,,,,,,,,,,,,,,,
SpiroAc,toluene,stddft,-1.2e-09,-1.36e-08,4.014,3.422,0.5920000000000001,0.0892,6.972,-1.24e-08,1.24e-08,1.5375999999999996e-16,-1.48e-08,1.632e-17,-8.886056647693163,-7.863279432843593,11.333333333333332,,,,,,,,,,,,,,,,,,,,,,,,
TAA-PPO,gas,stda,-9.4e-09,1.234e-07,2.43,1.914,0.5160000000000002,0.2909,5.680999999999999,1.328e-07,1.328e-07,1.763584e-14,1.14e-07,-1.15996e-15,-8.022276394711152,-6.9083330424043154,-13.127659574468089,,,,,,,,,,,,,,,,,,,,,,,,
TAA-PPO,gas,stddft,-5.4e-09,-2.88e-08,2.374,1.859,0.5150000000000001,0.2582,5.680999999999999,-2.34e-08,2.34e-08,5.4756e-16,-3.42e-08,1.5552e-16,-8.259637310505756,-7.539102157243452,5.333333333333333,,,,,,,,,,,,,,,,,,,,,,,,
TAA-PPO,toluene,stda,-6.13e-08,-8.61e-08,2.392,1.894,0.498,0.2766,5.646,-2.48e-08,2.48e-08,6.150399999999998e-16,-1.474e-07,5.27793e-15,-7.211831628858833,-7.064492734175287,1.404567699836868,,,,,,,,,,,,,,,,,,,,,,,,
TAA-PPO,toluene,stddft,1.04e-08,1.79e-08,2.338,1.84,0.498,0.2444,5.646,7.500000000000001e-09,7.500000000000001e-09,5.625e-17,2.8300000000000002e-08,1.8616000000000003e-16,-7.978810700930062,-7.744727494896693,1.7211538461538465,,,,,,,,,,,,,,,,,,,,,,,,
TABD-COOH,gas,stda,6.77e-08,-5.8e-09,3.343,2.629,0.714,0.5648,6.727000000000001,-7.35e-08,7.35e-08,5.402250000000001e-15,6.19e-08,-3.9266e-16,-7.168770306132937,-8.229147988357855,-0.0856720827178729,,,,,,,,,,,,,,,,,,,,,,,,
TABD-COOH,gas,stddft,-1.659e-07,-2.77e-08,3.289,2.585,0.7040000000000002,0.4725,6.727000000000001,1.382e-07,1.382e-07,1.9099240000000003e-14,-1.936e-07,4.59543e-15,-6.779891911959945,-7.555955204081924,0.1669680530440024,,,,,,,,,,,,,,,,,,,,,,,,
TABD-COOH,toluene,stda,-6.03e-08,-1.72e-08,3.346,2.635,0.7110000000000003,0.5747,6.706,4.3100000000000015e-08,4.3100000000000015e-08,1.857610000000001e-15,-7.75e-08,1.03716e-15,-7.218963061378868,-7.761953896871205,0.2852404643449419,,,,,,,,,,,,,,,,,,,,,,,,
TABD-COOH,toluene,stddft,1.278e-07,-2.35e-08,3.293,2.591,0.702,0.4826,6.706,-1.513e-07,1.513e-07,2.289169e-14,1.043e-07,-3.0033e-15,-6.893129455521346,-7.627087997029894,-0.1838810641627543,,,,,,,,,,,,,,,,,,,,,,,,
TATP-BP,gas,stda,4.69e-08,7e-09,3.642,3.403,0.2389999999999998,0.1626,5.970000000000001,-3.9900000000000007e-08,3.9900000000000007e-08,1.5920100000000006e-15,5.39e-08,3.2830000000000003e-16,-7.327902142064283,-8.148741651280925,0.1492537313432835,,,,,,,,,,,,,,,,,,,,,,,,
TATP-BP,gas,stddft,-2.18e-08,-7.32e-08,3.619,3.381,0.2380000000000004,0.1427,5.970000000000001,-5.14e-08,5.14e-08,2.64196e-15,-9.5e-08,1.59576e-15,-7.6595558851598815,-7.134896025358872,3.3577981651376145,,,,,,,,,,,,,,,,,,,,,,,,
TATP-BP,toluene,stda,-8.7e-09,6e-10,3.68,3.462,0.2179999999999999,0.1226,5.975,9.3e-09,9.3e-09,8.649e-17,-8.1e-09,-5.22e-18,-8.05551732784983,-9.154901959985745,-0.0689655172413793,,,,,,,,,,,,,,,,,,,,,,,,
TATP-BP,toluene,stddft,-3.22e-08,-3.7e-09,3.657,3.431,0.2259999999999999,0.1103,5.975,2.85e-08,2.85e-08,8.122499999999998e-16,-3.59e-08,1.1914e-16,-7.490797477668897,-8.42021640338319,0.1149068322981366,,,,,,,,,,,,,,,,,,,,,,,,
TAZ-PPI,gas,stda,-9.01e-08,5.89e-08,3.845,3.452,0.3930000000000002,0.5962,6.944000000000001,1.49e-07,1.49e-07,2.2201e-14,-3.1200000000000015e-08,-5.306890000000001e-15,-7.044793462458058,-7.229147988357856,-0.6537180910099888,,,,,,,,,,,,,,,,,,,,,,,,
TAZ-PPI,gas,stddft,1.55e-08,-6.5e-09,3.807,3.423,0.3839999999999999,0.5326,6.944000000000001,-2.2e-08,2.2e-08,4.84e-16,9e-09,-1.0075e-16,-7.806875401645538,-8.18045606445813,-0.4193548387096774,,,,,,,,,,,,,,,,,,,,,,,,
TAZ-PPI,toluene,stda,3e-09,-3.67e-08,3.817,3.441,0.3760000000000003,0.5218,6.98,-3.97e-08,3.97e-08,1.57609e-15,-3.37e-08,-1.1009999999999999e-16,-8.508638306165727,-7.434152181326482,-12.233333333333333,,,,,,,,,,,,,,,,,,,,,,,,
TAZ-PPI,toluene,stddft,-2.67e-08,-6.67e-08,3.777,3.413,0.3640000000000003,0.4669,6.98,-4e-08,4e-08,1.5999999999999996e-15,-9.34e-08,1.78089e-15,-7.5718652059712115,-7.175223537524454,2.4981273408239697,,,,,,,,,,,,,,,,,,,,,,,,
TBAc,gas,stda,8.23e-08,-7.35e-08,3.866,3.094,0.7720000000000002,0.028,6.959999999999999,-1.558e-07,1.558e-07,2.427364e-14,8.8e-09,-6.049050000000001e-15,-7.084072788302884,-7.133122185662502,-0.8930741190765492,,,,,,,,,,,,,,,,,,,,,,,,
TBAc,gas,stddft,-4.32e-08,-6.88e-08,3.818,3.043,0.7749999999999999,0.0235,6.959999999999999,-2.559999999999999e-08,2.559999999999999e-08,6.553599999999997e-16,-1.12e-07,2.97216e-15,-7.363512103646634,-7.161780778092374,1.5925925925925923,,,,,,,,,,,,,,,,,,,,,,,,
TBAc,toluene,stda,5.4e-09,1.019e-07,3.834,3.098,0.7360000000000002,0.0232,6.894,9.650000000000001e-08,9.650000000000001e-08,9.312250000000002e-15,1.073e-07,5.502600000000001e-16,-8.259637310505756,-6.991399828238082,18.87037037037037,,,,,,,,,,,,,,,,,,,,,,,,
TBAc,toluene,stddft,2.95e-08,-6.77e-08,3.779,3.047,0.7319999999999998,0.0356,6.894,-9.72e-08,9.72e-08,9.44784e-15,-3.820000000000001e-08,-1.99715e-15,-7.528708288941061,-7.168770306132937,-2.294915254237288,,,,,,,,,,,,,,,,,,,,,,,,
TBN-TPA,gas,stda,-7.4e-09,2.3e-08,3.145,2.685,0.4599999999999999,0.4391,6.455000000000001,3.04e-08,3.04e-08,9.2416e-16,1.56e-08,-1.702e-16,-8.1249387366083,-7.636388020107856,-3.1081081081081083,,,,,,,,,,,,,,,,,,,,,,,,
TBN-TPA,gas,stddft,1.17e-08,-1.83e-08,3.067,2.663,0.4040000000000003,0.3542,6.455000000000001,-3e-08,3e-08,8.999999999999998e-16,-6.599999999999998e-09,-2.1411e-16,-7.928117992693875,-7.735182176990463,-1.564102564102564,,,,,,,,,,,,,,,,,,,,,,,,
TBN-TPA,toluene,stda,-8.5e-08,-1.65e-08,3.13,2.67,0.4599999999999999,0.4393,6.4350000000000005,6.85e-08,6.85e-08,4.69225e-15,-1.015e-07,1.4024999999999998e-15,-7.070070439915412,-7.779891911959945,0.1941176470588235,,,,,,,,,,,,,,,,,,,,,,,,
TBN-TPA,toluene,stddft,6.93e-08,-6.2e-09,3.053,2.647,0.4060000000000001,0.3542,6.4350000000000005,-7.550000000000002e-08,7.550000000000002e-08,5.700250000000001e-15,6.31e-08,-4.2966e-16,-7.158640529545145,-8.200659450546418,-0.0894660894660894,,,,,,,,,,,,,,,,,,,,,,,,
TBPM2CN,gas,stda,-1.41e-08,1.34e-08,3.745,3.342,0.403,0.9435,6.089,2.75e-08,2.75e-08,7.562500000000001e-16,-7.000000000000012e-10,-1.8894e-16,-7.847711655616943,-7.869666231504994,-0.950354609929078,,,,,,,,,,,,,,,,,,,,,,,,
TBPM2CN,gas,stddft,-3.7e-09,-7.8e-09,3.713,3.31,0.403,0.8338,6.089,-4.1e-09,4.1e-09,1.6810000000000002e-17,-1.15e-08,2.886e-17,-8.42021640338319,-8.102372908709558,2.1081081081081083,,,,,,,,,,,,,,,,,,,,,,,,
TBPM2CN,toluene,stda,-4.8e-08,-2.57e-08,3.737,3.337,0.3999999999999999,0.8175,6.003000000000001,2.23e-08,2.23e-08,4.9729e-16,-7.37e-08,1.2336e-15,-7.317854923626168,-7.58838029403677,0.5354166666666667,,,,,,,,,,,,,,,,,,,,,,,,
TBPM2CN,toluene,stddft,7.6e-09,-8.6e-09,3.704,3.307,0.3970000000000002,0.7226,6.003000000000001,-1.62e-08,1.62e-08,2.6244e-16,-9.99999999999999e-10,-6.535999999999999e-17,-8.113509274827518,-8.060480747381382,-1.131578947368421,,,,,,,,,,,,,,,,,,,,,,,,
TBPe,gas,stda,3.75e-08,6.1e-08,3.218,2.215,1.003,0.8779,6.038000000000001,2.3500000000000005e-08,2.3500000000000005e-08,5.522500000000002e-16,9.85e-08,2.2875e-15,-7.424812155072339,-7.213958789757446,1.626666666666667,,,,,,,,,,,,,,,,,,,,,,,,
TBPe,gas,stddft,-4.3e-08,-4.33e-08,3.059,2.149,0.91,0.6176,6.038000000000001,-2.9999999999999607e-10,2.9999999999999607e-10,8.999999999999764e-20,-8.63e-08,1.8619e-15,-7.365522729839268,-7.36251027048749,1.0069767441860464,,,,,,,,,,,,,,,,,,,,,,,,
TBPe,toluene,stda,-3.71e-08,-7.54e-08,3.218,2.213,1.005,0.8715,6.036,-3.83e-08,3.83e-08,1.46689e-15,-1.1250000000000001e-07,2.7973400000000002e-15,-7.429457060118103,-7.122053048370812,2.032345013477089,,,,,,,,,,,,,,,,,,,,,,,,
TBPe,toluene,stddft,-3.57e-08,-2.02e-08,3.058,2.147,0.911,0.6112,6.036,1.5500000000000003e-08,1.5500000000000003e-08,2.402500000000001e-16,-5.59e-08,7.2114e-16,-7.446116973356125,-7.692503962086787,0.5658263305322129,,,,,,,,,,,,,,,,,,,,,,,,
TBRb,gas,stda,2.56e-08,3.39e-08,2.453,1.532,0.9209999999999998,0.491,5.376,8.299999999999998e-09,8.299999999999998e-09,6.888999999999997e-17,5.95e-08,8.6784e-16,-7.590066876668706,-7.468521082957745,1.32421875,,,,,,,,,,,,,,,,,,,,,,,,
TBRb,gas,stddft,5.71e-08,-1.321e-07,2.248,1.444,0.8040000000000003,0.3137,5.376,-1.892e-07,1.892e-07,3.579664e-14,-7.5e-08,-7.54291e-15,-7.242603971206976,-6.878768544850378,-2.3134851138353763,,,,,,,,,,,,,,,,,,,,,,,,
TBRb,toluene,stda,8.95e-08,-2.84e-08,2.448,1.526,0.922,0.4864,5.372999999999999,-1.179e-07,1.179e-07,1.390041e-14,6.11e-08,-2.5418e-15,-7.047691990337875,-7.54515513999149,-0.3173184357541899,,,,,,,,,,,,,,,,,,,,,,,,
TBRb,toluene,stddft,-6.33e-08,1.69e-08,2.243,1.438,0.8049999999999999,0.3098,5.372999999999999,8.02e-08,8.02e-08,6.43204e-15,-4.640000000000001e-08,-1.06977e-15,-7.197910742118268,-7.769551078621726,-0.2669826224328593,,,,,,,,,,,,,,,,,,,,,,,,
TBTAC,gas,stda,-1e-08,7.14e-08,3.078,2.405,0.673,0.2741,6.201,8.14e-08,8.14e-08,6.62596e-15,6.140000000000002e-08,-7.140000000000002e-16,-7.995678626217358,-7.14569395819892,-7.140000000000001,,,,,,,,,,,,,,,,,,,,,,,,
TBTAC,gas,stddft,-4.53e-08,3.7e-08,3.006,2.354,0.6519999999999997,0.2518,6.201,8.23e-08,8.23e-08,6.77329e-15,-8.300000000000002e-09,-1.6761000000000004e-15,-7.342944147142896,-7.430626090384954,-0.8167770419426048,,,,,,,,,,,,,,,,,,,,,,,,
TBTAC,toluene,stda,-6.73e-08,5.27e-08,3.121,2.43,0.6909999999999998,0.2589,6.252999999999999,1.2000000000000004e-07,1.2000000000000004e-07,1.4400000000000004e-14,-1.4599999999999998e-08,-3.54671e-15,-7.17134010346468,-7.277366077466188,-0.7830609212481426,,,,,,,,,,,,,,,,,,,,,,,,
TBTAC,toluene,stddft,-1.8e-09,4.6e-09,3.048,2.379,0.669,0.2517,6.252999999999999,6.399999999999999e-09,6.399999999999999e-09,4.0959999999999985e-17,2.8e-09,-8.279999999999999e-18,-8.721246399047171,-8.327902142064282,-2.555555555555556,,,,,,,,,,,,,,,,,,,,,,,,
TCB,gas,stda,-3.88e-08,-5.9e-09,3.729,3.336,0.3930000000000002,1.6588,5.830000000000001,3.29e-08,3.29e-08,1.0824099999999998e-15,-4.47e-08,2.2892e-16,-7.410050398674293,-8.221848749616356,0.1520618556701031,,,,,,,,,,,,,,,,,,,,,,,,
TCB,gas,stddft,-6.31e-08,-1.813e-07,3.701,3.311,0.3900000000000001,1.445,5.830000000000001,-1.1820000000000001e-07,1.1820000000000001e-07,1.3971239999999995e-14,-2.444e-07,1.1440029999999999e-14,-7.199282921717615,-6.741362717275924,2.873217115689381,,,,,,,,,,,,,,,,,,,,,,,,
TCB,toluene,stda,2.99e-08,6.98e-08,3.685,3.342,0.3429999999999999,0.0055,5.757,3.99e-08,3.99e-08,1.59201e-15,9.97e-08,2.08702e-15,-7.522878745280337,-7.155522824254319,2.334448160535117,,,,,,,,,,,,,,,,,,,,,,,,
TCB,toluene,stddft,1.35e-08,-7.9e-09,3.68,3.319,0.3610000000000002,0.2909,5.757,-2.14e-08,2.14e-08,4.5796e-16,5.6000000000000005e-09,-1.0664999999999999e-16,-7.866461091629782,-8.096910013008056,-0.5851851851851851,,,,,,,,,,,,,,,,,,,,,,,,
TCP,gas,stda,2.45e-08,-1.7e-08,3.937,3.442,0.4949999999999996,0.3497,7.542000000000001,-4.15e-08,4.15e-08,1.7222500000000001e-15,7.500000000000001e-09,-4.165e-16,-7.609064892896621,-7.767003889607846,-0.6938775510204082,,,,,,,,,,,,,,,,,,,,,,,,
TCP,gas,stddft,-4.57e-08,-5.4e-08,3.877,3.418,0.4589999999999996,0.2917,7.542000000000001,-8.300000000000002e-09,8.300000000000002e-09,6.889000000000002e-17,-9.97e-08,2.4678e-15,-7.339134521996131,-7.266802734893431,1.1816192560175056,,,,,,,,,,,,,,,,,,,,,,,,
TCP,toluene,stda,2.28e-08,-1.59e-08,3.925,3.419,0.5059999999999998,0.325,7.521,-3.87e-08,3.87e-08,1.4976899999999997e-15,6.899999999999999e-09,-3.6251999999999997e-16,-7.640164517660112,-7.795880017344075,-0.6973684210526316,,,,,,,,,,,,,,,,,,,,,,,,
TCP,toluene,stddft,-5.6e-09,1.99e-08,3.863,3.395,0.4679999999999999,0.2736,7.521,2.55e-08,2.55e-08,6.5025e-16,1.43e-08,-1.1144e-16,-8.244125144327509,-7.698970004336019,-3.553571428571429,,,,,,,,,,,,,,,,,,,,,,,,
TCPZ,gas,stda,-5.46e-08,2.118e-07,2.197,1.477,0.72,0.4144,5.834,2.664e-07,2.664e-07,7.096896e-14,1.572e-07,-1.156428e-14,-7.262012673666569,-6.673869043289206,-3.879120879120879,,,,,,,,,,,,,,,,,,,,,,,,
TCPZ,gas,stddft,5.1e-08,2.46e-08,2.078,1.42,0.6579999999999999,0.2997,5.834,-2.64e-08,2.64e-08,6.969600000000001e-16,7.56e-08,1.2546e-15,-7.291579099865287,-7.607303046740334,0.4823529411764705,,,,,,,,,,,,,,,,,,,,,,,,
TCPZ,toluene,stda,-6.53e-08,6.05e-08,2.054,1.371,0.6829999999999998,0.3679,5.734999999999999,1.258e-07,1.258e-07,1.582564e-14,-4.79999999999999e-09,-3.9506500000000004e-15,-7.184422251675733,-7.217527375833714,-0.9264931087289436,,,,,,,,,,,,,,,,,,,,,,,,
TCPZ,toluene,stddft,-4.02e-08,1.283e-07,1.939,1.314,0.625,0.2663,5.734999999999999,1.685e-07,1.685e-07,2.839225e-14,8.81e-08,-5.15766e-15,-7.394694953858891,-6.891434976267165,-3.191542288557214,,,,,,,,,,,,,,,,,,,,,,,,
TCZ1,gas,stda,4.13e-08,1.384e-07,3.616,3.149,0.4670000000000001,0.0592,7.044,9.71e-08,9.71e-08,9.428409999999998e-15,1.797e-07,5.71592e-15,-7.382999658879101,-6.858550226599533,3.351089588377724,,,,,,,,,,,,,,,,,,,,,,,,
TCZ1,gas,stddft,1.99e-08,-2.66e-08,3.542,3.126,0.4159999999999999,0.0477,7.044,-4.65e-08,4.65e-08,2.16225e-15,-6.7e-09,-5.293399999999999e-16,-7.698970004336019,-7.573488738635425,-1.3366834170854272,,,,,,,,,,,,,,,,,,,,,,,,
TCZ1,toluene,stda,7.72e-08,-1.531e-07,3.633,3.157,0.476,0.0486,7.11,-2.303e-07,2.303e-07,5.303809e-14,-7.589999999999998e-08,-1.181932e-14,-7.111820506081675,-6.814741234703415,-1.9831606217616575,,,,,,,,,,,,,,,,,,,,,,,,
TCZ1,toluene,stddft,-1.57e-08,-1.149e-07,3.556,3.134,0.4220000000000001,0.0386,7.11,-9.92e-08,9.92e-08,9.84064e-15,-1.3060000000000002e-07,1.80393e-15,-7.801342913045577,-6.939302159646388,7.318471337579617,,,,,,,,,,,,,,,,,,,,,,,,
TCbTrz,gas,stda,5.9e-08,-4.2e-09,3.745,3.367,0.3780000000000001,0.3806,6.418,-6.32e-08,6.32e-08,3.994239999999999e-15,5.48e-08,-2.478e-16,-7.228412519118745,-8.366531544420413,-0.0711864406779661,,,,,,,,,,,,,,,,,,,,,,,,
TCbTrz,gas,stddft,-3.07e-08,-2.86e-08,3.717,3.347,0.3700000000000001,0.3476,6.418,2.0999999999999956e-09,2.0999999999999956e-09,4.409999999999982e-18,-5.93e-08,8.780199999999999e-16,-7.511449283499556,-7.542118103266008,0.9315960912052118,,,,,,,,,,,,,,,,,,,,,,,,
TCbTrz,toluene,stda,5.25e-08,1.1e-09,3.811,3.315,0.496,0.2882,6.438000000000001,-5.14e-08,5.14e-08,2.64196e-15,5.3600000000000004e-08,5.775e-17,-7.279014255846261,-8.920818753952375,0.0209523809523809,,,,,,,,,,,,,,,,,,,,,,,,
TCbTrz,toluene,stddft,3.13e-08,-3.44e-08,3.762,3.291,0.4710000000000001,0.2461,6.438000000000001,-6.57e-08,6.57e-08,4.31649e-15,-3.0999999999999947e-09,-1.07672e-15,-7.503070351926785,-7.462180904926726,-1.0990415335463255,,,,,,,,,,,,,,,,,,,,,,,,
TCz-3PA-TCz,gas,stda,6.89e-08,3.36e-08,3.713,3.242,0.4710000000000001,2.5642,6.589,-3.53e-08,3.53e-08,1.24609e-15,1.025e-07,2.3150400000000002e-15,-7.161150909262744,-7.472370099128661,0.4876632801161103,,,,,,,,,,,,,,,,,,,,,,,,
TCz-3PA-TCz,gas,stddft,-8.13e-08,2.79e-08,3.687,3.211,0.476,2.3507,6.589,1.092e-07,1.092e-07,1.192464e-14,-5.34e-08,-2.26827e-15,-7.089375595110798,-7.552841968657781,-0.3431734317343173,,,,,,,,,,,,,,,,,,,,,,,,
TCz-3PA-TCz,toluene,stda,1.11e-08,5.32e-08,3.657,3.19,0.4670000000000001,2.4886,6.508,4.21e-08,4.21e-08,1.77241e-15,6.43e-08,5.9052e-16,-7.950781977329818,-7.273272790973428,4.792792792792793,,,,,,,,,,,,,,,,,,,,,,,,
TCz-3PA-TCz,toluene,stddft,-4.9e-08,5.9e-09,3.631,3.159,0.472,2.2719,6.508,5.49e-08,5.49e-08,3.0140100000000002e-15,-4.31e-08,-2.891e-16,-7.308918507877031,-8.221848749616356,-0.1204081632653061,,,,,,,,,,,,,,,,,,,,,,,,
TCz1,gas,stda,6.96e-08,-4.13e-08,3.624,3.156,0.4679999999999999,0.056,7.051,-1.109e-07,1.109e-07,1.2298809999999998e-14,2.8300000000000002e-08,-2.87448e-15,-7.15676722190199,-7.382999658879101,-0.5933908045977011,,,,,,,,,,,,,,,,,,,,,,,,
TCz1,gas,stddft,9.7e-09,-1.093e-07,3.549,3.133,0.4159999999999999,0.0449,7.051,-1.1900000000000001e-07,1.1900000000000001e-07,1.4161e-14,-9.96e-08,-1.06021e-15,-8.008773924307505,-6.960982678002588,-11.268041237113405,,,,,,,,,,,,,,,,,,,,,,,,
TCz1,toluene,stda,1.45e-08,5.75e-08,3.637,3.163,0.4740000000000002,0.0467,7.117,4.3e-08,4.3e-08,1.8490000000000007e-15,7.2e-08,8.3375e-16,-7.835647144215563,-7.239577516576788,3.96551724137931,,,,,,,,,,,,,,,,,,,,,,,,
TCz1,toluene,stddft,8.16e-08,-1.25e-07,3.562,3.14,0.4219999999999997,0.0371,7.117,-2.066e-07,2.066e-07,4.268356e-14,-4.339999999999999e-08,-1.02e-14,-7.087777943467585,-6.90274269030658,-1.531862745098039,,,,,,,,,,,,,,,,,,,,,,,,
TCzTrz,gas,stda,1.5e-08,-3.18e-08,3.717,3.409,0.3080000000000003,0.3528,6.284,-4.68e-08,4.68e-08,2.19024e-15,-1.68e-08,-4.77e-16,-7.82102305270683,-7.496209316942819,-2.12,,,,,,,,,,,,,,,,,,,,,,,,
TCzTrz,gas,stddft,4.97e-08,5.06e-08,3.693,3.39,0.3029999999999999,0.3184,6.284,9.000000000000013e-10,9.000000000000013e-10,8.100000000000026e-19,1.003e-07,2.51482e-15,-7.302770657240282,-7.294992040666664,1.0181086519114688,,,,,,,,,,,,,,,,,,,,,,,,
TCzTrz,toluene,stda,3.46e-08,-1.94e-08,3.702,3.368,0.3340000000000001,0.4086,6.17,-5.4e-08,5.4e-08,2.9159999999999997e-15,1.52e-08,-6.712399999999999e-16,-7.459670525209126,-7.709965388637482,-0.5606936416184971,,,,,,,,,,,,,,,,,,,,,,,,
TCzTrz,toluene,stddft,2.46e-08,8.31e-08,3.675,3.347,0.3279999999999998,0.36,6.17,5.85e-08,5.85e-08,3.42225e-15,1.077e-07,2.04426e-15,-7.607303046740334,-7.079876673709276,3.3780487804878048,,,,,,,,,,,,,,,,,,,,,,,,
TDBA-DI,gas,stda,7.88e-08,-4.45e-08,3.573,3.095,0.4779999999999997,0.149,6.0440000000000005,-1.233e-07,1.233e-07,1.520289e-14,3.43e-08,-3.5066000000000002e-15,-7.102922996790579,-7.350665141287858,-0.5647208121827411,0.1323622383931525,0.8452216978859733,0.1566006158197433,0.1547783021140267,0.8433993841802567,1.3326837838222552,0.6998044170935562,0.0070740981716236,0.9974735911999184,0.0070920155019982,0.0025264088000817,0.9929079844980018,0.5449977408815313,0.6066555401804314,-0.1252881402215289,0.1252881402215289,0.15225189331394506,0.15225189331394506,-0.1495086003177451,0.1495086003177451,-0.7876860429407239,0.7876860429407239,-0.09314887691312479,0.09314887691312479
TDBA-DI,gas,stddft,-7.1e-09,3.14e-08,3.503,3.076,0.427,0.2169,6.0440000000000005,3.85e-08,3.85e-08,1.48225e-15,2.4300000000000006e-08,-2.2294000000000003e-16,-8.142667503568731,-7.501689446210399,-4.422535211267606,0.0149790828478898,0.997910693652449,0.0150104442643709,0.002089306347551,0.9849895557356292,0.730990105978436,0.6784165766343766,0.0069454777489454,0.9975146707508764,0.0069627825560874,0.0024853292491233,0.9930372174439124,0.5088416974366046,0.6093034429889237,-0.0080336050989444,0.0080336050989444,-0.00039602290157259024,0.00039602290157259024,-0.008047661708283499,0.008047661708283499,-0.22214840854183138,0.22214840854183138,-0.0691131336454529,0.0691131336454529
TDBA-DI,toluene,stda,4.1e-09,1.73e-08,3.569,3.103,0.4659999999999997,0.031,5.989000000000001,1.32e-08,1.32e-08,1.7423999999999995e-16,2.14e-08,7.093e-17,-8.3767507096021,-7.7594507517174,4.219512195121951,0.0427917163742176,0.9708567765963896,0.0440762400858301,0.0291432234036104,0.95592375991417,0.9247892028281558,0.5992886373823259,0.0069984244104293,0.9975218127367212,0.0070158109036523,0.0024781872632788,0.9929841890963476,0.5332653694677385,0.6037962808572777,-0.035793291963788304,0.035793291963788304,0.026665036140331666,0.026665036140331666,-0.037060429182177806,0.037060429182177806,-0.3915238333604173,0.3915238333604173,0.004507643474951806,0.004507643474951806
TDBA-DI,toluene,stddft,7.4e-09,-2.11e-08,3.504,3.084,0.4199999999999999,0.218,5.989000000000001,-2.85e-08,2.85e-08,8.1225e-16,-1.37e-08,-1.5614e-16,-8.1249387366083,-7.673664139071248,-2.8513513513513518,0.0154060747164999,0.997511168837306,0.0154445135029988,0.0024888311626938,0.9845554864970012,0.7379772990499788,0.6794026717374018,0.006874351955757,0.9975587509795748,0.0068911750300487,0.0024412490204252,0.9931088249699512,0.4982440984738084,0.606446034420187,-0.0085317227607429,0.0085317227607429,4.758214226885382e-05,4.758214226885382e-05,-0.0085533384729501,0.0085533384729501,-0.23973320057617037,0.23973320057617037,-0.0729566373172148,0.0729566373172148
TDBA-SBA,gas,stda,-2.33e-08,3.59e-08,3.561,3.069,0.492,0.2821,5.743999999999999,5.92e-08,5.92e-08,3.50464e-15,1.2599999999999997e-08,-8.3647e-16,-7.6307841425898575,-7.443697499232713,-1.540772532188841,,,,,,,,,,,,,,,,,,,,,,,,
TDBA-SBA,gas,stddft,3.97e-08,-3.69e-08,3.485,3.049,0.4359999999999999,0.2286,5.743999999999999,-7.66e-08,7.66e-08,5.86756e-15,2.799999999999998e-09,-1.46493e-15,-7.400116927926312,-7.431798275933005,-0.929471032745592,,,,,,,,,,,,,,,,,,,,,,,,
TDBA-SBA,toluene,stda,-8.12e-08,-6.25e-08,3.561,3.075,0.4859999999999997,0.279,5.678,1.87e-08,1.87e-08,3.4969000000000007e-16,-1.437e-07,5.075e-15,-7.089909454405932,-7.20342566678957,0.7697044334975369,,,,,,,,,,,,,,,,,,,,,,,,
TDBA-SBA,toluene,stddft,-2.51e-08,1.15e-08,3.487,3.055,0.4319999999999999,0.227,5.678,3.66e-08,3.66e-08,1.3395599999999998e-15,-1.36e-08,-2.8865e-16,-7.598599459218456,-7.935542010773082,-0.4581673306772909,,,,,,,,,,,,,,,,,,,,,,,,
TDBA-TPDICz,gas,stda,-9.7e-09,1.33e-07,3.198,2.697,0.5009999999999999,0.391,5.836999999999999,1.427e-07,1.427e-07,2.036329e-14,1.2330000000000005e-07,-1.2901e-15,-8.008773924307505,-6.875821944525325,-13.71134020618557,,,,,,,,,,,,,,,,,,,,,,,,
TDBA-TPDICz,gas,stddft,-8e-09,-6.81e-08,3.103,2.67,0.4330000000000003,0.3087,5.836999999999999,-6.009999999999999e-08,6.009999999999999e-08,3.612009999999999e-15,-7.61e-08,5.448e-16,-8.09151498112135,-7.166215625343521,8.5125,,,,,,,,,,,,,,,,,,,,,,,,
TDBA-TPDICz,toluene,stda,-5.68e-08,2.41e-08,3.178,2.675,0.5030000000000001,0.3837,5.783,8.09e-08,8.09e-08,6.544810000000001e-15,-3.2699999999999995e-08,-1.36888e-15,-7.244887733604929,-7.616184634019569,-0.4242957746478873,,,,,,,,,,,,,,,,,,,,,,,,
TDBA-TPDICz,toluene,stddft,5.86e-08,-1.054e-07,3.082,2.648,0.4339999999999997,0.302,5.783,-1.64e-07,1.64e-07,2.6896000000000005e-14,-4.68e-08,-6.176440000000001e-15,-7.231361898752385,-6.976747540366288,-1.7986348122866895,,,,,,,,,,,,,,,,,,,,,,,,
TDPA–TRZ,gas,stda,-6.81e-08,1.81e-08,3.497,2.966,0.5309999999999997,1.557,6.396,8.619999999999999e-08,8.619999999999999e-08,7.430439999999998e-15,-5e-08,-1.23261e-15,-7.166215625343521,-7.739928612014925,-0.2657856093979442,,,,,,,,,,,,,,,,,,,,,,,,
TDPA–TRZ,gas,stddft,-7.63e-08,3.66e-08,3.47,2.938,0.532,1.4361,6.396,1.129e-07,1.129e-07,1.274641e-14,-3.970000000000001e-08,-2.79258e-15,-7.11690664142431,-7.435333935747911,-0.4796854521625163,,,,,,,,,,,,,,,,,,,,,,,,
TDPA–TRZ,toluene,stda,1.467e-07,-2.01e-08,3.488,2.942,0.5459999999999998,1.6169,6.421,-1.668e-07,1.668e-07,2.782224e-14,1.266e-07,-2.9486700000000002e-15,-6.833273944419949,-7.694648630553377,-0.1370143149284253,,,,,,,,,,,,,,,,,,,,,,,,
TDPA–TRZ,toluene,stddft,8.03e-08,-3.41e-08,3.459,2.913,0.5460000000000003,1.4857,6.421,-1.144e-07,1.144e-07,1.3087359999999998e-14,4.62e-08,-2.73823e-15,-7.094743951251549,-7.465973893943865,-0.4246575342465754,,,,,,,,,,,,,,,,,,,,,,,,
TFM-QP,gas,stda,-5.19e-08,1.683e-07,3.331,2.953,0.3780000000000001,0.0086,4.892999999999999,2.202e-07,2.202e-07,4.848804e-14,1.1639999999999998e-07,-8.73477e-15,-7.2839966563652,-6.773657912836369,-3.242774566473988,,,,,,,,,,,,,,,,,,,,,,,,
TFM-QP,gas,stddft,-6e-10,2.37e-08,3.297,2.924,0.3730000000000002,0.0118,4.892999999999999,2.43e-08,2.43e-08,5.9049e-16,2.3100000000000002e-08,-1.422e-17,-9.154901959985745,-7.623423042943488,-39.5,,,,,,,,,,,,,,,,,,,,,,,,
TFM-QP,toluene,stda,-3.67e-08,2.5e-09,3.29,2.93,0.3599999999999999,0.0147,4.799,3.92e-08,3.92e-08,1.53664e-15,-3.4199999999999995e-08,-9.175e-17,-7.434152181326482,-8.585026652029182,-0.0681198910081744,,,,,,,,,,,,,,,,,,,,,,,,
TFM-QP,toluene,stddft,-5.97e-08,2.96e-08,3.278,2.9,0.3780000000000001,0.0071,4.799,8.93e-08,8.93e-08,7.974489999999999e-15,-3.01e-08,-1.76712e-15,-7.22329881601159,-7.527243550682788,-0.4958123953098827,,,,,,,,,,,,,,,,,,,,,,,,
TMAB,gas,stda,5.5e-08,-8.95e-08,3.983,3.558,0.4250000000000002,0.0538,5.798,-1.445e-07,1.445e-07,2.088025e-14,-3.45e-08,-4.922500000000001e-15,-7.258848401148215,-7.047691990337875,-1.6272727272727272,,,,,,,,,,,,,,,,,,,,,,,,
TMAB,gas,stddft,6.24e-08,-1.798e-07,3.974,3.536,0.4380000000000001,0.0469,5.798,-2.422e-07,2.422e-07,5.866084e-14,-1.174e-07,-1.121952e-14,-7.204119982655925,-6.744968836654449,-2.8814102564102564,,,,,,,,,,,,,,,,,,,,,,,,
TMAB,toluene,stda,-2.54e-08,-5.65e-08,4.042,3.474,0.5679999999999996,0.0837,5.937,-3.1100000000000014e-08,3.1100000000000014e-08,9.672100000000004e-16,-8.19e-08,1.4351e-15,-7.5934598195660445,-7.247183568811729,2.2244094488188977,,,,,,,,,,,,,,,,,,,,,,,,
TMAB,toluene,stddft,-2.16e-08,-1.78e-08,3.96,3.453,0.5070000000000001,0.0685,5.937,3.800000000000001e-09,3.800000000000001e-09,1.4440000000000006e-17,-3.94e-08,3.8448e-16,-7.663540266151471,-7.747146969020107,0.8240740740740741,,,,,,,,,,,,,,,,,,,,,,,,
TMDBP,gas,stda,-6.91e-08,-3.15e-08,3.939,3.357,0.5819999999999999,0.1578,7.646000000000001,3.7600000000000006e-08,3.7600000000000006e-08,1.4137600000000005e-15,-1.006e-07,2.17665e-15,-7.1598939055432425,-7.5003129173815966,0.455861070911722,,,,,,,,,,,,,,,,,,,,,,,,
TMDBP,gas,stddft,2.92e-08,9.29e-08,3.895,3.32,0.5750000000000002,0.2,7.646000000000001,6.370000000000002e-08,6.370000000000002e-08,4.057690000000001e-15,1.2210000000000001e-07,2.71268e-15,-7.533132379645891,-7.031517051446065,3.1815068493150687,,,,,,,,,,,,,,,,,,,,,,,,
TMDBP,toluene,stda,-1.298e-07,1.34e-08,3.953,3.358,0.5949999999999998,0.1896,7.653,1.432e-07,1.432e-07,2.0506240000000004e-14,-1.1640000000000001e-07,-1.73932e-15,-6.886390848926972,-7.869666231504994,-0.1032357473035439,,,,,,,,,,,,,,,,,,,,,,,,
TMDBP,toluene,stddft,1.196e-07,3.15e-08,3.907,3.323,0.5840000000000001,0.2329,7.653,-8.810000000000001e-08,8.810000000000001e-08,7.761610000000002e-15,1.5110000000000002e-07,3.7674000000000004e-15,-6.921905849593589,-7.5003129173815966,0.2633779264214046,,,,,,,,,,,,,,,,,,,,,,,,
TMOE,gas,stda,3e-09,-6.58e-08,3.677,2.911,0.766,0.7044,6.937,-6.88e-08,6.88e-08,4.733439999999999e-15,-6.279999999999999e-08,-1.974e-16,-8.508638306165727,-7.18111458540599,-21.93333333333333,,,,,,,,,,,,,,,,,,,,,,,,
TMOE,gas,stddft,-1.5e-09,4.98e-08,3.615,2.873,0.742,0.58,6.937,5.13e-08,5.13e-08,2.6316900000000004e-15,4.83e-08,-7.47e-17,-8.795880017344075,-7.30189945437661,-33.2,,,,,,,,,,,,,,,,,,,,,,,,
TMOE,toluene,stda,4.13e-08,4.22e-08,3.715,2.947,0.7679999999999998,0.737,6.971000000000001,9.000000000000013e-10,9.000000000000013e-10,8.100000000000026e-19,8.35e-08,1.74286e-15,-7.382999658879101,-7.373659632624958,1.0217917675544794,,,,,,,,,,,,,,,,,,,,,,,,
TMOE,toluene,stddft,4.82e-08,5.2e-08,3.655,2.909,0.746,0.6091,6.971000000000001,3.800000000000001e-09,3.800000000000001e-09,1.4440000000000006e-17,1.0020000000000001e-07,2.5064000000000007e-15,-7.316052869248487,-7.283162276700476,1.0788381742738589,,,,,,,,,,,,,,,,,,,,,,,,
TNPZ,gas,stda,-5e-10,-2.08e-08,3.296,3.078,0.2179999999999999,0.0071,5.183,-2.03e-08,2.03e-08,4.1209e-16,-2.13e-08,1.0400000000000003e-17,-9.221848749616356,-7.679853713888946,41.6,,,,,,,,,,,,,,,,,,,,,,,,
TNPZ,gas,stddft,-1e-09,-3e-10,3.296,3.05,0.246,0.0072,5.183,7.000000000000001e-10,7.000000000000001e-10,4.900000000000001e-19,-1.3e-09,3.0000000000000004e-19,-8.958607314841775,-9.397940008672036,0.3,,,,,,,,,,,,,,,,,,,,,,,,
TNPZ,toluene,stda,-7.3e-09,9.2e-09,3.277,3.052,0.2250000000000001,0.0067,5.171999999999999,1.65e-08,1.65e-08,2.7225e-16,1.8999999999999996e-09,-6.716e-17,-8.130768280269024,-8.031517051446064,-1.2602739726027397,,,,,,,,,,,,,,,,,,,,,,,,
TNPZ,toluene,stddft,3.1e-09,4.4e-08,3.275,3.023,0.2519999999999998,0.0068,5.171999999999999,4.09e-08,4.09e-08,1.6728099999999997e-15,4.71e-08,1.3639999999999998e-16,-8.494850021680094,-7.355561410532162,14.193548387096772,,,,,,,,,,,,,,,,,,,,,,,,
TPA-2,gas,stda,3.76e-08,-5.18e-08,2.518,2.378,0.1399999999999996,0.0054,4.538,-8.939999999999999e-08,8.939999999999999e-08,7.992359999999999e-15,-1.42e-08,-1.94768e-15,-7.423658649794207,-7.284832642151542,-1.377659574468085,,,,,,,,,,,,,,,,,,,,,,,,
TPA-2,gas,stddft,-1.05e-08,-9.1e-09,2.517,2.357,0.1599999999999997,0.0055,4.538,1.399999999999999e-09,1.399999999999999e-09,1.959999999999998e-18,-1.96e-08,9.555e-17,-7.97469413473523,-8.036212172654444,0.8666666666666667,,,,,,,,,,,,,,,,,,,,,,,,
TPA-2,toluene,stda,-1.2e-08,3.47e-08,2.453,2.13,0.3229999999999999,0.0484,4.343,4.67e-08,4.67e-08,2.1808900000000002e-15,2.27e-08,-4.1639999999999997e-16,-7.91721462968355,-7.458420756053419,-2.8916666666666666,,,,,,,,,,,,,,,,,,,,,,,,
TPA-2,toluene,stddft,-2.32e-08,8.8e-09,2.448,2.108,0.3399999999999998,0.0812,4.343,3.1999999999999995e-08,3.1999999999999995e-08,1.0239999999999997e-15,-1.44e-08,-2.0416e-16,-7.632644078973981,-8.050609993355087,-0.3793103448275862,,,,,,,,,,,,,,,,,,,,,,,,
TPA-AN-NA,gas,stda,-2.7e-08,9.12e-08,3.232,2.281,0.951,0.8182,5.784999999999999,1.182e-07,1.182e-07,1.397124e-14,6.419999999999999e-08,-2.4624e-15,-7.567030709125595,-7.039529222465701,-3.3777777777777778,,,,,,,,,,,,,,,,,,,,,,,,
TPA-AN-NA,gas,stddft,-6.2e-08,-1.462e-07,3.08,2.212,0.8679999999999999,0.5647,5.784999999999999,-8.42e-08,8.42e-08,7.08964e-15,-2.082e-07,9.0644e-15,-7.20690839982342,-6.834755673874689,2.358064516129032,,,,,,,,,,,,,,,,,,,,,,,,
TPA-AN-NA,toluene,stda,-3.53e-08,-1.41e-07,3.232,2.281,0.951,0.7717,5.742,-1.057e-07,1.057e-07,1.117249e-14,-1.763e-07,4.9773e-15,-7.450996737974212,-6.850472986245652,3.9943342776203967,,,,,,,,,,,,,,,,,,,,,,,,
TPA-AN-NA,toluene,stddft,4.9e-09,-1.087e-07,3.078,2.211,0.867,0.5279,5.742,-1.136e-07,1.136e-07,1.2904959999999999e-14,-1.038e-07,-5.3263e-16,-8.301029995663981,-6.963371104637839,-22.18367346938776,,,,,,,,,,,,,,,,,,,,,,,,
TPA-AP,gas,stda,-8.95e-08,-1.503e-07,3.537,2.985,0.552,0.1889,5.433,-6.079999999999999e-08,6.079999999999999e-08,3.696639999999999e-15,-2.398e-07,1.345185e-14,-7.047691990337875,-6.822752163744377,1.6793296089385474,,,,,,,,,,,,,,,,,,,,,,,,
TPA-AP,gas,stddft,-8.14e-08,-5.59e-08,3.516,2.935,0.581,0.1722,5.433,2.5500000000000003e-08,2.5500000000000003e-08,6.502500000000003e-16,-1.373e-07,4.55026e-15,-7.088842391260023,-7.251811972993799,0.6867321867321867,,,,,,,,,,,,,,,,,,,,,,,,
TPA-AP,toluene,stda,-8.47e-08,-1.16e-08,3.519,2.976,0.5430000000000001,0.2175,5.3100000000000005,7.31e-08,7.31e-08,5.34361e-15,-9.63e-08,9.8252e-16,-7.071604147743286,-7.931814138253839,0.1369539551357733,,,,,,,,,,,,,,,,,,,,,,,,
TPA-AP,toluene,stddft,7.1e-09,-7.96e-08,3.498,2.927,0.5710000000000002,0.1955,5.3100000000000005,-8.67e-08,8.67e-08,7.51689e-15,-7.25e-08,-5.6516e-16,-8.142667503568731,-7.098541678603888,-11.211267605633802,,,,,,,,,,,,,,,,,,,,,,,,
TPA-APm,gas,stda,1.32e-08,-4.64e-08,2.656,2.637,0.0190000000000001,0.0002,5.375,-5.96e-08,5.96e-08,3.55216e-15,-3.32e-08,-6.1248e-16,-7.876148359032914,-7.3325470471100465,-3.5151515151515147,,,,,,,,,,,,,,,,,,,,,,,,
TPA-APm,gas,stddft,2.37e-08,1.05e-07,2.655,2.604,0.0509999999999997,0.0002,5.375,8.13e-08,8.13e-08,6.609689999999999e-15,1.287e-07,2.4885e-15,-7.623423042943488,-6.978397283971757,4.430379746835443,,,,,,,,,,,,,,,,,,,,,,,,
TPA-APm,toluene,stda,1.54e-08,-5.92e-08,2.636,2.529,0.1070000000000002,0.0003,5.242999999999999,-7.459999999999999e-08,7.459999999999999e-08,5.565159999999999e-15,-4.38e-08,-9.1168e-16,-7.809668301829708,-7.226945306635737,-3.844155844155845,,,,,,,,,,,,,,,,,,,,,,,,
TPA-APm,toluene,stddft,4.7e-09,-9.3e-09,2.635,2.495,0.1399999999999996,0.0004,5.242999999999999,-1.4e-08,1.4e-08,1.9599999999999998e-16,-4.6000000000000015e-09,-4.371e-17,-8.318758762624412,-8.0268721464003,-1.9787234042553192,,,,,,,,,,,,,,,,,,,,,,,,
TPA-APy,gas,stda,8e-10,-2e-10,2.796,2.831,-0.0350000000000001,0.002,5.373000000000001,-1e-09,1e-09,1e-18,6e-10,-1.6000000000000002e-19,-9.045757490560677,-9.522878745280336,-0.25,,,,,,,,,,,,,,,,,,,,,,,,
TPA-APy,gas,stddft,-6.1e-09,-9.7e-09,2.794,2.829,-0.0350000000000001,0.002,5.373000000000001,-3.599999999999999e-09,3.599999999999999e-09,1.2959999999999994e-17,-1.58e-08,5.917e-17,-8.207608310501746,-8.008773924307505,1.5901639344262293,,,,,,,,,,,,,,,,,,,,,,,,
TPA-APy,toluene,stda,-4e-10,3.3e-09,2.745,2.779,-0.0339999999999998,0.0035,5.218,3.7e-09,3.7e-09,1.369e-17,2.9000000000000003e-09,-1.3200000000000001e-18,-9.30102999566398,-8.468521082957745,-8.25,,,,,,,,,,,,,,,,,,,,,,,,
TPA-APy,toluene,stddft,-3.5e-09,-2.1e-09,2.743,2.777,-0.0340000000000002,0.0035,5.218,1.3999999999999995e-09,1.3999999999999995e-09,1.9599999999999992e-18,-5.6000000000000005e-09,7.35e-18,-8.443697499232712,-8.657577319177793,0.6000000000000001,,,,,,,,,,,,,,,,,,,,,,,,
TPA-BT-Q,gas,stda,-6.97e-08,-1.7e-08,4.076,3.492,0.5839999999999996,0.3453,7.483,5.27e-08,5.27e-08,2.77729e-15,-8.67e-08,1.1849e-15,-7.156144577376839,-7.767003889607846,0.2439024390243902,,,,,,,,,,,,,,,,,,,,,,,,
TPA-BT-Q,gas,stddft,4.71e-08,1.7e-09,4.039,3.469,0.5699999999999998,0.351,7.483,-4.54e-08,4.54e-08,2.06116e-15,4.88e-08,8.006999999999999e-17,-7.326058001365912,-8.744727494896694,0.0360934182590233,,,,,,,,,,,,,,,,,,,,,,,,
TPA-BT-Q,toluene,stda,4.06e-08,4.03e-08,4.057,3.481,0.5760000000000005,0.5085,7.496,-3.000000000000027e-10,3.000000000000027e-10,9.000000000000163e-20,8.09e-08,1.63618e-15,-7.39040559077478,-7.393618634889395,0.9926108374384236,,,,,,,,,,,,,,,,,,,,,,,,
TPA-BT-Q,toluene,stddft,3.15e-08,-5.95e-08,4.02,3.458,0.5619999999999994,0.434,7.496,-9.1e-08,9.1e-08,8.280999999999999e-15,-2.8e-08,-1.87425e-15,-7.5003129173815966,-7.2247537402597635,-1.8888888888888888,,,,,,,,,,,,,,,,,,,,,,,,
TPA-CN-N4,gas,stda,6e-10,-3.57e-08,3.218,3.152,0.0659999999999998,0.007,7.2440000000000015,-3.63e-08,3.63e-08,1.3176900000000001e-15,-3.51e-08,-2.1420000000000002e-17,-9.154901959985745,-7.446116973356125,-59.50000000000001,,,,,,,,,,,,,,,,,,,,,,,,
TPA-CN-N4,gas,stddft,-6e-10,7.7e-08,3.217,3.102,0.1150000000000002,0.007,7.2440000000000015,7.760000000000002e-08,7.760000000000002e-08,6.021760000000001e-15,7.64e-08,-4.62e-17,-9.154901959985745,-7.112945621949043,-128.33333333333334,,,,,,,,,,,,,,,,,,,,,,,,
TPA-CN-N4,toluene,stda,-0.0,5.29e-08,3.215,3.133,0.0819999999999998,0.007,7.237999999999999,5.29e-08,5.29e-08,2.79841e-15,5.29e-08,-0.0,-10.0,-7.275724130399211,1.0,,,,,,,,,,,,,,,,,,,,,,,,
TPA-CN-N4,toluene,stddft,-4e-10,3.95e-08,3.214,3.083,0.1309999999999997,0.007,7.237999999999999,3.99e-08,3.99e-08,1.59201e-15,3.9100000000000006e-08,-1.5800000000000002e-17,-9.30102999566398,-7.402304814074488,-98.75,,,,,,,,,,,,,,,,,,,,,,,,
TPA-CN-N4-2PY,gas,stda,-2.69e-08,1.46e-08,3.754,3.198,0.556,0.8656,6.8180000000000005,4.15e-08,4.15e-08,1.7222500000000001e-15,-1.23e-08,-3.9274e-16,-7.568636235841013,-7.832682665251823,-0.5427509293680297,,,,,,,,,,,,,,,,,,,,,,,,
TPA-CN-N4-2PY,gas,stddft,4.81e-08,-7.4e-09,3.716,3.165,0.5510000000000002,0.7377,6.8180000000000005,-5.55e-08,5.55e-08,3.08025e-15,4.07e-08,-3.5594e-16,-7.31695296176115,-8.1249387366083,-0.1538461538461538,,,,,,,,,,,,,,,,,,,,,,,,
TPA-CN-N4-2PY,toluene,stda,2.69e-08,1.34e-08,3.735,3.15,0.585,0.829,6.712,-1.35e-08,1.35e-08,1.8225e-16,4.03e-08,3.6046e-16,-7.568636235841013,-7.869666231504994,0.4981412639405204,,,,,,,,,,,,,,,,,,,,,,,,
TPA-CN-N4-2PY,toluene,stddft,3.48e-08,3.42e-08,3.695,3.115,0.5799999999999996,0.6874,6.712,-5.999999999999988e-10,5.999999999999988e-10,3.599999999999985e-19,6.9e-08,1.19016e-15,-7.45717457304082,-7.464705879957229,0.9827586206896552,,,,,,,,,,,,,,,,,,,,,,,,
TPA-DCPP,gas,stda,4.61e-08,4.64e-08,3.641,3.249,0.3919999999999999,0.901,5.455,2.9999999999999607e-10,2.9999999999999607e-10,8.999999999999764e-20,9.25e-08,2.13904e-15,-7.335358024443875,-7.3325470471100465,1.0065075921908893,,,,,,,,,,,,,,,,,,,,,,,,
TPA-DCPP,gas,stddft,-4.3e-09,-4.34e-08,3.626,3.225,0.4009999999999998,0.8525,5.455,-3.91e-08,3.91e-08,1.52881e-15,-4.77e-08,1.8662e-16,-8.356547323513812,-7.361510743045363,10.093023255813954,,,,,,,,,,,,,,,,,,,,,,,,
TPA-DCPP,toluene,stda,5.93e-08,3.08e-08,3.461,3.066,0.395,0.947,5.084,-2.8500000000000004e-08,2.8500000000000004e-08,8.122500000000002e-16,9.01e-08,1.82644e-15,-7.2262135550188065,-7.510041520575165,0.5193929173693086,,,,,,,,,,,,,,,,,,,,,,,,
TPA-DCPP,toluene,stddft,-1.242e-07,1.86e-08,3.445,3.044,0.4009999999999998,0.8922,5.084,1.4279999999999998e-07,1.4279999999999998e-07,2.039184e-14,-1.056e-07,-2.31012e-15,-6.905528871358356,-7.728158393463501,-0.1497584541062802,,,,,,,,,,,,,,,,,,,,,,,,
TPA-DPPI,gas,stda,4e-09,-1.1e-08,3.859,3.46,0.399,1.3103,6.49,-1.5e-08,1.5e-08,2.25e-16,-6.999999999999999e-09,-4.4e-17,-8.387216143280265,-7.954677021213342,-2.75,,,,,,,,,,,,,,,,,,,,,,,,
TPA-DPPI,gas,stddft,1.14e-08,5.1e-09,3.828,3.432,0.3959999999999999,1.143,6.49,-6.299999999999999e-09,6.299999999999999e-09,3.9689999999999985e-17,1.65e-08,5.814e-17,-7.939302159646388,-8.2839966563652,0.4473684210526316,,,,,,,,,,,,,,,,,,,,,,,,
TPA-DPPI,toluene,stda,-3.32e-08,-4.64e-08,3.879,3.458,0.4209999999999998,0.1293,6.564,-1.32e-08,1.32e-08,1.7423999999999995e-16,-7.96e-08,1.54048e-15,-7.47755576649368,-7.3325470471100465,1.3975903614457832,,,,,,,,,,,,,,,,,,,,,,,,
TPA-DPPI,toluene,stddft,-5.91e-08,-7.26e-08,3.842,3.429,0.4130000000000002,0.0604,6.564,-1.3500000000000002e-08,1.3500000000000002e-08,1.8225000000000003e-16,-1.317e-07,4.29066e-15,-7.22767829327708,-7.138465589140962,1.2284263959390864,,,,,,,,,,,,,,,,,,,,,,,,
TPA-L-BN,gas,stda,1e-09,1.27e-08,3.955,3.418,0.5369999999999999,0.3396,6.658,1.17e-08,1.17e-08,1.3688999999999994e-16,1.37e-08,1.27e-17,-8.958607314841775,-7.892790030352132,12.7,,,,,,,,,,,,,,,,,,,,,,,,
TPA-L-BN,gas,stddft,-4.9e-09,-6.13e-08,3.914,3.394,0.52,0.2941,6.658,-5.64e-08,5.64e-08,3.1809600000000007e-15,-6.62e-08,3.0037e-16,-8.301029995663981,-7.211831628858833,12.510204081632653,,,,,,,,,,,,,,,,,,,,,,,,
TPA-L-BN,toluene,stda,-2.95e-08,-5.7e-09,3.915,3.411,0.504,0.0826,6.61,2.38e-08,2.38e-08,5.664400000000001e-16,-3.52e-08,1.6814999999999998e-16,-7.528708288941061,-8.236572006437063,0.1932203389830508,,,,,,,,,,,,,,,,,,,,,,,,
TPA-L-BN,toluene,stddft,1.3e-09,1.003e-07,3.874,3.388,0.4860000000000002,0.0628,6.61,9.9e-08,9.9e-08,9.801e-15,1.0160000000000001e-07,1.3039e-16,-8.853871964321762,-6.998266287190999,77.15384615384616,,,,,,,,,,,,,,,,,,,,,,,,
TPA-NZP,gas,stda,4.58e-08,-1.028e-07,2.866,1.862,1.004,1.0929,5.436999999999999,-1.486e-07,1.486e-07,2.208196e-14,-5.7e-08,-4.7082399999999986e-15,-7.338187314462739,-6.987584625237568,-2.244541484716157,,,,,,,,,,,,,,,,,,,,,,,,
TPA-NZP,gas,stddft,-5.96e-08,1.229e-07,2.707,1.778,0.9289999999999998,0.7557,5.436999999999999,1.825e-07,1.825e-07,3.330625e-14,6.329999999999999e-08,-7.32484e-15,-7.224025668870631,-6.910094888560602,-2.0620805369127515,,,,,,,,,,,,,,,,,,,,,,,,
TPA-NZP,toluene,stda,3.88e-08,-1.017e-07,2.837,1.852,0.985,1.0541,5.321,-1.405e-07,1.405e-07,1.974025e-14,-6.290000000000001e-08,-3.94596e-15,-7.410050398674293,-6.99225222199926,-2.621134020618557,,,,,,,,,,,,,,,,,,,,,,,,
TPA-NZP,toluene,stddft,-2.81e-08,-5.99e-08,2.681,1.768,0.913,0.7373,5.321,-3.18e-08,3.18e-08,1.01124e-15,-8.8e-08,1.68319e-15,-7.549750891680639,-7.221848749616356,2.131672597864769,,,,,,,,,,,,,,,,,,,,,,,,
TPA-PPO,gas,stda,-5.7e-09,3.32e-08,3.562,2.927,0.6349999999999998,2.1444,6.143,3.89e-08,3.89e-08,1.5132099999999998e-15,2.75e-08,-1.8924e-16,-8.236572006437063,-7.47755576649368,-5.824561403508772,,,,,,,,,,,,,,,,,,,,,,,,
TPA-PPO,gas,stddft,-5.94e-08,-5.16e-08,3.529,2.888,0.641,1.9195,6.143,7.800000000000004e-09,7.800000000000004e-09,6.084000000000006e-17,-1.11e-07,3.0650400000000002e-15,-7.22548303427145,-7.286509456906058,0.8686868686868686,,,,,,,,,,,,,,,,,,,,,,,,
TPA-PPO,toluene,stda,-7.43e-08,-8.71e-08,3.517,2.921,0.5960000000000001,2.1353,5.973,-1.2800000000000009e-08,1.2800000000000009e-08,1.638400000000002e-16,-1.614e-07,6.471530000000001e-15,-7.128427064454121,-7.059483515067432,1.1722745625841189,,,,,,,,,,,,,,,,,,,,,,,,
TPA-PPO,toluene,stddft,5.42e-08,-7.25e-08,3.486,2.882,0.6040000000000001,1.9188,5.973,-1.267e-07,1.267e-07,1.605289e-14,-1.8299999999999992e-08,-3.9295e-15,-7.265200170411153,-7.139063379299906,-1.3376383763837636,,,,,,,,,,,,,,,,,,,,,,,,
TPA-PZCN,gas,stda,4.8e-09,-1.041e-07,3.269,3.027,0.242,0.0075,5.0120000000000005,-1.089e-07,1.089e-07,1.185921e-14,-9.93e-08,-4.9968e-16,-8.309803919971486,-6.982132281036495,-21.6875,,,,,,,,,,,,,,,,,,,,,,,,
TPA-PZCN,gas,stddft,-1.1e-09,-7.22e-08,3.267,2.995,0.2719999999999998,0.0082,5.0120000000000005,-7.11e-08,7.11e-08,5.05521e-15,-7.33e-08,7.941999999999999e-17,-8.920818753952375,-7.140861702705469,65.63636363636364,,,,,,,,,,,,,,,,,,,,,,,,
TPA-PZCN,toluene,stda,-2.9e-09,-1.17e-07,3.265,2.919,0.3460000000000001,0.7843,4.8740000000000006,-1.141e-07,1.141e-07,1.3018809999999999e-14,-1.199e-07,3.393e-16,-8.522878745280337,-6.931443104927637,40.3448275862069,,,,,,,,,,,,,,,,,,,,,,,,
TPA-PZCN,toluene,stddft,-1.91e-08,-7.78e-08,3.24,2.892,0.3480000000000003,1.2133,4.8740000000000006,-5.87e-08,5.87e-08,3.4456899999999998e-15,-9.69e-08,1.4859799999999997e-15,-7.716698771296451,-7.108462542327436,4.073298429319372,,,,,,,,,,,,,,,,,,,,,,,,
TPA-PyF2,gas,stda,-7.4e-09,2.2e-09,4.025,3.522,0.5030000000000006,0.335,6.744,9.6e-09,9.6e-09,9.216e-17,-5.2e-09,-1.628e-17,-8.1249387366083,-8.638272163982407,-0.2972972972972972,,,,,,,,,,,,,,,,,,,,,,,,
TPA-PyF2,gas,stddft,-6.53e-08,2.17e-08,3.992,3.499,0.4929999999999999,0.0792,6.744,8.7e-08,8.7e-08,7.569e-15,-4.3599999999999993e-08,-1.41701e-15,-7.184422251675733,-7.661543506395395,-0.332312404287902,,,,,,,,,,,,,,,,,,,,,,,,
TPA-PyF2,toluene,stda,-9e-10,-3e-09,3.941,3.485,0.4559999999999999,0.0467,6.768999999999999,-2.0999999999999998e-09,2.0999999999999998e-09,4.409999999999999e-18,-3.9e-09,2.7e-18,-9.0,-8.508638306165727,3.333333333333333,,,,,,,,,,,,,,,,,,,,,,,,
TPA-PyF2,toluene,stddft,4.38e-08,1.66e-08,3.899,3.463,0.4359999999999999,0.0379,6.768999999999999,-2.7200000000000002e-08,2.7200000000000002e-08,7.398400000000001e-16,6.04e-08,7.2708e-16,-7.357535479757878,-7.777283528852417,0.3789954337899543,,,,,,,,,,,,,,,,,,,,,,,,
TPA-PyI,gas,stda,-1.354e-07,1.16e-08,3.836,3.376,0.4599999999999999,1.8102,6.669999999999999,1.47e-07,1.47e-07,2.1609e-14,-1.238e-07,-1.57064e-15,-6.868060704789575,-7.931814138253839,-0.0856720827178729,,,,,,,,,,,,,,,,,,,,,,,,
TPA-PyI,gas,stddft,-6.09e-08,-1.079e-07,3.813,3.349,0.4639999999999999,1.6477,6.669999999999999,-4.7e-08,4.7e-08,2.209e-15,-1.688e-07,6.571109999999999e-15,-7.214670164989233,-6.966576244513051,1.7717569786535303,,,,,,,,,,,,,,,,,,,,,,,,
TPA-PyI,toluene,stda,2.81e-08,6.37e-08,3.822,3.372,0.4500000000000002,1.801,6.680000000000001,3.5599999999999995e-08,3.5599999999999995e-08,1.2673599999999996e-15,9.18e-08,1.7899699999999998e-15,-7.549750891680639,-7.195179321278838,2.2669039145907472,,,,,,,,,,,,,,,,,,,,,,,,
TPA-PyI,toluene,stddft,-3.3e-09,-9.17e-08,3.8,3.345,0.4549999999999996,1.6416,6.680000000000001,-8.84e-08,8.84e-08,7.81456e-15,-9.5e-08,3.0261e-16,-8.468521082957745,-7.037157318798758,27.787878787878785,,,,,,,,,,,,,,,,,,,,,,,,
TPACzPI,gas,stda,-4.02e-08,-1.21e-08,3.785,3.38,0.4050000000000002,0.0824,6.663,2.81e-08,2.81e-08,7.8961e-16,-5.230000000000001e-08,4.8642e-16,-7.394694953858891,-7.913640169325252,0.3009950248756219,,,,,,,,,,,,,,,,,,,,,,,,
TPACzPI,gas,stddft,-1.423e-07,-5.71e-08,3.72,3.358,0.3620000000000001,0.0707,6.663,8.52e-08,8.52e-08,7.25904e-15,-1.994e-07,8.12533e-15,-6.846490010699163,-7.242603971206976,0.4012649332396346,,,,,,,,,,,,,,,,,,,,,,,,
TPACzPI,toluene,stda,4.8e-09,-5.17e-08,3.767,3.388,0.379,0.6165,6.538,-5.65e-08,5.65e-08,3.19225e-15,-4.69e-08,-2.4815999999999997e-16,-8.309803919971486,-7.285670240254767,-10.770833333333334,,,,,,,,,,,,,,,,,,,,,,,,
TPACzPI,toluene,stddft,-1.2e-09,-1.174e-07,3.721,3.366,0.355,0.1491,6.538,-1.1620000000000001e-07,1.1620000000000001e-07,1.3502440000000002e-14,-1.186e-07,1.4088e-16,-8.886056647693163,-6.9299621333922445,97.83333333333334,,,,,,,,,,,,,,,,,,,,,,,,
TPADSO2,gas,stda,-2.58e-08,-2.46e-08,3.681,3.139,0.5420000000000003,1.1537,6.841999999999999,1.2000000000000006e-09,1.2000000000000006e-09,1.4400000000000022e-18,-5.04e-08,6.3468e-16,-7.586700235918748,-7.607303046740334,0.9534883720930232,,,,,,,,,,,,,,,,,,,,,,,,
TPADSO2,gas,stddft,-1e-10,-6.81e-08,3.637,3.111,0.5259999999999998,1.0344,6.841999999999999,-6.8e-08,6.8e-08,4.624e-15,-6.82e-08,6.81e-18,-9.69897000433602,-7.166215625343521,680.9999999999999,,,,,,,,,,,,,,,,,,,,,,,,
TPADSO2,toluene,stda,-8.17e-08,-1.133e-07,3.586,3.041,0.5449999999999999,1.2069,6.582999999999999,-3.1600000000000005e-08,3.1600000000000005e-08,9.985600000000004e-16,-1.95e-07,9.25661e-15,-7.087246696328677,-6.945386945443112,1.386780905752754,,,,,,,,,,,,,,,,,,,,,,,,
TPADSO2,toluene,stddft,8e-09,5.05e-08,3.539,3.014,0.5250000000000004,1.077,6.582999999999999,4.2500000000000003e-08,4.2500000000000003e-08,1.80625e-15,5.85e-08,4.0400000000000006e-16,-8.09151498112135,-7.295849483160201,6.3125,,,,,,,,,,,,,,,,,,,,,,,,
TPAPm,gas,stda,4.13e-08,4.02e-08,3.487,2.856,0.6310000000000002,2.0,6.199000000000001,-1.0999999999999964e-09,1.0999999999999964e-09,1.2099999999999926e-18,8.150000000000002e-08,1.66026e-15,-7.382999658879101,-7.394694953858891,0.973365617433414,,,,,,,,,,,,,,,,,,,,,,,,
TPAPm,gas,stddft,4.49e-08,-1.82e-08,3.463,2.829,0.6339999999999999,1.8451,6.199000000000001,-6.31e-08,6.31e-08,3.9816100000000004e-15,2.67e-08,-8.1718e-16,-7.346787486224656,-7.73754891026957,-0.4053452115812918,,,,,,,,,,,,,,,,,,,,,,,,
TPAPm,toluene,stda,-3.56e-08,1.93e-08,3.369,2.727,0.6420000000000003,2.0825,6.052,5.49e-08,5.49e-08,3.0140100000000002e-15,-1.63e-08,-6.8708e-16,-7.447331783887806,-7.712198270069773,-0.5421348314606742,,,,,,,,,,,,,,,,,,,,,,,,
TPAPm,toluene,stddft,-5.5e-08,-8.6e-09,3.341,2.699,0.6420000000000003,1.9133,6.052,4.640000000000001e-08,4.640000000000001e-08,2.152960000000001e-15,-6.36e-08,4.73e-16,-7.258848401148215,-8.060480747381382,0.1563636363636363,,,,,,,,,,,,,,,,,,,,,,,,
TPAPyPI,gas,stda,-2.71e-08,-8.09e-08,3.688,2.736,0.952,0.0111,5.881,-5.380000000000001e-08,5.380000000000001e-08,2.8944400000000005e-15,-1.08e-07,2.19239e-15,-7.565431095965801,-7.091514981121351,2.985239852398524,,,,,,,,,,,,,,,,,,,,,,,,
TPAPyPI,gas,stddft,-3.61e-08,-5.98e-08,3.6,2.668,0.932,0.18,5.881,-2.3700000000000007e-08,2.3700000000000007e-08,5.616900000000005e-16,-9.59e-08,2.1587800000000003e-15,-7.441291429466834,-7.222573177610688,1.656509695290859,,,,,,,,,,,,,,,,,,,,,,,,
TPAPyPI,toluene,stda,-1.42e-08,-1.058e-07,3.678,2.727,0.951,0.0487,5.782,-9.16e-08,9.16e-08,8.39056e-15,-1.2e-07,1.5023599999999998e-15,-7.844663962534939,-6.975104039892515,7.450704225352112,,,,,,,,,,,,,,,,,,,,,,,,
TPAPyPI,toluene,stddft,1.06e-08,-6.69e-08,3.618,2.658,0.96,0.5593,5.782,-7.75e-08,7.75e-08,6.00625e-15,-5.63e-08,-7.0914e-16,-7.97061622231479,-7.173925197299174,-6.311320754716981,,,,,,,,,,,,,,,,,,,,,,,,
TPA–2PPITPA,gas,stda,-5.54e-08,3.66e-08,3.846,3.474,0.3719999999999999,0.4272,6.593999999999999,9.2e-08,9.2e-08,8.464e-15,-1.8800000000000003e-08,-2.02764e-15,-7.255707016877324,-7.435333935747911,-0.6606498194945848,,,,,,,,,,,,,,,,,,,,,,,,
TPA–2PPITPA,gas,stddft,-4.73e-08,-9.08e-08,3.817,3.453,0.3640000000000003,0.3862,6.593999999999999,-4.3500000000000006e-08,4.3500000000000006e-08,1.8922500000000003e-15,-1.381e-07,4.29484e-15,-7.324221658325915,-7.041436116778033,1.9196617336152224,,,,,,,,,,,,,,,,,,,,,,,,
TPA–2PPITPA,toluene,stda,6e-10,-3.71e-08,3.846,3.482,0.3639999999999999,1.2335,6.508,-3.77e-08,3.77e-08,1.42129e-15,-3.65e-08,-2.226e-17,-9.154901959985745,-7.429457060118103,-61.833333333333336,,,,,,,,,,,,,,,,,,,,,,,,
TPA–2PPITPA,toluene,stddft,3.5e-09,4.86e-08,3.822,3.459,0.363,1.0918,6.508,4.51e-08,4.51e-08,2.03401e-15,5.21e-08,1.701e-16,-8.443697499232712,-7.312471038785365,13.885714285714286,,,,,,,,,,,,,,,,,,,,,,,,
TPA–2SPPITPA,gas,stda,4.67e-08,-1.57e-08,3.505,2.892,0.613,0.7535,5.994000000000001,-6.24e-08,6.24e-08,3.89376e-15,3.1e-08,-7.331900000000001e-16,-7.329754146925876,-7.801342913045577,-0.3361884368308351,,,,,,,,,,,,,,,,,,,,,,,,
TPA–2SPPITPA,gas,stddft,6.01e-08,-6e-10,3.483,2.852,0.6310000000000002,0.7518,5.994000000000001,-6.070000000000002e-08,6.070000000000002e-08,3.684490000000001e-15,5.9500000000000003e-08,-3.606e-17,-7.220403508742176,-9.154901959985745,-0.0099833610648918,,,,,,,,,,,,,,,,,,,,,,,,
TPA–2SPPITPA,toluene,stda,7.53e-08,-3.93e-08,3.441,2.818,0.6229999999999998,0.4404,5.853000000000001,-1.1460000000000001e-07,1.1460000000000001e-07,1.3133160000000002e-14,3.6000000000000005e-08,-2.9592900000000004e-15,-7.122628654130226,-7.404503778174426,-0.5219123505976095,,,,,,,,,,,,,,,,,,,,,,,,
TPA–2SPPITPA,toluene,stddft,-7.46e-08,1.04e-07,3.408,2.777,0.6309999999999998,0.4906,5.853000000000001,1.7860000000000002e-07,1.7860000000000002e-07,3.1897960000000016e-14,2.94e-08,-7.758400000000001e-15,-7.126679398184601,-6.982549270489464,-1.3941018766756033,,,,,,,,,,,,,,,,,,,,,,,,
TPA–DAP–TPA,gas,stda,1.37e-08,-1.147e-07,3.222,2.309,0.9129999999999998,2.076,5.746,-1.284e-07,1.284e-07,1.6486560000000002e-14,-1.01e-07,-1.57139e-15,-7.860120913598763,-6.940058111938045,-8.372262773722628,,,,,,,,,,,,,,,,,,,,,,,,
TPA–DAP–TPA,gas,stddft,-1.271e-07,2.54e-08,3.124,2.242,0.8820000000000001,1.566,5.746,1.525e-07,1.525e-07,2.325625e-14,-1.017e-07,-3.22834e-15,-6.895512888687605,-7.5934598195660445,-0.1998426435877262,,,,,,,,,,,,,,,,,,,,,,,,
TPA–DAP–TPA,toluene,stda,8.12e-08,4.35e-08,3.206,2.3,0.906,2.1293,5.675,-3.77e-08,3.77e-08,1.42129e-15,1.247e-07,3.5322e-15,-7.089909454405932,-7.360513510731414,0.5357142857142857,,,,,,,,,,,,,,,,,,,,,,,,
TPA–DAP–TPA,toluene,stddft,-2.14e-08,-9.52e-08,3.111,2.233,0.8780000000000001,1.6098,5.675,-7.380000000000001e-08,7.380000000000001e-08,5.446440000000002e-15,-1.166e-07,2.0372800000000002e-15,-7.667561540084395,-7.020907099361674,4.4485981308411215,,,,,,,,,,,,,,,,,,,,,,,,
TPB-AC,gas,stda,-2.32e-08,-2.76e-08,3.867,3.384,0.4830000000000001,0.9884,6.307,-4.4e-09,4.4e-09,1.936e-17,-5.08e-08,6.403199999999999e-16,-7.632644078973981,-7.557520230935552,1.1896551724137931,,,,,,,,,,,,,,,,,,,,,,,,
TPB-AC,gas,stddft,-5.15e-08,6.25e-08,3.837,3.36,0.4770000000000003,0.8853,6.307,1.1400000000000001e-07,1.1400000000000001e-07,1.2995999999999996e-14,1.1e-08,-3.21875e-15,-7.287350298372789,-7.20342566678957,-1.2135922330097086,,,,,,,,,,,,,,,,,,,,,,,,
TPB-AC,toluene,stda,-1.61e-08,-6e-08,3.9,3.419,0.4809999999999998,1.0634,6.196,-4.39e-08,4.39e-08,1.92721e-15,-7.61e-08,9.66e-16,-7.790484985457369,-7.221125527997261,3.7267080745341614,,,,,,,,,,,,,,,,,,,,,,,,
TPB-AC,toluene,stddft,9.92e-08,-3.4e-09,3.872,3.395,0.4769999999999998,0.9542,6.196,-1.026e-07,1.026e-07,1.052676e-14,9.58e-08,-3.3728e-16,-7.0030507515046185,-8.455931955649724,-0.034274193548387,,,,,,,,,,,,,,,,,,,,,,,,
TPBPPI-PBI,gas,stda,-9.8e-09,6.87e-08,3.936,3.6,0.3359999999999998,0.1292,6.9270000000000005,7.85e-08,7.85e-08,6.16225e-15,5.89e-08,-6.7326e-16,-8.00436480540245,-7.162411561764489,-7.010204081632653,,,,,,,,,,,,,,,,,,,,,,,,
TPBPPI-PBI,gas,stddft,-3.75e-08,9.9e-09,3.899,3.57,0.3290000000000002,0.1225,6.9270000000000005,4.74e-08,4.74e-08,2.2467600000000002e-15,-2.76e-08,-3.7124999999999997e-16,-7.424812155072339,-8.0,-0.264,,,,,,,,,,,,,,,,,,,,,,,,
TPBPPI-PBI,toluene,stda,-2.5e-08,1.238e-07,3.871,3.54,0.3309999999999999,0.1928,7.029999999999999,1.488e-07,1.488e-07,2.2141440000000003e-14,9.880000000000001e-08,-3.095e-15,-7.600326278518962,-6.906928693623937,-4.952000000000001,,,,,,,,,,,,,,,,,,,,,,,,
TPBPPI-PBI,toluene,stddft,-4.31e-08,6.57e-08,3.831,3.512,0.3189999999999999,0.1788,7.029999999999999,1.088e-07,1.088e-07,1.183744e-14,2.26e-08,-2.83167e-15,-7.364516253185088,-7.181774106386045,-1.5243619489559164,,,,,,,,,,,,,,,,,,,,,,,,
TPBPPI-PY,gas,stda,-2.59e-08,-1.393e-07,3.962,3.547,0.415,0.136,7.121,-1.1340000000000001e-07,1.1340000000000001e-07,1.2859560000000002e-14,-1.6520000000000002e-07,3.60787e-15,-7.585026652029182,-6.855737226238009,5.378378378378379,,,,,,,,,,,,,,,,,,,,,,,,
TPBPPI-PY,gas,stddft,1.63e-08,1.77e-08,3.928,3.515,0.4129999999999998,0.1292,7.121,1.399999999999999e-09,1.399999999999999e-09,1.959999999999998e-18,3.4e-08,2.8851e-16,-7.785156151952302,-7.749579997691106,1.0858895705521472,,,,,,,,,,,,,,,,,,,,,,,,
TPBPPI-PY,toluene,stda,3.6e-08,-1.15e-07,3.894,3.493,0.4010000000000002,0.2671,7.1770000000000005,-1.51e-07,1.51e-07,2.2801e-14,-7.9e-08,-4.14e-15,-7.442492798094342,-6.938924676370208,-3.1944444444444446,,,,,,,,,,,,,,,,,,,,,,,,
TPBPPI-PY,toluene,stddft,-1.13e-08,-2.41e-08,3.857,3.463,0.3940000000000001,0.2479,7.1770000000000005,-1.28e-08,1.28e-08,1.6384000000000002e-16,-3.54e-08,2.7233000000000003e-16,-7.943095148663527,-7.616184634019569,2.1327433628318584,,,,,,,,,,,,,,,,,,,,,,,,
TPD4PA,gas,stda,4.9e-08,1.7e-09,3.286,2.893,0.3930000000000002,0.2709,6.127999999999999,-4.73e-08,4.73e-08,2.23729e-15,5.0700000000000004e-08,8.33e-17,-7.308918507877031,-8.744727494896694,0.0346938775510204,,,,,,,,,,,,,,,,,,,,,,,,
TPD4PA,gas,stddft,-6.94e-08,-1.65e-08,3.227,2.873,0.3539999999999996,0.2336,6.127999999999999,5.2900000000000004e-08,5.2900000000000004e-08,2.7984100000000004e-15,-8.59e-08,1.1450999999999998e-15,-7.158015195409886,-7.779891911959945,0.2377521613832852,,,,,,,,,,,,,,,,,,,,,,,,
TPD4PA,toluene,stda,-2.88e-08,-4.1e-09,3.288,2.887,0.4009999999999998,0.2559,5.9670000000000005,2.47e-08,2.47e-08,6.1009e-16,-3.29e-08,1.1808e-16,-7.539102157243452,-8.3767507096021,0.1423611111111111,,,,,,,,,,,,,,,,,,,,,,,,
TPD4PA,toluene,stddft,-5.03e-08,2.34e-08,3.231,2.866,0.3649999999999997,0.2209,5.9670000000000005,7.37e-08,7.37e-08,5.431690000000001e-15,-2.69e-08,-1.17702e-15,-7.297569463554475,-7.628932137728263,-0.4652087475149105,,,,,,,,,,,,,,,,,,,,,,,,
TPM2CN,gas,stda,2e-10,1.4e-09,3.764,3.357,0.4069999999999996,0.9447,6.149,1.2e-09,1.2e-09,1.44e-18,1.5999999999999999e-09,2.8e-19,-9.522878745280336,-8.823908740944319,6.999999999999999,,,,,,,,,,,,,,,,,,,,,,,,
TPM2CN,gas,stddft,-5.1e-09,-2.33e-08,3.735,3.327,0.4079999999999999,0.8261,6.149,-1.82e-08,1.82e-08,3.3124000000000003e-16,-2.84e-08,1.1883e-16,-8.2839966563652,-7.6307841425898575,4.568627450980392,,,,,,,,,,,,,,,,,,,,,,,,
TPM2CN,toluene,stda,1.29e-08,-5.44e-08,3.749,3.354,0.395,0.8176,5.999999999999999,-6.73e-08,6.73e-08,4.52929e-15,-4.15e-08,-7.0176e-16,-7.886056647693163,-7.263603497723357,-4.217054263565891,,,,,,,,,,,,,,,,,,,,,,,,
TPM2CN,toluene,stddft,-1.121e-07,6.03e-08,3.718,3.323,0.395,0.7091,5.999999999999999,1.724e-07,1.724e-07,2.9721760000000004e-14,-5.18e-08,-6.759630000000001e-15,-6.950007143079858,-7.218963061378868,-0.5379125780553078,,,,,,,,,,,,,,,,,,,,,,,,
TPSi-F,gas,stda,5.32e-08,-3.46e-08,4.668,3.838,0.8300000000000001,0.3428,8.285,-8.78e-08,8.78e-08,7.708840000000002e-15,1.86e-08,-1.84072e-15,-7.273272790973428,-7.459670525209126,-0.650375939849624,,,,,,,,,,,,,,,,,,,,,,,,
TPSi-F,gas,stddft,-7.32e-08,-8.01e-08,4.605,3.799,0.8060000000000005,0.3388,8.285,-6.900000000000002e-09,6.900000000000002e-09,4.761000000000003e-17,-1.533e-07,5.863319999999999e-15,-7.134896025358872,-7.095825631715837,1.0942622950819672,,,,,,,,,,,,,,,,,,,,,,,,
TPSi-F,toluene,stda,-5.21e-08,6.89e-08,4.637,3.828,0.8089999999999997,0.3302,8.275,1.21e-07,1.21e-07,1.4641000000000004e-14,1.6799999999999998e-08,-3.58969e-15,-7.282329496997738,-7.161150909262744,-1.3224568138195776,,,,,,,,,,,,,,,,,,,,,,,,
TPSi-F,toluene,stddft,1.033e-07,-6.64e-08,4.576,3.79,0.7859999999999996,0.3184,8.275,-1.697e-07,1.697e-07,2.879809e-14,3.6900000000000006e-08,-6.85912e-15,-6.985479461242076,-7.177178354696896,-0.6427879961277831,,,,,,,,,,,,,,,,,,,,,,,,
TPTI,gas,stda,7.6e-09,-4.29e-08,3.233,2.569,0.6640000000000001,0.1816,6.62,-5.05e-08,5.05e-08,2.5502500000000004e-15,-3.53e-08,-3.2604e-16,-8.113509274827518,-7.366531544420414,-5.644736842105263,,,,,,,,,,,,,,,,,,,,,,,,
TPTI,gas,stddft,5.7e-09,-2.49e-08,3.112,2.537,0.5750000000000002,0.1426,6.62,-3.06e-08,3.06e-08,9.3636e-16,-1.92e-08,-1.4193e-16,-8.236572006437063,-7.602059991327962,-4.36842105263158,,,,,,,,,,,,,,,,,,,,,,,,
TPTI,toluene,stda,-2.56e-08,4e-09,3.215,2.55,0.665,0.1809,6.591000000000001,2.96e-08,2.96e-08,8.7616e-16,-2.16e-08,-1.024e-16,-7.590066876668706,-8.387216143280265,-0.15625,,,,,,,,,,,,,,,,,,,,,,,,
TPTI,toluene,stddft,2.55e-08,-3.31e-08,3.094,2.518,0.5760000000000001,0.1422,6.591000000000001,-5.86e-08,5.86e-08,3.43396e-15,-7.599999999999999e-09,-8.4405e-16,-7.591760034688151,-7.478861916295964,-1.2980392156862746,,,,,,,,,,,,,,,,,,,,,,,,
TPXZ-as-TAZ,gas,stda,-4.26e-08,2.03e-08,3.033,2.826,0.2069999999999998,0.4392,5.093999999999999,6.29e-08,6.29e-08,3.95641e-15,-2.23e-08,-8.647799999999999e-16,-7.369572124974976,-7.690369832574102,-0.4765258215962441,,,,,,,,,,,,,,,,,,,,,,,,
TPXZ-as-TAZ,gas,stddft,3.95e-08,-2.96e-08,3.025,2.815,0.2099999999999999,0.4781,5.093999999999999,-6.91e-08,6.91e-08,4.774810000000001e-15,9.900000000000004e-09,-1.1692e-15,-7.402304814074488,-7.527243550682788,-0.7493670886075949,,,,,,,,,,,,,,,,,,,,,,,,
TPXZ-as-TAZ,toluene,stda,-3.62e-08,-1.16e-08,2.926,2.699,0.2270000000000003,0.4911,5.212000000000001,2.4600000000000002e-08,2.4600000000000002e-08,6.051600000000002e-16,-4.78e-08,4.1992e-16,-7.440093374963888,-7.931814138253839,0.3204419889502762,,,,,,,,,,,,,,,,,,,,,,,,
TPXZ-as-TAZ,toluene,stddft,1.82e-08,-1.15e-08,2.909,2.689,0.2199999999999997,0.4546,5.212000000000001,-2.97e-08,2.97e-08,8.820900000000001e-16,6.7e-09,-2.093e-16,-7.73754891026957,-7.935542010773082,-0.6318681318681318,,,,,,,,,,,,,,,,,,,,,,,,
TPXZ–as-TAZ,gas,stda,-2.35e-08,-1.09e-08,3.035,2.821,0.2139999999999999,0.6806,5.089,1.26e-08,1.26e-08,1.5875999999999994e-16,-3.44e-08,2.5615e-16,-7.627087997029894,-7.958607314841775,0.4638297872340425,,,,,,,,,,,,,,,,,,,,,,,,
TPXZ–as-TAZ,gas,stddft,3.72e-08,2.8e-09,3.024,2.811,0.213,0.6685,5.089,-3.4400000000000004e-08,3.4400000000000004e-08,1.1833600000000002e-15,4e-08,1.0416e-16,-7.428291168191312,-8.537602002101044,0.075268817204301,,,,,,,,,,,,,,,,,,,,,,,,
TPXZ–as-TAZ,toluene,stda,-3.7e-08,9.58e-08,2.885,2.832,0.0529999999999999,0.0414,5.196999999999999,1.328e-07,1.328e-07,1.763584e-14,5.88e-08,-3.5446e-15,-7.430626090384954,-7.018181392829336,-2.589189189189189,,,,,,,,,,,,,,,,,,,,,,,,
TPXZ–as-TAZ,toluene,stddft,-4.1e-08,5.08e-08,2.881,2.812,0.0689999999999999,0.0404,5.196999999999999,9.18e-08,9.18e-08,8.42724e-15,9.799999999999997e-09,-2.0828000000000002e-15,-7.386158178123931,-7.293282217663242,-1.2390243902439022,,,,,,,,,,,,,,,,,,,,,,,,
TRZ-3SO2,gas,stda,-7.1e-09,-5.7e-09,4.205,4.137,0.0680000000000005,0.0056,7.697,1.4e-09,1.4e-09,1.9600000000000004e-18,-1.28e-08,4.047e-17,-8.142667503568731,-8.236572006437063,0.8028169014084506,,,,,,,,,,,,,,,,,,,,,,,,
TRZ-3SO2,gas,stddft,6.8e-09,5.22e-08,4.204,4.103,0.1009999999999999,0.0055,7.697,4.54e-08,4.54e-08,2.06116e-15,5.9e-08,3.5495999999999995e-16,-8.161150909262744,-7.281498311132726,7.676470588235294,,,,,,,,,,,,,,,,,,,,,,,,
TRZ-3SO2,toluene,stda,4.6e-09,-3.22e-08,4.122,4.139,-0.0170000000000003,0.0011,7.832000000000001,-3.68e-08,3.68e-08,1.35424e-15,-2.76e-08,-1.4811999999999998e-16,-8.327902142064282,-7.490797477668897,-7.0,,,,,,,,,,,,,,,,,,,,,,,,
TRZ-3SO2,toluene,stddft,-8.5e-09,-7.75e-08,4.12,4.132,-0.0119999999999995,0.0011,7.832000000000001,-6.9e-08,6.9e-08,4.760999999999999e-15,-8.6e-08,6.5875e-16,-8.065501548756432,-7.110138278741812,9.117647058823527,,,,,,,,,,,,,,,,,,,,,,,,
TRZ-pIC,gas,stda,-4.43e-08,-3.8e-08,3.198,2.697,0.5009999999999999,0.3913,5.842999999999999,6.299999999999997e-09,6.299999999999997e-09,3.968999999999996e-17,-8.23e-08,1.6834000000000001e-15,-7.35261702988538,-7.419075024324381,0.8577878103837473,,,,,,,,,,,,,,,,,,,,,,,,
TRZ-pIC,gas,stddft,1.084e-07,8.91e-08,3.103,2.67,0.4330000000000003,0.3089,5.842999999999999,-1.9300000000000007e-08,1.9300000000000007e-08,3.724900000000002e-16,1.9750000000000001e-07,9.65844e-15,-6.964570261815451,-7.049635145623877,0.8219557195571955,,,,,,,,,,,,,,,,,,,,,,,,
TRZ-pIC,toluene,stda,-3.02e-08,-5.04e-08,3.178,2.675,0.5030000000000001,0.3844,5.7860000000000005,-2.02e-08,2.02e-08,4.0804000000000007e-16,-8.06e-08,1.52208e-15,-7.518557371497695,-7.296708621881338,1.6688741721854303,,,,,,,,,,,,,,,,,,,,,,,,
TRZ-pIC,toluene,stddft,-3.91e-08,-4.9e-08,3.082,2.648,0.4339999999999997,0.3027,5.7860000000000005,-9.900000000000004e-09,9.900000000000004e-09,9.801000000000004e-17,-8.81e-08,1.9159000000000002e-15,-7.406713932979542,-7.308918507877031,1.2531969309462916,,,,,,,,,,,,,,,,,,,,,,,,
TRZ3DPA,gas,stda,-3.31e-08,6.17e-08,3.5,2.97,0.5299999999999998,1.5555,6.399,9.48e-08,9.48e-08,8.987040000000001e-15,2.8600000000000005e-08,-2.04227e-15,-7.478861916295964,-7.209011524911184,-1.86404833836858,,,,,,,,,,,,,,,,,,,,,,,,
TRZ3DPA,gas,stddft,-1.05e-08,-1.7e-09,3.473,2.942,0.5309999999999997,1.4346,6.399,8.8e-09,8.8e-09,7.744e-17,-1.22e-08,1.785e-17,-7.97469413473523,-8.744727494896694,0.1619047619047619,,,,,,,,,,,,,,,,,,,,,,,,
TRZ3DPA,toluene,stda,-1.94e-08,1.48e-08,3.485,2.936,0.5489999999999999,1.6313,6.422,3.42e-08,3.42e-08,1.1696400000000002e-15,-4.599999999999998e-09,-2.8711999999999997e-16,-7.709965388637482,-7.826813731587726,-0.7628865979381444,,,,,,,,,,,,,,,,,,,,,,,,
TRZ3DPA,toluene,stddft,1.65e-08,-4.58e-08,3.457,2.907,0.5499999999999998,1.4985,6.422,-6.23e-08,6.23e-08,3.88129e-15,-2.93e-08,-7.556999999999999e-16,-7.779891911959945,-7.338187314462739,-2.775757575757576,,,,,,,,,,,,,,,,,,,,,,,,
TS-1,gas,stda,-5.47e-08,-3.01e-08,3.861,3.407,0.4540000000000002,0.2239,7.606999999999999,2.4600000000000002e-08,2.4600000000000002e-08,6.051600000000002e-16,-8.479999999999999e-08,1.64647e-15,-7.261219441515631,-7.519993057042849,0.5502742230347348,,,,,,,,,,,,,,,,,,,,,,,,
TS-1,gas,stddft,1.67e-08,-2.18e-08,3.788,3.384,0.4039999999999999,0.1926,7.606999999999999,-3.85e-08,3.85e-08,1.48225e-15,-5.099999999999999e-09,-3.6406e-16,-7.774690718274137,-7.6595558851598815,-1.305389221556886,,,,,,,,,,,,,,,,,,,,,,,,
TS-1,toluene,stda,-9.78e-08,5.84e-08,3.874,3.421,0.4530000000000003,0.2631,7.608,1.562e-07,1.562e-07,2.439844e-14,-3.94e-08,-5.71152e-15,-7.009217308196862,-7.232844133917819,-0.5971370143149284,,,,,,,,,,,,,,,,,,,,,,,,
TS-1,toluene,stddft,-1.107e-07,2.82e-08,3.803,3.399,0.4039999999999999,0.2262,7.608,1.389e-07,1.389e-07,1.929321e-14,-8.25e-08,-3.12174e-15,-6.955460239607589,-7.548213564475709,-0.2547425474254742,,,,,,,,,,,,,,,,,,,,,,,,
TSBFB,gas,stda,-7.35e-08,1.45e-08,4.485,3.734,0.7510000000000003,2.2068,7.666,8.800000000000002e-08,8.800000000000002e-08,7.744000000000001e-15,-5.9e-08,-1.06575e-15,-7.133122185662502,-7.835647144215563,-0.1972789115646258,,,,,,,,,,,,,,,,,,,,,,,,
TSBFB,gas,stddft,7.71e-08,-1.84e-08,4.448,3.695,0.7530000000000006,1.9625,7.666,-9.55e-08,9.55e-08,9.12025e-15,5.87e-08,-1.41864e-15,-7.112382699664264,-7.732828271596986,-0.238651102464332,,,,,,,,,,,,,,,,,,,,,,,,
TSBFB,toluene,stda,1.74e-08,5.19e-08,4.456,3.729,0.7270000000000003,1.4771,7.651,3.45e-08,3.45e-08,1.1902499999999998e-15,6.93e-08,9.030600000000001e-16,-7.756961951313706,-7.2839966563652,2.9827586206896552,,,,,,,,,,,,,,,,,,,,,,,,
TSBFB,toluene,stddft,-5.48e-08,5.2e-09,4.419,3.691,0.7279999999999998,1.3087,7.651,6.000000000000002e-08,6.000000000000002e-08,3.600000000000001e-15,-4.96e-08,-2.8496e-16,-7.260427655549908,-8.275724130399212,-0.0948905109489051,,,,,,,,,,,,,,,,,,,,,,,,
TX-CzPh,gas,stda,-3.61e-08,3.64e-08,3.596,2.884,0.7120000000000002,0.1698,6.438999999999999,7.25e-08,7.25e-08,5.2562499999999986e-15,3.000000000000027e-10,-1.31404e-15,-7.441291429466834,-7.437707135543525,-1.0083102493074794,,,,,,,,,,,,,,,,,,,,,,,,
TX-CzPh,gas,stddft,2.69e-08,-6.42e-08,3.485,2.859,0.6259999999999999,0.1314,6.438999999999999,-9.11e-08,9.11e-08,8.29921e-15,-3.7300000000000016e-08,-1.7269800000000001e-15,-7.568636235841013,-7.191789027075778,-2.386617100371748,,,,,,,,,,,,,,,,,,,,,,,,
TX-CzPh,toluene,stda,-2.21e-08,4.45e-08,3.62,2.904,0.7160000000000002,0.175,6.367999999999999,6.66e-08,6.66e-08,4.43556e-15,2.24e-08,-9.8345e-16,-7.653647025549361,-7.350665141287858,-2.013574660633484,,,,,,,,,,,,,,,,,,,,,,,,
TX-CzPh,toluene,stddft,6.2e-08,3.66e-08,3.51,2.877,0.633,0.1368,6.367999999999999,-2.54e-08,2.54e-08,6.451600000000001e-16,9.86e-08,2.2692e-15,-7.20690839982342,-7.435333935747911,0.5903225806451613,,,,,,,,,,,,,,,,,,,,,,,,
TXO-P-Si,gas,stda,-1.59e-08,-1.64e-08,3.534,3.543,-0.0090000000000003,0.0005,7.4,-5.000000000000012e-10,5.000000000000012e-10,2.500000000000012e-19,-3.2300000000000005e-08,2.6076e-16,-7.795880017344075,-7.782516055786093,1.0314465408805031,,,,,,,,,,,,,,,,,,,,,,,,
TXO-P-Si,gas,stddft,4.48e-08,7.2e-09,3.532,3.542,-0.0099999999999997,0.0004,7.4,-3.76e-08,3.76e-08,1.41376e-15,5.2e-08,3.2255999999999996e-16,-7.347753658996677,-8.136677139879543,0.1607142857142857,,,,,,,,,,,,,,,,,,,,,,,,
TXO-P-Si,toluene,stda,-3.46e-08,2.5e-08,3.625,3.63,-0.0049999999999998,0.0002,7.349,5.96e-08,5.96e-08,3.55216e-15,-9.6e-09,-8.65e-16,-7.459670525209126,-7.600326278518962,-0.7225433526011561,,,,,,,,,,,,,,,,,,,,,,,,
TXO-P-Si,toluene,stddft,-2.74e-08,-1.93e-08,3.624,3.629,-0.0049999999999998,0.0002,7.349,8.1e-09,8.1e-09,6.561e-17,-4.67e-08,5.2882e-16,-7.560667306169737,-7.712198270069773,0.7043795620437956,,,,,,,,,,,,,,,,,,,,,,,,
TXO-TPA,gas,stda,6.05e-08,4.84e-08,3.606,3.186,0.4199999999999999,0.0019,5.630000000000001,-1.2100000000000002e-08,1.2100000000000002e-08,1.4641000000000007e-16,1.089e-07,2.9282000000000005e-15,-7.217527375833714,-7.314258261397736,0.7999999999999999,,,,,,,,,,,,,,,,,,,,,,,,
TXO-TPA,gas,stddft,2.7e-08,-2.53e-08,3.605,3.159,0.4460000000000002,0.0035,5.630000000000001,-5.23e-08,5.23e-08,2.73529e-15,1.6999999999999987e-09,-6.831000000000001e-16,-7.567030709125595,-7.595166283380061,-0.9370370370370372,,,,,,,,,,,,,,,,,,,,,,,,
TXO-TPA,toluene,stda,8.3e-09,-3.71e-08,3.604,3.127,0.4770000000000003,0.1449,5.378,-4.54e-08,4.54e-08,2.06116e-15,-2.88e-08,-3.0793e-16,-8.075720713938118,-7.429457060118103,-4.46987951807229,,,,,,,,,,,,,,,,,,,,,,,,
TXO-TPA,toluene,stddft,-4.55e-08,1.17e-08,3.592,3.101,0.4910000000000001,0.5004,5.378,5.72e-08,5.72e-08,3.2718399999999995e-15,-3.38e-08,-5.3235e-16,-7.341035157335565,-7.928117992693875,-0.2571428571428572,,,,,,,,,,,,,,,,,,,,,,,,
Tri-PXZ-PCN,gas,stda,1.6e-08,-2.83e-08,2.868,2.582,0.286,0.6123,4.793999999999999,-4.43e-08,4.43e-08,1.96249e-15,-1.2299999999999998e-08,-4.528e-16,-7.79317412396815,-7.546681659952962,-1.7687499999999998,,,,,,,,,,,,,,,,,,,,,,,,
Tri-PXZ-PCN,gas,stddft,7.39e-08,1.94e-08,2.849,2.572,0.2770000000000001,0.5454,4.793999999999999,-5.450000000000001e-08,5.450000000000001e-08,2.9702500000000005e-15,9.330000000000001e-08,1.43366e-15,-7.130768280269024,-7.709965388637482,0.2625169147496616,,,,,,,,,,,,,,,,,,,,,,,,
Tri-PXZ-PCN,toluene,stda,9.8e-09,-5.18e-08,2.872,2.581,0.2909999999999999,0.5192,4.8420000000000005,-6.16e-08,6.16e-08,3.794559999999999e-15,-4.2e-08,-5.0764e-16,-8.00436480540245,-7.284832642151542,-5.285714285714286,,,,,,,,,,,,,,,,,,,,,,,,
Tri-PXZ-PCN,toluene,stddft,-1.48e-08,2.07e-08,2.851,2.57,0.2810000000000001,0.4646,4.8420000000000005,3.55e-08,3.55e-08,1.2602500000000001e-15,5.9e-09,-3.0636e-16,-7.826813731587726,-7.681936665037238,-1.398648648648649,,,,,,,,,,,,,,,,,,,,,,,,
TrisCz-Trz,gas,stda,2.62e-08,3.38e-08,3.628,3.389,0.2390000000000003,0.0766,6.435999999999999,7.599999999999999e-09,7.599999999999999e-09,5.775999999999998e-17,6e-08,8.855599999999999e-16,-7.580044251510242,-7.469800301796917,1.2900763358778626,,,,,,,,,,,,,,,,,,,,,,,,
TrisCz-Trz,gas,stddft,-3.93e-08,1.112e-07,3.609,3.369,0.2399999999999997,0.0754,6.435999999999999,1.505e-07,1.505e-07,2.265025e-14,7.19e-08,-4.37016e-15,-7.404503778174426,-6.953504835665291,-2.8295165394402035,,,,,,,,,,,,,,,,,,,,,,,,
TrisCz-Trz,toluene,stda,-1.85e-08,3.1e-09,3.781,3.417,0.3640000000000003,0.1057,6.734,2.16e-08,2.16e-08,4.6656e-16,-1.54e-08,-5.735e-17,-7.730487055782084,-8.494850021680094,-0.1675675675675675,,,,,,,,,,,,,,,,,,,,,,,,
TrisCz-Trz,toluene,stddft,2.98e-08,1.5e-08,3.764,3.395,0.3689999999999998,0.1082,6.734,-1.48e-08,1.48e-08,2.1904e-16,4.48e-08,4.47e-16,-7.52432881167557,-7.82102305270683,0.5033557046979865,,,,,,,,,,,,,,,,,,,,,,,,
UGH3,gas,stda,-4.09e-08,3.82e-08,5.244,5.246,-0.0020000000000006,0.0002,9.927,7.91e-08,7.91e-08,6.25681e-15,-2.7000000000000043e-09,-1.56238e-15,-7.387216143280264,-7.416801226031377,-0.9339853300733496,,,,,,,,,,,,,,,,,,,,,,,,
UGH3,gas,stddft,-2.34e-08,-4.96e-08,5.215,5.202,0.0129999999999999,0.0002,9.927,-2.62e-08,2.62e-08,6.8644e-16,-7.3e-08,1.16064e-15,-7.628932137728263,-7.303643611266668,2.11965811965812,,,,,,,,,,,,,,,,,,,,,,,,
UGH3,toluene,stda,3.66e-08,4.03e-08,5.214,5.189,0.0250000000000003,0.0003,9.947,3.7e-09,3.7e-09,1.369e-17,7.69e-08,1.4749799999999998e-15,-7.435333935747911,-7.393618634889395,1.1010928961748634,,,,,,,,,,,,,,,,,,,,,,,,
UGH3,toluene,stddft,-2.55e-08,-5.73e-08,5.187,5.145,0.0420000000000007,0.0003,9.947,-3.1799999999999994e-08,3.1799999999999994e-08,1.0112399999999996e-15,-8.28e-08,1.46115e-15,-7.591760034688151,-7.241088107602026,2.247058823529412,,,,,,,,,,,,,,,,,,,,,,,,
VBC-PTZ,gas,stda,-2.02e-08,7.43e-08,3.156,2.544,0.6120000000000001,1.2251,6.047,9.45e-08,9.45e-08,8.930249999999999e-15,5.41e-08,-1.50086e-15,-7.692503962086787,-7.128427064454121,-3.6782178217821775,,,,,,,,,,,,,,,,,,,,,,,,
VBC-PTZ,gas,stddft,-2.93e-08,5.73e-08,3.113,2.505,0.6080000000000001,1.062,6.047,8.66e-08,8.66e-08,7.499559999999998e-15,2.8e-08,-1.67889e-15,-7.531652669587842,-7.241088107602026,-1.955631399317406,,,,,,,,,,,,,,,,,,,,,,,,
VBC-PTZ,toluene,stda,3.7e-09,-7.35e-08,3.038,2.354,0.6839999999999997,1.2758,5.808000000000002,-7.72e-08,7.72e-08,5.95984e-15,-6.98e-08,-2.7195e-16,-8.42021640338319,-7.133122185662502,-19.864864864864867,,,,,,,,,,,,,,,,,,,,,,,,
VBC-PTZ,toluene,stddft,-7.5e-09,-8.07e-08,2.986,2.309,0.677,1.0905,5.808000000000002,-7.320000000000002e-08,7.320000000000002e-08,5.358240000000001e-15,-8.82e-08,6.052499999999999e-16,-8.119186407719209,-7.092588639225414,10.760000000000002,,,,,,,,,,,,,,,,,,,,,,,,
VBN0,gas,stda,2.01e-08,-5.76e-08,3.657,3.204,0.4529999999999998,0.4964,6.815,-7.77e-08,7.77e-08,6.03729e-15,-3.75e-08,-1.1577600000000001e-15,-7.694648630553377,-7.238824186844268,-2.8656716417910446,,,,,,,,,,,,,,,,,,,,,,,,
VBN0,gas,stddft,7.55e-08,2.46e-08,3.623,3.18,0.443,0.4566,6.815,-5.09e-08,5.09e-08,2.59081e-15,1.001e-07,1.8573e-15,-7.121478204498794,-7.607303046740334,0.3258278145695364,,,,,,,,,,,,,,,,,,,,,,,,
VBN0,toluene,stda,1.44e-08,1.393e-07,3.656,3.145,0.5110000000000001,0.5364,6.815,1.2490000000000001e-07,1.2490000000000001e-07,1.5600010000000002e-14,1.537e-07,2.00592e-15,-7.838631997765025,-6.855737226238009,9.673611111111112,,,,,,,,,,,,,,,,,,,,,,,,
VBN0,toluene,stddft,-3.47e-08,2.16e-08,3.613,3.121,0.492,0.4794,6.815,5.63e-08,5.63e-08,3.16969e-15,-1.3099999999999998e-08,-7.4952e-16,-7.458420756053419,-7.663540266151471,-0.622478386167147,,,,,,,,,,,,,,,,,,,,,,,,
V–TPA,gas,stda,7.5e-09,2.96e-08,3.837,3.464,0.3730000000000002,1.0765,6.631,2.21e-08,2.21e-08,4.8841e-16,3.71e-08,2.2199999999999998e-16,-8.119186407719209,-7.527243550682788,3.946666666666667,,,,,,,,,,,,,,,,,,,,,,,,
V–TPA,gas,stddft,9.58e-08,2e-09,3.805,3.44,0.3650000000000002,0.9371,6.631,-9.38e-08,9.38e-08,8.79844e-15,9.78e-08,1.916e-16,-7.018181392829336,-8.67778070526608,0.0208768267223382,,,,,,,,,,,,,,,,,,,,,,,,
V–TPA,toluene,stda,-3.56e-08,1.09e-07,3.826,3.437,0.3890000000000002,1.043,6.435,1.446e-07,1.446e-07,2.090916e-14,7.34e-08,-3.8804e-15,-7.447331783887806,-6.962175249411658,-3.0617977528089884,,,,,,,,,,,,,,,,,,,,,,,,
V–TPA,toluene,stddft,8.1e-09,-2.91e-08,3.794,3.414,0.3799999999999999,0.9066,6.435,-3.72e-08,3.72e-08,1.3838400000000002e-15,-2.1e-08,-2.3571e-16,-8.086186147616283,-7.534617148551582,-3.592592592592593,,,,,,,,,,,,,,,,,,,,,,,,
XCBP,gas,stda,4.24e-08,-4.1e-09,3.86,3.399,0.4609999999999998,0.2014,6.456,-4.65e-08,4.65e-08,2.16225e-15,3.8300000000000005e-08,-1.7384000000000003e-16,-7.371611069949688,-8.3767507096021,-0.0966981132075471,,,,,,,,,,,,,,,,,,,,,,,,
XCBP,gas,stddft,-3.33e-08,4.04e-08,3.789,3.375,0.4140000000000001,0.1661,6.456,7.37e-08,7.37e-08,5.431690000000001e-15,7.099999999999997e-09,-1.34532e-15,-7.476253533188435,-7.392544976785332,-1.2132132132132132,,,,,,,,,,,,,,,,,,,,,,,,
XCBP,toluene,stda,5.3e-09,-6.49e-08,3.461,3.384,0.0769999999999999,0.0008,6.371,-7.02e-08,7.02e-08,4.928040000000001e-15,-5.9600000000000004e-08,-3.4397000000000005e-16,-8.267606240177031,-7.187086643357144,-12.245283018867925,,,,,,,,,,,,,,,,,,,,,,,,
XCBP,toluene,stddft,1.545e-07,-8.82e-08,3.46,3.359,0.1009999999999999,0.0007,6.371,-2.427e-07,2.427e-07,5.890328999999998e-14,6.629999999999999e-08,-1.3626899999999996e-14,-6.810790510417694,-7.054039296422432,-0.570873786407767,,,,,,,,,,,,,,,,,,,,,,,,
XPhos,gas,stda,6e-09,1.141e-07,4.17,3.024,1.146,0.5927,7.753,1.081e-07,1.081e-07,1.168561e-14,1.201e-07,6.845999999999999e-16,-8.214670164989233,-6.942333896090171,19.016666666666666,,,,,,,,,,,,,,,,,,,,,,,,
XPhos,gas,stddft,5.7e-09,9.28e-08,4.037,2.974,1.0629999999999995,0.4492,7.753,8.709999999999999e-08,8.709999999999999e-08,7.586409999999999e-15,9.85e-08,5.289599999999999e-16,-8.236572006437063,-7.031984286006359,16.280701754385966,,,,,,,,,,,,,,,,,,,,,,,,
XPhos,toluene,stda,1.48e-08,-5e-08,4.165,3.048,1.117,0.5139,7.8,-6.48e-08,6.48e-08,4.19904e-15,-3.52e-08,-7.4e-16,-7.826813731587726,-7.300162274132754,-3.378378378378378,,,,,,,,,,,,,,,,,,,,,,,,
XPhos,toluene,stddft,1.072e-07,8.88e-08,4.039,3.0,1.0389999999999997,0.3945,7.8,-1.8399999999999996e-08,1.8399999999999996e-08,3.385599999999997e-16,1.96e-07,9.51936e-15,-6.969400278034049,-7.051098239029787,0.8283582089552239,,,,,,,,,,,,,,,,,,,,,,,,
XT-T,gas,stda,-3.87e-08,1.47e-08,4.013,3.509,0.504,0.0316,7.529,5.34e-08,5.34e-08,2.85156e-15,-2.4000000000000003e-08,-5.6889e-16,-7.411168274405792,-7.829738284605042,-0.37984496124031,,,,,,,,,,,,,,,,,,,,,,,,
XT-T,gas,stddft,-3.41e-08,1.43e-08,3.983,3.483,0.5,0.0329,7.529,4.84e-08,4.84e-08,2.3425600000000003e-15,-1.98e-08,-4.8763e-16,-7.465973893943865,-7.841637507904751,-0.4193548387096774,,,,,,,,,,,,,,,,,,,,,,,,
XT-T,toluene,stda,7.5e-09,4.3e-08,4.152,3.595,0.5569999999999999,0.0476,7.741,3.55e-08,3.55e-08,1.2602500000000001e-15,5.05e-08,3.2249999999999996e-16,-8.119186407719209,-7.365522729839268,5.733333333333334,,,,,,,,,,,,,,,,,,,,,,,,
XT-T,toluene,stddft,-4.2e-08,-8.29e-08,4.11,3.572,0.5380000000000003,0.034,7.741,-4.09e-08,4.09e-08,1.6728099999999997e-15,-1.249e-07,3.4818e-15,-7.375717904164332,-7.080921907623926,1.973809523809524,,,,,,,,,,,,,,,,,,,,,,,,
Xm-mCP,gas,stda,-6.81e-08,-5.75e-08,3.884,3.253,0.6309999999999998,0.2301,6.441,1.0599999999999996e-08,1.0599999999999996e-08,1.1235999999999992e-16,-1.256e-07,3.91575e-15,-7.166215625343521,-7.239577516576788,0.8443465491923642,,,,,,,,,,,,,,,,,,,,,,,,
Xm-mCP,gas,stddft,1.46e-08,2.75e-08,3.809,3.228,0.581,0.0509,6.441,1.29e-08,1.29e-08,1.6641000000000003e-16,4.21e-08,4.015e-16,-7.832682665251823,-7.559090917934782,1.8835616438356169,,,,,,,,,,,,,,,,,,,,,,,,
Xm-mCP,toluene,stda,7.8e-09,1.75e-08,3.805,3.286,0.5190000000000001,0.0019,6.421999999999999,9.700000000000001e-09,9.700000000000001e-09,9.409000000000002e-17,2.53e-08,1.3650000000000002e-16,-8.102372908709558,-7.75448733218585,2.243589743589744,,,,,,,,,,,,,,,,,,,,,,,,
Xm-mCP,toluene,stddft,3.37e-08,1.131e-07,3.803,3.259,0.544,0.0045,6.421999999999999,7.940000000000002e-08,7.940000000000002e-08,6.3043600000000005e-15,1.468e-07,3.81147e-15,-7.471083299722345,-6.946153573147748,3.3560830860534128,,,,,,,,,,,,,,,,,,,,,,,,
Xp-mCP,gas,stda,-4.78e-08,-1.14e-08,3.904,3.259,0.645,0.1881,6.442,3.64e-08,3.64e-08,1.3249599999999997e-15,-5.92e-08,5.4492e-16,-7.319664486585437,-7.939302159646388,0.2384937238493724,,,,,,,,,,,,,,,,,,,,,,,,
Xp-mCP,gas,stddft,1.056e-07,3.85e-08,3.806,3.232,0.5739999999999998,0.1419,6.442,-6.710000000000001e-08,6.710000000000001e-08,4.5024100000000005e-15,1.441e-07,4.0656000000000004e-15,-6.975925012692573,-7.413412695328245,0.3645833333333333,,,,,,,,,,,,,,,,,,,,,,,,
Xp-mCP,toluene,stda,-1.28e-08,-4.43e-08,3.877,3.297,0.5799999999999996,0.0069,6.325,-3.15e-08,3.15e-08,9.9225e-16,-5.71e-08,5.6704e-16,-7.889410289700751,-7.35261702988538,3.4609375,,,,,,,,,,,,,,,,,,,,,,,,
Xp-mCP,toluene,stddft,-3.22e-08,4.78e-08,3.833,3.268,0.5650000000000004,0.1788,6.325,8e-08,8e-08,6.400000000000001e-15,1.56e-08,-1.53916e-15,-7.490797477668897,-7.319664486585437,-1.484472049689441,,,,,,,,,,,,,,,,,,,,,,,,
Yad,gas,stda,2.86e-08,-3.66e-08,3.353,2.838,0.5150000000000001,0.2857,6.390000000000001,-6.52e-08,6.52e-08,4.251040000000001e-15,-7.999999999999996e-09,-1.04676e-15,-7.542118103266008,-7.435333935747911,-1.2797202797202796,,,,,,,,,,,,,,,,,,,,,,,,
Yad,gas,stddft,-6.9e-09,-2.53e-08,3.28,2.81,0.4699999999999997,0.2304,6.390000000000001,-1.8400000000000006e-08,1.8400000000000006e-08,3.385600000000001e-16,-3.2200000000000004e-08,1.7457e-16,-8.154901959985743,-7.595166283380061,3.666666666666667,,,,,,,,,,,,,,,,,,,,,,,,
Yad,toluene,stda,-4.65e-08,3.27e-08,3.316,2.799,0.5169999999999999,0.2926,6.417999999999999,7.92e-08,7.92e-08,6.2726399999999985e-15,-1.3799999999999998e-08,-1.52055e-15,-7.33161408331,-7.484126156288321,-0.7032258064516129,,,,,,,,,,,,,,,,,,,,,,,,
Yad,toluene,stddft,3.31e-08,-2.12e-08,3.242,2.771,0.4710000000000001,0.2365,6.417999999999999,-5.43e-08,5.43e-08,2.9484900000000007e-15,1.1899999999999996e-08,-7.0172e-16,-7.478861916295964,-7.671620396561262,-0.6404833836858007,,,,,,,,,,,,,,,,,,,,,,,,
Z-o-DHMPA,gas,stda,5.61e-08,-1.019e-07,3.223,2.219,1.004,0.3853,6.386000000000001,-1.58e-07,1.58e-07,2.4964000000000004e-14,-4.5800000000000006e-08,-5.71659e-15,-7.250263684430939,-6.991399828238082,-1.8163992869875225,,,,,,,,,,,,,,,,,,,,,,,,
Z-o-DHMPA,gas,stddft,4.29e-08,-1.41e-08,3.037,2.147,0.8900000000000001,0.2648,6.386000000000001,-5.7e-08,5.7e-08,3.249e-15,2.88e-08,-6.048900000000002e-16,-7.366531544420414,-7.847711655616943,-0.3286713286713287,,,,,,,,,,,,,,,,,,,,,,,,
Z-o-DHMPA,toluene,stda,-1.13e-08,9.3e-08,3.285,2.266,1.019,0.3588,6.448,1.043e-07,1.043e-07,1.087849e-14,8.17e-08,-1.0509e-15,-7.943095148663527,-7.031050319018657,-8.23008849557522,,,,,,,,,,,,,,,,,,,,,,,,
Z-o-DHMPA,toluene,stddft,-4.75e-08,2.94e-08,3.097,2.193,0.904,0.2481,6.448,7.690000000000002e-08,7.690000000000002e-08,5.913610000000001e-15,-1.8100000000000003e-08,-1.3965e-15,-7.322393047279506,-7.530177984021837,-0.6189473684210526,,,,,,,,,,,,,,,,,,,,,,,,
ZDN,gas,stda,2.09e-08,4.5e-09,3.831,3.425,0.4060000000000001,0.104,7.098999999999999,-1.6399999999999998e-08,1.6399999999999998e-08,2.6895999999999994e-16,2.54e-08,9.404999999999997e-17,-7.67778070526608,-8.337242168318426,0.215311004784689,,,,,,,,,,,,,,,,,,,,,,,,
ZDN,gas,stddft,-2.04e-08,4.57e-08,3.77,3.402,0.3679999999999999,0.0856,7.098999999999999,6.61e-08,6.61e-08,4.369210000000001e-15,2.53e-08,-9.3228e-16,-7.688246138944246,-7.339134521996131,-2.2401960784313726,,,,,,,,,,,,,,,,,,,,,,,,
ZDN,toluene,stda,6.56e-08,-5.59e-08,3.826,3.405,0.4210000000000002,0.1089,7.121,-1.215e-07,1.215e-07,1.476225e-14,9.700000000000007e-09,-3.667040000000001e-15,-7.182434630440219,-7.251811972993799,-0.8521341463414633,,,,,,,,,,,,,,,,,,,,,,,,
ZDN,toluene,stddft,1.4e-09,-3.19e-08,3.763,3.382,0.3809999999999998,0.0904,7.121,-3.33e-08,3.33e-08,1.10889e-15,-3.05e-08,-4.466e-17,-8.823908740944319,-7.494850021680094,-22.78571428571429,,,,,,,,,,,,,,,,,,,,,,,,
ZDZ,gas,stda,1.07e-08,5e-10,3.77,3.388,0.3820000000000001,0.0854,7.056,-1.02e-08,1.02e-08,1.0404e-16,1.12e-08,5.35e-18,-7.966576244513051,-9.221848749616356,0.0467289719626168,,,,,,,,,,,,,,,,,,,,,,,,
ZDZ,gas,stddft,5.21e-08,9.82e-08,3.708,3.372,0.3360000000000003,0.0698,7.056,4.61e-08,4.61e-08,2.12521e-15,1.5030000000000004e-07,5.116220000000001e-15,-7.282329496997738,-7.007446482167865,1.8848368522072936,,,,,,,,,,,,,,,,,,,,,,,,
ZDZ,toluene,stda,6.01e-08,5.89e-08,3.774,3.389,0.3850000000000002,0.0882,7.095000000000001,-1.200000000000004e-09,1.200000000000004e-09,1.44000000000001e-18,1.19e-07,3.53989e-15,-7.220403508742176,-7.229147988357856,0.9800332778702162,,,,,,,,,,,,,,,,,,,,,,,,
ZDZ,toluene,stddft,-1.071e-07,5.78e-08,3.711,3.372,0.3389999999999999,0.072,7.095000000000001,1.649e-07,1.649e-07,2.719201e-14,-4.93e-08,-6.19038e-15,-6.969805214643249,-7.2373214362725635,-0.5396825396825397,,,,,,,,,,,,,,,,,,,,,,,,
[BMIM][PF6],gas,stda,2.8e-09,9.85e-08,4.604,3.817,0.7869999999999999,0.1939,8.286,9.57e-08,9.57e-08,9.15849e-15,1.013e-07,2.7579999999999997e-16,-8.537602002101044,-7.006123085058789,35.17857142857143,,,,,,,,,,,,,,,,,,,,,,,,
[BMIM][PF6],gas,stddft,-1.2e-08,4.07e-08,4.551,3.777,0.774,0.3068,8.286,5.27e-08,5.27e-08,2.7772900000000002e-15,2.87e-08,-4.884e-16,-7.91721462968355,-7.38933983691012,-3.3916666666666666,,,,,,,,,,,,,,,,,,,,,,,,
[BMIM][PF6],toluene,stda,-3.28e-08,5.46e-08,4.562,3.8,0.7620000000000005,0.3002,8.267999999999999,8.74e-08,8.74e-08,7.63876e-15,2.18e-08,-1.79088e-15,-7.482804102050026,-7.262012673666569,-1.6646341463414631,,,,,,,,,,,,,,,,,,,,,,,,
[BMIM][PF6],toluene,stddft,2.35e-08,8.62e-08,4.504,3.761,0.7429999999999994,0.324,8.267999999999999,6.27e-08,6.27e-08,3.93129e-15,1.0970000000000001e-07,2.0257e-15,-7.627087997029894,-7.06398920428479,3.668085106382979,,,,,,,,,,,,,,,,,,,,,,,,
arylene,gas,stda,9.5e-09,-7.49e-08,3.848,3.392,0.4559999999999999,1.1827,7.059,-8.44e-08,8.44e-08,7.12336e-15,-6.54e-08,-7.115500000000001e-16,-8.017728766960431,-7.1249387366083,-7.88421052631579,,,,,,,,,,,,,,,,,,,,,,,,
arylene,gas,stddft,-9.47e-08,4.71e-08,3.802,3.362,0.4399999999999999,0.9396,7.059,1.418e-07,1.418e-07,2.010724e-14,-4.76e-08,-4.46037e-15,-7.023191662661934,-7.326058001365912,-0.4973600844772967,,,,,,,,,,,,,,,,,,,,,,,,
arylene,toluene,stda,-2.12e-08,-6.44e-08,3.855,3.39,0.4649999999999998,1.2051,6.99,-4.3199999999999996e-08,4.3199999999999996e-08,1.866239999999999e-15,-8.56e-08,1.36528e-15,-7.671620396561262,-7.1904402853647325,3.0377358490566038,,,,,,,,,,,,,,,,,,,,,,,,
arylene,toluene,stddft,-8.16e-08,-1.69e-08,3.809,3.36,0.4490000000000003,0.9453,6.99,6.47e-08,6.47e-08,4.18609e-15,-9.85e-08,1.37904e-15,-7.087777943467585,-7.769551078621726,0.2071078431372549,,,,,,,,,,,,,,,,,,,,,,,,
benzoxazole,gas,stda,1.2e-08,1.39e-07,3.663,2.991,0.6719999999999997,0.3092,7.247000000000001,1.27e-07,1.27e-07,1.6128999999999997e-14,1.51e-07,1.668e-15,-7.91721462968355,-6.856672870007953,11.583333333333332,,,,,,,,,,,,,,,,,,,,,,,,
benzoxazole,gas,stddft,6.8e-09,-6.02e-08,3.605,2.95,0.6549999999999998,0.2682,7.247000000000001,-6.699999999999999e-08,6.699999999999999e-08,4.488999999999999e-15,-5.34e-08,-4.0935999999999996e-16,-8.161150909262744,-7.219682687859849,-8.852941176470589,,,,,,,,,,,,,,,,,,,,,,,,
benzoxazole,toluene,stda,3.27e-08,-2.04e-08,3.541,2.882,0.6589999999999998,0.3316,7.1,-5.3100000000000006e-08,5.3100000000000006e-08,2.8196100000000005e-15,1.2300000000000001e-08,-6.670800000000001e-16,-7.484126156288321,-7.688246138944246,-0.6238532110091743,,,,,,,,,,,,,,,,,,,,,,,,
benzoxazole,toluene,stddft,-2.12e-08,-2.82e-08,3.483,2.842,0.641,0.2851,7.1,-7e-09,7e-09,4.9e-17,-4.9400000000000006e-08,5.978400000000002e-16,-7.671620396561262,-7.548213564475709,1.330188679245283,,,,,,,,,,,,,,,,,,,,,,,,
bpipH,gas,stda,-8.6e-09,-4.25e-08,3.839,3.202,0.637,0.5819,7.199,-3.39e-08,3.39e-08,1.14921e-15,-5.11e-08,3.654999999999999e-16,-8.060480747381382,-7.370590400897281,4.941860465116279,,,,,,,,,,,,,,,,,,,,,,,,
bpipH,gas,stddft,2.88e-08,-4.92e-08,3.764,3.171,0.593,0.515,7.199,-7.8e-08,7.8e-08,6.084e-15,-2.04e-08,-1.41696e-15,-7.539102157243452,-7.30715308072277,-1.7083333333333333,,,,,,,,,,,,,,,,,,,,,,,,
bpipH,toluene,stda,5.41e-08,-3.4e-09,3.85,3.224,0.6259999999999999,0.5233,7.237,-5.75e-08,5.75e-08,3.30625e-15,5.0700000000000004e-08,-1.8393999999999999e-16,-7.266000713461613,-8.455931955649724,-0.0628465804066543,,,,,,,,,,,,,,,,,,,,,,,,
bpipH,toluene,stddft,4.4e-09,5.08e-08,3.776,3.192,0.5839999999999996,0.4709,7.237,4.64e-08,4.64e-08,2.15296e-15,5.52e-08,2.2352e-16,-8.346787486224656,-7.293282217663242,11.545454545454549,,,,,,,,,,,,,,,,,,,,,,,,
c-D2T,gas,stda,-3.87e-08,-2.95e-08,3.56,3.344,0.2160000000000002,0.2903,5.952999999999999,9.200000000000005e-09,9.200000000000005e-09,8.464000000000004e-17,-6.82e-08,1.1416500000000001e-15,-7.411168274405792,-7.528708288941061,0.7622739018087855,,,,,,,,,,,,,,,,,,,,,,,,
c-D2T,gas,stddft,1.88e-08,5.81e-08,3.547,3.334,0.213,0.2683,5.952999999999999,3.93e-08,3.93e-08,1.5444900000000002e-15,7.69e-08,1.09228e-15,-7.723538195826756,-7.235077015350112,3.0904255319148937,,,,,,,,,,,,,,,,,,,,,,,,
c-D2T,toluene,stda,-4.92e-08,9.58e-08,3.766,3.348,0.4180000000000001,0.1118,6.048,1.45e-07,1.45e-07,2.1025e-14,4.66e-08,-4.71336e-15,-7.30715308072277,-7.018181392829336,-1.9471544715447155,,,,,,,,,,,,,,,,,,,,,,,,
c-D2T,toluene,stddft,1.66e-08,5.1e-08,3.699,3.327,0.3719999999999999,0.1562,6.048,3.4400000000000004e-08,3.4400000000000004e-08,1.1833600000000002e-15,6.76e-08,8.466e-16,-7.777283528852417,-7.291579099865287,3.072289156626506,,,,,,,,,,,,,,,,,,,,,,,,
cyclohexanone,gas,stda,9.55e-08,2.21e-08,4.554,3.783,0.7710000000000004,0.3688,8.231000000000002,-7.340000000000002e-08,7.340000000000002e-08,5.387560000000001e-15,1.176e-07,2.11055e-15,-7.0195421077239,-7.653647025549361,0.231413612565445,,,,,,,,,,,,,,,,,,,,,,,,
cyclohexanone,gas,stddft,-3.89e-08,-2.96e-08,4.491,3.746,0.7449999999999997,0.417,8.231000000000002,9.299999999999996e-09,9.299999999999996e-09,8.648999999999994e-17,-6.85e-08,1.15144e-15,-7.4089353929735005,-7.527243550682788,0.7609254498714654,,,,,,,,,,,,,,,,,,,,,,,,
cyclohexanone,toluene,stda,-7.93e-08,-8.1e-08,4.521,3.78,0.7410000000000001,0.3798,8.235,-1.6999999999999952e-09,1.6999999999999952e-09,2.8899999999999842e-18,-1.603e-07,6.4233e-15,-7.100179497572904,-7.090979145788844,1.021437578814628,,,,,,,,,,,,,,,,,,,,,,,,
cyclohexanone,toluene,stddft,-1.09e-07,5.44e-08,4.458,3.742,0.7160000000000002,0.3899,8.235,1.634e-07,1.634e-07,2.669956e-14,-5.46e-08,-5.929599999999999e-15,-6.962175249411658,-7.263603497723357,-0.4990825688073394,,,,,,,,,,,,,,,,,,,,,,,,
czpzpy,gas,stda,-4.7e-08,-3.71e-08,3.611,3.086,0.5250000000000004,0.3712,7.109999999999999,9.899999999999996e-09,9.899999999999996e-09,9.800999999999992e-17,-8.409999999999999e-08,1.7437e-15,-7.326979092871104,-7.429457060118103,0.7893617021276597,,,,,,,,,,,,,,,,,,,,,,,,
czpzpy,gas,stddft,1.186e-07,4.86e-08,3.535,3.059,0.476,0.3035,7.109999999999999,-7e-08,7e-08,4.900000000000001e-15,1.6720000000000001e-07,5.76396e-15,-6.9255492810454085,-7.312471038785365,0.4097807757166947,,,,,,,,,,,,,,,,,,,,,,,,
czpzpy,toluene,stda,4.12e-08,8e-09,3.631,3.105,0.5259999999999998,0.3709,7.15,-3.32e-08,3.32e-08,1.10224e-15,4.92e-08,3.296e-16,-7.384049948343599,-8.09151498112135,0.1941747572815534,,,,,,,,,,,,,,,,,,,,,,,,
czpzpy,toluene,stddft,5.8e-08,1.05e-08,3.555,3.078,0.4770000000000003,0.3035,7.15,-4.75e-08,4.75e-08,2.2562500000000003e-15,6.85e-08,6.09e-16,-7.235823867609669,-7.97469413473523,0.1810344827586206,,,,,,,,,,,,,,,,,,,,,,,,
dTolmp,gas,stda,1.09e-08,1.009e-07,5.055,4.991,0.064,0.0006,9.551000000000002,9e-08,9e-08,8.1e-15,1.118e-07,1.09981e-15,-7.958607314841775,-6.995678626217358,9.256880733944952,,,,,,,,,,,,,,,,,,,,,,,,
dTolmp,gas,stddft,4.65e-08,-1.28e-08,5.027,4.953,0.0739999999999998,0.0006,9.551000000000002,-5.93e-08,5.93e-08,3.51649e-15,3.37e-08,-5.952e-16,-7.33161408331,-7.889410289700751,-0.2752688172043011,,,,,,,,,,,,,,,,,,,,,,,,
dTolmp,toluene,stda,5.07e-08,-1.22e-08,5.033,4.987,0.0460000000000002,0.0005,9.465,-6.29e-08,6.29e-08,3.95641e-15,3.85e-08,-6.1854e-16,-7.294136287716081,-7.910094888560602,-0.2406311637080868,,,,,,,,,,,,,,,,,,,,,,,,
dTolmp,toluene,stddft,6.9e-09,-1.46e-08,5.005,4.955,0.0499999999999998,0.0005,9.465,-2.15e-08,2.15e-08,4.622500000000002e-16,-7.7e-09,-1.0074e-16,-8.154901959985743,-7.832682665251823,-2.1159420289855078,,,,,,,,,,,,,,,,,,,,,,,,
dbG2TAZ,gas,stda,-4.2e-08,2.04e-08,3.649,3.049,0.6000000000000001,0.0401,7.039,6.24e-08,6.24e-08,3.89376e-15,-2.16e-08,-8.568e-16,-7.375717904164332,-7.688246138944246,-0.4857142857142857,,,,,,,,,,,,,,,,,,,,,,,,
dbG2TAZ,gas,stddft,7.51e-08,-1.368e-07,3.595,2.998,0.597,0.0378,7.039,-2.119e-07,2.119e-07,4.490161e-14,-6.17e-08,-1.0273680000000002e-14,-7.123782159408358,-6.86359655186601,-1.821571238348868,,,,,,,,,,,,,,,,,,,,,,,,
dbG2TAZ,toluene,stda,-5.83e-08,9.98e-08,3.65,3.043,0.6069999999999998,0.0381,7.033,1.581e-07,1.581e-07,2.499561e-14,4.15e-08,-5.81834e-15,-7.2335871528876,-7.000434511774018,-1.7118353344768438,,,,,,,,,,,,,,,,,,,,,,,,
dbG2TAZ,toluene,stddft,-3.23e-08,7.08e-08,3.598,2.993,0.605,0.0359,7.033,1.031e-07,1.031e-07,1.0629609999999996e-14,3.85e-08,-2.28684e-15,-7.489454989793388,-7.149353764816934,-2.191950464396285,,,,,,,,,,,,,,,,,,,,,,,,
diarylbiindole,gas,stda,-7.31e-08,1.279e-07,3.654,2.666,0.988,0.177,6.521,2.01e-07,2.01e-07,4.0401000000000006e-14,5.48e-08,-9.34949e-15,-7.135488918941608,-6.892790030352131,-1.749658002735978,,,,,,,,,,,,,,,,,,,,,,,,
diarylbiindole,gas,stddft,2.091e-07,-7.47e-08,3.545,2.598,0.947,0.6816,6.521,-2.8380000000000004e-07,2.8380000000000004e-07,8.054244000000003e-14,1.344e-07,-1.561977e-14,-6.679438319804763,-7.126098402135539,-0.3572453371592539,,,,,,,,,,,,,,,,,,,,,,,,
diarylbiindole,toluene,stda,6.32e-08,-3.55e-08,3.643,2.666,0.977,0.1753,6.526,-9.87e-08,9.87e-08,9.741690000000002e-15,2.77e-08,-2.2436e-15,-7.198596289982645,-7.448550002027125,-0.5617088607594937,,,,,,,,,,,,,,,,,,,,,,,,
diarylbiindole,toluene,stddft,-1.69e-08,-2.9e-08,3.54,2.598,0.9420000000000002,0.6638,6.526,-1.2100000000000002e-08,1.2100000000000002e-08,1.4641000000000007e-16,-4.59e-08,4.901e-16,-7.769551078621726,-7.536107011014093,1.7159763313609468,,,,,,,,,,,,,,,,,,,,,,,,
dpmb,gas,stda,1e-08,3.22e-08,4.979,4.818,0.1610000000000004,0.0009,9.117,2.22e-08,2.22e-08,4.928399999999998e-16,4.22e-08,3.22e-16,-7.995678626217358,-7.490797477668897,3.22,,,,,,,,,,,,,,,,,,,,,,,,
dpmb,gas,stddft,3.53e-08,4.31e-08,4.951,4.779,0.1719999999999997,0.0009,9.117,7.800000000000004e-09,7.800000000000004e-09,6.084000000000006e-17,7.84e-08,1.52143e-15,-7.450996737974212,-7.364516253185088,1.2209631728045327,,,,,,,,,,,,,,,,,,,,,,,,
dpmb,toluene,stda,-7.4e-09,5.7e-08,4.955,4.829,0.1260000000000003,0.0014,9.083,6.44e-08,6.44e-08,4.14736e-15,4.96e-08,-4.218e-16,-8.1249387366083,-7.243363891754152,-7.702702702702703,,,,,,,,,,,,,,,,,,,,,,,,
dpmb,toluene,stddft,-5.02e-08,-1.72e-08,4.927,4.79,0.1369999999999995,0.0014,9.083,3.3000000000000004e-08,3.3000000000000004e-08,1.0890000000000005e-15,-6.74e-08,8.634399999999999e-16,-7.298432014944073,-7.761953896871205,0.3426294820717131,,,,,,,,,,,,,,,,,,,,,,,,
dpmt,gas,stda,4.9e-09,-5.9e-09,5.105,4.056,1.0490000000000004,0.001,8.523,-1.08e-08,1.08e-08,1.1664e-16,-9.999999999999999e-10,-2.891e-17,-8.301029995663981,-8.221848749616356,-1.2040816326530612,,,,,,,,,,,,,,,,,,,,,,,,
dpmt,gas,stddft,1.052e-07,-5.5e-08,5.076,4.011,1.0649999999999995,0.0013,8.523,-1.6020000000000004e-07,1.6020000000000004e-07,2.5664040000000006e-14,5.02e-08,-5.786000000000001e-15,-6.9775716288145135,-7.258848401148215,-0.5228136882129277,,,,,,,,,,,,,,,,,,,,,,,,
dpmt,toluene,stda,-3.86e-08,-3.5e-08,5.09,4.041,1.0489999999999997,0.0014,8.492,3.599999999999999e-09,3.599999999999999e-09,1.2959999999999994e-17,-7.36e-08,1.351e-15,-7.412289034981089,-7.454692883534176,0.9067357512953368,,,,,,,,,,,,,,,,,,,,,,,,
dpmt,toluene,stddft,-6.62e-08,-8.49e-08,5.061,3.995,1.0659999999999998,0.002,8.492,-1.87e-08,1.87e-08,3.4969000000000007e-16,-1.511e-07,5.62038e-15,-7.178486471595227,-7.070581074285707,1.282477341389728,,,,,,,,,,,,,,,,,,,,,,,,
ethylacetate,gas,stda,-2.2e-09,-1.9e-08,3.132,3.0,0.1320000000000001,0.0016,6.412,-1.68e-08,1.68e-08,2.8224000000000013e-16,-2.12e-08,4.18e-17,-8.638272163982407,-7.718966632752273,8.636363636363638,,,,,,,,,,,,,,,,,,,,,,,,
ethylacetate,gas,stddft,2.93e-08,-4.91e-08,3.124,2.984,0.1400000000000001,0.0016,6.412,-7.84e-08,7.84e-08,6.14656e-15,-1.9800000000000002e-08,-1.43863e-15,-7.531652669587842,-7.308034897232639,-1.6757679180887373,,,,,,,,,,,,,,,,,,,,,,,,
ethylacetate,toluene,stda,4.51e-08,-1.79e-08,3.331,3.159,0.1720000000000001,0.0089,6.626,-6.3e-08,6.3e-08,3.969e-15,2.72e-08,-8.0729e-16,-7.3448615651886175,-7.744727494896693,-0.3968957871396896,,,,,,,,,,,,,,,,,,,,,,,,
ethylacetate,toluene,stddft,5e-10,-2.38e-08,3.321,3.139,0.1820000000000003,0.008,6.626,-2.4300000000000006e-08,2.4300000000000006e-08,5.904900000000003e-16,-2.33e-08,-1.1900000000000001e-17,-9.221848749616356,-7.621602099051862,-47.6,,,,,,,,,,,,,,,,,,,,,,,,
iTPBI-CN,gas,stda,4.8e-08,4.38e-08,4.234,3.822,0.4119999999999999,0.2155,7.476999999999999,-4.199999999999998e-09,4.199999999999998e-09,1.7639999999999986e-17,9.18e-08,2.1024e-15,-7.317854923626168,-7.357535479757878,0.9125,,,,,,,,,,,,,,,,,,,,,,,,
iTPBI-CN,gas,stddft,-6.1e-09,-6.9e-09,4.208,3.793,0.415,0.204,7.476999999999999,-7.999999999999996e-10,7.999999999999996e-10,6.399999999999997e-19,-1.3e-08,4.209e-17,-8.207608310501746,-8.154901959985743,1.1311475409836065,,,,,,,,,,,,,,,,,,,,,,,,
iTPBI-CN,toluene,stda,6.12e-08,-2.55e-08,4.22,3.742,0.4779999999999997,0.1576,7.505,-8.67e-08,8.67e-08,7.51689e-15,3.5700000000000015e-08,-1.5606000000000004e-15,-7.212539525481585,-7.591760034688151,-0.4166666666666666,,,,,,,,,,,,,,,,,,,,,,,,
iTPBI-CN,toluene,stddft,-2.2e-09,8.55e-08,4.195,3.714,0.4810000000000003,0.155,7.505,8.77e-08,8.77e-08,7.69129e-15,8.330000000000001e-08,-1.881e-16,-8.638272163982407,-7.067526235322847,-38.86363636363637,,,,,,,,,,,,,,,,,,,,,,,,
indenoacridine,gas,stda,1.06e-08,4.79e-08,2.215,1.261,0.954,0.5263,5.074999999999999,3.73e-08,3.73e-08,1.3912899999999998e-15,5.85e-08,5.0774e-16,-7.97061622231479,-7.318758762624412,4.518867924528301,,,,,,,,,,,,,,,,,,,,,,,,
indenoacridine,gas,stddft,-1.17e-08,1.033e-07,2.033,1.175,0.8579999999999999,0.3562,5.074999999999999,1.1500000000000001e-07,1.1500000000000001e-07,1.3225000000000002e-14,9.16e-08,-1.2086100000000001e-15,-7.928117992693875,-6.985479461242076,-8.82905982905983,,,,,,,,,,,,,,,,,,,,,,,,
indenoacridine,toluene,stda,-3.55e-08,-5.25e-08,2.157,1.053,1.104,0.5573,4.917999999999999,-1.7e-08,1.7e-08,2.89e-16,-8.8e-08,1.86375e-15,-7.448550002027125,-7.279014255846261,1.4788732394366195,,,,,,,,,,,,,,,,,,,,,,,,
indenoacridine,toluene,stddft,2.89e-08,3.47e-08,1.938,0.918,1.02,0.3653,4.917999999999999,5.799999999999999e-09,5.799999999999999e-09,3.363999999999999e-17,6.36e-08,1.00283e-15,-7.5376020021010435,-7.458420756053419,1.200692041522491,,,,,,,,,,,,,,,,,,,,,,,,
m-CF3PIBI,gas,stda,4.78e-08,-4.47e-08,3.92,3.488,0.4319999999999999,0.3909,7.035000000000001,-9.25e-08,9.25e-08,8.55625e-15,3.0999999999999947e-09,-2.13666e-15,-7.319664486585437,-7.348721986001855,-0.9351464435146444,,,,,,,,,,,,,,,,,,,,,,,,
m-CF3PIBI,gas,stddft,5.88e-08,-1.43e-08,3.884,3.458,0.4259999999999997,0.3495,7.035000000000001,-7.31e-08,7.31e-08,5.34361e-15,4.45e-08,-8.4084e-16,-7.229884705212898,-7.841637507904751,-0.2431972789115646,,,,,,,,,,,,,,,,,,,,,,,,
m-CF3PIBI,toluene,stda,3.4e-08,-1.94e-08,3.885,3.497,0.3879999999999999,0.3646,6.985,-5.34e-08,5.34e-08,2.85156e-15,1.4600000000000002e-08,-6.595999999999999e-16,-7.467245621007502,-7.709965388637482,-0.5705882352941176,,,,,,,,,,,,,,,,,,,,,,,,
m-CF3PIBI,toluene,stddft,2.92e-08,-1.578e-07,3.847,3.467,0.3799999999999999,0.3266,6.985,-1.87e-07,1.87e-07,3.4969e-14,-1.286e-07,-4.60776e-15,-7.533132379645891,-6.801617869991706,-5.404109589041096,,,,,,,,,,,,,,,,,,,,,,,,
m-CZ-DPS-DMAC,gas,stda,3.7e-09,-5.36e-08,3.854,3.43,0.4239999999999999,0.3929,6.928000000000001,-5.73e-08,5.73e-08,3.28329e-15,-4.99e-08,-1.9831999999999999e-16,-8.42021640338319,-7.270025714300444,-14.486486486486486,,,,,,,,,,,,,,,,,,,,,,,,
m-CZ-DPS-DMAC,gas,stddft,-1.85e-08,4.46e-08,3.798,3.407,0.391,0.3319,6.928000000000001,6.31e-08,6.31e-08,3.9816100000000004e-15,2.61e-08,-8.251e-16,-7.730487055782084,-7.349692476868063,-2.410810810810811,,,,,,,,,,,,,,,,,,,,,,,,
m-CZ-DPS-DMAC,toluene,stda,4.2e-09,-2.07e-08,3.836,3.348,0.488,0.1224,7.033999999999999,-2.49e-08,2.49e-08,6.200100000000001e-16,-1.65e-08,-8.694e-17,-8.366531544420413,-7.681936665037238,-4.928571428571428,,,,,,,,,,,,,,,,,,,,,,,,
m-CZ-DPS-DMAC,toluene,stddft,-1.054e-07,-4.59e-08,3.777,3.328,0.4490000000000003,0.0946,7.033999999999999,5.9500000000000003e-08,5.9500000000000003e-08,3.5402500000000007e-15,-1.513e-07,4.83786e-15,-6.976747540366288,-7.337242168318426,0.4354838709677419,,,,,,,,,,,,,,,,,,,,,,,,
m-CzCNDMT,gas,stda,-3.1e-08,8e-10,3.941,3.529,0.4119999999999999,0.0945,7.579,3.18e-08,3.18e-08,1.01124e-15,-3.02e-08,-2.48e-17,-7.507239610973162,-9.045757490560677,-0.0258064516129032,,,,,,,,,,,,,,,,,,,,,,,,
m-CzCNDMT,gas,stddft,2.09e-08,1.6e-08,3.887,3.506,0.3810000000000002,0.0839,7.579,-4.8999999999999976e-09,4.8999999999999976e-09,2.4009999999999976e-17,3.69e-08,3.344e-16,-7.67778070526608,-7.79317412396815,0.7655502392344499,,,,,,,,,,,,,,,,,,,,,,,,
m-CzCNDMT,toluene,stda,-5.6e-09,4.56e-08,3.909,3.481,0.4279999999999999,0.1063,7.601000000000001,5.12e-08,5.12e-08,2.62144e-15,4e-08,-2.5535999999999997e-16,-8.244125144327509,-7.34008379993015,-8.142857142857142,,,,,,,,,,,,,,,,,,,,,,,,
m-CzCNDMT,toluene,stddft,-1.4e-08,-2.3e-09,3.851,3.458,0.3929999999999998,0.0938,7.601000000000001,1.17e-08,1.17e-08,1.3688999999999994e-16,-1.63e-08,3.22e-17,-7.85078088734462,-8.619788758288394,0.1642857142857142,,,,,,,,,,,,,,,,,,,,,,,,
m-DHMPA,gas,stda,-4.05e-08,6.66e-08,3.258,2.248,1.0099999999999998,0.4347,6.390999999999999,1.071e-07,1.071e-07,1.147041e-14,2.61e-08,-2.6973e-15,-7.391473966422806,-7.175874166083451,-1.6444444444444446,,,,,,,,,,,,,,,,,,,,,,,,
m-DHMPA,gas,stddft,2e-09,-4.64e-08,3.076,2.177,0.899,0.3056,6.390999999999999,-4.84e-08,4.84e-08,2.34256e-15,-4.44e-08,-9.28e-17,-8.67778070526608,-7.3325470471100465,-23.2,,,,,,,,,,,,,,,,,,,,,,,,
m-DHMPA,toluene,stda,4.26e-08,-4.09e-08,3.264,2.252,1.012,0.4262,6.401999999999999,-8.35e-08,8.35e-08,6.97225e-15,1.6999999999999952e-09,-1.74234e-15,-7.369572124974976,-7.387216143280264,-0.9600938967136152,,,,,,,,,,,,,,,,,,,,,,,,
m-DHMPA,toluene,stddft,1.2e-09,3.58e-08,3.083,2.181,0.902,0.3009,6.401999999999999,3.4600000000000005e-08,3.4600000000000005e-08,1.1971600000000005e-15,3.7e-08,4.296000000000001e-17,-8.886056647693163,-7.444905551421681,29.833333333333336,,,,,,,,,,,,,,,,,,,,,,,,
m-DTPACO,gas,stda,-4.84e-08,-1.36e-08,3.445,3.018,0.427,0.0319,6.091000000000001,3.4800000000000014e-08,3.4800000000000014e-08,1.2110400000000004e-15,-6.2e-08,6.5824e-16,-7.314258261397736,-7.863279432843593,0.28099173553719,,,,,,,,,,,,,,,,,,,,,,,,
m-DTPACO,gas,stddft,-4.71e-08,3.09e-08,3.414,2.995,0.419,0.0294,6.091000000000001,7.8e-08,7.8e-08,6.084e-15,-1.62e-08,-1.45539e-15,-7.326058001365912,-7.508638306165727,-0.6560509554140127,,,,,,,,,,,,,,,,,,,,,,,,
m-DTPACO,toluene,stda,3.11e-08,-1.221e-07,3.253,2.793,0.4599999999999999,0.0471,5.905,-1.532e-07,1.532e-07,2.347024e-14,-9.099999999999998e-08,-3.7973099999999986e-15,-7.505845405981558,-6.912928794093465,-3.92604501607717,,,,,,,,,,,,,,,,,,,,,,,,
m-DTPACO,toluene,stddft,1.137e-07,1.027e-07,3.218,2.769,0.4489999999999998,0.0442,5.905,-1.1000000000000006e-08,1.1000000000000006e-08,1.2100000000000012e-16,2.164e-07,1.167699e-14,-6.943857737940948,-6.988006885340743,0.90325417766051,,,,,,,,,,,,,,,,,,,,,,,,
m-PCzTPD,gas,stda,8.3e-09,4.03e-08,3.666,3.041,0.625,0.5189,6.457999999999999,3.1999999999999995e-08,3.1999999999999995e-08,1.0239999999999997e-15,4.86e-08,3.3449e-16,-8.075720713938118,-7.393618634889395,4.855421686746988,,,,,,,,,,,,,,,,,,,,,,,,
m-PCzTPD,gas,stddft,2.13e-08,-3.51e-08,3.618,3.004,0.6139999999999999,0.5183,6.457999999999999,-5.64e-08,5.64e-08,3.1809600000000007e-15,-1.3800000000000004e-08,-7.4763e-16,-7.669586226650809,-7.453457336521869,-1.6478873239436622,,,,,,,,,,,,,,,,,,,,,,,,
m-PCzTPD,toluene,stda,-3.21e-08,7.78e-08,3.59,2.926,0.6639999999999997,0.041,6.443,1.099e-07,1.099e-07,1.207801e-14,4.569999999999999e-08,-2.49738e-15,-7.492144128304169,-7.108462542327436,-2.423676012461059,,,,,,,,,,,,,,,,,,,,,,,,
m-PCzTPD,toluene,stddft,6.8e-09,-6.8e-09,3.553,2.88,0.673,0.0592,6.443,-1.36e-08,1.36e-08,1.8496e-16,0.0,-4.624e-17,-8.161150909262744,-8.161150909262744,-1.0,,,,,,,,,,,,,,,,,,,,,,,,
m-PO-ABN,gas,stda,8.3e-09,5.5e-08,3.207,2.254,0.9529999999999998,0.6391,6.3580000000000005,4.67e-08,4.67e-08,2.1808900000000002e-15,6.33e-08,4.565e-16,-8.075720713938118,-7.258848401148215,6.626506024096386,,,,,,,,,,,,,,,,,,,,,,,,
m-PO-ABN,gas,stddft,-1.247e-07,-9.4e-09,3.048,2.185,0.863,0.4464,6.3580000000000005,1.153e-07,1.153e-07,1.3294089999999998e-14,-1.341e-07,1.17218e-15,-6.903785414653595,-8.022276394711152,0.0753809141940657,,,,,,,,,,,,,,,,,,,,,,,,
m-PO-ABN,toluene,stda,-9.76e-08,1.052e-07,3.21,2.254,0.956,0.6178,6.376,2.028e-07,2.028e-07,4.112784e-14,7.600000000000002e-09,-1.026752e-14,-7.0101054362812265,-6.9775716288145135,-1.0778688524590163,,,,,,,,,,,,,,,,,,,,,,,,
m-PO-ABN,toluene,stddft,-4.36e-08,-1.745e-07,3.049,2.183,0.8660000000000001,0.431,6.376,-1.3090000000000001e-07,1.3090000000000001e-07,1.7134810000000004e-14,-2.181e-07,7.608200000000001e-15,-7.359518563029578,-6.757955760630449,4.002293577981652,,,,,,,,,,,,,,,,,,,,,,,,
m-TPA-AP-TPA,gas,stda,-7.31e-08,1.177e-07,3.201,2.254,0.947,1.0744,5.738,1.908e-07,1.908e-07,3.640463999999999e-14,4.46e-08,-8.60387e-15,-7.135488918941608,-6.928854709548917,-1.610123119015048,,,,,,,,,,,,,,,,,,,,,,,,
m-TPA-AP-TPA,gas,stddft,-1.672e-07,6.71e-08,3.085,2.185,0.8999999999999999,0.7726,5.738,2.3430000000000003e-07,2.3430000000000003e-07,5.489648999999999e-14,-1.001e-07,-1.1219119999999999e-14,-6.776504059037605,-7.172630726946175,-0.4013157894736842,,,,,,,,,,,,,,,,,,,,,,,,
m-TPA-AP-TPA,toluene,stda,-1e-08,1.396e-07,3.199,2.274,0.9249999999999998,0.9434,5.79,1.4960000000000004e-07,1.4960000000000004e-07,2.2380160000000004e-14,1.296e-07,-1.396e-15,-7.995678626217358,-6.854803593885818,-13.96,,,,,,,,,,,,,,,,,,,,,,,,
m-TPA-AP-TPA,toluene,stddft,-1.311e-07,-5.57e-08,3.067,2.203,0.8640000000000003,0.6619,5.79,7.54e-08,7.54e-08,5.68516e-15,-1.868e-07,7.302270000000001e-15,-6.882066164960358,-7.253365801062421,0.4248665141113654,,,,,,,,,,,,,,,,,,,,,,,,
m-ν-DABNA,gas,stda,-6.81e-08,-5.73e-08,3.16,2.8,0.3600000000000003,0.8979,6.200000000000001,1.0799999999999996e-08,1.0799999999999996e-08,1.166399999999999e-16,-1.254e-07,3.9021299999999986e-15,-7.166215625343521,-7.241088107602026,0.8414096916299559,,,,,,,,,,,,,,,,,,,,,,,,
m-ν-DABNA,gas,stddft,9.4e-09,1.1e-08,3.116,2.78,0.3360000000000003,0.7834,6.200000000000001,1.5999999999999992e-09,1.5999999999999992e-09,2.5599999999999987e-18,2.04e-08,1.0339999999999999e-16,-8.022276394711152,-7.954677021213342,1.1702127659574468,,,,,,,,,,,,,,,,,,,,,,,,
m-ν-DABNA,toluene,stda,-9.5e-09,-5.27e-08,3.147,2.793,0.3539999999999996,0.8814,6.186999999999999,-4.32e-08,4.32e-08,1.86624e-15,-6.22e-08,5.006500000000002e-16,-8.017728766960431,-7.277366077466188,5.547368421052632,,,,,,,,,,,,,,,,,,,,,,,,
m-ν-DABNA,toluene,stddft,7.7e-09,3.13e-08,3.104,2.773,0.3309999999999999,0.7715,6.186999999999999,2.3600000000000003e-08,2.3600000000000003e-08,5.569600000000002e-16,3.900000000000001e-08,2.4101e-16,-8.10790539730952,-7.503070351926785,4.0649350649350655,,,,,,,,,,,,,,,,,,,,,,,,
m2Cz2Trz,gas,stda,-4e-09,3.63e-08,3.472,3.216,0.2559999999999998,0.21,6.457,4.0300000000000004e-08,4.0300000000000004e-08,1.6240900000000005e-15,3.23e-08,-1.4520000000000002e-16,-8.387216143280265,-7.438898616350944,-9.075,,,,,,,,,,,,,,,,,,,,,,,,
m2Cz2Trz,gas,stddft,-1.18e-08,-6.95e-08,3.451,3.202,0.2490000000000001,0.193,6.457,-5.77e-08,5.77e-08,3.3292899999999997e-15,-8.13e-08,8.201e-16,-7.924453038607469,-7.157390760389438,5.889830508474576,,,,,,,,,,,,,,,,,,,,,,,,
m2Cz2Trz,toluene,stda,1.39e-08,-7.41e-08,3.666,3.367,0.2989999999999999,0.2158,6.517,-8.8e-08,8.8e-08,7.744e-15,-6.02e-08,-1.02999e-15,-7.853871964321762,-7.129596094720973,-5.330935251798561,,,,,,,,,,,,,,,,,,,,,,,,
m2Cz2Trz,toluene,stddft,3.5e-08,-6.61e-08,3.644,3.35,0.294,0.202,6.517,-1.011e-07,1.011e-07,1.022121e-14,-3.11e-08,-2.3135000000000002e-15,-7.454692883534176,-7.1791420105603,-1.8885714285714288,,,,,,,,,,,,,,,,,,,,,,,,
mAP,gas,stda,5.2e-08,6.52e-08,4.095,3.41,0.6849999999999996,0.0077,7.285,1.32e-08,1.32e-08,1.7423999999999995e-16,1.172e-07,3.3904000000000004e-15,-7.283162276700476,-7.185086818724926,1.2538461538461538,,,,,,,,,,,,,,,,,,,,,,,,
mAP,gas,stddft,-1.217e-07,-6.28e-08,4.047,3.378,0.6689999999999996,0.1246,7.285,5.890000000000001e-08,5.890000000000001e-08,3.469210000000001e-15,-1.8450000000000002e-07,7.642760000000001e-15,-6.914352711703144,-7.201349354554731,0.5160230073952342,,,,,,,,,,,,,,,,,,,,,,,,
mAP,toluene,stda,2.7e-08,-7.6e-09,4.082,3.385,0.6970000000000001,0.0939,7.351,-3.46e-08,3.46e-08,1.19716e-15,1.9400000000000002e-08,-2.052e-16,-7.567030709125595,-8.113509274827518,-0.2814814814814815,,,,,,,,,,,,,,,,,,,,,,,,
mAP,toluene,stddft,-3.96e-08,-1.02e-08,4.026,3.353,0.6729999999999996,0.0591,7.351,2.94e-08,2.94e-08,8.643599999999999e-16,-4.98e-08,4.0391999999999996e-16,-7.401209493236885,-7.987162775294828,0.2575757575757576,,,,,,,,,,,,,,,,,,,,,,,,
mCBP,gas,stda,-2.25e-08,-2.8e-09,3.918,3.443,0.4750000000000001,0.1474,7.444999999999999,1.97e-08,1.97e-08,3.8809000000000006e-16,-2.53e-08,6.3e-17,-7.645891560852599,-8.537602002101044,0.1244444444444444,,,,,,,,,,,,,,,,,,,,,,,,
mCBP,gas,stddft,-2.5e-09,5.33e-08,3.853,3.42,0.4330000000000003,0.1266,7.444999999999999,5.5800000000000003e-08,5.5800000000000003e-08,3.1136400000000002e-15,5.08e-08,-1.3325e-16,-8.585026652029182,-7.272458742971444,-21.32,,,,,,,,,,,,,,,,,,,,,,,,
mCBP,toluene,stda,-2.87e-08,-7.15e-08,3.907,3.423,0.484,0.1438,7.474,-4.28e-08,4.28e-08,1.83184e-15,-1.002e-07,2.05205e-15,-7.540607512240769,-7.145086977692144,2.491289198606272,,,,,,,,,,,,,,,,,,,,,,,,
mCBP,toluene,stddft,-4.48e-08,2.33e-08,3.84,3.4,0.4399999999999999,0.1234,7.474,6.81e-08,6.81e-08,4.637609999999999e-15,-2.15e-08,-1.04384e-15,-7.347753658996677,-7.6307841425898575,-0.5200892857142857,,,,,,,,,,,,,,,,,,,,,,,,
mCP,gas,stda,-2.29e-08,3.33e-08,3.906,3.415,0.4910000000000001,0.3371,7.554,5.62e-08,5.62e-08,3.15844e-15,1.04e-08,-7.6257e-16,-7.638272163982407,-7.476253533188435,-1.4541484716157205,,,,,,,,,,,,,,,,,,,,,,,,
mCP,gas,stddft,-1.067e-07,6.57e-08,3.841,3.391,0.4500000000000002,0.2854,7.554,1.7239999999999998e-07,1.7239999999999998e-07,2.972175999999999e-14,-4.1e-08,-7.01019e-15,-6.971428747307463,-7.181774106386045,-0.6157450796626055,,,,,,,,,,,,,,,,,,,,,,,,
mCP,toluene,stda,-5.04e-08,-7.8e-09,3.889,3.394,0.4949999999999996,0.3023,7.540999999999999,4.26e-08,4.26e-08,1.81476e-15,-5.820000000000001e-08,3.9312e-16,-7.296708621881338,-8.102372908709558,0.1547619047619047,,,,,,,,,,,,,,,,,,,,,,,,
mCP,toluene,stddft,1.08e-08,-9.84e-08,3.821,3.37,0.451,0.2549,7.540999999999999,-1.092e-07,1.092e-07,1.192464e-14,-8.76e-08,-1.06272e-15,-7.962573502059376,-7.006563769502388,-9.11111111111111,,,,,,,,,,,,,,,,,,,,,,,,
mCP-BP-DMAC,gas,stda,6.35e-08,6.59e-08,3.106,2.743,0.363,0.0166,5.53,2.399999999999995e-09,2.399999999999995e-09,5.759999999999976e-18,1.294e-07,4.184650000000001e-15,-7.196542884351586,-7.180456064458132,1.037795275590551,,,,,,,,,,,,,,,,,,,,,,,,
mCP-BP-DMAC,gas,stddft,8.29e-08,1.6e-08,3.069,2.713,0.3559999999999998,0.0142,5.53,-6.69e-08,6.69e-08,4.4756099999999986e-15,9.89e-08,1.3264e-15,-7.080921907623926,-7.79317412396815,0.1930036188178528,,,,,,,,,,,,,,,,,,,,,,,,
mCP-BP-DMAC,toluene,stda,-1.44e-08,-1.68e-08,3.115,2.751,0.3640000000000003,0.0174,5.572,-2.4000000000000012e-09,2.4000000000000012e-09,5.760000000000009e-18,-3.12e-08,2.4192000000000004e-16,-7.838631997765025,-7.772113295386326,1.1666666666666667,,,,,,,,,,,,,,,,,,,,,,,,
mCP-BP-DMAC,toluene,stddft,6.06e-08,-6.37e-08,3.078,2.719,0.359,0.0135,5.572,-1.243e-07,1.243e-07,1.545049e-14,-3.0999999999999947e-09,-3.86022e-15,-7.2168113089247425,-7.195179321278838,-1.051155115511551,,,,,,,,,,,,,,,,,,,,,,,,
mCP-BmPy,gas,stda,-5e-10,-2.61e-08,3.887,3.426,0.4609999999999998,0.3402,7.177,-2.56e-08,2.56e-08,6.5536e-16,-2.66e-08,1.305e-17,-9.221848749616356,-7.581698708680254,52.2,,,,,,,,,,,,,,,,,,,,,,,,
mCP-BmPy,gas,stddft,9.8e-08,-1.02e-08,3.828,3.402,0.4259999999999997,0.2773,7.177,-1.082e-07,1.082e-07,1.170724e-14,8.78e-08,-9.996000000000001e-16,-7.008330992620052,-7.987162775294828,-0.1040816326530612,,,,,,,,,,,,,,,,,,,,,,,,
mCP-BmPy,toluene,stda,3.67e-08,-7.2e-09,3.777,3.379,0.3980000000000001,0.3317,7.074,-4.39e-08,4.39e-08,1.92721e-15,2.95e-08,-2.6424e-16,-7.434152181326482,-8.136677139879543,-0.1961852861035422,,,,,,,,,,,,,,,,,,,,,,,,
mCP-BmPy,toluene,stddft,3.62e-08,-3.27e-08,3.712,3.357,0.355,0.2795,7.074,-6.89e-08,6.89e-08,4.74721e-15,3.4999999999999983e-09,-1.18374e-15,-7.440093374963888,-7.484126156288321,-0.903314917127072,,,,,,,,,,,,,,,,,,,,,,,,
mCP-Ph,gas,stda,3.5e-09,-4.73e-08,3.839,3.427,0.4119999999999999,0.3221,7.435,-5.08e-08,5.08e-08,2.58064e-15,-4.38e-08,-1.6555e-16,-8.443697499232712,-7.324221658325915,-13.514285714285714,,,,,,,,,,,,,,,,,,,,,,,,
mCP-Ph,gas,stddft,-9.18e-08,8.9e-09,3.78,3.405,0.375,0.2761,7.435,1.007e-07,1.007e-07,1.0140489999999998e-14,-8.290000000000002e-08,-8.1702e-16,-7.036684488613889,-8.045757490560675,-0.0969498910675381,,,,,,,,,,,,,,,,,,,,,,,,
mCP-Ph,toluene,stda,2.89e-08,6.22e-08,3.81,3.39,0.4199999999999999,0.3078,7.427,3.33e-08,3.33e-08,1.10889e-15,9.11e-08,1.79758e-15,-7.5376020021010435,-7.205511953340831,2.152249134948097,,,,,,,,,,,,,,,,,,,,,,,,
mCP-Ph,toluene,stddft,-6.1e-09,-7.8e-09,3.744,3.367,0.3770000000000002,0.2599,7.427,-1.7000000000000003e-09,1.7000000000000003e-09,2.890000000000001e-18,-1.39e-08,4.758e-17,-8.207608310501746,-8.102372908709558,1.278688524590164,,,,,,,,,,,,,,,,,,,,,,,,
mCP-Py,gas,stda,3.7e-09,-6.34e-08,3.897,3.421,0.476,0.3082,7.379,-6.71e-08,6.71e-08,4.50241e-15,-5.97e-08,-2.3458e-16,-8.42021640338319,-7.197226274708024,-17.135135135135133,,,,,,,,,,,,,,,,,,,,,,,,
mCP-Py,gas,stddft,5.3e-09,-1.09e-08,3.837,3.398,0.439,0.2147,7.379,-1.62e-08,1.62e-08,2.6244e-16,-5.6e-09,-5.777e-17,-8.267606240177031,-7.958607314841775,-2.056603773584905,,,,,,,,,,,,,,,,,,,,,,,,
mCP-Py,toluene,stda,7.5e-08,2.4e-08,3.807,3.388,0.419,0.3283,7.379,-5.0999999999999993e-08,5.0999999999999993e-08,2.601e-15,9.9e-08,1.8e-15,-7.124360062995832,-7.617982957425132,0.32,,,,,,,,,,,,,,,,,,,,,,,,
mCP-Py,toluene,stddft,-8.9e-09,4e-08,3.743,3.366,0.3769999999999998,0.2782,7.379,4.89e-08,4.89e-08,2.39121e-15,3.11e-08,-3.56e-16,-8.045757490560675,-7.396855627379818,-4.49438202247191,,,,,,,,,,,,,,,,,,,,,,,,
mCz-TAn-CN,gas,stda,7.56e-08,-1.73e-08,3.223,2.301,0.9219999999999996,0.5396,6.23,-9.29e-08,9.29e-08,8.63041e-15,5.83e-08,-1.30788e-15,-7.120904120499927,-7.7594507517174,-0.2288359788359788,,,,,,,,,,,,,,,,,,,,,,,,
mCz-TAn-CN,gas,stddft,1.015e-07,1.7e-09,3.072,2.236,0.8359999999999999,0.391,6.23,-9.980000000000001e-08,9.980000000000001e-08,9.960040000000002e-15,1.032e-07,1.7255e-16,-6.9931062920521,-8.744727494896694,0.0167487684729064,,,,,,,,,,,,,,,,,,,,,,,,
mCz-TAn-CN,toluene,stda,2.08e-07,5.09e-08,3.29,2.325,0.965,0.5226,6.318999999999999,-1.571e-07,1.571e-07,2.468041e-14,2.589e-07,1.05872e-14,-6.681727919788373,-7.292429823902063,0.2447115384615384,,,,,,,,,,,,,,,,,,,,,,,,
mCz-TAn-CN,toluene,stddft,1.38e-08,2.31e-08,3.14,2.259,0.8810000000000002,0.3803,6.318999999999999,9.3e-09,9.3e-09,8.648999999999998e-17,3.69e-08,3.1878e-16,-7.856985199745905,-7.634512015109101,1.6739130434782608,,,,,,,,,,,,,,,,,,,,,,,,
mDPBPZ-DPXZ,gas,stda,1.55e-08,-4.48e-08,2.87,2.613,0.2570000000000001,0.6926,4.692,-6.03e-08,6.03e-08,3.63609e-15,-2.93e-08,-6.943999999999999e-16,-7.806875401645538,-7.347753658996677,-2.890322580645161,,,,,,,,,,,,,,,,,,,,,,,,
mDPBPZ-DPXZ,gas,stddft,1.2e-09,6.72e-08,2.849,2.601,0.2480000000000002,0.6329,4.692,6.600000000000002e-08,6.600000000000002e-08,4.3560000000000006e-15,6.84e-08,8.064e-17,-8.886056647693163,-7.171984935776023,56.00000000000001,,,,,,,,,,,,,,,,,,,,,,,,
mDPBPZ-DPXZ,toluene,stda,-3.07e-08,-3.99e-08,2.923,2.684,0.2389999999999998,0.6392,4.692,-9.200000000000005e-09,9.200000000000005e-09,8.464000000000004e-17,-7.06e-08,1.22493e-15,-7.511449283499556,-7.397940008672037,1.299674267100977,,,,,,,,,,,,,,,,,,,,,,,,
mDPBPZ-DPXZ,toluene,stddft,-2.53e-08,-9.8e-09,2.905,2.673,0.2319999999999997,0.5914,4.692,1.55e-08,1.55e-08,2.4025e-16,-3.51e-08,2.4794000000000004e-16,-7.595166283380061,-8.00436480540245,0.3873517786561264,,,,,,,,,,,,,,,,,,,,,,,,
mP2MPC,gas,stda,-3.25e-08,-8.6e-09,3.812,3.419,0.3929999999999998,0.3059,7.186,2.39e-08,2.39e-08,5.712100000000002e-16,-4.11e-08,2.795e-16,-7.486782399932061,-8.060480747381382,0.2646153846153846,,,,,,,,,,,,,,,,,,,,,,,,
mP2MPC,gas,stddft,2.6e-09,-1.28e-08,3.767,3.391,0.3759999999999999,0.2609,7.186,-1.54e-08,1.54e-08,2.3715999999999994e-16,-1.02e-08,-3.328e-17,-8.568636235841012,-7.889410289700751,-4.923076923076923,,,,,,,,,,,,,,,,,,,,,,,,
mP2MPC,toluene,stda,2.54e-08,5.9e-09,3.777,3.387,0.3900000000000001,0.2825,7.197000000000001,-1.95e-08,1.95e-08,3.8024999999999997e-16,3.13e-08,1.4985999999999998e-16,-7.5934598195660445,-8.221848749616356,0.2322834645669291,,,,,,,,,,,,,,,,,,,,,,,,
mP2MPC,toluene,stddft,3.63e-08,6.27e-08,3.734,3.363,0.371,0.2578,7.197000000000001,2.64e-08,2.64e-08,6.969599999999999e-16,9.9e-08,2.27601e-15,-7.438898616350944,-7.202040356262804,1.7272727272727273,,,,,,,,,,,,,,,,,,,,,,,,
mPTBC,gas,stda,-1.58e-08,2.57e-08,2.986,2.705,0.2810000000000001,0.2837,5.632999999999999,4.15e-08,4.15e-08,1.7222499999999997e-15,9.9e-09,-4.0606e-16,-7.798602875679548,-7.58838029403677,-1.6265822784810129,,,,,,,,,,,,,,,,,,,,,,,,
mPTBC,gas,stddft,-3.7e-09,-4.6e-08,2.962,2.694,0.2680000000000002,0.2502,5.632999999999999,-4.23e-08,4.23e-08,1.7892900000000003e-15,-4.97e-08,1.702e-16,-8.42021640338319,-7.336299074610352,12.432432432432432,,,,,,,,,,,,,,,,,,,,,,,,
mPTBC,toluene,stda,2.7e-09,-1.51e-08,2.949,2.671,0.278,0.2783,5.527000000000001,-1.78e-08,1.78e-08,3.1684000000000004e-16,-1.24e-08,-4.077e-17,-8.55284196865778,-7.818156412055227,-5.592592592592592,,,,,,,,,,,,,,,,,,,,,,,,
mPTBC,toluene,stddft,-1.9e-08,3.08e-08,2.926,2.661,0.2650000000000001,0.246,5.527000000000001,4.98e-08,4.98e-08,2.48004e-15,1.1799999999999996e-08,-5.852e-16,-7.718966632752273,-7.510041520575165,-1.621052631578947,,,,,,,,,,,,,,,,,,,,,,,,
mPXTMP,gas,stda,5.31e-08,4.3e-09,3.871,3.455,0.4159999999999999,0.0007,7.322000000000001,-4.88e-08,4.88e-08,2.38144e-15,5.74e-08,2.2833e-16,-7.274088367704952,-8.356547323513812,0.0809792843691148,,,,,,,,,,,,,,,,,,,,,,,,
mPXTMP,gas,stddft,-7.26e-08,3.48e-08,3.836,3.427,0.4089999999999998,0.0006,7.322000000000001,1.074e-07,1.074e-07,1.153476e-14,-3.78e-08,-2.52648e-15,-7.138465589140962,-7.45717457304082,-0.4793388429752066,,,,,,,,,,,,,,,,,,,,,,,,
mPXTMP,toluene,stda,-5.21e-08,-3.57e-08,3.902,3.485,0.4170000000000002,0.0019,7.374999999999999,1.64e-08,1.64e-08,2.6896000000000004e-16,-8.78e-08,1.85997e-15,-7.282329496997738,-7.446116973356125,0.6852207293666027,,,,,,,,,,,,,,,,,,,,,,,,
mPXTMP,toluene,stddft,-4.78e-08,-6.34e-08,3.867,3.457,0.4100000000000001,0.0018,7.374999999999999,-1.56e-08,1.56e-08,2.4336e-16,-1.112e-07,3.03052e-15,-7.319664486585437,-7.197226274708024,1.3263598326359831,,,,,,,,,,,,,,,,,,,,,,,,
mTPA-PPI,gas,stda,4.62e-08,-8.5e-08,3.791,3.428,0.363,0.5561,6.759,-1.3119999999999998e-07,1.3119999999999998e-07,1.7213439999999996e-14,-3.88e-08,-3.9269999999999985e-15,-7.334419008982047,-7.070070439915412,-1.83982683982684,,,,,,,,,,,,,,,,,,,,,,,,
mTPA-PPI,gas,stddft,-1.159e-07,-8.1e-09,3.754,3.397,0.3570000000000002,0.4782,6.759,1.078e-07,1.078e-07,1.162084e-14,-1.24e-07,9.3879e-16,-6.935542010773082,-8.086186147616283,0.0698878343399482,,,,,,,,,,,,,,,,,,,,,,,,
mTPA-PPI,toluene,stda,1.66e-08,3.1e-08,3.748,3.383,0.3650000000000002,0.5607,6.638,1.44e-08,1.44e-08,2.0736e-16,4.76e-08,5.146e-16,-7.777283528852417,-7.507239610973162,1.867469879518072,,,,,,,,,,,,,,,,,,,,,,,,
mTPA-PPI,toluene,stddft,-1.2e-07,1.67e-08,3.71,3.357,0.3529999999999997,0.4756,6.638,1.367e-07,1.367e-07,1.868689e-14,-1.033e-07,-2.004e-15,-6.920456992597094,-7.774690718274137,-0.1391666666666667,,,,,,,,,,,,,,,,,,,,,,,,
mTPA–PPI,gas,stda,4.8e-09,4.03e-08,3.794,3.432,0.3620000000000001,0.5346,6.7620000000000005,3.5499999999999994e-08,3.5499999999999994e-08,1.2602499999999997e-15,4.51e-08,1.9344e-16,-8.309803919971486,-7.393618634889395,8.395833333333332,,,,,,,,,,,,,,,,,,,,,,,,
mTPA–PPI,gas,stddft,-3.97e-08,6.75e-08,3.757,3.402,0.355,0.4594,6.7620000000000005,1.0720000000000001e-07,1.0720000000000001e-07,1.1491840000000002e-14,2.7800000000000004e-08,-2.67975e-15,-7.400116927926312,-7.1700533040583645,-1.700251889168766,,,,,,,,,,,,,,,,,,,,,,,,
mTPA–PPI,toluene,stda,6.77e-08,8.01e-08,3.749,3.385,0.3640000000000003,0.5946,6.635,1.2399999999999992e-08,1.2399999999999992e-08,1.537599999999998e-16,1.478e-07,5.42277e-15,-7.168770306132937,-7.095825631715837,1.1831610044313146,,,,,,,,,,,,,,,,,,,,,,,,
mTPA–PPI,toluene,stddft,1.245e-07,4.36e-08,3.711,3.36,0.351,0.5021,6.635,-8.090000000000003e-08,8.090000000000003e-08,6.5448100000000015e-15,1.681e-07,5.4282e-15,-6.9044819576768495,-7.359518563029578,0.3502008032128513,,,,,,,,,,,,,,,,,,,,,,,,
o-Ac2BBP,gas,stda,-2.1e-08,1.05e-08,3.313,2.78,0.5330000000000004,0.2593,5.765000000000001,3.15e-08,3.15e-08,9.9225e-16,-1.05e-08,-2.2049999999999998e-16,-7.675717544702307,-7.97469413473523,-0.5,,,,,,,,,,,,,,,,,,,,,,,,
o-Ac2BBP,gas,stddft,4.94e-08,4.37e-08,3.294,2.749,0.5449999999999999,0.2864,5.765000000000001,-5.699999999999998e-09,5.699999999999998e-09,3.248999999999998e-17,9.31e-08,2.15878e-15,-7.305394801066432,-7.3585258894959,0.8846153846153847,,,,,,,,,,,,,,,,,,,,,,,,
o-Ac2BBP,toluene,stda,2.27e-08,-1.029e-07,3.233,3.106,0.1270000000000002,0.0667,5.497,-1.256e-07,1.256e-07,1.5775360000000002e-14,-8.02e-08,-2.3358300000000003e-15,-7.642065152999546,-6.987162775294828,-4.533039647577092,,,,,,,,,,,,,,,,,,,,,,,,
o-Ac2BBP,toluene,stddft,4.8e-09,-4.12e-08,3.226,3.099,0.1269999999999997,0.0641,5.497,-4.6e-08,4.6e-08,2.116e-15,-3.64e-08,-1.9775999999999998e-16,-8.309803919971486,-7.384049948343599,-8.583333333333334,,,,,,,,,,,,,,,,,,,,,,,,
o-CzOXD,gas,stda,4.05e-08,6.8e-08,3.756,3.415,0.3409999999999997,0.3198,6.661,2.75e-08,2.75e-08,7.562500000000001e-16,1.085e-07,2.754e-15,-7.391473966422806,-7.166852888087215,1.6790123456790125,,,,,,,,,,,,,,,,,,,,,,,,
o-CzOXD,gas,stddft,6.08e-08,2.06e-08,3.73,3.391,0.3389999999999999,0.2658,6.661,-4.02e-08,4.02e-08,1.6160400000000001e-15,8.14e-08,1.25248e-15,-7.215382707367125,-7.684029654543083,0.3388157894736842,,,,,,,,,,,,,,,,,,,,,,,,
o-CzOXD,toluene,stda,8.3e-09,-1.32e-08,3.725,3.38,0.3450000000000002,0.2886,6.7010000000000005,-2.15e-08,2.15e-08,4.622500000000002e-16,-4.900000000000001e-09,-1.0956e-16,-8.075720713938118,-7.876148359032914,-1.5903614457831323,,,,,,,,,,,,,,,,,,,,,,,,
o-CzOXD,toluene,stddft,-5.29e-08,-5.15e-08,3.698,3.356,0.3420000000000001,0.2559,6.7010000000000005,1.399999999999999e-09,1.399999999999999e-09,1.959999999999998e-18,-1.044e-07,2.72435e-15,-7.275724130399211,-7.287350298372789,0.9735349716446124,,,,,,,,,,,,,,,,,,,,,,,,
o-PCzTPD,gas,stda,-4.2e-08,3.7e-09,3.721,3.276,0.4450000000000003,0.2236,6.785,4.57e-08,4.57e-08,2.08849e-15,-3.83e-08,-1.554e-16,-7.375717904164332,-8.42021640338319,-0.0880952380952381,,,,,,,,,,,,,,,,,,,,,,,,
o-PCzTPD,gas,stddft,-3.07e-08,-4.24e-08,3.699,3.239,0.4599999999999999,0.2044,6.785,-1.1700000000000006e-08,1.1700000000000006e-08,1.3689000000000014e-16,-7.31e-08,1.30168e-15,-7.511449283499556,-7.371611069949688,1.3811074918566777,,,,,,,,,,,,,,,,,,,,,,,,
o-PCzTPD,toluene,stda,5e-09,8.82e-08,3.756,3.335,0.4209999999999998,0.0276,6.891,8.319999999999999e-08,8.319999999999999e-08,6.922239999999999e-15,9.32e-08,4.4099999999999997e-16,-8.292429823902063,-7.054039296422432,17.639999999999997,,,,,,,,,,,,,,,,,,,,,,,,
o-PCzTPD,toluene,stddft,1.21e-08,-1.92e-08,3.71,3.298,0.4119999999999999,0.0301,6.891,-3.13e-08,3.13e-08,9.7969e-16,-7.099999999999999e-09,-2.3232e-16,-7.913640169325252,-7.714442690992226,-1.586776859504132,,,,,,,,,,,,,,,,,,,,,,,,
o-Px2BBP,gas,stda,8.7e-09,2.5e-08,2.777,2.386,0.391,0.3445,5.210999999999999,1.63e-08,1.63e-08,2.6569000000000003e-16,3.37e-08,2.1749999999999998e-16,-8.05551732784983,-7.600326278518962,2.8735632183908044,,,,,,,,,,,,,,,,,,,,,,,,
o-Px2BBP,gas,stddft,-3.41e-08,-1.77e-08,2.742,2.371,0.371,0.3008,5.210999999999999,1.64e-08,1.64e-08,2.6896000000000004e-16,-5.18e-08,6.0357e-16,-7.465973893943865,-7.749579997691106,0.5190615835777126,,,,,,,,,,,,,,,,,,,,,,,,
o-Px2BBP,toluene,stda,-2.5e-09,-1.55e-08,2.98,2.681,0.2989999999999999,0.3215,5.16,-1.3e-08,1.3e-08,1.69e-16,-1.8e-08,3.875e-17,-8.585026652029182,-7.806875401645538,6.2,,,,,,,,,,,,,,,,,,,,,,,,
o-Px2BBP,toluene,stddft,6.8e-09,3.2e-09,2.963,2.671,0.2920000000000002,0.2852,5.16,-3.5999999999999996e-09,3.5999999999999996e-09,1.2959999999999997e-17,1e-08,2.176e-17,-8.161150909262744,-8.481486060122112,0.4705882352941177,,,,,,,,,,,,,,,,,,,,,,,,
o-TPA-AP-TPA,gas,stda,-4.1e-09,7.58e-08,3.127,2.213,0.9139999999999996,0.8104,5.746,7.990000000000002e-08,7.990000000000002e-08,6.384010000000001e-15,7.17e-08,-3.1078000000000004e-16,-8.3767507096021,-7.11975822410452,-18.48780487804878,,,,,,,,,,,,,,,,,,,,,,,,
o-TPA-AP-TPA,gas,stddft,3.82e-08,-4.79e-08,3.008,2.145,0.863,0.5779,5.746,-8.61e-08,8.61e-08,7.41321e-15,-9.700000000000001e-09,-1.82978e-15,-7.416801226031377,-7.318758762624412,-1.2539267015706808,,,,,,,,,,,,,,,,,,,,,,,,
o-TPA-AP-TPA,toluene,stda,9.78e-08,-2.275e-07,3.107,2.199,0.9080000000000004,0.8245,5.732000000000001,-3.253e-07,3.253e-07,1.0582009e-13,-1.297e-07,-2.2249499999999998e-14,-7.009217308196862,-6.642827742276967,-2.326175869120654,,,,,,,,,,,,,,,,,,,,,,,,
o-TPA-AP-TPA,toluene,stddft,3.96e-08,-4.62e-08,2.989,2.131,0.8580000000000001,0.5899,5.732000000000001,-8.58e-08,8.58e-08,7.361639999999998e-15,-6.5999999999999995e-09,-1.82952e-15,-7.401209493236885,-7.334419008982047,-1.1666666666666667,,,,,,,,,,,,,,,,,,,,,,,,
oCBP,gas,stda,3.69e-08,-4.86e-08,3.858,3.378,0.48,0.1346,7.1850000000000005,-8.549999999999999e-08,8.549999999999999e-08,7.310249999999998e-15,-1.17e-08,-1.79334e-15,-7.431798275933005,-7.312471038785365,-1.3170731707317074,,,,,,,,,,,,,,,,,,,,,,,,
oCBP,gas,stddft,-2.36e-08,-7.12e-08,3.79,3.356,0.4340000000000001,0.1134,7.1850000000000005,-4.76e-08,4.76e-08,2.2657600000000004e-15,-9.48e-08,1.68032e-15,-7.625251653989896,-7.146910470148135,3.016949152542373,,,,,,,,,,,,,,,,,,,,,,,,
oCBP,toluene,stda,-2.45e-08,1.6e-08,3.816,3.328,0.488,0.143,7.237999999999999,4.05e-08,4.05e-08,1.64025e-15,-8.5e-09,-3.9200000000000006e-16,-7.609064892896621,-7.79317412396815,-0.653061224489796,,,,,,,,,,,,,,,,,,,,,,,,
oCBP,toluene,stddft,2.68e-08,4.25e-08,3.748,3.306,0.4420000000000001,0.1175,7.237999999999999,1.5699999999999998e-08,1.5699999999999998e-08,2.4648999999999994e-16,6.929999999999999e-08,1.1389999999999998e-15,-7.570247719997592,-7.370590400897281,1.585820895522388,,,,,,,,,,,,,,,,,,,,,,,,
oDTBPZ-DPXZ,gas,stda,-2e-09,-9.8e-09,2.985,2.736,0.2489999999999996,0.6449,4.817,-7.8e-09,7.8e-09,6.084e-17,-1.18e-08,1.96e-17,-8.67778070526608,-8.00436480540245,4.9,,,,,,,,,,,,,,,,,,,,,,,,
oDTBPZ-DPXZ,gas,stddft,-1.73e-08,-7.44e-08,2.966,2.724,0.242,0.5947,4.817,-5.71e-08,5.71e-08,3.26041e-15,-9.170000000000001e-08,1.28712e-15,-7.7594507517174,-7.127843727251707,4.300578034682081,,,,,,,,,,,,,,,,,,,,,,,,
oDTBPZ-DPXZ,toluene,stda,7e-10,-3.42e-08,3.042,2.813,0.2289999999999996,0.5814,4.834,-3.49e-08,3.49e-08,1.21801e-15,-3.35e-08,-2.394e-17,-9.096910013008056,-7.464705879957229,-48.85714285714286,,,,,,,,,,,,,,,,,,,,,,,,
oDTBPZ-DPXZ,toluene,stddft,-1.25e-08,-1.48e-08,3.025,2.801,0.2239999999999997,0.5435,4.834,-2.3000000000000007e-09,2.3000000000000007e-09,5.2900000000000034e-18,-2.73e-08,1.85e-16,-7.899629454882437,-7.826813731587726,1.1840000000000002,,,,,,,,,,,,,,,,,,,,,,,,
oDTPA-DTPZ,gas,stda,7.92e-08,-6.34e-08,2.98,2.495,0.4849999999999999,0.0413,5.414,-1.426e-07,1.426e-07,2.0334759999999998e-14,1.5799999999999996e-08,-5.02128e-15,-7.100726812682396,-7.197226274708024,-0.8005050505050505,,,,,,,,,,,,,,,,,,,,,,,,
oDTPA-DTPZ,gas,stddft,3.15e-08,-1.44e-08,2.906,2.456,0.4500000000000002,0.0295,5.414,-4.59e-08,4.59e-08,2.10681e-15,1.7099999999999998e-08,-4.535999999999999e-16,-7.5003129173815966,-7.838631997765025,-0.4571428571428572,,,,,,,,,,,,,,,,,,,,,,,,
oDTPA-DTPZ,toluene,stda,5.55e-08,4.6e-08,3.07,2.549,0.5209999999999999,0.0355,5.33,-9.5e-09,9.5e-09,9.025e-17,1.015e-07,2.5530000000000007e-15,-7.2549252084179425,-7.336299074610352,0.8288288288288288,,,,,,,,,,,,,,,,,,,,,,,,
oDTPA-DTPZ,toluene,stddft,6.5e-08,6.35e-08,2.993,2.508,0.4849999999999999,0.0251,5.33,-1.4999999999999934e-09,1.4999999999999934e-09,2.249999999999981e-18,1.2850000000000002e-07,4.1275e-15,-7.186419011431808,-7.196542884351586,0.976923076923077,,,,,,,,,,,,,,,,,,,,,,,,
oPTBC,gas,stda,9.4e-09,1.47e-08,2.726,2.573,0.153,0.0935,5.738,5.2999999999999995e-09,5.2999999999999995e-09,2.808999999999999e-17,2.41e-08,1.3817999999999998e-16,-8.022276394711152,-7.829738284605042,1.5638297872340423,,,,,,,,,,,,,,,,,,,,,,,,
oPTBC,gas,stddft,-8.2e-09,-9.9e-09,2.713,2.566,0.1470000000000002,0.0811,5.738,-1.6999999999999987e-09,1.6999999999999987e-09,2.8899999999999958e-18,-1.81e-08,8.118e-17,-8.080921907623926,-8.0,1.2073170731707314,,,,,,,,,,,,,,,,,,,,,,,,
oPTBC,toluene,stda,-1.42e-08,2.4e-09,2.711,2.56,0.1509999999999998,0.0915,5.630000000000001,1.66e-08,1.66e-08,2.7556e-16,-1.18e-08,-3.408e-17,-7.844663962534939,-8.602059991327963,-0.1690140845070422,,,,,,,,,,,,,,,,,,,,,,,,
oPTBC,toluene,stddft,1.37e-08,-2.28e-08,2.698,2.553,0.145,0.0798,5.630000000000001,-3.65e-08,3.65e-08,1.3322500000000001e-15,-9.1e-09,-3.1236e-16,-7.860120913598763,-7.640164517660112,-1.6642335766423355,,,,,,,,,,,,,,,,,,,,,,,,
oTPAPO-DTPZ,gas,stda,8.6e-08,-7.2e-09,2.96,2.466,0.4939999999999998,0.049,5.382,-9.32e-08,9.32e-08,8.68624e-15,7.88e-08,-6.192e-16,-7.064996848546345,-8.136677139879543,-0.0837209302325581,,,,,,,,,,,,,,,,,,,,,,,,
oTPAPO-DTPZ,gas,stddft,-6.25e-08,1.1e-08,2.883,2.426,0.4569999999999998,0.0355,5.382,7.349999999999999e-08,7.349999999999999e-08,5.402249999999998e-15,-5.15e-08,-6.874999999999999e-16,-7.20342566678957,-7.954677021213342,-0.176,,,,,,,,,,,,,,,,,,,,,,,,
oTPAPO-DTPZ,toluene,stda,6.21e-08,3.57e-08,3.021,2.51,0.5110000000000001,0.0497,5.276,-2.639999999999999e-08,2.639999999999999e-08,6.969599999999996e-16,9.78e-08,2.21697e-15,-7.206209615309182,-7.446116973356125,0.5748792270531402,,,,,,,,,,,,,,,,,,,,,,,,
oTPAPO-DTPZ,toluene,stddft,-8.98e-08,-1.017e-07,2.942,2.469,0.4730000000000003,0.0368,5.276,-1.1900000000000009e-08,1.1900000000000009e-08,1.4161000000000015e-16,-1.915e-07,9.13266e-15,-7.046240308266771,-6.99225222199926,1.1325167037861916,,,,,,,,,,,,,,,,,,,,,,,,
p-DHMPA,gas,stda,3.79e-08,-2.27e-08,3.254,2.244,1.0099999999999998,0.4532,6.379999999999999,-6.06e-08,6.06e-08,3.67236e-15,1.52e-08,-8.603300000000001e-16,-7.42021640338319,-7.642065152999546,-0.5989445910290238,,,,,,,,,,,,,,,,,,,,,,,,
p-DHMPA,gas,stddft,7.79e-08,6.44e-08,3.076,2.172,0.904,0.32,6.379999999999999,-1.3500000000000008e-08,1.3500000000000008e-08,1.8225000000000023e-16,1.423e-07,5.01676e-15,-7.107905397309519,-7.1904402853647325,0.8267008985879332,,,,,,,,,,,,,,,,,,,,,,,,
p-DHMPA,toluene,stda,6.19e-08,-3.2e-08,3.279,2.258,1.021,0.4219,6.416999999999999,-9.390000000000001e-08,9.390000000000001e-08,8.817210000000003e-15,2.99e-08,-1.9808e-15,-7.207608310501746,-7.493494967595128,-0.5169628432956381,,,,,,,,,,,,,,,,,,,,,,,,
p-DHMPA,toluene,stddft,-1.584e-07,-1.25e-08,3.098,2.185,0.9129999999999998,0.2986,6.416999999999999,1.459e-07,1.459e-07,2.128681e-14,-1.709e-07,1.98e-15,-6.79997073344623,-7.899629454882437,0.0789141414141414,,,,,,,,,,,,,,,,,,,,,,,,
p-DTPACO,gas,stda,3.63e-08,-7.79e-08,3.404,2.82,0.5840000000000001,1.8591,5.989,-1.142e-07,1.142e-07,1.304164e-14,-4.16e-08,-2.82777e-15,-7.438898616350944,-7.107905397309519,-2.1460055096418733,,,,,,,,,,,,,,,,,,,,,,,,
p-DTPACO,gas,stddft,7.08e-08,-2.71e-08,3.36,2.794,0.5659999999999998,1.6506,5.989,-9.79e-08,9.79e-08,9.58441e-15,4.37e-08,-1.91868e-15,-7.149353764816934,-7.565431095965801,-0.3827683615819209,,,,,,,,,,,,,,,,,,,,,,,,
p-DTPACO,toluene,stda,3.78e-08,-2.04e-08,3.354,2.713,0.641,1.5125,5.896999999999999,-5.820000000000001e-08,5.820000000000001e-08,3.387240000000001e-15,1.74e-08,-7.711200000000001e-16,-7.421360790031928,-7.688246138944246,-0.5396825396825397,,,,,,,,,,,,,,,,,,,,,,,,
p-DTPACO,toluene,stddft,2.82e-08,1.96e-08,3.306,2.685,0.621,1.3427,5.896999999999999,-8.600000000000001e-09,8.600000000000001e-09,7.396000000000001e-17,4.780000000000001e-08,5.5272e-16,-7.548213564475709,-7.705533773838407,0.6950354609929078,,,,,,,,,,,,,,,,,,,,,,,,
p-PCzTPD,gas,stda,-5.88e-08,7.05e-08,3.446,2.864,0.5820000000000003,2.2282,6.3020000000000005,1.293e-07,1.293e-07,1.671849e-14,1.1700000000000006e-08,-4.1454e-15,-7.229884705212898,-7.151195298948196,-1.1989795918367347,,,,,,,,,,,,,,,,,,,,,,,,
p-PCzTPD,gas,stddft,-4.23e-08,4.25e-08,3.409,2.824,0.585,1.9739,6.3020000000000005,8.479999999999999e-08,8.479999999999999e-08,7.191039999999998e-15,1.999999999999952e-10,-1.79775e-15,-7.372634143407267,-7.370590400897281,-1.0047281323877066,,,,,,,,,,,,,,,,,,,,,,,,
p-PCzTPD,toluene,stda,-3.8e-09,-3.83e-08,3.432,2.836,0.5960000000000001,2.2174,6.295,-3.45e-08,3.45e-08,1.1902499999999998e-15,-4.21e-08,1.4554e-16,-8.4089353929735,-7.415668775632469,10.078947368421051,,,,,,,,,,,,,,,,,,,,,,,,
p-PCzTPD,toluene,stddft,-4.93e-08,-1.07e-08,3.393,2.794,0.5989999999999998,1.9562,6.295,3.86e-08,3.86e-08,1.48996e-15,-6e-08,5.2751e-16,-7.306273051076353,-7.966576244513051,0.2170385395537525,,,,,,,,,,,,,,,,,,,,,,,,
p-PO-ABN,gas,stda,-8.5e-08,-6.72e-08,3.226,2.246,0.98,1.0467,6.2780000000000005,1.7799999999999987e-08,1.7799999999999987e-08,3.1683999999999954e-16,-1.522e-07,5.712e-15,-7.070070439915412,-7.171984935776023,0.7905882352941178,,,,,,,,,,,,,,,,,,,,,,,,
p-PO-ABN,gas,stddft,-8.41e-08,-7.16e-08,3.086,2.177,0.9089999999999998,0.7278,6.2780000000000005,1.25e-08,1.25e-08,1.5624999999999998e-16,-1.557e-07,6.021560000000001e-15,-7.074687908500351,-7.1444808443322,0.8513674197384067,,,,,,,,,,,,,,,,,,,,,,,,
p-PO-ABN,toluene,stda,-5.92e-08,-6.7e-09,3.212,2.266,0.9460000000000002,1.0158,6.317,5.25e-08,5.25e-08,2.75625e-15,-6.59e-08,3.9663999999999997e-16,-7.226945306635737,-8.167491087293763,0.1131756756756756,,,,,,,,,,,,,,,,,,,,,,,,
p-PO-ABN,toluene,stddft,5.01e-08,1.9e-08,3.07,2.196,0.8739999999999997,0.7121,6.317,-3.1099999999999994e-08,3.1099999999999994e-08,9.672099999999996e-16,6.91e-08,9.519e-16,-7.29929628285498,-7.718966632752273,0.3792415169660679,,,,,,,,,,,,,,,,,,,,,,,,
p-PO15NCzDPA,gas,stda,-1.5e-09,1.424e-07,3.207,2.257,0.9499999999999996,0.6746,6.340999999999999,1.439e-07,1.439e-07,2.0707210000000005e-14,1.409e-07,-2.136e-16,-8.795880017344075,-6.846185135655471,-94.93333333333334,,,,,,,,,,,,,,,,,,,,,,,,
p-PO15NCzDPA,gas,stddft,-4.11e-08,1.026e-07,3.047,2.187,0.8600000000000003,0.4898,6.340999999999999,1.437e-07,1.437e-07,2.0649689999999998e-14,6.150000000000001e-08,-4.21686e-15,-7.3851027839668655,-6.988429556402722,-2.496350364963504,,,,,,,,,,,,,,,,,,,,,,,,
p-PO15NCzDPA,toluene,stda,-6.12e-08,-5e-10,3.215,2.26,0.955,0.6454,6.363,6.070000000000002e-08,6.070000000000002e-08,3.684490000000001e-15,-6.17e-08,3.0600000000000007e-17,-7.212539525481585,-9.221848749616356,0.0081699346405228,,,,,,,,,,,,,,,,,,,,,,,,
p-PO15NCzDPA,toluene,stddft,-9.11e-08,2.24e-08,3.05,2.189,0.8609999999999998,0.4663,6.363,1.135e-07,1.135e-07,1.288225e-14,-6.87e-08,-2.04064e-15,-7.040005161671584,-7.647817481888637,-0.2458836443468715,,,,,,,,,,,,,,,,,,,,,,,,
p-TPA-AP-TPA,gas,stda,-5.7e-09,-4.58e-08,3.253,2.297,0.956,1.4734,5.751,-4.01e-08,4.01e-08,1.60801e-15,-5.15e-08,2.6106e-16,-8.236572006437063,-7.338187314462739,8.035087719298247,,,,,,,,,,,,,,,,,,,,,,,,
p-TPA-AP-TPA,gas,stddft,-4.38e-08,-1e-09,3.138,2.228,0.9099999999999996,1.0226,5.751,4.28e-08,4.28e-08,1.83184e-15,-4.48e-08,4.3800000000000004e-17,-7.357535479757878,-8.958607314841775,0.0228310502283105,,,,,,,,,,,,,,,,,,,,,,,,
p-TPA-AP-TPA,toluene,stda,2.95e-08,1.318e-07,3.243,2.291,0.952,1.3797,5.73,1.0230000000000001e-07,1.0230000000000001e-07,1.0465290000000002e-14,1.613e-07,3.8881e-15,-7.528708288941061,-6.879755204453635,4.467796610169492,,,,,,,,,,,,,,,,,,,,,,,,
p-TPA-AP-TPA,toluene,stddft,-1.437e-07,9.29e-08,3.122,2.22,0.9019999999999996,0.9504,5.73,2.366e-07,2.366e-07,5.597956e-14,-5.079999999999999e-08,-1.334973e-14,-6.842241113953136,-7.031517051446065,-0.6464857341684065,,,,,,,,,,,,,,,,,,,,,,,,
p2Cz2Trz,gas,stda,1.64e-08,9.3e-09,3.258,3.057,0.201,0.1474,6.093000000000001,-7.100000000000001e-09,7.100000000000001e-09,5.041000000000001e-17,2.5700000000000002e-08,1.5252e-16,-7.782516055786093,-8.0268721464003,0.5670731707317073,,,,,,,,,,,,,,,,,,,,,,,,
p2Cz2Trz,gas,stddft,-5.9e-09,-7.08e-08,3.235,3.046,0.189,0.1297,6.093000000000001,-6.49e-08,6.49e-08,4.21201e-15,-7.669999999999999e-08,4.1771999999999996e-16,-8.221848749616356,-7.149353764816934,12.0,,,,,,,,,,,,,,,,,,,,,,,,
p2Cz2Trz,toluene,stda,-2.81e-08,-9.5e-09,3.3,3.096,0.2039999999999997,0.1487,6.112000000000001,1.86e-08,1.86e-08,3.4596e-16,-3.76e-08,2.6695000000000003e-16,-7.549750891680639,-8.017728766960431,0.3380782918149466,,,,,,,,,,,,,,,,,,,,,,,,
p2Cz2Trz,toluene,stddft,-4e-09,3.3e-09,3.276,3.085,0.1909999999999998,0.1314,6.112000000000001,7.300000000000001e-09,7.300000000000001e-09,5.3290000000000005e-17,-7.000000000000001e-10,-1.3200000000000002e-17,-8.387216143280265,-8.468521082957745,-0.825,,,,,,,,,,,,,,,,,,,,,,,,
pCNBCzoCF3,gas,stda,2.64e-08,2.21e-08,3.879,3.457,0.4220000000000001,0.7737,6.604,-4.300000000000002e-09,4.300000000000002e-09,1.8490000000000018e-17,4.85e-08,5.8344e-16,-7.576754126063192,-7.653647025549361,0.837121212121212,,,,,,,,,,,,,,,,,,,,,,,,
pCNBCzoCF3,gas,stddft,4.45e-08,3.55e-08,3.833,3.438,0.395,0.2682,6.604,-9.000000000000001e-09,9.000000000000001e-09,8.100000000000001e-17,8e-08,1.57975e-15,-7.350665141287858,-7.448550002027125,0.797752808988764,,,,,,,,,,,,,,,,,,,,,,,,
pCNBCzoCF3,toluene,stda,2.9e-09,-9.4e-09,3.839,3.441,0.3980000000000001,1.0421,6.525,-1.23e-08,1.23e-08,1.5129e-16,-6.5e-09,-2.726e-17,-8.522878745280337,-8.022276394711152,-3.2413793103448274,,,,,,,,,,,,,,,,,,,,,,,,
pCNBCzoCF3,toluene,stddft,1.92e-08,-2.03e-08,3.804,3.424,0.3799999999999999,0.8421,6.525,-3.95e-08,3.95e-08,1.5602500000000005e-15,-1.1e-09,-3.8976e-16,-7.714442690992226,-7.690369832574102,-1.0572916666666667,,,,,,,,,,,,,,,,,,,,,,,,
pCbz-PYR,gas,stda,-1.99e-08,4.19e-08,3.872,3.496,0.3759999999999999,1.0415,7.261,6.18e-08,6.18e-08,3.8192399999999985e-15,2.2e-08,-8.338099999999999e-16,-7.698970004336019,-7.376750709602099,-2.1055276381909547,,,,,,,,,,,,,,,,,,,,,,,,
pCbz-PYR,gas,stddft,2.23e-08,-8.89e-08,3.839,3.476,0.363,0.9302,7.261,-1.112e-07,1.112e-07,1.2365439999999998e-14,-6.66e-08,-1.98247e-15,-7.649751981665837,-7.050609993355088,-3.9865470852017935,,,,,,,,,,,,,,,,,,,,,,,,
pCbz-PYR,toluene,stda,-2.15e-08,9.7e-09,3.854,3.488,0.3660000000000001,1.0697,7.242000000000001,3.12e-08,3.12e-08,9.7344e-16,-1.18e-08,-2.0854999999999998e-16,-7.665546248849069,-8.008773924307505,-0.4511627906976743,,,,,,,,,,,,,,,,,,,,,,,,
pCbz-PYR,toluene,stddft,4.2e-09,1.092e-07,3.82,3.468,0.3519999999999998,0.9506,7.242000000000001,1.05e-07,1.05e-07,1.1025e-14,1.134e-07,4.5864e-16,-8.366531544420413,-6.961379838050298,26.0,,,,,,,,,,,,,,,,,,,,,,,,
pCzAnBzt,gas,stda,-5e-09,-3.5e-09,3.285,2.279,1.0060000000000002,0.6744,6.097999999999999,1.5e-09,1.5e-09,2.2500000000000007e-18,-8.5e-09,1.75e-17,-8.292429823902063,-8.443697499232712,0.7,,,,,,,,,,,,,,,,,,,,,,,,
pCzAnBzt,gas,stddft,-9.87e-08,-5.5e-08,3.122,2.209,0.9129999999999998,0.4747,6.097999999999999,4.37e-08,4.37e-08,1.90969e-15,-1.537e-07,5.428500000000001e-15,-7.005243055412372,-7.258848401148215,0.5572441742654509,,,,,,,,,,,,,,,,,,,,,,,,
pCzAnBzt,toluene,stda,-2.25e-08,-1.364e-07,3.293,2.278,1.015,0.652,6.159000000000001,-1.1390000000000001e-07,1.1390000000000001e-07,1.2973210000000002e-14,-1.589e-07,3.069e-15,-7.645891560852599,-6.864867348623225,6.062222222222222,,,,,,,,,,,,,,,,,,,,,,,,
pCzAnBzt,toluene,stddft,-7.7e-08,-1.278e-07,3.13,2.208,0.9219999999999996,0.4629,6.159000000000001,-5.079999999999999e-08,5.079999999999999e-08,2.5806399999999997e-15,-2.048e-07,9.8406e-15,-7.112945621949043,-6.893129455521346,1.6597402597402595,,,,,,,,,,,,,,,,,,,,,,,,
pCzAnN,gas,stda,-7.93e-08,-1.577e-07,3.27,2.252,1.0180000000000002,0.7708,6.189000000000001,-7.84e-08,7.84e-08,6.146559999999998e-15,-2.37e-07,1.250561e-14,-7.100179497572904,-6.801893001126598,1.9886506935687265,,,,,,,,,,,,,,,,,,,,,,,,
pCzAnN,gas,stddft,-1.301e-07,-2.131e-07,3.115,2.182,0.9330000000000004,0.5475,6.189000000000001,-8.3e-08,8.3e-08,6.888999999999998e-15,-3.432e-07,2.772431e-14,-6.885389015767827,-6.671212799645465,1.6379707916986932,,,,,,,,,,,,,,,,,,,,,,,,
pCzAnN,toluene,stda,1.718e-07,3.14e-08,3.287,2.259,1.028,0.7107,6.228000000000001,-1.404e-07,1.404e-07,1.9712159999999995e-14,2.032e-07,5.39452e-15,-6.764724123312948,-7.501689446210399,0.1827706635622817,,,,,,,,,,,,,,,,,,,,,,,,
pCzAnN,toluene,stddft,8e-10,4.86e-08,3.128,2.189,0.939,0.5031,6.228000000000001,4.78e-08,4.78e-08,2.28484e-15,4.94e-08,3.888e-17,-9.045757490560677,-7.312471038785365,60.74999999999999,,,,,,,,,,,,,,,,,,,,,,,,
pDPAPQ-PXZ,gas,stda,-1.63e-08,-3.13e-08,2.066,1.821,0.2449999999999998,0.2948,4.869,-1.5000000000000002e-08,1.5000000000000002e-08,2.2500000000000006e-16,-4.76e-08,5.1019e-16,-7.785156151952302,-7.503070351926785,1.9202453987730064,,,,,,,,,,,,,,,,,,,,,,,,
pDPAPQ-PXZ,gas,stddft,3.55e-08,1.45e-08,2.042,1.808,0.2339999999999997,0.2639,4.869,-2.1e-08,2.1e-08,4.4099999999999997e-16,5e-08,5.1475e-16,-7.448550002027125,-7.835647144215563,0.4084507042253521,,,,,,,,,,,,,,,,,,,,,,,,
pDPAPQ-PXZ,toluene,stda,-1.7e-09,5.41e-08,2.032,1.786,0.246,0.291,4.811,5.5800000000000003e-08,5.5800000000000003e-08,3.1136400000000002e-15,5.24e-08,-9.196999999999999e-17,-8.744727494896694,-7.266000713461613,-31.823529411764707,,,,,,,,,,,,,,,,,,,,,,,,
pDPAPQ-PXZ,toluene,stddft,-1.7e-09,-3.4e-09,2.007,1.773,0.2340000000000002,0.2607,4.811,-1.7e-09,1.7e-09,2.89e-18,-5.099999999999999e-09,5.779999999999999e-18,-8.744727494896694,-8.455931955649724,2.0,,,,,,,,,,,,,,,,,,,,,,,,
pDPBPZ-PXZ,gas,stda,2.1e-09,7.21e-08,2.985,2.757,0.2279999999999997,0.4127,4.704000000000001,7e-08,7e-08,4.900000000000001e-15,7.42e-08,1.5141000000000003e-16,-8.657577319177793,-7.141462802430361,34.33333333333333,,,,,,,,,,,,,,,,,,,,,,,,
pDPBPZ-PXZ,gas,stddft,6.4e-09,4e-09,2.97,2.726,0.2440000000000002,0.3878,4.704000000000001,-2.4e-09,2.4e-09,5.76e-18,1.04e-08,2.5600000000000002e-17,-8.187086643357144,-8.387216143280265,0.625,,,,,,,,,,,,,,,,,,,,,,,,
pDPBPZ-PXZ,toluene,stda,2.33e-08,9.9e-09,2.99,2.768,0.2220000000000004,0.4105,4.695,-1.3400000000000001e-08,1.3400000000000001e-08,1.7956000000000003e-16,3.32e-08,2.3067e-16,-7.6307841425898575,-8.0,0.4248927038626609,,,,,,,,,,,,,,,,,,,,,,,,
pDPBPZ-PXZ,toluene,stddft,-8.5e-09,5.07e-08,2.975,2.737,0.238,0.3862,4.695,5.92e-08,5.92e-08,3.50464e-15,4.22e-08,-4.3095e-16,-8.065501548756432,-7.294136287716081,-5.964705882352941,,,,,,,,,,,,,,,,,,,,,,,,
pDTCz-2DPyS,gas,stda,-3.57e-08,-5.05e-08,3.707,3.348,0.359,0.1711,6.967999999999999,-1.48e-08,1.48e-08,2.1904e-16,-8.62e-08,1.80285e-15,-7.446116973356125,-7.295849483160201,1.4145658263305323,,,,,,,,,,,,,,,,,,,,,,,,
pDTCz-2DPyS,gas,stddft,3.53e-08,5.7e-09,3.686,3.329,0.3569999999999997,0.1646,6.967999999999999,-2.96e-08,2.96e-08,8.7616e-16,4.1e-08,2.0121e-16,-7.450996737974212,-8.236572006437063,0.1614730878186968,,,,,,,,,,,,,,,,,,,,,,,,
pDTCz-2DPyS,toluene,stda,6.5e-09,6.1e-09,3.732,3.277,0.455,0.1279,6.815,-4.000000000000002e-10,4.000000000000002e-10,1.600000000000002e-19,1.26e-08,3.965e-17,-8.18045606445813,-8.207608310501746,0.9384615384615383,,,,,,,,,,,,,,,,,,,,,,,,
pDTCz-2DPyS,toluene,stddft,-3.73e-08,1.26e-08,3.698,3.259,0.439,0.116,6.815,4.9900000000000003e-08,4.9900000000000003e-08,2.4900100000000004e-15,-2.4700000000000003e-08,-4.699800000000001e-16,-7.42712839779952,-7.896196279044043,-0.3378016085790885,,,,,,,,,,,,,,,,,,,,,,,,
pDTPA-DTPZ,gas,stda,5.66e-08,4.42e-08,2.947,2.424,0.5230000000000001,0.5629,5.2890000000000015,-1.24e-08,1.24e-08,1.5375999999999996e-16,1.008e-07,2.50172e-15,-7.246416941107094,-7.35359627377693,0.7809187279151943,,,,,,,,,,,,,,,,,,,,,,,,
pDTPA-DTPZ,gas,stddft,-1.555e-07,-8.06e-08,2.874,2.381,0.4930000000000003,0.4251,5.2890000000000015,7.490000000000003e-08,7.490000000000003e-08,5.610010000000002e-15,-2.361e-07,1.25333e-14,-6.80799040734633,-7.09312646527793,0.5183279742765272,,,,,,,,,,,,,,,,,,,,,,,,
pDTPA-DTPZ,toluene,stda,-1.25e-08,-1.75e-08,2.978,2.442,0.536,0.6901,5.296999999999999,-5.000000000000002e-09,5.000000000000002e-09,2.5000000000000018e-17,-3.0000000000000004e-08,2.1875e-16,-7.899629454882437,-7.75448733218585,1.4,,,,,,,,,,,,,,,,,,,,,,,,
pDTPA-DTPZ,toluene,stddft,6.1e-09,-1.055e-07,2.906,2.399,0.5070000000000001,0.5147,5.296999999999999,-1.116e-07,1.116e-07,1.2454559999999998e-14,-9.94e-08,-6.4355e-16,-8.207608310501746,-6.976336081802207,-17.295081967213115,,,,,,,,,,,,,,,,,,,,,,,,
pSFIAc2,gas,stda,-2.33e-08,-1.89e-08,3.096,2.665,0.431,0.4214,6.372,4.4e-09,4.4e-09,1.936e-17,-4.22e-08,4.4037e-16,-7.6307841425898575,-7.721246399047171,0.8111587982832619,,,,,,,,,,,,,,,,,,,,,,,,
pSFIAc2,gas,stddft,-2.54e-08,-3.48e-08,3.011,2.641,0.3700000000000001,0.3386,6.372,-9.4e-09,9.4e-09,8.836000000000002e-17,-6.02e-08,8.8392e-16,-7.5934598195660445,-7.45717457304082,1.3700787401574803,,,,,,,,,,,,,,,,,,,,,,,,
pSFIAc2,toluene,stda,7.23e-08,-2.17e-08,3.09,2.655,0.435,0.4112,6.335,-9.400000000000001e-08,9.400000000000001e-08,8.836000000000001e-15,5.06e-08,-1.56891e-15,-7.140261433802853,-7.661543506395395,-0.3001383125864453,,,,,,,,,,,,,,,,,,,,,,,,
pSFIAc2,toluene,stddft,-7e-10,2.72e-08,3.008,2.632,0.3759999999999999,0.3323,6.335,2.79e-08,2.79e-08,7.7841e-16,2.65e-08,-1.904e-17,-9.096910013008056,-7.5638373529592435,-38.85714285714285,,,,,,,,,,,,,,,,,,,,,,,,
phenazasiline,gas,stda,2e-10,7e-09,3.23,3.154,0.076,0.0069,7.167999999999999,6.8e-09,6.8e-09,4.624e-17,7.2e-09,1.4e-18,-9.522878745280336,-8.148741651280925,35.0,,,,,,,,,,,,,,,,,,,,,,,,
phenazasiline,gas,stddft,-4e-10,-9.7e-09,3.229,3.119,0.1099999999999998,0.0069,7.167999999999999,-9.3e-09,9.3e-09,8.648999999999998e-17,-1.01e-08,3.88e-18,-9.30102999566398,-8.008773924307505,24.25,,,,,,,,,,,,,,,,,,,,,,,,
phenazasiline,toluene,stda,-1e-10,4.84e-08,3.191,3.167,0.024,0.0068,7.173,4.85e-08,4.85e-08,2.3522500000000003e-15,4.83e-08,-4.8400000000000004e-18,-9.69897000433602,-7.314258261397736,-484.0,,,,,,,,,,,,,,,,,,,,,,,,
phenazasiline,toluene,stddft,-1e-10,2.08e-08,3.19,3.137,0.0529999999999999,0.0068,7.173,2.0900000000000002e-08,2.0900000000000002e-08,4.3681000000000014e-16,2.07e-08,-2.08e-18,-9.69897000433602,-7.679853713888946,-208.0,,,,,,,,,,,,,,,,,,,,,,,,
phenylperylene,gas,stda,1.7e-07,2.17e-08,3.105,2.123,0.9819999999999998,0.717,5.925999999999998,-1.483e-07,1.483e-07,2.199289e-14,1.9170000000000003e-07,3.689e-15,-6.769295686387431,-7.661543506395395,0.1276470588235294,,,,,,,,,,,,,,,,,,,,,,,,
phenylperylene,gas,stddft,6.06e-08,-2.5e-08,2.961,2.056,0.9049999999999998,0.5057,5.925999999999998,-8.56e-08,8.56e-08,7.32736e-15,3.56e-08,-1.515e-15,-7.2168113089247425,-7.600326278518962,-0.4125412541254125,,,,,,,,,,,,,,,,,,,,,,,,
phenylperylene,toluene,stda,-4.81e-08,1.65e-08,3.113,2.128,0.985,0.7235,5.931000000000001,6.46e-08,6.46e-08,4.1731599999999986e-15,-3.1600000000000005e-08,-7.9365e-16,-7.31695296176115,-7.779891911959945,-0.343035343035343,,,,,,,,,,,,,,,,,,,,,,,,
phenylperylene,toluene,stddft,3.74e-08,1.4e-08,2.968,2.061,0.907,0.5111,5.931000000000001,-2.34e-08,2.34e-08,5.4756e-16,5.14e-08,5.236e-16,-7.425968732272281,-7.85078088734462,0.374331550802139,,,,,,,,,,,,,,,,,,,,,,,,
poCz-SO,gas,stda,1.4e-09,4.57e-08,3.98,3.54,0.4399999999999999,0.0692,7.904000000000001,4.43e-08,4.43e-08,1.96249e-15,4.71e-08,6.398e-17,-8.823908740944319,-7.339134521996131,32.642857142857146,,,,,,,,,,,,,,,,,,,,,,,,
poCz-SO,gas,stddft,1.98e-08,1.111e-07,3.903,3.516,0.387,0.0585,7.904000000000001,9.13e-08,9.13e-08,8.33569e-15,1.309e-07,2.19978e-15,-7.701146923590294,-6.953895212753961,5.611111111111112,,,,,,,,,,,,,,,,,,,,,,,,
poCz-SO,toluene,stda,1.76e-08,9.17e-08,3.968,3.538,0.4300000000000001,0.0594,7.897,7.41e-08,7.41e-08,5.490809999999999e-15,1.093e-07,1.6139199999999998e-15,-7.752026733638194,-7.037157318798758,5.2102272727272725,,,,,,,,,,,,,,,,,,,,,,,,
poCz-SO,toluene,stddft,-1.108e-07,8.98e-08,3.893,3.513,0.3799999999999999,0.0498,7.897,2.006e-07,2.006e-07,4.024035999999999e-14,-2.1000000000000003e-08,-9.94984e-15,-6.95506845385084,-7.046240308266771,-0.8104693140794224,,,,,,,,,,,,,,,,,,,,,,,,
pzpy,gas,stda,-5.27e-08,1.583e-07,3.196,2.254,0.9420000000000002,0.6901,6.321,2.1100000000000002e-07,2.1100000000000002e-07,4.452100000000001e-14,1.056e-07,-8.34241e-15,-7.277366077466188,-6.800244822746525,-3.0037950664136623,,,,,,,,,,,,,,,,,,,,,,,,
pzpy,gas,stddft,-2.97e-08,-8.54e-08,3.038,2.184,0.8539999999999996,0.503,6.321,-5.57e-08,5.57e-08,3.10249e-15,-1.151e-07,2.53638e-15,-7.525783735923745,-7.068033885271827,2.875420875420875,,,,,,,,,,,,,,,,,,,,,,,,
pzpy,toluene,stda,1.055e-07,-3.51e-08,3.22,2.259,0.9610000000000004,0.6313,6.374999999999999,-1.406e-07,1.406e-07,1.976836e-14,7.04e-08,-3.70305e-15,-6.976336081802207,-7.453457336521869,-0.3327014218009479,,,,,,,,,,,,,,,,,,,,,,,,
pzpy,toluene,stddft,-3.98e-08,-9.68e-08,3.053,2.188,0.8649999999999998,0.4547,6.374999999999999,-5.7000000000000014e-08,5.7000000000000014e-08,3.249000000000001e-15,-1.366e-07,3.85264e-15,-7.399027104313252,-7.013676222949234,2.432160804020101,,,,,,,,,,,,,,,,,,,,,,,,
s-triazine,gas,stda,-3.29e-08,6.44e-08,4.92,4.865,0.0549999999999997,0.008,9.446000000000002,9.73e-08,9.73e-08,9.467289999999998e-15,3.15e-08,-2.11876e-15,-7.481486060122113,-7.1904402853647325,-1.9574468085106385,,,,,,,,,,,,,,,,,,,,,,,,
s-triazine,gas,stddft,-6.08e-08,-2.205e-07,4.888,4.845,0.0430000000000001,0.008,9.446000000000002,-1.5969999999999998e-07,1.5969999999999998e-07,2.5504089999999994e-14,-2.813e-07,1.34064e-14,-7.215382707367125,-6.656394491895828,3.626644736842105,,,,,,,,,,,,,,,,,,,,,,,,
s-triazine,toluene,stda,-4.82e-08,-1.339e-07,5.028,4.977,0.0509999999999992,0.0038,9.678999999999998,-8.57e-08,8.57e-08,7.344490000000001e-15,-1.821e-07,6.45398e-15,-7.316052869248487,-6.872895201635193,2.778008298755186,,,,,,,,,,,,,,,,,,,,,,,,
s-triazine,toluene,stddft,3.41e-08,1.048e-07,4.998,4.936,0.0620000000000002,0.0038,9.678999999999998,7.069999999999999e-08,7.069999999999999e-08,4.998489999999999e-15,1.389e-07,3.57368e-15,-7.465973893943865,-6.979224511806442,3.0733137829912023,,,,,,,,,,,,,,,,,,,,,,,,
t-BuPCz,gas,stda,2.14e-08,4.99e-08,3.873,3.469,0.4040000000000003,0.0429,7.676,2.85e-08,2.85e-08,8.122499999999998e-16,7.13e-08,1.06786e-15,-7.667561540084395,-7.301029995663981,2.331775700934579,,,,,,,,,,,,,,,,,,,,,,,,
t-BuPCz,gas,stddft,2.44e-08,-2.56e-08,3.805,3.445,0.3600000000000003,0.0375,7.676,-5e-08,5e-08,2.5e-15,-1.2000000000000006e-09,-6.2464e-16,-7.610833915635467,-7.590066876668706,-1.0491803278688523,,,,,,,,,,,,,,,,,,,,,,,,
t-BuPCz,toluene,stda,5.59e-08,9.6e-09,3.888,3.476,0.4119999999999999,0.0433,7.686999999999999,-4.63e-08,4.63e-08,2.14369e-15,6.55e-08,5.3664e-16,-7.251811972993799,-8.013228265733755,0.1717352415026833,,,,,,,,,,,,,,,,,,,,,,,,
t-BuPCz,toluene,stddft,2.78e-08,6.13e-08,3.819,3.452,0.367,0.0378,7.686999999999999,3.35e-08,3.35e-08,1.1222500000000002e-15,8.91e-08,1.7041400000000001e-15,-7.554395796726403,-7.211831628858833,2.2050359712230216,,,,,,,,,,,,,,,,,,,,,,,,
t-DABNA,gas,stda,3e-10,1.084e-07,3.143,2.654,0.4889999999999999,0.467,6.476999999999999,1.0810000000000001e-07,1.0810000000000001e-07,1.1685610000000002e-14,1.087e-07,3.252e-17,-9.397940008672036,-6.964570261815451,361.33333333333337,,,,,,,,,,,,,,,,,,,,,,,,
t-DABNA,gas,stddft,1.86e-08,-6.78e-08,3.061,2.628,0.4329999999999998,0.3778,6.476999999999999,-8.64e-08,8.64e-08,7.46496e-15,-4.92e-08,-1.26108e-15,-7.728158393463501,-7.168130225719499,-3.645161290322581,,,,,,,,,,,,,,,,,,,,,,,,
t-DABNA,toluene,stda,-8.8e-09,-1.76e-08,3.136,2.648,0.488,0.4709,6.462000000000001,-8.8e-09,8.8e-09,7.744e-17,-2.64e-08,1.5488e-16,-8.050609993355087,-7.752026733638194,2.0,,,,,,,,,,,,,,,,,,,,,,,,
t-DABNA,toluene,stddft,-2.23e-08,5.86e-08,3.053,2.622,0.431,0.3806,6.462000000000001,8.09e-08,8.09e-08,6.544810000000001e-15,3.63e-08,-1.3067800000000001e-15,-7.649751981665837,-7.231361898752385,-2.62780269058296,,,,,,,,,,,,,,,,,,,,,,,,
t3Cz-SO,gas,stda,-1.311e-07,4.17e-08,3.605,3.156,0.4489999999999998,0.2065,6.863,1.728e-07,1.728e-07,2.985984e-14,-8.939999999999999e-08,-5.4668700000000004e-15,-6.882066164960358,-7.378823718224964,-0.3180778032036613,,,,,,,,,,,,,,,,,,,,,,,,
t3Cz-SO,gas,stddft,1.9e-09,3.1e-08,3.537,3.135,0.4020000000000001,0.1741,6.863,2.91e-08,2.91e-08,8.468099999999999e-16,3.29e-08,5.89e-17,-8.698970004336019,-7.507239610973162,16.31578947368421,,,,,,,,,,,,,,,,,,,,,,,,
t3Cz-SO,toluene,stda,-1.186e-07,8.54e-08,3.634,3.188,0.4459999999999997,0.2438,6.891,2.04e-07,2.04e-07,4.1616e-14,-3.3200000000000006e-08,-1.012844e-14,-6.9255492810454085,-7.068033885271827,-0.7200674536256323,,,,,,,,,,,,,,,,,,,,,,,,
t3Cz-SO,toluene,stddft,2.3e-08,-7.61e-08,3.568,3.168,0.3999999999999999,0.206,6.891,-9.910000000000001e-08,9.910000000000001e-08,9.820810000000002e-15,-5.31e-08,-1.7503e-15,-7.636388020107856,-7.1180450286604,-3.308695652173913,,,,,,,,,,,,,,,,,,,,,,,,
tBuCz2,gas,stda,3.09e-08,-2.69e-08,3.675,3.206,0.4689999999999998,0.0491,6.987000000000001,-5.78e-08,5.78e-08,3.34084e-15,3.9999999999999994e-09,-8.3121e-16,-7.508638306165727,-7.568636235841013,-0.8705501618122977,,,,,,,,,,,,,,,,,,,,,,,,
tBuCz2,gas,stddft,1.31e-08,1.35e-08,3.603,3.183,0.4200000000000004,0.0398,6.987000000000001,4.000000000000002e-10,4.000000000000002e-10,1.600000000000002e-19,2.66e-08,1.7685e-16,-7.87942606879415,-7.866461091629782,1.0305343511450382,,,,,,,,,,,,,,,,,,,,,,,,
tBuCz2,toluene,stda,3.38e-08,5.88e-08,3.716,3.259,0.4570000000000003,0.0421,7.033,2.5e-08,2.5e-08,6.249999999999999e-16,9.26e-08,1.98744e-15,-7.469800301796917,-7.229884705212898,1.7396449704142012,,,,,,,,,,,,,,,,,,,,,,,,
tBuCz2,toluene,stddft,9.9e-09,-6.86e-08,3.649,3.237,0.4119999999999999,0.0335,7.033,-7.850000000000002e-08,7.850000000000002e-08,6.162250000000001e-15,-5.87e-08,-6.7914e-16,-8.0,-7.16304326294045,-6.92929292929293,,,,,,,,,,,,,,,,,,,,,,,,
tBuCzDBA,gas,stda,2.01e-08,5.7e-08,3.005,2.942,0.0629999999999997,0.0015,4.759,3.69e-08,3.69e-08,1.36161e-15,7.71e-08,1.1457e-15,-7.694648630553377,-7.243363891754152,2.835820895522388,,,,,,,,,,,,,,,,,,,,,,,,
tBuCzDBA,gas,stddft,-1.53e-08,8.2e-09,3.005,2.916,0.0889999999999999,0.0015,4.759,2.3500000000000002e-08,2.3500000000000002e-08,5.5225000000000005e-16,-7.100000000000001e-09,-1.2546000000000002e-16,-7.812479279163536,-8.080921907623926,-0.5359477124183006,,,,,,,,,,,,,,,,,,,,,,,,
tBuCzDBA,toluene,stda,-1.7e-08,8.47e-08,3.124,2.944,0.1800000000000001,0.0002,4.911999999999999,1.017e-07,1.017e-07,1.034289e-14,6.77e-08,-1.4399e-15,-7.767003889607846,-7.071604147743286,-4.982352941176471,,,,,,,,,,,,,,,,,,,,,,,,
tBuCzDBA,toluene,stddft,3.67e-08,7.29e-08,3.124,2.918,0.2059999999999999,0.0002,4.911999999999999,3.62e-08,3.62e-08,1.31044e-15,1.096e-07,2.67543e-15,-7.434152181326482,-7.136677139879544,1.9863760217983653,,,,,,,,,,,,,,,,,,,,,,,,
tCTM,gas,stda,1.05e-08,-3.24e-08,3.701,3.311,0.3900000000000001,0.706,6.51,-4.29e-08,4.29e-08,1.84041e-15,-2.19e-08,-3.402e-16,-7.97469413473523,-7.488116639021126,-3.085714285714286,,,,,,,,,,,,,,,,,,,,,,,,
tCTM,gas,stddft,-5.39e-08,-1.19e-08,3.654,3.29,0.3639999999999999,0.5878,6.51,4.2e-08,4.2e-08,1.764e-15,-6.58e-08,6.4141e-16,-7.267606240177032,-7.920818753952375,0.2207792207792208,,,,,,,,,,,,,,,,,,,,,,,,
tCTM,toluene,stda,-3.97e-08,1.28e-08,3.621,3.251,0.3700000000000001,0.2738,6.420999999999999,5.25e-08,5.25e-08,2.75625e-15,-2.69e-08,-5.0816e-16,-7.400116927926312,-7.889410289700751,-0.3224181360201512,,,,,,,,,,,,,,,,,,,,,,,,
tCTM,toluene,stddft,6.56e-08,-3.9e-09,3.597,3.231,0.3660000000000001,0.4974,6.420999999999999,-6.950000000000002e-08,6.950000000000002e-08,4.830250000000001e-15,6.17e-08,-2.5584000000000003e-16,-7.182434630440219,-8.397940008672037,-0.0594512195121951,,,,,,,,,,,,,,,,,,,,,,,,
tCbz-mPYRs,gas,stda,-5.4e-09,-7.62e-08,3.826,3.433,0.3930000000000002,0.638,7.453,-7.08e-08,7.08e-08,5.01264e-15,-8.16e-08,4.1148e-16,-8.259637310505756,-7.117475462045119,14.111111111111107,,,,,,,,,,,,,,,,,,,,,,,,
tCbz-mPYRs,gas,stddft,-3e-10,6.97e-08,3.782,3.412,0.3700000000000001,0.5521,7.453,6.999999999999999e-08,6.999999999999999e-08,4.899999999999999e-15,6.94e-08,-2.091e-17,-9.397940008672036,-7.156144577376839,-232.3333333333333,,,,,,,,,,,,,,,,,,,,,,,,
tCbz-mPYRs,toluene,stda,1.095e-07,-3.12e-08,3.819,3.409,0.4100000000000001,0.6238,7.444000000000001,-1.4069999999999998e-07,1.4069999999999998e-07,1.979649e-14,7.829999999999999e-08,-3.4164e-15,-6.96018944585165,-7.504455662453552,-0.2849315068493151,,,,,,,,,,,,,,,,,,,,,,,,
tCbz-mPYRs,toluene,stddft,-3.65e-08,-7.47e-08,3.774,3.387,0.387,0.536,7.444000000000001,-3.82e-08,3.82e-08,1.4592399999999998e-15,-1.112e-07,2.72655e-15,-7.436518914605589,-7.126098402135539,2.0465753424657533,,,,,,,,,,,,,,,,,,,,,,,,
tDMAC-BN,gas,stda,3.12e-08,4.87e-08,3.042,2.631,0.411,0.4887,6.325000000000001,1.7499999999999998e-08,1.7499999999999998e-08,3.0624999999999995e-16,7.99e-08,1.51944e-15,-7.504455662453552,-7.311580177997289,1.560897435897436,,,,,,,,,,,,,,,,,,,,,,,,
tDMAC-BN,gas,stddft,6.6e-09,-8.24e-08,2.977,2.611,0.3659999999999996,0.399,6.325000000000001,-8.9e-08,8.9e-08,7.921e-15,-7.579999999999999e-08,-5.4384e-16,-8.173925197299173,-7.0835460514500745,-12.484848484848484,,,,,,,,,,,,,,,,,,,,,,,,
tDMAC-BN,toluene,stda,2.04e-08,5.4e-09,3.007,2.602,0.4050000000000002,0.4669,6.287999999999999,-1.5000000000000002e-08,1.5000000000000002e-08,2.2500000000000006e-16,2.58e-08,1.1016e-16,-7.688246138944246,-8.259637310505756,0.2647058823529412,,,,,,,,,,,,,,,,,,,,,,,,
tDMAC-BN,toluene,stddft,7.88e-08,-5.25e-08,2.943,2.582,0.3610000000000002,0.3812,6.287999999999999,-1.3130000000000004e-07,1.3130000000000004e-07,1.7239690000000006e-14,2.6300000000000004e-08,-4.137e-15,-7.102922996790579,-7.279014255846261,-0.6662436548223349,,,,,,,,,,,,,,,,,,,,,,,,
tDPAC-BN,gas,stda,-5.38e-08,6.38e-08,3.137,2.674,0.4630000000000001,0.4632,6.428,1.176e-07,1.176e-07,1.382976e-14,1.0000000000000004e-08,-3.4324400000000002e-15,-7.268411234813262,-7.1944991418416,-1.1858736059479555,,,,,,,,,,,,,,,,,,,,,,,,
tDPAC-BN,gas,stddft,3e-09,-3.18e-08,3.06,2.652,0.4079999999999999,0.3722,6.428,-3.48e-08,3.48e-08,1.21104e-15,-2.88e-08,-9.54e-17,-8.508638306165727,-7.496209316942819,-10.6,,,,,,,,,,,,,,,,,,,,,,,,
tDPAC-BN,toluene,stda,4.53e-08,2.08e-08,3.124,2.651,0.4730000000000003,0.4333,6.398000000000001,-2.45e-08,2.45e-08,6.0025e-16,6.61e-08,9.422400000000001e-16,-7.342944147142896,-7.679853713888946,0.4591611479028697,,,,,,,,,,,,,,,,,,,,,,,,
tDPAC-BN,toluene,stddft,-2.1e-09,3.73e-08,3.048,2.628,0.4199999999999999,0.3479,6.398000000000001,3.94e-08,3.94e-08,1.5523600000000002e-15,3.5200000000000004e-08,-7.833000000000001e-17,-8.657577319177793,-7.42712839779952,-17.761904761904763,,,,,,,,,,,,,,,,,,,,,,,,
teracridan,gas,stda,6.58e-08,-8.79e-08,4.08,3.596,0.484,0.0554,7.616,-1.537e-07,1.537e-07,2.3623690000000003e-14,-2.210000000000001e-08,-5.7838199999999986e-15,-7.18111458540599,-7.055517327849832,-1.3358662613981764,,,,,,,,,,,,,,,,,,,,,,,,
teracridan,gas,stddft,2.5e-09,5.44e-08,4.024,3.569,0.455,0.047,7.616,5.19e-08,5.19e-08,2.69361e-15,5.69e-08,1.36e-16,-8.585026652029182,-7.263603497723357,21.76,,,,,,,,,,,,,,,,,,,,,,,,
teracridan,toluene,stda,-4.9e-09,-1.87e-08,4.217,3.684,0.5329999999999995,0.0262,7.994999999999999,-1.3799999999999998e-08,1.3799999999999998e-08,1.9043999999999994e-16,-2.36e-08,9.163e-17,-8.301029995663981,-7.72584215073632,3.816326530612245,,,,,,,,,,,,,,,,,,,,,,,,
teracridan,toluene,stddft,4.66e-08,9.1e-09,4.156,3.654,0.5019999999999998,0.0195,7.994999999999999,-3.75e-08,3.75e-08,1.40625e-15,5.57e-08,4.2406e-16,-7.330683119433888,-8.036212172654444,0.1952789699570815,,,,,,,,,,,,,,,,,,,,,,,,
thio-ether,gas,stda,-7.68e-08,9.39e-08,0.672,0.255,0.417,0.0061,4.196999999999999,1.707e-07,1.707e-07,2.913849e-14,1.71e-08,-7.21152e-15,-7.114073660198569,-7.026872146400302,-1.22265625,,,,,,,,,,,,,,,,,,,,,,,,
thio-ether,gas,stddft,-4.12e-08,-5.49e-08,0.562,0.121,0.441,0.0023,4.196999999999999,-1.3700000000000004e-08,1.3700000000000004e-08,1.876900000000001e-16,-9.61e-08,2.26188e-15,-7.384049948343599,-7.259637310505756,1.3325242718446604,,,,,,,,,,,,,,,,,,,,,,,,
thio-ether,toluene,stda,-7.93e-08,-6.19e-08,0.736,0.304,0.432,0.0072,4.295999999999999,1.7399999999999997e-08,1.7399999999999997e-08,3.027599999999999e-16,-1.4120000000000002e-07,4.90867e-15,-7.100179497572904,-7.207608310501746,0.7805800756620429,,,,,,,,,,,,,,,,,,,,,,,,
thio-ether,toluene,stddft,-5.82e-08,3.16e-08,0.625,0.192,0.433,0.0029,4.295999999999999,8.98e-08,8.98e-08,8.064039999999999e-15,-2.66e-08,-1.83912e-15,-7.2343314452409855,-7.498940737782249,-0.5429553264604811,,,,,,,,,,,,,,,,,,,,,,,,
trimesitylboron,gas,stda,-1.83e-08,-2.88e-08,4.015,3.702,0.3129999999999997,0.1751,7.698,-1.05e-08,1.05e-08,1.1025000000000003e-16,-4.71e-08,5.2704e-16,-7.735182176990463,-7.539102157243452,1.5737704918032789,,,,,,,,,,,,,,,,,,,,,,,,
trimesitylboron,gas,stddft,5.1e-09,-1.09e-08,3.997,3.684,0.3129999999999997,0.1564,7.698,-1.6e-08,1.6e-08,2.56e-16,-5.8e-09,-5.559000000000001e-17,-8.2839966563652,-7.958607314841775,-2.1372549019607843,,,,,,,,,,,,,,,,,,,,,,,,
trimesitylboron,toluene,stda,-2.46e-08,-6.9e-08,4.044,3.724,0.3199999999999994,0.1827,7.723,-4.44e-08,4.44e-08,1.97136e-15,-9.36e-08,1.6973999999999997e-15,-7.607303046740334,-7.1605219526258015,2.804878048780488,,,,,,,,,,,,,,,,,,,,,,,,
trimesitylboron,toluene,stddft,1.2e-09,1.36e-08,4.026,3.705,0.3209999999999997,0.1647,7.723,1.24e-08,1.24e-08,1.5375999999999996e-16,1.48e-08,1.632e-17,-8.886056647693163,-7.863279432843593,11.333333333333332,,,,,,,,,,,,,,,,,,,,,,,,
t–BuCz2BP,gas,stda,-9.8e-09,1e-10,3.737,3.241,0.496,1.1208,6.342999999999999,9.9e-09,9.9e-09,9.800999999999999e-17,-9.700000000000001e-09,-9.8e-19,-8.00436480540245,-9.69897000433602,-0.010204081632653,,,,,,,,,,,,,,,,,,,,,,,,
t–BuCz2BP,gas,stddft,-1.44e-08,7e-10,3.701,3.221,0.48,0.9414,6.342999999999999,1.51e-08,1.51e-08,2.2801e-16,-1.37e-08,-1.008e-17,-7.838631997765025,-9.096910013008056,-0.0486111111111111,,,,,,,,,,,,,,,,,,,,,,,,
t–BuCz2BP,toluene,stda,-4.92e-08,6.8e-09,3.694,3.204,0.4899999999999997,0.0709,6.326999999999999,5.6e-08,5.6e-08,3.136e-15,-4.24e-08,-3.3455999999999996e-16,-7.30715308072277,-8.161150909262744,-0.1382113821138211,,,,,,,,,,,,,,,,,,,,,,,,
t–BuCz2BP,toluene,stddft,4.8e-09,2.2e-09,3.674,3.184,0.4899999999999997,0.2007,6.326999999999999,-2.6e-09,2.6e-09,6.760000000000001e-18,7e-09,1.056e-17,-8.309803919971486,-8.638272163982407,0.4583333333333333,,,,,,,,,,,,,,,,,,,,,,,,
α-2CbPN,gas,stda,5.18e-08,6.55e-08,3.696,3.306,0.3900000000000001,0.2529,6.880000000000001,1.3699999999999997e-08,1.3699999999999997e-08,1.876899999999999e-16,1.173e-07,3.3929e-15,-7.284832642151542,-7.18309616062434,1.2644787644787645,,,,,,,,,,,,,,,,,,,,,,,,
α-2CbPN,gas,stddft,2.69e-08,-9.49e-08,3.661,3.283,0.3780000000000001,0.2235,6.880000000000001,-1.218e-07,1.218e-07,1.483524e-14,-6.8e-08,-2.55281e-15,-7.568636235841013,-7.022276394711152,-3.527881040892193,,,,,,,,,,,,,,,,,,,,,,,,
α-2CbPN,toluene,stda,-4.85e-08,1.5e-08,3.505,3.103,0.4019999999999997,0.2885,6.618,6.349999999999999e-08,6.349999999999999e-08,4.032249999999999e-15,-3.35e-08,-7.274999999999999e-16,-7.313363730737707,-7.82102305270683,-0.3092783505154639,,,,,,,,,,,,,,,,,,,,,,,,
α-2CbPN,toluene,stddft,4e-10,-8.3e-08,3.467,3.081,0.3860000000000001,0.2529,6.618,-8.34e-08,8.34e-08,6.955560000000001e-15,-8.26e-08,-3.32e-17,-9.30102999566398,-7.080398976215889,-207.5,,,,,,,,,,,,,,,,,,,,,,,,
α-2DMAC-DBP,gas,stda,-2.1e-08,2.18e-08,2.452,2.324,0.1280000000000001,0.0992,5.246,4.28e-08,4.28e-08,1.83184e-15,8.000000000000004e-10,-4.578e-16,-7.675717544702307,-7.6595558851598815,-1.0380952380952382,,,,,,,,,,,,,,,,,,,,,,,,
α-2DMAC-DBP,gas,stddft,9.8e-09,-1.43e-08,2.442,2.312,0.1300000000000003,0.0916,5.246,-2.41e-08,2.41e-08,5.808100000000002e-16,-4.5000000000000014e-09,-1.4014e-16,-8.00436480540245,-7.841637507904751,-1.4591836734693877,,,,,,,,,,,,,,,,,,,,,,,,
α-2DMAC-DBP,toluene,stda,1.89e-08,-1.49e-08,2.493,2.372,0.121,0.0934,5.244,-3.38e-08,3.38e-08,1.14244e-15,4.000000000000001e-09,-2.8161e-16,-7.721246399047171,-7.823908740944319,-0.7883597883597883,,,,,,,,,,,,,,,,,,,,,,,,
α-2DMAC-DBP,toluene,stddft,3.54e-08,-4.66e-08,2.483,2.36,0.1230000000000002,0.0868,5.244,-8.199999999999999e-08,8.199999999999999e-08,6.723999999999999e-15,-1.12e-08,-1.64964e-15,-7.449771646944906,-7.330683119433888,-1.3163841807909604,,,,,,,,,,,,,,,,,,,,,,,,
α-DMAC-DBP,gas,stda,-3.14e-08,-2.37e-08,2.557,2.44,0.1169999999999999,0.0597,5.295999999999999,7.700000000000003e-09,7.700000000000003e-09,5.929000000000005e-17,-5.5100000000000004e-08,7.441800000000001e-16,-7.501689446210399,-7.623423042943488,0.7547770700636942,,,,,,,,,,,,,,,,,,,,,,,,
α-DMAC-DBP,gas,stddft,1.45e-08,3.23e-08,2.547,2.43,0.1169999999999999,0.0548,5.295999999999999,1.7799999999999997e-08,1.7799999999999997e-08,3.168399999999999e-16,4.68e-08,4.6835e-16,-7.835647144215563,-7.489454989793388,2.2275862068965515,,,,,,,,,,,,,,,,,,,,,,,,
α-DMAC-DBP,toluene,stda,5.7e-09,-2.23e-08,2.565,2.464,0.1009999999999999,0.0528,5.2620000000000005,-2.8e-08,2.8e-08,7.839999999999999e-16,-1.6600000000000003e-08,-1.2711e-16,-8.236572006437063,-7.649751981665837,-3.912280701754386,,,,,,,,,,,,,,,,,,,,,,,,
α-DMAC-DBP,toluene,stddft,-4.2e-09,-1.97e-08,2.557,2.455,0.1019999999999998,0.0488,5.2620000000000005,-1.55e-08,1.55e-08,2.4025e-16,-2.39e-08,8.274e-17,-8.366531544420413,-7.703334809738469,4.690476190476191,,,,,,,,,,,,,,,,,,,,,,,,
β-DI-DBP,gas,stda,3e-10,4.21e-08,3.287,3.014,0.2730000000000001,0.0163,5.498999999999999,4.18e-08,4.18e-08,1.7472399999999998e-15,4.24e-08,1.263e-17,-9.397940008672036,-7.374687549038327,140.33333333333334,,,,,,,,,,,,,,,,,,,,,,,,
β-DI-DBP,gas,stddft,4.7e-09,-1.97e-08,3.284,2.984,0.2999999999999998,0.0213,5.498999999999999,-2.44e-08,2.44e-08,5.9536e-16,-1.5000000000000002e-08,-9.259e-17,-8.318758762624412,-7.703334809738469,-4.191489361702128,,,,,,,,,,,,,,,,,,,,,,,,
β-DI-DBP,toluene,stda,8.52e-08,1.129e-07,3.264,2.984,0.2799999999999998,0.0215,5.398,2.7700000000000003e-08,2.7700000000000003e-08,7.672900000000002e-16,1.981e-07,9.61908e-15,-7.069050968832477,-6.94692155651658,1.3251173708920188,,,,,,,,,,,,,,,,,,,,,,,,
β-DI-DBP,toluene,stddft,3.25e-08,-5.6e-08,3.261,2.955,0.306,0.0306,5.398,-8.85e-08,8.85e-08,7.83225e-15,-2.35e-08,-1.82e-15,-7.486782399932061,-7.251037138743839,-1.723076923076923,,,,,,,,,,,,,,,,,,,,,,,,
δ-2CbPN,gas,stda,-4.42e-08,-6.58e-08,3.514,3.161,0.3529999999999997,0.2362,6.658,-2.1599999999999995e-08,2.1599999999999995e-08,4.665599999999997e-16,-1.1e-07,2.90836e-15,-7.35359627377693,-7.18111458540599,1.4886877828054297,,,,,,,,,,,,,,,,,,,,,,,,
δ-2CbPN,gas,stddft,8.48e-08,-1.082e-07,3.482,3.14,0.3420000000000001,0.2086,6.658,-1.93e-07,1.93e-07,3.7249e-14,-2.34e-08,-9.17536e-15,-7.071092309756048,-6.96537154337468,-1.275943396226415,,,,,,,,,,,,,,,,,,,,,,,,
δ-2CbPN,toluene,stda,2.7e-08,7.11e-08,3.399,3.035,0.3639999999999999,0.2633,6.495,4.409999999999999e-08,4.409999999999999e-08,1.9448099999999997e-15,9.81e-08,1.9197e-15,-7.567030709125595,-7.147520006363144,2.6333333333333333,,,,,,,,,,,,,,,,,,,,,,,,
δ-2CbPN,toluene,stddft,-1.05e-08,-1.1e-09,3.364,3.014,0.3500000000000001,0.2311,6.495,9.4e-09,9.4e-09,8.836e-17,-1.16e-08,1.155e-17,-7.97469413473523,-8.920818753952375,0.1047619047619047,,,,,,,,,,,,,,,,,,,,,,,,
