molecule,environment,method,S1_overlap,T1_overlap,S1_energy_eV,T1_energy_eV,Delta_E_ST_eV,S1_osc_strength,HOMO_LUMO_gap_eV
-ph-pCzAnBzt,gas,stda,5.17e-08,8.2e-09,3.217,2.259,0.9580000000000002,0.6059,6.151
-ph-pCzAnBzt,gas,stddft,-4.09e-08,-4.25e-08,3.047,2.188,0.859,0.4232,6.151
-ph-pCzAnBzt,toluene,stda,-2.1e-08,8.66e-08,3.211,2.256,0.9550000000000001,0.6039,6.212999999999999
-ph-pCzAnBzt,toluene,stddft,-1.33e-07,1.147e-07,3.044,2.186,0.8580000000000001,0.4253,6.212999999999999
11-AcBPdCN,gas,stda,-7.57e-08,-2.26e-08,2.649,2.066,0.5830000000000002,0.4625,5.6019999999999985
11-AcBPdCN,gas,stddft,5.78e-08,-5.08e-08,2.56,2.027,0.5329999999999999,0.374,5.6019999999999985
11-AcBPdCN,toluene,stda,-8.39e-08,-2.24e-08,2.502,1.915,0.5869999999999997,0.4468,5.413
11-AcBPdCN,toluene,stddft,-7.5e-08,1.063e-07,2.411,1.873,0.538,0.3584,5.413
12AcCz-PM,gas,stda,3.2e-09,3.28e-08,3.644,3.231,0.41300000000000026,0.9239,6.574000000000001
12AcCz-PM,gas,stddft,-2.94e-08,-3.22e-08,3.61,3.205,0.4049999999999998,0.8212,6.574000000000001
12AcCz-PM,toluene,stda,-2.02e-08,-1.19e-08,3.557,3.082,0.4750000000000001,1.0864,6.387
12AcCz-PM,toluene,stddft,-4.5e-09,-4.49e-08,3.523,3.054,0.4690000000000003,0.9838,6.387
12BTCzTPN,gas,stda,-1.49e-08,-5.02e-08,3.001,2.722,0.2789999999999999,0.3597,6.142
12BTCzTPN,gas,stddft,-1.94e-08,3.77e-08,2.961,2.709,0.2519999999999998,0.3115,6.142
12BTCzTPN,toluene,stda,3.07e-08,4.31e-08,3.136,2.866,0.27,0.2972,6.14
12BTCzTPN,toluene,stddft,3.82e-08,-3.21e-08,3.105,2.853,0.2519999999999998,0.2776,6.14
19a,gas,stda,1.4e-09,3.94e-08,3.408,2.324,1.084,0.2574,6.339999999999999
19a,gas,stddft,5.09e-08,-7.8e-09,3.233,2.254,0.9790000000000001,0.1726,6.339999999999999
19a,toluene,stda,3.08e-08,-3.4e-09,3.408,2.325,1.0829999999999997,0.2529,6.345
19a,toluene,stddft,3.01e-08,7.44e-08,3.233,2.255,0.9780000000000002,0.1699,6.345
1CM,gas,stda,6.45e-08,4.33e-08,3.575,3.044,0.5310000000000001,0.0827,7.232999999999999
1CM,gas,stddft,1.77e-08,-4e-09,3.482,3.018,0.4640000000000004,0.0642,7.232999999999999
1CM,toluene,stda,-2.19e-08,9.84e-08,3.57,3.059,0.5109999999999997,0.0823,7.265
1CM,toluene,stddft,-9.66e-08,-8.1e-09,3.477,3.034,0.44300000000000006,0.0641,7.265
1CzSO,gas,stda,3.61e-08,2.71e-08,3.874,3.426,0.44799999999999995,0.2933,6.896000000000001
1CzSO,gas,stddft,5.02e-08,-4.95e-08,3.818,3.405,0.41300000000000026,0.2522,6.896000000000001
1CzSO,toluene,stda,5.99e-08,1.525e-07,3.879,3.441,0.43800000000000017,0.3875,6.67
1CzSO,toluene,stddft,-6.14e-08,-6e-10,3.827,3.42,0.40700000000000003,0.3347,6.67
1G-F1,gas,stda,8.27e-08,1.332e-07,5.137,4.331,0.8059999999999992,0.0,8.933
1G-F1,gas,stddft,2.75e-08,-2e-09,5.108,4.284,0.8239999999999998,0.0,8.933
1G-F1,toluene,stda,-9.81e-08,4.5e-09,5.152,4.336,0.8159999999999998,0.0004,8.917000000000002
1G-F1,toluene,stddft,-1.52e-08,6.57e-08,5.124,4.289,0.835,0.0004,8.917000000000002
1MOBI,gas,stda,4.12e-08,3.8e-09,3.147,2.394,0.7529999999999997,2.6385,6.0600000000000005
1MOBI,gas,stddft,-5.55e-08,7.04e-08,3.072,2.34,0.7320000000000002,2.1421,6.0600000000000005
1MOBI,toluene,stda,-6.15e-08,-9.11e-08,3.141,2.39,0.7509999999999999,2.5266,6.07
1MOBI,toluene,stddft,9.27e-08,8.81e-08,3.063,2.337,0.726,2.0381,6.07
1MPA,gas,stda,5.11e-08,5.8e-09,4.09,3.698,0.3919999999999999,0.4386,7.664
1MPA,gas,stddft,-2.39e-08,-8.92e-08,4.066,3.681,0.3849999999999998,0.3925,7.664
1MPA,toluene,stda,5.4e-08,4e-10,4.137,3.745,0.39199999999999946,0.5543,7.6610000000000005
1MPA,toluene,stddft,-2.28e-08,-9.69e-08,4.116,3.726,0.3899999999999997,0.4982,7.6610000000000005
1PCTRz,gas,stda,-3.9e-08,1.45e-08,3.823,3.384,0.43900000000000006,0.5689,6.17
1PCTRz,gas,stddft,2.93e-08,3.87e-08,3.766,3.36,0.40600000000000014,0.3981,6.17
1PCTRz,toluene,stda,5e-09,9.36e-08,3.808,3.345,0.46299999999999963,0.3658,6.143999999999999
1PCTRz,toluene,stddft,3e-10,-8.24e-08,3.745,3.321,0.42399999999999993,0.2509,6.143999999999999
1PXZ-BP,gas,stda,-0.0,-1.07e-07,3.062,2.742,0.31999999999999984,0.3217,4.873999999999999
1PXZ-BP,gas,stddft,-3.05e-08,3.65e-08,3.046,2.712,0.33399999999999963,0.2915,4.873999999999999
1PXZ-BP,toluene,stda,2.09e-08,4.83e-08,3.059,2.756,0.3030000000000004,0.3099,4.861000000000001
1PXZ-BP,toluene,stddft,-1.51e-08,4.17e-08,3.044,2.725,0.31899999999999995,0.2853,4.861000000000001
1PXZP,gas,stda,-1.3e-09,7.19e-08,2.979,2.742,0.2370000000000001,0.3726,5.429000000000001
1PXZP,gas,stddft,-2.25e-08,1.72e-08,2.96,2.71,0.25,0.335,5.429000000000001
1PXZP,toluene,stda,2.43e-08,-1.71e-08,2.958,2.72,0.238,0.3802,5.429
1PXZP,toluene,stddft,-1.98e-08,1.4e-08,2.938,2.708,0.22999999999999998,0.3406,5.429
1SBFN,gas,stda,-8.07e-08,-5.3e-09,4.197,3.324,0.8730000000000002,0.9304,7.456
1SBFN,gas,stddft,3.22e-08,3.61e-08,4.124,3.273,0.8509999999999995,0.7501,7.456
1SBFN,toluene,stda,-9.54e-08,-1.66e-08,4.217,3.339,0.8779999999999997,0.9185,7.4719999999999995
1SBFN,toluene,stddft,5.97e-08,-9.5e-08,4.145,3.287,0.8579999999999997,0.7499,7.4719999999999995
2-TA-AN,gas,stda,-2.68e-08,1.249e-07,3.404,2.318,1.0859999999999999,0.3916,6.196000000000001
2-TA-AN,gas,stddft,5.63e-08,3.53e-08,3.225,2.245,0.98,0.271,6.196000000000001
2-TA-AN,toluene,stda,9e-10,-2.68e-08,3.41,2.309,1.101,0.3893,6.279000000000001
2-TA-AN,toluene,stddft,-5.37e-08,8.83e-08,3.23,2.236,0.9939999999999998,0.2711,6.279000000000001
23AcCz-PM,gas,stda,1.98e-08,-1.96e-08,3.568,3.234,0.3340000000000001,0.1713,5.978000000000001
23AcCz-PM,gas,stddft,-2.92e-08,-4.61e-08,3.556,3.206,0.3500000000000001,0.1735,5.978000000000001
23AcCz-PM,toluene,stda,5.1e-09,9.06e-08,3.601,3.198,0.403,0.267,5.975
23AcCz-PM,toluene,stddft,-6.1e-09,-5.23e-08,3.586,3.17,0.4159999999999999,0.2758,5.975
24PQ-Cz,gas,stda,-2.15e-08,-8.57e-08,3.788,3.307,0.48099999999999987,0.0519,6.228000000000001
24PQ-Cz,gas,stddft,-6.81e-08,-8.84e-08,3.769,3.269,0.5,0.4628,6.228000000000001
24PQ-Cz,toluene,stda,8.5e-09,3.98e-08,3.74,3.305,0.43500000000000005,0.0291,6.2989999999999995
24PQ-Cz,toluene,stddft,6.79e-08,6.62e-08,3.734,3.266,0.46799999999999997,0.0443,6.2989999999999995
25CzBPym,gas,stda,-2e-08,-3.16e-08,3.221,3.084,0.137,0.066,6.205
25CzBPym,gas,stddft,-2.56e-08,9.6e-09,3.207,3.076,0.13099999999999978,0.0602,6.205
25CzBPym,toluene,stda,2.39e-08,3.7e-09,3.038,2.891,0.1469999999999998,0.0654,6.0009999999999994
25CzBPym,toluene,stddft,-9.7e-09,-4.02e-08,3.022,2.884,0.1379999999999999,0.0585,6.0009999999999994
25DAcBPy,gas,stda,1.32e-08,1.88e-08,3.243,3.11,0.133,0.1461,5.004
25DAcBPy,gas,stddft,-2.29e-08,-1.51e-08,3.235,3.103,0.13199999999999967,0.1416,5.004
25DAcBPy,toluene,stda,1.99e-08,-1.87e-08,3.233,2.561,0.6720000000000002,0.2402,5.25
25DAcBPy,toluene,stddft,-3.5e-08,1.16e-07,3.203,2.524,0.6789999999999998,0.3277,5.25
25tCzBPym,gas,stda,1.8e-08,1.18e-08,3.097,2.961,0.13600000000000012,0.0614,6.035
25tCzBPym,gas,stddft,1.12e-08,-5.06e-08,3.083,2.954,0.129,0.0556,6.035
25tCzBPym,toluene,stda,-1.21e-08,-1.112e-07,2.939,2.79,0.14900000000000002,0.0682,5.8870000000000005
25tCzBPym,toluene,stddft,3.28e-08,-1.74e-08,2.923,2.783,0.14000000000000012,0.0612,5.8870000000000005
26DAcBPy,gas,stda,5.05e-08,4.66e-08,3.225,2.899,0.32600000000000007,0.3054,5.328000000000001
26DAcBPy,gas,stddft,-9.3e-09,7.02e-08,3.203,2.885,0.31800000000000006,0.278,5.328000000000001
26DAcBPy,toluene,stda,-7.5e-09,-6.7e-08,3.137,2.816,0.3210000000000002,0.253,5.2010000000000005
26DAcBPy,toluene,stddft,3.75e-08,2.35e-08,3.115,2.802,0.31300000000000017,0.2345,5.2010000000000005
26DCzPPy,gas,stda,8.14e-08,3.47e-08,3.825,3.406,0.41900000000000004,0.2792,6.99
26DCzPPy,gas,stddft,-4.2e-09,-1.79e-08,3.757,3.382,0.375,0.2369,6.99
26DCzPPy,toluene,stda,-2.81e-08,5.46e-08,3.869,3.41,0.4590000000000001,0.0019,6.892
26DCzPPy,toluene,stddft,4.55e-08,-3.88e-08,3.808,3.387,0.4209999999999998,0.0017,6.892
26DPXZBPy,gas,stda,4.68e-08,-1.5e-08,2.86,2.541,0.31899999999999995,0.0038,4.731
26DPXZBPy,gas,stddft,1.22e-08,-4.43e-08,2.845,2.531,0.31400000000000006,0.0039,4.731
26DPXZBPy,toluene,stda,1.44e-08,-5.91e-08,2.813,2.521,0.29200000000000026,0.0138,4.725000000000001
26DPXZBPy,toluene,stddft,3e-08,7.4e-09,2.798,2.511,0.2869999999999999,0.0149,4.725000000000001
2BFCzPy,gas,stda,-6.41e-08,4.01e-08,3.832,3.46,0.3719999999999999,0.6687,7.06
2BFCzPy,gas,stddft,-9.26e-08,1.54e-08,3.785,3.437,0.3480000000000003,0.5921,7.06
2BFCzPy,toluene,stda,-8e-08,1.4e-08,3.846,3.429,0.41700000000000026,0.4321,7.053999999999999
2BFCzPy,toluene,stddft,-2.97e-08,-1.4e-08,3.797,3.405,0.39200000000000035,0.3793,7.053999999999999
2BPy-mDTC,gas,stda,8.3e-09,2.9e-09,3.368,3.218,0.1499999999999999,0.0351,5.915999999999999
2BPy-mDTC,gas,stddft,-8.61e-08,6.49e-08,3.358,3.21,0.14800000000000013,0.036,5.915999999999999
2BPy-mDTC,toluene,stda,-4.6e-09,6.14e-08,3.328,3.172,0.1559999999999997,0.0344,5.885999999999999
2BPy-mDTC,toluene,stddft,5.01e-08,3.9e-08,3.319,3.163,0.15600000000000014,0.0365,5.885999999999999
2BTCz2CzTPN,gas,stda,-2.14e-08,-1.47e-08,3.208,2.947,0.2610000000000001,0.5055,6.170999999999999
2BTCz2CzTPN,gas,stddft,7.87e-08,-6.7e-09,3.176,2.935,0.2410000000000001,0.4538,6.170999999999999
2BTCz2CzTPN,toluene,stda,-1.69e-08,-2.42e-08,2.875,2.568,0.30699999999999994,0.5785,6.071
2BTCz2CzTPN,toluene,stddft,7.5e-09,-5.72e-08,2.829,2.554,0.27500000000000036,0.4998,6.071
2BTPA-INN,gas,stda,-1.35e-08,7.74e-08,3.707,3.183,0.524,1.9904,6.153999999999999
2BTPA-INN,gas,stddft,-9.13e-08,6.64e-08,3.691,3.159,0.532,1.8536,6.153999999999999
2BTPA-INN,toluene,stda,-2.24e-08,4.75e-08,3.633,3.138,0.4950000000000001,1.983,6.032000000000001
2BTPA-INN,toluene,stddft,-9.2e-09,-5.32e-08,3.619,3.115,0.504,1.8661,6.032000000000001
2BrCPT,gas,stda,4.02e-08,3.72e-08,3.815,3.38,0.43500000000000005,0.4898,6.725999999999999
2BrCPT,gas,stddft,7.9e-08,-4.15e-08,3.747,3.357,0.3899999999999997,0.3918,6.725999999999999
2BrCPT,toluene,stda,-1.51e-08,-3.08e-08,3.811,3.365,0.44599999999999973,0.4827,6.76
2BrCPT,toluene,stddft,-1.238e-07,-5.95e-08,3.741,3.342,0.399,0.3833,6.76
2C,gas,stda,-3.25e-08,1.192e-07,3.542,2.682,0.8599999999999999,1.2876,5.928000000000001
2C,gas,stddft,-3.79e-08,-5.96e-08,3.473,2.614,0.859,1.1036,5.928000000000001
2C,toluene,stda,-9.1e-09,-8.96e-08,3.441,2.65,0.7909999999999999,1.2741,5.658000000000001
2C,toluene,stddft,3.28e-08,5.33e-08,3.38,2.585,0.7949999999999999,1.1073,5.658000000000001
2CM,gas,stda,-9.07e-08,7.45e-08,3.565,3.041,0.524,0.0867,7.05
2CM,gas,stddft,5.33e-08,-4.1e-09,3.473,3.015,0.45799999999999974,0.066,7.05
2CM,toluene,stda,1.061e-07,7.83e-08,3.562,3.061,0.5009999999999999,0.155,7.154000000000001
2CM,toluene,stddft,4.2e-09,-1.085e-07,3.473,3.035,0.4379999999999997,0.1188,7.154000000000001
2Cz-DMAC-BTB,gas,stda,1.47e-08,-6.2e-09,3.743,3.362,0.3809999999999998,0.0795,6.068999999999999
2Cz-DMAC-BTB,gas,stddft,-1.96e-08,8.8e-08,3.733,3.333,0.3999999999999999,0.0982,6.068999999999999
2Cz-DMAC-BTB,toluene,stda,2.2e-08,-1.447e-07,3.553,3.358,0.19499999999999984,0.0257,5.874999999999999
2Cz-DMAC-BTB,toluene,stddft,3.4e-09,6.23e-08,3.547,3.329,0.21799999999999997,0.0257,5.874999999999999
2Cz-DMAC-TTR,gas,stda,-1.003e-07,3.24e-08,3.917,3.482,0.4349999999999996,0.4315,7.1530000000000005
2Cz-DMAC-TTR,gas,stddft,-6.35e-08,5.26e-08,3.864,3.46,0.4039999999999999,0.3655,7.1530000000000005
2Cz-DMAC-TTR,toluene,stda,8.9e-09,3.96e-08,3.975,3.404,0.5710000000000002,0.1344,7.07
2Cz-DMAC-TTR,toluene,stddft,-4.6e-09,2.42e-08,3.911,3.383,0.528,0.0418,7.07
2Cz-DMAC-TXO,gas,stda,1.7e-09,-4.6e-09,3.397,2.864,0.5329999999999999,0.0209,5.548000000000001
2Cz-DMAC-TXO,gas,stddft,-2.99e-08,1.08e-08,3.37,2.838,0.532,0.0549,5.548000000000001
2Cz-DMAC-TXO,toluene,stda,3.1e-09,4.64e-08,3.335,2.848,0.4870000000000001,0.015,5.518000000000001
2Cz-DMAC-TXO,toluene,stddft,-4.72e-08,-6.56e-08,3.318,2.821,0.4969999999999999,0.0312,5.518000000000001
2Cz2tCzBn,gas,stda,1.18e-08,7.8e-09,3.409,3.156,0.25299999999999967,0.4382,6.766
2Cz2tCzBn,gas,stddft,-4.1e-09,2.44e-08,3.374,3.145,0.2290000000000001,0.3864,6.766
2Cz2tCzBn,toluene,stda,2.8e-09,-1.066e-07,3.269,2.992,0.27700000000000014,0.4651,6.664
2Cz2tCzBn,toluene,stddft,2.6e-09,-4.57e-08,3.229,2.98,0.2490000000000001,0.4065,6.664
2CzBN,gas,stda,-2e-10,-3.4e-08,3.746,3.409,0.3370000000000002,0.1845,6.992000000000001
2CzBN,gas,stddft,1.53e-08,1.06e-08,3.71,3.388,0.32200000000000006,0.1595,6.992000000000001
2CzBN,toluene,stda,-1.46e-08,6.69e-08,3.683,3.329,0.35399999999999965,0.2305,6.906999999999999
2CzBN,toluene,stddft,-6.88e-08,5.67e-08,3.648,3.309,0.33899999999999997,0.2028,6.906999999999999
2CzCbPy,gas,stda,9.58e-08,2.95e-08,3.724,3.287,0.4370000000000003,0.377,6.8919999999999995
2CzCbPy,gas,stddft,1.93e-08,3.72e-08,3.666,3.266,0.3999999999999999,0.3071,6.8919999999999995
2CzCbPy,toluene,stda,-1.95e-08,-2.05e-08,3.703,3.246,0.45699999999999985,0.3323,6.965000000000001
2CzCbPy,toluene,stddft,-2.38e-08,2.84e-08,3.641,3.224,0.4169999999999998,0.2662,6.965000000000001
2CzMC,gas,stda,-1.174e-07,1.68e-08,3.77,3.204,0.5659999999999998,0.135,7.192
2CzMC,gas,stddft,8.18e-08,4.83e-08,3.708,3.167,0.5410000000000004,0.1216,7.192
2CzMC,toluene,stda,5.04e-08,-3.88e-08,3.686,3.072,0.6139999999999999,0.1907,7.026000000000001
2CzMC,toluene,stddft,1.97e-08,7.66e-08,3.618,3.032,0.5859999999999999,0.1678,7.026000000000001
2CzP-INN,gas,stda,-1.9e-08,-1.9e-09,3.914,3.461,0.4530000000000003,0.7154,6.531
2CzP-INN,gas,stddft,5.3e-09,1.765e-07,3.857,3.439,0.41800000000000015,0.5641,6.531
2CzP-INN,toluene,stda,-7.78e-08,2.33e-08,3.903,3.443,0.45999999999999996,0.6819,6.488
2CzP-INN,toluene,stddft,-9.9e-09,7.1e-08,3.844,3.421,0.42300000000000004,0.5343,6.488
2CzPN,gas,stda,6.07e-08,1.58e-08,3.443,3.123,0.31999999999999984,0.2048,6.535
2CzPN,gas,stddft,1.39e-08,6.16e-08,3.414,3.103,0.31099999999999994,0.182,6.535
2CzPN,toluene,stda,-1.73e-08,-6.63e-08,3.259,2.914,0.34499999999999975,0.245,6.308000000000001
2CzPN,toluene,stddft,-2.9e-09,-1.464e-07,3.226,2.894,0.33199999999999985,0.2156,6.308000000000001
2CzPy,gas,stda,-2.2e-09,2.64e-08,3.902,3.443,0.4590000000000001,0.1724,7.247000000000001
2CzPy,gas,stddft,-6.02e-08,5.51e-08,3.839,3.42,0.41900000000000004,0.1486,7.247000000000001
2CzPy,toluene,stda,8.71e-08,1.474e-07,3.883,3.402,0.48099999999999987,0.1365,7.2010000000000005
2CzPy,toluene,stddft,-8.26e-08,-4.07e-08,3.816,3.378,0.4379999999999997,0.1119,7.2010000000000005
2CzTPE,gas,stda,-4.34e-08,-1.92e-08,3.598,2.881,0.7170000000000001,2.3964,6.469
2CzTPE,gas,stddft,-6.7e-09,1.13e-08,3.559,2.833,0.726,2.0956,6.469
2CzTPE,toluene,stda,-1.429e-07,-2.93e-08,3.614,2.89,0.7239999999999998,2.6157,6.465
2CzTPE,toluene,stddft,-5.26e-08,-5.84e-08,3.574,2.842,0.7319999999999998,2.2891,6.465
2CzTPEPCz,gas,stda,-1.11e-08,7.3e-09,3.861,3.292,0.5690000000000004,1.5194,6.551
2CzTPEPCz,gas,stddft,-4.16e-08,-6.39e-08,3.831,3.254,0.577,1.3309,6.551
2CzTPEPCz,toluene,stda,-3.08e-08,-4e-10,3.848,3.278,0.5699999999999998,1.5521,6.64
2CzTPEPCz,toluene,stddft,-5.1e-09,-3.2e-09,3.81,3.24,0.5699999999999998,1.3307,6.64
2DMAC-BP-F,gas,stda,-2.51e-08,2.8e-09,3.125,2.54,0.585,0.8952,5.703
2DMAC-BP-F,gas,stddft,-6.55e-08,3.59e-08,3.055,2.512,0.5430000000000001,0.7569,5.703
2DMAC-BP-F,toluene,stda,-2.34e-08,-3.6e-08,3.004,2.386,0.6179999999999999,0.9316,5.4830000000000005
2DMAC-BP-F,toluene,stddft,3.42e-08,-1.085e-07,2.929,2.355,0.5739999999999998,0.7792,5.4830000000000005
2DN,gas,stda,1.3e-08,4.49e-08,2.682,2.527,0.1549999999999998,0.0984,5.118
2DN,gas,stddft,3.08e-08,-7.98e-08,2.671,2.51,0.16100000000000003,0.0905,5.118
2DN,toluene,stda,-1.48e-08,-3.83e-08,2.361,1.8,0.5610000000000002,0.1778,5.171000000000001
2DN,toluene,stddft,-1.24e-08,1.32e-08,2.265,1.762,0.5030000000000001,0.1295,5.171000000000001
2DPA-DPQ,gas,stda,9.54e-08,-1.01e-08,3.061,2.431,0.6299999999999999,0.8164,6.303
2DPA-DPQ,gas,stddft,-4.7e-09,-1.6e-09,2.975,2.401,0.5740000000000003,0.6671,6.303
2DPA-DPQ,toluene,stda,-7.3e-09,-1.1e-08,3.053,2.412,0.641,0.8511,6.284000000000001
2DPA-DPQ,toluene,stddft,3.04e-08,-3.9e-09,2.966,2.381,0.5850000000000004,0.6927,6.284000000000001
2F,gas,stda,-1.426e-07,-3.13e-08,3.334,2.884,0.4500000000000002,0.1122,5.271
2F,gas,stddft,7.65e-08,-2.25e-08,3.259,2.864,0.395,0.09,5.271
2F,toluene,stda,7.11e-08,7.46e-08,3.329,2.883,0.4460000000000002,0.1368,5.109
2F,toluene,stddft,1.29e-08,1.34e-08,3.254,2.862,0.3919999999999999,0.1087,5.109
2H-Qz,gas,stda,-6.8e-09,9.37e-08,3.098,2.737,0.36099999999999977,0.0157,5.214
2H-Qz,gas,stddft,2e-09,-2.45e-08,3.06,2.706,0.3540000000000001,0.0133,5.214
2H-Qz,toluene,stda,-3.37e-08,-7.99e-08,3.105,2.741,0.3639999999999999,0.0151,5.188999999999999
2H-Qz,toluene,stddft,-1.97e-08,-4.38e-08,3.066,2.71,0.35599999999999987,0.0127,5.188999999999999
2ICz-OXD,gas,stda,1.42e-08,5.6e-09,3.804,3.4,0.4039999999999999,0.3227,6.329999999999999
2ICz-OXD,gas,stddft,-4.36e-08,-3.52e-08,3.753,3.376,0.3770000000000002,0.2991,6.329999999999999
2ICz-OXD,toluene,stda,-9.84e-08,6.9e-09,3.796,3.371,0.4249999999999998,0.3122,6.217
2ICz-OXD,toluene,stddft,-4.79e-08,4.52e-08,3.744,3.347,0.39700000000000024,0.2901,6.217
2MeCZ-TRZ,gas,stda,4.01e-08,2.85e-08,3.909,3.489,0.41999999999999993,0.6203,6.429999999999999
2MeCZ-TRZ,gas,stddft,-4.67e-08,1.8e-08,3.86,3.466,0.3939999999999997,0.4711,6.429999999999999
2MeCZ-TRZ,toluene,stda,8.7e-09,8.8e-09,3.934,3.488,0.4460000000000002,0.7384,6.456
2MeCZ-TRZ,toluene,stddft,-1.64e-08,-1.15e-08,3.886,3.466,0.41999999999999993,0.576,6.456
2Mi2SB,gas,stda,3.6e-09,5.17e-08,4.695,4.176,0.5190000000000001,0.1294,8.221
2Mi2SB,gas,stddft,-4.1e-09,2.2e-08,4.649,4.149,0.5,0.1174,8.221
2Mi2SB,toluene,stda,7.69e-08,-6.61e-08,4.683,4.115,0.5679999999999996,0.1347,8.175
2Mi2SB,toluene,stddft,4.76e-08,2.83e-08,4.632,4.089,0.5429999999999993,0.1234,8.175
2PBCzPy,gas,stda,2.95e-08,-7.8e-09,4.021,3.532,0.4889999999999999,0.1445,6.857
2PBCzPy,gas,stddft,-5.67e-08,2.58e-08,3.961,3.511,0.44999999999999973,0.1508,6.857
2PBCzPy,toluene,stda,2.7e-09,-1.41e-08,3.974,3.488,0.4860000000000002,0.172,6.935
2PBCzPy,toluene,stddft,1.91e-08,-6.48e-08,3.913,3.467,0.44599999999999973,0.1413,6.935
2PCzBN,gas,stda,6.7e-09,4.63e-08,3.832,3.426,0.4059999999999997,0.7246,6.945
2PCzBN,gas,stddft,4.9e-09,-5.9e-09,3.804,3.405,0.399,0.661,6.945
2PCzBN,toluene,stda,4.47e-08,3.22e-08,3.826,3.404,0.42200000000000015,0.742,6.957
2PCzBN,toluene,stddft,4.4e-08,4.61e-08,3.794,3.383,0.41100000000000003,0.6559,6.957
2PCzBN-tPh,gas,stda,3.27e-08,-1.4e-09,3.766,3.446,0.31999999999999984,0.6166,6.655
2PCzBN-tPh,gas,stddft,-3.15e-08,-3.2e-09,3.74,3.424,0.3160000000000003,0.5681,6.655
2PCzBN-tPh,toluene,stda,-3.4e-08,5.32e-08,3.755,3.411,0.34399999999999986,0.6611,6.6739999999999995
2PCzBN-tPh,toluene,stddft,3.35e-08,-5.6e-09,3.727,3.389,0.3380000000000001,0.6087,6.6739999999999995
2PN,gas,stda,2.76e-08,-4.31e-08,2.201,2.007,0.19399999999999995,0.0926,4.683999999999999
2PN,gas,stddft,2.78e-08,1.94e-08,2.182,1.995,0.18699999999999983,0.0673,4.683999999999999
2PN,toluene,stda,4.14e-08,-5.83e-08,2.159,1.961,0.19799999999999973,0.2118,4.664
2PN,toluene,stddft,-2.37e-08,2.4e-09,2.141,1.949,0.19199999999999995,0.1833,4.664
2PS-2FPh,gas,stda,-4.21e-08,-1.91e-08,3.225,2.878,0.347,0.0318,6.687000000000001
2PS-2FPh,gas,stddft,-3.86e-08,-4.85e-08,3.184,2.85,0.3340000000000001,0.0269,6.687000000000001
2PS-2FPh,toluene,stda,-5.68e-08,-7.32e-08,3.204,2.833,0.371,0.051,6.759
2PS-2FPh,toluene,stddft,-3.83e-08,1.5e-08,3.161,2.803,0.3580000000000001,0.0432,6.759
2PXZ-OXD,gas,stda,-5.27e-08,3.44e-08,3.099,2.812,0.28700000000000037,0.8673,5.4799999999999995
2PXZ-OXD,gas,stddft,2.26e-08,-1.92e-08,3.088,2.802,0.28600000000000003,0.8117,5.4799999999999995
2PXZ-OXD,toluene,stda,-3.34e-08,-2.73e-08,3.097,2.835,0.262,0.8694,5.448999999999999
2PXZ-OXD,toluene,stddft,-9.9e-09,3.12e-08,3.087,2.826,0.2610000000000001,0.815,5.448999999999999
2PXZP,gas,stda,-1.36e-08,4.92e-08,3.076,2.741,0.33499999999999996,0.4548,5.372999999999999
2PXZP,gas,stddft,-1.02e-08,7.4e-09,3.06,2.709,0.351,0.4195,5.372999999999999
2PXZP,toluene,stda,6.87e-08,-1.018e-07,3.118,2.749,0.3689999999999998,0.0208,5.463
2PXZP,toluene,stddft,-9.6e-09,1.65e-08,3.081,2.718,0.363,0.0182,5.463
2PyCNBCz,gas,stda,-8.35e-08,4.17e-08,3.824,3.387,0.43699999999999983,1.3419,5.922000000000001
2PyCNBCz,gas,stddft,6.27e-08,4.9e-09,3.78,3.365,0.4149999999999996,1.1088,5.922000000000001
2PyCNBCz,toluene,stda,-1.8e-08,5.18e-08,3.794,3.36,0.43400000000000016,1.5588,5.761999999999999
2PyCNBCz,toluene,stddft,5.96e-08,-4.37e-08,3.759,3.336,0.42300000000000004,1.3444,5.761999999999999
2PyCNICz,gas,stda,7.5e-09,-3.7e-08,3.743,3.366,0.3769999999999998,0.2141,5.943
2PyCNICz,gas,stddft,7.58e-08,-1.57e-08,3.692,3.34,0.3520000000000003,0.2003,5.943
2PyCNICz,toluene,stda,-2.61e-08,-3.67e-08,3.726,3.35,0.3759999999999999,0.1406,5.766
2PyCNICz,toluene,stddft,-3.2e-09,6.13e-08,3.679,3.324,0.355,0.1296,5.766
2SBFN,gas,stda,-9.05e-08,-6.05e-08,4.207,3.39,0.8169999999999997,0.048,7.461
2SBFN,gas,stddft,-1.033e-07,4.54e-08,4.172,3.338,0.8339999999999996,0.0886,7.461
2SBFN,toluene,stda,-3.02e-08,-5.89e-08,4.2,3.388,0.8120000000000003,0.0909,7.445
2SBFN,toluene,stddft,4e-08,1.026e-07,4.163,3.335,0.8280000000000003,0.1483,7.445
2SPBAC-BP,gas,stda,-7.06e-08,-6.04e-08,3.647,3.064,0.5829999999999997,0.1859,6.227
2SPBAC-BP,gas,stddft,7.6e-09,-4.24e-08,3.605,3.03,0.5750000000000002,0.2351,6.227
2SPBAC-BP,toluene,stda,-7.05e-08,5.56e-08,3.396,2.812,0.5840000000000001,0.0899,5.9079999999999995
2SPBAC-BP,toluene,stddft,3.6e-08,-3.12e-08,3.345,2.78,0.5650000000000004,0.1145,5.9079999999999995
2TCz-DPS,gas,stda,2e-08,-5.56e-08,3.854,3.389,0.4650000000000003,0.0404,6.9719999999999995
2TCz-DPS,gas,stddft,3.59e-08,2.74e-08,3.805,3.368,0.4370000000000003,0.0326,6.9719999999999995
2TCz-DPS,toluene,stda,7.11e-08,-1.551e-07,3.875,3.431,0.44399999999999995,0.0961,7.136
2TCz-DPS,toluene,stddft,-1.61e-08,1.9e-09,3.817,3.41,0.40700000000000003,0.0841,7.136
2TDBA-SBA,gas,stda,3.2e-08,4.74e-08,3.572,3.074,0.4980000000000002,0.2263,5.813000000000001
2TDBA-SBA,gas,stddft,2.91e-08,4.2e-09,3.497,3.054,0.44300000000000006,0.1905,5.813000000000001
2TDBA-SBA,toluene,stda,3.61e-08,5.05e-08,3.559,3.074,0.4850000000000003,0.2436,5.79
2TDBA-SBA,toluene,stddft,8.9e-09,-3.8e-09,3.486,3.055,0.43100000000000005,0.2027,5.79
2Trz6CNDBT,gas,stda,-5.13e-08,3.83e-08,3.909,3.568,0.34099999999999975,0.1548,7.406000000000001
2Trz6CNDBT,gas,stddft,4.9e-09,-7.1e-09,3.86,3.549,0.31099999999999994,0.1422,7.406000000000001
2Trz6CNDBT,toluene,stda,6.99e-08,-2.78e-08,3.892,3.545,0.347,0.157,7.433999999999999
2Trz6CNDBT,toluene,stddft,6.3e-08,-1.9e-08,3.842,3.527,0.31499999999999995,0.1427,7.433999999999999
2tCz2CzBn,gas,stda,5.2e-09,3.17e-08,3.425,3.162,0.2629999999999999,0.3948,6.781000000000001
2tCz2CzBn,gas,stddft,9e-10,9.1e-09,3.388,3.151,0.2370000000000001,0.3491,6.781000000000001
2tCz2CzBn,toluene,stda,1.77e-08,3.8e-08,3.303,3.011,0.2919999999999998,0.4316,6.665000000000001
2tCz2CzBn,toluene,stddft,-1.82e-08,1.56e-08,3.261,2.999,0.262,0.376,6.665000000000001
2tPAB,gas,stda,-2.8e-08,-2.64e-08,3.149,2.709,0.43999999999999995,0.4192,6.468000000000001
2tPAB,gas,stddft,3.68e-08,-4e-09,3.076,2.688,0.3879999999999999,0.3396,6.468000000000001
2tPAB,toluene,stda,5.05e-08,-4.39e-08,3.125,2.682,0.44300000000000006,0.417,6.434
2tPAB,toluene,stddft,-5.4e-09,2.37e-08,3.052,2.66,0.3919999999999999,0.3366,6.434
3-ACBPmCN,gas,stda,-2.16e-08,-3.6e-08,3.221,3.089,0.13200000000000012,0.0099,5.103999999999999
3-ACBPmCN,gas,stddft,3.2e-09,1.083e-07,3.219,3.057,0.16199999999999992,0.0104,5.103999999999999
3-ACBPmCN,toluene,stda,-4e-10,3.93e-08,3.2,3.071,0.129,0.0166,4.991
3-ACBPmCN,toluene,stddft,7e-09,1.026e-07,3.198,3.038,0.16000000000000014,0.0181,4.991
3-AcBPdCN,gas,stda,2.45e-08,5.28e-08,2.858,2.357,0.5009999999999999,0.6375,5.33
3-AcBPdCN,gas,stddft,3.99e-08,-3.57e-08,2.797,2.327,0.4700000000000002,0.5488,5.33
3-AcBPdCN,toluene,stda,-2.09e-08,-3.64e-08,2.62,2.097,0.5230000000000001,0.6129,5.016
3-AcBPdCN,toluene,stddft,-1.22e-08,1.113e-07,2.553,2.063,0.48999999999999977,0.5223,5.016
3-AcBPtCN,gas,stda,-4.35e-08,-2.93e-08,2.995,2.805,0.18999999999999995,0.2684,4.611000000000001
3-AcBPtCN,gas,stddft,2.51e-08,-2.25e-08,2.982,2.791,0.19100000000000028,0.2555,4.611000000000001
3-AcBPtCN,toluene,stda,8.06e-08,7.29e-08,2.501,2.023,0.47799999999999976,0.4351,4.873999999999999
3-AcBPtCN,toluene,stddft,-5.2e-09,1.98e-08,2.442,1.989,0.45300000000000007,0.3809,4.873999999999999
3-BHH,gas,stda,-5.28e-08,5.15e-08,4.176,3.233,0.9430000000000001,0.1321,7.383
3-BHH,gas,stddft,-1.28e-08,1.5e-09,4.087,3.191,0.8959999999999999,0.117,7.383
3-BHH,toluene,stda,5.6e-08,2.03e-08,4.15,3.172,0.9780000000000002,0.1464,7.457
3-BHH,toluene,stddft,-6e-09,3e-08,4.056,3.129,0.927,0.1287,7.457
3-DPM,gas,stda,-1.1e-08,1.288e-07,2.99,2.719,0.27100000000000035,0.0312,5.473000000000001
3-DPM,gas,stddft,-2.82e-08,2.93e-08,2.96,2.707,0.2530000000000001,0.0246,5.473000000000001
3-DPM,toluene,stda,4.17e-08,-5.7e-08,2.755,2.514,0.2410000000000001,0.02,5.24
3-DPM,toluene,stddft,4.68e-08,2.8e-09,2.732,2.502,0.23000000000000043,0.0167,5.24
3-DTPA-BBI,gas,stda,6.78e-08,4.38e-08,3.05,2.414,0.6359999999999997,1.7982,5.138999999999999
3-DTPA-BBI,gas,stddft,5.76e-08,-1.03e-08,2.99,2.372,0.6180000000000003,1.4974,5.138999999999999
3-DTPA-BBI,toluene,stda,1.57e-07,1.7e-07,2.868,2.289,0.5789999999999997,1.7895,4.866
3-DTPA-BBI,toluene,stddft,-8.18e-08,-8.2e-08,2.813,2.25,0.5630000000000002,1.518,4.866
35CzBPym,gas,stda,2.34e-08,-8.63e-08,3.536,3.276,0.26000000000000023,0.0641,6.122999999999999
35CzBPym,gas,stddft,3.2e-08,-3.69e-08,3.506,3.266,0.23999999999999977,0.0558,6.122999999999999
35CzBPym,toluene,stda,-5.05e-08,-1.3e-09,3.474,3.215,0.25900000000000034,0.0608,6.035
35CzBPym,toluene,stddft,1.178e-07,6.2e-08,3.444,3.205,0.23899999999999988,0.0525,6.035
35tCzBPym,gas,stda,-8.81e-08,-9.82e-08,3.465,3.207,0.258,0.0634,5.997
35tCzBPym,gas,stddft,1.028e-07,7.23e-08,3.437,3.197,0.23999999999999977,0.0553,5.997
35tCzBPym,toluene,stda,7.07e-08,4.69e-08,3.35,3.082,0.26800000000000024,0.0663,5.878
35tCzBPym,toluene,stddft,-4.97e-08,-5.49e-08,3.32,3.071,0.24899999999999967,0.0574,5.878
36DTPAFM,gas,stda,-2.66e-08,-3.99e-08,2.775,2.426,0.34899999999999975,0.1287,4.705
36DTPAFM,gas,stddft,6.51e-08,8.64e-08,2.755,2.385,0.3700000000000001,0.1242,4.705
36DTPAFM,toluene,stda,2.3e-09,-1.08e-08,2.648,2.243,0.40500000000000025,0.3422,4.458
36DTPAFM,toluene,stddft,9.51e-08,-8.51e-08,2.629,2.205,0.42399999999999993,0.3248,4.458
3BPy-mDTC,gas,stda,-4.67e-08,8.1e-09,3.559,3.299,0.26000000000000023,0.0907,6.135
3BPy-mDTC,gas,stddft,-2.5e-09,9.89e-08,3.53,3.289,0.24099999999999966,0.0826,6.135
3BPy-mDTC,toluene,stda,-4.19e-08,1.48e-08,3.49,3.235,0.25500000000000034,0.0838,6.047
3BPy-mDTC,toluene,stddft,-2.87e-08,8.54e-08,3.462,3.225,0.2370000000000001,0.0753,6.047
3BrBI,gas,stda,-5.85e-08,3.4e-08,3.476,2.723,0.7530000000000001,3.9069,6.293000000000001
3BrBI,gas,stddft,6.79e-08,2.7e-09,3.433,2.667,0.766,3.4225,6.293000000000001
3BrBI,toluene,stda,8.09e-08,-9.81e-08,3.502,2.747,0.7549999999999999,3.8849,6.3530000000000015
3BrBI,toluene,stddft,-1.96e-08,-4.32e-08,3.459,2.692,0.7669999999999999,3.403,6.3530000000000015
3CP-DPS-DMAC,gas,stda,2.6e-09,-3.3e-09,3.82,3.385,0.43500000000000005,0.2009,6.793
3CP-DPS-DMAC,gas,stddft,4.31e-08,-1.73e-08,3.747,3.361,0.3859999999999997,0.1636,6.793
3CP-DPS-DMAC,toluene,stda,8.7e-08,4.15e-08,3.804,3.359,0.44499999999999984,0.158,6.725999999999999
3CP-DPS-DMAC,toluene,stddft,6.53e-08,1.17e-08,3.729,3.335,0.39400000000000013,0.1274,6.725999999999999
3CP-DPS-PXZ,gas,stda,-4.66e-08,2.3e-09,3.098,2.733,0.36499999999999977,0.0149,6.359999999999999
3CP-DPS-PXZ,gas,stddft,-7.41e-08,-5.28e-08,3.061,2.702,0.359,0.0128,6.359999999999999
3CP-DPS-PXZ,toluene,stda,-7.91e-08,6.21e-08,3.129,2.761,0.3679999999999999,0.0132,6.368
3CP-DPS-PXZ,toluene,stddft,-1.77e-08,9.5e-09,3.091,2.73,0.3610000000000002,0.0111,6.368
3CzAnBzt,gas,stda,-4.01e-08,-7.18e-08,3.25,2.243,1.0070000000000001,0.7323,6.147
3CzAnBzt,gas,stddft,-6.68e-08,5.2e-08,3.101,2.173,0.9279999999999999,0.5288,6.147
3CzAnBzt,toluene,stda,6.27e-08,-1.149e-07,3.258,2.253,1.005,0.7095,6.134
3CzAnBzt,toluene,stddft,7.02e-08,-1.028e-07,3.108,2.183,0.9250000000000003,0.5126,6.134
3CzAnN,gas,stda,-2.25e-08,-2.2e-09,3.252,2.248,1.0039999999999996,0.7743,6.220000000000001
3CzAnN,gas,stddft,6e-09,1.285e-07,3.107,2.178,0.9290000000000003,0.5617,6.220000000000001
3CzAnN,toluene,stda,2.71e-08,-2.29e-08,3.259,2.25,1.009,0.7568,6.1899999999999995
3CzAnN,toluene,stddft,3.14e-08,2.73e-08,3.112,2.18,0.9319999999999999,0.547,6.1899999999999995
3CzBN,gas,stda,4.3e-09,1.378e-07,3.844,3.396,0.44799999999999995,0.3168,7.042000000000001
3CzBN,gas,stddft,-5.1e-09,-5.9e-08,3.819,3.371,0.44799999999999995,0.2858,7.042000000000001
3CzBN,toluene,stda,4.32e-08,1.27e-08,3.75,3.344,0.40600000000000014,0.3467,7.031000000000001
3CzBN,toluene,stddft,9.11e-08,-5.86e-08,3.724,3.319,0.40500000000000025,0.3206,7.031000000000001
3CzFTFP,gas,stda,-1.162e-07,-9.7e-09,3.863,3.411,0.45199999999999996,0.1636,7.114000000000001
3CzFTFP,gas,stddft,5.26e-08,-2.25e-08,3.791,3.388,0.403,0.1359,7.114000000000001
3CzFTFP,toluene,stda,2.38e-08,-3.43e-08,3.824,3.366,0.45799999999999974,0.1553,6.920000000000001
3CzFTFP,toluene,stddft,-2.05e-08,4.76e-08,3.749,3.343,0.40600000000000014,0.1285,6.920000000000001
3CzPhpPM,gas,stda,-7.05e-08,-4.02e-08,3.825,3.422,0.403,0.4495,6.731999999999999
3CzPhpPM,gas,stddft,3.52e-08,1.175e-07,3.764,3.4,0.3639999999999999,0.356,6.731999999999999
3CzPhpPM,toluene,stda,2.71e-08,-2.92e-08,3.82,3.411,0.4089999999999998,0.4297,6.728000000000001
3CzPhpPM,toluene,stddft,-6.99e-08,-3.29e-08,3.757,3.389,0.3680000000000003,0.3389,6.728000000000001
3DCPO,gas,stda,5.37e-08,-7.62e-08,3.866,3.406,0.45999999999999996,0.047,7.574000000000001
3DCPO,gas,stddft,-1.85e-08,3.8e-09,3.792,3.384,0.4079999999999999,0.0385,7.574000000000001
3DCPO,toluene,stda,2.5e-08,8.3e-09,3.897,3.397,0.5,0.1917,7.563000000000001
3DCPO,toluene,stddft,-4.94e-08,-5.15e-08,3.827,3.374,0.45299999999999985,0.1598,7.563000000000001
3DMAC-BP-Br,gas,stda,2.4e-08,-3.5e-09,2.822,2.768,0.05400000000000027,0.0817,5.109
3DMAC-BP-Br,gas,stddft,6.3e-09,3.9e-09,2.818,2.762,0.05600000000000005,0.0797,5.109
3DMAC-BP-Br,toluene,stda,9.5e-09,-8.24e-08,2.894,2.419,0.4750000000000001,0.3445,5.2010000000000005
3DMAC-BP-Br,toluene,stddft,2.12e-08,-5.1e-09,2.846,2.39,0.45599999999999996,0.4186,5.2010000000000005
3DMAC-BP-CN,gas,stda,-1.46e-08,-3.04e-08,2.905,2.46,0.44499999999999984,0.0185,5.209
3DMAC-BP-CN,gas,stddft,3.2e-09,1.516e-07,2.897,2.431,0.46599999999999975,0.0035,5.209
3DMAC-BP-CN,toluene,stda,3.16e-08,-7.33e-08,2.803,2.31,0.4929999999999999,0.0982,4.968
3DMAC-BP-CN,toluene,stddft,-3.2e-08,-1.28e-08,2.752,2.28,0.472,0.5258,4.968
3DMACIPN,gas,stda,-4.08e-08,6.9e-09,2.868,2.707,0.16100000000000003,0.1368,5.9799999999999995
3DMACIPN,gas,stddft,-2.4e-09,-1.13e-08,2.858,2.697,0.16100000000000003,0.1266,5.9799999999999995
3DMACIPN,toluene,stda,3.88e-08,-1.9e-09,2.771,2.568,0.20299999999999985,0.1096,5.866999999999999
3DMACIPN,toluene,stddft,1.9e-09,-3.86e-08,2.754,2.559,0.19499999999999984,0.0982,5.866999999999999
3DPA3CN,gas,stda,8.7e-09,-5.11e-08,3.314,2.982,0.33199999999999985,1.4124,5.908
3DPA3CN,gas,stddft,-2.03e-08,-9.95e-08,3.295,2.961,0.3340000000000001,1.2987,5.908
3DPA3CN,toluene,stda,8.4e-09,-1.04e-07,3.203,2.867,0.33599999999999985,1.4,5.807
3DPA3CN,toluene,stddft,-1.73e-08,-2.01e-08,3.183,2.846,0.33699999999999974,1.283,5.807
3DPTIA,gas,stda,7.25e-08,-3.85e-08,3.697,3.255,0.44200000000000017,0.1633,6.470000000000001
3DPTIA,gas,stddft,-2.76e-08,-2.62e-08,3.624,3.234,0.3900000000000001,0.1337,6.470000000000001
3DPTIA,toluene,stda,-2.54e-08,1.25e-08,3.682,3.244,0.4379999999999997,0.1407,6.409
3DPTIA,toluene,stddft,7.74e-08,-1.53e-08,3.609,3.222,0.387,0.1152,6.409
3PCzPFP,gas,stda,7.73e-08,2.44e-08,3.827,3.381,0.4460000000000002,0.1674,6.944
3PCzPFP,gas,stddft,-1.402e-07,2.95e-08,3.754,3.358,0.3959999999999999,0.1385,6.944
3PCzPFP,toluene,stda,1.037e-07,3.07e-08,3.815,3.368,0.44700000000000006,0.1491,6.746
3PCzPFP,toluene,stddft,-6.17e-08,2.55e-08,3.741,3.345,0.3959999999999999,0.1237,6.746
3Py-DMAC,gas,stda,4.21e-08,-9e-10,3.566,3.43,0.13599999999999968,0.2549,5.186
3Py-DMAC,gas,stddft,-1.8e-09,3.99e-08,3.558,3.398,0.1599999999999997,0.2397,5.186
3Py-DMAC,toluene,stda,-9.9e-09,1.1e-09,3.165,2.662,0.5030000000000001,1.1284,5.385999999999999
3Py-DMAC,toluene,stddft,-4.95e-08,1.83e-08,3.117,2.636,0.48099999999999987,0.9842,5.385999999999999
3TCPM,gas,stda,-1.04e-08,3.28e-08,3.732,3.34,0.39200000000000035,1.5291,5.853000000000001
3TCPM,gas,stddft,-6.8e-09,2.26e-08,3.703,3.315,0.3879999999999999,1.3257,5.853000000000001
3TCPM,toluene,stda,-3.62e-08,-9.7e-09,3.643,3.345,0.2979999999999996,0.006,5.755
3TCPM,toluene,stddft,1.53e-08,5.37e-08,3.641,3.323,0.31800000000000006,0.0186,5.755
3TPAFM,gas,stda,1.25e-08,7.74e-08,2.624,2.378,0.246,0.0879,4.702999999999999
3TPAFM,gas,stddft,2.07e-07,1.33e-07,2.599,2.349,0.25,0.084,4.702999999999999
3TPAFM,toluene,stda,-6.66e-08,-7.84e-08,2.475,2.173,0.30200000000000005,0.2308,4.453000000000001
3TPAFM,toluene,stddft,-7.97e-08,2.19e-08,2.447,2.144,0.30299999999999994,0.2204,4.453000000000001
3ai,gas,stda,7.47e-08,5.02e-08,3.637,2.539,1.0979999999999999,0.7973,6.947000000000001
3ai,gas,stddft,-1.56e-08,-8.96e-08,3.458,2.482,0.976,0.547,6.947000000000001
3ai,toluene,stda,3.48e-08,-2.68e-08,3.593,2.518,1.0750000000000002,0.7992,6.966
3ai,toluene,stddft,4.1e-08,9.08e-08,3.408,2.46,0.948,0.546,6.966
3ca,gas,stda,-2.4e-09,-7.33e-08,3.513,2.679,0.8340000000000001,1.4542,6.619
3ca,gas,stddft,-4.48e-08,1.282e-07,3.425,2.63,0.7949999999999999,1.1614,6.619
3ca,toluene,stda,-4.95e-08,1.01e-08,3.501,2.676,0.8249999999999997,1.3956,6.5969999999999995
3ca,toluene,stddft,-8.38e-08,9.8e-09,3.414,2.627,0.7870000000000004,1.1163,6.5969999999999995
4-Ac,gas,stda,1.38e-08,2.75e-08,4.002,3.343,0.6589999999999998,0.6236,7.632
4-Ac,gas,stddft,3.68e-08,-4e-08,3.951,3.313,0.6379999999999999,0.5396,7.632
4-Ac,toluene,stda,-9.24e-08,2.95e-08,3.945,3.252,0.6930000000000001,0.0205,7.550000000000001
4-Ac,toluene,stddft,-7.1e-09,8.19e-08,3.884,3.22,0.6639999999999997,0.017,7.550000000000001
4-DBFBI,gas,stda,2.53e-08,4.23e-08,4.175,3.682,0.4929999999999999,0.4349,7.431
4-DBFBI,gas,stddft,-3.02e-08,-2.75e-08,4.132,3.655,0.47699999999999987,0.3888,7.431
4-DBFBI,toluene,stda,3.65e-08,6.5e-09,4.196,3.713,0.48299999999999965,0.424,7.285000000000001
4-DBFBI,toluene,stddft,2.27e-08,8.2e-09,4.155,3.686,0.4690000000000003,0.3751,7.285000000000001
4-DPM,gas,stda,1.1e-09,3.2e-08,3.034,2.395,0.6389999999999998,1.1998,5.718999999999999
4-DPM,gas,stddft,-2.01e-08,6.6e-09,3.008,2.361,0.6469999999999998,1.0874,5.718999999999999
4-DPM,toluene,stda,-1.21e-08,1.101e-07,2.85,2.226,0.6240000000000001,1.2987,5.516
4-DPM,toluene,stddft,4.31e-08,-1.05e-08,2.817,2.189,0.6280000000000001,1.1603,5.516
4-SCZ,gas,stda,-5.6e-08,7.03e-08,3.67,3.118,0.552,0.1846,7.179
4-SCZ,gas,stddft,-4.22e-08,-3.25e-08,3.59,3.088,0.5019999999999998,0.1533,7.179
4-SCZ,toluene,stda,-1e-10,3.6e-08,3.675,3.12,0.5549999999999997,0.1857,7.1819999999999995
4-SCZ,toluene,stddft,-5.7e-09,-1.57e-08,3.594,3.09,0.504,0.1539,7.1819999999999995
4BPy-mDTC,gas,stda,3.49e-08,1.85e-08,3.542,3.274,0.2679999999999998,0.1147,6.132999999999999
4BPy-mDTC,gas,stddft,1.05e-08,1.022e-07,3.512,3.264,0.24800000000000022,0.1038,6.132999999999999
4BPy-mDTC,toluene,stda,7.66e-08,-8.61e-08,3.44,3.187,0.2530000000000001,0.0803,6.024
4BPy-mDTC,toluene,stddft,7.3e-09,2.98e-08,3.412,3.177,0.23499999999999988,0.0717,6.024
4CzIPN,gas,stda,4.59e-08,1.37e-08,3.298,3.086,0.2120000000000002,0.151,6.504
4CzIPN,gas,stddft,-1.39e-08,3.54e-08,3.269,3.077,0.19200000000000017,0.1358,6.504
4CzIPN,toluene,stda,1.8e-08,1.7e-08,3.21,2.984,0.22599999999999998,0.1588,6.4270000000000005
4CzIPN,toluene,stddft,-3.42e-08,-5e-09,3.18,2.974,0.20599999999999996,0.1427,6.4270000000000005
4CzMC,gas,stda,4.68e-08,1.93e-08,3.77,3.239,0.5310000000000001,0.3813,7.275
4CzMC,gas,stddft,1.85e-08,2.2e-09,3.714,3.206,0.508,0.3473,7.275
4CzMC,toluene,stda,-5.14e-08,3.63e-08,3.738,3.134,0.6040000000000001,0.3997,7.168
4CzMC,toluene,stddft,1.59e-08,3.69e-08,3.677,3.097,0.5800000000000001,0.3673,7.168
4CzTPN,gas,stda,-6.9e-09,-2.37e-08,2.962,2.672,0.29000000000000004,0.4215,6.236
4CzTPN,gas,stddft,4.73e-08,2.56e-08,2.917,2.659,0.258,0.3615,6.236
4CzTPN,toluene,stda,-4.25e-08,-1.8e-09,2.841,2.522,0.3190000000000004,0.4455,6.142
4CzTPN,toluene,stddft,-3.35e-08,2.78e-08,2.79,2.508,0.28200000000000003,0.3773,6.142
4F-m-ν-DABNA,gas,stda,-7.66e-08,-4.58e-08,3.215,2.865,0.34999999999999964,1.0122,6.2299999999999995
4F-m-ν-DABNA,gas,stddft,4.24e-08,1.43e-08,3.174,2.846,0.32799999999999985,0.8896,6.2299999999999995
4F-m-ν-DABNA,toluene,stda,-3.92e-08,2.87e-08,3.203,2.86,0.34299999999999997,1.0391,6.207
4F-m-ν-DABNA,toluene,stddft,5.16e-08,-7.1e-09,3.163,2.841,0.3219999999999996,0.9168,6.207
4F-ν-DABNA,gas,stda,-5.44e-08,-1.43e-08,3.211,2.858,0.35299999999999976,0.931,6.239
4F-ν-DABNA,gas,stddft,3.6e-09,-2.71e-08,3.17,2.839,0.33099999999999996,0.8164,6.239
4F-ν-DABNA,toluene,stda,5.84e-08,2e-10,3.187,2.836,0.351,0.9736,6.206
4F-ν-DABNA,toluene,stddft,-4.08e-08,4e-09,3.147,2.816,0.33099999999999996,0.8548,6.206
4FBTPI,gas,stda,-6.99e-08,1.8e-08,3.877,3.474,0.4029999999999996,1.077,6.62
4FBTPI,gas,stddft,8.6e-09,-3.51e-08,3.843,3.448,0.395,0.9648,6.62
4FBTPI,toluene,stda,8.5e-09,5.22e-08,3.846,3.447,0.399,1.1529,6.577000000000001
4FBTPI,toluene,stddft,4.64e-08,-6.11e-08,3.811,3.42,0.391,1.0252,6.577000000000001
4NTAZ-PPI,gas,stda,0.0,1.612e-07,3.865,3.369,0.496,0.6519,6.829
4NTAZ-PPI,gas,stddft,5.3e-08,2.23e-08,3.827,3.319,0.508,0.5815,6.829
4NTAZ-PPI,toluene,stda,-1.04e-08,9.3e-09,3.861,3.336,0.5250000000000004,0.2207,6.9270000000000005
4NTAZ-PPI,toluene,stddft,-4.1e-08,-9.79e-08,3.823,3.285,0.5379999999999998,0.2032,6.9270000000000005
4PyCNICz,gas,stda,2.2e-08,3.3e-08,3.762,3.378,0.3839999999999999,0.1332,5.844999999999999
4PyCNICz,gas,stddft,2.6e-09,1.496e-07,3.715,3.352,0.363,0.1294,5.844999999999999
4PyCNICz,toluene,stda,2.99e-08,4.95e-08,3.757,3.37,0.387,0.1362,5.775
4PyCNICz,toluene,stddft,-1.8e-08,-1.014e-07,3.708,3.344,0.3640000000000003,0.1344,5.775
5-Cz-Sac,gas,stda,3.25e-08,-6.22e-08,3.873,3.427,0.4460000000000002,0.2635,7.258000000000001
5-Cz-Sac,gas,stddft,-4.13e-08,8.9e-09,3.805,3.405,0.40000000000000036,0.2237,7.258000000000001
5-Cz-Sac,toluene,stda,-1.67e-08,1.048e-07,3.854,3.414,0.43999999999999995,0.2421,7.13
5-Cz-Sac,toluene,stddft,-8.73e-08,7.42e-08,3.796,3.392,0.4039999999999999,0.2467,7.13
5-DBFBI,gas,stda,1.66e-08,6.3e-08,4.1,3.578,0.5219999999999998,1.4266,7.375
5-DBFBI,gas,stddft,1.23e-08,2.98e-08,4.057,3.549,0.5080000000000005,1.2514,7.375
5-DBFBI,toluene,stda,1.272e-07,8.11e-08,4.093,3.57,0.5230000000000001,1.4258,7.356000000000001
5-DBFBI,toluene,stddft,1.162e-07,-3.72e-08,4.051,3.542,0.5090000000000003,1.2457,7.356000000000001
5CzICz,gas,stda,2.66e-08,9.9e-09,3.58,3.2,0.3799999999999999,0.2577,6.71
5CzICz,gas,stddft,-2.97e-08,-4.87e-08,3.519,3.181,0.3380000000000001,0.2241,6.71
5CzICz,toluene,stda,3.1e-09,-4.64e-08,3.582,3.199,0.383,0.2424,6.761
5CzICz,toluene,stddft,-1.23e-08,-2.23e-08,3.521,3.179,0.3420000000000001,0.2122,6.761
6-Cz-Sac,gas,stda,-2.72e-08,1.63e-08,3.803,3.345,0.45799999999999974,0.4927,7.2139999999999995
6-Cz-Sac,gas,stddft,2.48e-08,-2.21e-08,3.745,3.323,0.42200000000000015,0.4131,7.2139999999999995
6-Cz-Sac,toluene,stda,6.21e-08,4.21e-08,3.784,3.315,0.46899999999999986,0.5568,7.143000000000001
6-Cz-Sac,toluene,stddft,-3.27e-08,4.97e-08,3.728,3.293,0.43500000000000005,0.473,7.143000000000001
6AcBIQ,gas,stda,-1.04e-08,3.13e-08,2.552,2.436,0.1160000000000001,0.0787,5.206000000000001
6AcBIQ,gas,stddft,-5.5e-09,-3.49e-08,2.544,2.423,0.121,0.0763,5.206000000000001
6AcBIQ,toluene,stda,-8.7e-09,-2.48e-08,2.353,2.215,0.13800000000000034,0.0999,5.02
6AcBIQ,toluene,stddft,1.86e-08,-1.66e-08,2.342,2.204,0.1379999999999999,0.0948,5.02
6tBPA,gas,stda,-1.22e-08,-1.386e-07,2.39,1.825,0.5650000000000002,0.4827,5.575000000000001
6tBPA,gas,stddft,1.71e-08,-3.94e-08,2.307,1.767,0.54,0.3894,5.575000000000001
6tBPA,toluene,stda,1.1e-08,8.2e-09,2.389,1.845,0.5439999999999998,0.4552,5.588
6tBPA,toluene,stddft,-1.47e-08,1.67e-08,2.311,1.788,0.5229999999999999,0.3714,5.588
9ArFDBFxPO,gas,stda,-7.51e-08,4e-10,3.87,3.429,0.4410000000000003,0.1996,7.2219999999999995
9ArFDBFxPO,gas,stddft,4.1e-09,8.85e-08,3.802,3.406,0.3959999999999999,0.1689,7.2219999999999995
9ArFDBFxPO,toluene,stda,8.35e-08,-1.64e-08,3.898,3.43,0.46799999999999997,0.1619,7.175000000000001
9ArFDBFxPO,toluene,stddft,-1.51e-07,9.27e-08,3.83,3.407,0.42300000000000004,0.1375,7.175000000000001
9CzFDBFDPO,gas,stda,-3.1e-08,9.01e-08,3.861,3.411,0.4500000000000002,0.2124,7.245
9CzFDBFDPO,gas,stddft,-1.196e-07,1.361e-07,3.79,3.388,0.40200000000000014,0.1773,7.245
9CzFDBFDPO,toluene,stda,-4.1e-09,-1.7e-09,3.895,3.424,0.4710000000000001,0.1681,7.171
9CzFDBFDPO,toluene,stddft,9.01e-08,8.2e-09,3.827,3.401,0.42600000000000016,0.1429,7.171
9CzFDBFSPO,gas,stda,-3.44e-08,-3.25e-08,3.914,3.444,0.4700000000000002,0.201,7.231000000000001
9CzFDBFSPO,gas,stddft,-3.53e-08,-3.93e-08,3.847,3.421,0.42600000000000016,0.1701,7.231000000000001
9CzFDBFSPO,toluene,stda,-7.24e-08,8.43e-08,3.833,3.385,0.4480000000000004,0.1876,7.251000000000001
9CzFDBFSPO,toluene,stddft,1.608e-07,-1.94e-08,3.762,3.362,0.3999999999999999,0.1568,7.251000000000001
9CzFDPEPO,gas,stda,8.46e-08,2e-08,3.838,3.414,0.42399999999999993,0.2124,7.239000000000001
9CzFDPEPO,gas,stddft,-1.58e-08,1.89e-08,3.771,3.392,0.379,0.1799,7.239000000000001
9CzFDPEPO,toluene,stda,-3.58e-08,4.97e-08,3.892,3.415,0.47699999999999987,0.1675,7.315999999999999
9CzFDPEPO,toluene,stddft,2.65e-08,2.099e-07,3.823,3.392,0.43100000000000005,0.1418,7.315999999999999
9CzFDPESPO,gas,stda,-3.46e-08,-5.36e-08,3.869,3.427,0.44200000000000017,0.221,7.225
9CzFDPESPO,gas,stddft,7.76e-08,1.063e-07,3.801,3.405,0.39600000000000035,0.1859,7.225
9CzFDPESPO,toluene,stda,5.7e-09,-7.93e-08,3.803,3.37,0.43299999999999983,0.178,7.337999999999999
9CzFDPESPO,toluene,stddft,9.09e-08,-1.68e-08,3.733,3.347,0.3860000000000001,0.15,7.337999999999999
9CzTPE,gas,stda,2.3e-08,5.1e-09,3.549,2.868,0.681,2.1848,6.327999999999999
9CzTPE,gas,stddft,-5e-10,1.321e-07,3.513,2.82,0.6930000000000001,1.9377,6.327999999999999
9CzTPE,toluene,stda,6.72e-08,9.76e-08,3.582,2.899,0.6829999999999998,2.1579,6.3870000000000005
9CzTPE,toluene,stddft,5.43e-08,-1.117e-07,3.546,2.852,0.694,1.9165,6.3870000000000005
9PhCzFDBFDPO,gas,stda,-9.09e-08,-2.44e-08,3.893,3.44,0.45299999999999985,0.2074,7.215999999999999
9PhCzFDBFDPO,gas,stddft,-7.01e-08,5.96e-08,3.827,3.417,0.41000000000000014,0.1703,7.215999999999999
9PhCzFDBFDPO,toluene,stda,-6.49e-08,3.74e-08,3.909,3.437,0.472,0.2089,7.1899999999999995
9PhCzFDBFDPO,toluene,stddft,-3.61e-08,-4.21e-08,3.843,3.414,0.4289999999999998,0.1721,7.1899999999999995
9PhCzFDBFSPO,gas,stda,-6.79e-08,-5.18e-08,3.893,3.443,0.44999999999999973,0.2177,7.229000000000001
9PhCzFDBFSPO,gas,stddft,-1.432e-07,-8.27e-08,3.828,3.42,0.4079999999999999,0.1796,7.229000000000001
9PhCzFDBFSPO,toluene,stda,5e-09,1.206e-07,3.899,3.432,0.4670000000000001,0.2395,7.259
9PhCzFDBFSPO,toluene,stddft,-5.6e-08,-1.623e-07,3.835,3.409,0.42600000000000016,0.1978,7.259
ACID–BPPZ,gas,stda,4.78e-08,4.89e-08,3.306,2.864,0.44200000000000017,0.1267,5.074999999999999
ACID–BPPZ,gas,stddft,-5.44e-08,-3.35e-08,3.274,2.841,0.43299999999999983,0.0017,5.074999999999999
ACID–BPPZ,toluene,stda,-5.3e-08,-5.82e-08,3.166,2.841,0.32499999999999973,0.1945,4.849
ACID–BPPZ,toluene,stddft,3.96e-08,-4.38e-08,3.158,2.818,0.33999999999999986,0.1668,4.849
ACRF,gas,stda,1.7e-09,-1.8e-08,3.478,3.477,0.001000000000000334,0.0,5.864000000000001
ACRF,gas,stddft,-1.6e-09,4.58e-08,3.478,3.468,0.010000000000000231,0.0,5.864000000000001
ACRF,toluene,stda,-1.2e-09,9.6e-09,3.277,3.276,0.001000000000000334,0.0,5.650999999999999
ACRF,toluene,stddft,-1.2e-09,-2.09e-08,3.276,3.276,0.0,0.0,5.650999999999999
ACRFLCN,gas,stda,1e-10,-8.2e-09,3.48,3.479,0.0009999999999998899,0.0,5.865
ACRFLCN,gas,stddft,1e-10,2.1e-09,3.479,3.472,0.007000000000000117,0.0,5.865
ACRFLCN,toluene,stda,0.0,-2.9e-09,3.277,3.277,0.0,0.0,5.650999999999999
ACRFLCN,toluene,stddft,1e-10,-7.78e-08,3.276,3.276,0.0,0.0,5.650999999999999
ACRSA,gas,stda,-1e-09,6.7e-09,3.426,3.422,0.0040000000000000036,0.0,5.8759999999999994
ACRSA,gas,stddft,-2.3e-09,-2.2e-08,3.425,3.391,0.03399999999999981,0.0,5.8759999999999994
ACRSA,toluene,stda,-1e-09,2.9e-09,3.243,3.243,0.0,0.0,5.686999999999999
ACRSA,toluene,stddft,-2.1e-09,-9.8e-09,3.243,3.243,0.0,0.0,5.686999999999999
ACRXTN,gas,stda,-1.75e-08,6e-08,3.596,2.963,0.633,0.9058,6.65
ACRXTN,gas,stddft,-2.94e-08,-4.26e-08,3.542,2.933,0.609,0.7853,6.65
ACRXTN,toluene,stda,-5.33e-08,-5.52e-08,3.537,2.853,0.6839999999999997,0.9328,6.515
ACRXTN,toluene,stddft,2.17e-08,8.6e-09,3.474,2.819,0.6550000000000002,0.7966,6.515
ADN,gas,stda,-5.21e-08,2.63e-08,3.229,2.249,0.98,0.6361,6.340000000000001
ADN,gas,stddft,-3.92e-08,2.12e-08,3.063,2.178,0.8850000000000002,0.4527,6.340000000000001
ADN,toluene,stda,-1.225e-07,9.22e-08,3.252,2.258,0.9939999999999998,0.596,6.378000000000001
ADN,toluene,stddft,-7.09e-08,1.445e-07,3.083,2.186,0.8970000000000002,0.4205,6.378000000000001
ADO-TPA,gas,stda,8.3e-09,-1.69e-08,2.098,2.099,-0.001000000000000334,0.0003,5.290000000000001
ADO-TPA,gas,stddft,-1.79e-08,-2.29e-08,2.097,2.098,-0.0009999999999998899,0.0003,5.290000000000001
ADO-TPA,toluene,stda,1.3e-09,2.14e-08,1.968,1.969,-0.001000000000000112,0.0002,5.001000000000001
ADO-TPA,toluene,stddft,-3.3e-08,-4.8e-09,1.968,1.969,-0.001000000000000112,0.0002,5.001000000000001
AI-4Cz,gas,stda,4.2e-09,-9.8e-09,2.783,2.494,0.2889999999999997,0.051,5.856
AI-4Cz,gas,stddft,9e-09,3.67e-08,2.75,2.482,0.2679999999999998,0.047,5.856
AI-4Cz,toluene,stda,-7.9e-09,-3.79e-08,2.682,2.355,0.32699999999999996,0.0516,5.698
AI-4Cz,toluene,stddft,1.5e-09,2.31e-08,2.645,2.341,0.3039999999999998,0.0486,5.698
ANOP-DMAC,gas,stda,-2e-09,-1.53e-08,2.453,2.244,0.20899999999999963,0.1884,4.575999999999999
ANOP-DMAC,gas,stddft,4e-10,-2.55e-08,2.436,2.227,0.20900000000000007,0.1724,4.575999999999999
ANOP-DMAC,toluene,stda,-5e-10,1.053e-07,2.073,1.812,0.2609999999999999,0.2118,4.32
ANOP-DMAC,toluene,stddft,-1.77e-08,7.07e-08,2.047,1.795,0.2520000000000002,0.1865,4.32
ANOP-MeFAC,gas,stda,5.45e-08,-2.87e-08,2.305,2.034,0.27100000000000035,0.2802,4.535
ANOP-MeFAC,gas,stddft,-2.5e-08,-1.49e-08,2.281,2.015,0.266,0.2548,4.535
ANOP-MeFAC,toluene,stda,-3.29e-08,6.8e-08,2.021,1.691,0.32999999999999985,0.279,4.273
ANOP-MeFAC,toluene,stddft,-1.97e-08,-7.8e-09,1.988,1.669,0.31899999999999995,0.2492,4.273
ANQDC,gas,stda,-6e-10,3.98e-08,3.45,2.919,0.5310000000000001,0.006,7.055
ANQDC,gas,stddft,-6e-10,-1.11e-08,3.449,2.867,0.5819999999999999,0.006,7.055
ANQDC,toluene,stda,-2e-10,4.4e-09,3.402,2.863,0.5390000000000001,0.0056,6.973000000000001
ANQDC,toluene,stddft,-1e-10,-8.7e-09,3.4,2.812,0.5880000000000001,0.0056,6.973000000000001
ANQDC-PSTA,gas,stda,-8.4e-09,8e-10,2.367,2.194,0.17300000000000004,0.2404,4.984999999999999
ANQDC-PSTA,gas,stddft,-2.68e-08,2.28e-08,2.351,2.182,0.16900000000000004,0.2259,4.984999999999999
ANQDC-PSTA,toluene,stda,-3.34e-08,3.2e-09,2.156,1.943,0.21300000000000008,0.3082,4.769
ANQDC-PSTA,toluene,stddft,4.64e-08,5.78e-08,2.134,1.93,0.20399999999999996,0.2822,4.769
APDC-DTPA,gas,stda,-5.36e-08,-8e-10,2.942,2.414,0.528,1.503,4.8100000000000005
APDC-DTPA,gas,stddft,-3.66e-08,-4.17e-08,2.887,2.383,0.504,1.2961,4.8100000000000005
APDC-DTPA,toluene,stda,-2.85e-08,2.41e-08,2.575,2.076,0.4990000000000001,0.1471,4.395000000000001
APDC-DTPA,toluene,stddft,-2.86e-08,-2.96e-08,2.561,2.049,0.512,0.1573,4.395000000000001
APDC-tPh,gas,stda,-4.48e-08,-3.33e-08,3.272,2.726,0.5459999999999998,0.0564,6.52
APDC-tPh,gas,stddft,-5e-10,8.74e-08,3.237,2.682,0.5550000000000002,0.0613,6.52
APDC-tPh,toluene,stda,-1.87e-08,-3.58e-08,3.19,2.595,0.5949999999999998,0.0997,6.232000000000001
APDC-tPh,toluene,stddft,-5.2e-09,-2.6e-08,3.151,2.55,0.601,0.1192,6.232000000000001
APPT,gas,stda,4.77e-08,-1e-09,3.324,2.951,0.3729999999999998,0.011,6.859
APPT,gas,stddft,-1.39e-08,6e-10,3.295,2.901,0.39400000000000013,0.0091,6.859
APPT,toluene,stda,7.26e-08,-2.13e-08,3.319,2.913,0.40600000000000014,0.0089,6.901999999999999
APPT,toluene,stddft,8.71e-08,5.5e-09,3.289,2.863,0.42600000000000016,0.0073,6.901999999999999
APPT-PXZ,gas,stda,-7.4e-09,1e-10,2.045,1.793,0.252,0.2975,4.773999999999999
APPT-PXZ,gas,stddft,1.74e-08,2.19e-08,2.02,1.78,0.24,0.2641,4.773999999999999
APPT-PXZ,toluene,stda,2.09e-08,1.19e-08,1.957,1.687,0.27,0.308,4.652000000000001
APPT-PXZ,toluene,stddft,-6.7e-09,-7.2e-09,1.93,1.674,0.256,0.2704,4.652000000000001
AQ-S-CZ,gas,stda,-8.42e-08,6.22e-08,2.892,2.45,0.4419999999999997,0.1982,5.226000000000001
AQ-S-CZ,gas,stddft,-2.76e-08,2.12e-08,2.837,2.428,0.40900000000000025,0.1692,5.226000000000001
AQ-S-CZ,toluene,stda,2.83e-08,2.25e-08,2.807,2.37,0.43699999999999983,0.1865,5.093
AQ-S-CZ,toluene,stddft,1.74e-08,-5.76e-08,2.752,2.347,0.4049999999999998,0.1605,5.093
AQTC,gas,stda,6e-10,-2.86e-08,3.358,2.889,0.4690000000000003,0.0056,6.888
AQTC,gas,stddft,-5e-10,6.1e-09,3.357,2.838,0.5190000000000001,0.0056,6.888
AQTC,toluene,stda,-5e-10,-8.64e-08,3.279,2.812,0.4670000000000001,0.0051,6.589
AQTC,toluene,stddft,5e-10,6.04e-08,3.278,2.761,0.5169999999999999,0.005,6.589
ATDBT,gas,stda,2.23e-08,4.99e-08,3.291,2.291,1.0,0.6425,6.122999999999999
ATDBT,gas,stddft,1.674e-07,3.16e-08,3.127,2.221,0.9059999999999997,0.441,6.122999999999999
ATDBT,toluene,stda,4.24e-08,9.55e-08,3.302,2.291,1.0110000000000001,0.609,6.173000000000001
ATDBT,toluene,stddft,4.1e-09,6e-09,3.134,2.22,0.9139999999999997,0.4199,6.173000000000001
Ac-BPCN,gas,stda,4.2e-09,-6.93e-08,2.671,2.07,0.601,0.4688,5.5280000000000005
Ac-BPCN,gas,stddft,1.11e-07,-5.05e-08,2.583,2.03,0.5530000000000004,0.3763,5.5280000000000005
Ac-BPCN,toluene,stda,5.04e-08,5.97e-08,2.544,1.936,0.6080000000000001,0.4433,5.337999999999999
Ac-BPCN,toluene,stddft,8.33e-08,-8.6e-09,2.454,1.894,0.5600000000000003,0.353,5.337999999999999
AcCN,gas,stda,1.1e-08,4.48e-08,3.683,3.414,0.2689999999999997,0.2662,5.832000000000001
AcCN,gas,stddft,-4.7e-09,6.9e-09,3.678,3.383,0.29499999999999993,0.2557,5.832000000000001
AcCN,toluene,stda,-1.39e-08,-1.5e-08,3.723,3.387,0.33599999999999985,0.195,5.79
AcCN,toluene,stddft,-1.26e-08,5.12e-08,3.719,3.357,0.36199999999999966,0.1888,5.79
AcCYP,gas,stda,3.91e-08,-1.18e-08,3.529,3.406,0.12299999999999978,0.2045,5.599
AcCYP,gas,stddft,-2.38e-08,4.6e-09,3.524,3.38,0.14400000000000013,0.1955,5.599
AcCYP,toluene,stda,-1.4e-09,6e-09,3.534,3.388,0.1459999999999999,0.1623,5.632000000000001
AcCYP,toluene,stddft,-5e-10,9e-09,3.529,3.357,0.1719999999999997,0.156,5.632000000000001
AcDbp,gas,stda,1.22e-08,-1.61e-08,3.221,3.138,0.08300000000000018,0.0049,5.2170000000000005
AcDbp,gas,stddft,5.8e-09,6.09e-08,3.22,3.101,0.11900000000000022,0.005,5.2170000000000005
AcDbp,toluene,stda,4e-10,5.71e-08,3.186,3.141,0.04499999999999993,0.0255,5.164
AcDbp,toluene,stddft,5e-09,4.7e-08,3.184,3.116,0.06800000000000006,0.0256,5.164
AcHPM,gas,stda,-1.47e-08,-1.43e-08,3.56,3.434,0.1259999999999999,0.267,5.899
AcHPM,gas,stddft,2.29e-08,7.24e-08,3.555,3.404,0.15100000000000025,0.2589,5.899
AcHPM,toluene,stda,5.1e-09,-4.06e-08,3.563,3.403,0.16000000000000014,0.1556,5.88
AcHPM,toluene,stddft,1.56e-08,-2.7e-09,3.559,3.372,0.18700000000000028,0.1512,5.88
B-O-dpa,gas,stda,-5e-10,-5.36e-08,3.243,2.704,0.5389999999999997,0.3698,6.598000000000001
B-O-dpa,gas,stddft,5.14e-08,-2.29e-08,3.152,2.679,0.4730000000000003,0.2911,6.598000000000001
B-O-dpa,toluene,stda,2.67e-08,-3.08e-08,3.224,2.678,0.5460000000000003,0.3692,6.564
B-O-dpa,toluene,stddft,6.74e-08,5e-10,3.131,2.653,0.47799999999999976,0.2888,6.564
B-dpa-Cz,gas,stda,6.61e-08,7.46e-08,3.058,2.567,0.49099999999999966,0.6136,6.228000000000001
B-dpa-Cz,gas,stddft,1.37e-08,-1.97e-08,2.981,2.543,0.4379999999999997,0.4897,6.228000000000001
B-dpa-Cz,toluene,stda,4.03e-08,-4.15e-08,3.04,2.55,0.4900000000000002,0.6046,6.1979999999999995
B-dpa-Cz,toluene,stddft,-1e-09,-1.29e-08,2.963,2.526,0.4370000000000003,0.4818,6.1979999999999995
B-dpa-SpiroAC,gas,stda,2.07e-08,-8.4e-09,2.983,2.536,0.44700000000000006,0.5783,6.2669999999999995
B-dpa-SpiroAC,gas,stddft,-3.77e-08,-1.14e-08,2.91,2.514,0.39600000000000035,0.4702,6.2669999999999995
B-dpa-SpiroAC,toluene,stda,1.1e-09,-4.63e-08,2.955,2.515,0.43999999999999995,0.567,6.228999999999999
B-dpa-SpiroAC,toluene,stddft,1.51e-08,2.27e-08,2.884,2.492,0.3919999999999999,0.4608,6.228999999999999
B4PyPPM,gas,stda,1.44e-08,-7.06e-08,4.044,3.998,0.045999999999999375,0.0117,8.081
B4PyPPM,gas,stddft,-1.33e-08,-1.599e-07,4.041,3.958,0.08300000000000018,0.0115,8.081
B4PyPPM,toluene,stda,-1.22e-08,-4.68e-08,3.96,3.989,-0.028999999999999915,0.0102,8.116
B4PyPPM,toluene,stddft,-1.17e-08,6e-10,3.958,3.975,-0.016999999999999904,0.01,8.116
BACF,gas,stda,-2.04e-08,-4.42e-08,3.144,2.567,0.577,0.0999,6.5089999999999995
BACF,gas,stddft,3.34e-08,2.2e-09,3.054,2.532,0.5219999999999998,0.0772,6.5089999999999995
BACF,toluene,stda,2.21e-08,-3.36e-08,3.062,2.494,0.5679999999999996,0.0969,6.401999999999999
BACF,toluene,stddft,-4.15e-08,-6.1e-08,2.972,2.459,0.5129999999999999,0.0747,6.401999999999999
BACH,gas,stda,3.65e-08,3.58e-08,3.218,2.643,0.5750000000000002,0.1093,6.599
BACH,gas,stddft,6.45e-08,5.8e-09,3.133,2.608,0.5249999999999999,0.0866,6.599
BACH,toluene,stda,-7.34e-08,-9e-10,3.173,2.599,0.5739999999999998,0.1087,6.538
BACH,toluene,stddft,-3.97e-08,-5.3e-08,3.086,2.564,0.5219999999999998,0.0853,6.538
BACN,gas,stda,3.2e-08,1.069e-07,3.114,2.544,0.5699999999999998,0.2191,6.367999999999999
BACN,gas,stddft,-7.26e-08,-8.22e-08,3.033,2.509,0.524,0.1769,6.367999999999999
BACN,toluene,stda,2.56e-08,6.25e-08,3.007,2.439,0.5680000000000001,0.2295,6.2059999999999995
BACN,toluene,stddft,9e-09,-4.25e-08,2.924,2.403,0.5209999999999999,0.1838,6.2059999999999995
BACQ,gas,stda,8.21e-08,7.8e-09,3.215,2.499,0.7159999999999997,0.5309,6.462000000000001
BACQ,gas,stddft,-6.05e-08,1.108e-07,3.102,2.465,0.637,0.3947,6.462000000000001
BACQ,toluene,stda,-6.86e-08,6.6e-09,3.205,2.46,0.7450000000000001,0.5103,6.439
BACQ,toluene,stddft,-1.53e-08,7.28e-08,3.084,2.423,0.661,0.3751,6.439
BANE,gas,stda,-1.28e-08,1.37e-08,3.184,2.257,0.927,1.0624,6.385
BANE,gas,stddft,-7.3e-09,2.06e-08,3.068,2.186,0.8820000000000001,0.8156,6.385
BANE,toluene,stda,4.49e-08,4.89e-08,3.171,2.252,0.919,1.0613,6.3629999999999995
BANE,toluene,stddft,-5.09e-08,7.93e-08,3.056,2.181,0.875,0.8189,6.3629999999999995
BAPCN,gas,stda,-3.41e-08,-3.99e-08,3.189,2.606,0.5830000000000002,0.2865,6.156999999999999
BAPCN,gas,stddft,2.65e-08,8.4e-08,3.114,2.571,0.5429999999999997,0.231,6.156999999999999
BAPCN,toluene,stda,2.47e-08,1.88e-08,3.14,2.566,0.5740000000000003,0.3018,5.976
BAPCN,toluene,stddft,-5.06e-08,3.36e-08,3.064,2.531,0.5329999999999999,0.241,5.976
BBA-Pyr,gas,stda,4.74e-08,2.51e-08,3.787,3.331,0.45599999999999996,1.7893,6.198
BBA-Pyr,gas,stddft,9e-10,-4.27e-08,3.764,3.309,0.4549999999999996,1.6296,6.198
BBA-Pyr,toluene,stda,2.68e-08,2.67e-08,3.794,3.331,0.4630000000000001,1.7145,6.127
BBA-Pyr,toluene,stddft,1.233e-07,-1.05e-08,3.77,3.309,0.46099999999999985,1.5387,6.127
BBCz,gas,stda,5.9e-09,1.34e-08,3.81,3.332,0.4780000000000002,0.0006,7.374
BBCz,gas,stddft,1.015e-07,-3.72e-08,3.759,3.297,0.46199999999999974,0.001,7.374
BBCz,toluene,stda,-3.39e-08,2.59e-08,3.81,3.341,0.46899999999999986,0.0006,7.3839999999999995
BBCz,toluene,stddft,-7.21e-08,2e-08,3.759,3.306,0.45299999999999985,0.0011,7.3839999999999995
BBPA,gas,stda,-1.595e-07,7.26e-08,3.212,2.249,0.9630000000000001,0.3976,6.406
BBPA,gas,stddft,-2.77e-08,3.75e-08,3.038,2.177,0.8609999999999998,0.2757,6.406
BBPA,toluene,stda,-1.578e-07,2.66e-08,3.175,2.225,0.9499999999999997,0.4158,6.3629999999999995
BBPA,toluene,stddft,3.31e-08,1.446e-07,3.001,2.154,0.847,0.2878,6.3629999999999995
BCN,gas,stda,6.08e-08,7.4e-08,3.097,2.602,0.4950000000000001,0.2914,6.233
BCN,gas,stddft,-1.24e-08,1e-08,3.038,2.572,0.46599999999999975,0.2428,6.233
BCN,toluene,stda,-2.8e-08,-1.41e-08,2.97,2.478,0.492,0.2981,6.045999999999999
BCN,toluene,stddft,-1.39e-08,-1.92e-08,2.909,2.448,0.46099999999999985,0.2467,6.045999999999999
BCPBT,gas,stda,4.74e-08,-7.02e-08,3.745,2.879,0.8660000000000001,1.5437,6.180000000000001
BCPBT,gas,stddft,2.05e-08,-9.88e-08,3.66,2.827,0.8330000000000002,1.2758,6.180000000000001
BCPBT,toluene,stda,4.89e-08,-2.19e-08,3.66,2.859,0.8010000000000002,1.4989,6.193
BCPBT,toluene,stddft,-4.7e-08,-6.44e-08,3.564,2.807,0.7570000000000001,1.2035,6.193
BCZ-DPS-AD,gas,stda,3.22e-08,1.3e-08,3.803,3.383,0.41999999999999993,0.1581,6.779
BCZ-DPS-AD,gas,stddft,-7.15e-08,-6.69e-08,3.732,3.36,0.37200000000000033,0.1312,6.779
BCZ-DPS-AD,toluene,stda,4.83e-08,1.82e-08,3.786,3.344,0.44200000000000017,0.126,6.725
BCZ-DPS-AD,toluene,stddft,-2.7e-08,-6.61e-08,3.71,3.321,0.3889999999999998,0.1048,6.725
BCzBMes,gas,stda,-5.01e-08,4.91e-08,3.819,3.379,0.43999999999999995,0.1929,6.9030000000000005
BCzBMes,gas,stddft,-1.29e-08,-1.01e-08,3.751,3.357,0.3939999999999997,0.1576,6.9030000000000005
BCzBMes,toluene,stda,5.87e-08,-3.8e-09,3.804,3.361,0.4429999999999996,0.1721,6.965
BCzBMes,toluene,stddft,5.65e-08,1.21e-08,3.734,3.339,0.395,0.141,6.965
BCzPh,gas,stda,1.63e-08,-4.8e-09,3.857,3.376,0.4810000000000003,0.3548,7.318
BCzPh,gas,stddft,3.97e-08,2.86e-08,3.788,3.354,0.4339999999999997,0.2889,7.318
BCzPh,toluene,stda,1.233e-07,8.94e-08,3.841,3.354,0.4870000000000001,0.1603,7.3069999999999995
BCzPh,toluene,stddft,-1.327e-07,1.99e-08,3.77,3.331,0.43900000000000006,0.1118,7.3069999999999995
BDAPM,gas,stda,1.3e-09,-1.25e-08,3.458,3.028,0.43000000000000016,1.193,6.739000000000001
BDAPM,gas,stddft,-7.43e-08,6.84e-08,3.425,3.001,0.42399999999999993,1.0857,6.739000000000001
BDAPM,toluene,stda,-6.26e-08,1.9e-09,3.379,2.943,0.43599999999999994,1.169,6.639
BDAPM,toluene,stddft,1.142e-07,-2.48e-08,3.347,2.914,0.43299999999999983,1.0582,6.639
BDAVBi,gas,stda,-1.29e-08,9.9e-09,3.493,2.842,0.6509999999999998,2.0785,6.053
BDAVBi,gas,stddft,6.2e-09,1.82e-08,3.463,2.798,0.665,1.9389,6.053
BDAVBi,toluene,stda,-5.38e-08,2.68e-08,3.48,2.829,0.6509999999999998,2.1444,6.015000000000001
BDAVBi,toluene,stddft,2.2e-08,-3.4e-08,3.45,2.786,0.6640000000000001,1.9925,6.015000000000001
BDBFCz-Trz,gas,stda,2.53e-08,3.34e-08,3.772,3.385,0.387,0.7341,6.454000000000001
BDBFCz-Trz,gas,stddft,3.11e-08,-3.26e-08,3.718,3.364,0.3540000000000001,0.5983,6.454000000000001
BDBFCz-Trz,toluene,stda,-2.59e-08,5.01e-08,3.763,3.381,0.3820000000000001,0.7852,6.431
BDBFCz-Trz,toluene,stddft,-8.4e-09,-2.71e-08,3.713,3.36,0.3530000000000002,0.642,6.431
BDBTCz-Trz,gas,stda,-2.23e-08,-3.44e-08,3.809,3.422,0.387,0.6731,6.382000000000001
BDBTCz-Trz,gas,stddft,-6.97e-08,-5.2e-09,3.757,3.402,0.355,0.5514,6.382000000000001
BDBTCz-Trz,toluene,stda,6e-08,-8.4e-09,3.797,3.406,0.391,0.7733,6.367999999999999
BDBTCz-Trz,toluene,stddft,-5.56e-08,-3.21e-08,3.747,3.385,0.3620000000000001,0.6314,6.367999999999999
BDPCC,gas,stda,4.98e-08,4.28e-08,3.77,3.326,0.44399999999999995,0.3476,6.984
BDPCC,gas,stddft,1.35e-07,-8.4e-09,3.719,3.304,0.41500000000000004,0.3072,6.984
BDPCC,toluene,stda,7.13e-08,-6.09e-08,3.81,3.362,0.44799999999999995,0.211,7.037
BDPCC,toluene,stddft,1.043e-07,-4.56e-08,3.76,3.339,0.4209999999999998,0.1949,7.037
BDQ-tBuCz,gas,stda,9.47e-08,-2.9e-09,2.753,2.457,0.29600000000000026,0.3225,5.920999999999999
BDQ-tBuCz,gas,stddft,2.84e-08,7.61e-08,2.722,2.433,0.28900000000000015,0.2818,5.920999999999999
BDQ-tBuCz,toluene,stda,2.26e-08,-2.4e-09,2.786,2.472,0.31400000000000006,0.3467,5.9270000000000005
BDQ-tBuCz,toluene,stddft,-3.51e-08,1.3e-09,2.752,2.448,0.3039999999999998,0.3016,5.9270000000000005
BDQC-2,gas,stda,1.94e-08,-8.5e-09,3.36,3.009,0.351,0.2749,5.658000000000001
BDQC-2,gas,stddft,3.16e-08,6.7e-09,3.329,2.985,0.3440000000000003,0.2634,5.658000000000001
BDQC-2,toluene,stda,-2.45e-08,6.23e-08,3.339,2.987,0.35199999999999987,0.2903,5.5680000000000005
BDQC-2,toluene,stddft,2.71e-08,4.78e-08,3.307,2.963,0.34399999999999986,0.2736,5.5680000000000005
BDQDMAC,gas,stda,-1.19e-08,1.86e-08,2.629,2.497,0.13200000000000012,0.1292,5.627
BDQDMAC,gas,stddft,5.22e-08,4.97e-08,2.616,2.485,0.13100000000000023,0.1175,5.627
BDQDMAC,toluene,stda,-1.6e-09,1.4e-09,2.664,2.527,0.137,0.1313,5.614
BDQDMAC,toluene,stddft,3.86e-08,-1.31e-08,2.651,2.514,0.137,0.1193,5.614
BDQPCz,gas,stda,-1.137e-07,1.648e-07,3.396,3.055,0.34099999999999975,0.183,5.986000000000001
BDQPCz,gas,stddft,6.25e-08,1.577e-07,3.381,3.02,0.36099999999999977,0.2038,5.986000000000001
BDQPCz,toluene,stda,7.83e-08,-1.299e-07,3.437,3.091,0.34599999999999964,0.1326,6.058999999999999
BDQPCz,toluene,stddft,-3.85e-08,2.33e-08,3.426,3.054,0.37200000000000033,0.1562,6.058999999999999
BFCZPZ1,gas,stda,6.54e-08,5.84e-08,3.546,3.139,0.40700000000000003,0.9595,6.793000000000001
BFCZPZ1,gas,stddft,-1.34e-08,6.02e-08,3.504,3.114,0.3900000000000001,0.8394,6.793000000000001
BFCZPZ1,toluene,stda,1.4e-09,-2.28e-08,3.475,3.086,0.38900000000000023,0.9062,6.77
BFCZPZ1,toluene,stddft,3e-08,-1e-09,3.434,3.063,0.371,0.7858,6.77
BFCZPZ2,gas,stda,-1.81e-08,-6.41e-08,3.585,3.162,0.42300000000000004,1.8042,6.824999999999999
BFCZPZ2,gas,stddft,4.09e-08,-8.51e-08,3.546,3.138,0.4079999999999999,1.5898,6.824999999999999
BFCZPZ2,toluene,stda,2.58e-08,-2.82e-08,3.59,3.166,0.42399999999999993,1.6787,6.843999999999999
BFCZPZ2,toluene,stddft,2.13e-08,-5.38e-08,3.551,3.142,0.40900000000000025,1.4799,6.843999999999999
BFCZPZ3,gas,stda,-6.8e-09,-7.64e-08,3.694,3.278,0.4159999999999999,0.6531,7.121999999999999
BFCZPZ3,gas,stddft,9.9e-09,2e-09,3.66,3.255,0.40500000000000025,0.5806,7.121999999999999
BFCZPZ3,toluene,stda,-3.7e-08,-5.38e-08,3.685,3.248,0.43699999999999983,0.6773,7.116
BFCZPZ3,toluene,stddft,-2.35e-08,-5.02e-08,3.649,3.225,0.42399999999999993,0.5973,7.116
BFDMAc-NAI,gas,stda,-1.62e-08,1.36e-08,2.554,2.416,0.1379999999999999,0.0906,5.228
BFDMAc-NAI,gas,stddft,1.63e-08,2.42e-08,2.544,2.401,0.14300000000000024,0.086,5.228
BFDMAc-NAI,toluene,stda,2.75e-08,-2.11e-08,2.267,2.103,0.1639999999999997,0.1178,5.023
BFDMAc-NAI,toluene,stddft,-2.1e-09,2.58e-08,2.253,2.09,0.16300000000000026,0.1086,5.023
BICFOCz,gas,stda,4.16e-08,-8.36e-08,3.898,3.412,0.4860000000000002,0.0528,7.093000000000001
BICFOCz,gas,stddft,1.247e-07,-1.272e-07,3.828,3.388,0.43999999999999995,0.0458,7.093000000000001
BICFOCz,toluene,stda,-8.5e-08,2.57e-08,3.887,3.429,0.4580000000000002,0.0762,7.241
BICFOCz,toluene,stddft,3.57e-08,9.5e-09,3.816,3.406,0.4099999999999997,0.062,7.241
BIPOCz,gas,stda,-1.171e-07,-4.74e-08,3.894,3.401,0.4930000000000003,0.0278,7.362000000000001
BIPOCz,gas,stddft,4.24e-08,8.2e-09,3.822,3.373,0.44899999999999984,0.0284,7.362000000000001
BIPOCz,toluene,stda,-3.61e-08,1.89e-08,3.893,3.411,0.48199999999999976,0.0418,7.369
BIPOCz,toluene,stddft,7.58e-08,-1.55e-08,3.822,3.384,0.43800000000000017,0.0368,7.369
BMIM,gas,stda,-2.33e-08,-1.7e-09,2.943,2.415,0.528,1.5017,4.809000000000001
BMIM,gas,stddft,-3.26e-08,-4.36e-08,2.888,2.383,0.5049999999999999,1.2952,4.809000000000001
BMIM,toluene,stda,7.28e-08,3.57e-08,2.574,2.075,0.49899999999999967,0.1473,4.395000000000001
BMIM,toluene,stddft,-9.9e-09,3.26e-08,2.56,2.048,0.512,0.1524,4.395000000000001
BMZ-TZ,gas,stda,3.34e-08,1.03e-08,3.334,3.355,-0.020999999999999908,0.0092,6.673
BMZ-TZ,gas,stddft,1.024e-07,-7.7e-09,3.333,3.354,-0.020999999999999908,0.0089,6.673
BMZ-TZ,toluene,stda,5.15e-08,6.71e-08,3.373,3.381,-0.007999999999999563,0.0077,6.801
BMZ-TZ,toluene,stddft,1.77e-08,-2.95e-08,3.372,3.378,-0.006000000000000227,0.0075,6.801
BN-DBC-Ph2,gas,stda,2.9e-09,-6.29e-08,2.586,1.876,0.71,0.2978,5.448
BN-DBC-Ph2,gas,stddft,-3.6e-09,-5.96e-08,2.51,1.833,0.6769999999999998,0.3149,5.448
BN-DBC-Ph2,toluene,stda,-2.01e-08,-7.17e-08,2.45,1.844,0.6060000000000001,0.3011,5.265000000000001
BN-DBC-Ph2,toluene,stddft,-4e-09,5.1e-09,2.382,1.806,0.5760000000000001,0.2694,5.265000000000001
BO3N,gas,stda,2.76e-08,-5.56e-08,3.002,2.027,0.9749999999999996,0.1038,5.882
BO3N,gas,stddft,-1.306e-07,2.89e-08,2.892,1.951,0.9409999999999998,0.0568,5.882
BO3N,toluene,stda,-2.66e-08,-1.29e-08,2.989,2.046,0.9430000000000001,0.1408,5.847
BO3N,toluene,stddft,1.93e-08,-2.169e-07,2.901,1.969,0.9319999999999997,0.0844,5.847
BP-mDTC,gas,stda,8.07e-08,-3.48e-08,3.698,3.398,0.2999999999999998,0.1663,6.302
BP-mDTC,gas,stddft,-1.75e-08,-2.91e-08,3.665,3.382,0.2829999999999999,0.1636,6.302
BP-mDTC,toluene,stda,1.42e-08,2.98e-08,3.667,3.381,0.28600000000000003,0.1369,6.215
BP-mDTC,toluene,stddft,-5.88e-08,-6.9e-09,3.637,3.362,0.2749999999999999,0.1314,6.215
BPBiPA,gas,stda,-2.37e-08,-4.47e-08,3.196,2.254,0.9420000000000002,0.6911,6.321
BPBiPA,gas,stddft,9.65e-08,-1.585e-07,3.039,2.184,0.855,0.504,6.321
BPBiPA,toluene,stda,7.82e-08,3.35e-08,3.219,2.259,0.96,0.6309,6.374
BPBiPA,toluene,stddft,-4.85e-08,-5.77e-08,3.053,2.188,0.8649999999999998,0.4545,6.374
BPCN-2Cz,gas,stda,5.59e-08,2.12e-08,3.859,3.381,0.4780000000000002,0.1982,6.609
BPCN-2Cz,gas,stddft,-5.94e-08,3.61e-08,3.791,3.359,0.43199999999999994,0.1616,6.609
BPCN-2Cz,toluene,stda,3.44e-08,1.9e-08,3.845,3.363,0.4820000000000002,0.1735,6.625
BPCN-2Cz,toluene,stddft,1.22e-08,5.1e-09,3.776,3.34,0.43599999999999994,0.1418,6.625
BPCN-Cz2Ph,gas,stda,-7.28e-08,8.38e-08,3.866,3.452,0.41400000000000015,0.1492,6.779000000000001
BPCN-Cz2Ph,gas,stddft,8.8e-09,-5.95e-08,3.805,3.43,0.375,0.1257,6.779000000000001
BPCN-Cz2Ph,toluene,stda,-7.5e-09,-2.2e-08,3.846,3.411,0.43500000000000005,0.1626,6.82
BPCN-Cz2Ph,toluene,stddft,4.34e-08,2.42e-08,3.783,3.389,0.39400000000000013,0.1368,6.82
BPCP-2CPC,gas,stda,-3.57e-08,1.203e-07,3.5,3.216,0.2839999999999998,0.1501,6.15
BPCP-2CPC,gas,stddft,-9.9e-09,3.1e-09,3.478,3.198,0.28000000000000025,0.1344,6.15
BPCP-2CPC,toluene,stda,1.24e-08,1.87e-08,3.253,2.932,0.3210000000000002,0.2061,5.987
BPCP-2CPC,toluene,stddft,4.34e-08,-2.94e-08,3.227,2.915,0.31199999999999983,0.1816,5.987
BPPyA,gas,stda,8.67e-08,-1.3e-09,2.797,2.263,0.5340000000000003,0.9898,5.748
BPPyA,gas,stddft,-6.54e-08,-8.09e-08,2.739,2.208,0.5309999999999997,0.831,5.748
BPPyA,toluene,stda,-2.18e-08,8.67e-08,2.766,2.231,0.5350000000000001,1.0314,5.705
BPPyA,toluene,stddft,-2.9e-08,1.297e-07,2.707,2.175,0.532,0.8645,5.705
BPZPP,gas,stda,-1.8e-09,-5.8e-08,2.971,2.666,0.30500000000000016,0.1778,5.122999999999999
BPZPP,gas,stddft,-7.7e-08,-1e-10,2.945,2.64,0.3049999999999997,0.1558,5.122999999999999
BPZPP,toluene,stda,-2.57e-08,-2.86e-08,2.95,2.636,0.31400000000000006,0.1731,5.1370000000000005
BPZPP,toluene,stddft,8.01e-08,-7.14e-08,2.923,2.611,0.31199999999999983,0.1517,5.1370000000000005
BPy-TP2,gas,stda,-1.65e-08,3.13e-08,3.88,3.578,0.30200000000000005,0.0004,7.135
BPy-TP2,gas,stddft,1.2e-08,-6.32e-08,3.853,3.539,0.31400000000000006,0.0004,7.135
BPy-TP2,toluene,stda,8.71e-08,-1.205e-07,3.88,3.586,0.29400000000000004,0.0004,7.111
BPy-TP2,toluene,stddft,7.79e-08,-9.37e-08,3.852,3.546,0.30600000000000005,0.0004,7.111
BSBFB,gas,stda,3.46e-08,-2.37e-08,4.473,3.688,0.7849999999999997,1.4663,7.678000000000001
BSBFB,gas,stddft,2.62e-08,-3.21e-08,4.435,3.65,0.7849999999999997,1.2993,7.678000000000001
BSBFB,toluene,stda,-2.5e-08,5e-08,4.503,3.7,0.8029999999999999,1.4124,7.692
BSBFB,toluene,stddft,-5.95e-08,-4.66e-08,4.461,3.663,0.7980000000000005,1.2157,7.692
BTCZPZ1,gas,stda,6.08e-08,-6.62e-08,3.46,3.081,0.379,0.8727,6.721
BTCZPZ1,gas,stddft,3.43e-08,-6.6e-09,3.418,3.06,0.3580000000000001,0.7561,6.721
BTCZPZ1,toluene,stda,-4.41e-08,-3.59e-08,3.457,3.086,0.371,0.7737,6.744000000000001
BTCZPZ1,toluene,stddft,-1.91e-08,5.09e-08,3.418,3.065,0.3530000000000002,0.6728,6.744000000000001
BTCz3CzTPN,gas,stda,1.09e-08,-5.56e-08,3.018,2.739,0.2789999999999999,0.4602,6.181
BTCz3CzTPN,gas,stddft,4.3e-08,-2.1e-09,2.979,2.727,0.2520000000000002,0.401,6.181
BTCz3CzTPN,toluene,stda,6.8e-09,-6.7e-09,2.866,2.553,0.31300000000000017,0.5234,6.103000000000001
BTCz3CzTPN,toluene,stddft,-5.3e-09,-3.01e-08,2.818,2.539,0.2789999999999999,0.4491,6.103000000000001
BTD-PXZ,gas,stda,-1.37e-08,4.2e-09,2.876,2.606,0.27,0.1398,5.6419999999999995
BTD-PXZ,gas,stddft,2.75e-08,-1.17e-08,2.851,2.588,0.2629999999999999,0.1205,5.6419999999999995
BTD-PXZ,toluene,stda,-1.25e-08,1.3e-08,2.82,2.569,0.2509999999999999,0.1282,5.545000000000001
BTD-PXZ,toluene,stddft,2.13e-08,5.2e-09,2.796,2.552,0.24399999999999977,0.1103,5.545000000000001
BTITrz,gas,stda,-6.67e-08,4.22e-08,3.824,3.437,0.387,0.7476,6.134
BTITrz,gas,stddft,-2.57e-08,4.8e-09,3.8,3.415,0.3849999999999998,0.7056,6.134
BTITrz,toluene,stda,6.13e-08,5.23e-08,3.801,3.42,0.3810000000000002,0.7101,6.149000000000001
BTITrz,toluene,stddft,6.9e-09,6.9e-09,3.777,3.399,0.3780000000000001,0.6713,6.149000000000001
BTPBFCz,gas,stda,-1.028e-07,-7.42e-08,3.771,3.322,0.44899999999999984,0.1467,6.756
BTPBFCz,gas,stddft,3.39e-08,-1.71e-08,3.711,3.302,0.4089999999999998,0.1237,6.756
BTPBFCz,toluene,stda,1.79e-08,6.9e-09,3.763,3.339,0.42399999999999993,0.1723,6.767
BTPBFCz,toluene,stddft,-4.64e-08,-5.83e-08,3.709,3.318,0.391,0.1496,6.767
BTPBFCz-D3,gas,stda,-1.75e-08,-2.7e-09,3.715,3.323,0.3919999999999999,0.0743,6.5649999999999995
BTPBFCz-D3,gas,stddft,-6.89e-08,-4.51e-08,3.675,3.304,0.371,0.0683,6.5649999999999995
BTPBFCz-D3,toluene,stda,-6.1e-08,-7e-09,3.753,3.375,0.3780000000000001,0.0728,6.584999999999999
BTPBFCz-D3,toluene,stddft,-3e-08,-3e-09,3.708,3.354,0.3540000000000001,0.0684,6.584999999999999
BTPO,gas,stda,2.64e-08,5.68e-08,4.119,3.617,0.5019999999999998,0.2201,7.8660000000000005
BTPO,gas,stddft,-6.88e-08,1.3e-08,4.075,3.593,0.4820000000000002,0.1923,7.8660000000000005
BTPO,toluene,stda,2.57e-08,4.99e-08,4.098,3.636,0.46199999999999974,0.056,7.882000000000001
BTPO,toluene,stddft,1.19e-08,3.33e-08,4.048,3.612,0.43599999999999994,0.1872,7.882000000000001
BTZPP,gas,stda,1.1e-09,-1.8e-09,3.554,2.97,0.5839999999999996,2.8737,5.904999999999999
BTZPP,gas,stddft,-9.37e-08,6.49e-08,3.521,2.923,0.5979999999999999,2.5521,5.904999999999999
BTZPP,toluene,stda,-5.09e-08,-1.07e-07,3.483,2.917,0.5660000000000003,2.9572,5.709
BTZPP,toluene,stddft,2.27e-08,9.75e-08,3.451,2.872,0.5790000000000002,2.6271,5.709
BTZ–DMAC,gas,stda,2.1e-09,-1.016e-07,2.888,2.659,0.2290000000000001,0.1921,5.907
BTZ–DMAC,gas,stddft,1.35e-08,4.59e-08,2.872,2.633,0.23899999999999988,0.1795,5.907
BTZ–DMAC,toluene,stda,-4.74e-08,-7.93e-08,2.875,2.67,0.20500000000000007,0.1664,5.828
BTZ–DMAC,toluene,stddft,-1.56e-08,-8.35e-08,2.861,2.646,0.2150000000000003,0.1565,5.828
BTZ–DPA,gas,stda,-1.4e-09,-3.14e-08,2.678,2.069,0.609,0.6302,5.916
BTZ–DPA,gas,stddft,2.9e-09,-8.93e-08,2.595,2.02,0.5750000000000002,0.503,5.916
BTZ–DPA,toluene,stda,4.02e-08,7.79e-08,2.609,2.008,0.601,0.5965,5.844999999999999
BTZ–DPA,toluene,stddft,-6.7e-09,-8.19e-08,2.524,1.959,0.565,0.4747,5.844999999999999
BTaz-Ar-PXZ,gas,stda,3.85e-08,-6.32e-08,3.017,2.761,0.2559999999999998,0.4639,5.645999999999999
BTaz-Ar-PXZ,gas,stddft,4.3e-09,-8.36e-08,2.997,2.729,0.2679999999999998,0.416,5.645999999999999
BTaz-Ar-PXZ,toluene,stda,-5.19e-08,-2.15e-08,3.046,2.766,0.2799999999999998,0.4443,5.6209999999999996
BTaz-Ar-PXZ,toluene,stddft,-6.6e-09,1.201e-07,3.027,2.734,0.29300000000000015,0.399,5.6209999999999996
BTrztCz,gas,stda,2.36e-08,1.23e-08,3.543,3.369,0.17399999999999993,0.0731,6.054999999999999
BTrztCz,gas,stddft,-5.87e-08,-4.73e-08,3.529,3.358,0.17099999999999982,0.0677,6.054999999999999
BTrztCz,toluene,stda,3.27e-08,-7.74e-08,3.624,3.381,0.24300000000000033,0.0891,6.087
BTrztCz,toluene,stddft,-2.42e-08,-6.27e-08,3.612,3.362,0.25,0.0736,6.087
BZC-PXZ,gas,stda,-5.02e-08,-7.1e-09,2.794,2.508,0.28600000000000003,0.2454,5.5489999999999995
BZC-PXZ,gas,stddft,-3.2e-08,-1.66e-08,2.767,2.496,0.2709999999999999,0.2109,5.5489999999999995
BZC-PXZ,toluene,stda,-1.75e-08,-4.99e-08,2.762,2.463,0.29899999999999993,0.2693,5.52
BZC-PXZ,toluene,stddft,-1.31e-08,1.8e-09,2.732,2.45,0.28200000000000003,0.2318,5.52
BmPyPhB,gas,stda,6e-10,5.22e-08,3.428,3.337,0.09099999999999975,0.2526,5.77
BmPyPhB,gas,stddft,2.35e-08,-6.41e-08,3.422,3.33,0.09200000000000008,0.2462,5.77
BmPyPhB,toluene,stda,7.8e-09,-4e-08,3.452,3.359,0.09299999999999997,0.2506,5.808
BmPyPhB,toluene,stddft,-5.71e-08,-1.73e-08,3.447,3.351,0.09600000000000009,0.2444,5.808
BuCzCF3oB,gas,stda,2.04e-08,1.31e-08,3.124,3.01,0.11400000000000032,0.0588,6.007
BuCzCF3oB,gas,stddft,1.9e-09,6.9e-09,3.113,3.003,0.10999999999999988,0.054,6.007
BuCzCF3oB,toluene,stda,-8.26e-08,-6.87e-08,3.106,2.978,0.12799999999999967,0.0706,5.9719999999999995
BuCzCF3oB,toluene,stddft,-3.4e-09,8.3e-09,3.094,2.971,0.12299999999999978,0.0646,5.9719999999999995
BuPCzBCO,gas,stda,8.35e-08,-5.02e-08,3.808,3.385,0.42300000000000004,0.1589,7.571
BuPCzBCO,gas,stddft,7.8e-08,-1.011e-07,3.737,3.362,0.375,0.1338,7.571
BuPCzBCO,toluene,stda,-4.22e-08,1.122e-07,3.79,3.362,0.42799999999999994,0.1402,7.547
BuPCzBCO,toluene,stddft,4.73e-08,-2.58e-08,3.718,3.338,0.3799999999999999,0.1176,7.547
BzITz,gas,stda,-1e-09,-3.46e-08,3.756,3.34,0.4159999999999999,0.9415,6.4910000000000005
BzITz,gas,stddft,-7.8e-09,2.7e-08,3.727,3.32,0.40700000000000003,0.8548,6.4910000000000005
BzITz,toluene,stda,-3.45e-08,-8.3e-08,3.701,3.303,0.39800000000000013,0.8602,6.442
BzITz,toluene,stddft,5e-09,-4.07e-08,3.673,3.284,0.38900000000000023,0.7816,6.442
C-BPyIA,gas,stda,9.6e-09,-1.05e-08,3.265,2.29,0.9750000000000001,0.9573,6.08
C-BPyIA,gas,stddft,6.11e-08,2.083e-07,3.11,2.223,0.887,0.6684,6.08
C-BPyIA,toluene,stda,-6.74e-08,-5.63e-08,3.26,2.263,0.9969999999999999,0.972,6.167000000000001
C-BPyIA,toluene,stddft,-4.08e-08,-1.079e-07,3.108,2.193,0.915,0.6837,6.167000000000001
C-H,gas,stda,-1.152e-07,1.98e-08,3.596,2.688,0.9079999999999999,1.0459,6.102
C-H,gas,stddft,-3.7e-08,1.73e-08,3.522,2.62,0.9019999999999997,0.9075,6.102
C-H,toluene,stda,-8e-10,1.125e-07,3.513,2.678,0.835,1.1132,5.766
C-H,toluene,stddft,-7e-10,3.38e-08,3.449,2.61,0.839,0.9646,5.766
C-O,gas,stda,-6.17e-08,-2.8e-08,3.75,3.181,0.569,0.1412,7.2749999999999995
C-O,gas,stddft,-6.42e-08,9.6e-09,3.67,3.157,0.5129999999999999,0.1296,7.2749999999999995
C-O,toluene,stda,-6.93e-08,-5.8e-09,3.703,3.114,0.589,0.1393,7.263999999999999
C-O,toluene,stddft,-1.72e-08,2.1e-08,3.618,3.089,0.5289999999999999,0.1217,7.263999999999999
C2FLA-1,gas,stda,4.06e-08,-6.92e-08,3.897,3.24,0.6569999999999996,2.9654,6.802999999999999
C2FLA-1,gas,stddft,5.16e-08,7.16e-08,3.853,3.198,0.6550000000000002,2.576,6.802999999999999
C2FLA-1,toluene,stda,-1.47e-08,-6.28e-08,3.884,3.228,0.6559999999999997,2.9557,6.768000000000001
C2FLA-1,toluene,stddft,-4.48e-08,7.15e-08,3.84,3.187,0.653,2.5677,6.768000000000001
C2MPI,gas,stda,-5.92e-08,-1.67e-08,4.098,3.565,0.5329999999999999,0.1847,7.659
C2MPI,gas,stddft,-4.39e-08,-4.78e-08,4.057,3.541,0.5160000000000005,0.1569,7.659
C2MPI,toluene,stda,4.9e-08,9e-10,4.051,3.563,0.488,0.0408,7.712000000000001
C2MPI,toluene,stddft,1.6e-09,-1.64e-08,4.007,3.54,0.46699999999999964,0.0305,7.712000000000001
C3F7,gas,stda,-2.61e-08,-5.72e-08,3.349,3.244,0.10499999999999998,0.046,6.281999999999999
C3F7,gas,stddft,-1.42e-08,-1.22e-08,3.339,3.236,0.10299999999999976,0.0432,6.281999999999999
C3F7,toluene,stda,-1.83e-08,-6.6e-09,3.431,3.303,0.1280000000000001,0.0485,6.347
C3F7,toluene,stddft,-2.46e-08,-1.35e-08,3.421,3.286,0.1349999999999998,0.0463,6.347
C3FLA-2,gas,stda,5.4e-09,2.43e-08,3.727,3.224,0.5029999999999997,5.1694,6.507999999999999
C3FLA-2,gas,stddft,1.43e-08,4.95e-08,3.704,3.185,0.5190000000000001,4.7241,6.507999999999999
C3FLA-2,toluene,stda,-3.96e-08,1.8e-08,3.743,3.24,0.5029999999999997,5.1696,6.492000000000001
C3FLA-2,toluene,stddft,-3.9e-08,-2.39e-08,3.72,3.201,0.5190000000000001,4.7302,6.492000000000001
CAPI,gas,stda,-9.33e-08,-1.02e-07,2.908,2.176,0.7319999999999998,0.4552,6.061999999999999
CAPI,gas,stddft,3.17e-08,1.298e-07,2.839,2.11,0.7290000000000001,0.424,6.061999999999999
CAPI,toluene,stda,3.98e-08,-2.87e-08,2.938,2.196,0.742,0.4147,6.111
CAPI,toluene,stddft,1e-09,-5.91e-08,2.873,2.129,0.7440000000000002,0.3971,6.111
CBIQD,gas,stda,-1.25e-08,6e-09,3.706,2.818,0.8879999999999999,0.0354,6.086
CBIQD,gas,stddft,-7.76e-08,-6.09e-08,3.663,2.765,0.8979999999999997,0.2374,6.086
CBIQD,toluene,stda,-2.4e-09,1.91e-08,3.744,2.75,0.9940000000000002,0.0585,6.337999999999999
CBIQD,toluene,stddft,5.6e-08,2.129e-07,3.637,2.694,0.9430000000000001,0.4218,6.337999999999999
CBM,gas,stda,9.5e-09,5.27e-08,3.344,2.613,0.7309999999999999,1.1985,6.286000000000001
CBM,gas,stddft,-2.78e-08,-2.55e-08,3.286,2.567,0.7189999999999999,1.0255,6.286000000000001
CBM,toluene,stda,-3.99e-08,-9.4e-09,3.213,2.451,0.762,1.2658,6.079000000000001
CBM,toluene,stddft,3.31e-08,-8e-09,3.149,2.403,0.746,1.0642,6.079000000000001
CBPBM,gas,stda,6.95e-08,-4.85e-08,3.92,3.477,0.44300000000000006,0.3748,6.902000000000001
CBPBM,gas,stddft,9.13e-08,7.86e-08,3.858,3.454,0.4039999999999999,0.3111,6.902000000000001
CBPBM,toluene,stda,7.01e-08,4.35e-08,3.905,3.419,0.48599999999999977,0.0664,6.968000000000001
CBPBM,toluene,stddft,-7.15e-08,2.16e-08,3.839,3.396,0.44300000000000006,0.0462,6.968000000000001
CBPMCN,gas,stda,2.46e-08,1.232e-07,3.874,3.461,0.41300000000000026,0.6695,6.663
CBPMCN,gas,stddft,-2.86e-08,-3.86e-08,3.829,3.439,0.3900000000000001,0.5624,6.663
CBPMCN,toluene,stda,-1.16e-08,-3.01e-08,3.877,3.439,0.4379999999999997,0.5516,6.715
CBPMCN,toluene,stddft,-1.694e-07,9.59e-08,3.826,3.416,0.41000000000000014,0.442,6.715
CBPPY,gas,stda,-1.017e-07,6.56e-08,3.955,3.479,0.476,0.3481,7.075
CBPPY,gas,stddft,-6.9e-08,-3.12e-08,3.891,3.456,0.43500000000000005,0.2665,7.075
CBPPY,toluene,stda,-4.87e-08,6.42e-08,3.931,3.456,0.4750000000000001,0.3632,7.151
CBPPY,toluene,stddft,9.81e-08,1.604e-07,3.868,3.433,0.43500000000000005,0.2713,7.151
CBPTZ,gas,stda,7.09e-08,-8.87e-08,3.946,3.495,0.45100000000000007,0.4661,6.480000000000001
CBPTZ,gas,stddft,1.025e-07,1.29e-08,3.889,3.473,0.4159999999999999,0.3804,6.480000000000001
CBPTZ,toluene,stda,-5.3e-09,-2.71e-08,3.864,3.415,0.44899999999999984,0.3597,6.419999999999999
CBPTZ,toluene,stddft,8.49e-08,-1.34e-08,3.805,3.393,0.41200000000000037,0.2849,6.419999999999999
CBTD2,gas,stda,-1.4e-08,2.321e-07,3.506,2.787,0.7189999999999999,2.3052,6.0360000000000005
CBTD2,gas,stddft,5.41e-08,-2.69e-08,3.445,2.736,0.7089999999999996,1.9594,6.0360000000000005
CBTD2,toluene,stda,4.11e-08,2.06e-08,3.507,2.794,0.7130000000000001,2.2613,5.966000000000001
CBTD2,toluene,stddft,1.483e-07,-5.87e-08,3.446,2.743,0.7030000000000003,1.9196,5.966000000000001
CBZ,gas,stda,3.1e-09,5.29e-08,3.947,3.702,0.2450000000000001,0.162,6.482
CBZ,gas,stddft,-6.8e-08,1.599e-07,3.914,3.677,0.2370000000000001,0.1426,6.482
CBZ,toluene,stda,-1.28e-08,3.58e-08,3.949,3.689,0.2599999999999998,0.1614,6.384
CBZ,toluene,stddft,1.39e-08,-3.83e-08,3.916,3.655,0.2610000000000001,0.1383,6.384
CCAPI,gas,stda,-1.92e-08,-2e-08,2.894,2.178,0.7160000000000002,0.4555,5.959999999999999
CCAPI,gas,stddft,4.24e-08,4.09e-08,2.826,2.114,0.7120000000000002,0.4129,5.959999999999999
CCAPI,toluene,stda,-6.36e-08,-1.124e-07,2.931,2.198,0.7330000000000001,0.4555,5.988
CCAPI,toluene,stddft,-1.375e-07,-1.228e-07,2.862,2.133,0.7290000000000001,0.4155,5.988
CCC,gas,stda,-3.11e-08,6.7e-08,4.292,3.699,0.593,0.0104,7.987
CCC,gas,stddft,-1.022e-07,2.8e-08,4.269,3.648,0.621,0.012,7.987
CCC,toluene,stda,-8.74e-08,4.76e-08,4.29,3.696,0.5939999999999999,0.0102,7.985999999999999
CCC,toluene,stddft,3.45e-08,-1.85e-08,4.267,3.645,0.6220000000000003,0.0117,7.985999999999999
CCDC,gas,stda,7.7e-09,-8.8e-09,3.657,3.214,0.44300000000000006,0.2612,6.033
CCDC,gas,stddft,2.42e-08,-4.24e-08,3.59,3.194,0.3959999999999999,0.207,6.033
CCDC,toluene,stda,1.66e-08,1.62e-08,3.417,3.231,0.18599999999999994,0.0015,6.011
CCDC,toluene,stddft,-8.18e-08,-4.67e-08,3.415,3.21,0.20500000000000007,0.0017,6.011
CCDD,gas,stda,-1e-10,1.187e-07,3.294,2.854,0.43999999999999995,0.2304,5.502
CCDD,gas,stddft,9.23e-08,-3.58e-08,3.22,2.833,0.387,0.1811,5.502
CCDD,toluene,stda,2.28e-08,9.02e-08,3.303,2.856,0.44700000000000006,0.3124,5.405999999999999
CCDD,toluene,stddft,1.33e-07,-2.17e-08,3.23,2.836,0.39400000000000013,0.239,5.405999999999999
CCDMB,gas,stda,-4.13e-08,-2.91e-08,3.747,3.313,0.4339999999999997,0.5513,6.01
CCDMB,gas,stddft,6.52e-08,-9e-10,3.688,3.292,0.39600000000000035,0.4034,6.01
CCDMB,toluene,stda,-4.5e-09,-1.495e-07,3.747,3.306,0.44099999999999984,0.393,6.114
CCDMB,toluene,stddft,2.96e-08,-2.04e-08,3.684,3.284,0.40000000000000036,0.2847,6.114
CDBP-BP-DMAC,gas,stda,2.44e-08,8.08e-08,3.612,3.339,0.27300000000000013,0.1927,5.971
CDBP-BP-DMAC,gas,stddft,2.3e-09,-9.44e-08,3.607,3.316,0.29100000000000037,0.2006,5.971
CDBP-BP-DMAC,toluene,stda,3.9e-09,-7.69e-08,3.599,3.251,0.3480000000000003,0.1838,5.943999999999999
CDBP-BP-DMAC,toluene,stddft,-4.18e-08,-4.37e-08,3.594,3.226,0.3679999999999999,0.1967,5.943999999999999
CDBP-BP-PXZ,gas,stda,-7.23e-08,2.92e-08,3.106,2.744,0.36199999999999966,0.0172,5.544999999999999
CDBP-BP-PXZ,gas,stddft,-3.15e-08,-2.69e-08,3.07,2.713,0.35699999999999976,0.0144,5.544999999999999
CDBP-BP-PXZ,toluene,stda,5e-10,7.89e-08,3.135,2.768,0.367,0.0245,5.59
CDBP-BP-PXZ,toluene,stddft,-2.64e-08,7.5e-09,3.098,2.737,0.36099999999999977,0.0183,5.59
CDDPI,gas,stda,2.86e-08,-9.95e-08,3.498,3.011,0.4870000000000001,0.6927,6.691
CDDPI,gas,stddft,2.86e-08,1.08e-08,3.463,2.973,0.4900000000000002,0.6199,6.691
CDDPI,toluene,stda,-1.08e-08,1.67e-08,3.513,3.045,0.46799999999999997,0.6265,6.719999999999999
CDDPI,toluene,stddft,2.36e-08,-9.59e-08,3.48,3.008,0.472,0.5648,6.719999999999999
CH3OH–CHCl3,gas,stda,-4.82e-08,-5.7e-08,3.677,2.704,0.9729999999999999,0.0594,6.607
CH3OH–CHCl3,gas,stddft,-1.381e-07,3.34e-08,3.602,2.634,0.968,0.5501,6.607
CH3OH–CHCl3,toluene,stda,-1.01e-08,-9.21e-08,3.688,2.717,0.9710000000000001,0.0151,6.632
CH3OH–CHCl3,toluene,stddft,-9.59e-08,-9.24e-08,3.631,2.647,0.984,0.5113,6.632
CMP,gas,stda,3.4e-09,1.12e-08,5.079,4.897,0.1819999999999995,0.0011,9.440999999999999
CMP,gas,stddft,5.85e-08,-1.366e-07,5.05,4.856,0.19399999999999995,0.001,9.440999999999999
CMP,toluene,stda,3.07e-08,2.2e-09,5.073,4.899,0.17400000000000038,0.0019,9.448
CMP,toluene,stddft,-2.77e-08,-4.03e-08,5.044,4.858,0.18599999999999994,0.0019,9.448
CN-QP,gas,stda,5.6e-09,1.82e-08,3.297,2.941,0.3560000000000003,0.0335,4.789999999999999
CN-QP,gas,stddft,4.15e-08,4.8e-09,3.285,2.912,0.3730000000000002,0.0201,4.789999999999999
CN-QP,toluene,stda,-1.529e-07,-9.57e-08,3.223,2.924,0.29899999999999993,0.0192,4.648
CN-QP,toluene,stddft,4.18e-08,1.021e-07,3.221,2.895,0.32600000000000007,0.0196,4.648
CN-TPA,gas,stda,-5.07e-08,-8.93e-08,3.791,3.224,0.5669999999999997,0.5919,7.235000000000001
CN-TPA,gas,stddft,1.5e-09,-9.3e-09,3.745,3.199,0.5460000000000003,0.5165,7.235000000000001
CN-TPA,toluene,stda,2.6e-08,-6.05e-08,3.772,3.188,0.5839999999999996,0.615,7.202999999999999
CN-TPA,toluene,stddft,-5.84e-08,7.53e-08,3.722,3.163,0.5590000000000002,0.5323,7.202999999999999
CNDSB,gas,stda,-6.68e-08,-7.15e-08,3.764,2.854,0.9099999999999997,2.3896,6.761999999999999
CNDSB,gas,stddft,-2.7e-08,7.94e-08,3.695,2.801,0.8939999999999997,1.9878,6.761999999999999
CNDSB,toluene,stda,9.01e-08,-2.4e-09,3.75,2.838,0.9119999999999999,2.3718,6.7490000000000006
CNDSB,toluene,stddft,2.61e-08,5.15e-08,3.681,2.785,0.8959999999999999,1.972,6.7490000000000006
CNPP-TPA,gas,stda,-3.67e-08,3.14e-08,3.443,2.969,0.4740000000000002,0.6316,5.318
CNPP-TPA,gas,stddft,-2.84e-08,-5.79e-08,3.423,2.946,0.47699999999999987,0.5924,5.318
CNPP-TPA,toluene,stda,-3.19e-08,-2.19e-08,3.226,2.686,0.54,0.7813,4.954000000000001
CNPP-TPA,toluene,stddft,2.51e-08,-1.148e-07,3.204,2.663,0.5410000000000004,0.7299,4.954000000000001
CNTPA-CZ,gas,stda,7.43e-08,-3.06e-08,3.787,3.163,0.6240000000000001,0.6571,7.137999999999999
CNTPA-CZ,gas,stddft,-1.7e-08,-4.95e-08,3.741,3.136,0.605,0.5722,7.137999999999999
CNTPA-CZ,toluene,stda,2.84e-08,-2.05e-08,3.727,3.074,0.653,0.7128,7.04
CNTPA-CZ,toluene,stddft,-8.22e-08,-4.14e-08,3.675,3.046,0.629,0.6126,7.04
CNTPA-PXZ,gas,stda,1.77e-08,1.08e-08,3.246,2.867,0.379,0.0118,6.215999999999999
CNTPA-PXZ,gas,stddft,2.38e-08,8.63e-08,3.21,2.836,0.3740000000000001,0.0095,6.215999999999999
CNTPA-PXZ,toluene,stda,-2.65e-08,3.28e-08,3.242,2.851,0.391,0.0138,6.164999999999999
CNTPA-PXZ,toluene,stddft,2.17e-08,-3.67e-08,3.206,2.82,0.3860000000000001,0.0112,6.164999999999999
CPBPMCN,gas,stda,-7.34e-08,5e-10,3.874,3.471,0.403,0.5555,6.653
CPBPMCN,gas,stddft,2.85e-08,1.76e-08,3.831,3.443,0.3879999999999999,0.4971,6.653
CPBPMCN,toluene,stda,8.8e-09,-1.09e-07,3.875,3.471,0.4039999999999999,0.4149,6.715
CPBPMCN,toluene,stddft,-8.06e-08,7.58e-08,3.831,3.446,0.3849999999999998,0.3806,6.715
CPBzFC,gas,stda,-1.4e-08,7.51e-08,3.76,3.198,0.5619999999999998,0.7203,6.3919999999999995
CPBzFC,gas,stddft,5.48e-08,3.3e-09,3.722,3.16,0.5619999999999998,0.9149,6.3919999999999995
CPBzFC,toluene,stda,5.34e-08,-3.26e-08,3.803,3.228,0.5749999999999997,0.9879,6.408
CPBzFC,toluene,stddft,5.18e-08,3.6e-08,3.751,3.19,0.5609999999999999,0.9131,6.408
CPPyC,gas,stda,-6.39e-08,7.69e-08,3.852,3.436,0.4159999999999999,0.205,7.2700000000000005
CPPyC,gas,stddft,2.36e-08,4.13e-08,3.789,3.414,0.375,0.1708,7.2700000000000005
CPPyC,toluene,stda,-5.39e-08,6.33e-08,3.82,3.392,0.42799999999999994,0.4222,7.191000000000001
CPPyC,toluene,stddft,-3.97e-08,3.5e-08,3.753,3.369,0.3839999999999999,0.339,7.191000000000001
CPTBF,gas,stda,7.41e-08,7.8e-09,3.906,3.424,0.4820000000000002,0.3115,7.3180000000000005
CPTBF,gas,stddft,8.03e-08,-3.2e-08,3.842,3.401,0.4410000000000003,0.2661,7.3180000000000005
CPTBF,toluene,stda,-2.15e-08,6.39e-08,3.9,3.402,0.4979999999999998,0.2562,7.470000000000001
CPTBF,toluene,stddft,-2.64e-08,-6.07e-08,3.833,3.379,0.4540000000000002,0.2173,7.470000000000001
CPzPC,gas,stda,5.08e-08,2.69e-08,3.702,3.345,0.35699999999999976,0.4396,6.861000000000001
CPzPC,gas,stddft,-3e-09,-1.05e-08,3.66,3.327,0.3330000000000002,0.4202,6.861000000000001
CPzPC,toluene,stda,-4.33e-08,-3.78e-08,3.701,3.335,0.3660000000000001,0.4374,6.845
CPzPC,toluene,stddft,2.68e-08,2.42e-08,3.658,3.317,0.34099999999999975,0.4189,6.845
CPzPyC,gas,stda,-8.3e-09,7.4e-08,3.645,3.332,0.31300000000000017,0.1165,6.6499999999999995
CPzPyC,gas,stddft,3.85e-08,6.1e-09,3.616,3.314,0.30200000000000005,0.1253,6.6499999999999995
CPzPyC,toluene,stda,-2.68e-08,-1.1e-09,3.605,3.302,0.30299999999999994,0.216,6.747999999999999
CPzPyC,toluene,stddft,4.32e-08,2.37e-08,3.573,3.286,0.2869999999999999,0.2018,6.747999999999999
CPzPzC,gas,stda,-8.1e-09,-8e-10,3.505,3.062,0.44300000000000006,0.3174,6.626
CPzPzC,gas,stddft,3.03e-08,-3e-10,3.463,3.038,0.42500000000000027,0.277,6.626
CPzPzC,toluene,stda,-1.75e-08,1.06e-08,3.467,3.034,0.4330000000000003,0.3004,6.58
CPzPzC,toluene,stddft,5.02e-08,-6.28e-08,3.426,3.011,0.41500000000000004,0.2612,6.58
CTM,gas,stda,3.88e-08,1.9e-09,3.773,3.363,0.41000000000000014,0.7898,6.637
CTM,gas,stddft,-1.85e-08,-1.03e-08,3.723,3.342,0.3809999999999998,0.6355,6.637
CTM,toluene,stda,-3e-08,2.42e-08,3.563,3.336,0.2270000000000003,0.0086,6.579000000000001
CTM,toluene,stddft,2.97e-08,-2.18e-08,3.56,3.315,0.2450000000000001,0.012,6.579000000000001
CZ-DPS-DMAC,gas,stda,-3.37e-08,2.1e-08,3.845,3.449,0.39600000000000035,0.2526,6.9830000000000005
CZ-DPS-DMAC,gas,stddft,-6.7e-09,-5.03e-08,3.791,3.427,0.3639999999999999,0.2494,6.9830000000000005
CZ-DPS-DMAC,toluene,stda,2.85e-08,5e-09,3.813,3.429,0.38400000000000034,0.0372,6.819
CZ-DPS-DMAC,toluene,stddft,-1.03e-08,-7.08e-08,3.791,3.406,0.3849999999999998,0.0385,6.819
CZ-TRZ,gas,stda,1.02e-08,1.07e-08,3.941,3.52,0.4209999999999998,0.5793,6.535
CZ-TRZ,gas,stddft,-2.64e-08,1.032e-07,3.89,3.498,0.3919999999999999,0.4537,6.535
CZ-TRZ,toluene,stda,-5.91e-08,6.8e-08,3.963,3.501,0.4620000000000002,0.5595,6.5809999999999995
CZ-TRZ,toluene,stddft,-2.25e-08,0.0,3.909,3.479,0.4299999999999997,0.4457,6.5809999999999995
CZ9CZPZ,gas,stda,4.7e-09,-5.72e-08,3.685,3.224,0.46099999999999985,1.5741,6.711
CZ9CZPZ,gas,stddft,-7.18e-08,-1.039e-07,3.642,3.202,0.43999999999999995,1.3663,6.711
CZ9CZPZ,toluene,stda,-4.15e-08,1.64e-08,3.669,3.199,0.4700000000000002,1.5127,6.760999999999999
CZ9CZPZ,toluene,stddft,-2.99e-08,-1.49e-08,3.624,3.176,0.44799999999999995,1.309,6.760999999999999
CbBPCb,gas,stda,-1.89e-08,-4.48e-08,3.933,3.478,0.4549999999999996,0.285,7.585999999999999
CbBPCb,gas,stddft,1e-10,4.29e-08,3.869,3.456,0.41300000000000026,0.2437,7.585999999999999
CbBPCb,toluene,stda,2.02e-08,5.85e-08,3.917,3.445,0.472,0.1336,7.588000000000001
CbBPCb,toluene,stddft,-6.8e-08,7.9e-08,3.848,3.424,0.42399999999999993,0.1148,7.588000000000001
Cbz-MI,gas,stda,3.1e-08,-1.76e-08,2.618,2.124,0.4939999999999998,0.2446,5.425000000000001
Cbz-MI,gas,stddft,9.15e-08,4.01e-08,2.571,2.093,0.4780000000000002,0.2134,5.425000000000001
Cbz-MI,toluene,stda,-4.23e-08,2.01e-08,2.846,2.426,0.41999999999999993,0.0009,5.205
Cbz-MI,toluene,stddft,4.82e-08,1.438e-07,2.812,2.407,0.4049999999999998,0.0008,5.205
Cbz-PYR,gas,stda,3e-09,7.58e-08,3.883,3.515,0.3679999999999999,0.7382,7.48
Cbz-PYR,gas,stddft,-3.63e-08,-5.31e-08,3.84,3.493,0.347,0.6405,7.48
Cbz-PYR,toluene,stda,4.44e-08,-3.8e-09,3.874,3.503,0.371,0.7528,7.469
Cbz-PYR,toluene,stddft,1.69e-08,-1.18e-08,3.831,3.481,0.3500000000000001,0.6517,7.469
Cz-SO,gas,stda,-1.63e-08,-5.79e-08,3.861,3.407,0.4540000000000002,0.2241,7.608
Cz-SO,gas,stddft,2.78e-08,3.75e-08,3.787,3.384,0.403,0.1929,7.608
Cz-SO,toluene,stda,-3e-09,4.37e-08,3.873,3.421,0.4520000000000004,0.2606,7.611
Cz-SO,toluene,stddft,-6.08e-08,6.84e-08,3.802,3.398,0.4039999999999999,0.224,7.611
Cz2ICz,gas,stda,1.5e-08,-4.58e-08,3.493,3.142,0.351,0.4125,6.544999999999999
Cz2ICz,gas,stddft,-2.04e-08,-3.22e-08,3.437,3.123,0.3139999999999996,0.3552,6.544999999999999
Cz2ICz,toluene,stda,-2.78e-08,3.82e-08,3.491,3.137,0.3540000000000001,0.3895,6.607
Cz2ICz,toluene,stddft,-2.68e-08,8.5e-09,3.435,3.118,0.31700000000000017,0.3374,6.607
CzA-PPO,gas,stda,5.08e-08,5.75e-08,2.423,1.906,0.5170000000000001,0.2981,5.674
CzA-PPO,gas,stddft,-1.47e-08,5.5e-09,2.367,1.85,0.5169999999999999,0.2625,5.674
CzA-PPO,toluene,stda,-4.14e-08,-3.81e-08,2.384,1.897,0.4869999999999999,0.2753,5.651
CzA-PPO,toluene,stddft,2.18e-08,-5.04e-08,2.332,1.843,0.4889999999999999,0.2441,5.651
CzB-FMPIM,gas,stda,-6.97e-08,7.71e-08,3.955,3.471,0.484,0.374,6.883
CzB-FMPIM,gas,stddft,2.45e-08,4e-10,3.894,3.447,0.44700000000000006,0.2301,6.883
CzB-FMPIM,toluene,stda,9.07e-08,-1.632e-07,3.935,3.465,0.4700000000000002,0.2229,7.002
CzB-FMPIM,toluene,stddft,6.58e-08,2.57e-08,3.87,3.441,0.42900000000000027,0.1615,7.002
CzB-FMPPI,gas,stda,-1.248e-07,-3.96e-08,3.857,3.436,0.42100000000000026,0.6601,6.815
CzB-FMPPI,gas,stddft,-3.7e-09,-8.91e-08,3.815,3.408,0.40700000000000003,0.592,6.815
CzB-FMPPI,toluene,stda,1.2e-09,-5.8e-09,3.856,3.445,0.41100000000000003,0.4772,6.899
CzB-FMPPI,toluene,stddft,3.1e-08,1.059e-07,3.816,3.416,0.3999999999999999,0.4402,6.899
CzBN,gas,stda,-4.1e-09,2.86e-08,3.719,3.357,0.36199999999999966,0.2543,7.086
CzBN,gas,stddft,-3.9e-09,1.97e-08,3.681,3.339,0.3420000000000001,0.2299,7.086
CzBN,toluene,stda,4.41e-08,-7.67e-08,3.708,3.347,0.3610000000000002,0.2441,7.042999999999999
CzBN,toluene,stddft,-9.9e-09,3.81e-08,3.669,3.328,0.3410000000000002,0.2227,7.042999999999999
CzBPDCb,gas,stda,1.4e-09,1.49e-08,3.838,3.322,0.516,0.1929,7.353
CzBPDCb,gas,stddft,2.99e-08,-1.193e-07,3.764,3.297,0.46699999999999964,0.1631,7.353
CzBPDCb,toluene,stda,2.86e-08,1.83e-08,3.792,3.282,0.5099999999999998,0.1176,7.252
CzBPDCb,toluene,stddft,-5e-08,2.27e-08,3.711,3.256,0.45500000000000007,0.1011,7.252
CzBroB,gas,stda,9.2e-09,-4.9e-09,3.34,3.228,0.11199999999999966,0.0527,6.284000000000001
CzBroB,gas,stddft,-2.94e-08,-3.31e-08,3.33,3.22,0.10999999999999988,0.0492,6.284000000000001
CzBroB,toluene,stda,1.71e-08,2.5e-08,3.393,3.276,0.11699999999999999,0.0558,6.318999999999999
CzBroB,toluene,stddft,-1.52e-08,7.7e-09,3.383,3.267,0.1160000000000001,0.0522,6.318999999999999
CzCNoB,gas,stda,-2.27e-08,-1.34e-08,3.116,2.997,0.11900000000000022,0.0504,5.987
CzCNoB,gas,stddft,-3.8e-09,-2.03e-08,3.104,2.99,0.11399999999999988,0.0461,5.987
CzCNoB,toluene,stda,2.82e-08,2.11e-08,3.12,3.002,0.11800000000000033,0.0508,5.970000000000001
CzCNoB,toluene,stddft,2.41e-08,5.09e-08,3.108,2.994,0.11399999999999988,0.0463,5.970000000000001
CzCbPy,gas,stda,4.74e-08,2.01e-08,3.754,3.264,0.4900000000000002,0.2525,6.970000000000001
CzCbPy,gas,stddft,3.6e-09,-1.15e-08,3.685,3.241,0.44399999999999995,0.1996,6.970000000000001
CzCbPy,toluene,stda,4.29e-08,3.09e-08,3.735,3.242,0.4929999999999999,0.2341,6.987
CzCbPy,toluene,stddft,6.89e-08,-2.57e-08,3.663,3.219,0.44399999999999995,0.1865,6.987
CzDCbTrz,gas,stda,-6.81e-08,3.9e-09,3.666,3.363,0.30299999999999994,0.3597,6.271999999999999
CzDCbTrz,gas,stddft,1.05e-08,-8.4e-09,3.642,3.341,0.3009999999999997,0.3205,6.271999999999999
CzDCbTrz,toluene,stda,-3.72e-08,-2.34e-08,3.66,3.29,0.3700000000000001,0.3836,6.2139999999999995
CzDCbTrz,toluene,stddft,-3.94e-08,2.8e-08,3.632,3.264,0.3680000000000003,0.3232,6.2139999999999995
CzPh-PPO,gas,stddft,3.85e-08,-3.6e-09,3.713,2.914,0.7989999999999999,1.6027,6.516
CzPh-PPO,toluene,stda,-7e-08,7.11e-08,3.77,2.959,0.8109999999999999,1.8832,6.4319999999999995
CzPh-PPO,toluene,stddft,-4.27e-08,-5.5e-09,3.711,2.92,0.7909999999999999,1.5847,6.4319999999999995
CzPm,gas,stda,-3.29e-08,-3e-09,3.849,3.377,0.4720000000000004,1.3294,6.4
CzPm,gas,stddft,4.62e-08,-5.22e-08,3.806,3.354,0.45199999999999996,1.0858,6.4
CzPm,toluene,stda,-1.72e-08,3.4e-09,3.814,3.329,0.4849999999999999,1.5031,6.304000000000001
CzPm,toluene,stddft,-4.15e-08,5.21e-08,3.775,3.306,0.46899999999999986,1.2572,6.304000000000001
CzPrSBI,gas,stda,-1.75e-08,-5.23e-08,3.883,3.391,0.492,0.053,6.885
CzPrSBI,gas,stddft,-4.83e-08,-7.88e-08,3.806,3.366,0.43999999999999995,0.0437,6.885
CzPrSBI,toluene,stda,-6.9e-09,6.12e-08,3.787,3.301,0.48599999999999977,0.0561,6.7299999999999995
CzPrSBI,toluene,stddft,1.4e-08,-6.1e-09,3.705,3.275,0.43000000000000016,0.0452,6.7299999999999995
CzS2,gas,stda,-1.3e-09,-2.62e-08,3.904,3.435,0.46899999999999986,0.3617,7.572
CzS2,gas,stddft,3.56e-08,8.05e-08,3.841,3.413,0.4280000000000004,0.3182,7.572
CzS2,toluene,stda,1.94e-08,-2.48e-08,3.916,3.45,0.46599999999999975,0.4021,7.563999999999999
CzS2,toluene,stddft,-4.63e-08,5.99e-08,3.856,3.428,0.42799999999999994,0.3514,7.563999999999999
CzSO-1CO,gas,stda,8.5e-09,8.02e-08,3.72,2.858,0.8620000000000001,0.3195,7.170999999999999
CzSO-1CO,gas,stddft,9.5e-09,9.9e-09,3.613,2.815,0.798,0.2492,7.170999999999999
CzSO-1CO,toluene,stda,3.32e-08,-2.28e-08,3.703,2.852,0.851,0.3322,7.067
CzSO-1CO,toluene,stddft,2.77e-08,1.618e-07,3.603,2.81,0.7930000000000001,0.2636,7.067
CzTPA,gas,stda,7.1e-09,1.8e-08,3.795,3.363,0.43199999999999994,0.1499,7.186999999999999
CzTPA,gas,stddft,-3.6e-09,2.99e-08,3.75,3.34,0.41000000000000014,0.1088,7.186999999999999
CzTPA,toluene,stda,3.08e-08,4.02e-08,3.778,3.356,0.42200000000000015,0.1297,7.094999999999999
CzTPA,toluene,stddft,-8e-09,6.03e-08,3.721,3.334,0.387,0.0924,7.094999999999999
CzTPA-m-Trz,gas,stda,-2.72e-08,2.36e-08,3.608,3.21,0.39800000000000013,0.0779,6.111000000000001
CzTPA-m-Trz,gas,stddft,5.42e-08,-7.5e-09,3.57,3.194,0.3759999999999999,0.0667,6.111000000000001
CzTPA-m-Trz,toluene,stda,2.61e-08,-7.05e-08,3.43,3.063,0.367,0.0442,5.941000000000001
CzTPA-m-Trz,toluene,stddft,4.8e-09,-4.2e-09,3.391,3.049,0.3420000000000001,0.036,5.941000000000001
CzmPPC,gas,stda,3.3e-09,-1.059e-07,4.319,4.125,0.19399999999999995,0.0006,7.906000000000001
CzmPPC,gas,stddft,-2.7e-09,6.43e-08,4.318,4.082,0.23599999999999977,0.0007,7.906000000000001
CzmPPC,toluene,stda,-1.2e-09,9.04e-08,4.228,4.101,0.12699999999999978,0.0081,7.912
CzmPPC,toluene,stddft,4e-09,-1.66e-08,4.227,4.069,0.15800000000000036,0.0081,7.912
CzoB,gas,stda,2.74e-08,-1.64e-08,3.348,3.242,0.10599999999999987,0.047,6.281
CzoB,gas,stddft,4.85e-08,-6.5e-09,3.338,3.233,0.10499999999999998,0.044,6.281
CzoB,toluene,stda,-3.9e-08,-4.27e-08,3.429,3.301,0.12799999999999967,0.0496,6.345000000000001
CzoB,toluene,stddft,-8e-09,1.87e-08,3.419,3.285,0.1339999999999999,0.0473,6.345000000000001
CzppT,gas,stda,8.12e-08,8e-10,4.028,3.506,0.5219999999999998,0.5341,7.223999999999999
CzppT,gas,stddft,-7.6e-08,-5.88e-08,3.964,3.483,0.48099999999999987,0.4441,7.223999999999999
CzppT,toluene,stda,-1.046e-07,2.03e-08,4.051,3.511,0.54,0.5853,7.336
CzppT,toluene,stddft,-6.71e-08,-7.48e-08,3.986,3.488,0.4980000000000002,0.3765,7.336
Cz–AQ,gas,stda,1.12e-08,-1.3e-08,2.735,2.39,0.34499999999999975,0.267,5.313000000000001
Cz–AQ,gas,stddft,3.8e-08,-1.7e-08,2.697,2.373,0.32399999999999984,0.2314,5.313000000000001
Cz–AQ,toluene,stda,3.39e-08,-2.63e-08,2.654,2.301,0.35299999999999976,0.2718,5.231
Cz–AQ,toluene,stddft,-4.63e-08,-3.45e-08,2.615,2.283,0.3320000000000003,0.2347,5.231
D-BP-PXZ,gas,stda,-1.08e-08,-2.97e-08,3.097,2.747,0.3500000000000001,0.048,5.328
D-BP-PXZ,gas,stddft,9.7e-09,-4.66e-08,3.083,2.735,0.3480000000000003,0.0479,5.328
D-BP-PXZ,toluene,stda,2.3e-09,9e-09,3.167,2.799,0.3679999999999999,0.0232,5.449
D-BP-PXZ,toluene,stddft,-2e-09,-4.04e-08,3.132,2.769,0.363,0.0197,5.449
D1–D6,gas,stda,-3.95e-08,3.1e-08,3.844,3.403,0.44099999999999984,0.2169,6.957999999999999
D1–D6,gas,stddft,-4.85e-08,-1.159e-07,3.774,3.379,0.395,0.1791,6.957999999999999
D1–D6,toluene,stda,1.39e-08,3.08e-08,3.829,3.384,0.4450000000000003,0.1976,6.973
D1–D6,toluene,stddft,-1.29e-08,-9.7e-09,3.757,3.36,0.39700000000000024,0.1632,6.973
D5,gas,stda,9.25e-08,-7.46e-08,3.88,3.424,0.45599999999999996,0.315,6.963
D5,gas,stddft,-1e-10,1.95e-08,3.814,3.401,0.41300000000000026,0.2569,6.963
D5,toluene,stda,5.41e-08,5.2e-09,3.87,3.4,0.4700000000000002,0.2895,6.975
D5,toluene,stddft,5.97e-08,-2.9e-09,3.801,3.377,0.4240000000000004,0.2358,6.975
D6,gas,stda,-6.8e-08,-3.22e-08,3.844,3.403,0.44099999999999984,0.2166,6.957999999999999
D6,gas,stddft,-3.91e-08,7e-09,3.774,3.379,0.395,0.1789,6.957999999999999
D6,toluene,stda,-3.22e-08,4.74e-08,3.829,3.384,0.4450000000000003,0.1986,6.974
D6,toluene,stddft,-4.6e-08,4.66e-08,3.757,3.36,0.39700000000000024,0.164,6.974
DAcIPN,gas,stda,1.94e-08,4.26e-08,3.457,2.963,0.4939999999999998,0.1936,6.563
DAcIPN,gas,stddft,3.79e-08,3.68e-08,3.412,2.937,0.4750000000000001,0.1751,6.563
DAcIPN,toluene,stda,8.58e-08,-7.8e-09,3.369,2.881,0.48800000000000043,0.1134,6.478
DAcIPN,toluene,stddft,-1.61e-08,-2.67e-08,3.322,2.855,0.4670000000000001,0.1067,6.478
DBBPZ-DPXZ,gas,stda,3.32e-08,-6.7e-09,2.965,2.712,0.25299999999999967,0.692,4.785
DBBPZ-DPXZ,gas,stddft,3.09e-08,-2.45e-08,2.945,2.7,0.24499999999999966,0.6384,4.785
DBBPZ-DPXZ,toluene,stda,-2.82e-08,3.7e-09,3.015,2.782,0.2330000000000001,0.631,4.793999999999999
DBBPZ-DPXZ,toluene,stddft,-7.7e-09,5.35e-08,2.997,2.769,0.22799999999999976,0.5899,4.793999999999999
DBCP,gas,stda,-5.3e-09,-1.32e-08,2.766,2.68,0.08599999999999985,0.0704,5.059000000000001
DBCP,gas,stddft,-0.0,-9.1e-09,2.759,2.672,0.08699999999999974,0.0641,5.059000000000001
DBCP,toluene,stda,-1.8e-09,-3.5e-09,2.82,2.711,0.10899999999999999,0.052,5.140999999999999
DBCP,toluene,stddft,2.86e-08,-2.14e-08,2.814,2.68,0.1339999999999999,0.0479,5.140999999999999
DBFDPO,gas,stda,-7.71e-08,6.4e-08,4.325,4.038,0.2869999999999999,0.0443,8.479
DBFDPO,gas,stddft,5.1e-08,5.52e-08,4.275,4.001,0.274,0.0419,8.479
DBFDPO,toluene,stda,4.93e-08,3.7e-09,4.357,4.011,0.3460000000000001,0.0638,8.42
DBFDPO,toluene,stddft,1.213e-07,-3.53e-08,4.304,3.979,0.3250000000000002,0.0593,8.42
DBP-3TPA,gas,stda,5e-10,5.96e-08,3.293,3.056,0.2370000000000001,0.0069,5.450000000000001
DBP-3TPA,gas,stddft,-3.2e-09,-5.77e-08,3.292,3.021,0.2709999999999999,0.0069,5.450000000000001
DBP-3TPA,toluene,stda,-7.6e-09,-1.16e-08,3.272,3.034,0.238,0.0074,5.331999999999999
DBP-3TPA,toluene,stddft,1.2e-09,-6.6e-08,3.272,3.0,0.2719999999999998,0.0078,5.331999999999999
DBQ-3PXZ,gas,stda,-4.5e-09,-4e-09,2.653,2.461,0.19200000000000017,0.2279,5.111
DBQ-3PXZ,gas,stddft,-2.18e-08,-6.98e-08,2.635,2.451,0.18399999999999972,0.2102,5.111
DBQ-3PXZ,toluene,stda,-5e-10,4.98e-08,2.728,2.546,0.18200000000000038,0.221,5.082999999999999
DBQ-3PXZ,toluene,stddft,7.5e-09,7.4e-09,2.711,2.536,0.17499999999999982,0.2053,5.082999999999999
DBT-BZ-DMAC,gas,stda,-2.51e-08,-6.13e-08,3.572,2.996,0.5760000000000001,0.0223,6.6899999999999995
DBT-BZ-DMAC,gas,stddft,4.62e-08,-9.47e-08,3.539,2.959,0.5800000000000001,0.021,6.6899999999999995
DBT-BZ-DMAC,toluene,stda,4.64e-08,3.69e-08,3.594,3.003,0.5909999999999997,0.0112,6.642
DBT-BZ-DMAC,toluene,stddft,-8.6e-09,3.93e-08,3.557,2.966,0.5909999999999997,0.0317,6.642
DBT-SADF,gas,stda,1.55e-08,-8.55e-08,3.822,3.462,0.3599999999999999,0.0247,6.377
DBT-SADF,gas,stddft,-8.31e-08,-3.07e-08,3.812,3.432,0.3799999999999999,0.023,6.377
DBT-SADF,toluene,stda,-7.5e-09,1.198e-07,3.646,3.455,0.19099999999999984,0.0212,6.184
DBT-SADF,toluene,stddft,-4.37e-08,-1.64e-08,3.636,3.427,0.20900000000000007,0.0197,6.184
DBTO-PTZ,gas,stda,5.16e-08,5.92e-08,3.279,2.894,0.3849999999999998,0.0126,5.857
DBTO-PTZ,gas,stddft,-8.28e-08,1.99e-08,3.243,2.863,0.3799999999999999,0.0104,5.857
DBTO-PTZ,toluene,stda,-5.6e-08,9.83e-08,3.213,2.9,0.31300000000000017,0.0277,5.724
DBTO-PTZ,toluene,stddft,-2.24e-08,-1.55e-08,3.199,2.87,0.32899999999999974,0.0286,5.724
DC-ACR,gas,stda,6.87e-08,-3.95e-08,2.798,2.791,0.007000000000000117,0.0003,5.425000000000001
DC-ACR,gas,stddft,-1e-08,-5.21e-08,2.797,2.79,0.007000000000000117,0.0002,5.425000000000001
DC-ACR,toluene,stda,5.64e-08,2.18e-08,2.928,2.851,0.07699999999999996,0.0008,5.464
DC-ACR,toluene,stddft,1.53e-08,5.25e-08,2.927,2.839,0.08800000000000008,0.0008,5.464
DC-TC,gas,stda,2.26e-08,7.4e-09,2.885,2.875,0.009999999999999787,0.0011,6.156
DC-TC,gas,stddft,1.098e-07,1.48e-08,2.883,2.874,0.008999999999999897,0.0011,6.156
DC-TC,toluene,stda,3.94e-08,-3.73e-08,2.665,2.656,0.008999999999999897,0.0006,5.856999999999999
DC-TC,toluene,stddft,-1.59e-08,9e-09,2.663,2.655,0.008000000000000007,0.0006,5.856999999999999
DCA,gas,stda,5.28e-08,-2.26e-08,3.242,2.237,1.005,0.4863,6.360999999999999
DCA,gas,stddft,-1.147e-07,3.06e-08,3.066,2.167,0.899,0.3499,6.360999999999999
DCA,toluene,stda,6.21e-08,-5.47e-08,3.285,2.26,1.0250000000000004,0.4479,6.409999999999998
DCA,toluene,stddft,-1.46e-08,1.366e-07,3.106,2.189,0.9169999999999998,0.321,6.409999999999998
DCBNPE,gas,stda,3.68e-08,-2.8e-09,2.44,2.041,0.399,0.2756,5.275
DCBNPE,gas,stddft,1.15e-08,5.25e-08,2.404,2.016,0.3879999999999999,0.2319,5.275
DCBNPE,toluene,stda,1.103e-07,-7e-09,2.225,1.842,0.383,0.281,4.884
DCBNPE,toluene,stddft,-2.1e-09,2.9e-08,2.189,1.819,0.3700000000000001,0.2326,4.884
DCE,gas,stda,-2.5e-09,6.98e-08,6.037,5.212,0.8250000000000002,0.0169,10.274000000000001
DCE,gas,stddft,4e-09,7.26e-08,6.032,5.171,0.8609999999999998,0.0181,10.274000000000001
DCE,toluene,stda,-1.95e-08,1.182e-07,5.988,5.22,0.7680000000000007,0.0128,10.266
DCE,toluene,stddft,1.53e-08,1.696e-07,5.985,5.178,0.8070000000000004,0.0135,10.266
DCPDAPM,gas,stda,-3.05e-08,3.2e-08,3.45,3.339,0.11100000000000021,0.1296,5.742000000000001
DCPDAPM,gas,stddft,-1.7e-09,6.04e-08,3.444,3.332,0.1120000000000001,0.1236,5.742000000000001
DCPDAPM,toluene,stda,-5.03e-08,1.43e-08,3.404,2.712,0.6919999999999997,1.0133,6.414000000000001
DCPDAPM,toluene,stddft,-2.73e-08,3.72e-08,3.338,2.678,0.6600000000000001,0.8639,6.414000000000001
DCbz-Ph-Bz,gas,stda,3.04e-08,-2.24e-08,3.879,3.438,0.44099999999999984,0.3055,6.899000000000001
DCbz-Ph-Bz,gas,stddft,7.99e-08,-4e-08,3.819,3.415,0.4039999999999999,0.2624,6.899000000000001
DCbz-Ph-Bz,toluene,stda,-9.2e-09,-9.67e-08,3.883,3.405,0.4780000000000002,0.2785,6.9399999999999995
DCbz-Ph-Bz,toluene,stddft,2.32e-08,-2.3e-08,3.821,3.381,0.4400000000000004,0.2032,6.9399999999999995
DCz-DPPZ,gas,stda,2.52e-08,-1.36e-08,3.147,2.78,0.367,0.703,5.721
DCz-DPPZ,gas,stddft,2.8e-08,-5.87e-08,3.107,2.759,0.3480000000000003,0.6245,5.721
DCz-DPPZ,toluene,stda,1.63e-08,-5.16e-08,2.965,2.579,0.3859999999999997,0.7124,5.505000000000001
DCz-DPPZ,toluene,stddft,-1.27e-08,8e-10,2.924,2.559,0.36499999999999977,0.6237,5.505000000000001
DCz-OTP,gas,stda,1.62e-08,-9.76e-08,3.835,3.408,0.42700000000000005,0.1215,7.356
DCz-OTP,gas,stddft,6.35e-08,9.6e-09,3.77,3.386,0.3839999999999999,0.1032,7.356
DCz-OTP,toluene,stda,6.07e-08,-2.2e-08,3.882,3.405,0.4770000000000003,0.1357,7.446000000000001
DCz-OTP,toluene,stddft,1.33e-08,8.28e-08,3.815,3.382,0.43299999999999983,0.1156,7.446000000000001
DCzBNPh-1,gas,stda,-2.63e-08,5.16e-08,3.83,3.456,0.3740000000000001,0.1003,6.566
DCzBNPh-1,gas,stddft,6e-10,-4.11e-08,3.78,3.435,0.34499999999999975,0.0798,6.566
DCzBNPh-1,toluene,stda,-2.03e-08,-2.75e-08,3.915,3.467,0.44799999999999995,0.5626,6.772
DCzBNPh-1,toluene,stddft,-5.92e-08,2.36e-08,3.859,3.445,0.41400000000000015,0.4696,6.772
DCzIPN,gas,stda,-4e-09,3.24e-08,3.615,3.14,0.4750000000000001,0.2723,6.865
DCzIPN,gas,stddft,-1.2e-09,-1.1e-09,3.57,3.121,0.44899999999999984,0.2284,6.865
DCzIPN,toluene,stda,1.02e-08,-3.07e-08,3.538,3.069,0.46899999999999986,0.304,6.781000000000001
DCzIPN,toluene,stddft,1.44e-08,6.44e-08,3.495,3.05,0.4450000000000003,0.2314,6.781000000000001
DCzPO,gas,stda,7.4e-09,-3.4e-09,3.89,3.391,0.4990000000000001,0.3682,7.497999999999999
DCzPO,gas,stddft,-4.74e-08,-1.72e-08,3.826,3.368,0.4580000000000002,0.0445,7.497999999999999
DCzPO,toluene,stda,-3.67e-08,2.81e-08,3.823,3.31,0.5129999999999999,0.31,7.452
DCzPO,toluene,stddft,6e-08,8.78e-08,3.756,3.287,0.46899999999999986,0.1509,7.452
DCzTrz,gas,stda,1.2e-08,-1.65e-08,3.863,3.452,0.41100000000000003,0.2728,6.5360000000000005
DCzTrz,gas,stddft,6.58e-08,-3.59e-08,3.823,3.428,0.395,0.2728,6.5360000000000005
DCzTrz,toluene,stda,-2.49e-08,2.4e-08,3.879,3.436,0.44300000000000006,0.3357,6.518
DCzTrz,toluene,stddft,-7.7e-09,2e-09,3.831,3.412,0.41900000000000004,0.3103,6.518
DC–TC,gas,stda,-2.54e-08,-7e-09,4.079,3.497,0.5819999999999999,0.3793,7.475999999999999
DC–TC,gas,stddft,-3.38e-08,2.25e-08,4.043,3.474,0.569,0.3831,7.475999999999999
DC–TC,toluene,stda,-1.02e-08,-4.8e-08,4.052,3.475,0.5769999999999995,0.3907,7.495000000000001
DC–TC,toluene,stddft,6.14e-08,-2.9e-08,4.015,3.452,0.5629999999999997,0.3628,7.495000000000001
DDBP,gas,stda,1.076e-07,8.64e-08,3.703,3.147,0.556,1.4004,6.3469999999999995
DDBP,gas,stddft,-7.4e-08,-7.7e-08,3.672,3.104,0.5680000000000001,1.2567,6.3469999999999995
DDBP,toluene,stda,1.007e-07,-4.54e-08,3.728,3.174,0.5540000000000003,1.4084,6.3180000000000005
DDBP,toluene,stddft,5.76e-08,3.71e-08,3.699,3.13,0.569,1.2686,6.3180000000000005
DDCzTrz,gas,stda,1.33e-08,3.74e-08,3.884,3.561,0.32299999999999995,0.1448,6.368
DDCzTrz,gas,stddft,5.09e-08,-2.58e-08,3.853,3.542,0.3110000000000004,0.1396,6.368
DDCzTrz,toluene,stda,1.119e-07,-1.216e-07,3.867,3.529,0.3380000000000001,0.161,6.376
DDCzTrz,toluene,stddft,2.093e-07,2.63e-08,3.835,3.512,0.32299999999999995,0.1672,6.376
DDMA-TXO2,gas,stda,9.2e-09,-5.6e-08,4.115,3.439,0.6760000000000002,0.1083,7.251
DDMA-TXO2,gas,stddft,2.61e-08,-6.68e-08,4.065,3.409,0.6560000000000006,0.1017,7.251
DDMA-TXO2,toluene,stda,-1.76e-08,2.12e-08,3.952,3.402,0.5499999999999998,0.0372,7.2490000000000006
DDMA-TXO2,toluene,stddft,1.42e-08,-2.3e-08,3.887,3.37,0.5169999999999999,0.0237,7.2490000000000006
DDPA-Ph-Bz,gas,stda,8.08e-08,-3.93e-08,3.844,3.461,0.383,0.0503,6.467999999999999
DDPA-Ph-Bz,gas,stddft,-6.2e-08,-1.285e-07,3.816,3.43,0.3859999999999997,0.0521,6.467999999999999
DDPA-Ph-Bz,toluene,stda,-1.69e-08,-3.95e-08,3.846,3.459,0.387,0.0606,6.401000000000001
DDPA-Ph-Bz,toluene,stddft,-4.05e-08,5.72e-08,3.817,3.432,0.38500000000000023,0.0612,6.401000000000001
DDPhCz-DCPP,gas,stda,-5.87e-08,-4e-08,3.568,3.159,0.40900000000000025,0.524,5.827
DDPhCz-DCPP,gas,stddft,1.32e-08,5.89e-08,3.535,3.14,0.395,0.5121,5.827
DDPhCz-DCPP,toluene,stda,5.64e-08,-8.62e-08,3.39,2.96,0.43000000000000016,0.5594,5.5859999999999985
DDPhCz-DCPP,toluene,stddft,-6.6e-09,9.85e-08,3.357,2.941,0.41600000000000037,0.5411,5.5859999999999985
DDPhCz-DPPZ,gas,stda,-2.36e-08,7.32e-08,3.24,2.932,0.3080000000000003,0.3315,5.569000000000001
DDPhCz-DPPZ,gas,stddft,-3.77e-08,8.28e-08,3.215,2.909,0.30600000000000005,0.3514,5.569000000000001
DDPhCz-DPPZ,toluene,stda,9.46e-08,-3.38e-08,2.988,2.681,0.30699999999999994,0.7245,5.302
DDPhCz-DPPZ,toluene,stddft,-1.41e-08,6e-08,2.96,2.664,0.2959999999999998,0.6588,5.302
DFDBQPXZ,gas,stda,-1.018e-07,-4.91e-08,3.34,2.965,0.375,0.0124,4.959
DFDBQPXZ,gas,stddft,-5.12e-08,8.43e-08,3.307,2.935,0.3719999999999999,0.0103,4.959
DFDBQPXZ,toluene,stda,-8.06e-08,-9.83e-08,3.324,2.935,0.3889999999999998,0.0002,4.811
DFDBQPXZ,toluene,stddft,-4.4e-09,5.86e-08,3.289,2.905,0.38400000000000034,0.0,4.811
DFPBI,gas,stda,-3.96e-08,7.84e-08,3.555,3.089,0.4660000000000002,1.6164,6.556
DFPBI,gas,stddft,-3.82e-08,-9.75e-08,3.527,3.06,0.4670000000000001,1.454,6.556
DFPBI,toluene,stda,-8.34e-08,-1.064e-07,3.555,3.092,0.4630000000000001,1.7036,6.571999999999999
DFPBI,toluene,stddft,-1.47e-08,-3.89e-08,3.528,3.063,0.46499999999999986,1.5324,6.571999999999999
DFPFPhe,gas,stda,1.95e-08,-1.022e-07,3.163,2.5,0.6629999999999998,0.1356,6.204000000000001
DFPFPhe,gas,stddft,-1.059e-07,-3.12e-08,3.088,2.459,0.629,0.1047,6.204000000000001
DFPFPhe,toluene,stda,1.06e-08,-7.57e-08,3.16,2.505,0.6550000000000002,0.1376,6.135
DFPFPhe,toluene,stddft,3.68e-08,-7.75e-08,3.086,2.464,0.6219999999999999,0.1059,6.135
DHID-DBS,gas,stda,-5.69e-08,-4.52e-08,3.419,2.853,0.5659999999999998,0.3743,6.274
DHID-DBS,gas,stddft,1.5e-09,-6.32e-08,3.34,2.82,0.52,0.305,6.274
DHID-DBS,toluene,stda,-4.37e-08,2.6e-08,3.496,2.849,0.6469999999999998,0.5322,6.067999999999999
DHID-DBS,toluene,stddft,9.32e-08,7.68e-08,3.429,2.817,0.6119999999999997,0.4454,6.067999999999999
DHID-DPS,gas,stda,6.54e-08,-1.66e-08,3.53,2.855,0.6749999999999998,0.1922,6.548
DHID-DPS,gas,stddft,-6.23e-08,-1.73e-08,3.457,2.822,0.6349999999999998,0.161,6.548
DHID-DPS,toluene,stda,2.62e-08,2.42e-08,3.498,2.867,0.6310000000000002,0.1812,6.476
DHID-DPS,toluene,stddft,-8.3e-08,-6e-10,3.43,2.835,0.5950000000000002,0.1557,6.476
DHPZ-2BI,gas,stda,-8.1e-09,6.93e-08,2.595,2.353,0.242,0.0003,5.457999999999999
DHPZ-2BI,gas,stddft,-1.843e-07,-4.35e-08,2.566,2.323,0.24299999999999988,0.0002,5.457999999999999
DHPZ-2BI,toluene,stda,-4.27e-08,4.69e-08,2.553,2.316,0.2370000000000001,0.0002,5.384
DHPZ-2BI,toluene,stddft,1.385e-07,6.25e-08,2.523,2.286,0.2370000000000001,0.0002,5.384
DHPZ-2BN,gas,stda,1.76e-08,-6.41e-08,2.614,2.369,0.24499999999999966,0.0003,5.532
DHPZ-2BN,gas,stddft,2.56e-08,6.73e-08,2.582,2.338,0.24399999999999977,0.0002,5.532
DHPZ-2BN,toluene,stda,2.83e-08,-7.33e-08,2.52,2.256,0.26400000000000023,0.0,5.3950000000000005
DHPZ-2BN,toluene,stddft,-4.95e-08,9.9e-09,2.492,2.247,0.2450000000000001,0.0,5.3950000000000005
DIC-TRZ,gas,stda,-1.021e-07,4.24e-08,3.515,3.054,0.4610000000000003,0.3088,6.312000000000001
DIC-TRZ,gas,stddft,-1.319e-07,6.98e-08,3.455,3.031,0.42399999999999993,0.2621,6.312000000000001
DIC-TRZ,toluene,stda,-1.9e-09,-7.25e-08,3.52,3.05,0.4700000000000002,0.2974,6.364999999999999
DIC-TRZ,toluene,stddft,-6.55e-08,-4.07e-08,3.458,3.027,0.43100000000000005,0.2504,6.364999999999999
DICzTrz,gas,stda,8e-09,1.84e-08,3.576,3.295,0.28100000000000014,0.103,6.287999999999999
DICzTrz,gas,stddft,-9e-09,-9.4e-08,3.547,3.269,0.278,0.0584,6.287999999999999
DICzTrz,toluene,stda,3.08e-08,-1.9e-08,3.581,3.302,0.2789999999999999,0.1433,6.2620000000000005
DICzTrz,toluene,stddft,9.2e-09,-1.53e-08,3.552,3.279,0.27300000000000013,0.0893,6.2620000000000005
DMAC-11-DPPZ,gas,stda,8.6e-09,7.71e-08,2.953,2.816,0.137,0.1409,5.274000000000001
DMAC-11-DPPZ,gas,stddft,-1.3e-09,-4.14e-08,2.943,2.802,0.14100000000000001,0.1343,5.274000000000001
DMAC-11-DPPZ,toluene,stda,-1.37e-08,-5.61e-08,2.919,2.769,0.1499999999999999,0.1588,5.237
DMAC-11-DPPZ,toluene,stddft,1.77e-08,8.1e-09,2.907,2.756,0.15100000000000025,0.1504,5.237
DMAC-AQ,gas,stda,-3.98e-08,7.13e-08,2.355,1.782,0.573,0.3141,5.302999999999999
DMAC-AQ,gas,stddft,-1.68e-08,-7.2e-09,2.269,1.744,0.5250000000000001,0.2466,5.302999999999999
DMAC-AQ,toluene,stda,1.062e-07,6.7e-09,2.207,1.604,0.6029999999999998,0.3089,5.119
DMAC-AQ,toluene,stddft,-7.9e-08,8.64e-08,2.113,1.557,0.556,0.2371,5.119
DMAC-BP,gas,stda,1.04e-08,-3.5e-09,3.387,3.282,0.10499999999999998,0.2404,5.723
DMAC-BP,gas,stddft,-2.37e-08,-2.49e-08,3.383,3.275,0.1080000000000001,0.2325,5.723
DMAC-BP,toluene,stda,-3.6e-08,-2.6e-09,3.412,2.698,0.714,1.12,6.026
DMAC-BP,toluene,stddft,-2.14e-08,1.15e-08,3.345,2.662,0.6830000000000003,0.9601,6.026
DMAC-BPP,gas,stda,-1.43e-08,1.057e-07,3.712,3.531,0.18100000000000005,0.0163,5.9830000000000005
DMAC-BPP,gas,stddft,2.2e-08,-6.73e-08,3.705,3.502,0.2030000000000003,0.0158,5.9830000000000005
DMAC-BPP,toluene,stda,1.77e-08,7.05e-08,3.724,3.457,0.26700000000000035,0.0122,5.9319999999999995
DMAC-BPP,toluene,stddft,-4.97e-08,-4.36e-08,3.718,3.427,0.2909999999999999,0.0131,5.9319999999999995
DMAC-Cz,gas,stda,6.56e-08,5.96e-08,3.915,3.39,0.5249999999999999,0.0627,6.674
DMAC-Cz,gas,stddft,-7.21e-08,8.3e-08,3.842,3.358,0.484,0.0536,6.674
DMAC-Cz,toluene,stda,1.22e-08,3.14e-08,3.913,3.357,0.5559999999999996,0.0643,6.761
DMAC-Cz,toluene,stddft,6.12e-08,4.57e-08,3.84,3.325,0.5149999999999997,0.0546,6.761
DMAC-Cz-TTR,gas,stda,7.01e-08,2.29e-08,3.803,3.387,0.4159999999999999,0.35,6.494
DMAC-Cz-TTR,gas,stddft,1.136e-07,-4.24e-08,3.739,3.355,0.3839999999999999,0.305,6.494
DMAC-Cz-TTR,toluene,stda,-5.18e-08,-4.86e-08,3.82,3.406,0.4139999999999997,0.4373,6.466
DMAC-Cz-TTR,toluene,stddft,2.06e-08,-8.26e-08,3.765,3.375,0.3900000000000001,0.3902,6.466
DMAC-DPS,gas,stda,8.6e-09,5.39e-08,3.759,3.267,0.492,0.0531,7.722
DMAC-DPS,gas,stddft,-1.138e-07,-2.95e-08,3.728,3.239,0.4890000000000003,0.0458,7.722
DMAC-DPS,toluene,stda,1.115e-07,-5.32e-08,3.764,3.317,0.4469999999999996,0.0464,7.730999999999999
DMAC-DPS,toluene,stddft,-1.58e-08,4.57e-08,3.736,3.292,0.4440000000000004,0.0396,7.730999999999999
DMAC-FO,gas,stda,-1.84e-08,-1.7e-09,2.693,2.492,0.20100000000000007,0.113,5.022
DMAC-FO,gas,stddft,-9.3e-09,-8.6e-09,2.675,2.484,0.19099999999999984,0.0971,5.022
DMAC-FO,toluene,stda,5.14e-08,5.92e-08,2.537,2.018,0.5190000000000001,0.2502,5.328000000000001
DMAC-FO,toluene,stddft,-1.6e-08,-1.655e-07,2.471,1.977,0.494,0.2151,5.328000000000001
DMAC-ND,gas,stda,-4.31e-08,6.9e-09,3.265,2.778,0.4870000000000001,0.9521,6.592
DMAC-ND,gas,stddft,1.48e-08,4.51e-08,3.206,2.751,0.45500000000000007,0.8049,6.592
DMAC-ND,toluene,stda,-3.59e-08,7.58e-08,3.258,2.756,0.5020000000000002,0.9572,6.569000000000001
DMAC-ND,toluene,stddft,-6.68e-08,-5.6e-09,3.196,2.728,0.46799999999999997,0.8054,6.569000000000001
DMAC-PCN,gas,stda,-2.26e-08,3.34e-08,3.646,3.417,0.2290000000000001,0.2149,5.35
DMAC-PCN,gas,stddft,6e-09,-7.4e-09,3.64,3.385,0.25500000000000034,0.2034,5.35
DMAC-PCN,toluene,stda,-2.55e-08,-5.12e-08,3.597,3.397,0.20000000000000018,0.2125,5.220000000000001
DMAC-PCN,toluene,stddft,8.6e-09,-1.133e-07,3.591,3.365,0.22599999999999998,0.2016,5.220000000000001
DMAC-TRZ,gas,stda,4.41e-08,-4.16e-08,3.474,3.389,0.08500000000000041,0.1265,5.873
DMAC-TRZ,gas,stddft,-2.35e-08,2.34e-08,3.467,3.369,0.09799999999999986,0.1216,5.873
DMAC-TRZ,toluene,stda,2.1e-09,3.23e-08,3.454,3.371,0.08300000000000018,0.124,5.841
DMAC-TRZ,toluene,stddft,-1.45e-08,3.49e-08,3.447,3.362,0.08499999999999996,0.1194,5.841
DMACMNPTO,gas,stda,3.68e-08,-7.1e-09,3.974,3.373,0.601,0.043,7.367999999999999
DMACMNPTO,gas,stddft,-3.6e-08,-3.16e-08,3.919,3.341,0.5779999999999998,0.0386,7.367999999999999
DMACMNPTO,toluene,stda,-1.241e-07,-2.51e-08,3.954,3.35,0.6040000000000001,0.0193,7.1000000000000005
DMACMNPTO,toluene,stddft,6.33e-08,-1.329e-07,3.897,3.317,0.5799999999999996,0.0178,7.1000000000000005
DMACN-B,gas,stda,-2.09e-08,-2.35e-08,3.73,3.249,0.48099999999999987,0.2545,7.082
DMACN-B,gas,stddft,6.58e-08,8.9e-08,3.669,3.232,0.43699999999999983,0.1276,7.082
DMACN-B,toluene,stda,5.21e-08,-2.07e-08,3.718,3.221,0.4969999999999999,0.0502,6.9719999999999995
DMACN-B,toluene,stddft,5.08e-08,-1.562e-07,3.648,3.204,0.44399999999999995,0.0425,6.9719999999999995
DMBFTX,gas,stda,-8e-10,-1.61e-08,3.502,2.831,0.6709999999999998,0.2056,6.996
DMBFTX,gas,stddft,-1.58e-08,-3.3e-08,3.384,2.805,0.5789999999999997,0.1529,6.996
DMBFTX,toluene,stda,-8.9e-08,-9.73e-08,3.5,2.823,0.677,0.2072,6.997
DMBFTX,toluene,stddft,7.5e-09,-1.17e-08,3.382,2.795,0.5870000000000002,0.1554,6.997
DMDHNP-DPS,gas,stda,-9e-10,-3.51e-08,2.392,2.282,0.10999999999999988,0.0036,6.248
DMDHNP-DPS,gas,stddft,5.7e-09,-9.4e-09,2.38,2.279,0.10099999999999998,0.0029,6.248
DMDHNP-DPS,toluene,stda,-2.75e-08,3.11e-08,2.488,2.419,0.06899999999999995,0.0026,6.3020000000000005
DMDHNP-DPS,toluene,stddft,-3.06e-08,2.7e-09,2.48,2.417,0.06300000000000017,0.0019,6.3020000000000005
DMF-AnCN,gas,stda,2.11e-08,3.14e-08,3.191,2.247,0.944,0.6827,6.321
DMF-AnCN,gas,stddft,2.97e-08,-5.68e-08,3.032,2.178,0.8540000000000001,0.4862,6.321
DMF-AnCN,toluene,stda,3.88e-08,6.28e-08,3.19,2.251,0.9390000000000001,0.6688,6.329000000000001
DMF-AnCN,toluene,stddft,-9.5e-09,-1.12e-07,3.032,2.182,0.8500000000000001,0.4759,6.329000000000001
DMIC-TRZ,gas,stda,-4.21e-08,-6e-10,1.615,0.942,0.673,0.2308,4.673
DMIC-TRZ,gas,stddft,-5.93e-08,-1e-09,1.484,0.765,0.719,0.1464,4.673
DMIC-TRZ,toluene,stda,-7.42e-08,4.96e-08,1.488,0.817,0.671,0.1988,4.568
DMIC-TRZ,toluene,stddft,-2.96e-08,-3.77e-08,1.354,0.542,0.812,0.1234,4.568
DMPA,gas,stda,3.09e-08,-3.34e-08,3.212,2.255,0.9570000000000003,0.4693,6.365
DMPA,gas,stddft,-1.028e-07,2.2e-08,3.05,2.185,0.8649999999999998,0.3334,6.365
DMPA,toluene,stda,6.31e-08,5.4e-08,3.223,2.263,0.96,0.4446,6.388000000000001
DMPA,toluene,stddft,1.425e-07,9.43e-08,3.059,2.192,0.867,0.3169,6.388000000000001
DMTAC,gas,stda,-2.24e-08,-3.08e-08,3.066,2.403,0.6629999999999998,0.2641,6.188000000000001
DMTAC,gas,stddft,-4.7e-08,3.04e-08,2.994,2.352,0.6420000000000003,0.2378,6.188000000000001
DMTAC,toluene,stda,1.37e-08,-3.4e-09,3.12,2.429,0.6910000000000003,0.2668,6.249
DMTAC,toluene,stddft,4.56e-08,1.26e-08,3.046,2.376,0.6699999999999999,0.2524,6.249
DMeCzIPN,gas,stda,-3.12e-08,1.25e-08,3.521,3.141,0.3799999999999999,0.1763,6.786
DMeCzIPN,gas,stddft,4.27e-08,7.5e-08,3.487,3.126,0.3610000000000002,0.1527,6.786
DMeCzIPN,toluene,stda,-4e-08,-3.03e-08,3.446,3.07,0.37600000000000033,0.1789,6.703000000000001
DMeCzIPN,toluene,stddft,2.81e-08,1.49e-08,3.413,3.055,0.35799999999999965,0.1544,6.703000000000001
DNFPh,gas,stda,-1.69e-07,-5.4e-09,2.98,2.261,0.7189999999999999,0.1005,6.034000000000001
DNFPh,gas,stddft,-1.4e-08,7.88e-08,2.902,2.218,0.6840000000000002,0.0712,6.034000000000001
DNFPh,toluene,stda,4.2e-09,7.52e-08,2.957,2.192,0.7649999999999997,0.1257,5.954
DNFPh,toluene,stddft,5.47e-08,1.67e-08,2.879,2.139,0.7400000000000002,0.0839,5.954
DPA,gas,stda,-1.84e-08,2.5e-08,3.299,2.247,1.052,0.4198,6.394000000000001
DPA,gas,stddft,3.23e-08,-1.36e-08,3.117,2.174,0.9430000000000001,0.2968,6.394000000000001
DPA,toluene,stda,1.5e-08,2.46e-08,3.317,2.258,1.0590000000000002,0.3993,6.422999999999999
DPA,toluene,stddft,7.7e-08,-4.14e-08,3.131,2.184,0.9469999999999996,0.2842,6.422999999999999
DPA-DPQ,gas,stda,-9.45e-08,3.74e-08,3.128,2.568,0.56,0.4363,6.495
DPA-DPQ,gas,stddft,-5.34e-08,-3.56e-08,3.052,2.538,0.5140000000000002,0.3657,6.495
DPA-DPQ,toluene,stda,-3.97e-08,1.724e-07,3.073,2.502,0.5710000000000002,0.4134,6.429
DPA-DPQ,toluene,stddft,8.77e-08,1.22e-08,2.993,2.472,0.5209999999999999,0.3431,6.429
DPAA,gas,stda,-4.57e-08,-1.099e-07,3.295,2.245,1.0499999999999998,0.4222,6.39
DPAA,gas,stddft,4.47e-08,3.81e-08,3.113,2.172,0.9409999999999998,0.2982,6.39
DPAA,toluene,stda,-1.17e-07,5.7e-09,3.315,2.257,1.0579999999999998,0.4014,6.420999999999999
DPAA,toluene,stddft,-6.83e-08,-1.2e-08,3.129,2.183,0.9460000000000002,0.2858,6.420999999999999
DPACPhTPI,gas,stda,-2.28e-08,-1.488e-07,3.786,3.4,0.3860000000000001,0.4723,6.485999999999999
DPACPhTPI,gas,stddft,3.12e-08,-1.7e-07,3.748,3.372,0.37600000000000033,0.428,6.485999999999999
DPACPhTPI,toluene,stda,2.45e-08,4.82e-08,3.768,3.401,0.367,0.4016,6.446
DPACPhTPI,toluene,stddft,4.78e-08,5.67e-08,3.728,3.372,0.3560000000000003,0.3643,6.446
DPACpBr,gas,stda,-5e-09,1.45e-08,4.106,3.699,0.40700000000000003,0.2727,7.776
DPACpBr,gas,stddft,1.7e-09,-1.62e-08,4.079,3.677,0.4019999999999997,0.2489,7.776
DPACpBr,toluene,stda,-3.54e-08,5.75e-08,4.019,3.541,0.4780000000000002,0.4027,7.721
DPACpBr,toluene,stddft,4.98e-08,-5.6e-09,3.983,3.517,0.4660000000000002,0.3583,7.721
DPCN,gas,stda,3.85e-08,3.56e-08,3.841,3.385,0.4560000000000004,0.4592,6.011
DPCN,gas,stddft,3.67e-08,-2.3e-09,3.806,3.353,0.45299999999999985,0.3997,6.011
DPCN,toluene,stda,-7.3e-09,-2.76e-08,3.834,3.351,0.4830000000000001,0.3121,6.0440000000000005
DPCN,toluene,stddft,-8.67e-08,-9.56e-08,3.795,3.319,0.476,0.2849,6.0440000000000005
DPE,gas,stda,2.56e-08,-3.35e-08,3.244,2.861,0.383,0.0048,5.793
DPE,gas,stddft,-5.5e-09,4.93e-08,3.208,2.83,0.3780000000000001,0.0038,5.793
DPE,toluene,stda,1.468e-07,5.79e-08,3.234,2.848,0.3860000000000001,0.0102,5.888
DPE,toluene,stddft,-9.7e-09,4.86e-08,3.198,2.816,0.3820000000000001,0.0102,5.888
DPE-DDMAc,gas,stda,5.1e-09,7.1e-09,3.673,3.409,0.26400000000000023,0.1555,6.239
DPE-DDMAc,gas,stddft,1.97e-08,-1.4e-08,3.67,3.377,0.29300000000000015,0.152,6.239
DPE-DDMAc,toluene,stda,-1.74e-08,1.018e-07,3.793,3.388,0.40500000000000025,0.2336,6.2780000000000005
DPE-DDMAc,toluene,stddft,-2.57e-08,-9.9e-08,3.79,3.357,0.43299999999999983,0.2338,6.2780000000000005
DPE-DPXZ,gas,stda,-4.59e-08,-6.2e-09,3.244,2.86,0.38400000000000034,0.0017,5.793
DPE-DPXZ,gas,stddft,-4.83e-08,1.24e-08,3.208,2.829,0.379,0.0016,5.793
DPE-DPXZ,toluene,stda,-1.072e-07,9.01e-08,3.226,2.839,0.387,0.003,5.8790000000000004
DPE-DPXZ,toluene,stddft,-5.23e-08,1.344e-07,3.188,2.807,0.3810000000000002,0.0026,5.8790000000000004
DPF-AnCN,gas,stda,-1.996e-07,3.48e-08,3.158,2.232,0.9259999999999997,0.7147,6.2829999999999995
DPF-AnCN,gas,stddft,-1.516e-07,-2.91e-08,3.003,2.163,0.8400000000000003,0.5128,6.2829999999999995
DPF-AnCN,toluene,stda,-4.17e-08,-4.76e-08,3.167,2.241,0.9259999999999997,0.7018,6.297000000000001
DPF-AnCN,toluene,stddft,2.97e-08,-1.38e-08,3.013,2.172,0.8409999999999997,0.5026,6.297000000000001
DPFPhe,gas,stda,-2.12e-08,5.33e-08,3.122,2.391,0.7309999999999999,0.1466,6.151
DPFPhe,gas,stddft,8e-09,1.95e-08,3.044,2.334,0.71,0.1057,6.151
DPFPhe,toluene,stda,-3.32e-08,1.55e-08,3.173,2.476,0.6970000000000001,0.1917,6.228000000000001
DPFPhe,toluene,stddft,7.69e-08,-1.95e-08,3.095,2.427,0.6680000000000001,0.1436,6.228000000000001
DPIBPZ-DPXZ,gas,stda,2.49e-08,3.17e-08,2.761,2.497,0.26400000000000023,0.691,4.584000000000001
DPIBPZ-DPXZ,gas,stddft,-1.2e-08,-1.49e-08,2.739,2.486,0.25299999999999967,0.6258,4.584000000000001
DPIBPZ-DPXZ,toluene,stda,1.05e-08,-1.19e-08,2.781,2.531,0.25,0.6499,4.549999999999999
DPIBPZ-DPXZ,toluene,stddft,4.1e-08,1.9e-09,2.761,2.521,0.2400000000000002,0.5936,4.549999999999999
DPNC,gas,stda,4.05e-08,-8.98e-08,3.166,2.714,0.45199999999999996,0.086,5.64
DPNC,gas,stddft,1.71e-08,-4.46e-08,3.09,2.693,0.3969999999999998,0.0666,5.64
DPNC,toluene,stda,2.95e-08,-1.03e-08,3.178,2.717,0.46099999999999985,0.084,5.688
DPNC,toluene,stddft,6e-09,-2e-08,3.1,2.696,0.4039999999999999,0.0647,5.688
DPP-PXZ,gas,stda,6.23e-08,-2.38e-08,2.182,1.927,0.2549999999999999,0.213,4.948
DPP-PXZ,gas,stddft,-7.3e-09,-3.06e-08,2.152,1.914,0.2380000000000002,0.1856,4.948
DPP-PXZ,toluene,stda,2.55e-08,5.11e-08,2.097,1.817,0.28,0.2248,4.893000000000001
DPP-PXZ,toluene,stddft,-2.09e-08,-1.22e-08,2.063,1.803,0.26000000000000023,0.193,4.893000000000001
DPPP,gas,stda,6.1e-09,-1.08e-08,3.401,2.584,0.8169999999999997,0.6211,6.382000000000001
DPPP,gas,stddft,-8.52e-08,-3.17e-08,3.296,2.52,0.7759999999999998,0.4896,6.382000000000001
DPPP,toluene,stda,9.1e-09,-6.5e-09,3.469,2.615,0.8539999999999996,0.6848,6.4319999999999995
DPPP,toluene,stddft,-5.66e-08,2.94e-08,3.361,2.55,0.8110000000000004,0.5443,6.4319999999999995
DPPSPF,gas,stda,5.51e-08,-4.48e-08,4.401,3.661,0.7399999999999998,1.3068,7.81
DPPSPF,gas,stddft,1.149e-07,-7.7e-09,4.344,3.624,0.7200000000000002,1.1486,7.81
DPPSPF,toluene,stda,-2.13e-08,6.77e-08,4.376,3.646,0.7300000000000004,1.299,7.767
DPPSPF,toluene,stddft,-2.65e-08,-2.53e-08,4.319,3.61,0.7090000000000001,1.141,7.767
DPQ-DMAC,gas,stda,5.7e-09,2.7e-09,3.123,3.0,0.12300000000000022,0.1196,5.558999999999999
DPQ-DMAC,gas,stddft,4e-09,-2.9e-08,3.114,2.99,0.12399999999999967,0.1149,5.558999999999999
DPQ-DMAC,toluene,stda,-9e-09,-3.23e-08,3.018,2.906,0.11199999999999966,0.1098,5.450000000000001
DPQ-DMAC,toluene,stddft,-2.56e-08,1.57e-08,3.009,2.898,0.11099999999999977,0.1047,5.450000000000001
DPQ-PXZ,gas,stda,2.47e-08,2.01e-08,2.607,2.397,0.2100000000000004,0.2189,5.142999999999999
DPQ-PXZ,gas,stddft,3.68e-08,1.5e-09,2.587,2.386,0.20100000000000007,0.1978,5.142999999999999
DPQ-PXZ,toluene,stda,1.6e-08,2.6e-08,2.558,2.336,0.22199999999999998,0.2233,5.127000000000001
DPQ-PXZ,toluene,stddft,-1.59e-08,3.34e-08,2.536,2.325,0.21099999999999985,0.201,5.127000000000001
DPS-PXZ,gas,stda,1.32e-08,-1.165e-07,3.356,2.978,0.37799999999999967,0.0389,6.183000000000001
DPS-PXZ,gas,stddft,1.327e-07,6.04e-08,3.323,2.949,0.3740000000000001,0.0255,6.183000000000001
DPS-PXZ,toluene,stda,-5.18e-08,6.61e-08,3.287,2.901,0.3860000000000001,0.0049,6.555999999999999
DPS-PXZ,toluene,stddft,-2.02e-08,-1.049e-07,3.251,2.871,0.3799999999999999,0.0038,6.555999999999999
DPTPEA,gas,stda,7.53e-08,4.05e-08,3.525,2.954,0.5709999999999997,0.8389,6.316999999999999
DPTPEA,gas,stddft,4.56e-08,5.19e-08,3.492,2.92,0.5720000000000001,0.7389,6.316999999999999
DPTPEA,toluene,stda,5.16e-08,1.11e-08,3.544,2.973,0.5710000000000002,0.8957,6.329
DPTPEA,toluene,stddft,3.6e-08,-4.4e-08,3.511,2.939,0.5720000000000001,0.7904,6.329
DPVBi,gas,stda,8.53e-08,-7.59e-08,3.799,3.15,0.649,2.2841,6.939000000000001
DPVBi,gas,stddft,8.55e-08,-3.73e-08,3.768,3.108,0.6599999999999997,2.0268,6.939000000000001
DPVBi,toluene,stda,6.21e-08,-2.13e-08,3.816,3.173,0.6429999999999998,2.2666,6.963000000000001
DPVBi,toluene,stddft,9.98e-08,2.61e-08,3.786,3.131,0.6550000000000002,2.0138,6.963000000000001
DPXZ-DPPM,gas,stda,-1.64e-08,4.3e-09,2.886,2.62,0.266,0.5928,4.632999999999999
DPXZ-DPPM,gas,stddft,2.45e-08,-6.11e-08,2.865,2.609,0.2560000000000002,0.5385,4.632999999999999
DPXZ-DPPM,toluene,stda,3.01e-08,1.49e-08,2.863,2.61,0.2530000000000001,0.5468,4.539999999999999
DPXZ-DPPM,toluene,stddft,-1.63e-08,2.06e-08,2.844,2.599,0.24499999999999966,0.503,4.539999999999999
DPhBCz,gas,stda,-2.17e-08,5.13e-08,3.856,3.376,0.48,0.3578,7.317
DPhBCz,gas,stddft,-3.02e-08,2.35e-08,3.788,3.354,0.4339999999999997,0.2919,7.317
DPhBCz,toluene,stda,1.53e-08,5.56e-08,3.842,3.353,0.4889999999999999,0.1979,7.308
DPhBCz,toluene,stddft,4.2e-08,9.7e-09,3.771,3.33,0.44099999999999984,0.1095,7.308
DPimdPPA,gas,stda,-8.7e-09,1.072e-07,3.451,2.703,0.7480000000000002,2.2043,6.090999999999999
DPimdPPA,gas,stddft,-6.62e-08,-2.02e-08,3.395,2.658,0.7370000000000001,1.8731,6.090999999999999
DPimdPPA,toluene,stda,-8.01e-08,6.7e-09,3.431,2.683,0.7480000000000002,2.1837,6.042999999999999
DPimdPPA,toluene,stddft,8.17e-08,-4.53e-08,3.373,2.638,0.7350000000000003,1.8528,6.042999999999999
DQP,gas,stda,7e-10,-7.31e-08,3.262,3.202,0.06000000000000005,0.0,7.276
DQP,gas,stddft,2.2e-09,-1.044e-07,3.261,3.138,0.12300000000000022,0.0,7.276
DQP,toluene,stda,7e-10,3.19e-08,3.243,3.197,0.04599999999999982,0.0,7.2730000000000015
DQP,toluene,stddft,-1e-10,-8e-09,3.242,3.133,0.10899999999999999,0.0,7.2730000000000015
DTPCZPYTZ,gas,stda,1.86e-08,1.767e-07,3.616,2.718,0.8980000000000001,1.7381,6.053000000000001
DTPCZPYTZ,gas,stddft,9.28e-08,3.05e-08,3.53,2.655,0.875,1.461,6.053000000000001
DTPCZPYTZ,toluene,stda,6.11e-08,-2.98e-08,3.617,2.716,0.9009999999999998,1.6789,6.043000000000001
DTPCZPYTZ,toluene,stddft,-2.1e-08,1.018e-07,3.529,2.653,0.8759999999999999,1.4083,6.043000000000001
DTPCZTZ,gas,stda,1.6e-08,-1.102e-07,3.886,3.472,0.41400000000000015,0.2295,6.87
DTPCZTZ,gas,stddft,-7.65e-08,-5.14e-08,3.822,3.449,0.3730000000000002,0.1862,6.87
DTPCZTZ,toluene,stda,8.11e-08,-1.012e-07,3.869,3.442,0.42700000000000005,0.2014,6.866
DTPCZTZ,toluene,stddft,-1.8e-08,9e-09,3.803,3.419,0.3839999999999999,0.1644,6.866
DTPTCzDP-CN,gas,stda,-4.56e-08,-1e-10,3.259,2.844,0.41500000000000004,0.5877,5.453
DTPTCzDP-CN,gas,stddft,1.44e-08,1.46e-08,3.2,2.825,0.375,0.4212,5.453
DTPTCzDP-CN,toluene,stda,-3.65e-08,-7.78e-08,3.187,2.784,0.403,0.7834,5.404
DTPTCzDP-CN,toluene,stddft,1.92e-08,-2.41e-08,3.139,2.767,0.3719999999999999,0.6162,5.404
DTRZSFX,gas,stda,-4.89e-08,-7.9e-09,3.964,3.343,0.621,2.0212,6.664
DTRZSFX,gas,stddft,-1.653e-07,-2e-10,3.918,3.306,0.6120000000000001,1.7892,6.664
DTRZSFX,toluene,stda,3.66e-08,-3.34e-08,3.954,3.335,0.6190000000000002,2.0049,6.673
DTRZSFX,toluene,stddft,-2.54e-08,3.12e-08,3.908,3.298,0.6099999999999999,1.7749,6.673
DTXO-TPA2,gas,stda,-1.234e-07,1.293e-07,3.295,2.783,0.512,0.3982,6.5440000000000005
DTXO-TPA2,gas,stddft,4.39e-08,7.4e-09,3.258,2.75,0.508,0.3453,6.5440000000000005
DTXO-TPA2,toluene,stda,1.27e-08,-4.62e-08,3.269,2.776,0.4930000000000003,0.5929,6.51
DTXO-TPA2,toluene,stddft,-1.73e-08,-1.61e-08,3.233,2.744,0.4889999999999999,0.5136,6.51
DV-3CzCN,gas,stda,7.07e-08,9.5e-09,3.763,3.409,0.3540000000000001,0.6103,6.888
DV-3CzCN,gas,stddft,2.43e-08,1.2e-09,3.729,3.389,0.3400000000000003,0.54,6.888
DV-3CzCN,toluene,stda,-3.48e-08,-7.88e-08,3.802,3.341,0.46099999999999985,0.1914,6.906999999999999
DV-3CzCN,toluene,stddft,-2.57e-08,1.267e-07,3.771,3.318,0.45299999999999985,0.1651,6.906999999999999
DVCz-2CzCN,gas,stda,5.22e-08,-3.2e-08,3.874,3.484,0.3900000000000001,0.2601,6.931
DVCz-2CzCN,gas,stddft,2.53e-08,8.76e-08,3.815,3.461,0.3540000000000001,0.1923,6.931
DVCz-2CzCN,toluene,stda,-1.35e-08,7.27e-08,3.77,3.436,0.3340000000000001,0.2968,6.949999999999999
DVCz-2CzCN,toluene,stddft,9.75e-08,-5.38e-08,3.734,3.414,0.31999999999999984,0.1006,6.949999999999999
DiCz-Sac,gas,stda,-2.29e-08,8.32e-08,3.69,3.361,0.32899999999999974,0.1753,6.995000000000001
DiCz-Sac,gas,stddft,-3.31e-08,1.98e-08,3.656,3.34,0.3160000000000003,0.1524,6.995000000000001
DiCz-Sac,toluene,stda,2.7e-09,-5.16e-08,3.596,3.242,0.3540000000000001,0.2206,6.845999999999999
DiCz-Sac,toluene,stddft,1.87e-08,4.78e-08,3.56,3.222,0.3380000000000001,0.1938,6.845999999999999
Diphenylsulfane,gas,stda,-6.7e-09,1.019e-07,4.318,4.14,0.17799999999999994,0.0013,7.909000000000001
Diphenylsulfane,gas,stddft,7.2e-09,-6.92e-08,4.317,4.096,0.22100000000000009,0.0014,7.909000000000001
Diphenylsulfane,toluene,stda,3.2e-09,7.1e-09,4.118,4.122,-0.0039999999999995595,0.0052,7.894000000000001
Diphenylsulfane,toluene,stddft,1.8e-09,2.68e-08,4.117,4.089,0.02799999999999958,0.0053,7.894000000000001
DmPy-PPI,gas,stda,5.3e-08,2.01e-08,3.853,3.446,0.40700000000000003,0.5583,7.103
DmPy-PPI,gas,stddft,-1.003e-07,-6.65e-08,3.813,3.419,0.39400000000000013,0.5047,7.103
DmPy-PPI,toluene,stda,1.147e-07,-5.17e-08,3.835,3.478,0.35699999999999976,0.3409,7.180000000000001
DmPy-PPI,toluene,stddft,-7.86e-08,1.05e-07,3.796,3.45,0.34599999999999964,0.311,7.180000000000001
DpAn-BzAc,gas,stda,1.638e-07,3.23e-08,3.574,3.039,0.5349999999999997,0.1789,5.5489999999999995
DpAn-BzAc,gas,stddft,5.64e-08,-7.68e-08,3.514,3.011,0.5029999999999997,0.1528,5.5489999999999995
DpAn-BzAc,toluene,stda,-2.46e-08,-5.3e-09,3.527,2.986,0.5409999999999999,0.1742,5.498
DpAn-BzAc,toluene,stddft,-6.14e-08,-3.23e-08,3.466,2.958,0.508,0.1486,5.498
DphAn-Br,gas,stda,1.05e-08,-1.21e-08,3.809,3.815,-0.005999999999999783,0.0004,8.081
DphAn-Br,gas,stddft,-1.47e-08,-9.2e-09,3.808,3.814,-0.006000000000000227,0.0004,8.081
DphAn-Br,toluene,stda,-3.32e-08,-7.7e-09,3.65,3.66,-0.010000000000000231,0.0,7.971
DphAn-Br,toluene,stddft,-2.6e-08,1.05e-08,3.649,3.659,-0.009999999999999787,0.0,7.971
D–A–D,gas,stda,-2e-10,-2.01e-08,3.23,3.154,0.07600000000000007,0.0069,7.167999999999999
D–A–D,gas,stddft,0.0,-8.9e-09,3.229,3.119,0.10999999999999988,0.0069,7.167999999999999
D–A–D,toluene,stda,7e-10,3.24e-08,3.191,3.167,0.02400000000000002,0.0068,7.173
D–A–D,toluene,stddft,-6e-10,1.15e-08,3.189,3.136,0.052999999999999936,0.0068,7.173
E-o-DHMPA,gas,stda,-1.506e-07,3.2e-08,3.225,2.22,1.005,0.3857,6.385999999999999
E-o-DHMPA,gas,stddft,-1.195e-07,7.47e-08,3.038,2.148,0.8899999999999997,0.2655,6.385999999999999
E-o-DHMPA,toluene,stda,-1.031e-07,7.68e-08,3.285,2.265,1.02,0.3628,6.447000000000001
E-o-DHMPA,toluene,stddft,-5.6e-09,7.34e-08,3.097,2.193,0.9039999999999999,0.2505,6.447000000000001
ECDPTT,gas,stda,5.01e-08,6.16e-08,3.652,3.007,0.645,0.5607,6.543000000000001
ECDPTT,gas,stddft,-4.56e-08,3.34e-08,3.609,2.974,0.6349999999999998,0.4759,6.543000000000001
ECDPTT,toluene,stda,3.31e-08,1.095e-07,3.742,3.117,0.625,0.3541,6.448
ECDPTT,toluene,stddft,4.57e-08,1.69e-08,3.694,3.085,0.609,0.1686,6.448
Et3SiH,gas,stda,-1.87e-08,9.63e-08,4.176,3.567,0.609,0.0425,7.659000000000001
Et3SiH,gas,stddft,1.04e-08,-3.42e-08,4.125,3.535,0.5899999999999999,0.0361,7.659000000000001
Et3SiH,toluene,stda,-1.5e-09,-4.25e-08,4.17,3.408,0.762,0.4066,7.750999999999998
Et3SiH,toluene,stddft,9.03e-08,1.278e-07,4.122,3.376,0.746,0.3576,7.750999999999998
F-2CzB,gas,stda,-6.73e-08,8.99e-08,3.882,3.453,0.42900000000000027,1.2233,6.685999999999999
F-2CzB,gas,stddft,-2.2e-08,-3.25e-08,3.832,3.431,0.4009999999999998,0.9594,6.685999999999999
F-2CzB,toluene,stda,3.73e-08,-9.4e-09,3.869,3.423,0.4460000000000002,1.0692,6.726000000000001
F-2CzB,toluene,stddft,2.35e-08,3.81e-08,3.815,3.401,0.41400000000000015,0.8158,6.726000000000001
F2AcBO,gas,stda,-2.5e-09,-2.89e-08,3.528,3.13,0.39800000000000013,0.2551,5.741
F2AcBO,gas,stddft,-6.1e-09,-5.1e-09,3.516,3.111,0.4049999999999998,0.3145,5.741
F2AcBO,toluene,stda,4.4e-09,-6.2e-09,3.482,3.107,0.375,0.1761,5.696999999999999
F2AcBO,toluene,stddft,3.65e-08,6.4e-09,3.454,3.088,0.3660000000000001,0.1355,5.696999999999999
F2PA,gas,stda,-4.9e-08,-2.62e-08,3.541,3.052,0.4889999999999999,1.0614,6.664
F2PA,gas,stddft,6.9e-09,-3e-09,3.509,3.024,0.4849999999999999,0.9309,6.664
F2PA,toluene,stda,-3.39e-08,-5.3e-08,3.544,3.056,0.488,1.101,6.651000000000001
F2PA,toluene,stddft,-3.53e-08,1.83e-08,3.512,3.027,0.4849999999999999,0.967,6.651000000000001
FAC,gas,stda,-4.74e-08,-4.36e-08,4.09,3.469,0.621,0.0587,6.987
FAC,gas,stddft,-2.85e-08,-1.009e-07,4.021,3.435,0.5859999999999999,0.0892,6.987
FAC,toluene,stda,3.44e-08,4.59e-08,4.09,3.461,0.629,0.1082,6.976
FAC,toluene,stddft,1.367e-07,-2.4e-09,4.015,3.428,0.5869999999999997,0.0895,6.976
FAPbCl3,gas,stda,-4.96e-08,9.9e-09,4.582,4.199,0.383,0.0001,8.402
FAPbCl3,gas,stddft,1.527e-07,-1.341e-07,4.56,4.158,0.40199999999999925,0.0001,8.402
FAPbCl3,toluene,stda,-6.31e-08,-4.81e-08,4.599,4.223,0.37600000000000033,0.0002,8.433
FAPbCl3,toluene,stddft,4.44e-08,-2.63e-08,4.577,4.182,0.3949999999999996,0.0002,8.433
FDQPXZ,gas,stda,-4.6e-09,-2.86e-08,2.488,2.27,0.21799999999999997,0.2316,5.129
FDQPXZ,gas,stddft,2.82e-08,5.7e-09,2.466,2.259,0.2070000000000003,0.2079,5.129
FDQPXZ,toluene,stda,8.9e-09,1.27e-08,2.557,2.352,0.20500000000000007,0.2227,5.165999999999999
FDQPXZ,toluene,stddft,6e-09,2.78e-08,2.537,2.342,0.19499999999999984,0.2008,5.165999999999999
FSF4A,gas,stda,1.2e-09,-5.2e-09,3.563,3.193,0.3700000000000001,0.2875,6.783
FSF4A,gas,stddft,1.28e-08,-6.94e-08,3.539,3.165,0.3740000000000001,0.2552,6.783
FSF4A,toluene,stda,2.71e-08,8.49e-08,3.443,3.09,0.3530000000000002,0.3418,6.673000000000001
FSF4A,toluene,stddft,1.24e-08,8e-08,3.418,3.065,0.3530000000000002,0.3065,6.673000000000001
FTAT-FBO,gas,stda,6.22e-08,7e-09,5.208,5.19,0.017999999999999794,0.0,9.912
FTAT-FBO,gas,stddft,7.66e-08,2.018e-07,5.179,5.149,0.03000000000000025,0.0,9.912
FTAT-FBO,toluene,stda,-5.29e-08,-1.175e-07,5.14,5.176,-0.036000000000000476,0.0002,9.721
FTAT-FBO,toluene,stddft,6.45e-08,-7.03e-08,5.11,5.135,-0.024999999999999467,0.0002,9.721
Fene,gas,stda,3.5e-09,-4.66e-08,2.888,2.7,0.18799999999999972,0.0764,5.702000000000001
Fene,gas,stddft,-1.14e-08,1.4e-09,2.877,2.679,0.19799999999999995,0.0715,5.702000000000001
Fene,toluene,stda,-8.8e-09,-3.26e-08,3.013,2.739,0.274,0.0687,5.816
Fene,toluene,stddft,-9e-10,-1.8e-09,3.002,2.714,0.2879999999999998,0.0699,5.816
Fens,gas,stda,-1.05e-08,-3.38e-08,3.101,2.776,0.3250000000000002,0.0222,5.836
Fens,gas,stddft,4.6e-09,1.61e-08,3.092,2.749,0.34299999999999997,0.0318,5.836
Fens,toluene,stda,-7e-09,-2.21e-08,3.182,2.738,0.44399999999999995,0.0295,5.920999999999999
Fens,toluene,stddft,6.6e-09,-3.79e-08,3.164,2.71,0.4540000000000002,0.1146,5.920999999999999
FlCz,gas,stda,-7.2e-09,-3.05e-08,3.732,3.407,0.3250000000000002,0.1518,6.457
FlCz,gas,stddft,2.02e-08,-7.06e-08,3.728,3.37,0.3580000000000001,0.21,6.457
FlCz,toluene,stda,1.6e-08,-1.43e-08,3.731,3.394,0.33699999999999974,0.2038,6.392000000000001
FlCz,toluene,stddft,-2.2e-09,-4.6e-09,3.726,3.357,0.3689999999999998,0.2657,6.392000000000001
H4TCPE,gas,stda,6.1e-09,-7.01e-08,4.718,4.305,0.41300000000000026,0.0157,8.716000000000001
H4TCPE,gas,stddft,-6.6e-09,2.3e-08,4.678,4.271,0.40700000000000003,0.0144,8.716000000000001
H4TCPE,toluene,stda,4e-09,-2.87e-08,4.704,4.248,0.4559999999999995,0.0152,8.646
H4TCPE,toluene,stddft,-1.089e-07,-3.66e-08,4.666,4.215,0.4510000000000005,0.0141,8.646
HAP-3MF,gas,stda,2.5e-09,-2.56e-08,3.254,3.171,0.08300000000000018,0.0,7.178000000000001
HAP-3MF,gas,stddft,-1.83e-08,1.25e-08,3.236,3.158,0.07800000000000029,0.0,7.178000000000001
HAP-3MF,toluene,stda,-4.06e-08,3.58e-08,3.244,3.158,0.0860000000000003,0.0,7.1690000000000005
HAP-3MF,toluene,stddft,8.5e-09,2.55e-08,3.225,3.146,0.07900000000000018,0.0,7.1690000000000005
HDP,gas,stda,4e-10,8.28e-08,2.775,2.678,0.09699999999999998,0.0001,6.071
HDP,gas,stddft,-3e-10,1.91e-08,2.775,2.641,0.1339999999999999,0.0001,6.071
HDP,toluene,stda,-1e-10,-3.86e-08,2.677,2.63,0.04700000000000015,0.0001,6.005000000000001
HDP,toluene,stddft,6e-10,1.96e-08,2.676,2.593,0.08300000000000018,0.0001,6.005000000000001
HITPE,gas,stda,1.2e-09,-1.702e-07,3.848,3.092,0.7559999999999998,0.86,6.7749999999999995
HITPE,gas,stddft,-1.179e-07,-1.7e-09,3.797,3.056,0.7410000000000001,0.7234,6.7749999999999995
HITPE,toluene,stda,2.04e-08,4.64e-08,3.881,3.114,0.7669999999999999,1.0518,6.790000000000001
HITPE,toluene,stddft,8.24e-08,9.5e-08,3.828,3.078,0.75,0.8801,6.790000000000001
HPIPXZ,gas,stda,-8.05e-08,2.32e-08,3.722,3.174,0.548,0.6094,7.117000000000001
HPIPXZ,gas,stddft,1.8e-08,6.12e-08,3.665,3.134,0.5310000000000001,0.5574,7.117000000000001
HPIPXZ,toluene,stda,6.58e-08,2.31e-08,3.718,3.16,0.5579999999999998,0.6327,7.097999999999999
HPIPXZ,toluene,stddft,-3.65e-08,4.87e-08,3.661,3.119,0.5419999999999998,0.5784,7.097999999999999
HPVAnt,gas,stda,4.99e-08,-3.38e-08,3.398,2.288,1.1100000000000003,0.2998,6.246
HPVAnt,gas,stddft,1.605e-07,1.008e-07,3.217,2.213,1.004,0.1968,6.246
HPVAnt,toluene,stda,7.6e-09,-6.38e-08,3.395,2.286,1.109,0.3085,6.2379999999999995
HPVAnt,toluene,stddft,7.74e-08,1.885e-07,3.214,2.21,1.004,0.2046,6.2379999999999995
IABTCN,gas,stda,2.19e-08,-8.7e-08,3.077,2.496,0.581,1.4127,5.555
IABTCN,gas,stddft,1e-07,-9.57e-08,3.029,2.456,0.573,1.202,5.555
IABTCN,toluene,stda,-5.5e-09,3.92e-08,2.857,2.242,0.6150000000000002,1.6069,5.191000000000001
IABTCN,toluene,stddft,-4.5e-08,4.28e-08,2.798,2.203,0.5950000000000002,1.3332,5.191000000000001
ICBNTrz4,gas,stda,-1.3e-08,2.02e-08,3.627,3.286,0.34099999999999975,0.8547,6.295999999999999
ICBNTrz4,gas,stddft,-2.37e-08,-2.4e-09,3.601,3.268,0.3330000000000002,0.7739,6.295999999999999
ICBNTrz4,toluene,stda,5.3e-09,-1.39e-08,3.587,3.251,0.3360000000000003,0.8047,6.28
ICBNTrz4,toluene,stddft,-2.92e-08,1.016e-07,3.561,3.234,0.32699999999999996,0.7306,6.28
ICZ,gas,stda,5.5e-09,3.26e-08,3.338,2.771,0.5670000000000002,0.1214,6.813
ICZ,gas,stddft,-3.75e-08,1.322e-07,3.229,2.74,0.4889999999999999,0.0934,6.813
ICZ,toluene,stda,-3.85e-08,3.97e-08,3.343,2.777,0.5659999999999998,0.118,6.816
ICZ,toluene,stddft,-2.49e-08,-2.06e-08,3.234,2.745,0.4889999999999999,0.0905,6.816
ICz-2,gas,stda,-2.7e-09,-5e-09,4.088,3.866,0.22199999999999998,0.0409,7.970000000000001
ICz-2,gas,stddft,-3.15e-08,8.63e-08,4.078,3.833,0.2450000000000001,0.0409,7.970000000000001
ICz-2,toluene,stda,5.5e-09,-5.12e-08,4.135,3.895,0.23999999999999977,0.0551,7.987
ICz-2,toluene,stddft,1.82e-08,-4.13e-08,4.125,3.856,0.26900000000000013,0.0561,7.987
IDAC-MCO,gas,stda,-5.68e-08,1.004e-07,3.372,2.847,0.5249999999999999,0.1271,6.1690000000000005
IDAC-MCO,gas,stddft,-4.4e-08,6.31e-08,3.29,2.824,0.4660000000000002,0.1008,6.1690000000000005
IDAC-MCO,toluene,stda,2.8e-08,-4.27e-08,3.353,2.831,0.5220000000000002,0.1343,5.994999999999999
IDAC-MCO,toluene,stddft,1.204e-07,-4.4e-09,3.271,2.809,0.46199999999999974,0.1064,5.994999999999999
IDFL-2DPA,gas,stda,1.26e-08,-9.42e-08,3.07,2.753,0.3169999999999997,0.3053,5.818
IDFL-2DPA,gas,stddft,8.1e-09,1.248e-07,3.021,2.735,0.28600000000000003,0.2655,5.818
IDFL-2DPA,toluene,stda,-6.39e-08,2.42e-08,3.071,2.75,0.3210000000000002,0.2975,5.820000000000001
IDFL-2DPA,toluene,stddft,8.5e-09,4.09e-08,3.021,2.733,0.2879999999999998,0.2597,5.820000000000001
IP-PPI,gas,stda,3.11e-08,-7.88e-08,3.837,3.261,0.5760000000000001,0.9134,6.915
IP-PPI,gas,stddft,-6.73e-08,-4.14e-08,3.798,3.229,0.569,0.8672,6.915
IP-PPI,toluene,stda,-5.63e-08,-1.606e-07,3.813,3.255,0.5580000000000003,0.7613,6.974
IP-PPI,toluene,stddft,4.4e-08,-9.95e-08,3.774,3.224,0.5499999999999998,0.7113,6.974
IPTAC,gas,stda,-2e-09,-1.107e-07,3.071,2.402,0.669,0.2755,6.185999999999999
IPTAC,gas,stddft,1.3e-09,3.59e-08,2.998,2.351,0.6470000000000002,0.2492,6.185999999999999
IPTAC,toluene,stda,2.37e-08,6.75e-08,3.116,2.426,0.69,0.2615,6.246999999999999
IPTAC,toluene,stddft,6.3e-09,1.509e-07,3.042,2.374,0.6679999999999997,0.2486,6.246999999999999
IQ-Se,gas,stda,-8e-08,-1.71e-08,3.627,2.835,0.7919999999999998,0.0765,6.832
IQ-Se,gas,stddft,6.05e-08,5.37e-08,3.562,2.796,0.766,0.041,6.832
IQ-Se,toluene,stda,-2.74e-08,5.01e-08,3.532,2.715,0.8170000000000002,0.5295,6.753
IQ-Se,toluene,stddft,-2.61e-08,-2.45e-08,3.444,2.676,0.7679999999999998,0.3912,6.753
IQ-oTPA,gas,stda,-6e-10,-2.3e-09,2.799,2.801,-0.002000000000000224,0.0016,4.901
IQ-oTPA,gas,stddft,-5.8e-09,2.1e-09,2.799,2.8,-0.0009999999999998899,0.0016,4.901
IQ-oTPA,toluene,stda,7e-10,-8.5e-09,2.701,2.706,-0.004999999999999893,0.0027,4.651999999999999
IQ-oTPA,toluene,stddft,-2.1e-09,7.1e-09,2.7,2.706,-0.005999999999999783,0.0025,4.651999999999999
ImPy-1,gas,stda,8.29e-08,2.443e-07,3.295,2.661,0.6339999999999999,0.3172,6.528999999999999
ImPy-1,gas,stddft,3.43e-08,3.32e-08,3.202,2.625,0.577,0.2507,6.528999999999999
ImPy-1,toluene,stda,-1.47e-08,-1.5e-08,3.295,2.665,0.6299999999999999,0.3136,6.482
ImPy-1,toluene,stddft,-8.92e-08,-6.16e-08,3.203,2.63,0.573,0.2478,6.482
ImPy-2,gas,stda,1.18e-08,-5.08e-08,3.282,2.652,0.6299999999999999,0.3139,6.625
ImPy-2,gas,stddft,-9.1e-09,3.54e-08,3.193,2.616,0.577,0.2488,6.625
ImPy-2,toluene,stda,-7.01e-08,-8.5e-09,3.276,2.656,0.6199999999999997,0.307,6.572
ImPy-2,toluene,stddft,-4.07e-08,7.8e-09,3.187,2.621,0.5659999999999998,0.2425,6.572
ImPy-3,gas,stda,-1.64e-08,-1.65e-08,3.199,2.546,0.653,0.8681,5.8709999999999996
ImPy-3,gas,stddft,1.217e-07,2.75e-08,3.134,2.489,0.645,0.689,5.8709999999999996
ImPy-3,toluene,stda,1.96e-08,-6.28e-08,3.162,2.534,0.6280000000000001,0.8639,5.801
ImPy-3,toluene,stddft,-7.16e-08,-7.81e-08,3.102,2.478,0.6239999999999997,0.7082,5.801
InDM,gas,stda,1.01e-07,8.3e-09,3.999,3.371,0.6280000000000001,0.0535,7.209
InDM,gas,stddft,-1.25e-08,-1.143e-07,3.916,3.351,0.565,0.0461,7.209
InDM,toluene,stda,2.5e-08,6.95e-08,4.048,3.378,0.6699999999999999,0.0365,7.064
InDM,toluene,stddft,5.04e-08,-3.2e-09,3.966,3.358,0.6080000000000001,0.0471,7.064
IpCm-PhBzAc,gas,stda,1.26e-07,2.59e-08,3.781,3.122,0.6590000000000003,1.0878,6.112000000000001
IpCm-PhBzAc,gas,stddft,9.12e-08,-4.12e-08,3.719,3.09,0.629,0.9038,6.112000000000001
IpCm-PhBzAc,toluene,stda,9.18e-08,-7.07e-08,3.732,3.073,0.6590000000000003,0.9657,6.036
IpCm-PhBzAc,toluene,stddft,2.71e-08,2.44e-08,3.67,3.041,0.629,0.9083,6.036
LEt,gas,stda,-4.69e-08,1.015e-07,5.014,4.824,0.1900000000000004,0.0035,8.923
LEt,gas,stddft,6.8e-09,-1.319e-07,4.987,4.795,0.19200000000000017,0.0031,8.923
LEt,toluene,stda,1.471e-07,2e-08,5.02,4.856,0.1639999999999997,0.0031,8.881
LEt,toluene,stddft,-9.28e-08,-1.122e-07,4.993,4.826,0.1670000000000007,0.0029,8.881
LiPr,gas,stda,3.1e-08,1.188e-07,4.979,4.796,0.18299999999999983,0.0012,8.954999999999998
LiPr,gas,stddft,1.91e-08,-2.22e-08,4.952,4.766,0.18599999999999994,0.0012,8.954999999999998
LiPr,toluene,stda,2.77e-08,1.163e-07,4.994,4.822,0.1719999999999997,0.0033,8.943999999999999
LiPr,toluene,stddft,1.68e-08,-6.72e-08,4.966,4.793,0.17300000000000004,0.0032,8.943999999999999
MBF,gas,stda,-5.17e-08,-6.7e-09,2.773,2.475,0.29800000000000004,0.8425,4.93
MBF,gas,stddft,-1.89e-08,1.89e-08,2.75,2.452,0.29800000000000004,0.7586,4.93
MBF,toluene,stda,1.99e-08,2.66e-08,2.624,2.307,0.31700000000000017,0.8568,4.728
MBF,toluene,stddft,5.25e-08,4.03e-08,2.598,2.294,0.3039999999999998,0.7576,4.728
MCZ-P2-DTM,gas,stda,-1.26e-08,7.25e-08,3.68,3.268,0.41200000000000037,1.0725,6.38
MCZ-P2-DTM,gas,stddft,-7.4e-09,-3.53e-08,3.641,3.248,0.3929999999999998,0.9363,6.38
MCZ-P2-DTM,toluene,stda,6.29e-08,7e-10,3.642,3.226,0.4159999999999999,1.1305,6.327
MCZ-P2-DTM,toluene,stddft,-2.38e-08,-2.6e-08,3.606,3.206,0.3999999999999999,0.9966,6.327
MDP3FL,gas,stda,2.1e-08,-2.4e-09,3.711,3.284,0.42700000000000005,3.5536,6.196000000000001
MDP3FL,gas,stddft,-3.7e-08,8.77e-08,3.693,3.257,0.43599999999999994,3.2873,6.196000000000001
MDP3FL,toluene,stda,-2.21e-08,6.9e-09,3.707,3.285,0.4219999999999997,4.064,6.177999999999999
MDP3FL,toluene,stddft,7.23e-08,-1.61e-08,3.689,3.258,0.43100000000000005,3.7658,6.177999999999999
MOF,gas,stda,9.44e-08,-5.09e-08,4.703,4.237,0.4660000000000002,0.0246,8.347999999999999
MOF,gas,stddft,-8.29e-08,9.16e-08,4.657,4.207,0.4500000000000002,0.0242,8.347999999999999
MOF,toluene,stda,1.73e-08,3.79e-08,4.828,4.313,0.5150000000000006,0.0382,8.652999999999999
MOF,toluene,stddft,9.9e-08,1.479e-07,4.785,4.287,0.4980000000000002,0.0361,8.652999999999999
MPA,gas,stda,-4.75e-08,-8.82e-08,3.11,2.749,0.36099999999999977,0.0163,5.4799999999999995
MPA,gas,stddft,2.54e-08,-1.36e-07,3.072,2.718,0.3540000000000001,0.0138,5.4799999999999995
MPA,toluene,stda,-1.109e-07,5.18e-08,3.114,2.752,0.3620000000000001,0.0174,5.414000000000001
MPA,toluene,stddft,-3.62e-08,5.99e-08,3.075,2.721,0.3540000000000001,0.0143,5.414000000000001
MPAc,gas,stda,3.3e-09,5.6e-08,4.266,3.737,0.5289999999999999,0.0935,7.982000000000001
MPAc,gas,stddft,3.61e-08,-4.6e-09,4.202,3.706,0.496,0.0791,7.982000000000001
MPAc,toluene,stda,4.16e-08,5.02e-08,4.251,3.762,0.4890000000000003,0.0893,7.944
MPAc,toluene,stddft,3.95e-08,1.156e-07,4.186,3.744,0.4419999999999997,0.0753,7.944
MPPA,gas,stda,-5e-10,-5.9e-09,2.806,2.449,0.3570000000000002,0.0195,4.420999999999999
MPPA,gas,stddft,3.41e-08,-3.4e-08,2.777,2.434,0.34299999999999997,0.0158,4.420999999999999
MPPA,toluene,stda,-2.08e-08,1.6e-08,2.617,2.229,0.3879999999999999,0.145,4.253
MPPA,toluene,stddft,-9.3e-09,3.81e-08,2.582,2.214,0.3679999999999999,0.108,4.253
Me-DMAC,gas,stda,1.63e-08,6.4e-09,3.598,3.427,0.17099999999999982,0.1839,5.8
Me-DMAC,gas,stddft,-4.4e-09,1.27e-08,3.589,3.395,0.19399999999999995,0.173,5.8
Me-DMAC,toluene,stda,-3.62e-08,-1.17e-08,3.616,3.396,0.2200000000000002,0.1429,5.692000000000001
Me-DMAC,toluene,stddft,-1.84e-08,4e-08,3.609,3.364,0.2450000000000001,0.1351,5.692000000000001
Me-DOC,gas,stda,8.56e-08,2.99e-08,3.522,2.959,0.5629999999999997,0.5253,6.004
Me-DOC,gas,stddft,1.07e-08,-2.41e-08,3.423,2.932,0.4910000000000001,0.3683,6.004
Me-DOC,toluene,stda,1.4e-08,-2.55e-08,3.518,2.941,0.577,0.4467,5.92
Me-DOC,toluene,stddft,1.342e-07,2.5e-09,3.414,2.913,0.5010000000000003,0.3151,5.92
Me-MOC,gas,stda,5.78e-08,3.5e-08,3.648,3.135,0.5130000000000003,0.4149,6.196
Me-MOC,gas,stddft,4.86e-08,-5.9e-08,3.563,3.11,0.4530000000000003,0.3081,6.196
Me-MOC,toluene,stda,-3.76e-08,8.85e-08,3.639,3.118,0.5209999999999999,0.3609,6.119999999999999
Me-MOC,toluene,stddft,-5e-09,1.42e-08,3.55,3.092,0.45799999999999974,0.2693,6.119999999999999
Me2ACBO,gas,stda,8.27e-08,3.21e-08,3.412,2.981,0.43100000000000005,0.4683,5.712000000000001
Me2ACBO,gas,stddft,-7.8e-09,4.86e-08,3.375,2.959,0.4159999999999999,0.4261,5.712000000000001
Me2ACBO,toluene,stda,-9.1e-09,-3.79e-08,3.528,3.11,0.41800000000000015,0.1893,5.737
Me2ACBO,toluene,stddft,2.8e-09,-3.36e-08,3.508,3.091,0.4169999999999998,0.1997,5.737
MeCZ-TRZ,gas,stda,-1.28e-08,-6.13e-08,3.937,3.501,0.43599999999999994,0.5121,6.481000000000001
MeCZ-TRZ,gas,stddft,-1.404e-07,-2.19e-08,3.885,3.479,0.4059999999999997,0.3426,6.481000000000001
MeCZ-TRZ,toluene,stda,1.73e-08,3.7e-09,3.957,3.509,0.44799999999999995,0.6052,6.516
MeCZ-TRZ,toluene,stddft,4.47e-08,-4.2e-08,3.907,3.486,0.4209999999999998,0.4847,6.516
MeOCzPCN,gas,stda,4.46e-08,3.85e-08,3.502,2.898,0.6039999999999996,0.5418,6.606999999999999
MeOCzPCN,gas,stddft,7.68e-08,-2.02e-08,3.447,2.876,0.5710000000000002,0.3451,6.606999999999999
MeOCzPCN,toluene,stda,-7.7e-08,2.68e-08,3.451,2.823,0.6280000000000001,0.0226,6.507999999999999
MeOCzPCN,toluene,stddft,-6.73e-08,-5.83e-08,3.388,2.8,0.5880000000000001,0.0184,6.507999999999999
N-B,gas,stda,2.2e-09,-3.87e-08,4.094,3.838,0.2560000000000002,0.1839,7.6209999999999996
N-B,gas,stddft,-1.79e-08,-9.1e-09,4.081,3.822,0.25900000000000034,0.1677,7.6209999999999996
N-B,toluene,stda,-2.2e-09,-6.62e-08,4.207,3.965,0.242,0.1722,7.674
N-B,toluene,stddft,-5.29e-08,1.22e-08,4.195,3.949,0.24600000000000044,0.1585,7.674
N-BPyIA,gas,stda,7.35e-08,5.04e-08,3.187,2.251,0.9359999999999999,0.733,5.98
N-BPyIA,gas,stddft,-7.32e-08,5.49e-08,3.022,2.181,0.8409999999999997,0.5195,5.98
N-BPyIA,toluene,stda,-5.9e-08,1.504e-07,3.212,2.254,0.9580000000000002,0.7437,6.215999999999999
N-BPyIA,toluene,stddft,-1.47e-08,8.58e-08,3.044,2.184,0.8599999999999999,0.5127,6.215999999999999
NA-TNA,gas,stda,3.16e-08,3.7e-09,3.141,2.477,0.6640000000000001,2.1993,5.130000000000001
NA-TNA,gas,stddft,-2.86e-08,9.7e-09,3.09,2.425,0.665,1.9267,5.130000000000001
NA-TNA,toluene,stda,7.05e-08,-2.29e-08,3.006,2.336,0.6699999999999999,2.3925,4.882999999999999
NA-TNA,toluene,stddft,-1.168e-07,-5.83e-08,2.952,2.283,0.669,2.0828,4.882999999999999
NAI–BiFA,gas,stda,2.04e-08,-6.16e-08,2.61,2.058,0.552,0.7525,5.615
NAI–BiFA,gas,stddft,-2.22e-08,-2e-08,2.546,2.023,0.5229999999999997,0.6352,5.615
NAI–BiFA,toluene,stda,-1.102e-07,-5.9e-09,2.545,1.926,0.619,0.7547,5.533999999999999
NAI–BiFA,toluene,stddft,1.13e-08,-8.45e-08,2.468,1.885,0.583,0.6167,5.533999999999999
NAI–PhBiFA,gas,stda,-4.18e-08,3.99e-08,3.299,2.738,0.5609999999999999,1.3782,5.284000000000001
NAI–PhBiFA,gas,stddft,8.9e-08,-1.133e-07,3.266,2.696,0.5699999999999998,1.263,5.284000000000001
NAI–PhBiFA,toluene,stda,3.3e-09,-9.85e-08,3.064,2.589,0.4750000000000001,1.2389,5.035
NAI–PhBiFA,toluene,stddft,3.68e-08,-1.62e-08,3.033,2.551,0.48199999999999976,1.1369,5.035
NAQ3,gas,stda,-4.17e-08,-7.4e-09,2.539,2.138,0.40100000000000025,0.4894,5.282
NAQ3,gas,stddft,-1.52e-08,3.13e-08,2.498,2.117,0.3810000000000002,0.423,5.282
NAQ3,toluene,stda,-4.35e-08,4.24e-08,2.516,2.118,0.39800000000000013,0.4704,5.258000000000001
NAQ3,toluene,stddft,3.66e-08,-3.35e-08,2.476,2.097,0.379,0.4044,5.258000000000001
NDN,gas,stda,4.24e-08,3.99e-08,3.837,3.445,0.39200000000000035,0.0479,7.202000000000001
NDN,gas,stddft,-7.27e-08,-6.64e-08,3.771,3.427,0.34399999999999986,0.0377,7.202000000000001
NDN,toluene,stda,-7.86e-08,1.096e-07,3.829,3.429,0.40000000000000036,0.0345,7.235
NDN,toluene,stddft,3.79e-08,6e-10,3.763,3.409,0.3540000000000001,0.0259,7.235
NIDPA-1,gas,stda,4.38e-08,1.572e-07,2.935,2.452,0.4830000000000001,0.1953,5.858
NIDPA-1,gas,stddft,-1.61e-08,-2.02e-07,2.863,2.422,0.44099999999999984,0.1535,5.858
NIDPA-1,toluene,stda,-4.03e-08,-5.76e-08,2.932,2.443,0.4889999999999999,0.1948,5.858999999999999
NIDPA-1,toluene,stddft,5.22e-08,6.71e-08,2.859,2.412,0.44700000000000006,0.1535,5.858999999999999
NIDPA-2,gas,stda,-1.2e-09,8e-08,3.01,2.584,0.4259999999999997,0.3584,5.836999999999999
NIDPA-2,gas,stddft,-1.229e-07,-1.037e-07,2.941,2.564,0.3769999999999998,0.2932,5.836999999999999
NIDPA-2,toluene,stda,2.91e-08,-1.3e-08,3.014,2.58,0.4339999999999997,0.3726,5.816999999999999
NIDPA-2,toluene,stddft,-7e-10,-5.47e-08,2.944,2.559,0.3849999999999998,0.3033,5.816999999999999
NPE-AcDPS,gas,stda,2.25e-08,5.43e-08,4.023,3.421,0.6019999999999999,0.0914,7.356
NPE-AcDPS,gas,stddft,-7.71e-08,1.48e-08,3.98,3.39,0.5899999999999999,0.0662,7.356
NPE-AcDPS,toluene,stda,-5e-09,-7.64e-08,3.859,3.402,0.45699999999999985,0.4285,7.345999999999999
NPE-AcDPS,toluene,stddft,-3.76e-08,5.85e-08,3.824,3.37,0.45399999999999974,0.3455,7.345999999999999
Na-DMAC,gas,stda,9.4e-09,-5.04e-08,3.564,3.117,0.44700000000000006,0.1411,5.332000000000001
Na-DMAC,gas,stddft,-2.1e-08,3.68e-08,3.561,3.072,0.4889999999999999,0.1389,5.332000000000001
Na-DMAC,toluene,stda,-5.6e-09,-6.02e-08,3.538,3.102,0.43599999999999994,0.3098,5.244
Na-DMAC,toluene,stddft,-1.89e-08,2.26e-08,3.532,3.058,0.4740000000000002,0.3,5.244
NyDPAc,gas,stda,-1.6e-08,-1.039e-07,3.717,3.356,0.3610000000000002,0.0347,5.718
NyDPAc,gas,stddft,-6.7e-09,-5.14e-08,3.715,3.323,0.3919999999999999,0.057,5.718
NyDPAc,toluene,stda,-1.11e-08,8.1e-09,3.695,3.336,0.359,0.0387,5.666999999999999
NyDPAc,toluene,stddft,9.2e-09,-3.6e-09,3.693,3.303,0.3900000000000001,0.0621,5.666999999999999
NyDPO,gas,stda,1.07e-08,7.3e-08,3.179,2.874,0.3049999999999997,1.0715,5.052
NyDPO,gas,stddft,-9.1e-09,-5.86e-08,3.168,2.843,0.3250000000000002,1.0171,5.052
NyDPO,toluene,stda,1.61e-08,-7.96e-08,3.227,2.859,0.3679999999999999,0.9584,5.097999999999999
NyDPO,toluene,stddft,5.01e-08,-1.37e-08,3.21,2.828,0.3820000000000001,0.0291,5.097999999999999
OCzBN,gas,stda,-9.8e-08,1.52e-08,3.65,3.16,0.48999999999999977,0.603,6.746999999999999
OCzBN,gas,stddft,-5.1e-08,-1.72e-08,3.589,3.135,0.4540000000000002,0.4847,6.746999999999999
OCzBN,toluene,stda,8.6e-09,9.09e-08,3.72,3.123,0.597,0.3414,6.746
OCzBN,toluene,stddft,4.4e-08,1.37e-08,3.672,3.097,0.5750000000000002,0.2066,6.746
OPDPO,gas,stda,-7.7e-09,2.38e-08,2.804,2.487,0.3169999999999997,0.0188,5.417
OPDPO,gas,stddft,-9e-09,7.23e-08,2.797,2.447,0.3500000000000001,0.0173,5.417
OPDPO,toluene,stda,1.09e-08,-7e-09,2.23,2.101,0.129,0.0535,5.324000000000001
OPDPO,toluene,stddft,3.42e-08,3.1e-09,2.221,2.099,0.12199999999999989,0.0488,5.324000000000001
OXD-7,gas,stda,5e-08,-4.63e-08,4.277,3.492,0.7850000000000001,2.0079,7.587
OXD-7,gas,stddft,-2.17e-08,-5.61e-08,4.239,3.45,0.7889999999999997,1.7782,7.587
OXD-7,toluene,stda,-9.4e-09,-4.54e-08,4.242,3.41,0.8319999999999999,2.0634,7.488
OXD-7,toluene,stddft,-3.91e-08,1.242e-07,4.203,3.367,0.8360000000000003,1.8307,7.488
Oxd-bCZ,gas,stda,4.8e-09,-5.86e-08,3.882,3.456,0.42600000000000016,1.8672,6.399
Oxd-bCZ,gas,stddft,-2.37e-08,-8.08e-08,3.835,3.424,0.41100000000000003,1.3426,6.399
Oxd-bCZ,toluene,stda,7.57e-08,-9.88e-08,3.856,3.379,0.47699999999999987,2.2101,6.299
Oxd-bCZ,toluene,stddft,-9.8e-09,8.21e-08,3.813,3.345,0.46799999999999997,1.6381,6.299
P3C,gas,stda,-9.07e-08,2.81e-08,3.503,2.596,0.907,1.5378,6.197000000000001
P3C,gas,stddft,1.229e-07,4.55e-08,3.416,2.529,0.887,1.268,6.197000000000001
P3C,toluene,stda,-7.07e-08,1.67e-08,3.496,2.598,0.8980000000000001,1.1131,6.198
P3C,toluene,stddft,-3.64e-08,-3.18e-08,3.411,2.532,0.879,0.953,6.198
P4CzCN–BCz,gas,stda,-1.611e-07,-1.1e-09,4.625,3.758,0.867,0.0015,7.943999999999999
P4CzCN–BCz,gas,stddft,3.19e-08,-2.78e-08,4.6,3.705,0.8949999999999996,0.0016,7.943999999999999
P4CzCN–BCz,toluene,stda,1.01e-08,-2.8e-09,4.623,3.751,0.8720000000000003,0.0015,7.978
P4CzCN–BCz,toluene,stddft,-5.67e-08,-1.83e-08,4.597,3.698,0.8990000000000005,0.0016,7.978
PAB,gas,stda,-2.67e-08,-1.81e-08,3.164,2.712,0.45199999999999996,0.3898,6.482999999999999
PAB,gas,stddft,3.18e-08,-8.17e-08,3.089,2.69,0.399,0.3159,6.482999999999999
PAB,toluene,stda,2.7e-09,6.02e-08,3.138,2.688,0.44999999999999973,0.3724,6.452999999999999
PAB,toluene,stddft,3.6e-08,4.05e-08,3.064,2.666,0.39800000000000013,0.301,6.452999999999999
PABP,gas,stda,-2.39e-07,1.293e-07,3.313,2.251,1.0620000000000003,1.0488,6.3839999999999995
PABP,gas,stddft,-5.96e-08,-7.38e-08,3.154,2.182,0.972,0.7238,6.3839999999999995
PABP,toluene,stda,-1.37e-08,-3.95e-08,3.201,2.254,0.9470000000000001,0.9726,6.3919999999999995
PABP,toluene,stddft,2.07e-08,5.87e-08,3.032,2.185,0.847,0.7012,6.3919999999999995
PBICT,gas,stda,-9.17e-08,-1.68e-08,3.519,3.113,0.40600000000000014,0.3771,6.406000000000001
PBICT,gas,stddft,-2.8e-09,2.5e-08,3.463,3.089,0.3740000000000001,0.3228,6.406000000000001
PBICT,toluene,stda,-2.63e-08,4.89e-08,3.589,3.092,0.4969999999999999,0.53,6.639
PBICT,toluene,stddft,-2.16e-08,-2.55e-08,3.528,3.068,0.45999999999999996,0.4284,6.639
PBTPA,gas,stda,1.4e-09,-4.91e-08,3.038,2.554,0.484,1.3829,5.561999999999999
PBTPA,gas,stddft,-3.91e-08,-6.41e-08,3.004,2.511,0.4929999999999999,1.2356,5.561999999999999
PBTPA,toluene,stda,-1.07e-08,-1.241e-07,2.974,2.499,0.4750000000000001,1.362,5.444999999999999
PBTPA,toluene,stddft,-2e-09,-6.7e-08,2.938,2.457,0.4810000000000003,1.2086,5.444999999999999
PCBP,gas,stda,-5.23e-08,-1.027e-07,3.871,3.414,0.45699999999999985,0.3973,6.4239999999999995
PCBP,gas,stddft,-2.77e-08,3.33e-08,3.804,3.39,0.4139999999999997,0.3143,6.4239999999999995
PCBP,toluene,stda,-4.3e-09,3.98e-08,3.495,3.401,0.0940000000000003,0.001,6.3469999999999995
PCBP,toluene,stddft,4.95e-08,-1.6e-08,3.494,3.377,0.11700000000000044,0.0009,6.3469999999999995
PCDMB,gas,stda,4.64e-08,-7.2e-09,3.043,2.681,0.3620000000000001,0.0154,5.0809999999999995
PCDMB,gas,stddft,-1.133e-07,2.96e-08,3.005,2.649,0.35599999999999987,0.013,5.0809999999999995
PCDMB,toluene,stda,-1.35e-08,-3.75e-08,3.031,2.668,0.363,0.0171,5.281
PCDMB,toluene,stddft,-8.88e-08,2.35e-08,2.994,2.636,0.3580000000000001,0.0145,5.281
PCTXO,gas,stda,4.63e-08,-5.28e-08,3.598,3.263,0.33499999999999996,0.0004,5.734
PCTXO,gas,stddft,-4.6e-08,-8.98e-08,3.597,3.238,0.359,0.0005,5.734
PCTXO,toluene,stda,4.85e-08,6.53e-08,3.602,3.229,0.3729999999999998,0.0006,5.504999999999999
PCTXO,toluene,stddft,3.65e-08,-6.79e-08,3.601,3.204,0.3969999999999998,0.0007,5.504999999999999
PDA-DP,gas,stda,-2.18e-08,-2.82e-08,3.84,3.297,0.5429999999999997,1.9016,6.914
PDA-DP,gas,stddft,5.8e-08,3.96e-08,3.81,3.268,0.5420000000000003,1.7042,6.914
PDA-DP,toluene,stda,8.4e-09,-7.96e-08,3.776,3.26,0.516,1.4518,6.743
PDA-DP,toluene,stddft,2.44e-08,1.265e-07,3.747,3.233,0.5139999999999998,1.3554,6.743
PFBP-2a,gas,stda,-1.35e-08,2.92e-08,3.423,3.159,0.26400000000000023,0.3056,6.245000000000001
PFBP-2a,gas,stddft,4.8e-09,-1.32e-08,3.406,3.147,0.25900000000000034,0.2808,6.245000000000001
PFBP-2a,toluene,stda,-3.13e-08,1.87e-08,3.225,2.931,0.29400000000000004,0.3451,6.047
PFBP-2a,toluene,stddft,-3.68e-08,-5.88e-08,3.205,2.919,0.28600000000000003,0.3132,6.047
PFBP-2b,gas,stda,-3.25e-08,1.45e-08,3.503,3.222,0.28100000000000014,0.6351,6.236000000000001
PFBP-2b,gas,stddft,1.25e-08,-3.4e-09,3.494,3.213,0.28100000000000014,0.6018,6.236000000000001
PFBP-2b,toluene,stda,4.9e-09,-1.05e-08,3.281,2.938,0.34299999999999997,0.0,6.0280000000000005
PFBP-2b,toluene,stddft,2.2e-09,3.93e-08,3.255,2.929,0.32600000000000007,0.0,6.0280000000000005
PIAnTPh,gas,stda,9.63e-08,-1.601e-07,3.256,2.238,1.0179999999999998,0.8617,6.2749999999999995
PIAnTPh,gas,stddft,-1.05e-08,5.7e-08,3.106,2.168,0.9379999999999997,0.615,6.2749999999999995
PIAnTPh,toluene,stda,-1.72e-08,3.09e-08,3.252,2.245,1.0069999999999997,0.8325,6.306000000000001
PIAnTPh,toluene,stddft,3.83e-08,-6.15e-08,3.102,2.175,0.927,0.5958,6.306000000000001
PICFOCz,gas,stda,3.07e-08,-3.03e-08,3.816,3.351,0.46499999999999986,0.1529,7.03
PICFOCz,gas,stddft,-1.032e-07,3.97e-08,3.743,3.32,0.42300000000000004,0.0776,7.03
PICFOCz,toluene,stda,4.99e-08,1.012e-07,3.783,3.361,0.4219999999999997,0.2137,7.029999999999999
PICFOCz,toluene,stddft,-5.53e-08,7.94e-08,3.712,3.33,0.3820000000000001,0.0956,7.029999999999999
PICNAnCz,gas,stda,-4.49e-08,3.42e-08,3.855,3.428,0.42700000000000005,0.2342,6.984999999999999
PICNAnCz,gas,stddft,2.31e-08,-7.9e-09,3.812,3.398,0.4139999999999997,0.2208,6.984999999999999
PICNAnCz,toluene,stda,-5.38e-08,1.52e-08,3.837,3.437,0.40000000000000036,0.2144,7.015999999999999
PICNAnCz,toluene,stddft,5.4e-09,-6.9e-09,3.793,3.406,0.387,0.2019,7.015999999999999
PID-3,gas,stda,-1.3e-08,-1.02e-08,3.361,2.481,0.8800000000000003,1.7688,6.387999999999999
PID-3,gas,stddft,-2.1e-09,3.96e-08,3.271,2.422,0.8489999999999998,1.4124,6.387999999999999
PID-3,toluene,stda,8.35e-08,2.58e-08,3.362,2.487,0.875,1.7615,6.391
PID-3,toluene,stddft,6e-10,5.57e-08,3.274,2.427,0.847,1.4142,6.391
PLQYs,gas,stda,-3.05e-08,-1.165e-07,3.336,2.807,0.5289999999999999,0.0278,6.083
PLQYs,gas,stddft,1.31e-08,-5.46e-08,3.294,2.735,0.5590000000000002,0.0237,6.083
PLQYs,toluene,stda,-4.09e-08,6.08e-08,3.334,2.803,0.5310000000000001,0.0305,6.092
PLQYs,toluene,stddft,2.3e-08,1.74e-08,3.29,2.732,0.5579999999999998,0.026,6.092
PO-ABN,gas,stda,-6.72e-08,4.46e-08,3.202,2.251,0.9510000000000001,0.6435,6.350999999999999
PO-ABN,gas,stddft,-3.15e-08,9.54e-08,3.044,2.182,0.8620000000000001,0.4502,6.350999999999999
PO-ABN,toluene,stda,1.077e-07,-1.362e-07,3.203,2.25,0.9529999999999998,0.6929,6.366
PO-ABN,toluene,stddft,1.236e-07,7.56e-08,3.043,2.18,0.863,0.4717,6.366
PO-TPA,gas,stda,3.82e-08,-2.53e-08,2.1,1.499,0.601,0.5823,4.171999999999999
PO-TPA,gas,stddft,4.32e-08,-1.47e-08,2.021,1.453,0.5679999999999998,0.4503,4.171999999999999
PO-TPA,toluene,stda,-4.07e-08,-4.89e-08,1.984,1.295,0.6890000000000001,0.8294,3.9719999999999995
PO-TPA,toluene,stddft,-3.57e-08,1.1e-08,1.874,1.244,0.6300000000000001,0.6084,3.9719999999999995
POBBPE,gas,stda,-1.76e-08,8.23e-08,4.906,4.463,0.4429999999999996,0.0193,8.982
POBBPE,gas,stddft,1.116e-07,-8.97e-08,4.858,4.444,0.4139999999999997,0.018,8.982
POBBPE,toluene,stda,2.37e-08,-9e-09,4.796,4.415,0.3810000000000002,0.023,8.827
POBBPE,toluene,stddft,1.42e-08,6.96e-08,4.746,4.396,0.35000000000000053,0.0205,8.827
POZDBPHZ,gas,stda,8.6e-09,-4.15e-08,3.041,2.876,0.16500000000000004,0.4573,4.808
POZDBPHZ,gas,stddft,6.4e-09,4.65e-08,3.029,2.849,0.17999999999999972,0.4297,4.808
POZDBPHZ,toluene,stda,2.72e-08,-9.41e-08,3.076,2.88,0.19600000000000017,0.4488,4.843999999999999
POZDBPHZ,toluene,stddft,5.18e-08,1.4e-09,3.064,2.85,0.21399999999999997,0.422,4.843999999999999
PPI,gas,stda,2.05e-08,-6e-10,3.807,3.413,0.39400000000000013,0.2242,7.361000000000001
PPI,gas,stddft,-2.13e-08,1.114e-07,3.763,3.383,0.3799999999999999,0.2089,7.361000000000001
PPI,toluene,stda,-4.75e-08,5.19e-08,3.784,3.411,0.3729999999999998,0.1971,7.3709999999999996
PPI,toluene,stddft,7.22e-08,3.77e-08,3.739,3.381,0.3580000000000001,0.1836,7.3709999999999996
PPI-An-NPIM,gas,stda,8.48e-08,-1.389e-07,3.31,2.283,1.0270000000000001,0.8741,6.177
PPI-An-NPIM,gas,stddft,4.9e-08,4.72e-08,3.16,2.216,0.944,0.6196,6.177
PPI-An-NPIM,toluene,stda,4.4e-08,-3.59e-08,3.318,2.258,1.06,0.8978,6.273999999999999
PPI-An-NPIM,toluene,stddft,-6.46e-08,-1.169e-07,3.171,2.189,0.9819999999999998,0.648,6.273999999999999
PPI-PIM-1,gas,stda,-4.17e-08,-4.53e-08,3.87,3.445,0.42500000000000027,0.8539,6.793
PPI-PIM-1,gas,stddft,-2.89e-08,-1.756e-07,3.833,3.417,0.41600000000000037,0.7458,6.793
PPI-PIM-1,toluene,stda,-2.1e-08,4.51e-08,3.845,3.454,0.391,0.5621,6.86
PPI-PIM-1,toluene,stddft,5.66e-08,4.02e-08,3.807,3.426,0.3809999999999998,0.4978,6.86
PPI-PIM-2,gas,stda,-8.66e-08,-1.13e-08,3.846,3.405,0.4410000000000003,0.7036,6.802
PPI-PIM-2,gas,stddft,1.2e-08,-8e-09,3.806,3.378,0.42799999999999994,0.6238,6.802
PPI-PIM-2,toluene,stda,1.39e-08,-1.42e-08,3.829,3.419,0.41000000000000014,0.4988,6.941
PPI-PIM-2,toluene,stddft,-1.125e-07,1.325e-07,3.789,3.391,0.39800000000000013,0.4499,6.941
PPINCN,gas,stda,1.045e-07,-5.9e-09,3.404,2.702,0.702,0.1784,6.3100000000000005
PPINCN,gas,stddft,2.68e-08,7.94e-08,3.38,2.636,0.7439999999999998,0.198,6.3100000000000005
PPINCN,toluene,stda,-5.6e-08,-7.9e-09,3.597,2.721,0.8759999999999999,0.8727,6.2250000000000005
PPINCN,toluene,stddft,1.42e-08,-3.89e-08,3.537,2.655,0.8820000000000001,0.7968,6.2250000000000005
PPINCN-Cz,gas,stda,-1.162e-07,1.195e-07,3.727,2.771,0.956,1.1702,5.9990000000000006
PPINCN-Cz,gas,stddft,-7.01e-08,-7.36e-08,3.664,2.706,0.9580000000000002,1.0617,5.9990000000000006
PPINCN-Cz,toluene,stda,1.29e-08,-7.83e-08,3.588,2.798,0.79,0.2477,6.082
PPINCN-Cz,toluene,stddft,5.48e-08,1.61e-08,3.565,2.735,0.8300000000000001,0.286,6.082
PPO21,gas,stda,-6.1e-09,5.45e-08,3.827,3.398,0.4289999999999998,0.2143,7.588000000000001
PPO21,gas,stddft,-5.81e-08,3.78e-08,3.754,3.375,0.379,0.1816,7.588000000000001
PPO21,toluene,stda,7.3e-08,-7.22e-08,3.816,3.389,0.42700000000000005,0.1879,7.585
PPO21,toluene,stddft,2.14e-08,-1.65e-08,3.744,3.366,0.3780000000000001,0.1605,7.585
PPZPPI,gas,stda,-1.269e-07,-1.019e-07,2.524,2.287,0.2370000000000001,0.0001,5.436999999999999
PPZPPI,gas,stddft,1.89e-07,1.532e-07,2.494,2.256,0.23800000000000043,0.0001,5.436999999999999
PPZPPI,toluene,stda,-6.5e-08,1.99e-08,2.497,2.264,0.2330000000000001,0.0001,5.3469999999999995
PPZPPI,toluene,stddft,1.34e-08,-7.32e-08,2.466,2.233,0.2330000000000001,0.0001,5.3469999999999995
PPZTPI,gas,stda,1.227e-07,5.75e-08,2.53,2.292,0.238,0.0001,5.476
PPZTPI,gas,stddft,4.26e-08,7.7e-09,2.501,2.262,0.23899999999999988,0.0001,5.476
PPZTPI,toluene,stda,6.66e-08,-9.2e-09,2.494,2.262,0.2320000000000002,0.0001,5.351
PPZTPI,toluene,stddft,-1.272e-07,-1.66e-08,2.463,2.232,0.23099999999999987,0.0001,5.351
PS-BZ-DMAC,gas,stda,-8.34e-08,-2.84e-08,3.496,2.753,0.7429999999999999,1.1504,6.529999999999999
PS-BZ-DMAC,gas,stddft,3.47e-08,-7.5e-09,3.419,2.718,0.7010000000000001,0.98,6.529999999999999
PS-BZ-DMAC,toluene,stda,1.97e-08,7.32e-08,3.389,2.607,0.7819999999999996,1.1558,6.294
PS-BZ-DMAC,toluene,stddft,3.91e-08,3.82e-08,3.304,2.569,0.7349999999999999,0.9703,6.294
PSBC,gas,stda,7.49e-08,1.49e-08,3.864,3.482,0.3819999999999997,0.0044,6.732000000000001
PSBC,gas,stddft,-3.6e-09,3e-10,3.81,3.46,0.3500000000000001,0.0257,6.732000000000001
PSBC,toluene,stda,2.76e-08,-7.8e-09,3.792,3.414,0.37799999999999967,0.0164,6.414000000000001
PSBC,toluene,stddft,5.02e-08,-1.2e-08,3.744,3.392,0.3520000000000003,0.0007,6.414000000000001
PSPBP,gas,stda,-8.42e-08,8.71e-08,3.224,2.851,0.3730000000000002,0.0206,6.465000000000001
PSPBP,gas,stddft,-1.68e-08,1.6e-09,3.188,2.821,0.367,0.0172,6.465000000000001
PSPBP,toluene,stda,3.43e-08,-3.41e-08,3.315,2.93,0.3849999999999998,0.0149,6.476000000000001
PSPBP,toluene,stddft,5.51e-08,6.6e-08,3.279,2.899,0.3799999999999999,0.0114,6.476000000000001
PSPCz,gas,stda,-5.26e-08,-8.33e-08,3.85,3.399,0.45100000000000007,0.1884,7.595999999999999
PSPCz,gas,stddft,-5.83e-08,4.89e-08,3.777,3.376,0.40100000000000025,0.1587,7.595999999999999
PSPCz,toluene,stda,4.18e-08,-1.163e-07,3.863,3.412,0.45100000000000007,0.2183,7.607000000000001
PSPCz,toluene,stddft,5.55e-08,-2.34e-08,3.792,3.389,0.403,0.1846,7.607000000000001
PSPP,gas,stda,-4.43e-08,-3.98e-08,3.114,2.75,0.3639999999999999,0.0146,6.642
PSPP,gas,stddft,-5.39e-08,-4.89e-08,3.073,2.718,0.355,0.0123,6.642
PSPP,toluene,stda,7.18e-08,-2.67e-08,3.161,2.792,0.3690000000000002,0.0135,6.523000000000001
PSPP,toluene,stddft,-8.7e-08,-3.01e-08,3.12,2.76,0.3600000000000003,0.0114,6.523000000000001
PSPSF,gas,stda,1.8e-09,-5.98e-08,4.436,3.699,0.7370000000000001,1.2181,7.781000000000001
PSPSF,gas,stddft,4.95e-08,-9.31e-08,4.381,3.662,0.7190000000000003,1.0836,7.781000000000001
PSPSF,toluene,stda,-5.77e-08,-1.337e-07,4.419,3.691,0.7279999999999998,1.1932,7.732
PSPSF,toluene,stddft,-4e-09,4.48e-08,4.366,3.654,0.7119999999999997,1.0638,7.732
PT-BZ-DMAC,gas,stda,-8.4e-09,-7.08e-08,3.51,3.4,0.10999999999999988,0.1307,5.864999999999999
PT-BZ-DMAC,gas,stddft,1.6e-09,1.75e-08,3.505,3.368,0.137,0.1255,5.864999999999999
PT-BZ-DMAC,toluene,stda,-6.3e-09,-1.348e-07,3.469,3.384,0.08499999999999996,0.1303,5.787
PT-BZ-DMAC,toluene,stddft,-8e-10,-3.63e-08,3.464,3.36,0.10400000000000009,0.1248,5.787
PTPC,gas,stda,-2.63e-08,-7.41e-08,3.864,3.491,0.3729999999999998,0.4734,6.784000000000001
PTPC,gas,stddft,1.081e-07,1.482e-07,3.827,3.465,0.3620000000000001,0.4387,6.784000000000001
PTPC,toluene,stda,-5.48e-08,-3.35e-08,3.832,3.49,0.34199999999999964,0.3457,6.7860000000000005
PTPC,toluene,stddft,-6.07e-08,2.98e-08,3.794,3.462,0.33199999999999985,0.3157,6.7860000000000005
PTZ-2PTO,gas,stda,-1.38e-08,-1.052e-07,3.178,2.833,0.34499999999999975,0.0328,6.813
PTZ-2PTO,gas,stddft,8.93e-08,-1.88e-08,3.138,2.804,0.3340000000000001,0.0274,6.813
PTZ-2PTO,toluene,stda,8.3e-09,-2.9e-09,3.825,3.433,0.39200000000000035,0.4611,7.43
PTZ-2PTO,toluene,stddft,-1e-07,-4.23e-08,3.794,3.405,0.38900000000000023,0.4076,7.43
PTZ-DBTO2,gas,stda,3.58e-08,-1.87e-08,3.505,3.024,0.48099999999999987,0.0488,6.7
PTZ-DBTO2,gas,stddft,-1.29e-08,-1.044e-07,3.438,3.004,0.43400000000000016,0.0382,6.7
PTZ-DBTO2,toluene,stda,-6.16e-08,5.41e-08,3.375,2.894,0.48099999999999987,0.0472,6.502999999999999
PTZ-DBTO2,toluene,stddft,-3.65e-08,1.8e-08,3.307,2.875,0.43199999999999994,0.0365,6.502999999999999
PTZ-DCPP,gas,stda,5.13e-08,6.03e-08,3.106,2.579,0.5269999999999997,0.3827,5.770999999999999
PTZ-DCPP,gas,stddft,-1.4e-09,-8.07e-08,3.052,2.552,0.5,0.357,5.770999999999999
PTZ-DCPP,toluene,stda,1.27e-07,4.44e-08,2.905,2.353,0.5519999999999996,0.3254,5.486000000000001
PTZ-DCPP,toluene,stddft,-6.05e-08,-2.75e-08,2.851,2.321,0.5299999999999998,0.3169,5.486000000000001
PTZ-NAI,gas,stda,-2.1e-09,1.1e-09,2.135,2.135,0.0,0.0001,4.652999999999999
PTZ-NAI,gas,stddft,1e-10,-1.2e-09,2.134,2.133,0.0009999999999998899,0.0001,4.652999999999999
PTZ-NAI,toluene,stda,-1.91e-08,-4.7e-09,2.028,1.878,0.15000000000000013,0.1153,4.611000000000001
PTZ-NAI,toluene,stddft,-1.23e-08,2.15e-08,2.014,1.87,0.14399999999999968,0.1047,4.611000000000001
PTZ-mPYR,gas,stda,8.1e-09,6.34e-08,3.174,2.807,0.367,0.0624,5.5649999999999995
PTZ-mPYR,gas,stddft,-9.8e-09,-7.79e-08,3.135,2.778,0.35699999999999976,0.0517,5.5649999999999995
PTZ-mPYR,toluene,stda,9e-09,2.74e-08,3.157,2.794,0.363,0.0514,5.675
PTZ-mPYR,toluene,stddft,-7.1e-08,-4.54e-08,3.116,2.765,0.351,0.0435,5.675
PTZTPE-2,gas,stda,-2.1e-08,1.49e-07,3.873,3.07,0.8030000000000004,0.7007,7.211
PTZTPE-2,gas,stddft,-3.54e-08,3.08e-08,3.81,3.033,0.7770000000000001,0.5793,7.211
PTZTPE-2,toluene,stda,4.63e-08,2.42e-08,3.894,3.091,0.8029999999999999,0.707,7.23
PTZTPE-2,toluene,stddft,-2.39e-08,6.94e-08,3.831,3.055,0.7759999999999998,0.5858,7.23
PTZ–TAZ,gas,stda,-8.7e-09,-1.03e-08,3.099,2.817,0.28200000000000003,0.8605,5.476999999999999
PTZ–TAZ,gas,stddft,2.46e-08,2.63e-08,3.087,2.807,0.28000000000000025,0.8049,5.476999999999999
PTZ–TAZ,toluene,stda,2.5e-09,-1.8e-09,3.1,2.825,0.2749999999999999,0.893,5.455
PTZ–TAZ,toluene,stddft,3.1e-09,-2.2e-08,3.088,2.816,0.27200000000000024,0.8365,5.455
PX-TRZ,gas,stda,-2.9e-08,-2.19e-08,4.174,3.731,0.4430000000000005,0.0312,7.189
PX-TRZ,gas,stddft,-1.07e-08,-4.2e-08,4.125,3.7,0.4249999999999998,0.0135,7.189
PX-TRZ,toluene,stda,-8.47e-08,2.15e-08,4.176,3.704,0.472,0.068,7.097999999999999
PX-TRZ,toluene,stddft,-1.192e-07,-4.36e-08,4.134,3.67,0.4640000000000004,0.0154,7.097999999999999
PXZ-10-DPPZ,gas,stda,2.17e-08,1.3e-09,2.091,1.919,0.17200000000000015,0.0911,4.8469999999999995
PXZ-10-DPPZ,gas,stddft,2.48e-08,-6.09e-08,2.073,1.909,0.16399999999999992,0.079,4.8469999999999995
PXZ-10-DPPZ,toluene,stda,2.42e-08,-1.31e-08,2.188,2.033,0.15500000000000025,0.086,4.897
PXZ-10-DPPZ,toluene,stddft,-1.53e-08,3.24e-08,2.173,2.024,0.14900000000000002,0.0755,4.897
PXZ-11-DPPZ,gas,stda,-2.7e-08,-3.6e-09,2.406,2.175,0.23100000000000032,0.2596,4.865
PXZ-11-DPPZ,gas,stddft,2.02e-08,3.33e-08,2.383,2.163,0.2200000000000002,0.2294,4.865
PXZ-11-DPPZ,toluene,stda,-2.81e-08,-3.93e-08,2.451,2.227,0.2240000000000002,0.2495,4.893000000000001
PXZ-11-DPPZ,toluene,stddft,5e-09,-3.39e-08,2.428,2.215,0.21300000000000008,0.2215,4.893000000000001
PXZ-BOO,gas,stda,-6.15e-08,-5.1e-09,2.993,2.713,0.2799999999999998,0.2545,5.951999999999999
PXZ-BOO,gas,stddft,-2.7e-08,9.1e-09,2.967,2.702,0.2650000000000001,0.2216,5.951999999999999
PXZ-BOO,toluene,stda,4.26e-08,-1.2e-09,2.925,2.626,0.29899999999999993,0.273,5.881000000000001
PXZ-BOO,toluene,stddft,1.52e-08,-2.1e-08,2.897,2.614,0.2829999999999999,0.2356,5.881000000000001
PXZ-NAI,gas,stda,-3.38e-08,2.58e-08,1.927,1.667,0.26,0.194,4.816000000000001
PXZ-NAI,gas,stddft,-5.14e-08,2.64e-08,1.899,1.654,0.2450000000000001,0.1666,4.816000000000001
PXZ-NAI,toluene,stda,2.81e-08,2.88e-08,1.834,1.525,0.30900000000000016,0.223,4.726000000000001
PXZ-NAI,toluene,stddft,2e-08,-1.79e-08,1.798,1.509,0.28900000000000015,0.1856,4.726000000000001
PXZ-ND,gas,stda,2.73e-08,-1.43e-08,2.982,2.558,0.4240000000000004,0.8906,6.077999999999999
PXZ-ND,gas,stddft,5.6e-08,8.38e-08,2.937,2.534,0.403,0.7587,6.077999999999999
PXZ-ND,toluene,stda,8.9e-09,-1.37e-08,3.025,2.592,0.43299999999999983,0.8827,6.143
PXZ-ND,toluene,stddft,1.69e-08,-2.45e-08,2.978,2.568,0.41000000000000014,0.7509,6.143
PXZ-OXD,gas,stda,5e-10,-3.19e-08,3.111,2.762,0.3490000000000002,0.4386,5.559
PXZ-OXD,gas,stddft,-7.27e-08,-5.17e-08,3.085,2.731,0.3540000000000001,0.0164,5.559
PXZ-OXD,toluene,stda,-4.1e-09,-1.66e-08,3.096,2.777,0.31899999999999995,0.4346,5.489999999999999
PXZ-OXD,toluene,stddft,-4.68e-08,2.5e-09,3.078,2.746,0.33199999999999985,0.3938,5.489999999999999
PXZ-PPO,gas,stda,-4.13e-08,1.47e-08,3.547,2.919,0.6280000000000001,0.6101,6.777
PXZ-PPO,gas,stddft,-4.22e-08,-1.98e-08,3.485,2.892,0.593,0.5298,6.777
PXZ-PPO,toluene,stda,6.64e-08,-9.66e-08,3.577,2.901,0.6760000000000002,0.1438,6.77
PXZ-PPO,toluene,stddft,-2.4e-08,-5.93e-08,3.522,2.872,0.6499999999999999,0.5471,6.77
PXZ-QL,gas,stda,7.36e-08,2.45e-08,3.139,2.696,0.4429999999999996,0.3339,6.238
PXZ-QL,gas,stddft,1.34e-08,2.36e-08,3.085,2.676,0.4089999999999998,0.2769,6.238
PXZ-QL,toluene,stda,-3.46e-08,-1.59e-08,3.173,2.726,0.44700000000000006,0.3234,6.294
PXZ-QL,toluene,stddft,-9.7e-09,-3.02e-08,3.118,2.705,0.4129999999999998,0.2682,6.294
PXZ2PTO,gas,stda,-9.43e-08,9.32e-08,3.098,2.734,0.3639999999999999,0.0147,6.882000000000001
PXZ2PTO,gas,stddft,-1.22e-08,-1.35e-08,3.059,2.702,0.3570000000000002,0.0124,6.882000000000001
PXZ2PTO,toluene,stda,2.9e-08,3.54e-08,3.144,2.78,0.3640000000000003,0.0115,6.782
PXZ2PTO,toluene,stddft,5.86e-08,5.96e-08,3.106,2.749,0.35699999999999976,0.0096,6.782
PXZPDO,gas,stda,-4.12e-08,4.95e-08,3.073,2.708,0.36499999999999977,0.0172,5.45
PXZPDO,gas,stddft,-6.76e-08,3.42e-08,3.035,2.676,0.359,0.0147,5.45
PXZPDO,toluene,stda,-9.8e-09,3.1e-08,3.119,2.739,0.38000000000000034,0.0253,5.534
PXZPDO,toluene,stddft,-1.176e-07,-3.1e-09,3.082,2.708,0.37399999999999967,0.022,5.534
PY-TPA,gas,stda,-8.4e-09,-4.24e-08,3.253,2.934,0.31899999999999995,0.0582,4.864000000000001
PY-TPA,gas,stddft,-5.28e-08,-1.76e-08,3.248,2.905,0.3430000000000004,0.1848,4.864000000000001
PY-TPA,toluene,stda,-1.09e-08,-1.746e-07,3.177,2.817,0.3599999999999999,0.8896,4.747999999999999
PY-TPA,toluene,stddft,3.63e-08,5.54e-08,3.149,2.791,0.3580000000000001,0.8158,4.747999999999999
Pd-1,gas,stda,-4.2e-09,-3.12e-08,2.941,2.616,0.32499999999999973,0.1748,6.281000000000001
Pd-1,gas,stddft,-3.36e-08,-9.06e-08,2.92,2.58,0.33999999999999986,0.1565,6.281000000000001
Pd-1,toluene,stda,-8.52e-08,1.56e-08,2.916,2.501,0.41500000000000004,0.3357,5.975999999999999
Pd-1,toluene,stddft,1.254e-07,3.64e-08,2.888,2.46,0.42799999999999994,0.298,5.975999999999999
Perylene,gas,stda,-1.83e-08,-8.37e-08,3.252,2.154,1.0979999999999999,0.8646,5.994
Perylene,gas,stddft,4.8e-09,2.58e-08,3.079,2.081,0.9980000000000002,0.6017,5.994
Perylene,toluene,stda,1.126e-07,1.53e-08,3.251,2.155,1.096,0.8641,5.995999999999999
Perylene,toluene,stddft,-6.07e-08,-6.15e-08,3.078,2.083,0.9949999999999997,0.6016,5.995999999999999
Ph-CF3,gas,stda,2.5e-09,3.14e-08,3.847,3.392,0.45500000000000007,1.1704,7.059
Ph-CF3,gas,stddft,-6.56e-08,-2.52e-08,3.801,3.362,0.43900000000000006,0.9295,7.059
Ph-CF3,toluene,stda,-1.6e-09,7.7e-08,3.866,3.403,0.4630000000000001,1.1506,7.009
Ph-CF3,toluene,stddft,-5.6e-08,-3.28e-08,3.817,3.373,0.44399999999999995,0.8872,7.009
Ph-OBNA,gas,stda,1.73e-08,1e-09,3.467,3.07,0.39700000000000024,0.1721,6.5809999999999995
Ph-OBNA,gas,stddft,2.71e-08,9.8e-09,3.414,3.051,0.363,0.1453,6.5809999999999995
Ph-OBNA,toluene,stda,5.26e-08,1.96e-08,3.466,3.073,0.39300000000000024,0.1677,6.554999999999999
Ph-OBNA,toluene,stddft,4.18e-08,1.11e-08,3.414,3.054,0.3600000000000003,0.1412,6.554999999999999
PhCO-DMAC,gas,stda,-1.93e-08,-1.41e-08,3.474,3.357,0.11699999999999999,0.1342,5.827999999999999
PhCO-DMAC,gas,stddft,1.84e-08,-7.4e-09,3.466,3.35,0.1160000000000001,0.1266,5.827999999999999
PhCO-DMAC,toluene,stda,-3.9e-08,3.6e-09,3.416,3.319,0.09699999999999998,0.04,5.749999999999999
PhCO-DMAC,toluene,stddft,1.37e-08,-4.74e-08,3.411,3.312,0.0990000000000002,0.0498,5.749999999999999
PhCz-Pyr,gas,stda,-1.466e-07,-1.267e-07,3.825,3.408,0.41700000000000026,0.3683,6.582999999999999
PhCz-Pyr,gas,stddft,-5.74e-08,-3.42e-08,3.768,3.387,0.3809999999999998,0.3,6.582999999999999
PhCz-Pyr,toluene,stda,-1.205e-07,1.42e-07,3.815,3.391,0.42399999999999993,0.3089,6.559
PhCz-Pyr,toluene,stddft,4.67e-08,-2.74e-08,3.756,3.369,0.38699999999999957,0.251,6.559
PhCzSPOTz,gas,stda,5.94e-08,-1.68e-08,4.034,3.617,0.4169999999999998,0.3972,7.293
PhCzSPOTz,gas,stddft,-1.377e-07,-7.6e-09,3.976,3.598,0.3780000000000001,0.3481,7.293
PhCzSPOTz,toluene,stda,7.37e-08,-5.75e-08,4.019,3.609,0.41000000000000014,0.3841,7.321
PhCzSPOTz,toluene,stddft,-2.5e-09,-4.16e-08,3.963,3.589,0.3740000000000001,0.3396,7.321
PhICz-Pyr,gas,stda,6.26e-08,3.96e-08,3.704,3.308,0.39600000000000035,0.5284,6.851
PhICz-Pyr,gas,stddft,-5.4e-09,-9.98e-08,3.649,3.289,0.3599999999999999,0.456,6.851
PhICz-Pyr,toluene,stda,-3.11e-08,2.61e-08,3.632,3.248,0.3839999999999999,0.4006,6.813
PhICz-Pyr,toluene,stddft,-2.45e-08,-1.32e-08,3.574,3.23,0.34399999999999986,0.3497,6.813
PhPC,gas,stda,8.47e-08,-1.043e-07,3.306,2.259,1.0470000000000002,0.6103,6.233
PhPC,gas,stddft,-5.26e-08,5.17e-08,3.139,2.187,0.952,0.4277,6.233
PhPC,toluene,stda,2.07e-08,3.65e-08,3.308,2.255,1.053,0.6021,6.243
PhPC,toluene,stddft,9.21e-08,2.23e-08,3.141,2.183,0.9580000000000002,0.4235,6.243
PhQLPXZ,gas,stda,7.3e-09,1.254e-07,2.912,2.718,0.19399999999999995,0.1919,5.369000000000001
PhQLPXZ,gas,stddft,2.07e-08,6.68e-08,2.895,2.694,0.20100000000000007,0.1742,5.369000000000001
PhQLPXZ,toluene,stda,-3.26e-08,-2.13e-08,2.992,2.726,0.266,0.1707,5.436999999999999
PhQLPXZ,toluene,stddft,-1.33e-08,5.87e-08,2.978,2.695,0.28300000000000036,0.1561,5.436999999999999
PmPmP,gas,stda,-3.98e-08,-3.47e-08,3.126,2.765,0.36099999999999977,0.0153,5.29
PmPmP,gas,stddft,1.095e-07,3.34e-08,3.087,2.734,0.3530000000000002,0.013,5.29
PmPmP,toluene,stda,1.7e-09,-8.9e-09,3.124,2.761,0.363,0.0152,5.260000000000001
PmPmP,toluene,stddft,-8.4e-09,-8.26e-08,3.085,2.73,0.355,0.0128,5.260000000000001
PnB,gas,stda,-8.4e-09,1.053e-07,3.536,2.678,0.8580000000000001,0.7315,6.263999999999999
PnB,gas,stddft,3.74e-08,-4.14e-08,3.474,2.612,0.8620000000000001,0.6544,6.263999999999999
PnB,toluene,stda,-5.56e-08,1.18e-08,3.537,2.685,0.8519999999999999,0.7045,6.268
PnB,toluene,stddft,-5.98e-08,1.003e-07,3.476,2.62,0.8559999999999999,0.6358,6.268
PrDPhAc,gas,stda,-6.23e-08,5.12e-08,3.898,3.242,0.6560000000000001,0.5722,7.662999999999999
PrDPhAc,gas,stddft,-6.46e-08,4.73e-08,3.835,3.213,0.6219999999999999,0.4757,7.662999999999999
PrDPhAc,toluene,stda,-6.2e-08,-1.6e-07,3.786,3.105,0.681,0.6192,7.533000000000001
PrDPhAc,toluene,stddft,-6.32e-08,-2.23e-08,3.715,3.075,0.6399999999999997,0.5094,7.533000000000001
Pra-2DMAC,gas,stda,-7.8e-09,5.07e-08,4.003,3.397,0.6060000000000003,0.0859,7.342
Pra-2DMAC,gas,stddft,1.4e-09,-3.91e-08,3.949,3.365,0.5839999999999996,0.1184,7.342
Pra-2DMAC,toluene,stda,1.51e-08,-5.35e-08,3.972,3.369,0.6029999999999998,0.0223,7.354
Pra-2DMAC,toluene,stddft,5.74e-08,1.9e-08,3.917,3.337,0.5799999999999996,0.023,7.354
PtB,gas,stda,-1.4e-09,-3.85e-08,3.486,2.631,0.8550000000000004,1.0876,6.214999999999999
PtB,gas,stddft,-7.71e-08,1.185e-07,3.416,2.566,0.8500000000000001,0.9302,6.214999999999999
PtB,toluene,stda,-3.15e-08,2.98e-08,3.522,2.676,0.8459999999999996,0.716,6.255
PtB,toluene,stddft,-3.28e-08,2.79e-08,3.463,2.611,0.8519999999999999,0.6422,6.255
PtOEP,gas,stda,7.32e-08,2.91e-08,0.944,0.163,0.7809999999999999,0.0,4.2219999999999995
PtOEP,gas,stddft,-6.01e-08,3.42e-08,0.601,1.329,-0.728,0.0,4.2219999999999995
PtOEP,toluene,stda,2.1e-08,1.747e-07,0.991,0.094,0.897,0.0,4.182
PtOEP,toluene,stddft,-3.29e-08,-2.72e-08,0.569,1.386,-0.817,0.0,4.182
Px2BP,gas,stda,1.3e-08,1.03e-08,2.913,2.572,0.34099999999999975,0.1044,5.333
Px2BP,gas,stddft,3.05e-08,-1.39e-08,2.88,2.561,0.31899999999999995,0.0862,5.333
Px2BP,toluene,stda,-3.3e-08,2.26e-08,2.953,2.633,0.31999999999999984,0.0985,5.3580000000000005
Px2BP,toluene,stddft,3.44e-08,3.11e-08,2.924,2.623,0.3009999999999997,0.0824,5.3580000000000005
PxCN,gas,stda,-3.25e-08,-3.1e-08,3.263,2.88,0.383,0.0038,5.372000000000001
PxCN,gas,stddft,5.24e-08,-1.81e-08,3.228,2.85,0.3780000000000001,0.0035,5.372000000000001
PxCN,toluene,stda,-9.66e-08,5.27e-08,3.237,2.852,0.38500000000000023,0.0167,5.417000000000001
PxCN,toluene,stddft,8.15e-08,-9.8e-09,3.202,2.821,0.3809999999999998,0.0139,5.417000000000001
PxCYP,gas,stda,-6.62e-08,1.76e-08,3.085,2.751,0.3340000000000001,0.4411,5.170999999999999
PxCYP,gas,stddft,1.85e-08,3.54e-08,3.067,2.72,0.347,0.3037,5.170999999999999
PxCYP,toluene,stda,-6.47e-08,-1.527e-07,3.119,2.754,0.3650000000000002,0.0125,5.287
PxCYP,toluene,stddft,8.26e-08,-1.47e-08,3.083,2.723,0.3600000000000003,0.0122,5.287
PxPYM,gas,stda,7.4e-09,1.371e-07,3.125,2.855,0.27,0.715,5.389
PxPYM,gas,stddft,-7.1e-08,3.94e-08,3.109,2.824,0.28500000000000014,0.6504,5.389
PxPYM,toluene,stda,-4.27e-08,-3.97e-08,3.127,2.772,0.355,0.5068,5.417000000000001
PxPYM,toluene,stddft,2.4e-08,8.2e-09,3.106,2.741,0.36499999999999977,0.0152,5.417000000000001
Py-TPA,gas,stda,-1.28e-08,2.22e-08,3.211,2.863,0.34799999999999986,0.042,4.8149999999999995
Py-TPA,gas,stddft,-3.4e-09,-1.04e-08,3.207,2.834,0.3729999999999998,0.1972,4.8149999999999995
Py-TPA,toluene,stda,-4.31e-08,7.09e-08,3.04,2.704,0.33599999999999985,0.6366,4.606
Py-TPA,toluene,stddft,-5.1e-08,4.38e-08,3.012,2.68,0.33199999999999985,0.5953,4.606
PyDCN,gas,stda,1.29e-08,-1.94e-08,4.46,3.847,0.613,0.5567,8.011
PyDCN,gas,stddft,-1.058e-07,-4.57e-08,4.42,3.804,0.6160000000000001,0.5163,8.011
PyDCN,toluene,stda,-3.13e-08,-2.9e-09,4.487,3.856,0.6310000000000002,0.5733,8.002
PyDCN,toluene,stddft,2e-09,-5.6e-09,4.449,3.814,0.6349999999999998,0.5315,8.002
PyDCN–DMAC,gas,stda,8e-10,-1.97e-08,3.771,3.391,0.3799999999999999,0.0373,5.820000000000001
PyDCN–DMAC,gas,stddft,1.1e-09,-3.2e-08,3.767,3.358,0.4089999999999998,0.0329,5.820000000000001
PyDCN–DMAC,toluene,stda,2.6e-09,-6.12e-08,3.859,3.368,0.4910000000000001,0.0534,5.739999999999999
PyDCN–DMAC,toluene,stddft,1.21e-08,9.18e-08,3.851,3.336,0.5150000000000001,0.0355,5.739999999999999
PyI,gas,stda,5.42e-08,5.23e-08,3.751,2.852,0.899,0.0155,6.785000000000001
PyI,gas,stddft,-2.47e-08,2.93e-08,3.691,2.79,0.9009999999999998,0.2585,6.785000000000001
PyI,toluene,stda,-6.01e-08,4e-09,3.748,2.848,0.9000000000000004,0.0074,6.781999999999999
PyI,toluene,stddft,2.63e-08,-7.8e-08,3.691,2.786,0.9049999999999998,0.2813,6.781999999999999
PyIAnTPh,gas,stda,3.66e-08,-5.66e-08,3.242,2.28,0.9620000000000002,0.7805,6.134
PyIAnTPh,gas,stddft,-1.13e-08,6.17e-08,3.084,2.212,0.8719999999999999,0.5467,6.134
PyIAnTPh,toluene,stda,4.5e-08,-7.6e-09,3.266,2.291,0.9750000000000001,0.736,6.226000000000001
PyIAnTPh,toluene,stddft,-5.6e-09,-9.33e-08,3.105,2.221,0.8839999999999999,0.5126,6.226000000000001
PzTDBA,gas,stda,-2.08e-08,1.63e-08,3.653,3.209,0.44399999999999995,0.0453,6.817
PzTDBA,gas,stddft,4.87e-08,2.13e-08,3.601,3.192,0.4089999999999998,0.0561,6.817
PzTDBA,toluene,stda,1.108e-07,-8.72e-08,2.562,2.321,0.24099999999999966,0.0002,4.744999999999999
PzTDBA,toluene,stddft,-4.76e-08,1.7e-09,2.533,2.291,0.242,0.0001,4.744999999999999
P–Cu–C,gas,stda,2.06e-08,-2.3e-09,4.956,4.406,0.5500000000000007,0.0014,8.055
P–Cu–C,gas,stddft,-6.61e-08,4.73e-08,4.935,4.368,0.5669999999999993,0.0012,8.055
P–Cu–C,toluene,stda,1.02e-08,-2.54e-08,4.939,4.399,0.54,0.0003,7.99
P–Cu–C,toluene,stddft,4.7e-09,9.74e-08,4.921,4.362,0.5590000000000002,0.0005,7.99
SABIQ,gas,stda,2.6e-09,-3.72e-08,2.855,2.407,0.44799999999999995,0.0013,5.302
SABIQ,gas,stddft,-1.5e-09,1.136e-07,2.854,2.342,0.512,0.0013,5.302
SABIQ,toluene,stda,3e-10,-2.6e-09,2.846,2.43,0.4159999999999999,0.0012,5.2170000000000005
SABIQ,toluene,stddft,-4.5e-09,-2.35e-08,2.845,2.365,0.48,0.0012,5.2170000000000005
SAF-2CzB,gas,stda,-6.35e-08,2.19e-08,3.878,3.453,0.42500000000000027,1.2231,6.351
SAF-2CzB,gas,stddft,4.8e-08,-3.36e-08,3.828,3.431,0.3969999999999998,0.9622,6.351
SAF-2CzB,toluene,stda,-2.8e-09,5.52e-08,3.853,3.406,0.44700000000000006,0.9382,6.3149999999999995
SAF-2CzB,toluene,stddft,-1.226e-07,4.77e-08,3.796,3.384,0.4119999999999999,0.7325,6.3149999999999995
SAF-2NP,gas,stda,-1.8e-08,-1.3e-08,2.866,2.672,0.19399999999999995,0.2239,5.195
SAF-2NP,gas,stddft,2.47e-08,-3.08e-08,2.85,2.658,0.19200000000000017,0.2107,5.195
SAF-2NP,toluene,stda,-7e-09,1.18e-08,2.703,2.524,0.17899999999999983,0.2209,5.022
SAF-2NP,toluene,stddft,1.71e-08,-8.11e-08,2.688,2.513,0.17500000000000027,0.2077,5.022
SAF-CzB,gas,stda,6.2e-09,2.11e-08,3.809,3.412,0.39700000000000024,0.2766,6.560999999999999
SAF-CzB,gas,stddft,-7.27e-08,9.63e-08,3.745,3.39,0.355,0.2247,6.560999999999999
SAF-CzB,toluene,stda,1.11e-08,-2.38e-08,3.792,3.381,0.41100000000000003,0.2546,6.488
SAF-CzB,toluene,stddft,-2.69e-08,5.07e-08,3.725,3.359,0.3660000000000001,0.2059,6.488
SAFDPA,gas,stda,8.6e-09,1.2e-08,3.681,3.32,0.3610000000000002,0.0627,6.869999999999999
SAFDPA,gas,stddft,5.6e-09,1.338e-07,3.641,3.3,0.3410000000000002,0.0524,6.869999999999999
SAFDPA,toluene,stda,2.26e-08,3.88e-08,3.668,3.31,0.3580000000000001,0.0579,6.817000000000001
SAFDPA,toluene,stddft,3.38e-08,2.6e-09,3.626,3.291,0.33499999999999996,0.0484,6.817000000000001
SAIP,gas,stda,-7.5e-09,-4.82e-08,3.622,3.409,0.21300000000000008,0.0059,6.2940000000000005
SAIP,gas,stddft,1.06e-08,3.11e-08,3.62,3.378,0.242,0.0062,6.2940000000000005
SAIP,toluene,stda,3.4e-09,1.024e-07,3.566,3.407,0.1589999999999998,0.0031,6.188
SAIP,toluene,stddft,-1.3e-09,-8.18e-08,3.565,3.377,0.18800000000000017,0.0032,6.188
SBA,gas,stda,-2.08e-08,-4.66e-08,4.084,3.466,0.6179999999999994,0.0682,7.6690000000000005
SBA,gas,stddft,6.41e-08,1.7e-08,4.028,3.433,0.5949999999999998,0.0577,7.6690000000000005
SBA,toluene,stda,8.11e-08,-2.63e-08,4.089,3.459,0.6300000000000003,0.0612,7.669
SBA,toluene,stddft,-2.12e-08,-2.9e-08,4.034,3.427,0.6069999999999998,0.0514,7.669
SBA-2DPS,gas,stda,-1.13e-08,-6.51e-08,4.069,3.478,0.5909999999999997,0.0848,7.288000000000001
SBA-2DPS,gas,stddft,6.73e-08,-4.37e-08,4.03,3.448,0.5820000000000003,0.061,7.288000000000001
SBA-2DPS,toluene,stda,6.7e-09,-8.6e-09,3.939,3.448,0.4910000000000001,0.1153,7.056000000000001
SBA-2DPS,toluene,stddft,8.3e-09,7.42e-08,3.931,3.418,0.5129999999999999,0.0701,7.056000000000001
SBDBQ-PXZ,gas,stda,-5.68e-08,-6.22e-08,2.679,2.481,0.19799999999999995,0.2081,5.211000000000001
SBDBQ-PXZ,gas,stddft,-2.71e-08,-1e-08,2.66,2.47,0.18999999999999995,0.1898,5.211000000000001
SBDBQ-PXZ,toluene,stda,1.94e-08,-8.8e-09,2.702,2.505,0.19700000000000006,0.1991,5.2410000000000005
SBDBQ-PXZ,toluene,stddft,-2.22e-08,-4.28e-08,2.683,2.495,0.18799999999999972,0.1816,5.2410000000000005
SBF-AnCN,gas,stda,-9.2e-09,-1.46e-07,3.174,2.242,0.9319999999999999,0.6935,6.305
SBF-AnCN,gas,stddft,-5.34e-08,7.29e-08,3.017,2.173,0.8439999999999999,0.4977,6.305
SBF-AnCN,toluene,stda,4.48e-08,-4.43e-08,3.178,2.248,0.9299999999999997,0.6836,6.316
SBF-AnCN,toluene,stddft,2.7e-08,-5.37e-08,3.022,2.179,0.843,0.4907,6.316
SBF-PXZ,gas,stda,2.78e-08,6.47e-08,3.25,2.863,0.387,0.0383,5.94
SBF-PXZ,gas,stddft,-1.67e-08,8.94e-08,3.216,2.833,0.383,0.0229,5.94
SBF-PXZ,toluene,stda,-1.726e-07,-3.66e-08,3.23,2.836,0.39400000000000013,0.0284,6.093
SBF-PXZ,toluene,stddft,-5.65e-08,-5.54e-08,3.195,2.806,0.3889999999999998,0.0241,6.093
SBTF,gas,stda,1.143e-07,1.059e-07,3.558,2.822,0.7359999999999998,1.4779,6.617
SBTF,gas,stddft,-1.646e-07,5.51e-08,3.486,2.773,0.7130000000000001,1.2187,6.617
SBTF,toluene,stda,-1.797e-07,-1.48e-07,3.57,2.829,0.7409999999999997,1.4634,6.622
SBTF,toluene,stddft,9.76e-08,1.41e-08,3.497,2.779,0.718,1.2059,6.622
SF-DPSO,gas,stda,-2.25e-08,1.2e-09,4.494,3.77,0.7239999999999998,2.0199,7.758
SF-DPSO,gas,stddft,-1.025e-07,3.93e-08,4.454,3.737,0.7169999999999996,1.8374,7.758
SF-DPSO,toluene,stda,6.58e-08,1.568e-07,4.499,3.794,0.7049999999999996,2.1146,7.7059999999999995
SF-DPSO,toluene,stddft,9.6e-09,-1.118e-07,4.461,3.761,0.7000000000000002,1.9359,7.7059999999999995
SFAC-BP-SFAC,gas,stda,1.66e-08,-1.44e-08,3.416,3.29,0.1259999999999999,0.3127,5.7540000000000004
SFAC-BP-SFAC,gas,stddft,1.75e-08,9.13e-08,3.41,3.282,0.1280000000000001,0.3028,5.7540000000000004
SFAC-BP-SFAC,toluene,stda,1.58e-08,4.16e-08,3.411,3.263,0.14800000000000013,0.3468,5.729
SFAC-BP-SFAC,toluene,stddft,3.67e-08,3.2e-09,3.405,3.254,0.1509999999999998,0.3392,5.729
SFCz,gas,stda,4e-09,-4.37e-08,3.772,3.431,0.34099999999999975,0.2134,6.44
SFCz,gas,stddft,3.24e-08,-6.7e-09,3.765,3.407,0.3580000000000001,0.3302,6.44
SFCz,toluene,stda,-1.1e-08,1.91e-08,3.762,3.42,0.3420000000000001,0.2169,6.377000000000001
SFCz,toluene,stddft,4.3e-09,-2.84e-08,3.756,3.396,0.3599999999999999,0.3235,6.377000000000001
SFI23pPM,gas,stda,-5.8e-08,-1.16e-08,3.809,3.42,0.38900000000000023,0.3773,6.672000000000001
SFI23pPM,gas,stddft,2.87e-08,8.79e-08,3.754,3.397,0.3570000000000002,0.2985,6.672000000000001
SFI23pPM,toluene,stda,8.9e-09,7.5e-09,3.821,3.418,0.403,0.278,6.680000000000001
SFI23pPM,toluene,stddft,-7.34e-08,-3.8e-08,3.765,3.395,0.3700000000000001,0.2219,6.680000000000001
SFI34pPM,gas,stda,5.43e-08,5.9e-09,3.75,3.384,0.3660000000000001,0.3884,6.5680000000000005
SFI34pPM,gas,stddft,-6.72e-08,-5.74e-08,3.694,3.362,0.33199999999999985,0.311,6.5680000000000005
SFI34pPM,toluene,stda,5.6e-08,8.85e-08,3.751,3.385,0.3660000000000001,0.3399,6.588000000000001
SFI34pPM,toluene,stddft,1.35e-08,2.12e-08,3.694,3.364,0.33000000000000007,0.2751,6.588000000000001
SFPC,gas,stda,1.8e-09,4.21e-08,3.257,2.918,0.33899999999999997,0.0398,6.189000000000001
SFPC,gas,stddft,-1.33e-08,-4.4e-09,3.22,2.891,0.3290000000000002,0.0332,6.189000000000001
SFPC,toluene,stda,3.81e-08,-3.97e-08,3.82,3.396,0.42399999999999993,0.4811,7.061
SFPC,toluene,stddft,-5.32e-08,-1.49e-08,3.764,3.378,0.3859999999999997,0.379,7.061
SFX-bPy,gas,stda,2.45e-08,-1.467e-07,4.067,3.468,0.5990000000000002,0.5808,7.194
SFX-bPy,gas,stddft,1.74e-08,3.18e-08,4.018,3.425,0.593,0.5258,7.194
SFX-bPy,toluene,stda,5.2e-08,-5.39e-08,4.073,3.466,0.6070000000000002,0.5407,7.166999999999999
SFX-bPy,toluene,stddft,-1.2e-09,2.12e-08,4.024,3.421,0.6030000000000002,0.4935,7.166999999999999
SIR-A,gas,stda,-2e-10,1e-09,3.329,3.329,0.0,0.0,5.744999999999999
SIR-A,gas,stddft,8e-10,7.6e-09,3.328,3.328,0.0,0.0,5.744999999999999
SIR-A,toluene,stda,-6e-10,-5e-10,3.131,3.131,0.0,0.0001,5.536999999999999
SIR-A,toluene,stddft,0.0,-1.3e-09,3.13,3.13,0.0,0.0001,5.536999999999999
SIR-B,gas,stda,5.7e-09,-2.8e-09,3.264,3.253,0.010999999999999677,0.0009,5.659
SIR-B,gas,stddft,-1.9e-09,5.1e-09,3.263,3.249,0.01399999999999979,0.0008,5.659
SIR-B,toluene,stda,2e-09,3e-10,3.086,3.083,0.0029999999999996696,0.0005,5.465000000000001
SIR-B,toluene,stddft,6.4e-09,1.18e-08,3.085,3.082,0.0030000000000001137,0.0005,5.465000000000001
SIR-C,gas,stda,1.71e-08,1.85e-08,3.272,3.258,0.01399999999999979,0.0029,5.676000000000001
SIR-C,gas,stddft,-1.26e-08,5.5e-09,3.27,3.256,0.014000000000000234,0.0027,5.676000000000001
SIR-C,toluene,stda,-1.1e-09,1.78e-08,3.11,3.111,-0.001000000000000334,0.0008,5.499
SIR-C,toluene,stddft,-3.4e-09,1.71e-08,3.11,3.11,0.0,0.0007,5.499
SPAC-FO,gas,stda,1.29e-08,2.7e-09,2.69,2.469,0.22100000000000009,0.1317,5.051
SPAC-FO,gas,stddft,-3.84e-08,-4.57e-08,2.671,2.461,0.20999999999999996,0.1135,5.051
SPAC-FO,toluene,stda,2.8e-09,-5.53e-08,2.661,2.436,0.2250000000000001,0.1367,4.991999999999999
SPAC-FO,toluene,stddft,-2.02e-08,4.26e-08,2.641,2.427,0.21399999999999997,0.1182,4.991999999999999
SPBAC-PH,gas,stda,4.48e-08,-7.2e-09,3.378,2.768,0.6100000000000003,0.2293,6.698
SPBAC-PH,gas,stddft,-1.78e-08,5.65e-08,3.296,2.731,0.565,0.1885,6.698
SPBAC-PH,toluene,stda,-3.06e-08,4.8e-08,3.326,2.712,0.6139999999999999,0.2576,6.616999999999999
SPBAC-PH,toluene,stddft,-4.7e-09,-8.81e-08,3.242,2.676,0.5659999999999998,0.2098,6.616999999999999
SPBP-DPAC,gas,stda,-1.11e-08,5.63e-08,3.396,2.778,0.6179999999999999,0.8572,6.427999999999999
SPBP-DPAC,gas,stddft,2.9e-09,-6.85e-08,3.336,2.747,0.589,0.7278,6.427999999999999
SPBP-DPAC,toluene,stda,1.071e-07,5.58e-08,3.289,2.618,0.6710000000000003,0.943,6.199
SPBP-DPAC,toluene,stddft,2.3e-08,1.9e-08,3.22,2.584,0.6360000000000001,0.787,6.199
SPFS-PXZ,gas,stda,-7.9e-09,-6.89e-08,3.29,2.905,0.38500000000000023,0.0135,6.2379999999999995
SPFS-PXZ,gas,stddft,-2.71e-08,-2.86e-08,3.256,2.875,0.3809999999999998,0.0112,6.2379999999999995
SPFS-PXZ,toluene,stda,7.3e-09,-3.48e-08,3.296,2.911,0.3849999999999998,0.0119,6.3309999999999995
SPFS-PXZ,toluene,stddft,4.9e-09,-4.58e-08,3.262,2.882,0.3799999999999999,0.0096,6.3309999999999995
STAC-BP-STAC,gas,stda,7.3e-09,1.27e-08,3.412,3.274,0.1379999999999999,0.3196,5.753
STAC-BP-STAC,gas,stddft,1.59e-08,-2.27e-08,3.406,3.267,0.13900000000000023,0.3108,5.753
STAC-BP-STAC,toluene,stda,-2.29e-08,2.7e-09,3.413,3.213,0.19999999999999973,0.3519,5.7490000000000006
STAC-BP-STAC,toluene,stddft,7.7e-09,2.2e-08,3.405,3.205,0.19999999999999973,0.3019,5.7490000000000006
SXAC-BP-SXAC,gas,stda,6.1e-09,-3.52e-08,3.418,3.284,0.13400000000000034,0.3317,5.763
SXAC-BP-SXAC,gas,stddft,-3.76e-08,-2.39e-08,3.412,3.275,0.137,0.3224,5.763
SXAC-BP-SXAC,toluene,stda,4.07e-08,-8e-09,3.428,3.278,0.1499999999999999,0.3443,5.757
SXAC-BP-SXAC,toluene,stddft,-1.97e-08,-1.33e-08,3.423,3.27,0.15300000000000002,0.3348,5.757
SiCN2Cz,gas,stda,5.4e-08,3.88e-08,4.064,3.651,0.41300000000000026,0.5644,7.1129999999999995
SiCN2Cz,gas,stddft,2.5e-09,-4.98e-08,4.022,3.631,0.39100000000000046,0.475,7.1129999999999995
SiCN2Cz,toluene,stda,-1.169e-07,2.01e-08,4.077,3.656,0.4209999999999998,0.5497,7.061
SiCN2Cz,toluene,stddft,-4.58e-08,2.69e-08,4.033,3.637,0.39600000000000035,0.4604,7.061
SiCz1Py3,gas,stda,-2.29e-08,3.7e-09,3.822,3.391,0.43100000000000005,0.2084,7.268999999999999
SiCz1Py3,gas,stddft,8.62e-08,4.75e-08,3.752,3.368,0.3839999999999999,0.1766,7.268999999999999
SiCz1Py3,toluene,stda,1.249e-07,5.09e-08,3.807,3.367,0.43999999999999995,0.1869,7.268999999999999
SiCz1Py3,toluene,stddft,1.397e-07,4.19e-08,3.735,3.343,0.3919999999999999,0.1584,7.268999999999999
SiCz2Py2,gas,stda,-5.82e-08,-6.82e-08,3.835,3.413,0.42200000000000015,0.2756,7.247000000000001
SiCz2Py2,gas,stddft,1.48e-08,-5.79e-08,3.77,3.39,0.3799999999999999,0.2373,7.247000000000001
SiCz2Py2,toluene,stda,1.4e-08,1.15e-08,3.833,3.39,0.44300000000000006,0.263,7.273
SiCz2Py2,toluene,stddft,3.03e-08,-5.36e-08,3.765,3.367,0.39800000000000013,0.225,7.273
SiCz3Py1,gas,stda,3.22e-08,4.65e-08,3.844,3.425,0.41900000000000004,0.2811,7.251
SiCz3Py1,gas,stddft,-7.34e-08,-3.72e-08,3.781,3.402,0.379,0.2419,7.251
SiCz3Py1,toluene,stda,7.46e-08,6.42e-08,3.899,3.416,0.4830000000000001,0.1901,7.263
SiCz3Py1,toluene,stddft,-1.033e-07,2.5e-08,3.831,3.393,0.43800000000000017,0.1575,7.263
SiTCNCz,gas,stda,6.46e-08,-1e-08,4.036,3.623,0.41299999999999937,0.4183,6.984000000000001
SiTCNCz,gas,stddft,2.05e-08,-1.77e-08,3.983,3.604,0.379,0.3618,6.984000000000001
SiTCNCz,toluene,stda,2.49e-08,-4.68e-08,4.042,3.63,0.4119999999999999,0.3962,6.971
SiTCNCz,toluene,stddft,-2.2e-08,-4.39e-08,3.989,3.612,0.3769999999999998,0.3443,6.971
Spiro-CN,gas,stda,1.21e-08,1.5e-09,3.329,2.9,0.42900000000000027,1.5371,5.385
Spiro-CN,gas,stddft,1.17e-08,2.17e-08,3.305,2.87,0.43500000000000005,1.3876,5.385
Spiro-CN,toluene,stda,5.05e-08,-5.32e-08,3.382,2.941,0.4410000000000003,1.5802,5.278999999999999
Spiro-CN,toluene,stddft,2.45e-08,9.87e-08,3.358,2.91,0.44799999999999995,1.4605,5.278999999999999
SpiroAC-TRZ,gas,stda,1.43e-08,2.21e-08,3.515,3.398,0.11699999999999999,0.2067,5.918
SpiroAC-TRZ,gas,stddft,9.3e-09,6.93e-08,3.507,3.39,0.11699999999999999,0.1994,5.918
SpiroAC-TRZ,toluene,stda,9.3e-09,1.99e-08,3.495,3.396,0.0990000000000002,0.1741,5.885
SpiroAC-TRZ,toluene,stddft,4.68e-08,7.34e-08,3.488,3.386,0.10199999999999987,0.1688,5.885
SpiroAc,gas,stda,1.84e-08,6.9e-08,4.088,3.464,0.6240000000000001,0.0495,6.984000000000001
SpiroAc,gas,stddft,-4.49e-08,-9.64e-08,4.018,3.431,0.5869999999999997,0.0916,6.984000000000001
SpiroAc,toluene,stda,-2.65e-08,8.07e-08,4.09,3.455,0.6349999999999998,0.1074,6.9719999999999995
SpiroAc,toluene,stddft,-1.2e-09,-1.36e-08,4.014,3.422,0.5920000000000001,0.0892,6.9719999999999995
TAA-PPO,gas,stda,-9.4e-09,1.234e-07,2.43,1.914,0.5160000000000002,0.2909,5.680999999999999
TAA-PPO,gas,stddft,-5.4e-09,-2.88e-08,2.374,1.859,0.5150000000000001,0.2582,5.680999999999999
TAA-PPO,toluene,stda,-6.13e-08,-8.61e-08,2.392,1.894,0.498,0.2766,5.646
TAA-PPO,toluene,stddft,1.04e-08,1.79e-08,2.338,1.84,0.498,0.2444,5.646
TABD-COOH,gas,stda,6.77e-08,-5.8e-09,3.343,2.629,0.714,0.5648,6.727000000000001
TABD-COOH,gas,stddft,-1.659e-07,-2.77e-08,3.289,2.585,0.7040000000000002,0.4725,6.727000000000001
TABD-COOH,toluene,stda,-6.03e-08,-1.72e-08,3.346,2.635,0.7110000000000003,0.5747,6.7059999999999995
TABD-COOH,toluene,stddft,1.278e-07,-2.35e-08,3.293,2.591,0.702,0.4826,6.7059999999999995
TATP-BP,gas,stda,4.69e-08,7e-09,3.642,3.403,0.23899999999999988,0.1626,5.970000000000001
TATP-BP,gas,stddft,-2.18e-08,-7.32e-08,3.619,3.381,0.23800000000000043,0.1427,5.970000000000001
TATP-BP,toluene,stda,-8.7e-09,6e-10,3.68,3.462,0.21799999999999997,0.1226,5.975
TATP-BP,toluene,stddft,-3.22e-08,-3.7e-09,3.657,3.431,0.22599999999999998,0.1103,5.975
TAZ-PPI,gas,stda,-9.01e-08,5.89e-08,3.845,3.452,0.39300000000000024,0.5962,6.944000000000001
TAZ-PPI,gas,stddft,1.55e-08,-6.5e-09,3.807,3.423,0.3839999999999999,0.5326,6.944000000000001
TAZ-PPI,toluene,stda,3e-09,-3.67e-08,3.817,3.441,0.37600000000000033,0.5218,6.9799999999999995
TAZ-PPI,toluene,stddft,-2.67e-08,-6.67e-08,3.777,3.413,0.3640000000000003,0.4669,6.9799999999999995
TBAc,gas,stda,8.23e-08,-7.35e-08,3.866,3.094,0.7720000000000002,0.028,6.959999999999999
TBAc,gas,stddft,-4.32e-08,-6.88e-08,3.818,3.043,0.7749999999999999,0.0235,6.959999999999999
TBAc,toluene,stda,5.4e-09,1.019e-07,3.834,3.098,0.7360000000000002,0.0232,6.894
TBAc,toluene,stddft,2.95e-08,-6.77e-08,3.779,3.047,0.7319999999999998,0.0356,6.894
TBN-TPA,gas,stda,-7.4e-09,2.3e-08,3.145,2.685,0.45999999999999996,0.4391,6.455000000000001
TBN-TPA,gas,stddft,1.17e-08,-1.83e-08,3.067,2.663,0.40400000000000036,0.3542,6.455000000000001
TBN-TPA,toluene,stda,-8.5e-08,-1.65e-08,3.13,2.67,0.45999999999999996,0.4393,6.4350000000000005
TBN-TPA,toluene,stddft,6.93e-08,-6.2e-09,3.053,2.647,0.40600000000000014,0.3542,6.4350000000000005
TBPM2CN,gas,stda,-1.41e-08,1.34e-08,3.745,3.342,0.403,0.9435,6.089
TBPM2CN,gas,stddft,-3.7e-09,-7.8e-09,3.713,3.31,0.403,0.8338,6.089
TBPM2CN,toluene,stda,-4.8e-08,-2.57e-08,3.737,3.337,0.3999999999999999,0.8175,6.003000000000001
TBPM2CN,toluene,stddft,7.6e-09,-8.6e-09,3.704,3.307,0.39700000000000024,0.7226,6.003000000000001
TBPe,gas,stda,3.75e-08,6.1e-08,3.218,2.215,1.0030000000000001,0.8779,6.038000000000001
TBPe,gas,stddft,-4.3e-08,-4.33e-08,3.059,2.149,0.9100000000000001,0.6176,6.038000000000001
TBPe,toluene,stda,-3.71e-08,-7.54e-08,3.218,2.213,1.005,0.8715,6.036
TBPe,toluene,stddft,-3.57e-08,-2.02e-08,3.058,2.147,0.911,0.6112,6.036
TBRb,gas,stda,2.56e-08,3.39e-08,2.453,1.532,0.9209999999999998,0.491,5.3759999999999994
TBRb,gas,stddft,5.71e-08,-1.321e-07,2.248,1.444,0.8040000000000003,0.3137,5.3759999999999994
TBRb,toluene,stda,8.95e-08,-2.84e-08,2.448,1.526,0.9219999999999999,0.4864,5.372999999999999
TBRb,toluene,stddft,-6.33e-08,1.69e-08,2.243,1.438,0.8049999999999999,0.3098,5.372999999999999
TBTAC,gas,stda,-1e-08,7.14e-08,3.078,2.405,0.673,0.2741,6.201
TBTAC,gas,stddft,-4.53e-08,3.7e-08,3.006,2.354,0.6519999999999997,0.2518,6.201
TBTAC,toluene,stda,-6.73e-08,5.27e-08,3.121,2.43,0.6909999999999998,0.2589,6.252999999999999
TBTAC,toluene,stddft,-1.8e-09,4.6e-09,3.048,2.379,0.669,0.2517,6.252999999999999
TCB,gas,stda,-3.88e-08,-5.9e-09,3.729,3.336,0.39300000000000024,1.6588,5.830000000000001
TCB,gas,stddft,-6.31e-08,-1.813e-07,3.701,3.311,0.3900000000000001,1.445,5.830000000000001
TCB,toluene,stda,2.99e-08,6.98e-08,3.685,3.342,0.34299999999999997,0.0055,5.757
TCB,toluene,stddft,1.35e-08,-7.9e-09,3.68,3.319,0.3610000000000002,0.2909,5.757
TCP,gas,stda,2.45e-08,-1.7e-08,3.937,3.442,0.49499999999999966,0.3497,7.542000000000001
TCP,gas,stddft,-4.57e-08,-5.4e-08,3.877,3.418,0.45899999999999963,0.2917,7.542000000000001
TCP,toluene,stda,2.28e-08,-1.59e-08,3.925,3.419,0.5059999999999998,0.325,7.521
TCP,toluene,stddft,-5.6e-09,1.99e-08,3.863,3.395,0.46799999999999997,0.2736,7.521
TCPZ,gas,stda,-5.46e-08,2.118e-07,2.197,1.477,0.72,0.4144,5.834
TCPZ,gas,stddft,5.1e-08,2.46e-08,2.078,1.42,0.6579999999999999,0.2997,5.834
TCPZ,toluene,stda,-6.53e-08,6.05e-08,2.054,1.371,0.6829999999999998,0.3679,5.734999999999999
TCPZ,toluene,stddft,-4.02e-08,1.283e-07,1.939,1.314,0.625,0.2663,5.734999999999999
TCZ1,gas,stda,4.13e-08,1.384e-07,3.616,3.149,0.4670000000000001,0.0592,7.044
TCZ1,gas,stddft,1.99e-08,-2.66e-08,3.542,3.126,0.4159999999999999,0.0477,7.044
TCZ1,toluene,stda,7.72e-08,-1.531e-07,3.633,3.157,0.476,0.0486,7.11
TCZ1,toluene,stddft,-1.57e-08,-1.149e-07,3.556,3.134,0.42200000000000015,0.0386,7.11
TCbTrz,gas,stda,5.9e-08,-4.2e-09,3.745,3.367,0.3780000000000001,0.3806,6.418
TCbTrz,gas,stddft,-3.07e-08,-2.86e-08,3.717,3.347,0.3700000000000001,0.3476,6.418
TCbTrz,toluene,stda,5.25e-08,1.1e-09,3.811,3.315,0.496,0.2882,6.438000000000001
TCbTrz,toluene,stddft,3.13e-08,-3.44e-08,3.762,3.291,0.4710000000000001,0.2461,6.438000000000001
TCz-3PA-TCz,gas,stda,6.89e-08,3.36e-08,3.713,3.242,0.4710000000000001,2.5642,6.5889999999999995
TCz-3PA-TCz,gas,stddft,-8.13e-08,2.79e-08,3.687,3.211,0.476,2.3507,6.5889999999999995
TCz-3PA-TCz,toluene,stda,1.11e-08,5.32e-08,3.657,3.19,0.4670000000000001,2.4886,6.508
TCz-3PA-TCz,toluene,stddft,-4.9e-08,5.9e-09,3.631,3.159,0.472,2.2719,6.508
TCz1,gas,stda,6.96e-08,-4.13e-08,3.624,3.156,0.46799999999999997,0.056,7.051
TCz1,gas,stddft,9.7e-09,-1.093e-07,3.549,3.133,0.4159999999999999,0.0449,7.051
TCz1,toluene,stda,1.45e-08,5.75e-08,3.637,3.163,0.4740000000000002,0.0467,7.117
TCz1,toluene,stddft,8.16e-08,-1.25e-07,3.562,3.14,0.4219999999999997,0.0371,7.117
TCzTrz,gas,stda,1.5e-08,-3.18e-08,3.717,3.409,0.3080000000000003,0.3528,6.284
TCzTrz,gas,stddft,4.97e-08,5.06e-08,3.693,3.39,0.30299999999999994,0.3184,6.284
TCzTrz,toluene,stda,3.46e-08,-1.94e-08,3.702,3.368,0.3340000000000001,0.4086,6.17
TCzTrz,toluene,stddft,2.46e-08,8.31e-08,3.675,3.347,0.32799999999999985,0.36,6.17
TDBA-DI,gas,stda,7.88e-08,-4.45e-08,3.573,3.095,0.47799999999999976,0.149,6.0440000000000005
TDBA-DI,gas,stddft,-7.1e-09,3.14e-08,3.503,3.076,0.42700000000000005,0.2169,6.0440000000000005
TDBA-DI,toluene,stda,4.1e-09,1.73e-08,3.569,3.103,0.46599999999999975,0.031,5.989000000000001
TDBA-DI,toluene,stddft,7.4e-09,-2.11e-08,3.504,3.084,0.41999999999999993,0.218,5.989000000000001
TDBA-SBA,gas,stda,-2.33e-08,3.59e-08,3.561,3.069,0.492,0.2821,5.743999999999999
TDBA-SBA,gas,stddft,3.97e-08,-3.69e-08,3.485,3.049,0.43599999999999994,0.2286,5.743999999999999
TDBA-SBA,toluene,stda,-8.12e-08,-6.25e-08,3.561,3.075,0.48599999999999977,0.279,5.678
TDBA-SBA,toluene,stddft,-2.51e-08,1.15e-08,3.487,3.055,0.43199999999999994,0.227,5.678
TDBA-TPDICz,gas,stda,-9.7e-09,1.33e-07,3.198,2.697,0.5009999999999999,0.391,5.836999999999999
TDBA-TPDICz,gas,stddft,-8e-09,-6.81e-08,3.103,2.67,0.4330000000000003,0.3087,5.836999999999999
TDBA-TPDICz,toluene,stda,-5.68e-08,2.41e-08,3.178,2.675,0.5030000000000001,0.3837,5.783
TDBA-TPDICz,toluene,stddft,5.86e-08,-1.054e-07,3.082,2.648,0.4339999999999997,0.302,5.783
TDPA–TRZ,gas,stda,-6.81e-08,1.81e-08,3.497,2.966,0.5309999999999997,1.557,6.396
TDPA–TRZ,gas,stddft,-7.63e-08,3.66e-08,3.47,2.938,0.532,1.4361,6.396
TDPA–TRZ,toluene,stda,1.467e-07,-2.01e-08,3.488,2.942,0.5459999999999998,1.6169,6.421
TDPA–TRZ,toluene,stddft,8.03e-08,-3.41e-08,3.459,2.913,0.5460000000000003,1.4857,6.421
TFM-QP,gas,stda,-5.19e-08,1.683e-07,3.331,2.953,0.3780000000000001,0.0086,4.892999999999999
TFM-QP,gas,stddft,-6e-10,2.37e-08,3.297,2.924,0.3730000000000002,0.0118,4.892999999999999
TFM-QP,toluene,stda,-3.67e-08,2.5e-09,3.29,2.93,0.3599999999999999,0.0147,4.7989999999999995
TFM-QP,toluene,stddft,-5.97e-08,2.96e-08,3.278,2.9,0.3780000000000001,0.0071,4.7989999999999995
TMAB,gas,stda,5.5e-08,-8.95e-08,3.983,3.558,0.42500000000000027,0.0538,5.798
TMAB,gas,stddft,6.24e-08,-1.798e-07,3.974,3.536,0.43800000000000017,0.0469,5.798
TMAB,toluene,stda,-2.54e-08,-5.65e-08,4.042,3.474,0.5679999999999996,0.0837,5.937
TMAB,toluene,stddft,-2.16e-08,-1.78e-08,3.96,3.453,0.5070000000000001,0.0685,5.937
TMDBP,gas,stda,-6.91e-08,-3.15e-08,3.939,3.357,0.5819999999999999,0.1578,7.646000000000001
TMDBP,gas,stddft,2.92e-08,9.29e-08,3.895,3.32,0.5750000000000002,0.2,7.646000000000001
TMDBP,toluene,stda,-1.298e-07,1.34e-08,3.953,3.358,0.5949999999999998,0.1896,7.653
TMDBP,toluene,stddft,1.196e-07,3.15e-08,3.907,3.323,0.5840000000000001,0.2329,7.653
TMOE,gas,stda,3e-09,-6.58e-08,3.677,2.911,0.766,0.7044,6.937
TMOE,gas,stddft,-1.5e-09,4.98e-08,3.615,2.873,0.742,0.58,6.937
TMOE,toluene,stda,4.13e-08,4.22e-08,3.715,2.947,0.7679999999999998,0.737,6.971000000000001
TMOE,toluene,stddft,4.82e-08,5.2e-08,3.655,2.909,0.746,0.6091,6.971000000000001
TNPZ,gas,stda,-5e-10,-2.08e-08,3.296,3.078,0.21799999999999997,0.0071,5.183
TNPZ,gas,stddft,-1e-09,-3e-10,3.296,3.05,0.246,0.0072,5.183
TNPZ,toluene,stda,-7.3e-09,9.2e-09,3.277,3.052,0.2250000000000001,0.0067,5.171999999999999
TNPZ,toluene,stddft,3.1e-09,4.4e-08,3.275,3.023,0.2519999999999998,0.0068,5.171999999999999
TPA-2,gas,stda,3.76e-08,-5.18e-08,2.518,2.378,0.13999999999999968,0.0054,4.538
TPA-2,gas,stddft,-1.05e-08,-9.1e-09,2.517,2.357,0.1599999999999997,0.0055,4.538
TPA-2,toluene,stda,-1.2e-08,3.47e-08,2.453,2.13,0.32299999999999995,0.0484,4.343
TPA-2,toluene,stddft,-2.32e-08,8.8e-09,2.448,2.108,0.33999999999999986,0.0812,4.343
TPA-AN-NA,gas,stda,-2.7e-08,9.12e-08,3.232,2.281,0.9510000000000001,0.8182,5.784999999999999
TPA-AN-NA,gas,stddft,-6.2e-08,-1.462e-07,3.08,2.212,0.8679999999999999,0.5647,5.784999999999999
TPA-AN-NA,toluene,stda,-3.53e-08,-1.41e-07,3.232,2.281,0.9510000000000001,0.7717,5.742
TPA-AN-NA,toluene,stddft,4.9e-09,-1.087e-07,3.078,2.211,0.867,0.5279,5.742
TPA-AP,gas,stda,-8.95e-08,-1.503e-07,3.537,2.985,0.552,0.1889,5.433
TPA-AP,gas,stddft,-8.14e-08,-5.59e-08,3.516,2.935,0.581,0.1722,5.433
TPA-AP,toluene,stda,-8.47e-08,-1.16e-08,3.519,2.976,0.5430000000000001,0.2175,5.3100000000000005
TPA-AP,toluene,stddft,7.1e-09,-7.96e-08,3.498,2.927,0.5710000000000002,0.1955,5.3100000000000005
TPA-APm,gas,stda,1.32e-08,-4.64e-08,2.656,2.637,0.019000000000000128,0.0002,5.375
TPA-APm,gas,stddft,2.37e-08,1.05e-07,2.655,2.604,0.05099999999999971,0.0002,5.375
TPA-APm,toluene,stda,1.54e-08,-5.92e-08,2.636,2.529,0.1070000000000002,0.0003,5.2429999999999986
TPA-APm,toluene,stddft,4.7e-09,-9.3e-09,2.635,2.495,0.13999999999999968,0.0004,5.2429999999999986
TPA-APy,gas,stda,8e-10,-2e-10,2.796,2.831,-0.03500000000000014,0.002,5.373000000000001
TPA-APy,gas,stddft,-6.1e-09,-9.7e-09,2.794,2.829,-0.03500000000000014,0.002,5.373000000000001
TPA-APy,toluene,stda,-4e-10,3.3e-09,2.745,2.779,-0.03399999999999981,0.0035,5.218
TPA-APy,toluene,stddft,-3.5e-09,-2.1e-09,2.743,2.777,-0.03400000000000025,0.0035,5.218
TPA-BT-Q,gas,stda,-6.97e-08,-1.7e-08,4.076,3.492,0.5839999999999996,0.3453,7.483
TPA-BT-Q,gas,stddft,4.71e-08,1.7e-09,4.039,3.469,0.5699999999999998,0.351,7.483
TPA-BT-Q,toluene,stda,4.06e-08,4.03e-08,4.057,3.481,0.5760000000000005,0.5085,7.496
TPA-BT-Q,toluene,stddft,3.15e-08,-5.95e-08,4.02,3.458,0.5619999999999994,0.434,7.496
TPA-CN-N4,gas,stda,6e-10,-3.57e-08,3.218,3.152,0.06599999999999984,0.007,7.2440000000000015
TPA-CN-N4,gas,stddft,-6e-10,7.7e-08,3.217,3.102,0.11500000000000021,0.007,7.2440000000000015
TPA-CN-N4,toluene,stda,-0.0,5.29e-08,3.215,3.133,0.08199999999999985,0.007,7.2379999999999995
TPA-CN-N4,toluene,stddft,-4e-10,3.95e-08,3.214,3.083,0.13099999999999978,0.007,7.2379999999999995
TPA-CN-N4-2PY,gas,stda,-2.69e-08,1.46e-08,3.754,3.198,0.556,0.8656,6.8180000000000005
TPA-CN-N4-2PY,gas,stddft,4.81e-08,-7.4e-09,3.716,3.165,0.5510000000000002,0.7377,6.8180000000000005
TPA-CN-N4-2PY,toluene,stda,2.69e-08,1.34e-08,3.735,3.15,0.585,0.829,6.712
TPA-CN-N4-2PY,toluene,stddft,3.48e-08,3.42e-08,3.695,3.115,0.5799999999999996,0.6874,6.712
TPA-DCPP,gas,stda,4.61e-08,4.64e-08,3.641,3.249,0.3919999999999999,0.901,5.455
TPA-DCPP,gas,stddft,-4.3e-09,-4.34e-08,3.626,3.225,0.4009999999999998,0.8525,5.455
TPA-DCPP,toluene,stda,5.93e-08,3.08e-08,3.461,3.066,0.395,0.947,5.084
TPA-DCPP,toluene,stddft,-1.242e-07,1.86e-08,3.445,3.044,0.4009999999999998,0.8922,5.084
TPA-DPPI,gas,stda,4e-09,-1.1e-08,3.859,3.46,0.399,1.3103,6.49
TPA-DPPI,gas,stddft,1.14e-08,5.1e-09,3.828,3.432,0.3959999999999999,1.143,6.49
TPA-DPPI,toluene,stda,-3.32e-08,-4.64e-08,3.879,3.458,0.4209999999999998,0.1293,6.564
TPA-DPPI,toluene,stddft,-5.91e-08,-7.26e-08,3.842,3.429,0.41300000000000026,0.0604,6.564
TPA-L-BN,gas,stda,1e-09,1.27e-08,3.955,3.418,0.5369999999999999,0.3396,6.6579999999999995
TPA-L-BN,gas,stddft,-4.9e-09,-6.13e-08,3.914,3.394,0.52,0.2941,6.6579999999999995
TPA-L-BN,toluene,stda,-2.95e-08,-5.7e-09,3.915,3.411,0.504,0.0826,6.61
TPA-L-BN,toluene,stddft,1.3e-09,1.003e-07,3.874,3.388,0.4860000000000002,0.0628,6.61
TPA-NZP,gas,stda,4.58e-08,-1.028e-07,2.866,1.862,1.004,1.0929,5.436999999999999
TPA-NZP,gas,stddft,-5.96e-08,1.229e-07,2.707,1.778,0.9289999999999998,0.7557,5.436999999999999
TPA-NZP,toluene,stda,3.88e-08,-1.017e-07,2.837,1.852,0.9850000000000001,1.0541,5.321
TPA-NZP,toluene,stddft,-2.81e-08,-5.99e-08,2.681,1.768,0.913,0.7373,5.321
TPA-PPO,gas,stda,-5.7e-09,3.32e-08,3.562,2.927,0.6349999999999998,2.1444,6.143
TPA-PPO,gas,stddft,-5.94e-08,-5.16e-08,3.529,2.888,0.641,1.9195,6.143
TPA-PPO,toluene,stda,-7.43e-08,-8.71e-08,3.517,2.921,0.5960000000000001,2.1353,5.973
TPA-PPO,toluene,stddft,5.42e-08,-7.25e-08,3.486,2.882,0.6040000000000001,1.9188,5.973
TPA-PZCN,gas,stda,4.8e-09,-1.041e-07,3.269,3.027,0.242,0.0075,5.0120000000000005
TPA-PZCN,gas,stddft,-1.1e-09,-7.22e-08,3.267,2.995,0.2719999999999998,0.0082,5.0120000000000005
TPA-PZCN,toluene,stda,-2.9e-09,-1.17e-07,3.265,2.919,0.3460000000000001,0.7843,4.8740000000000006
TPA-PZCN,toluene,stddft,-1.91e-08,-7.78e-08,3.24,2.892,0.3480000000000003,1.2133,4.8740000000000006
TPA-PyF2,gas,stda,-7.4e-09,2.2e-09,4.025,3.522,0.5030000000000006,0.335,6.744
TPA-PyF2,gas,stddft,-6.53e-08,2.17e-08,3.992,3.499,0.4929999999999999,0.0792,6.744
TPA-PyF2,toluene,stda,-9e-10,-3e-09,3.941,3.485,0.45599999999999996,0.0467,6.768999999999999
TPA-PyF2,toluene,stddft,4.38e-08,1.66e-08,3.899,3.463,0.43599999999999994,0.0379,6.768999999999999
TPA-PyI,gas,stda,-1.354e-07,1.16e-08,3.836,3.376,0.45999999999999996,1.8102,6.669999999999999
TPA-PyI,gas,stddft,-6.09e-08,-1.079e-07,3.813,3.349,0.46399999999999997,1.6477,6.669999999999999
TPA-PyI,toluene,stda,2.81e-08,6.37e-08,3.822,3.372,0.4500000000000002,1.801,6.680000000000001
TPA-PyI,toluene,stddft,-3.3e-09,-9.17e-08,3.8,3.345,0.4549999999999996,1.6416,6.680000000000001
TPACzPI,gas,stda,-4.02e-08,-1.21e-08,3.785,3.38,0.40500000000000025,0.0824,6.663
TPACzPI,gas,stddft,-1.423e-07,-5.71e-08,3.72,3.358,0.3620000000000001,0.0707,6.663
TPACzPI,toluene,stda,4.8e-09,-5.17e-08,3.767,3.388,0.379,0.6165,6.538
TPACzPI,toluene,stddft,-1.2e-09,-1.174e-07,3.721,3.366,0.355,0.1491,6.538
TPADSO2,gas,stda,-2.58e-08,-2.46e-08,3.681,3.139,0.5420000000000003,1.1537,6.841999999999999
TPADSO2,gas,stddft,-1e-10,-6.81e-08,3.637,3.111,0.5259999999999998,1.0344,6.841999999999999
TPADSO2,toluene,stda,-8.17e-08,-1.133e-07,3.586,3.041,0.5449999999999999,1.2069,6.582999999999999
TPADSO2,toluene,stddft,8e-09,5.05e-08,3.539,3.014,0.5250000000000004,1.077,6.582999999999999
TPAPm,gas,stda,4.13e-08,4.02e-08,3.487,2.856,0.6310000000000002,2.0,6.199000000000001
TPAPm,gas,stddft,4.49e-08,-1.82e-08,3.463,2.829,0.6339999999999999,1.8451,6.199000000000001
TPAPm,toluene,stda,-3.56e-08,1.93e-08,3.369,2.727,0.6420000000000003,2.0825,6.052
TPAPm,toluene,stddft,-5.5e-08,-8.6e-09,3.341,2.699,0.6420000000000003,1.9133,6.052
TPAPyPI,gas,stda,-2.71e-08,-8.09e-08,3.688,2.736,0.952,0.0111,5.881
TPAPyPI,gas,stddft,-3.61e-08,-5.98e-08,3.6,2.668,0.9319999999999999,0.18,5.881
TPAPyPI,toluene,stda,-1.42e-08,-1.058e-07,3.678,2.727,0.9510000000000001,0.0487,5.782
TPAPyPI,toluene,stddft,1.06e-08,-6.69e-08,3.618,2.658,0.96,0.5593,5.782
TPA–2PPITPA,gas,stda,-5.54e-08,3.66e-08,3.846,3.474,0.3719999999999999,0.4272,6.593999999999999
TPA–2PPITPA,gas,stddft,-4.73e-08,-9.08e-08,3.817,3.453,0.3640000000000003,0.3862,6.593999999999999
TPA–2PPITPA,toluene,stda,6e-10,-3.71e-08,3.846,3.482,0.3639999999999999,1.2335,6.508
TPA–2PPITPA,toluene,stddft,3.5e-09,4.86e-08,3.822,3.459,0.363,1.0918,6.508
TPA–2SPPITPA,gas,stda,4.67e-08,-1.57e-08,3.505,2.892,0.613,0.7535,5.994000000000001
TPA–2SPPITPA,gas,stddft,6.01e-08,-6e-10,3.483,2.852,0.6310000000000002,0.7518,5.994000000000001
TPA–2SPPITPA,toluene,stda,7.53e-08,-3.93e-08,3.441,2.818,0.6229999999999998,0.4404,5.853000000000001
TPA–2SPPITPA,toluene,stddft,-7.46e-08,1.04e-07,3.408,2.777,0.6309999999999998,0.4906,5.853000000000001
TPA–DAP–TPA,gas,stda,1.37e-08,-1.147e-07,3.222,2.309,0.9129999999999998,2.076,5.746
TPA–DAP–TPA,gas,stddft,-1.271e-07,2.54e-08,3.124,2.242,0.8820000000000001,1.566,5.746
TPA–DAP–TPA,toluene,stda,8.12e-08,4.35e-08,3.206,2.3,0.9060000000000001,2.1293,5.675
TPA–DAP–TPA,toluene,stddft,-2.14e-08,-9.52e-08,3.111,2.233,0.8780000000000001,1.6098,5.675
TPB-AC,gas,stda,-2.32e-08,-2.76e-08,3.867,3.384,0.4830000000000001,0.9884,6.3069999999999995
TPB-AC,gas,stddft,-5.15e-08,6.25e-08,3.837,3.36,0.4770000000000003,0.8853,6.3069999999999995
TPB-AC,toluene,stda,-1.61e-08,-6e-08,3.9,3.419,0.48099999999999987,1.0634,6.196
TPB-AC,toluene,stddft,9.92e-08,-3.4e-09,3.872,3.395,0.47699999999999987,0.9542,6.196
TPBPPI-PBI,gas,stda,-9.8e-09,6.87e-08,3.936,3.6,0.33599999999999985,0.1292,6.9270000000000005
TPBPPI-PBI,gas,stddft,-3.75e-08,9.9e-09,3.899,3.57,0.3290000000000002,0.1225,6.9270000000000005
TPBPPI-PBI,toluene,stda,-2.5e-08,1.238e-07,3.871,3.54,0.33099999999999996,0.1928,7.029999999999999
TPBPPI-PBI,toluene,stddft,-4.31e-08,6.57e-08,3.831,3.512,0.31899999999999995,0.1788,7.029999999999999
TPBPPI-PY,gas,stda,-2.59e-08,-1.393e-07,3.962,3.547,0.41500000000000004,0.136,7.121
TPBPPI-PY,gas,stddft,1.63e-08,1.77e-08,3.928,3.515,0.4129999999999998,0.1292,7.121
TPBPPI-PY,toluene,stda,3.6e-08,-1.15e-07,3.894,3.493,0.40100000000000025,0.2671,7.1770000000000005
TPBPPI-PY,toluene,stddft,-1.13e-08,-2.41e-08,3.857,3.463,0.39400000000000013,0.2479,7.1770000000000005
TPD4PA,gas,stda,4.9e-08,1.7e-09,3.286,2.893,0.39300000000000024,0.2709,6.127999999999999
TPD4PA,gas,stddft,-6.94e-08,-1.65e-08,3.227,2.873,0.35399999999999965,0.2336,6.127999999999999
TPD4PA,toluene,stda,-2.88e-08,-4.1e-09,3.288,2.887,0.4009999999999998,0.2559,5.9670000000000005
TPD4PA,toluene,stddft,-5.03e-08,2.34e-08,3.231,2.866,0.36499999999999977,0.2209,5.9670000000000005
TPM2CN,gas,stda,2e-10,1.4e-09,3.764,3.357,0.4069999999999996,0.9447,6.149
TPM2CN,gas,stddft,-5.1e-09,-2.33e-08,3.735,3.327,0.4079999999999999,0.8261,6.149
TPM2CN,toluene,stda,1.29e-08,-5.44e-08,3.749,3.354,0.395,0.8176,5.999999999999999
TPM2CN,toluene,stddft,-1.121e-07,6.03e-08,3.718,3.323,0.395,0.7091,5.999999999999999
TPSi-F,gas,stda,5.32e-08,-3.46e-08,4.668,3.838,0.8300000000000001,0.3428,8.285
TPSi-F,gas,stddft,-7.32e-08,-8.01e-08,4.605,3.799,0.8060000000000005,0.3388,8.285
TPSi-F,toluene,stda,-5.21e-08,6.89e-08,4.637,3.828,0.8089999999999997,0.3302,8.275
TPSi-F,toluene,stddft,1.033e-07,-6.64e-08,4.576,3.79,0.7859999999999996,0.3184,8.275
TPTI,gas,stda,7.6e-09,-4.29e-08,3.233,2.569,0.6640000000000001,0.1816,6.62
TPTI,gas,stddft,5.7e-09,-2.49e-08,3.112,2.537,0.5750000000000002,0.1426,6.62
TPTI,toluene,stda,-2.56e-08,4e-09,3.215,2.55,0.665,0.1809,6.591000000000001
TPTI,toluene,stddft,2.55e-08,-3.31e-08,3.094,2.518,0.5760000000000001,0.1422,6.591000000000001
TPXZ-as-TAZ,gas,stda,-4.26e-08,2.03e-08,3.033,2.826,0.20699999999999985,0.4392,5.093999999999999
TPXZ-as-TAZ,gas,stddft,3.95e-08,-2.96e-08,3.025,2.815,0.20999999999999996,0.4781,5.093999999999999
TPXZ-as-TAZ,toluene,stda,-3.62e-08,-1.16e-08,2.926,2.699,0.2270000000000003,0.4911,5.212000000000001
TPXZ-as-TAZ,toluene,stddft,1.82e-08,-1.15e-08,2.909,2.689,0.21999999999999975,0.4546,5.212000000000001
TPXZ–as-TAZ,gas,stda,-2.35e-08,-1.09e-08,3.035,2.821,0.21399999999999997,0.6806,5.089
TPXZ–as-TAZ,gas,stddft,3.72e-08,2.8e-09,3.024,2.811,0.21300000000000008,0.6685,5.089
TPXZ–as-TAZ,toluene,stda,-3.7e-08,9.58e-08,2.885,2.832,0.052999999999999936,0.0414,5.196999999999999
TPXZ–as-TAZ,toluene,stddft,-4.1e-08,5.08e-08,2.881,2.812,0.06899999999999995,0.0404,5.196999999999999
TRZ-3SO2,gas,stda,-7.1e-09,-5.7e-09,4.205,4.137,0.0680000000000005,0.0056,7.697
TRZ-3SO2,gas,stddft,6.8e-09,5.22e-08,4.204,4.103,0.10099999999999998,0.0055,7.697
TRZ-3SO2,toluene,stda,4.6e-09,-3.22e-08,4.122,4.139,-0.017000000000000348,0.0011,7.832000000000001
TRZ-3SO2,toluene,stddft,-8.5e-09,-7.75e-08,4.12,4.132,-0.011999999999999567,0.0011,7.832000000000001
TRZ-pIC,gas,stda,-4.43e-08,-3.8e-08,3.198,2.697,0.5009999999999999,0.3913,5.842999999999999
TRZ-pIC,gas,stddft,1.084e-07,8.91e-08,3.103,2.67,0.4330000000000003,0.3089,5.842999999999999
TRZ-pIC,toluene,stda,-3.02e-08,-5.04e-08,3.178,2.675,0.5030000000000001,0.3844,5.7860000000000005
TRZ-pIC,toluene,stddft,-3.91e-08,-4.9e-08,3.082,2.648,0.4339999999999997,0.3027,5.7860000000000005
TRZ3DPA,gas,stda,-3.31e-08,6.17e-08,3.5,2.97,0.5299999999999998,1.5555,6.399
TRZ3DPA,gas,stddft,-1.05e-08,-1.7e-09,3.473,2.942,0.5309999999999997,1.4346,6.399
TRZ3DPA,toluene,stda,-1.94e-08,1.48e-08,3.485,2.936,0.5489999999999999,1.6313,6.422
TRZ3DPA,toluene,stddft,1.65e-08,-4.58e-08,3.457,2.907,0.5499999999999998,1.4985,6.422
TS-1,gas,stda,-5.47e-08,-3.01e-08,3.861,3.407,0.4540000000000002,0.2239,7.606999999999999
TS-1,gas,stddft,1.67e-08,-2.18e-08,3.788,3.384,0.4039999999999999,0.1926,7.606999999999999
TS-1,toluene,stda,-9.78e-08,5.84e-08,3.874,3.421,0.4530000000000003,0.2631,7.608
TS-1,toluene,stddft,-1.107e-07,2.82e-08,3.803,3.399,0.4039999999999999,0.2262,7.608
TSBFB,gas,stda,-7.35e-08,1.45e-08,4.485,3.734,0.7510000000000003,2.2068,7.666
TSBFB,gas,stddft,7.71e-08,-1.84e-08,4.448,3.695,0.7530000000000006,1.9625,7.666
TSBFB,toluene,stda,1.74e-08,5.19e-08,4.456,3.729,0.7270000000000003,1.4771,7.651
TSBFB,toluene,stddft,-5.48e-08,5.2e-09,4.419,3.691,0.7279999999999998,1.3087,7.651
TX-CzPh,gas,stda,-3.61e-08,3.64e-08,3.596,2.884,0.7120000000000002,0.1698,6.438999999999999
TX-CzPh,gas,stddft,2.69e-08,-6.42e-08,3.485,2.859,0.6259999999999999,0.1314,6.438999999999999
TX-CzPh,toluene,stda,-2.21e-08,4.45e-08,3.62,2.904,0.7160000000000002,0.175,6.367999999999999
TX-CzPh,toluene,stddft,6.2e-08,3.66e-08,3.51,2.877,0.633,0.1368,6.367999999999999
TXO-P-Si,gas,stda,-1.59e-08,-1.64e-08,3.534,3.543,-0.009000000000000341,0.0005,7.4
TXO-P-Si,gas,stddft,4.48e-08,7.2e-09,3.532,3.542,-0.009999999999999787,0.0004,7.4
TXO-P-Si,toluene,stda,-3.46e-08,2.5e-08,3.625,3.63,-0.004999999999999893,0.0002,7.349
TXO-P-Si,toluene,stddft,-2.74e-08,-1.93e-08,3.624,3.629,-0.004999999999999893,0.0002,7.349
TXO-TPA,gas,stda,6.05e-08,4.84e-08,3.606,3.186,0.41999999999999993,0.0019,5.630000000000001
TXO-TPA,gas,stddft,2.7e-08,-2.53e-08,3.605,3.159,0.4460000000000002,0.0035,5.630000000000001
TXO-TPA,toluene,stda,8.3e-09,-3.71e-08,3.604,3.127,0.4770000000000003,0.1449,5.378
TXO-TPA,toluene,stddft,-4.55e-08,1.17e-08,3.592,3.101,0.4910000000000001,0.5004,5.378
Tri-PXZ-PCN,gas,stda,1.6e-08,-2.83e-08,2.868,2.582,0.28600000000000003,0.6123,4.793999999999999
Tri-PXZ-PCN,gas,stddft,7.39e-08,1.94e-08,2.849,2.572,0.27700000000000014,0.5454,4.793999999999999
Tri-PXZ-PCN,toluene,stda,9.8e-09,-5.18e-08,2.872,2.581,0.2909999999999999,0.5192,4.8420000000000005
Tri-PXZ-PCN,toluene,stddft,-1.48e-08,2.07e-08,2.851,2.57,0.28100000000000014,0.4646,4.8420000000000005
TrisCz-Trz,gas,stda,2.62e-08,3.38e-08,3.628,3.389,0.23900000000000032,0.0766,6.435999999999999
TrisCz-Trz,gas,stddft,-3.93e-08,1.112e-07,3.609,3.369,0.23999999999999977,0.0754,6.435999999999999
TrisCz-Trz,toluene,stda,-1.85e-08,3.1e-09,3.781,3.417,0.3640000000000003,0.1057,6.734
TrisCz-Trz,toluene,stddft,2.98e-08,1.5e-08,3.764,3.395,0.3689999999999998,0.1082,6.734
UGH3,gas,stda,-4.09e-08,3.82e-08,5.244,5.246,-0.002000000000000668,0.0002,9.927
UGH3,gas,stddft,-2.34e-08,-4.96e-08,5.215,5.202,0.0129999999999999,0.0002,9.927
UGH3,toluene,stda,3.66e-08,4.03e-08,5.214,5.189,0.025000000000000355,0.0003,9.947
UGH3,toluene,stddft,-2.55e-08,-5.73e-08,5.187,5.145,0.0420000000000007,0.0003,9.947
VBC-PTZ,gas,stda,-2.02e-08,7.43e-08,3.156,2.544,0.6120000000000001,1.2251,6.047
VBC-PTZ,gas,stddft,-2.93e-08,5.73e-08,3.113,2.505,0.6080000000000001,1.062,6.047
VBC-PTZ,toluene,stda,3.7e-09,-7.35e-08,3.038,2.354,0.6839999999999997,1.2758,5.808000000000002
VBC-PTZ,toluene,stddft,-7.5e-09,-8.07e-08,2.986,2.309,0.677,1.0905,5.808000000000002
VBN0,gas,stda,2.01e-08,-5.76e-08,3.657,3.204,0.45299999999999985,0.4964,6.815
VBN0,gas,stddft,7.55e-08,2.46e-08,3.623,3.18,0.44300000000000006,0.4566,6.815
VBN0,toluene,stda,1.44e-08,1.393e-07,3.656,3.145,0.5110000000000001,0.5364,6.8149999999999995
VBN0,toluene,stddft,-3.47e-08,2.16e-08,3.613,3.121,0.492,0.4794,6.8149999999999995
V–TPA,gas,stda,7.5e-09,2.96e-08,3.837,3.464,0.3730000000000002,1.0765,6.631
V–TPA,gas,stddft,9.58e-08,2e-09,3.805,3.44,0.3650000000000002,0.9371,6.631
V–TPA,toluene,stda,-3.56e-08,1.09e-07,3.826,3.437,0.38900000000000023,1.043,6.435
V–TPA,toluene,stddft,8.1e-09,-2.91e-08,3.794,3.414,0.3799999999999999,0.9066,6.435
XCBP,gas,stda,4.24e-08,-4.1e-09,3.86,3.399,0.46099999999999985,0.2014,6.4559999999999995
XCBP,gas,stddft,-3.33e-08,4.04e-08,3.789,3.375,0.41400000000000015,0.1661,6.4559999999999995
XCBP,toluene,stda,5.3e-09,-6.49e-08,3.461,3.384,0.07699999999999996,0.0008,6.371
XCBP,toluene,stddft,1.545e-07,-8.82e-08,3.46,3.359,0.10099999999999998,0.0007,6.371
XPhos,gas,stda,6e-09,1.141e-07,4.17,3.024,1.146,0.5927,7.753
XPhos,gas,stddft,5.7e-09,9.28e-08,4.037,2.974,1.0629999999999997,0.4492,7.753
XPhos,toluene,stda,1.48e-08,-5e-08,4.165,3.048,1.117,0.5139,7.8
XPhos,toluene,stddft,1.072e-07,8.88e-08,4.039,3.0,1.0389999999999997,0.3945,7.8
XT-T,gas,stda,-3.87e-08,1.47e-08,4.013,3.509,0.504,0.0316,7.529
XT-T,gas,stddft,-3.41e-08,1.43e-08,3.983,3.483,0.5,0.0329,7.529
XT-T,toluene,stda,7.5e-09,4.3e-08,4.152,3.595,0.5569999999999999,0.0476,7.741
XT-T,toluene,stddft,-4.2e-08,-8.29e-08,4.11,3.572,0.5380000000000003,0.034,7.741
Xm-mCP,gas,stda,-6.81e-08,-5.75e-08,3.884,3.253,0.6309999999999998,0.2301,6.441
Xm-mCP,gas,stddft,1.46e-08,2.75e-08,3.809,3.228,0.581,0.0509,6.441
Xm-mCP,toluene,stda,7.8e-09,1.75e-08,3.805,3.286,0.5190000000000001,0.0019,6.421999999999999
Xm-mCP,toluene,stddft,3.37e-08,1.131e-07,3.803,3.259,0.544,0.0045,6.421999999999999
Xp-mCP,gas,stda,-4.78e-08,-1.14e-08,3.904,3.259,0.645,0.1881,6.442
Xp-mCP,gas,stddft,1.056e-07,3.85e-08,3.806,3.232,0.5739999999999998,0.1419,6.442
Xp-mCP,toluene,stda,-1.28e-08,-4.43e-08,3.877,3.297,0.5799999999999996,0.0069,6.325
Xp-mCP,toluene,stddft,-3.22e-08,4.78e-08,3.833,3.268,0.5650000000000004,0.1788,6.325
Yad,gas,stda,2.86e-08,-3.66e-08,3.353,2.838,0.5150000000000001,0.2857,6.390000000000001
Yad,gas,stddft,-6.9e-09,-2.53e-08,3.28,2.81,0.46999999999999975,0.2304,6.390000000000001
Yad,toluene,stda,-4.65e-08,3.27e-08,3.316,2.799,0.5169999999999999,0.2926,6.417999999999999
Yad,toluene,stddft,3.31e-08,-2.12e-08,3.242,2.771,0.4710000000000001,0.2365,6.417999999999999
Z-o-DHMPA,gas,stda,5.61e-08,-1.019e-07,3.223,2.219,1.004,0.3853,6.386000000000001
Z-o-DHMPA,gas,stddft,4.29e-08,-1.41e-08,3.037,2.147,0.8900000000000001,0.2648,6.386000000000001
Z-o-DHMPA,toluene,stda,-1.13e-08,9.3e-08,3.285,2.266,1.0190000000000001,0.3588,6.448
Z-o-DHMPA,toluene,stddft,-4.75e-08,2.94e-08,3.097,2.193,0.9039999999999999,0.2481,6.448
ZDN,gas,stda,2.09e-08,4.5e-09,3.831,3.425,0.40600000000000014,0.104,7.098999999999999
ZDN,gas,stddft,-2.04e-08,4.57e-08,3.77,3.402,0.3679999999999999,0.0856,7.098999999999999
ZDN,toluene,stda,6.56e-08,-5.59e-08,3.826,3.405,0.42100000000000026,0.1089,7.1209999999999996
ZDN,toluene,stddft,1.4e-09,-3.19e-08,3.763,3.382,0.3809999999999998,0.0904,7.1209999999999996
ZDZ,gas,stda,1.07e-08,5e-10,3.77,3.388,0.3820000000000001,0.0854,7.056
ZDZ,gas,stddft,5.21e-08,9.82e-08,3.708,3.372,0.3360000000000003,0.0698,7.056
ZDZ,toluene,stda,6.01e-08,5.89e-08,3.774,3.389,0.38500000000000023,0.0882,7.095000000000001
ZDZ,toluene,stddft,-1.071e-07,5.78e-08,3.711,3.372,0.33899999999999997,0.072,7.095000000000001
[BMIM][PF6],gas,stda,2.8e-09,9.85e-08,4.604,3.817,0.7869999999999999,0.1939,8.286
[BMIM][PF6],gas,stddft,-1.2e-08,4.07e-08,4.551,3.777,0.774,0.3068,8.286
[BMIM][PF6],toluene,stda,-3.28e-08,5.46e-08,4.562,3.8,0.7620000000000005,0.3002,8.267999999999999
[BMIM][PF6],toluene,stddft,2.35e-08,8.62e-08,4.504,3.761,0.7429999999999994,0.324,8.267999999999999
arylene,gas,stda,9.5e-09,-7.49e-08,3.848,3.392,0.45599999999999996,1.1827,7.059
arylene,gas,stddft,-9.47e-08,4.71e-08,3.802,3.362,0.43999999999999995,0.9396,7.059
arylene,toluene,stda,-2.12e-08,-6.44e-08,3.855,3.39,0.46499999999999986,1.2051,6.99
arylene,toluene,stddft,-8.16e-08,-1.69e-08,3.809,3.36,0.4490000000000003,0.9453,6.99
benzoxazole,gas,stda,1.2e-08,1.39e-07,3.663,2.991,0.6719999999999997,0.3092,7.247000000000001
benzoxazole,gas,stddft,6.8e-09,-6.02e-08,3.605,2.95,0.6549999999999998,0.2682,7.247000000000001
benzoxazole,toluene,stda,3.27e-08,-2.04e-08,3.541,2.882,0.6589999999999998,0.3316,7.1
benzoxazole,toluene,stddft,-2.12e-08,-2.82e-08,3.483,2.842,0.641,0.2851,7.1
bpipH,gas,stda,-8.6e-09,-4.25e-08,3.839,3.202,0.637,0.5819,7.199
bpipH,gas,stddft,2.88e-08,-4.92e-08,3.764,3.171,0.593,0.515,7.199
bpipH,toluene,stda,5.41e-08,-3.4e-09,3.85,3.224,0.6259999999999999,0.5233,7.237
bpipH,toluene,stddft,4.4e-09,5.08e-08,3.776,3.192,0.5839999999999996,0.4709,7.237
c-D2T,gas,stda,-3.87e-08,-2.95e-08,3.56,3.344,0.2160000000000002,0.2903,5.952999999999999
c-D2T,gas,stddft,1.88e-08,5.81e-08,3.547,3.334,0.21300000000000008,0.2683,5.952999999999999
c-D2T,toluene,stda,-4.92e-08,9.58e-08,3.766,3.348,0.41800000000000015,0.1118,6.048
c-D2T,toluene,stddft,1.66e-08,5.1e-08,3.699,3.327,0.3719999999999999,0.1562,6.048
cyclohexanone,gas,stda,9.55e-08,2.21e-08,4.554,3.783,0.7710000000000004,0.3688,8.231000000000002
cyclohexanone,gas,stddft,-3.89e-08,-2.96e-08,4.491,3.746,0.7449999999999997,0.417,8.231000000000002
cyclohexanone,toluene,stda,-7.93e-08,-8.1e-08,4.521,3.78,0.7410000000000001,0.3798,8.235
cyclohexanone,toluene,stddft,-1.09e-07,5.44e-08,4.458,3.742,0.7160000000000002,0.3899,8.235
czpzpy,gas,stda,-4.7e-08,-3.71e-08,3.611,3.086,0.5250000000000004,0.3712,7.109999999999999
czpzpy,gas,stddft,1.186e-07,4.86e-08,3.535,3.059,0.476,0.3035,7.109999999999999
czpzpy,toluene,stda,4.12e-08,8e-09,3.631,3.105,0.5259999999999998,0.3709,7.1499999999999995
czpzpy,toluene,stddft,5.8e-08,1.05e-08,3.555,3.078,0.4770000000000003,0.3035,7.1499999999999995
dTolmp,gas,stda,1.09e-08,1.009e-07,5.055,4.991,0.06400000000000006,0.0006,9.551000000000002
dTolmp,gas,stddft,4.65e-08,-1.28e-08,5.027,4.953,0.07399999999999984,0.0006,9.551000000000002
dTolmp,toluene,stda,5.07e-08,-1.22e-08,5.033,4.987,0.04600000000000026,0.0005,9.465
dTolmp,toluene,stddft,6.9e-09,-1.46e-08,5.005,4.955,0.04999999999999982,0.0005,9.465
dbG2TAZ,gas,stda,-4.2e-08,2.04e-08,3.649,3.049,0.6000000000000001,0.0401,7.039
dbG2TAZ,gas,stddft,7.51e-08,-1.368e-07,3.595,2.998,0.597,0.0378,7.039
dbG2TAZ,toluene,stda,-5.83e-08,9.98e-08,3.65,3.043,0.6069999999999998,0.0381,7.033
dbG2TAZ,toluene,stddft,-3.23e-08,7.08e-08,3.598,2.993,0.605,0.0359,7.033
diarylbiindole,gas,stda,-7.31e-08,1.279e-07,3.654,2.666,0.988,0.177,6.521
diarylbiindole,gas,stddft,2.091e-07,-7.47e-08,3.545,2.598,0.9470000000000001,0.6816,6.521
diarylbiindole,toluene,stda,6.32e-08,-3.55e-08,3.643,2.666,0.9769999999999999,0.1753,6.526
diarylbiindole,toluene,stddft,-1.69e-08,-2.9e-08,3.54,2.598,0.9420000000000002,0.6638,6.526
dpmb,gas,stda,1e-08,3.22e-08,4.979,4.818,0.16100000000000048,0.0009,9.117
dpmb,gas,stddft,3.53e-08,4.31e-08,4.951,4.779,0.1719999999999997,0.0009,9.117
dpmb,toluene,stda,-7.4e-09,5.7e-08,4.955,4.829,0.12600000000000033,0.0014,9.083
dpmb,toluene,stddft,-5.02e-08,-1.72e-08,4.927,4.79,0.13699999999999957,0.0014,9.083
dpmt,gas,stda,4.9e-09,-5.9e-09,5.105,4.056,1.0490000000000004,0.001,8.523
dpmt,gas,stddft,1.052e-07,-5.5e-08,5.076,4.011,1.0649999999999995,0.0013,8.523
dpmt,toluene,stda,-3.86e-08,-3.5e-08,5.09,4.041,1.0489999999999995,0.0014,8.492
dpmt,toluene,stddft,-6.62e-08,-8.49e-08,5.061,3.995,1.0659999999999998,0.002,8.492
ethylacetate,gas,stda,-2.2e-09,-1.9e-08,3.132,3.0,0.13200000000000012,0.0016,6.412
ethylacetate,gas,stddft,2.93e-08,-4.91e-08,3.124,2.984,0.14000000000000012,0.0016,6.412
ethylacetate,toluene,stda,4.51e-08,-1.79e-08,3.331,3.159,0.17200000000000015,0.0089,6.6259999999999994
ethylacetate,toluene,stddft,5e-10,-2.38e-08,3.321,3.139,0.18200000000000038,0.008,6.6259999999999994
iTPBI-CN,gas,stda,4.8e-08,4.38e-08,4.234,3.822,0.4119999999999999,0.2155,7.476999999999999
iTPBI-CN,gas,stddft,-6.1e-09,-6.9e-09,4.208,3.793,0.41500000000000004,0.204,7.476999999999999
iTPBI-CN,toluene,stda,6.12e-08,-2.55e-08,4.22,3.742,0.47799999999999976,0.1576,7.505
iTPBI-CN,toluene,stddft,-2.2e-09,8.55e-08,4.195,3.714,0.4810000000000003,0.155,7.505
indenoacridine,gas,stda,1.06e-08,4.79e-08,2.215,1.261,0.954,0.5263,5.074999999999999
indenoacridine,gas,stddft,-1.17e-08,1.033e-07,2.033,1.175,0.8579999999999999,0.3562,5.074999999999999
indenoacridine,toluene,stda,-3.55e-08,-5.25e-08,2.157,1.053,1.104,0.5573,4.917999999999999
indenoacridine,toluene,stddft,2.89e-08,3.47e-08,1.938,0.918,1.02,0.3653,4.917999999999999
m-CF3PIBI,gas,stda,4.78e-08,-4.47e-08,3.92,3.488,0.43199999999999994,0.3909,7.035000000000001
m-CF3PIBI,gas,stddft,5.88e-08,-1.43e-08,3.884,3.458,0.4259999999999997,0.3495,7.035000000000001
m-CF3PIBI,toluene,stda,3.4e-08,-1.94e-08,3.885,3.497,0.3879999999999999,0.3646,6.985
m-CF3PIBI,toluene,stddft,2.92e-08,-1.578e-07,3.847,3.467,0.3799999999999999,0.3266,6.985
m-CZ-DPS-DMAC,gas,stda,3.7e-09,-5.36e-08,3.854,3.43,0.42399999999999993,0.3929,6.928000000000001
m-CZ-DPS-DMAC,gas,stddft,-1.85e-08,4.46e-08,3.798,3.407,0.391,0.3319,6.928000000000001
m-CZ-DPS-DMAC,toluene,stda,4.2e-09,-2.07e-08,3.836,3.348,0.488,0.1224,7.033999999999999
m-CZ-DPS-DMAC,toluene,stddft,-1.054e-07,-4.59e-08,3.777,3.328,0.4490000000000003,0.0946,7.033999999999999
m-CzCNDMT,gas,stda,-3.1e-08,8e-10,3.941,3.529,0.4119999999999999,0.0945,7.579
m-CzCNDMT,gas,stddft,2.09e-08,1.6e-08,3.887,3.506,0.3810000000000002,0.0839,7.579
m-CzCNDMT,toluene,stda,-5.6e-09,4.56e-08,3.909,3.481,0.42799999999999994,0.1063,7.601000000000001
m-CzCNDMT,toluene,stddft,-1.4e-08,-2.3e-09,3.851,3.458,0.3929999999999998,0.0938,7.601000000000001
m-DHMPA,gas,stda,-4.05e-08,6.66e-08,3.258,2.248,1.0099999999999998,0.4347,6.390999999999999
m-DHMPA,gas,stddft,2e-09,-4.64e-08,3.076,2.177,0.899,0.3056,6.390999999999999
m-DHMPA,toluene,stda,4.26e-08,-4.09e-08,3.264,2.252,1.012,0.4262,6.401999999999999
m-DHMPA,toluene,stddft,1.2e-09,3.58e-08,3.083,2.181,0.9020000000000001,0.3009,6.401999999999999
m-DTPACO,gas,stda,-4.84e-08,-1.36e-08,3.445,3.018,0.42700000000000005,0.0319,6.091000000000001
m-DTPACO,gas,stddft,-4.71e-08,3.09e-08,3.414,2.995,0.41900000000000004,0.0294,6.091000000000001
m-DTPACO,toluene,stda,3.11e-08,-1.221e-07,3.253,2.793,0.45999999999999996,0.0471,5.905
m-DTPACO,toluene,stddft,1.137e-07,1.027e-07,3.218,2.769,0.44899999999999984,0.0442,5.905
m-PCzTPD,gas,stda,8.3e-09,4.03e-08,3.666,3.041,0.625,0.5189,6.457999999999999
m-PCzTPD,gas,stddft,2.13e-08,-3.51e-08,3.618,3.004,0.6139999999999999,0.5183,6.457999999999999
m-PCzTPD,toluene,stda,-3.21e-08,7.78e-08,3.59,2.926,0.6639999999999997,0.041,6.443
m-PCzTPD,toluene,stddft,6.8e-09,-6.8e-09,3.553,2.88,0.673,0.0592,6.443
m-PO-ABN,gas,stda,8.3e-09,5.5e-08,3.207,2.254,0.9529999999999998,0.6391,6.3580000000000005
m-PO-ABN,gas,stddft,-1.247e-07,-9.4e-09,3.048,2.185,0.863,0.4464,6.3580000000000005
m-PO-ABN,toluene,stda,-9.76e-08,1.052e-07,3.21,2.254,0.956,0.6178,6.3759999999999994
m-PO-ABN,toluene,stddft,-4.36e-08,-1.745e-07,3.049,2.183,0.8660000000000001,0.431,6.3759999999999994
m-TPA-AP-TPA,gas,stda,-7.31e-08,1.177e-07,3.201,2.254,0.9470000000000001,1.0744,5.738
m-TPA-AP-TPA,gas,stddft,-1.672e-07,6.71e-08,3.085,2.185,0.8999999999999999,0.7726,5.738
m-TPA-AP-TPA,toluene,stda,-1e-08,1.396e-07,3.199,2.274,0.9249999999999998,0.9434,5.79
m-TPA-AP-TPA,toluene,stddft,-1.311e-07,-5.57e-08,3.067,2.203,0.8640000000000003,0.6619,5.79
m-ν-DABNA,gas,stda,-6.81e-08,-5.73e-08,3.16,2.8,0.3600000000000003,0.8979,6.200000000000001
m-ν-DABNA,gas,stddft,9.4e-09,1.1e-08,3.116,2.78,0.3360000000000003,0.7834,6.200000000000001
m-ν-DABNA,toluene,stda,-9.5e-09,-5.27e-08,3.147,2.793,0.35399999999999965,0.8814,6.186999999999999
m-ν-DABNA,toluene,stddft,7.7e-09,3.13e-08,3.104,2.773,0.33099999999999996,0.7715,6.186999999999999
m2Cz2Trz,gas,stda,-4e-09,3.63e-08,3.472,3.216,0.2559999999999998,0.21,6.457
m2Cz2Trz,gas,stddft,-1.18e-08,-6.95e-08,3.451,3.202,0.2490000000000001,0.193,6.457
m2Cz2Trz,toluene,stda,1.39e-08,-7.41e-08,3.666,3.367,0.29899999999999993,0.2158,6.517
m2Cz2Trz,toluene,stddft,3.5e-08,-6.61e-08,3.644,3.35,0.29400000000000004,0.202,6.517
mAP,gas,stda,5.2e-08,6.52e-08,4.095,3.41,0.6849999999999996,0.0077,7.285
mAP,gas,stddft,-1.217e-07,-6.28e-08,4.047,3.378,0.6689999999999996,0.1246,7.285
mAP,toluene,stda,2.7e-08,-7.6e-09,4.082,3.385,0.6970000000000001,0.0939,7.351
mAP,toluene,stddft,-3.96e-08,-1.02e-08,4.026,3.353,0.6729999999999996,0.0591,7.351
mCBP,gas,stda,-2.25e-08,-2.8e-09,3.918,3.443,0.4750000000000001,0.1474,7.444999999999999
mCBP,gas,stddft,-2.5e-09,5.33e-08,3.853,3.42,0.4330000000000003,0.1266,7.444999999999999
mCBP,toluene,stda,-2.87e-08,-7.15e-08,3.907,3.423,0.484,0.1438,7.474
mCBP,toluene,stddft,-4.48e-08,2.33e-08,3.84,3.4,0.43999999999999995,0.1234,7.474
mCP,gas,stda,-2.29e-08,3.33e-08,3.906,3.415,0.4910000000000001,0.3371,7.554
mCP,gas,stddft,-1.067e-07,6.57e-08,3.841,3.391,0.4500000000000002,0.2854,7.554
mCP,toluene,stda,-5.04e-08,-7.8e-09,3.889,3.394,0.49499999999999966,0.3023,7.5409999999999995
mCP,toluene,stddft,1.08e-08,-9.84e-08,3.821,3.37,0.45100000000000007,0.2549,7.5409999999999995
mCP-BP-DMAC,gas,stda,6.35e-08,6.59e-08,3.106,2.743,0.363,0.0166,5.53
mCP-BP-DMAC,gas,stddft,8.29e-08,1.6e-08,3.069,2.713,0.35599999999999987,0.0142,5.53
mCP-BP-DMAC,toluene,stda,-1.44e-08,-1.68e-08,3.115,2.751,0.3640000000000003,0.0174,5.572
mCP-BP-DMAC,toluene,stddft,6.06e-08,-6.37e-08,3.078,2.719,0.359,0.0135,5.572
mCP-BmPy,gas,stda,-5e-10,-2.61e-08,3.887,3.426,0.46099999999999985,0.3402,7.177
mCP-BmPy,gas,stddft,9.8e-08,-1.02e-08,3.828,3.402,0.4259999999999997,0.2773,7.177
mCP-BmPy,toluene,stda,3.67e-08,-7.2e-09,3.777,3.379,0.39800000000000013,0.3317,7.074
mCP-BmPy,toluene,stddft,3.62e-08,-3.27e-08,3.712,3.357,0.355,0.2795,7.074
mCP-Ph,gas,stda,3.5e-09,-4.73e-08,3.839,3.427,0.4119999999999999,0.3221,7.4350000000000005
mCP-Ph,gas,stddft,-9.18e-08,8.9e-09,3.78,3.405,0.375,0.2761,7.4350000000000005
mCP-Ph,toluene,stda,2.89e-08,6.22e-08,3.81,3.39,0.41999999999999993,0.3078,7.427
mCP-Ph,toluene,stddft,-6.1e-09,-7.8e-09,3.744,3.367,0.3770000000000002,0.2599,7.427
mCP-Py,gas,stda,3.7e-09,-6.34e-08,3.897,3.421,0.476,0.3082,7.3790000000000004
mCP-Py,gas,stddft,5.3e-09,-1.09e-08,3.837,3.398,0.43900000000000006,0.2147,7.3790000000000004
mCP-Py,toluene,stda,7.5e-08,2.4e-08,3.807,3.388,0.41900000000000004,0.3283,7.3790000000000004
mCP-Py,toluene,stddft,-8.9e-09,4e-08,3.743,3.366,0.3769999999999998,0.2782,7.3790000000000004
mCz-TAn-CN,gas,stda,7.56e-08,-1.73e-08,3.223,2.301,0.9219999999999997,0.5396,6.23
mCz-TAn-CN,gas,stddft,1.015e-07,1.7e-09,3.072,2.236,0.8359999999999999,0.391,6.23
mCz-TAn-CN,toluene,stda,2.08e-07,5.09e-08,3.29,2.325,0.9649999999999999,0.5226,6.318999999999999
mCz-TAn-CN,toluene,stddft,1.38e-08,2.31e-08,3.14,2.259,0.8810000000000002,0.3803,6.318999999999999
mDPBPZ-DPXZ,gas,stda,1.55e-08,-4.48e-08,2.87,2.613,0.2570000000000001,0.6926,4.692
mDPBPZ-DPXZ,gas,stddft,1.2e-09,6.72e-08,2.849,2.601,0.24800000000000022,0.6329,4.692
mDPBPZ-DPXZ,toluene,stda,-3.07e-08,-3.99e-08,2.923,2.684,0.23899999999999988,0.6392,4.692
mDPBPZ-DPXZ,toluene,stddft,-2.53e-08,-9.8e-09,2.905,2.673,0.23199999999999976,0.5914,4.692
mP2MPC,gas,stda,-3.25e-08,-8.6e-09,3.812,3.419,0.3929999999999998,0.3059,7.186
mP2MPC,gas,stddft,2.6e-09,-1.28e-08,3.767,3.391,0.3759999999999999,0.2609,7.186
mP2MPC,toluene,stda,2.54e-08,5.9e-09,3.777,3.387,0.3900000000000001,0.2825,7.197000000000001
mP2MPC,toluene,stddft,3.63e-08,6.27e-08,3.734,3.363,0.371,0.2578,7.197000000000001
mPTBC,gas,stda,-1.58e-08,2.57e-08,2.986,2.705,0.28100000000000014,0.2837,5.632999999999999
mPTBC,gas,stddft,-3.7e-09,-4.6e-08,2.962,2.694,0.26800000000000024,0.2502,5.632999999999999
mPTBC,toluene,stda,2.7e-09,-1.51e-08,2.949,2.671,0.278,0.2783,5.527000000000001
mPTBC,toluene,stddft,-1.9e-08,3.08e-08,2.926,2.661,0.2650000000000001,0.246,5.527000000000001
mPXTMP,gas,stda,5.31e-08,4.3e-09,3.871,3.455,0.4159999999999999,0.0007,7.322000000000001
mPXTMP,gas,stddft,-7.26e-08,3.48e-08,3.836,3.427,0.4089999999999998,0.0006,7.322000000000001
mPXTMP,toluene,stda,-5.21e-08,-3.57e-08,3.902,3.485,0.41700000000000026,0.0019,7.374999999999999
mPXTMP,toluene,stddft,-4.78e-08,-6.34e-08,3.867,3.457,0.41000000000000014,0.0018,7.374999999999999
mTPA-PPI,gas,stda,4.62e-08,-8.5e-08,3.791,3.428,0.363,0.5561,6.759
mTPA-PPI,gas,stddft,-1.159e-07,-8.1e-09,3.754,3.397,0.3570000000000002,0.4782,6.759
mTPA-PPI,toluene,stda,1.66e-08,3.1e-08,3.748,3.383,0.3650000000000002,0.5607,6.638
mTPA-PPI,toluene,stddft,-1.2e-07,1.67e-08,3.71,3.357,0.35299999999999976,0.4756,6.638
mTPA–PPI,gas,stda,4.8e-09,4.03e-08,3.794,3.432,0.3620000000000001,0.5346,6.7620000000000005
mTPA–PPI,gas,stddft,-3.97e-08,6.75e-08,3.757,3.402,0.355,0.4594,6.7620000000000005
mTPA–PPI,toluene,stda,6.77e-08,8.01e-08,3.749,3.385,0.3640000000000003,0.5946,6.635
mTPA–PPI,toluene,stddft,1.245e-07,4.36e-08,3.711,3.36,0.351,0.5021,6.635
o-Ac2BBP,gas,stda,-2.1e-08,1.05e-08,3.313,2.78,0.5330000000000004,0.2593,5.765000000000001
o-Ac2BBP,gas,stddft,4.94e-08,4.37e-08,3.294,2.749,0.5449999999999999,0.2864,5.765000000000001
o-Ac2BBP,toluene,stda,2.27e-08,-1.029e-07,3.233,3.106,0.12700000000000022,0.0667,5.497
o-Ac2BBP,toluene,stddft,4.8e-09,-4.12e-08,3.226,3.099,0.12699999999999978,0.0641,5.497
o-CzOXD,gas,stda,4.05e-08,6.8e-08,3.756,3.415,0.34099999999999975,0.3198,6.661
o-CzOXD,gas,stddft,6.08e-08,2.06e-08,3.73,3.391,0.33899999999999997,0.2658,6.661
o-CzOXD,toluene,stda,8.3e-09,-1.32e-08,3.725,3.38,0.3450000000000002,0.2886,6.7010000000000005
o-CzOXD,toluene,stddft,-5.29e-08,-5.15e-08,3.698,3.356,0.3420000000000001,0.2559,6.7010000000000005
o-PCzTPD,gas,stda,-4.2e-08,3.7e-09,3.721,3.276,0.4450000000000003,0.2236,6.785
o-PCzTPD,gas,stddft,-3.07e-08,-4.24e-08,3.699,3.239,0.45999999999999996,0.2044,6.785
o-PCzTPD,toluene,stda,5e-09,8.82e-08,3.756,3.335,0.4209999999999998,0.0276,6.891
o-PCzTPD,toluene,stddft,1.21e-08,-1.92e-08,3.71,3.298,0.4119999999999999,0.0301,6.891
o-Px2BBP,gas,stda,8.7e-09,2.5e-08,2.777,2.386,0.391,0.3445,5.210999999999999
o-Px2BBP,gas,stddft,-3.41e-08,-1.77e-08,2.742,2.371,0.371,0.3008,5.210999999999999
o-Px2BBP,toluene,stda,-2.5e-09,-1.55e-08,2.98,2.681,0.29899999999999993,0.3215,5.16
o-Px2BBP,toluene,stddft,6.8e-09,3.2e-09,2.963,2.671,0.29200000000000026,0.2852,5.16
o-TPA-AP-TPA,gas,stda,-4.1e-09,7.58e-08,3.127,2.213,0.9139999999999997,0.8104,5.7459999999999996
o-TPA-AP-TPA,gas,stddft,3.82e-08,-4.79e-08,3.008,2.145,0.863,0.5779,5.7459999999999996
o-TPA-AP-TPA,toluene,stda,9.78e-08,-2.275e-07,3.107,2.199,0.9080000000000004,0.8245,5.732000000000001
o-TPA-AP-TPA,toluene,stddft,3.96e-08,-4.62e-08,2.989,2.131,0.8580000000000001,0.5899,5.732000000000001
oCBP,gas,stda,3.69e-08,-4.86e-08,3.858,3.378,0.48,0.1346,7.1850000000000005
oCBP,gas,stddft,-2.36e-08,-7.12e-08,3.79,3.356,0.43400000000000016,0.1134,7.1850000000000005
oCBP,toluene,stda,-2.45e-08,1.6e-08,3.816,3.328,0.488,0.143,7.2379999999999995
oCBP,toluene,stddft,2.68e-08,4.25e-08,3.748,3.306,0.44200000000000017,0.1175,7.2379999999999995
oDTBPZ-DPXZ,gas,stda,-2e-09,-9.8e-09,2.985,2.736,0.24899999999999967,0.6449,4.817
oDTBPZ-DPXZ,gas,stddft,-1.73e-08,-7.44e-08,2.966,2.724,0.242,0.5947,4.817
oDTBPZ-DPXZ,toluene,stda,7e-10,-3.42e-08,3.042,2.813,0.22899999999999965,0.5814,4.834
oDTBPZ-DPXZ,toluene,stddft,-1.25e-08,-1.48e-08,3.025,2.801,0.22399999999999975,0.5435,4.834
oDTPA-DTPZ,gas,stda,7.92e-08,-6.34e-08,2.98,2.495,0.4849999999999999,0.0413,5.414
oDTPA-DTPZ,gas,stddft,3.15e-08,-1.44e-08,2.906,2.456,0.4500000000000002,0.0295,5.414
oDTPA-DTPZ,toluene,stda,5.55e-08,4.6e-08,3.07,2.549,0.5209999999999999,0.0355,5.33
oDTPA-DTPZ,toluene,stddft,6.5e-08,6.35e-08,2.993,2.508,0.4849999999999999,0.0251,5.33
oPTBC,gas,stda,9.4e-09,1.47e-08,2.726,2.573,0.15300000000000002,0.0935,5.7379999999999995
oPTBC,gas,stddft,-8.2e-09,-9.9e-09,2.713,2.566,0.14700000000000024,0.0811,5.7379999999999995
oPTBC,toluene,stda,-1.42e-08,2.4e-09,2.711,2.56,0.1509999999999998,0.0915,5.630000000000001
oPTBC,toluene,stddft,1.37e-08,-2.28e-08,2.698,2.553,0.14500000000000002,0.0798,5.630000000000001
oTPAPO-DTPZ,gas,stda,8.6e-08,-7.2e-09,2.96,2.466,0.4939999999999998,0.049,5.382
oTPAPO-DTPZ,gas,stddft,-6.25e-08,1.1e-08,2.883,2.426,0.45699999999999985,0.0355,5.382
oTPAPO-DTPZ,toluene,stda,6.21e-08,3.57e-08,3.021,2.51,0.5110000000000001,0.0497,5.276
oTPAPO-DTPZ,toluene,stddft,-8.98e-08,-1.017e-07,2.942,2.469,0.4730000000000003,0.0368,5.276
p-DHMPA,gas,stda,3.79e-08,-2.27e-08,3.254,2.244,1.0099999999999998,0.4532,6.379999999999999
p-DHMPA,gas,stddft,7.79e-08,6.44e-08,3.076,2.172,0.9039999999999999,0.32,6.379999999999999
p-DHMPA,toluene,stda,6.19e-08,-3.2e-08,3.279,2.258,1.021,0.4219,6.416999999999999
p-DHMPA,toluene,stddft,-1.584e-07,-1.25e-08,3.098,2.185,0.9129999999999998,0.2986,6.416999999999999
p-DTPACO,gas,stda,3.63e-08,-7.79e-08,3.404,2.82,0.5840000000000001,1.8591,5.989
p-DTPACO,gas,stddft,7.08e-08,-2.71e-08,3.36,2.794,0.5659999999999998,1.6506,5.989
p-DTPACO,toluene,stda,3.78e-08,-2.04e-08,3.354,2.713,0.641,1.5125,5.896999999999999
p-DTPACO,toluene,stddft,2.82e-08,1.96e-08,3.306,2.685,0.621,1.3427,5.896999999999999
p-PCzTPD,gas,stda,-5.88e-08,7.05e-08,3.446,2.864,0.5820000000000003,2.2282,6.3020000000000005
p-PCzTPD,gas,stddft,-4.23e-08,4.25e-08,3.409,2.824,0.585,1.9739,6.3020000000000005
p-PCzTPD,toluene,stda,-3.8e-09,-3.83e-08,3.432,2.836,0.5960000000000001,2.2174,6.295
p-PCzTPD,toluene,stddft,-4.93e-08,-1.07e-08,3.393,2.794,0.5989999999999998,1.9562,6.295
p-PO-ABN,gas,stda,-8.5e-08,-6.72e-08,3.226,2.246,0.98,1.0467,6.2780000000000005
p-PO-ABN,gas,stddft,-8.41e-08,-7.16e-08,3.086,2.177,0.9089999999999998,0.7278,6.2780000000000005
p-PO-ABN,toluene,stda,-5.92e-08,-6.7e-09,3.212,2.266,0.9460000000000002,1.0158,6.317
p-PO-ABN,toluene,stddft,5.01e-08,1.9e-08,3.07,2.196,0.8739999999999997,0.7121,6.317
p-PO15NCzDPA,gas,stda,-1.5e-09,1.424e-07,3.207,2.257,0.9499999999999997,0.6746,6.340999999999999
p-PO15NCzDPA,gas,stddft,-4.11e-08,1.026e-07,3.047,2.187,0.8600000000000003,0.4898,6.340999999999999
p-PO15NCzDPA,toluene,stda,-6.12e-08,-5e-10,3.215,2.26,0.9550000000000001,0.6454,6.3629999999999995
p-PO15NCzDPA,toluene,stddft,-9.11e-08,2.24e-08,3.05,2.189,0.8609999999999998,0.4663,6.3629999999999995
p-TPA-AP-TPA,gas,stda,-5.7e-09,-4.58e-08,3.253,2.297,0.956,1.4734,5.7509999999999994
p-TPA-AP-TPA,gas,stddft,-4.38e-08,-1e-09,3.138,2.228,0.9099999999999997,1.0226,5.7509999999999994
p-TPA-AP-TPA,toluene,stda,2.95e-08,1.318e-07,3.243,2.291,0.952,1.3797,5.73
p-TPA-AP-TPA,toluene,stddft,-1.437e-07,9.29e-08,3.122,2.22,0.9019999999999997,0.9504,5.73
p2Cz2Trz,gas,stda,1.64e-08,9.3e-09,3.258,3.057,0.20100000000000007,0.1474,6.093000000000001
p2Cz2Trz,gas,stddft,-5.9e-09,-7.08e-08,3.235,3.046,0.18900000000000006,0.1297,6.093000000000001
p2Cz2Trz,toluene,stda,-2.81e-08,-9.5e-09,3.3,3.096,0.20399999999999974,0.1487,6.112000000000001
p2Cz2Trz,toluene,stddft,-4e-09,3.3e-09,3.276,3.085,0.19099999999999984,0.1314,6.112000000000001
pCNBCzoCF3,gas,stda,2.64e-08,2.21e-08,3.879,3.457,0.42200000000000015,0.7737,6.604
pCNBCzoCF3,gas,stddft,4.45e-08,3.55e-08,3.833,3.438,0.395,0.2682,6.604
pCNBCzoCF3,toluene,stda,2.9e-09,-9.4e-09,3.839,3.441,0.39800000000000013,1.0421,6.525
pCNBCzoCF3,toluene,stddft,1.92e-08,-2.03e-08,3.804,3.424,0.3799999999999999,0.8421,6.525
pCbz-PYR,gas,stda,-1.99e-08,4.19e-08,3.872,3.496,0.3759999999999999,1.0415,7.261
pCbz-PYR,gas,stddft,2.23e-08,-8.89e-08,3.839,3.476,0.363,0.9302,7.261
pCbz-PYR,toluene,stda,-2.15e-08,9.7e-09,3.854,3.488,0.3660000000000001,1.0697,7.242000000000001
pCbz-PYR,toluene,stddft,4.2e-09,1.092e-07,3.82,3.468,0.35199999999999987,0.9506,7.242000000000001
pCzAnBzt,gas,stda,-5e-09,-3.5e-09,3.285,2.279,1.0060000000000002,0.6744,6.097999999999999
pCzAnBzt,gas,stddft,-9.87e-08,-5.5e-08,3.122,2.209,0.9129999999999998,0.4747,6.097999999999999
pCzAnBzt,toluene,stda,-2.25e-08,-1.364e-07,3.293,2.278,1.0150000000000001,0.652,6.159000000000001
pCzAnBzt,toluene,stddft,-7.7e-08,-1.278e-07,3.13,2.208,0.9219999999999997,0.4629,6.159000000000001
pCzAnN,gas,stda,-7.93e-08,-1.577e-07,3.27,2.252,1.0180000000000002,0.7708,6.189000000000001
pCzAnN,gas,stddft,-1.301e-07,-2.131e-07,3.115,2.182,0.9330000000000003,0.5475,6.189000000000001
pCzAnN,toluene,stda,1.718e-07,3.14e-08,3.287,2.259,1.028,0.7107,6.228000000000001
pCzAnN,toluene,stddft,8e-10,4.86e-08,3.128,2.189,0.9390000000000001,0.5031,6.228000000000001
pDPAPQ-PXZ,gas,stda,-1.63e-08,-3.13e-08,2.066,1.821,0.24499999999999988,0.2948,4.869
pDPAPQ-PXZ,gas,stddft,3.55e-08,1.45e-08,2.042,1.808,0.23399999999999976,0.2639,4.869
pDPAPQ-PXZ,toluene,stda,-1.7e-09,5.41e-08,2.032,1.786,0.246,0.291,4.811
pDPAPQ-PXZ,toluene,stddft,-1.7e-09,-3.4e-09,2.007,1.773,0.2340000000000002,0.2607,4.811
pDPBPZ-PXZ,gas,stda,2.1e-09,7.21e-08,2.985,2.757,0.22799999999999976,0.4127,4.704000000000001
pDPBPZ-PXZ,gas,stddft,6.4e-09,4e-09,2.97,2.726,0.24400000000000022,0.3878,4.704000000000001
pDPBPZ-PXZ,toluene,stda,2.33e-08,9.9e-09,2.99,2.768,0.22200000000000042,0.4105,4.695
pDPBPZ-PXZ,toluene,stddft,-8.5e-09,5.07e-08,2.975,2.737,0.238,0.3862,4.695
pDTCz-2DPyS,gas,stda,-3.57e-08,-5.05e-08,3.707,3.348,0.359,0.1711,6.967999999999999
pDTCz-2DPyS,gas,stddft,3.53e-08,5.7e-09,3.686,3.329,0.35699999999999976,0.1646,6.967999999999999
pDTCz-2DPyS,toluene,stda,6.5e-09,6.1e-09,3.732,3.277,0.45500000000000007,0.1279,6.815
pDTCz-2DPyS,toluene,stddft,-3.73e-08,1.26e-08,3.698,3.259,0.43900000000000006,0.116,6.815
pDTPA-DTPZ,gas,stda,5.66e-08,4.42e-08,2.947,2.424,0.5230000000000001,0.5629,5.2890000000000015
pDTPA-DTPZ,gas,stddft,-1.555e-07,-8.06e-08,2.874,2.381,0.4930000000000003,0.4251,5.2890000000000015
pDTPA-DTPZ,toluene,stda,-1.25e-08,-1.75e-08,2.978,2.442,0.536,0.6901,5.296999999999999
pDTPA-DTPZ,toluene,stddft,6.1e-09,-1.055e-07,2.906,2.399,0.5070000000000001,0.5147,5.296999999999999
pSFIAc2,gas,stda,-2.33e-08,-1.89e-08,3.096,2.665,0.43100000000000005,0.4214,6.372
pSFIAc2,gas,stddft,-2.54e-08,-3.48e-08,3.011,2.641,0.3700000000000001,0.3386,6.372
pSFIAc2,toluene,stda,7.23e-08,-2.17e-08,3.09,2.655,0.43500000000000005,0.4112,6.335
pSFIAc2,toluene,stddft,-7e-10,2.72e-08,3.008,2.632,0.3759999999999999,0.3323,6.335
phenazasiline,gas,stda,2e-10,7e-09,3.23,3.154,0.07600000000000007,0.0069,7.167999999999999
phenazasiline,gas,stddft,-4e-10,-9.7e-09,3.229,3.119,0.10999999999999988,0.0069,7.167999999999999
phenazasiline,toluene,stda,-1e-10,4.84e-08,3.191,3.167,0.02400000000000002,0.0068,7.173
phenazasiline,toluene,stddft,-1e-10,2.08e-08,3.19,3.137,0.052999999999999936,0.0068,7.173
phenylperylene,gas,stda,1.7e-07,2.17e-08,3.105,2.123,0.9819999999999998,0.717,5.925999999999998
phenylperylene,gas,stddft,6.06e-08,-2.5e-08,2.961,2.056,0.9049999999999998,0.5057,5.925999999999998
phenylperylene,toluene,stda,-4.81e-08,1.65e-08,3.113,2.128,0.9849999999999999,0.7235,5.931000000000001
phenylperylene,toluene,stddft,3.74e-08,1.4e-08,2.968,2.061,0.907,0.5111,5.931000000000001
poCz-SO,gas,stda,1.4e-09,4.57e-08,3.98,3.54,0.43999999999999995,0.0692,7.904000000000001
poCz-SO,gas,stddft,1.98e-08,1.111e-07,3.903,3.516,0.387,0.0585,7.904000000000001
poCz-SO,toluene,stda,1.76e-08,9.17e-08,3.968,3.538,0.43000000000000016,0.0594,7.897
poCz-SO,toluene,stddft,-1.108e-07,8.98e-08,3.893,3.513,0.3799999999999999,0.0498,7.897
pzpy,gas,stda,-5.27e-08,1.583e-07,3.196,2.254,0.9420000000000002,0.6901,6.321
pzpy,gas,stddft,-2.97e-08,-8.54e-08,3.038,2.184,0.8539999999999996,0.503,6.321
pzpy,toluene,stda,1.055e-07,-3.51e-08,3.22,2.259,0.9610000000000003,0.6313,6.374999999999999
pzpy,toluene,stddft,-3.98e-08,-9.68e-08,3.053,2.188,0.8649999999999998,0.4547,6.374999999999999
s-triazine,gas,stda,-3.29e-08,6.44e-08,4.92,4.865,0.054999999999999716,0.008,9.446000000000002
s-triazine,gas,stddft,-6.08e-08,-2.205e-07,4.888,4.845,0.04300000000000015,0.008,9.446000000000002
s-triazine,toluene,stda,-4.82e-08,-1.339e-07,5.028,4.977,0.05099999999999927,0.0038,9.678999999999998
s-triazine,toluene,stddft,3.41e-08,1.048e-07,4.998,4.936,0.06200000000000028,0.0038,9.678999999999998
t-BuPCz,gas,stda,2.14e-08,4.99e-08,3.873,3.469,0.40400000000000036,0.0429,7.676
t-BuPCz,gas,stddft,2.44e-08,-2.56e-08,3.805,3.445,0.3600000000000003,0.0375,7.676
t-BuPCz,toluene,stda,5.59e-08,9.6e-09,3.888,3.476,0.4119999999999999,0.0433,7.686999999999999
t-BuPCz,toluene,stddft,2.78e-08,6.13e-08,3.819,3.452,0.367,0.0378,7.686999999999999
t-DABNA,gas,stda,3e-10,1.084e-07,3.143,2.654,0.4889999999999999,0.467,6.476999999999999
t-DABNA,gas,stddft,1.86e-08,-6.78e-08,3.061,2.628,0.43299999999999983,0.3778,6.476999999999999
t-DABNA,toluene,stda,-8.8e-09,-1.76e-08,3.136,2.648,0.488,0.4709,6.462000000000001
t-DABNA,toluene,stddft,-2.23e-08,5.86e-08,3.053,2.622,0.43100000000000005,0.3806,6.462000000000001
t3Cz-SO,gas,stda,-1.311e-07,4.17e-08,3.605,3.156,0.44899999999999984,0.2065,6.863
t3Cz-SO,gas,stddft,1.9e-09,3.1e-08,3.537,3.135,0.40200000000000014,0.1741,6.863
t3Cz-SO,toluene,stda,-1.186e-07,8.54e-08,3.634,3.188,0.44599999999999973,0.2438,6.891
t3Cz-SO,toluene,stddft,2.3e-08,-7.61e-08,3.568,3.168,0.3999999999999999,0.206,6.891
tBuCz2,gas,stda,3.09e-08,-2.69e-08,3.675,3.206,0.46899999999999986,0.0491,6.987000000000001
tBuCz2,gas,stddft,1.31e-08,1.35e-08,3.603,3.183,0.4200000000000004,0.0398,6.987000000000001
tBuCz2,toluene,stda,3.38e-08,5.88e-08,3.716,3.259,0.4570000000000003,0.0421,7.033
tBuCz2,toluene,stddft,9.9e-09,-6.86e-08,3.649,3.237,0.4119999999999999,0.0335,7.033
tBuCzDBA,gas,stda,2.01e-08,5.7e-08,3.005,2.942,0.06299999999999972,0.0015,4.759
tBuCzDBA,gas,stddft,-1.53e-08,8.2e-09,3.005,2.916,0.08899999999999997,0.0015,4.759
tBuCzDBA,toluene,stda,-1.7e-08,8.47e-08,3.124,2.944,0.18000000000000016,0.0002,4.911999999999999
tBuCzDBA,toluene,stddft,3.67e-08,7.29e-08,3.124,2.918,0.20599999999999996,0.0002,4.911999999999999
tCTM,gas,stda,1.05e-08,-3.24e-08,3.701,3.311,0.3900000000000001,0.706,6.51
tCTM,gas,stddft,-5.39e-08,-1.19e-08,3.654,3.29,0.3639999999999999,0.5878,6.51
tCTM,toluene,stda,-3.97e-08,1.28e-08,3.621,3.251,0.3700000000000001,0.2738,6.420999999999999
tCTM,toluene,stddft,6.56e-08,-3.9e-09,3.597,3.231,0.3660000000000001,0.4974,6.420999999999999
tCbz-mPYRs,gas,stda,-5.4e-09,-7.62e-08,3.826,3.433,0.39300000000000024,0.638,7.453
tCbz-mPYRs,gas,stddft,-3e-10,6.97e-08,3.782,3.412,0.3700000000000001,0.5521,7.453
tCbz-mPYRs,toluene,stda,1.095e-07,-3.12e-08,3.819,3.409,0.41000000000000014,0.6238,7.444000000000001
tCbz-mPYRs,toluene,stddft,-3.65e-08,-7.47e-08,3.774,3.387,0.387,0.536,7.444000000000001
tDMAC-BN,gas,stda,3.12e-08,4.87e-08,3.042,2.631,0.41100000000000003,0.4887,6.325000000000001
tDMAC-BN,gas,stddft,6.6e-09,-8.24e-08,2.977,2.611,0.36599999999999966,0.399,6.325000000000001
tDMAC-BN,toluene,stda,2.04e-08,5.4e-09,3.007,2.602,0.40500000000000025,0.4669,6.287999999999999
tDMAC-BN,toluene,stddft,7.88e-08,-5.25e-08,2.943,2.582,0.3610000000000002,0.3812,6.287999999999999
tDPAC-BN,gas,stda,-5.38e-08,6.38e-08,3.137,2.674,0.4630000000000001,0.4632,6.428
tDPAC-BN,gas,stddft,3e-09,-3.18e-08,3.06,2.652,0.4079999999999999,0.3722,6.428
tDPAC-BN,toluene,stda,4.53e-08,2.08e-08,3.124,2.651,0.4730000000000003,0.4333,6.398000000000001
tDPAC-BN,toluene,stddft,-2.1e-09,3.73e-08,3.048,2.628,0.41999999999999993,0.3479,6.398000000000001
teracridan,gas,stda,6.58e-08,-8.79e-08,4.08,3.596,0.484,0.0554,7.6160000000000005
teracridan,gas,stddft,2.5e-09,5.44e-08,4.024,3.569,0.45500000000000007,0.047,7.6160000000000005
teracridan,toluene,stda,-4.9e-09,-1.87e-08,4.217,3.684,0.5329999999999995,0.0262,7.994999999999999
teracridan,toluene,stddft,4.66e-08,9.1e-09,4.156,3.654,0.5019999999999998,0.0195,7.994999999999999
thio-ether,gas,stda,-7.68e-08,9.39e-08,0.672,0.255,0.41700000000000004,0.0061,4.196999999999999
thio-ether,gas,stddft,-4.12e-08,-5.49e-08,0.562,0.121,0.44100000000000006,0.0023,4.196999999999999
thio-ether,toluene,stda,-7.93e-08,-6.19e-08,0.736,0.304,0.432,0.0072,4.295999999999999
thio-ether,toluene,stddft,-5.82e-08,3.16e-08,0.625,0.192,0.433,0.0029,4.295999999999999
trimesitylboron,gas,stda,-1.83e-08,-2.88e-08,4.015,3.702,0.3129999999999997,0.1751,7.698
trimesitylboron,gas,stddft,5.1e-09,-1.09e-08,3.997,3.684,0.3129999999999997,0.1564,7.698
trimesitylboron,toluene,stda,-2.46e-08,-6.9e-08,4.044,3.724,0.3199999999999994,0.1827,7.723
trimesitylboron,toluene,stddft,1.2e-09,1.36e-08,4.026,3.705,0.32099999999999973,0.1647,7.723
t–BuCz2BP,gas,stda,-9.8e-09,1e-10,3.737,3.241,0.496,1.1208,6.342999999999999
t–BuCz2BP,gas,stddft,-1.44e-08,7e-10,3.701,3.221,0.48,0.9414,6.342999999999999
t–BuCz2BP,toluene,stda,-4.92e-08,6.8e-09,3.694,3.204,0.48999999999999977,0.0709,6.326999999999999
t–BuCz2BP,toluene,stddft,4.8e-09,2.2e-09,3.674,3.184,0.48999999999999977,0.2007,6.326999999999999
α-2CbPN,gas,stda,5.18e-08,6.55e-08,3.696,3.306,0.3900000000000001,0.2529,6.880000000000001
α-2CbPN,gas,stddft,2.69e-08,-9.49e-08,3.661,3.283,0.3780000000000001,0.2235,6.880000000000001
α-2CbPN,toluene,stda,-4.85e-08,1.5e-08,3.505,3.103,0.4019999999999997,0.2885,6.618
α-2CbPN,toluene,stddft,4e-10,-8.3e-08,3.467,3.081,0.3860000000000001,0.2529,6.618
α-2DMAC-DBP,gas,stda,-2.1e-08,2.18e-08,2.452,2.324,0.1280000000000001,0.0992,5.246
α-2DMAC-DBP,gas,stddft,9.8e-09,-1.43e-08,2.442,2.312,0.13000000000000034,0.0916,5.246
α-2DMAC-DBP,toluene,stda,1.89e-08,-1.49e-08,2.493,2.372,0.121,0.0934,5.244
α-2DMAC-DBP,toluene,stddft,3.54e-08,-4.66e-08,2.483,2.36,0.12300000000000022,0.0868,5.244
α-DMAC-DBP,gas,stda,-3.14e-08,-2.37e-08,2.557,2.44,0.11699999999999999,0.0597,5.295999999999999
α-DMAC-DBP,gas,stddft,1.45e-08,3.23e-08,2.547,2.43,0.11699999999999999,0.0548,5.295999999999999
α-DMAC-DBP,toluene,stda,5.7e-09,-2.23e-08,2.565,2.464,0.10099999999999998,0.0528,5.2620000000000005
α-DMAC-DBP,toluene,stddft,-4.2e-09,-1.97e-08,2.557,2.455,0.10199999999999987,0.0488,5.2620000000000005
β-DI-DBP,gas,stda,3e-10,4.21e-08,3.287,3.014,0.27300000000000013,0.0163,5.498999999999999
β-DI-DBP,gas,stddft,4.7e-09,-1.97e-08,3.284,2.984,0.2999999999999998,0.0213,5.498999999999999
β-DI-DBP,toluene,stda,8.52e-08,1.129e-07,3.264,2.984,0.2799999999999998,0.0215,5.398
β-DI-DBP,toluene,stddft,3.25e-08,-5.6e-08,3.261,2.955,0.30600000000000005,0.0306,5.398
δ-2CbPN,gas,stda,-4.42e-08,-6.58e-08,3.514,3.161,0.35299999999999976,0.2362,6.6579999999999995
δ-2CbPN,gas,stddft,8.48e-08,-1.082e-07,3.482,3.14,0.3420000000000001,0.2086,6.6579999999999995
δ-2CbPN,toluene,stda,2.7e-08,7.11e-08,3.399,3.035,0.3639999999999999,0.2633,6.495
δ-2CbPN,toluene,stddft,-1.05e-08,-1.1e-09,3.364,3.014,0.3500000000000001,0.2311,6.495
