molecule,environment,method,transition,CT_number,Lambda_D,Lambda_A,hole_on_A,particle_on_D,Delta_r,S_he
DBP-3TPA,gas,stda,S0T1,0.283917417990209,0.7582744431519041,0.3744256720694096,0.24172555684809588,0.6255743279305904,1.1092770906903173,0.8603711727935596
5-Cz-Sac,gas,stddft,S0T1,0.1506817009389256,0.8166961170031912,0.18450155180343147,0.18330388299680891,0.8154984481965686,0.42259471620991546,0.6921481871838202
DBP-3TPA,gas,stda,S0S1,0.20616822275599458,0.4931432375950952,0.41806965408551944,0.5068567624049047,0.5819303459144806,1.0548001160461142,0.8670248153475895
PmPmP,gas,stddft,S0T1,0.15219855084865877,0.9421333577444968,0.1615467169244786,0.05786664225550314,0.8384532830755212,0.6054578922932132,0.7083916172691551
5-Cz-Sac,gas,stda,S0T1,0.15286769008791365,0.8170633614302687,0.18709404595051096,0.18293663856973136,0.8129059540494888,0.4256339951762116,0.6906208228089186
PPINCN-Cz,gas,stda,S0S1,0.18959530027534474,0.8502228632931422,0.22299482695747685,0.14977713670685788,0.777005173042523,1.7217319099091768,0.7813420359951472
PmPmP,gas,stddft,S0S1,0.12555697626864135,0.94319864570329,0.13311827454440478,0.05680135429671004,0.8668817254555952,0.436387300591723,0.6497037457657848
PPINCN-Cz,gas,stda,S0T1,0.023666932762062845,0.9855357245883618,0.024014281950000382,0.014464275411638241,0.9759857180499998,0.21337365015519494,0.9867530087114316
PmPmP,gas,stda,S0T1,0.15170500414178678,0.9423521184639053,0.16098547577849745,0.05764788153609448,0.8390145242215025,0.5970908048614545,0.6998981217914881
PmPmP,gas,stda,S0S1,0.12625218259589913,0.9428703843979107,0.1339019494991563,0.057129615602089276,0.8660980505008437,0.43645680473763054,0.6567977954185605
oPTBC,gas,stddft,S0T1,0.03641410165757053,0.5265227251207301,0.06915960113444465,0.47347727487927005,0.9308403988655555,2.263068913160918,0.5265744126390419
oPTBC,gas,stddft,S0S1,0.03439868320267387,0.5022038244773585,0.06849546245186891,0.49779617552264155,0.9315045375481312,2.2475766039652827,0.4754744085223732
DMAC-11-DPPZ,gas,stda,S0S1,0.2789329715457367,0.6922950598918852,0.4029105329587319,0.3077049401081145,0.597089467041268,3.914390031219375,0.3698649555907383
oPTBC,gas,stda,S0T1,0.03584066545560038,0.5224763650076092,0.06859767801186262,0.4775236349923907,0.9314023219881377,2.276556996287371,0.5167714771752875
DBP-3TPA,gas,stddft,S0T1,0.2788307829727748,0.7488346903794504,0.3723529192157021,0.2511653096205497,0.6276470807842979,0.9853105119256153,0.8713188836543445
oPTBC,gas,stda,S0S1,0.03467458944862696,0.5036153941953943,0.0688513295031919,0.49638460580460586,0.9311486704968084,2.243305794114752,0.47754241670080766
DBP-3TPA,gas,stddft,S0S1,0.20617274891160317,0.49313564216922123,0.41808527163983467,0.5068643578307788,0.5819147283601652,1.0547223700674446,0.8671078795413163
PPINCN-Cz,gas,stddft,S0T1,0.023083411532078536,0.9872635069271446,0.02338120610162691,0.012736493072855475,0.9766187938983732,0.22584118949225,0.9873556126818611
PPINCN-Cz,gas,stddft,S0S1,0.1837469642439223,0.8311192788077603,0.2210837468570181,0.16888072119223987,0.7789162531429819,1.514447915116231,0.7729630304553512
DMAC-11-DPPZ,gas,stddft,S0S1,0.2789620829579504,0.6932639560209377,0.40238942257878657,0.30673604397906246,0.5976105774212138,3.900223476244891,0.373096297416506
5-Cz-Sac,gas,stda,S0S1,0.2301171555816077,0.9066385940680836,0.253813544986071,0.09336140593191641,0.7461864550139289,0.9123391913116821,0.7592100523121577
DMAC-11-DPPZ,gas,stddft,S0T1,0.27633927699090927,0.6964129030554698,0.3968037866307291,0.3035870969445302,0.6031962133692713,2.9697323235818884,0.5764141341452004
DMAC-11-DPPZ,gas,stda,S0T1,0.277224649922736,0.6955585659416226,0.3985640656260757,0.30444143405837704,0.6014359343739243,3.176542751791867,0.5398198193154301
5-Cz-Sac,gas,stddft,S0S1,0.23059642309575373,0.9068550146680161,0.25428146656957185,0.09314498533198393,0.745718533430428,0.9163523080627655,0.7624865448266398
3CzPhpPM,gas,stda,S0T1,0.04113484405040385,0.9520029397001843,0.043208736375707525,0.04799706029981575,0.9567912636242923,1.091192322262184,0.6643816996082613
CZ-DPS-DMAC,gas,stddft,S0T1,0.3378415746211828,0.5817133877115045,0.5807698116597796,0.41828661228849556,0.4192301883402203,0.5183204485116977,0.7386132446042956
3CzPhpPM,gas,stda,S0S1,0.03518897038108789,0.9991538071959928,0.03521877225273412,0.0008461928040071594,0.9647812277472658,0.677338294551154,0.7542407223940543
CZ-DPS-DMAC,gas,stda,S0T1,0.043890675056335926,0.975429413601529,0.044996259538945614,0.024570586398471088,0.9550037404610543,1.1505760145690833,0.7096872073616506
TPTI,gas,stda,S0T1,0.22003469551471405,0.5622335741767975,0.39135815721585293,0.43776642582320235,0.608641842784147,0.9880855177584129,0.7621279565676833
3CzPhpPM,gas,stddft,S0T1,0.04029012147420841,0.9530401286776333,0.042275367281870854,0.046959871322366696,0.9577246327181294,1.089806326330636,0.6665851134411123
3CzPhpPM,gas,stddft,S0S1,0.031452706079710485,0.9991921635919375,0.0314781352634342,0.000807836408062562,0.9685218647365658,0.6591031627998762,0.7601430624804677
TPTI,gas,stddft,S0T1,0.21950956001299848,0.562877896601417,0.38997722479132413,0.43712210339858304,0.6100227752086759,0.969159979882532,0.770054176332753
TPTI,gas,stda,S0S1,0.25370284807100535,0.5097291862066369,0.49772085832290924,0.490270813793363,0.5022791416770909,1.168452576591048,0.7118435919392639
TPTI,gas,stddft,S0S1,0.25227601546517486,0.5091146544806596,0.49551906087346453,0.4908853455193402,0.5044809391265355,1.1919193485209412,0.7166505899128537
"[2,1-b]IF",gas,stda,S0S1,0.03892996408886958,0.9884552368790793,0.039384650550070385,0.01154476312092058,0.9606153494499298,2.574489365587031,0.6003292475643808
"[2,1-b]IF",gas,stda,S0T1,0.035092809634560726,0.9890916718311364,0.03547983532162626,0.01090832816886347,0.9645201646783735,2.1156726085584676,0.7258012912464613
"[2,1-b]IF",gas,stddft,S0S1,0.03906513914206817,0.9881698721409085,0.03953281742685802,0.01183012785909155,0.960467182573142,2.663470190503024,0.5692873679897947
CZ-DPS-DMAC,gas,stda,S0S1,0.2506272640040518,0.6794791305819237,0.36885204081162587,0.32052086941807634,0.6311479591883736,2.096490905883878,0.5402205273683371
"[2,1-b]IF",gas,stddft,S0T1,0.03395837840395298,0.9895367232931975,0.034317451393758115,0.010463276706802409,0.9656825486062419,1.9442656224717,0.7711496940788541
CZ-DPS-DMAC,gas,stddft,S0S1,0.2095305883308235,0.3731724652990798,0.5614845890703506,0.6268275347009203,0.43851541092964963,0.5170278367721906,0.805387182563889
TPBPPI-PY,gas,stda,S0S1,0.019463770424743843,0.9991803507983824,0.019479736975603616,0.0008196492016178293,0.9805202630243963,0.9854621966170038,0.7411304653691819
TPBPPI-PY,gas,stda,S0T1,0.014077127346005074,0.9978716546522909,0.014107152237839904,0.0021283453477090185,0.98589284776216,1.1524559088366397,0.8863905023702779
9CzFDBFSPO,gas,stda,S0T1,0.06859015274927086,0.9541105504661213,0.07188910416697711,0.04588944953387897,0.9281108958330229,1.094531123603185,0.7187672625584312
SPAC-FO,gas,stda,S0S1,0.12500110109829807,0.8529865754729657,0.14654521500410156,0.14701342452703425,0.8534547849958986,1.6648952671975041,0.405516899282321
9CzFDBFSPO,gas,stddft,S0T1,0.06870334526850477,0.9546527878923717,0.07196684086596984,0.04534721210762839,0.9280331591340302,1.0695635095927065,0.7217560799194378
9CzFDBFSPO,gas,stda,S0S1,0.17596841145868458,0.9374773932621565,0.18770416516004104,0.06252260673784336,0.8122958348399589,0.49609666504026345,0.7884466520722166
TPBPPI-PY,gas,stddft,S0T1,0.013782904702976549,0.9979724846636341,0.01381090652777072,0.00202751533636586,0.9861890934722294,1.141771906401026,0.8936687366744273
TPBPPI-PY,gas,stddft,S0S1,0.01896872451332915,0.999250032191771,0.01898296112307632,0.0007499678082291367,0.9810170388769236,0.965455071418957,0.7437690187829076
SPAC-FO,gas,stddft,S0S1,0.12511923126619637,0.8539826564349415,0.1465126139546234,0.14601734356505855,0.8534873860453767,1.6659809931018477,0.4057190197924052
9CzFDBFSPO,gas,stddft,S0S1,0.1776542479339173,0.939080686209979,0.189178896491748,0.06091931379002082,0.8108211035082519,0.5184743855245605,0.7903691402776475
oTPAPO-DTPZ,gas,stddft,S0T1,0.09674021730777609,0.3131421987949549,0.3089338252080214,0.6868578012050454,0.6910661747919784,1.3961300343189027,0.8810332277069128
SPAC-FO,gas,stda,S0T1,0.17245535982317897,0.8123139308316116,0.21230136930758614,0.18768606916838845,0.787698630692414,0.3756269382529475,0.5110467687172875
SPAC-FO,gas,stddft,S0T1,0.17325775767207435,0.8030077194317642,0.21576101135699852,0.19699228056823584,0.7842389886430015,0.4924281819879335,0.5320793051311452
oTPAPO-DTPZ,gas,stda,S0T1,0.08736139897817909,0.29426833467958846,0.29687665536049535,0.7057316653204115,0.7031233446395048,1.5104038723954027,0.869780312941738
oTPAPO-DTPZ,gas,stda,S0S1,0.03679025755917746,0.17030205066102752,0.21602944542579525,0.8296979493389725,0.7839705545742047,2.2732011926660363,0.765562348962087
oTPAPO-DTPZ,gas,stddft,S0S1,0.03694626159170536,0.17588025979596245,0.21006485682114912,0.8241197402040377,0.7899351431788507,2.2780747696486556,0.7619540220515381
DCE,gas,stda,S0S1,0.30091777565037403,0.8864146244680069,0.33947744920270656,0.11358537553199277,0.6605225507972934,1.638529830280843,0.715586475634588
DCE,gas,stda,S0T1,0.10620995165295043,0.8896109559019046,0.11938921272082664,0.11038904409809547,0.8806107872791733,0.24171735040915876,0.9783006902099051
DCE,gas,stddft,S0S1,0.3005222190561093,0.8861046297384295,0.3391498125281446,0.11389537026157069,0.6608501874718555,1.6257605836513587,0.7181660136099792
DCE,gas,stddft,S0T1,0.10496378207405346,0.891791414847528,0.11769992436179642,0.10820858515247193,0.8823000756382035,0.23154745971159255,0.9786014396288925
DCPDAPM,gas,stda,S0T1,0.11844100004187262,0.7102678036820187,0.1667554117304432,0.28973219631798147,0.8332445882695568,4.041582898919827,0.45732907630488645
DCPDAPM,gas,stda,S0S1,0.11484014607594711,0.6971974453048962,0.16471681996156134,0.3028025546951036,0.8352831800384388,4.398086115861558,0.3611194405641967
BTPBFCz-D3,gas,stddft,S0T1,0.16560430249963365,0.28002643536763394,0.5913881033489545,0.7199735646323658,0.40861189665104575,2.618040186609983,0.6693191410932724
DCPDAPM,gas,stddft,S0T1,0.11915600283331342,0.7126575460942819,0.16719952449300177,0.2873424539057182,0.8328004755069982,3.968136459779482,0.474118432559578
DCPDAPM,gas,stddft,S0S1,0.11473576882164406,0.6971587048711954,0.1645762550477545,0.3028412951288045,0.8354237449522453,4.404849315261666,0.3599010699390179
PXZ2PTO,gas,stda,S0S1,0.34149452349043163,0.4989978550874322,0.6843607041769678,0.501002144912568,0.3156392958230321,1.0889084500916208,0.6579109585017975
BTPBFCz-D3,gas,stda,S0T1,0.1628978819489677,0.277049226881245,0.5879745046853807,0.722950773118755,0.4120254953146191,2.6237435687436252,0.6664767505217232
PXZ2PTO,gas,stda,S0T1,0.31465944593507966,0.4920028544571779,0.639548008887551,0.5079971455428222,0.3604519911124491,1.0403013854446137,0.7008374963803161
PXZ2PTO,gas,stddft,S0S1,0.34288020378416273,0.500398476531318,0.6852143239143199,0.49960152346868203,0.31478567608568,1.099679075773172,0.6513971104923506
BTPBFCz-D3,gas,stddft,S0S1,0.24718790319809494,0.449699795470013,0.5496731501506276,0.5503002045299872,0.4503268498493727,0.6872019112482801,0.7164547920262594
PTZ-2PTO,gas,stda,S0T1,0.2769017096938671,0.43832593139073245,0.6317255947310848,0.5616740686092674,0.3682744052689153,1.2247040260231052,0.6914955450773073
PTZ-2PTO,gas,stddft,S0T1,0.27808908820979467,0.4411999429293013,0.6303017320524816,0.5588000570706987,0.36969826794751837,1.222931979615797,0.7004906063177465
PXZ2PTO,gas,stddft,S0T1,0.3126307627765596,0.4911207078822299,0.6365660371452471,0.5088792921177703,0.363433962854753,1.0320623677308631,0.7094491185532392
PTZ-2PTO,gas,stddft,S0S1,0.28175460903785227,0.41379460298758286,0.6809045043207274,0.5862053970124173,0.3190954956792728,0.9440889608144027,0.6201027154371115
PTZ-2PTO,gas,stda,S0S1,0.2824908104830391,0.4142076111173983,0.6820029446609399,0.5857923888826018,0.3179970553390598,0.9344151284240019,0.6274729052074808
BTPBFCz-D3,gas,stda,S0S1,0.2336997775731557,0.4073359420433041,0.5737273671477557,0.5926640579566959,0.4262726328522443,0.80006010347444,0.7202395122490307
PyDCN–DMAC,gas,stda,S0S1,0.1394019982305936,0.6970885666924143,0.1999774560814219,0.3029114333075861,0.8000225439185782,4.408536639801464,0.32248570045441705
PyDCN–DMAC,gas,stda,S0T1,0.3446611156118482,0.6726031348695376,0.5124286488475865,0.32739686513046246,0.48757135115241346,0.7100497997179527,0.7765611083137748
PyDCN–DMAC,gas,stddft,S0T1,0.34320682515773593,0.6700155419239252,0.5122371104590052,0.32998445807607457,0.4877628895409947,0.6941967656042284,0.7810166409462169
PyDCN–DMAC,gas,stddft,S0S1,0.14140832309077486,0.6970427715056486,0.2028689326844686,0.3029572284943511,0.7971310673155315,4.350563048076606,0.3331465533154214
DPIBPZ-DPXZ,gas,stda,S0S1,0.5234733830254987,0.9539885054413748,0.5487208494019613,0.0460114945586251,0.4512791505980388,4.55013287654022,0.48060293997364956
DPIBPZ-DPXZ,gas,stddft,S0S1,0.5249377324291051,0.9523466027937842,0.5512044993799092,0.047653397206215795,0.44879550062009055,4.541266153491123,0.4825745610079118
CPTBF,gas,stda,S0T1,0.06013177479474719,0.9572979427380491,0.06281406457717771,0.04270205726195093,0.9371859354228222,1.0404049251559484,0.7191751888630133
CPTBF,gas,stddft,S0T1,0.060161984907644836,0.9579928423735776,0.06280003591528312,0.04200715762642242,0.937199964084717,1.015064052684832,0.721780061748765
DPIBPZ-DPXZ,gas,stda,S0T1,0.14374739988927618,0.9764608683722718,0.14721265802376535,0.023539131627728384,0.8527873419762348,2.233594344898336,0.5687486434800271
FTAT-FBO,gas,stda,S0T1,0.14548179165154845,0.8344872688837008,0.1743367419447398,0.16551273111629936,0.8256632580552601,0.14903085554387605,0.9795275645521474
DPIBPZ-DPXZ,gas,stddft,S0T1,0.13868013965922033,0.9758268193681818,0.142115523888769,0.024173180631818125,0.8578844761112309,2.185565416734618,0.5814357446416842
FTAT-FBO,gas,stddft,S0T1,0.25991256917034133,0.4991251692691694,0.5207362504898547,0.5008748307308308,0.47926374951014555,0.4467415641137241,0.9709623516410734
CPTBF,gas,stddft,S0S1,0.13956063223246565,0.9600103317834562,0.1453740940195897,0.039989668216543914,0.8546259059804101,0.5196000748272378,0.7884734669558582
CPTBF,gas,stda,S0S1,0.13500131253332823,0.960699972600542,0.140523905884883,0.03930002739945824,0.8594760941151169,0.47064953614628185,0.7885178570245134
D-BP-PXZ,gas,stda,S0S1,0.13376986372765592,0.4507061064630189,0.2968006463844792,0.5492938935369812,0.7031993536155208,1.844595102976928,0.5215301329353514
D-BP-PXZ,gas,stda,S0T1,0.1351208954726062,0.4705236811135891,0.28717129635816707,0.5294763188864109,0.7128287036418328,1.8617836214011914,0.5592612098460887
D-BP-PXZ,gas,stddft,S0S1,0.12123136946256634,0.3608567467077403,0.33595428260276433,0.6391432532922596,0.664045717397236,1.734706306388134,0.5198848604561103
Me-MOC,gas,stda,S0T1,0.04206131451536464,0.9588288019848334,0.043867387408779525,0.041171198015166416,0.9561326125912205,0.7647270397117735,0.7123504483794415
Me-MOC,gas,stda,S0S1,0.0210896172131159,0.99829011910766,0.02112573971178563,0.0017098808923400577,0.9788742602882143,0.2234791192803022,0.7697223540569946
Me-MOC,gas,stddft,S0T1,0.04067564507087843,0.9601363800963714,0.04236444521224757,0.0398636199036287,0.9576355547877526,0.754892058928994,0.7144024862817167
D-BP-PXZ,gas,stddft,S0T1,0.1367100494760236,0.4717930866423479,0.28976696214215486,0.528206913357652,0.710233037857845,1.8217982898904677,0.572550051239723
19a,gas,stda,S0T1,0.24338736311917333,0.6058723218477157,0.4017139491979435,0.39412767815228433,0.5982860508020564,0.1087899962473682,0.9911311513645178
19a,gas,stda,S0S1,0.24173424255989756,0.6217516878685836,0.38879547458661934,0.3782483121314165,0.6112045254133806,0.07302433439189514,0.9910345089080036
Me-MOC,gas,stddft,S0S1,0.01942288203964949,0.9984969990529861,0.019452118592315167,0.0015030009470140154,0.9805478814076847,0.17136924282881522,0.7698209796122122
19a,gas,stddft,S0S1,0.24143056511676225,0.6204735338218593,0.3891069513145069,0.3795264661781406,0.6108930486854933,0.08751776865740837,0.9913602817910532
19a,gas,stddft,S0T1,0.24377112187646083,0.6044110997379806,0.4033200614319269,0.3955889002620194,0.5966799385680732,0.10710250423601829,0.9909774162844066
FTAT-FBO,gas,stda,S0S1,0.3584680620792397,0.980045186150903,0.36576687192058144,0.01995481384909714,0.6342331280794188,1.751635010613226,0.6449704210536059
FTAT-FBO,gas,stddft,S0S1,0.049330061252659194,0.6617810154469508,0.07454136655664392,0.3382189845530493,0.9254586334433563,2.091755975596429,0.6739716534754256
PCDMB,gas,stda,S0S1,0.018431986127005077,0.9958272764477851,0.018509219985170324,0.004172723552215017,0.9814907800148296,1.034355145018167,0.662373848758475
PCDMB,gas,stda,S0T1,0.01985523070530987,0.9960777803140641,0.019933413933849124,0.003922219685936142,0.9800665860661508,0.8958371329600101,0.7052239820023359
PCDMB,gas,stddft,S0S1,0.01846459705354427,0.9958025955749035,0.018542427119186373,0.004197404425096438,0.9814575728808134,1.0506163054420259,0.6554940737986568
TCP,gas,stddft,S0T1,0.2957314973802603,0.7081340214983317,0.4176208011507847,0.29186597850166823,0.5823791988492153,0.3369282877774348,0.6948641826348756
TCP,gas,stda,S0T1,0.29704392873509605,0.7097326258646732,0.41852934176895834,0.2902673741353269,0.5814706582310417,0.3404521643809965,0.691115893041033
PCDMB,gas,stddft,S0T1,0.020049344197784293,0.9961277823086856,0.02012728141294958,0.003872217691314333,0.9798727185870503,0.8892905317670589,0.7133119569013328
TCP,gas,stda,S0S1,0.3433720563781654,0.5884221829104603,0.5835470965417632,0.41157781708953967,0.4164529034582369,0.56624085440749,0.6975294783287751
TCP,gas,stddft,S0S1,0.3411762204838587,0.5797869898689363,0.5884509767302355,0.4202130101310636,0.4115490232697646,0.5494735386799918,0.6997094060104629
AI-4Cz,gas,stda,S0S1,0.15065641013209,0.5612171019737663,0.2684458645366305,0.4387828980262338,0.7315541354633693,0.9618368255278738,0.46674704047223653
AI-4Cz,gas,stda,S0T1,0.15612103083711582,0.5904405490953716,0.2644144801306629,0.40955945090462836,0.7355855198693373,0.7755964275188597,0.5759222676766385
DPQ-DMAC,gas,stda,S0T1,0.2385150054336296,0.6924400512418694,0.3444558196855605,0.30755994875813075,0.6555441803144394,3.675055185663564,0.4872018991770049
DPQ-DMAC,gas,stddft,S0S1,0.2387902112249806,0.6854707819767073,0.34835943048714046,0.3145292180232925,0.6516405695128596,4.172836751243372,0.3754084671728628
AI-4Cz,gas,stddft,S0T1,0.15546792812379837,0.5951956756705294,0.261204733970308,0.40480432432947056,0.7387952660296917,0.7461809242933758,0.58968244583653
DPQ-DMAC,gas,stda,S0S1,0.23900919936623272,0.6846566753802977,0.349093506221163,0.31534332461970205,0.6509064937788369,4.1776418074224715,0.37490593467517863
CBPMCN,gas,stda,S0T1,0.02704316576546558,0.9930750738173115,0.027231743579580074,0.006924926182688716,0.9727682564204204,0.7610455738500859,0.6981276292163837
DPQ-DMAC,gas,stddft,S0T1,0.2383328016597543,0.6943644959334406,0.34323875004490445,0.30563550406655926,0.656761249955096,3.5459042469557804,0.51147667148579
CBPMCN,gas,stddft,S0T1,0.026884037239115376,0.9932989851156777,0.02706540290684432,0.0067010148843224164,0.9729345970931556,0.7596154648470695,0.7008860968207482
AI-4Cz,gas,stddft,S0S1,0.31786330448476924,0.8255213088995093,0.3850455476534074,0.17447869110049094,0.6149544523465924,0.9787358836836484,0.6308921007995162
CBPMCN,gas,stda,S0S1,0.026515361213471412,0.9998180523176526,0.026520186499940496,0.00018194768234717574,0.9734798135000595,1.2492802216768688,0.7707259869071572
o-Ac2BBP,gas,stda,S0S1,0.10128355876883066,0.8304043514310722,0.12196896438979911,0.16959564856892775,0.8780310356102008,3.8681308231358775,0.4897337829794972
CBPMCN,gas,stddft,S0S1,0.11447866655681599,0.146750782672892,0.7800889676478887,0.853249217327108,0.21991103235211135,0.6364108435253506,0.7468211222853735
o-Ac2BBP,gas,stddft,S0S1,0.1024250143508351,0.8315606880447106,0.12317202559403338,0.16843931195528936,0.8768279744059668,3.728204053234132,0.5142397415702478
o-Ac2BBP,gas,stda,S0T1,0.10281883032227469,0.8409560756578967,0.12226421010376491,0.1590439243421034,0.877735789896235,1.505117746294788,0.7135908412065478
o-Ac2BBP,gas,stddft,S0T1,0.10303061266843937,0.8412677020800204,0.12247066232745876,0.1587322979199795,0.8775293376725413,1.4021321818050843,0.7226608622722996
V–TPA,gas,stddft,S0T1,0.1874816926634185,0.6508288181651231,0.28806605889392584,0.34917118183487683,0.7119339411060741,0.30796712565582757,0.7611965496304967
2tPAB,gas,stda,S0S1,0.05219383908648148,0.8052981320209968,0.06481306364823483,0.19470186797900324,0.9351869363517653,2.89914109148448,0.5501039101733827
V–TPA,gas,stda,S0T1,0.07558462862854211,0.9110351761225437,0.08296565336833403,0.08896482387745627,0.9170343466316659,1.0014583713563288,0.7622828851475304
V–TPA,gas,stda,S0S1,0.20093153302706243,0.6328259356913137,0.3175146935271548,0.3671740643086862,0.6824853064728453,0.46093812810499385,0.7310372689223689
2tPAB,gas,stda,S0T1,0.06404101365328307,0.8172828851959005,0.0783584421175449,0.18271711480409975,0.9216415578824552,1.9703455205665819,0.5703885252945705
V–TPA,gas,stddft,S0S1,0.19513364529017335,0.6809964304737981,0.28654136285914245,0.3190035695262018,0.7134586371408576,0.5946963987651994,0.7264214540704684
2tPAB,gas,stddft,S0T1,0.06556762779293805,0.8188198335191202,0.08007576894069822,0.18118016648087984,0.9199242310593021,1.8580248882658936,0.5728007580755217
DPVBi,gas,stda,S0S1,0.12916187679458754,0.8485129562656345,0.1522214550064599,0.15148704373436564,0.8477785449935399,0.193104461689451,0.9902751503044129
DPVBi,gas,stda,S0T1,0.11517013336310744,0.8769843716721631,0.13132518330230938,0.12301562832783687,0.8686748166976905,0.11550091766414061,0.9913351794315455
DPVBi,gas,stddft,S0T1,0.11284752001870216,0.8805613926264051,0.12815406280999633,0.11943860737359485,0.8718459371900037,0.10980787029204098,0.9913190494137337
PyIAnTPh,gas,stda,S0S1,0.21306065192506538,0.6859491012346979,0.3106070866505393,0.3140508987653022,0.6893929133494607,0.3061794836633485,0.9930666206232305
PyIAnTPh,gas,stddft,S0S1,0.21514787333033225,0.6838618787820455,0.31460720359717886,0.31613812121795437,0.6853927964028209,0.2697209746059227,0.9930882413288378
PyIAnTPh,gas,stda,S0T1,0.20931829143978922,0.7049658719650387,0.29691975138644716,0.29503412803496115,0.7030802486135531,0.16296154165187549,0.9943138962811173
DPVBi,gas,stddft,S0S1,0.13008808257285975,0.8465766329925856,0.15366368206149045,0.15342336700741468,0.8463363179385094,0.19584245497432942,0.9901257005830717
PyIAnTPh,gas,stddft,S0T1,0.20785867415245515,0.7075626297063492,0.29376717399379915,0.2924373702936508,0.7062328260062006,0.16516146052653957,0.9942031790510341
2tPAB,gas,stddft,S0S1,0.17502137802095385,0.5692651767727874,0.3074514043053975,0.43073482322721285,0.692548595694602,0.9135429659764369,0.6328259366841462
TBN-TPA,gas,stda,S0S1,0.053867191513327146,0.80789063680163,0.06667634090498036,0.19210936319836996,0.9333236590950196,2.4245167888147163,0.5518319784308241
TBN-TPA,gas,stda,S0T1,0.07268897324631739,0.8132450600258957,0.08938138922602591,0.18675493997410447,0.9106186107739742,1.3471866447066476,0.5742076183278413
TBN-TPA,gas,stddft,S0T1,0.07471575006287783,0.8139576456754537,0.09179316695388468,0.1860423543245464,0.9082068330461156,1.236648046771615,0.577155784687638
m-PCzTPD,gas,stda,S0T1,0.2745652070915566,0.7209290814377848,0.38084912117011216,0.2790709185622152,0.6191508788298877,1.3224687838339166,0.8896004930669492
o-Px2BBP,gas,stda,S0S1,0.01866444971357091,0.08982448782075166,0.20778798929326003,0.9101755121792484,0.7922120107067403,1.165192537689242,0.5129588460596969
m-PCzTPD,gas,stda,S0S1,0.3722882172908619,0.5206263241900236,0.7150775901891974,0.47937367580997636,0.28492240981080247,1.7893596193501529,0.7344365270271156
o-Px2BBP,gas,stda,S0T1,0.02891876062754524,0.1410456084879923,0.20503127277448835,0.8589543915120075,0.794968727225512,0.9385529231158,0.5542930317952104
TBN-TPA,gas,stddft,S0S1,0.1762031157524005,0.578130378004373,0.3047809325651241,0.42186962199562694,0.6952190674348759,0.961829591228729,0.5570126878289
m-PCzTPD,gas,stddft,S0S1,0.37681438347163393,0.5099812235302186,0.7388789353130097,0.4900187764697815,0.2611210646869902,1.9133019601443644,0.7277978566638587
o-Px2BBP,gas,stddft,S0S1,0.01846426959145039,0.08952878744740679,0.20623835213111902,0.9104712125525931,0.793761647868881,1.1738305489415053,0.5115493388975811
m-PCzTPD,gas,stddft,S0T1,0.2623936580168599,0.7160991589765682,0.36642084371648564,0.2839008410234317,0.6335791562835144,1.2981461390056337,0.9010483828609183
phenazasiline,gas,stda,S0S1,0.21467163010952905,0.4949695101359725,0.4337067752932031,0.5050304898640274,0.5662932247067968,0.5272654420492422,0.8841025742495016
phenazasiline,gas,stda,S0T1,0.28050490194390465,0.7088157304095187,0.3957374108808826,0.29118426959048144,0.6042625891191173,0.6307611466763984,0.7923611227443927
o-Px2BBP,gas,stddft,S0T1,0.03129041256484372,0.15265209484559952,0.20497859918982775,0.8473479051544005,0.7950214008101726,0.9089080729477085,0.5656055602157047
DCz-OTP,gas,stda,S0T1,0.32006818325691516,0.3475329138362935,0.9209722892827479,0.6524670861637065,0.07902771071725216,1.0610911559309348,0.6839796277920447
phenazasiline,gas,stddft,S0S1,0.21467441720394786,0.4949652373067803,0.4337161501927706,0.5050347626932196,0.5662838498072293,0.5273167155788452,0.8841051379755002
phenazasiline,gas,stddft,S0T1,0.28544826667907675,0.7545050532335441,0.3783251887522099,0.24549494676645597,0.6216748112477898,0.5747967581695799,0.8494302398066637
35CzBPym,gas,stda,S0S1,0.0642401530959066,0.6810841973583074,0.09432042814247074,0.3189158026416926,0.9056795718575296,2.582543242708869,0.502053043514114
DCz-OTP,gas,stddft,S0T1,0.3148520903685238,0.34184081774241554,0.9210488450380775,0.6581591822575845,0.07895115496192247,1.0389591017455564,0.687535994897885
DCz-OTP,gas,stda,S0S1,0.02810029246141928,0.9988961489372141,0.028131345276800675,0.001103851062785821,0.9718686547231995,0.8603864082175475,0.7864109908284236
35CzBPym,gas,stda,S0T1,0.07774102961944201,0.6794956773343849,0.11440989576918982,0.3205043226656152,0.8855901042308102,2.3474441753236954,0.5135445244732585
35CzBPym,gas,stddft,S0T1,0.08017786875410557,0.6798635968485974,0.1179322868966035,0.3201364031514029,0.8820677131033964,2.3036312818673905,0.5195153926393878
DCz-OTP,gas,stddft,S0S1,0.026512054533275868,0.9988674447884782,0.02654211494388037,0.0011325552115218239,0.9734578850561197,0.8688389544092896,0.7887371291174313
TS-1,gas,stda,S0T1,0.3333660588494732,0.5819424788608555,0.5728505324135003,0.4180575211391447,0.42714946758649974,0.8825329402778822,0.7215781149401311
TS-1,gas,stddft,S0T1,0.33310737553158226,0.5803136347075137,0.5740126642026481,0.4196863652924864,0.42598733579735154,0.8782555865848127,0.7243314704969384
TS-1,gas,stda,S0S1,0.20750802881943778,0.3761912574718479,0.5516024753312258,0.623808742528152,0.448397524668774,1.5208805082673236,0.7848068997531429
35CzBPym,gas,stddft,S0S1,0.230084640229466,0.8888561822295334,0.2588547448163557,0.11114381777046622,0.7411452551836442,1.7044948114722163,0.5837626536937183
TS-1,gas,stddft,S0S1,0.2092881445361344,0.3768714642268197,0.5553303033051463,0.6231285357731802,0.4446696966948536,1.5435270537215509,0.7879207140668876
BTZ–DPA,gas,stda,S0S1,0.45546712842094594,0.8565019118195575,0.5317759623599077,0.1434980881804423,0.4682240376400925,2.4023658153593423,0.6932229178600628
PyI,gas,stda,S0T1,0.1620527637196247,0.673944038496674,0.2404543322040595,0.326055961503326,0.7595456677959405,0.4225514065716218,0.939343833510329
BTZ–DPA,gas,stda,S0T1,0.3664263502889599,0.8397344292048398,0.4363598032248551,0.16026557079516018,0.5636401967751449,1.6965979443006969,0.8039530640117555
PyI,gas,stda,S0S1,0.19569385113650548,0.6806605302151348,0.28750580127608244,0.319339469784865,0.7124941987239174,0.5693785035747974,0.6841821598675266
BTZ–DPA,gas,stddft,S0T1,0.3505229048963962,0.8340715840646872,0.42025518144161006,0.16592841593531285,0.5797448185583899,1.5580944201843079,0.8214136872583399
BTZ–DPA,gas,stddft,S0S1,0.4669119307044972,0.856042493293301,0.5454307868622613,0.14395750670669893,0.4545692131377386,2.489754034891668,0.6919448337518692
PyI,gas,stddft,S0T1,0.16367004850471745,0.6819332286463317,0.24000890648723763,0.3180667713536683,0.7599910935127624,0.37010007635645537,0.9428212731035481
PyI,gas,stddft,S0S1,0.26126959986884685,0.6860038137089273,0.38085735771099377,0.3139961862910727,0.6191426422890061,0.447338928975145,0.7960946285305602
PTZTPE-2,gas,stda,S0S1,0.06097483901484142,0.9556831773643722,0.06380235674232614,0.044316822635627764,0.9361976432576739,0.18860935232555634,0.9856948040081468
PTZTPE-2,gas,stda,S0T1,0.05111622971729232,0.9549347412992909,0.053528505673323,0.04506525870070904,0.946471494326677,0.10109591638504264,0.9916691540879121
BACF,gas,stda,S0S1,0.43027645430693373,0.7199867152697575,0.5976172131811098,0.28001328473024223,0.40238278681889045,2.4492799431000396,0.6428316736085726
PTZTPE-2,gas,stddft,S0S1,0.06181832651939708,0.9551479512404291,0.06472120516943476,0.044852048759570926,0.9352787948305652,0.1923665692898172,0.9853629347161805
PTZTPE-2,gas,stddft,S0T1,0.049923572254988675,0.9554242521593205,0.052252778953599074,0.04457574784067951,0.947747221046401,0.09730597634764696,0.9918180387537512
BACF,gas,stda,S0T1,0.36019554937980813,0.6199361038322804,0.5810204425152445,0.3800638961677195,0.4189795574847554,1.8453776010380323,0.7541095030258075
BACF,gas,stddft,S0T1,0.3504618770380538,0.604051139273887,0.5801857727796594,0.3959488607261129,0.4198142272203407,1.740696848032216,0.7697002244109833
BACF,gas,stddft,S0S1,0.1812994085683929,0.5198248042452303,0.3487702146719107,0.4801751957547696,0.6512297853280894,0.7002843045578522,0.7077701533150336
24PQ-Cz,gas,stda,S0S1,0.1702150842982351,0.5579639536408408,0.3050646608755695,0.44203604635915905,0.6949353391244305,1.4640714356642648,0.737432010537433
NDN,gas,stda,S0S1,0.14578908273282934,0.5998652395392331,0.24303639071470864,0.4001347604607669,0.7569636092852913,1.5506153121792254,0.7075557750764194
NDN,gas,stddft,S0S1,0.13841354295848687,0.5885184038787284,0.23518982931757001,0.4114815961212715,0.7648101706824302,1.658930883778812,0.7180179741763499
NDN,gas,stda,S0T1,0.3991042906377699,0.5395243121884723,0.7397336535565623,0.46047568781152765,0.2602663464434379,0.7381505960120073,0.714100389771317
NDN,gas,stddft,S0T1,0.3956268928439092,0.5416671373793295,0.7303874751531246,0.45833286262067047,0.26961252484687537,0.6821537187108597,0.71835867657883
24PQ-Cz,gas,stda,S0T1,0.1964325776294439,0.66997285881754,0.29319482878177344,0.3300271411824598,0.7068051712182265,0.47846341295798867,0.8188923279809721
24PQ-Cz,gas,stddft,S0T1,0.18322114828994718,0.6961376455600681,0.2631967247548279,0.30386235443993176,0.7368032752451721,0.4246432432854023,0.8498147693099947
DBQ-3PXZ,gas,stda,S0S1,0.029711004485383607,0.993239353869138,0.029913237297379696,0.006760646130862018,0.9700867627026198,3.927583997988171,0.4283244148664895
DBQ-3PXZ,gas,stda,S0T1,0.02668938119487846,0.9936493406334435,0.026859959649210046,0.006350659366556333,0.9731400403507899,3.6050779997092466,0.4986983779701096
24PQ-Cz,gas,stddft,S0S1,0.17658421950010272,0.6671564560503992,0.2646818716939209,0.33284354394960075,0.735318128306079,0.6473633155625081,0.8525571306158393
DBQ-3PXZ,gas,stddft,S0S1,0.02997407265705198,0.9931486699335199,0.03018085163327904,0.006851330066480215,0.9698191483667209,3.9345883640531394,0.4266002654531242
DBQ-3PXZ,gas,stddft,S0T1,0.026316867329079546,0.9936538081417603,0.026484945876969892,0.006346191858239717,0.9735150541230302,3.539775471218591,0.5153044381397187
MeCZ-TRZ,gas,stda,S0T1,0.03828698362745673,0.9601228521539715,0.03987717149067167,0.039877147846028575,0.9601228285093285,0.6097766214586934,0.6802703581396464
MeCZ-TRZ,gas,stddft,S0T1,0.03739650142550843,0.9609064075161575,0.038917943655068836,0.03909359248384243,0.9610820563449314,0.6117923836993882,0.6833399902173076
TRZ-pIC,gas,stda,S0T1,0.12436439177285137,0.7134415554726675,0.17431615921287033,0.28655844452733237,0.8256838407871298,1.7473796505235142,0.6712074600872876
MeCZ-TRZ,gas,stda,S0S1,0.03471186372584661,0.9776773150473855,0.03550441765559858,0.022322684952614504,0.9644955823444014,1.356341713283428,0.6649598982949699
CH3OH–CHCl3,gas,stda,S0T1,0.24729659710259483,0.4792319681123372,0.5160269213188754,0.5207680318876627,0.4839730786811247,0.07931869819591644,0.9940795679531191
TRZ-pIC,gas,stddft,S0T1,0.1236940891120763,0.7196788094082822,0.1718740186525392,0.28032119059171773,0.8281259813474608,1.6935310620083637,0.6706032894196811
MeCZ-TRZ,gas,stddft,S0S1,0.04739374938736692,0.9672338734147592,0.048999265524113864,0.032766126585240946,0.951000734475886,0.9895605082561899,0.6616970891258412
CH3OH–CHCl3,gas,stda,S0S1,0.22555048850137382,0.3937360928350406,0.572846870291544,0.6062639071649595,0.4271531297084559,0.40638747762500027,0.6540373589699706
TRZ-pIC,gas,stda,S0S1,0.13877902867580527,0.8376378998631412,0.16567902275969115,0.16236210013685867,0.8343209772403087,1.0787549981654274,0.7794144652437887
CH3OH–CHCl3,gas,stddft,S0S1,0.22858192639972633,0.3649602940459194,0.6263199863899882,0.6350397059540804,0.37368001361001185,0.21543937659616152,0.912818049600289
TRZ-pIC,gas,stddft,S0S1,0.12730471738696042,0.8474625889069777,0.1502186869996855,0.15253741109302227,0.8497813130003143,1.1438596217327368,0.7748860726684033
CH3OH–CHCl3,gas,stddft,S0T1,0.24774302769425094,0.47863514976731153,0.5176030799549327,0.5213648502326886,0.4823969200450673,0.07201394866260655,0.9941583327252347
TBAc,gas,stda,S0S1,0.06351721099309825,0.9226518045982484,0.06884201675707516,0.07734819540175178,0.931157983242925,0.8465555496312229,0.6109685591799685
TBAc,gas,stda,S0T1,0.06422615678300732,0.9499823014058191,0.06760774036312368,0.05001769859418098,0.9323922596368761,0.05455512879276345,0.980850656699156
TBAc,gas,stddft,S0S1,0.04306546644166959,0.9919717892093495,0.04341400321071116,0.00802821079065063,0.956585996789289,0.8359509052111234,0.5778665871724488
TBAc,gas,stddft,S0T1,0.05999050416547917,0.9496765029143138,0.06316940977415329,0.05032349708568625,0.9368305902258467,0.10542670771259455,0.9805921825887123
2SPBAC-BP,gas,stda,S0S1,0.20195398031013612,0.8603498433385794,0.23473472085082925,0.13965015666142044,0.7652652791491708,1.103408306567629,0.5453364292679167
2SPBAC-BP,gas,stda,S0T1,0.3020458450032721,0.738982114949625,0.408732280379833,0.26101788505037504,0.591267719620167,0.25072967681698993,0.7957917338540231
2SPBAC-BP,gas,stddft,S0S1,0.21682455545992343,0.8679366449552954,0.24981610895238943,0.13206335504470473,0.7501838910476104,1.0056986926111329,0.5824133860135309
2SPBAC-BP,gas,stddft,S0T1,0.3024561789519273,0.7220060806714254,0.4189108472198183,0.27799391932857476,0.5810891527801819,0.22990240985461763,0.814550630752077
11-AcBPdCN,gas,stda,S0S1,0.23003155763384944,0.6108948345159851,0.376548539350647,0.3891051654840149,0.6234514606493531,2.9239008324168028,0.6220613303501994
11-AcBPdCN,gas,stda,S0T1,0.22265607713051944,0.6254828451347723,0.35597471435454625,0.37451715486522785,0.6440252856454537,2.253745776786498,0.7209742447504959
11-AcBPdCN,gas,stddft,S0S1,0.2289633724838953,0.6106654035104251,0.37494079600333297,0.38933459648957497,0.6250592039966671,2.9294014238672106,0.615966559926971
11-AcBPdCN,gas,stddft,S0T1,0.2214296016229694,0.6269693956532806,0.3531744980825537,0.3730306043467193,0.646825501917446,2.1405252059606608,0.7355709302935837
CzppT,gas,stda,S0T1,0.21534792865931093,0.3122776586823284,0.689604019602243,0.687722341317672,0.3103959803977569,0.5022211807917147,0.6950265986098058
CzppT,gas,stddft,S0T1,0.21239389735070338,0.3043909848880545,0.6977667141778697,0.6956090151119455,0.3022332858221304,0.5012317082135705,0.6990997556929399
CCDMB,gas,stda,S0T1,0.027359713516041127,0.9954040167884539,0.027486038889328383,0.004595983211545994,0.9725139611106719,0.7433160045127547,0.6774781357537951
CCDMB,gas,stddft,S0T1,0.02707145006176036,0.9955462432331961,0.027192559105884914,0.004453756766804065,0.9728074408941149,0.7150645365124108,0.6811816034954526
CzppT,gas,stda,S0S1,0.12702914972365736,0.8781058038868597,0.1446626923103956,0.12189419611314024,0.8553373076896045,0.8430015674516317,0.7559682537578943
p-DHMPA,gas,stda,S0T1,0.20340330581199742,0.732092251747274,0.27783835346780095,0.26790774825272606,0.7221616465321989,0.025699977865248507,0.9956102598953266
p-DHMPA,gas,stda,S0S1,0.21614959980824963,0.7149275746467939,0.30233775766032966,0.28507242535320626,0.6976622423396702,0.019993153415145574,0.9947573469248199
p-DHMPA,gas,stddft,S0S1,0.21798284067269721,0.7127803245022455,0.30582050763665614,0.2872196754977545,0.6941794923633438,0.02648762922894713,0.9945924933135623
p-DHMPA,gas,stddft,S0T1,0.20104069158721866,0.7347121792562511,0.273631902755079,0.26528782074374896,0.7263680972449212,0.034704952858865656,0.9957296919752884
CCDMB,gas,stddft,S0S1,0.016493868147072696,0.9996472395645668,0.01649968858440224,0.0003527604354332044,0.9835003114155979,0.5527115340543852,0.7403944570434239
DBCP,gas,stda,S0S1,0.4234058973969596,0.9465022822380277,0.44733742891333134,0.05349771776197223,0.552662571086669,2.2960419593424297,0.3689469919827452
DBCP,gas,stda,S0T1,0.3955211655257652,0.9179707934664384,0.43086465096803295,0.08202920653356177,0.5691353490319672,2.1202429638023528,0.47974626578769064
CzppT,gas,stddft,S0S1,0.0921373904804006,0.9230514291275659,0.09981826317899259,0.07694857087243426,0.9001817368210075,0.9581730589847308,0.7540838243863364
DBCP,gas,stddft,S0S1,0.4239507307345884,0.9454950969925611,0.44839019481232056,0.054504903007439015,0.5516098051876794,2.296043012668325,0.3698784459183158
DBCP,gas,stddft,S0T1,0.3880949726101898,0.9107404415823004,0.42613126077493846,0.08925955841769988,0.5738687392250618,2.063580140467695,0.507491646590766
CCDMB,gas,stda,S0S1,0.0645930653385996,0.9368702363230774,0.06894558374712294,0.06312976367692254,0.9310544162528771,0.9113197845732318,0.7428373301801431
Na-DMAC,gas,stda,S0S1,0.14514204828313085,0.6959130690567202,0.20856347543503465,0.3040869309432795,0.7914365245649653,4.574082630460683,0.3199018171505847
phenylperylene,gas,stda,S0S1,0.18268462812970027,0.7384695541257708,0.24738274869838,0.26153044587422924,0.7526172513016198,0.2809738688911588,0.9917823578075848
phenylperylene,gas,stda,S0T1,0.18251468608763965,0.7615878096714004,0.2396502199350967,0.23841219032859956,0.7603497800649035,0.0939542721436954,0.9947964200360891
phenylperylene,gas,stddft,S0S1,0.18210948312552183,0.7415126833775743,0.24559186539604025,0.2584873166224257,0.7544081346039598,0.27126983691438816,0.9917369879598391
Na-DMAC,gas,stddft,S0S1,0.14506919880957833,0.6959270097119913,0.2084546177761014,0.3040729902880089,0.7915453822238986,4.578301562534237,0.31875505037958013
phenylperylene,gas,stddft,S0T1,0.18194804011074198,0.7642191511428723,0.2380835913868984,0.23578084885712755,0.7619164086131016,0.08133149843101702,0.9949662001058659
Na-DMAC,gas,stda,S0T1,0.08492075948852344,0.9385864151240738,0.09047729449322743,0.06141358487592617,0.9095227055067723,0.31818701573554803,0.9706667190858556
1SBFN,gas,stda,S0T1,0.2346748273796016,0.3498555170538904,0.6707764089467059,0.6501444829461095,0.3292235910532941,0.10792508805924278,0.9887784485077233
1SBFN,gas,stddft,S0T1,0.2318975572846457,0.3426377794918277,0.6768008992720451,0.6573622205081723,0.3231991007279549,0.10474525276061643,0.9885447659972391
Na-DMAC,gas,stddft,S0T1,0.08333620556182665,0.9402455283475779,0.08863238701946795,0.05975447165242214,0.911367612980532,0.2762890273300288,0.9734304042711578
1SBFN,gas,stda,S0S1,0.2259127219762816,0.6417597384909108,0.3520207149602626,0.35824026150908905,0.6479792850397376,0.3526497558947916,0.9622645088336164
1SBFN,gas,stddft,S0S1,0.22398907151036213,0.6631512745623201,0.3377646701473882,0.3368487254376799,0.6622353298526118,0.3460464971060199,0.9632617547090281
TCzTrz,gas,stda,S0T1,0.1514212008736506,0.810574196333734,0.18680732937038455,0.18942580366626607,0.8131926706296152,2.7923420921305504,0.6935772873345932
TCzTrz,gas,stddft,S0T1,0.151571119943447,0.8099687409617542,0.18713206112555894,0.19003125903824555,0.812867938874441,2.6952114252749144,0.7077735516030391
DMeCzIPN,gas,stda,S0S1,0.34911595824503555,0.7870669890702269,0.44356574865050696,0.21293301092977318,0.5564342513494933,0.8621443756845304,0.5648711839846289
TCzTrz,gas,stddft,S0S1,0.25800068582150315,0.5127765352787549,0.5031444851142597,0.4872234647212452,0.49685551488574037,0.8445902437648485,0.7529030027624638
TCzTrz,gas,stda,S0S1,0.25789793066493416,0.5105025012250203,0.505184460499357,0.4894974987749796,0.4948155395006429,0.8872683459308732,0.7536016467476611
DMeCzIPN,gas,stda,S0T1,0.20650974601823766,0.8888854869054529,0.23232435342956978,0.11111451309454716,0.7676756465704302,0.4341747695269224,0.699117635307546
m2Cz2Trz,gas,stddft,S0S1,0.10264128625703843,0.49755266098907447,0.2062923069349081,0.5024473390109255,0.7937076930650919,2.9042626581806315,0.6202354761681219
DMeCzIPN,gas,stddft,S0S1,0.34884567493613133,0.7887944468173498,0.44225168717105423,0.21120555318265016,0.5577483128289459,0.8621455362654455,0.563834145153885
m2Cz2Trz,gas,stda,S0T1,0.1946397442314016,0.43926405960406895,0.4431041875058941,0.5607359403959311,0.5568958124941059,1.7365128703858228,0.6738203788849693
m2Cz2Trz,gas,stddft,S0T1,0.2061330358826244,0.4353212629966998,0.4735193371066442,0.5646787370033,0.5264806628933558,1.5452442937753024,0.6813404786535718
m2Cz2Trz,gas,stda,S0S1,0.09688704394752976,0.5007479155500647,0.19348466751199686,0.4992520844499354,0.806515332488003,2.9724285317910026,0.6136688425812912
DMeCzIPN,gas,stddft,S0T1,0.19150252127413422,0.891563784513725,0.214793966063329,0.10843621548627498,0.7852060339366709,0.3654466122077255,0.7023601886194355
TDBA-SBA,gas,stda,S0T1,0.13955005923303157,0.8226601503503044,0.16963269604539433,0.17733984964969557,0.8303673039546056,1.9692144752421354,0.6063732483401838
TDBA-SBA,gas,stddft,S0T1,0.1395197437653585,0.8224018843798863,0.1696491051580703,0.17759811562011393,0.8303508948419298,1.8915076456472404,0.6085547345727982
DHID-DPS,gas,stda,S0S1,0.16818581692974277,0.7410309087238898,0.2269619457835723,0.25896909127611045,0.773038054216428,0.47257921117859625,0.7803486170056
DHID-DPS,gas,stda,S0T1,0.18690269599353035,0.7327713392626954,0.2550627814968709,0.2672286607373045,0.7449372185031288,0.20419714321602173,0.885249757489596
TDBA-SBA,gas,stda,S0S1,0.07762699190027587,0.9094161316688731,0.08535915429367003,0.09058386833112672,0.9146408457063302,0.37462390215153485,0.596933633150986
TDBA-SBA,gas,stddft,S0S1,0.07660702475380335,0.9107776920500709,0.08411166130054029,0.08922230794992905,0.9158883386994597,0.3379424447870904,0.5935679092712088
DHID-DPS,gas,stddft,S0S1,0.17067270783205374,0.7366353652038424,0.23169225358169576,0.26336463479615757,0.7683077464183042,0.38657354310941316,0.7785571312753489
DHID-DPS,gas,stddft,S0T1,0.18856622131999534,0.7319619201945897,0.2576175291603498,0.26803807980541,0.7423824708396503,0.18780057412819715,0.894007983466334
o-CzOXD,gas,stda,S0T1,0.3166837346136945,0.3593872377088433,0.8811769072063016,0.6406127622911568,0.11882309279369851,0.9131468480225249,0.7277583365155278
o-CzOXD,gas,stda,S0S1,0.19691322176560325,0.8251617587357956,0.23863590342248509,0.1748382412642045,0.7613640965775149,1.5425978807308247,0.6639760481036064
Me2ACBO,gas,stda,S0T1,0.20779953040036667,0.6979141949375174,0.297743665206538,0.3020858050624827,0.7022563347934621,1.2669813176157685,0.7067706477966272
o-CzOXD,gas,stddft,S0T1,0.31319123308846497,0.3523364148986594,0.8888982797266256,0.6476635851013405,0.1111017202733744,0.9093000492858787,0.7308976823872926
o-CzOXD,gas,stddft,S0S1,0.23903578061814199,0.8728802672998978,0.2738471581647244,0.1271197327001021,0.7261528418352754,1.4180170948320407,0.6998892870102285
Me2ACBO,gas,stda,S0S1,0.011373190711800702,0.9936691907373887,0.011445650944818777,0.006330809262611297,0.9885543490551814,1.0432527234339775,0.5283815340198429
Me2ACBO,gas,stddft,S0S1,0.010634651200579296,0.9950332982433288,0.010687733987751094,0.0049667017566714135,0.989312266012249,0.5277985636501775,0.5548421047937586
Me2ACBO,gas,stddft,S0T1,0.16485382504890442,0.37963715192710756,0.43424049572618556,0.6203628480728924,0.5657595042738145,2.4232562860989675,0.7122534012142759
BCzPh,gas,stda,S0T1,0.21492367925668626,0.8603922565765169,0.249797319320217,0.139607743423483,0.7502026806797829,0.7442348666697215,0.7003086441177817
CCC,gas,stda,S0S1,0.09412143174127224,0.8890031176236095,0.10587300525207138,0.1109968823763906,0.8941269947479287,1.0619628000135446,0.7198125552299576
CCC,gas,stda,S0T1,0.21603227524230267,0.754987894706853,0.28614005172385415,0.2450121052931471,0.713859948276146,0.10924061860119158,0.9741393071042564
BCzPh,gas,stddft,S0T1,0.23295321027536758,0.8551488340720704,0.27241247487420966,0.14485116592792927,0.7275875251257904,0.7622944023248627,0.6993383801446049
BCzPh,gas,stda,S0S1,0.09841859610178291,0.9081764622318158,0.10836946363917231,0.09182353776818392,0.8916305363608278,0.6203034291843343,0.7781945765131183
CCC,gas,stddft,S0S1,0.090083396030541,0.8906404076942561,0.10114451944051624,0.10935959230574405,0.8988554805594837,1.0841462443698502,0.7220824968649665
BCzPh,gas,stddft,S0S1,0.08989857023822391,0.9218090043361362,0.09752407474362502,0.07819099566386366,0.9024759252563751,0.6948407477117151,0.7837846936796007
CCC,gas,stddft,S0T1,0.20975959353870982,0.7646926866319184,0.2743057403394218,0.23530731336808175,0.7256942596605781,0.10471298606453981,0.9763950181944829
2H-Qz,gas,stda,S0S1,0.25821290074812275,0.8145947411125702,0.3169832650717295,0.18540525888742956,0.6830167349282705,0.9406438542855736,0.7197818304425899
2H-Qz,gas,stda,S0T1,0.29371460410214073,0.7999226686592082,0.36717874815880763,0.20007733134079203,0.6328212518411922,0.8255749742914276,0.7531564773559892
2H-Qz,gas,stddft,S0S1,0.25798344283494995,0.8164719576300792,0.3159734274080667,0.18352804236992093,0.6840265725919332,0.9574227892779649,0.7132099794109956
2H-Qz,gas,stddft,S0T1,0.2944015427919768,0.7958928478013477,0.3699009780088619,0.20410715219865241,0.630099021991138,0.8134115505140155,0.7599068846111211
3-DPM,gas,stda,S0S1,0.05883945061331972,0.5686934518842873,0.1034642660617303,0.43130654811571295,0.8965357339382696,4.413006937765282,0.36425010046859185
3-DPM,gas,stda,S0T1,0.07057470473141962,0.6378540920453257,0.11064396326927475,0.36214590795467416,0.8893560367307254,3.6921605027522317,0.528444708190487
PTZ-DBTO2,gas,stda,S0S1,0.20386665100614532,0.6272565733600246,0.3250131758908369,0.37274342663997534,0.6749868241091629,3.273952603023566,0.5348447515907216
3-DPM,gas,stddft,S0S1,0.059315766500616644,0.5694400927478491,0.10416506890898172,0.43055990725215065,0.8958349310910184,4.399251142547367,0.3653323592136721
3-DPM,gas,stddft,S0T1,0.07173000569365522,0.6499024820709858,0.1103704135197017,0.35009751792901417,0.8896295864802981,3.575014969071687,0.5544047236756473
PTZ-DBTO2,gas,stda,S0T1,0.21723246700030205,0.5883909774109377,0.3691974815048615,0.41160902258906246,0.6308025184951387,2.820730542167573,0.6473168012161976
PTZ-DBTO2,gas,stddft,S0T1,0.21826732634965776,0.5818932533479474,0.3750985684983414,0.4181067466520527,0.6249014315016587,2.7269096006879576,0.6654337312018768
PTZ-DBTO2,gas,stddft,S0S1,0.22114509322251916,0.5781338077619741,0.38251541469024025,0.42186619223802607,0.6174845853097596,3.041140823050431,0.5196347160818962
BMIM,gas,stda,S0S1,0.13445505828356463,0.679188369902939,0.19796431187827798,0.32081163009706115,0.8020356881217223,3.2384295899075237,0.5613607940277153
BMIM,gas,stda,S0T1,0.14453233834800136,0.691741728069653,0.20893974222334047,0.3082582719303472,0.7910602577766597,2.1590245546796245,0.7569999622346171
BMIM,gas,stddft,S0S1,0.1354770793844581,0.6859668781609777,0.19749798962256213,0.3140331218390223,0.8025020103774375,3.181502107286732,0.5801806210801426
BMIM,gas,stddft,S0T1,0.1465423516239752,0.6917111815051515,0.21185482545634376,0.3082888184948484,0.788145174543656,1.9975582630689084,0.7764350093378735
CzA-PPO,gas,stda,S0S1,0.24264682638355034,0.8468752834308815,0.2865201419039338,0.15312471656911827,0.7134798580960661,3.372243297354952,0.5598514812891504
CzA-PPO,gas,stda,S0T1,0.21888437494212962,0.78705432533613,0.27810580273305774,0.21294567466386985,0.7218941972669423,1.556280733595949,0.8638641500130511
CzA-PPO,gas,stddft,S0S1,0.2454538335230216,0.8431933055366347,0.29110031105715084,0.15680669446336531,0.7088996889428492,3.282611737244535,0.5826351575280058
CzA-PPO,gas,stddft,S0T1,0.21376885286073452,0.7793272158572514,0.27429922696282477,0.22067278414274863,0.7257007730371754,1.312923651370846,0.8913342510268356
PTZ-DCPP,gas,stda,S0T1,0.1670253709771091,0.7481292309818837,0.22325737861879333,0.25187076901811645,0.7767426213812068,0.2986153476415464,0.7025194278042461
PTZ-DCPP,gas,stda,S0S1,0.2937721579706349,0.635350716159598,0.4623779441791646,0.36464928384040207,0.5376220558208354,1.3099974357092106,0.618222189482532
PTZ-DCPP,gas,stddft,S0S1,0.282123534736919,0.6282486241027919,0.44906351389121213,0.37175137589720814,0.550936486108788,1.1543739592508728,0.6286018492907608
PICFOCz,gas,stda,S0T1,0.2000305654332094,0.341721750387106,0.5853609411944445,0.6582782496128937,0.4146390588055554,0.4974697373348037,0.8557117929280429
PTZ-DCPP,gas,stddft,S0T1,0.15938210733184607,0.7618643236246924,0.20920011922012569,0.23813567637530755,0.7907998807798746,0.29664965260710086,0.7155657815793268
PICFOCz,gas,stddft,S0S1,0.025361155659667255,0.9996588112258299,0.025369811554572484,0.0003411887741698804,0.9746301884454274,0.9853432288909462,0.8011308232547211
PICFOCz,gas,stddft,S0T1,0.2469294379654358,0.7082721668619933,0.3486363710428705,0.2917278331380068,0.6513636289571294,0.5775002854923019,0.9049210936228237
PICFOCz,gas,stda,S0S1,0.18456398855526795,0.2503056825893435,0.7373543686503807,0.7496943174106565,0.26264563134961927,1.2457906054497785,0.7084127709935903
TNPZ,gas,stda,S0S1,0.20092543510907665,0.5241224538322866,0.38335590020985927,0.4758775461677136,0.6166440997901406,0.7284375465086028,0.8994226912164742
TNPZ,gas,stda,S0T1,0.2478204321203475,0.7188806443174871,0.34473098431469223,0.2811193556825129,0.6552690156853078,0.981483444292523,0.8132777226317486
TNPZ,gas,stddft,S0S1,0.2009599333050588,0.5241991555911407,0.3833656181274,0.47580084440885917,0.6166343818726001,0.728114660104899,0.89964281443491
TNPZ,gas,stddft,S0T1,0.24678436668352643,0.7063418641711016,0.34938374631543334,0.2936581358288986,0.6506162536845664,0.8399842172104349,0.8387910695529219
DiCz-Sac,gas,stda,S0S1,0.24952599855345525,0.8148009307651336,0.3062416709798545,0.18519906923486637,0.6937583290201457,1.1984816504657099,0.7198284897919784
DiCz-Sac,gas,stda,S0T1,0.2539554828058974,0.811901071723529,0.3127911658828,0.188098928276471,0.6872088341172001,0.6325883591215452,0.6928206236086022
DiCz-Sac,gas,stddft,S0S1,0.24668489272113633,0.8130752683257287,0.3033973634803895,0.18692473167427118,0.6966026365196102,1.0387342400809916,0.7161400905014181
DiCz-Sac,gas,stddft,S0T1,0.2534893847182514,0.8056328611963633,0.3146462823547442,0.19436713880363685,0.6853537176452557,0.616809863298141,0.6993392930753779
DPACpBr,gas,stda,S0S1,0.23205395617326258,0.7108549759104896,0.3264434575787265,0.28914502408951026,0.6735565424212733,0.5503727678526285,0.7089343368811392
DPACpBr,gas,stda,S0T1,0.27660312983158547,0.6902364291925811,0.400736788342435,0.30976357080741906,0.5992632116575648,0.333132452453993,0.8152843700696439
DPACpBr,gas,stddft,S0S1,0.23402746922688733,0.711353362083023,0.32898905340321377,0.288646637916977,0.6710109465967864,0.5353477186424824,0.7116621793138369
DPACpBr,gas,stddft,S0T1,0.2765109622049562,0.6842737781579167,0.4040940498251023,0.3157262218420834,0.5959059501748976,0.35596897062956534,0.8207804203380314
CPzPzC,gas,stda,S0T1,0.12128155191539823,0.789823607454515,0.15355523786668113,0.210176392545485,0.8464447621333189,0.6873019395107621,0.6936444230107077
F-2CzB,gas,stda,S0T1,0.12862067484827405,0.8549536682176319,0.1504416901519547,0.14504633178236806,0.849558309848045,2.285694529522065,0.6934226649752839
F-2CzB,gas,stddft,S0T1,0.1281581670615641,0.8542651527204275,0.15002153213606034,0.1457348472795725,0.8499784678639396,2.268182489905562,0.695636978439338
CPzPzC,gas,stddft,S0S1,0.18612827505004076,0.7346121462539043,0.2533694494423853,0.26538785374609575,0.7466305505576146,0.5094130631296234,0.7380901117585946
CPzPzC,gas,stda,S0S1,0.18476594160146867,0.7476600496815944,0.24712560431730282,0.25233995031840567,0.7528743956826972,0.5106361362999143,0.7361399365131158
CPzPzC,gas,stddft,S0T1,0.11664109565694676,0.8154209024772069,0.14304403443987895,0.18457909752279306,0.8569559655601211,0.6325526314448735,0.6990682408933793
2CzTPEPCz,gas,stda,S0T1,0.08853448943391742,0.9110926451048079,0.09717397007823811,0.08890735489519229,0.9028260299217619,0.22241931512001573,0.984919589144114
2CzTPEPCz,gas,stddft,S0T1,0.08633244099255344,0.9140203414216947,0.09445352261883949,0.08597965857830529,0.9055464773811603,0.2209389934657119,0.9859907044046015
F-2CzB,gas,stddft,S0S1,0.19407407950027494,0.9135000475921011,0.21245108854874795,0.086499952407899,0.787548911451252,2.1303484198784517,0.7572018494704338
mCP-BmPy,gas,stda,S0T1,0.036587372407974,0.9541173318163252,0.03834682715418626,0.045882668183674785,0.961653172845814,1.1655428283107605,0.6928125702439925
F-2CzB,gas,stda,S0S1,0.18010337107983504,0.9204756270025038,0.19566337857997965,0.07952437299749632,0.8043366214200204,1.9152899058876747,0.7542762368209466
12AcCz-PM,gas,stda,S0S1,0.16869013842678363,0.6169224359137155,0.2734381643568189,0.3830775640862843,0.7265618356431811,1.2030930202303822,0.7412634745856421
2CzTPEPCz,gas,stda,S0S1,0.1566241192073739,0.8378961971068505,0.18692544464120636,0.1621038028931495,0.8130745553587937,0.20255299058034756,0.7814930415462029
2CzTPEPCz,gas,stddft,S0S1,0.15414281252480383,0.8420976284332227,0.1830462494136179,0.15790237156677722,0.8169537505863822,0.21443294580123168,0.7821348847922416
mCP-BmPy,gas,stddft,S0T1,0.03590135030541748,0.955614987935862,0.037568843894929656,0.04438501206413782,0.9624311561050704,1.1517804500754738,0.6956916765131554
mCP-BmPy,gas,stda,S0S1,0.25456128898338787,0.5050984538888411,0.5039835046484029,0.49490154611115883,0.49601649535159714,0.9366896673097636,0.7806622167951043
12AcCz-PM,gas,stda,S0T1,0.19469525120163586,0.5272991348327768,0.36923112203356806,0.47270086516722326,0.6307688779664318,0.761402320291573,0.7745137840674364
12AcCz-PM,gas,stddft,S0S1,0.16264828852457958,0.6238837216004873,0.26070288884494036,0.3761162783995127,0.7392971111550598,1.3677213339609366,0.7354153051606604
mCP-BmPy,gas,stddft,S0S1,0.2547626421728319,0.5070380608127862,0.5024526990428396,0.4929619391872139,0.49754730095716027,0.8471350950188568,0.783647444302094
BDBFCz-Trz,gas,stda,S0T1,0.21584507947477008,0.827809716202309,0.2607423846931745,0.17219028379769102,0.7392576153068253,2.199254243452665,0.6708209076922816
BDBFCz-Trz,gas,stddft,S0T1,0.2161364701290313,0.8278190001750694,0.2610914584991673,0.17218099982493057,0.7389085415008326,2.1835560995355277,0.6735797366275155
12AcCz-PM,gas,stddft,S0T1,0.20045220915848752,0.5519872053364421,0.3631464773468975,0.44801279466355803,0.6368535226531026,0.6542067813164687,0.7787960707161276
BDBFCz-Trz,gas,stda,S0S1,0.20908254176843635,0.7706005371946818,0.27132415781798824,0.22939946280531825,0.7286758421820115,2.0599606179697636,0.7214562364006714
BDBFCz-Trz,gas,stddft,S0S1,0.20657703128089225,0.7681947088703256,0.26891233289627264,0.2318052911296745,0.7310876671037274,2.0242459517052374,0.7282971754501762
DPXZ-DPPM,gas,stddft,S0S1,0.1633399703804658,0.6876966462933622,0.23751747410847068,0.31230335370663764,0.7624825258915294,1.7244741050622363,0.6189856028210543
o-TPA-AP-TPA,gas,stda,S0T1,0.20724746368931796,0.7169148158123881,0.28908241135241547,0.28308518418761186,0.7109175886475845,0.10425114157489415,0.991084568327568
DPXZ-DPPM,gas,stda,S0S1,0.1639046474410946,0.6805993631394935,0.24082398003581618,0.31940063686050646,0.7591760199641837,1.7777124694705837,0.5967794612063944
DPXZ-DPPM,gas,stddft,S0T1,0.16849933438234216,0.6481131571592117,0.25998443716357017,0.3518868428407885,0.7400155628364301,1.6262208863600096,0.6113544308924359
o-TPA-AP-TPA,gas,stddft,S0S1,0.21711799385587646,0.7011465832111616,0.30966134479541185,0.29885341678883837,0.690338655204588,0.14185200883942148,0.9925436596676634
DPXZ-DPPM,gas,stda,S0T1,0.16851505310719866,0.641651210487777,0.26262718803116597,0.35834878951222293,0.7373728119688339,1.6859530092888941,0.5995036515866086
o-TPA-AP-TPA,gas,stddft,S0T1,0.2055389058509281,0.7193496243973543,0.2857288012392046,0.2806503756026456,0.7142711987607953,0.10694961625355862,0.9909145335959768
o-TPA-AP-TPA,gas,stda,S0S1,0.2195903710480499,0.6873936830028343,0.3194535772990868,0.31260631699716557,0.6805464227009131,0.1675300183522067,0.9747105520541486
CBTD2,gas,stda,S0T1,0.28344467424246644,0.743115640117859,0.381427410406154,0.2568843598821408,0.618572589593846,1.7759493634655223,0.9107943500240216
CBTD2,gas,stddft,S0T1,0.28072736398159404,0.7360774135523925,0.3813829344752913,0.2639225864476076,0.6186170655247087,1.6789311131282403,0.9115614182489573
4NTAZ-PPI,gas,stda,S0T1,0.038687706805249626,0.04022913575181991,0.9616837668082255,0.9597708642481799,0.03831623319177457,0.09149462943337369,0.9795426203210941
4NTAZ-PPI,gas,stda,S0S1,0.020218283806514966,0.997962573227605,0.020259561178857747,0.002037426772395516,0.9797404388211421,0.46627111222408524,0.7207167833926407
ANOP-MeFAC,gas,stda,S0S1,0.44401627805588656,0.9261209319578539,0.4794366078274677,0.07387906804214593,0.5205633921725323,3.411280691709731,0.4391967303064289
CBTD2,gas,stddft,S0S1,0.11933960502246621,0.9307323059168527,0.12822119127465578,0.06926769408314742,0.8717788087253442,0.3116379852358232,0.7221975196686194
4NTAZ-PPI,gas,stddft,S0S1,0.019329900666165717,0.9981409353178627,0.01936590313271744,0.001859064682137038,0.9806340968672824,0.443730872292214,0.7239197395185055
ANOP-MeFAC,gas,stda,S0T1,0.4005167760668521,0.8996646593034758,0.4451845161695402,0.10033534069652418,0.5548154838304599,2.2831884159257454,0.5507960001056367
4NTAZ-PPI,gas,stddft,S0T1,0.03689598798051141,0.038276021739334115,0.963945214363683,0.9617239782606659,0.03605478563631707,0.09301615692300572,0.9802959639760688
ANOP-MeFAC,gas,stddft,S0T1,0.3944896937290856,0.8902475361747507,0.4431236006831806,0.10975246382524927,0.5568763993168196,2.0905974283447932,0.5817631697433345
CBTD2,gas,stda,S0S1,0.1183326234418895,0.9291422160645507,0.12735684741900535,0.07085778393544943,0.8726431525809945,0.2800961509288727,0.7210318491410748
ANOP-MeFAC,gas,stddft,S0S1,0.4469203031905696,0.9258099203458281,0.48273440732156603,0.0741900796541717,0.5172655926784342,3.415364717468558,0.439481362172908
25DAcBPy,gas,stda,S0T1,0.12147635004389642,0.8542037094971727,0.14221004743166418,0.14579629050282708,0.8577899525683358,3.205196559903399,0.4474102102308552
TMDBP,gas,stda,S0T1,0.028180205621091477,0.9681526922001824,0.029107191301663733,0.03184730779981762,0.9708928086983363,0.5011972629347267,0.7548981604283159
25DAcBPy,gas,stddft,S0T1,0.12169595924945797,0.8542489143333943,0.14245960071769287,0.1457510856666057,0.8575403992823071,3.1507331707240103,0.46165570853583215
25DAcBPy,gas,stda,S0S1,0.11975593355419376,0.7164819647639209,0.167144379682541,0.28351803523607905,0.8328556203174593,3.8007521765232326,0.42979106881964396
SAIP,gas,stda,S0S1,0.07671899948269384,0.6163006487888255,0.1244830743460429,0.3836993512111743,0.8755169256539572,2.767560430953177,0.5026392047481585
SAIP,gas,stda,S0T1,0.32661503237855033,0.6598891630293223,0.49495438124665353,0.3401108369706776,0.5050456187533465,0.7024141805781289,0.703074497298139
25DAcBPy,gas,stddft,S0S1,0.11947375124212306,0.7160555944576006,0.16684982586110833,0.2839444055423996,0.8331501741388918,3.8185723187928136,0.42882721523456235
TMDBP,gas,stda,S0S1,0.07105919819717911,0.8671374578121038,0.08194686731267536,0.13286254218789623,0.9180531326873245,1.1102833605022282,0.6401206833425169
SAIP,gas,stddft,S0S1,0.0779484802632716,0.616740489403797,0.12638781076076971,0.38325951059620317,0.8736121892392305,2.7635752881611113,0.5073292872685105
SAIP,gas,stddft,S0T1,0.3278365547351933,0.6582142659007769,0.49806965864913855,0.3417857340992229,0.5019303413508615,0.7401328456883489,0.7073202824177937
TMDBP,gas,stddft,S0T1,0.16339925782578144,0.6464095638491942,0.2527797652819105,0.35359043615080565,0.7472202347180895,1.0267836632310188,0.7701170398967514
TMDBP,gas,stddft,S0S1,0.0776323629715368,0.8948257636359345,0.08675695998748872,0.10517423636406548,0.9132430400125113,1.0781792722205938,0.6624685439861986
XT-T,gas,stda,S0S1,0.057746792492330445,0.9694050322811605,0.05956931372271019,0.030594967718839558,0.9404306862772899,1.5310786387309645,0.5684991146890982
XT-T,gas,stda,S0T1,0.04994608895097329,0.9703597027545082,0.0514717262157466,0.029640297245491637,0.9485282737842536,0.6689852551355678,0.7140893646619646
XT-T,gas,stddft,S0S1,0.060366161168849165,0.9691607660547376,0.06228704595068155,0.030839233945262445,0.9377129540493183,1.5248447755650425,0.5951245719592085
SIR-A,gas,stda,S0T1,0.012738400752147308,0.9629793897866545,0.013228113589190592,0.03702061021334558,0.9867718864108095,4.544093110436506,0.4014056790285858
SIR-A,gas,stda,S0S1,0.012664335688184845,0.9629980618513068,0.01315094618553895,0.037001938148693105,0.9868490538144611,4.54499933459547,0.3939836936797656
indenoacridine,gas,stda,S0T1,0.30832498266491,0.6504947341512733,0.47398536295177546,0.34950526584872654,0.5260146370482247,2.204404374006786,0.7141669670363039
SIR-A,gas,stddft,S0S1,0.01266177966844366,0.96300248794023,0.013148231522772067,0.03699751205976995,0.986851768477228,4.5446791097134245,0.3940593161344193
indenoacridine,gas,stda,S0S1,0.40728927641259793,0.7702807831512378,0.5287543001480154,0.2297192168487623,0.47124569985198467,3.2118801859688193,0.6105671787339867
indenoacridine,gas,stddft,S0T1,0.3009838239350253,0.636255208275399,0.4730551829207917,0.36374479172460106,0.5269448170792083,2.0841959626730056,0.7237148690887069
SIR-A,gas,stddft,S0T1,0.0127855400344356,0.9629763201978166,0.01327710740780123,0.03702367980218344,0.9867228925921991,4.540256339181273,0.4074921659499771
XT-T,gas,stddft,S0T1,0.04923920157836391,0.9706013129792489,0.05073061505266748,0.02939868702075094,0.9492693849473325,0.6439648274035304,0.7207097977872612
indenoacridine,gas,stddft,S0S1,0.14943982333991684,0.4688420638373394,0.31874235455068656,0.5311579361626606,0.6812576454493134,0.8751092777920244,0.708498160167438
26DCzPPy,gas,stddft,S0T1,0.027440363174901762,0.9973271823698889,0.0275139028194307,0.0026728176301109865,0.9724860971805691,1.0600912327668064,0.7135999388165661
26DCzPPy,gas,stda,S0T1,0.027643491319984913,0.9972563267711818,0.02771954469267323,0.0027436732288180403,0.9722804553073269,1.0649441417369174,0.7103397261207487
C3F7,gas,stda,S0T1,0.06430361673206972,0.9717603219838171,0.06617230121188317,0.028239678016183014,0.933827698788117,1.5562045372658093,0.5192889331043462
C3F7,gas,stda,S0S1,0.0734078574616142,0.9684588094443318,0.07579863670581208,0.0315411905556682,0.9242013632941879,1.8114996512222015,0.41865499429719455
C3F7,gas,stddft,S0S1,0.0728632645932776,0.9690144500384923,0.07519316620137424,0.030985549961507625,0.9248068337986258,1.809821511671238,0.42182174986130977
C3F7,gas,stddft,S0T1,0.06222476904969433,0.9725429568290676,0.0639815121920942,0.02745704317093247,0.936018487807906,1.4976734206714428,0.5400917676139136
26DCzPPy,gas,stddft,S0S1,6.666205352902796e-05,6.66935987278458e-05,0.9995270130954163,0.9999333064012723,0.0004729869045836855,1.0011321081961544,0.7986309095660497
26DCzPPy,gas,stda,S0S1,6.765892188982505e-05,6.769657847157992e-05,0.9994437446824485,0.9999323034215284,0.0005562553175514357,0.9668036982817112,0.7962569679131959
BO3N,gas,stda,S0T1,0.23853661858907352,0.41239997033318343,0.5784108529308492,0.5876000296668165,0.4215891470691509,0.1693336895345448,0.9899532406563013
TSBFB,gas,stddft,S0T1,0.10144783313174723,0.9022193141771113,0.1124425420046288,0.09778068582288871,0.8875574579953711,0.1278517123816891,0.9756921655894366
BO3N,gas,stda,S0S1,0.1626793204135926,0.4450735077977472,0.3655111292032197,0.5549264922022528,0.6344888707967804,1.0123695103589232,0.8407166243843934
BO3N,gas,stddft,S0T1,0.23978524921992556,0.41558835593815724,0.5769777853343115,0.5844116440618425,0.42302221466568807,0.15228294982587218,0.991039169629496
BO3N,gas,stddft,S0S1,0.3045483238588459,0.6736762228573825,0.45206927827601073,0.32632377714261757,0.5479307217239895,1.951885520636308,0.8477270087183658
SAF-CzB,gas,stda,S0T1,0.033527265840366985,0.9627624446490007,0.034824027491631326,0.03723755535099925,0.9651759725083687,1.2788904342242302,0.658642120917666
TSBFB,gas,stda,S0S1,0.25025603455549766,0.4669039480327092,0.5359904014732508,0.5330960519672908,0.4640095985267491,0.27336713040505906,0.9455430450422959
SAF-CzB,gas,stda,S0S1,0.016319236684426308,0.9993869804083007,0.016329246832652418,0.0006130195916992219,0.9836707531673475,0.2131871660931489,0.7610525447698955
TSBFB,gas,stddft,S0S1,0.24989075797788968,0.46383421618882786,0.5387501595530387,0.5361657838111721,0.4612498404469612,0.29107103688796887,0.9422550620118118
TSBFB,gas,stda,S0T1,0.09492557526534327,0.9105583325398597,0.10424985623992178,0.08944166746014028,0.8957501437600783,0.1356656937122375,0.9745336756352796
3ca,gas,stda,S0T1,0.25328708367444797,0.7282248594890457,0.34781438778698825,0.2717751405109543,0.6521856122130117,0.6366756267145729,0.9207549631361442
3ca,gas,stda,S0S1,0.24566935050175678,0.6429372465955262,0.3821047105337609,0.35706275340447385,0.6178952894662393,0.29598696805639574,0.8762290163230986
SAF-CzB,gas,stddft,S0T1,0.03308369192738679,0.9637434460390888,0.0343283184579446,0.0362565539609113,0.9656716815420554,1.2557895615253072,0.6613967692705688
3ca,gas,stddft,S0T1,0.25289713265617353,0.7364453159598932,0.3434024593211566,0.2635546840401066,0.6565975406788433,0.6956120979161567,0.9232210377989627
SAF-CzB,gas,stddft,S0S1,0.015398640424780891,0.9994720074863859,0.015406775086685597,0.0005279925136137873,0.9845932249133144,0.2481160423373399,0.761958817079504
3ca,gas,stddft,S0S1,0.24681044454000856,0.646975230742173,0.3814836068096173,0.35302476925782694,0.6185163931903828,0.2888154835841676,0.8763455794795387
PPINCN,gas,stda,S0T1,0.02901953703150356,0.9718190910687287,0.029861048520450656,0.02818090893127123,0.9701389514795493,0.11486133734693783,0.985100190492334
PPINCN,gas,stddft,S0S1,0.18445901176317422,0.7836190668051182,0.2353937258255205,0.21638093319488189,0.7646062741744794,1.5329912744257685,0.6954652903134203
PPINCN,gas,stda,S0S1,0.1934176699919341,0.7773279800146685,0.24882375903705953,0.22267201998533145,0.7511762409629407,1.6307401255275669,0.6563289155672621
PPINCN,gas,stddft,S0T1,0.027630354359407937,0.9760573935878599,0.028308124646074705,0.02394260641213987,0.9716918753539251,0.09313797666132206,0.9866143534307886
"5,6PXZ-PIDO",gas,stddft,S0S1,0.01933752104454378,0.993681661380733,0.01946047894018096,0.006318338619266773,0.9805395210598191,0.4812446327582429,0.6608558159634753
"5,6PXZ-PIDO",gas,stddft,S0T1,0.019875563623378167,0.9943167471252604,0.019989167114847273,0.00568325287473965,0.9800108328851527,0.6066094482566189,0.7175540207866067
"5,6PXZ-PIDO",gas,stda,S0S1,0.1673910635135792,0.7801764155293214,0.2145554007807458,0.21982358447067857,0.785444599219254,2.366926458064715,0.503648016901345
"5,6PXZ-PIDO",gas,stda,S0T1,0.019835157230436787,0.9941461269988751,0.019951953431951792,0.0058538730011249845,0.980048046568048,0.5874561376128389,0.7093762578986239
DC-ACR,gas,stda,S0S1,0.05931975712925592,0.9669915122683397,0.06134465129906406,0.03300848773166017,0.938655348700936,0.46270686718597337,0.8972942572339061
Ph-CF3,gas,stda,S0T1,0.23374870784433469,0.7655495529952995,0.3053345233234953,0.23445044700470044,0.6946654766765046,0.62374657005927,0.7493672045242228
Ph-CF3,gas,stda,S0S1,0.22196694436209852,0.7737823669552808,0.2868596569801734,0.22621763304471929,0.7131403430198267,0.3919731301443317,0.7596714664597086
Ph-CF3,gas,stddft,S0S1,0.20860487267889985,0.7775239459716777,0.2682938239518845,0.2224760540283222,0.7317061760481156,0.3304552203942528,0.7702543935798095
Ph-CF3,gas,stddft,S0T1,0.23444487129354075,0.7640939000061079,0.30682730393694635,0.23590609999389217,0.6931726960630538,0.644434961837352,0.7565449569785174
DC-ACR,gas,stddft,S0T1,0.05927545724649093,0.9662007713273063,0.061349006340640784,0.0337992286726935,0.9386509936593592,0.4436447878441726,0.8997455348479424
DC-ACR,gas,stddft,S0S1,0.05941939601568677,0.9670103300002495,0.06144649562913298,0.03298966999975037,0.938553504370867,0.4634585440999769,0.8972441599394986
DC-ACR,gas,stda,S0T1,0.05934078266449063,0.9663178268961502,0.06140917720114457,0.033682173103849605,0.9385908227988554,0.4462993557775264,0.8994264854243517
6tBPA,gas,stda,S0S1,0.027934763208238466,0.9400298221725321,0.029716890410644174,0.05997017782746811,0.9702831095893559,1.0861267440067492,0.7102163339837113
6tBPA,gas,stddft,S0S1,0.027561489637211296,0.9411640748028661,0.02928446843127141,0.058835925197133626,0.9707155315687286,1.0845724865312125,0.7216424529234821
6tBPA,gas,stda,S0T1,0.02787514354368834,0.9531130986727976,0.029246417431996533,0.04688690132720255,0.9707535825680036,0.6343323465641542,0.906413168594795
6tBPA,gas,stddft,S0T1,0.02790526212452703,0.9548169889427016,0.029225770433166876,0.045183011057298564,0.9707742295668331,0.5670334178608385,0.9242216986580353
SBA-2DPS,gas,stda,S0S1,0.10087292581793701,0.9543351450714964,0.1056996866759841,0.045664854928503744,0.8943003133240159,0.802653552657693,0.6280263278102726
SBA-2DPS,gas,stda,S0T1,0.308199815047557,0.7077333646343602,0.4354744744961739,0.2922666353656397,0.5645255255038261,2.535460576062174,0.7087695613688725
PtOEP,gas,stda,S0S1,0.10119625228788603,0.5319921030022728,0.1902213429800737,0.46800789699772716,0.8097786570199265,1.6327652783361497,0.8919712955036733
PtOEP,gas,stda,S0T1,0.0913251707937144,0.48564824793325634,0.18804797748650667,0.5143517520667436,0.8119520225134934,1.8936980619095438,0.8858185154208329
PtOEP,gas,stddft,S0S1,0.10454893020147477,0.5489031153047179,0.19046882279659771,0.4510968846952823,0.8095311772034025,1.5354854644264262,0.8941162784432753
SBA-2DPS,gas,stddft,S0S1,0.14073534513808986,0.7539343089117002,0.18666791453122822,0.24606569108829993,0.8133320854687719,1.011101215145308,0.6315355674975714
PtOEP,gas,stddft,S0T1,0.1804184490957125,0.985445504659392,0.18308313168273277,0.014554495340608015,0.8169168683172673,0.8516874504316708,0.8008781283175959
BPZPP,gas,stda,S0T1,0.2582745741369312,0.6142139963719928,0.4204960741085257,0.38578600362800725,0.5795039258914743,2.620136033027038,0.76006855876598
BPZPP,gas,stddft,S0S1,0.2654359370106508,0.9315188618573824,0.28494961066208624,0.06848113814261757,0.7150503893379136,4.8597658216423465,0.5484843736330548
SBA-2DPS,gas,stddft,S0T1,0.31324991507058986,0.6976454681531272,0.44901017690239503,0.3023545318468727,0.550989823097605,2.604372883395537,0.7128657587069277
BPZPP,gas,stda,S0S1,0.2632326973716036,0.9371607810914968,0.28088317680667396,0.0628392189085032,0.7191168231933264,4.873695562653924,0.542269414984834
m-CzCNDMT,gas,stda,S0T1,0.3005788959335337,0.3119774050540924,0.9634636709713567,0.6880225949459077,0.03653632902864327,1.1552365578033383,0.7177669840864795
BPZPP,gas,stddft,S0T1,0.20575120996570184,0.8167700474453045,0.25190836834584107,0.1832299525546955,0.7480916316541586,0.3421061788217611,0.659364314847787
m-CzCNDMT,gas,stddft,S0T1,0.29512779242126747,0.30624948456773055,0.9636842094210826,0.6937505154322694,0.03631579057891735,1.135037162201921,0.7214665144856818
arylene,gas,stda,S0S1,0.22420389587145242,0.7718574528140446,0.2904731891284432,0.22814254718595545,0.7095268108715569,0.3966057351399719,0.7592665675793875
m-CzCNDMT,gas,stda,S0S1,0.0001768653840444093,0.00017918370468634372,0.9870617663252772,0.9998208162953137,0.012938233674722951,2.536241667586815,0.766330947827266
m-CzCNDMT,gas,stddft,S0S1,0.0002674124665150361,0.0002702440754859882,0.9895220312753945,0.9997297559245141,0.010477968724605395,2.5022921469697077,0.7716197238241512
arylene,gas,stddft,S0T1,0.23487857284214353,0.7634522443533971,0.3076532613262183,0.23654775564660319,0.6923467386737817,0.6493488308686369,0.7566983690637419
BACQ,gas,stda,S0S1,0.3634161580455918,0.7066364524237476,0.5142901371689534,0.2933635475762526,0.4857098628310464,1.2901264333143794,0.7379314925468597
arylene,gas,stda,S0T1,0.23561592059965258,0.7629896292500234,0.30880619023780176,0.23701037074997677,0.6911938097621981,0.6301831999541285,0.7497193110478051
PSBC,gas,stda,S0T1,0.03090019724483214,0.9938860375409868,0.031090282062200568,0.00611396245901334,0.9689097179377992,1.669676140779415,0.6939757883018984
arylene,gas,stddft,S0S1,0.21091086386748398,0.7755373174758883,0.2719545005956999,0.22446268252411156,0.7280454994043001,0.3274162313636857,0.7700848785588463
BACQ,gas,stda,S0T1,0.39659295744123046,0.6683132693792081,0.5934237364606318,0.3316867306207921,0.4065762635393679,1.311245636690852,0.7354583182046239
PSBC,gas,stddft,S0T1,0.03062043594530925,0.9941370953173062,0.030801019386099755,0.005862904682693688,0.9691989806139003,1.6349708852458014,0.6969486115039545
BACQ,gas,stddft,S0S1,0.3742876182075198,0.7018159224615886,0.5333130899833711,0.2981840775384112,0.4666869100166289,1.34962459742798,0.7395374874258637
BACQ,gas,stddft,S0T1,0.39510173793683956,0.6639703114656428,0.5950593439406878,0.3360296885343573,0.4049406560593122,1.2805251560700763,0.7357343642964224
p-PO-ABN,gas,stddft,S0S1,0.2113557783678186,0.6847296969024367,0.30867038383751233,0.3152703030975634,0.6913296161624876,0.07939349297439827,0.9904793976794235
p-PO-ABN,gas,stddft,S0T1,0.20673889346332183,0.7067251968493993,0.29253080884192273,0.2932748031506008,0.7074691911580772,0.09553657522787826,0.9967214368403621
p-PO-ABN,gas,stda,S0T1,0.20801579188136635,0.7039957150305516,0.2954787755666084,0.29600428496944875,0.704521224433392,0.09204403220820283,0.9965201216980831
p-PO-ABN,gas,stda,S0S1,0.18931628972131492,0.6841494654712006,0.2767177338813316,0.3158505345287993,0.7232822661186684,0.30482265248908014,0.8453674376547097
PSBC,gas,stda,S0S1,0.040349424613181695,0.9804684151912121,0.04115321206477896,0.019531584808787777,0.9588467879352208,0.9003898846502112,0.7844386657225768
TPA-CN-N4-2PY,gas,stda,S0S1,0.0624755286019482,0.9318902389691249,0.0670417244321175,0.0681097610308752,0.9329582755678825,0.8732648998174433,0.7699608255899334
PSBC,gas,stddft,S0S1,0.20008929442743456,0.2609127230149457,0.7668820903608176,0.7390872769850543,0.23311790963918247,0.199267393725025,0.6850590646168184
TPA-CN-N4-2PY,gas,stda,S0T1,0.05683905317530647,0.9091354017303528,0.06251989864999756,0.09086459826964721,0.9374801013500024,0.2511051135708002,0.7783400350543368
TPA-CN-N4-2PY,gas,stddft,S0S1,0.06328929050176654,0.9278379228990276,0.06821157978111014,0.0721620771009725,0.9317884202188899,0.8235063926533044,0.7646450511315266
2BPy-mDTC,gas,stda,S0S1,0.07267586764424126,0.9577660901505829,0.07588060215497391,0.04223390984941697,0.924119397845026,1.633954853631763,0.7168253828186987
2BPy-mDTC,gas,stda,S0T1,0.15753771029082625,0.959838091331783,0.1641294627849593,0.04016190866821723,0.8358705372150407,2.8070862552034326,0.5474320392350722
TPA-CN-N4-2PY,gas,stddft,S0T1,0.05465420840582301,0.91045281442788,0.06002969900221265,0.08954718557212005,0.9399703009977872,0.3754834937992088,0.7881129744429215
2BPy-mDTC,gas,stddft,S0S1,0.08087864615948136,0.9571585303649135,0.0844986944102631,0.04284146963508649,0.9155013055897369,1.8162078979418221,0.702270045784097
2BPy-mDTC,gas,stddft,S0T1,0.16133359757130228,0.9606891898117657,0.16793526905711664,0.03931081018823454,0.8320647309428835,2.7906948121027617,0.5471125771397033
PBTPA,gas,stda,S0S1,0.20710763652086472,0.8580609610222918,0.24136704258648148,0.1419390389777083,0.7586329574135184,2.48895891143191,0.7312378190620106
PBTPA,gas,stda,S0T1,0.33504127650398075,0.8183686239683515,0.4094014197163767,0.18163137603164867,0.5905985802836232,1.2958404226151417,0.7572943847120523
5-DBFBI,gas,stda,S0T1,0.17030865616788451,0.7248819078568527,0.23494676073708343,0.2751180921431471,0.7650532392629166,0.0896958095695751,0.8481761663024776
5-DBFBI,gas,stda,S0S1,0.18995542781141173,0.3542769650567319,0.5361777551103085,0.645723034943268,0.4638222448896917,0.6197682211732713,0.7597620152406468
PBTPA,gas,stddft,S0S1,0.22171578088101804,0.8593968176741447,0.2579899952167212,0.14060318232585536,0.7420100047832789,2.5704389500959777,0.7289066751981996
5-DBFBI,gas,stddft,S0S1,0.17266983361749377,0.2847275696160157,0.6064387577583609,0.7152724303839842,0.3935612422416393,0.614929037021723,0.7666798401499145
PBTPA,gas,stddft,S0T1,0.3347086417673091,0.8047896961297443,0.41589578417434037,0.1952103038702556,0.5841042158256597,1.0493247862871982,0.7705413758265449
5-DBFBI,gas,stddft,S0T1,0.16509593179798457,0.7302724797637657,0.22607442615308615,0.26972752023623414,0.7739255738469141,0.03762937512944013,0.8537616047974927
TBPM2CN,gas,stda,S0T1,0.1250130367327716,0.9524591538135105,0.1312529111954431,0.04754084618648941,0.868747088804557,2.0089762992035283,0.8656679233529143
TBPM2CN,gas,stddft,S0T1,0.1252920747009076,0.9536500486951309,0.13138160572879265,0.046349951304869005,0.8686183942712077,1.9931628399181607,0.8730875925996076
DPPP,gas,stda,S0S1,0.22279619744333798,0.6978166752976026,0.3192761155332388,0.3021833247023973,0.6807238844667611,0.17681018339183194,0.9802769765637802
DPPP,gas,stda,S0T1,0.22984361090214447,0.666438362536455,0.34488352385262294,0.33356163746354517,0.6551164761473772,0.06620295497882249,0.9902170582308303
DPPP,gas,stddft,S0T1,0.23037065740949778,0.6641755192225134,0.34685207560671705,0.3358244807774866,0.6531479243932826,0.06194886293650096,0.9907328338670677
dTolmp,gas,stda,S0T1,0.06296416214268608,0.9635722986096277,0.06534451253272772,0.03642770139037241,0.9346554874672722,0.4500431249232644,0.9147190124648658
dTolmp,gas,stddft,S0T1,0.06191052626957686,0.9623019915375065,0.06433586006681755,0.037698008462493625,0.9356641399331826,0.34661182764468795,0.937180772945876
dTolmp,gas,stda,S0S1,0.04630848570714591,0.9708714147950405,0.047697856792829806,0.029128585204959496,0.9523021432071703,0.7756189723320186,0.6553954237103695
DPPP,gas,stddft,S0S1,0.2440949268856158,0.4187821833783719,0.5828684613955383,0.5812178166216281,0.4171315386044617,0.1152170520765263,0.9912098694464735
TBPM2CN,gas,stda,S0S1,0.18214606958460974,0.7139326383371949,0.25513061009347077,0.2860673616628052,0.7448693899065292,0.6879477718281306,0.8244118452492882
TBPM2CN,gas,stddft,S0S1,0.1812056169284635,0.7206587945275769,0.2514443982429322,0.279341205472423,0.7485556017570678,0.6305095564953788,0.8308306003891127
dTolmp,gas,stddft,S0S1,0.04622883868337319,0.9720085270147637,0.04756011639666514,0.02799147298523628,0.9524398836033349,0.7722453480963289,0.6573778217387867
D1–D6,gas,stda,S0T1,0.35423660354780884,0.4358903716485894,0.8126736137989095,0.5641096283514105,0.18732638620109066,1.2557118237798146,0.7343839785383671
D1–D6,gas,stda,S0S1,0.09920518470699932,0.12865177279581586,0.7711140122759799,0.871348227204184,0.22888598772402036,0.9849373360186127,0.8046680161877533
D1–D6,gas,stddft,S0T1,0.35182087984616156,0.4325118013171939,0.8134364860674506,0.5674881986828063,0.18656351393254955,1.2453552795571252,0.7373572536026238
D1–D6,gas,stddft,S0S1,0.09832901744875881,0.1277406816593891,0.7697549141858013,0.8722593183406107,0.2302450858141986,1.0031281190658095,0.8068026354167737
C2FLA-1,gas,stda,S0S1,0.19993664067394157,0.8098645917044608,0.2468766294043675,0.19013540829553915,0.7531233705956324,0.8261134923792066,0.9324212666529221
C2FLA-1,gas,stda,S0T1,0.17935971170996973,0.808580636832549,0.22182043885267289,0.19141936316745095,0.7781795611473271,0.495729940076655,0.9627053629732077
DMAC-Cz,gas,stda,S0T1,0.025561129002238583,0.9796336225505988,0.026092539510523313,0.020366377449401077,0.9739074604894766,1.1225479086763754,0.6901634856293493
C2FLA-1,gas,stddft,S0S1,0.20358828209019214,0.809331009486061,0.25155131794526714,0.19066899051393899,0.7484486820547328,0.8803773792909962,0.9297014222870732
C2FLA-1,gas,stddft,S0T1,0.1777766475611232,0.8092544079096444,0.21967955419647525,0.1907455920903554,0.7803204458035247,0.45104948964226,0.9650451039422145
DMAC-Cz,gas,stddft,S0T1,0.02522877604329825,0.9801038737725027,0.02574092064975782,0.01989612622749743,0.9742590793502421,1.1122786756380814,0.6946650889564566
DMAC-Cz,gas,stddft,S0S1,0.11425704722036673,0.5252426159542445,0.21753194380998211,0.4747573840457554,0.7824680561900179,2.0731190558245944,0.7881515314793424
DMAC-Cz,gas,stda,S0S1,0.11483913420754364,0.5306491168106032,0.21641256071011514,0.4693508831893968,0.7835874392898847,2.048369406971746,0.7850971262235825
5CzICz,gas,stda,S0T1,0.22887941296451658,0.49471860918755883,0.46264565090928955,0.5052813908124412,0.5373543490907104,2.255855242022854,0.6105701456490135
PrDPhAc,gas,stda,S0T1,0.24052232325708658,0.924198443563946,0.2602496519357584,0.0758015564360541,0.7397503480642416,0.6210120741805366,0.701228965329814
5CzICz,gas,stda,S0S1,0.293104639388973,0.6635669467970473,0.4417107283654672,0.33643305320295264,0.5582892716345327,2.8154895250489247,0.6774445455156418
5CzICz,gas,stddft,S0T1,0.22930436209776625,0.49585671259206315,0.46244077426942665,0.5041432874079368,0.5375592257305732,2.1847432563172133,0.6122796904133455
PrDPhAc,gas,stddft,S0T1,0.23301657708054627,0.9285443236574704,0.2509482543199558,0.07145567634252944,0.7490517456800441,0.6088168540004124,0.703730177038778
5CzICz,gas,stddft,S0S1,0.29543893124988946,0.6641540799726863,0.4448349263502824,0.3358459200273137,0.5551650736497175,2.9653482338205635,0.6667045527139455
PrDPhAc,gas,stda,S0S1,0.31606494110301087,0.7054428162222436,0.4480376493102417,0.29455718377775664,0.5519623506897581,0.5712173709061216,0.7057739563754271
Xm-mCP,gas,stda,S0T1,0.12392345324546923,0.8738012167074385,0.14182110401771233,0.12619878329256173,0.858178895982288,0.8005574259145287,0.7094514171872197
PrDPhAc,gas,stddft,S0S1,0.32623721069949346,0.7252231376064908,0.44984390842272215,0.2747768623935092,0.5501560915772776,0.62601765169018,0.7194943694562217
mCP-Py,gas,stda,S0T1,0.06813316784748709,0.9254746941733052,0.07361969838445784,0.07452530582669485,0.9263803016155423,1.227091673090556,0.7252534190063857
mCP-Py,gas,stddft,S0S1,0.1951553930048572,0.9298603147206583,0.20987603182472017,0.07013968527934154,0.7901239681752799,0.6957469276725745,0.7956328294425861
mCP-Py,gas,stddft,S0T1,0.061566373784711005,0.9319359834504766,0.0660628786504869,0.06806401654952351,0.933937121349513,1.229143303897689,0.7274690265118344
Xm-mCP,gas,stddft,S0S1,0.08824395430575793,0.6155048650023885,0.14336841075239184,0.38449513499761134,0.8566315892476084,0.20670917937007038,0.7370594882948581
mCP-Py,gas,stda,S0S1,0.1933308107618422,0.9295142811367701,0.20799122152852131,0.07048571886322966,0.7920087784714785,0.7116386160601272,0.7926053649409794
Xm-mCP,gas,stddft,S0T1,0.25797807244169363,0.8963062458278008,0.28782357999015507,0.10369375417219898,0.7121764200098447,0.5638569917401866,0.6206430923807192
Xm-mCP,gas,stda,S0S1,0.026900327488556527,0.999817881898647,0.026905227417490272,0.0001821181013532243,0.9730947725825098,1.066901341751787,0.7964492488416139
PPO21,gas,stda,S0S1,0.19714414582084944,0.7480872911595756,0.263530938368523,0.2519127088404244,0.7364690616314769,1.0602487772774132,0.7669729370797931
PPO21,gas,stda,S0T1,0.23294028438181497,0.848347892043468,0.2745810846782648,0.1516521079565317,0.725418915321735,1.5121415326940744,0.6924509418830023
PPO21,gas,stddft,S0T1,0.2326230357717866,0.8472557852409062,0.2745605752407383,0.1527442147590938,0.7254394247592616,1.4989512464725743,0.6954980044069428
PPO21,gas,stddft,S0S1,0.19848965278803687,0.7496971510291387,0.26475978001992184,0.2503028489708612,0.735240219980078,1.0559185443735333,0.7670539206490735
3CzBN,gas,stda,S0S1,0.41025638257236313,0.7294252440797612,0.5624378726978942,0.27057475592023894,0.43756212730210575,1.3296791020018475,0.6582013833549272
BPCN-2Cz,gas,stda,S0T1,0.10764974091685853,0.5496280561364227,0.19585925375348537,0.4503719438635774,0.8041407462465144,1.4768055871484662,0.6815824454270412
3CzBN,gas,stddft,S0S1,0.432197853452835,0.7736777656477445,0.5586277293247364,0.22632223435225554,0.4413722706752635,1.3877284611824134,0.6701701024669403
BPCN-2Cz,gas,stda,S0S1,0.1971012530894221,0.9160133969428528,0.21517289348304,0.08398660305714717,0.7848271065169599,0.8984302537887362,0.7782217214456989
3CzBN,gas,stda,S0T1,0.19418761714385324,0.6448419994346838,0.3011398409441266,0.3551580005653162,0.6988601590558732,0.7413083962681277,0.7151569532368947
BPCN-2Cz,gas,stddft,S0T1,0.107689906346496,0.5536061112602938,0.19452441755264963,0.44639388873970604,0.8054755824473503,1.4669984781535592,0.6842853680457747
BPCN-2Cz,gas,stddft,S0S1,0.19673104980724623,0.9168249699076672,0.21457863416073722,0.0831750300923329,0.7854213658392627,0.8483171846014259,0.782802818094657
3CzBN,gas,stddft,S0T1,0.1912618867390445,0.6648663032565051,0.2876696950984682,0.335133696743495,0.7123303049015319,0.7003086502095013,0.7189181178629371
mCP-BP-DMAC,gas,stda,S0S1,0.01812121899677061,0.9958106952870005,0.018197453675216784,0.00418930471299904,0.9818025463247833,0.4116442209846726,0.6933218090141126
mCP-BP-DMAC,gas,stda,S0T1,0.01957528955797664,0.9962398533033656,0.019649173332173208,0.003760146696634228,0.9803508266678266,0.6713025382916379,0.7261009363698208
mCP-BP-DMAC,gas,stddft,S0S1,0.01816090654095755,0.9957322426603258,0.018238745079135477,0.0042677573396742415,0.9817612549208647,0.4101079331402319,0.6869537877294117
mCP-BP-DMAC,gas,stddft,S0T1,0.019737958115205997,0.9963110070655129,0.019811040905129855,0.0036889929344870094,0.98018895909487,0.6854377769029095,0.7318985721332363
ICZ,gas,stda,S0T1,0.24003226195894123,0.8819918997827013,0.2721479211068476,0.1180081002172983,0.7278520788931523,0.7591619172103743,0.6961316820528731
SIR-C,gas,stda,S0S1,0.009887155148226724,0.5793406941751544,0.017066218975526515,0.42065930582484556,0.9829337810244736,6.049142578061598,0.3835063199118991
ICZ,gas,stda,S0S1,0.0944144372642665,0.6649394353450769,0.14198952903924128,0.3350605646549234,0.8580104709607588,1.0664944099777391,0.7534023388340729
ICZ,gas,stddft,S0T1,0.23748898552291997,0.8844819007650674,0.26850632592650514,0.11551809923493254,0.7314936740734946,0.751452967184081,0.6960426545880625
SIR-C,gas,stda,S0T1,0.019961241041672618,0.5726503566355283,0.03485764185837614,0.42734964336447157,0.9651423581416236,5.832783016560951,0.4534583219573626
SIR-C,gas,stddft,S0T1,0.02266570739049048,0.5717530161072462,0.03964247979802345,0.428246983892754,0.9603575202019765,5.759366411164798,0.47089571141598363
SIR-C,gas,stddft,S0S1,0.010022222053486345,0.5791629773301306,0.017304666295638482,0.4208370226698692,0.9826953337043618,6.046206742692935,0.3837839712741264
ICZ,gas,stddft,S0S1,0.09149805112791923,0.6683276206569301,0.1369059848790651,0.3316723793430698,0.863094015120935,1.0582584251877407,0.7499422818676136
TBRb,gas,stda,S0S1,0.030348561901609252,0.9732561497452543,0.031182502067469968,0.026743850254745634,0.96881749793253,0.06930900516901373,0.996403456854035
TBRb,gas,stda,S0T1,0.02544380150083054,0.9763774518099563,0.026059390713769743,0.023622548190043696,0.9739406092862303,0.052228939904073145,0.9980681540346115
TBRb,gas,stddft,S0S1,0.030405946170119057,0.9729073467945203,0.03125266375086881,0.02709265320547975,0.9687473362491312,0.06824267813541775,0.9961845123246529
TBRb,gas,stddft,S0T1,0.02468037674514692,0.9771768966549682,0.025256815659100998,0.02282310334503161,0.9747431843408991,0.052468259024616576,0.998268789603641
2PCzBN-tPh,gas,stddft,S0T1,0.28873008187195925,0.6618403066782409,0.4362533967160265,0.3381596933217592,0.5637466032839733,0.6483377179351919,0.7003627342166061
2PCzBN-tPh,gas,stda,S0S1,0.25050909457676895,0.7704114553117012,0.32516273330257706,0.22958854468829873,0.6748372666974229,0.7700147301783661,0.7109064373270658
2PCzBN-tPh,gas,stda,S0T1,0.288395531471005,0.6597617023881275,0.437120751973182,0.3402382976118725,0.562879248026818,0.649042500894601,0.6967713087998344
2PCzBN-tPh,gas,stddft,S0S1,0.2542913110354743,0.7697903079581943,0.33033841606808634,0.2302096920418057,0.6696615839319134,0.6991839832710579,0.7156124973810825
TAA-PPO,gas,stda,S0T1,0.2170678861727482,0.780942559551532,0.27795627670414413,0.21905744044846798,0.722043723295856,1.5028187419448489,0.8648149138548298
TAA-PPO,gas,stda,S0S1,0.23959755127163682,0.8402672162872914,0.28514447145789545,0.15973278371270894,0.7148555285421047,3.315327633486468,0.5569692945089815
TAA-PPO,gas,stddft,S0S1,0.24206586802141672,0.836441890312493,0.28939950380890345,0.16355810968750717,0.7106004961910967,3.221955459977294,0.5800731753200642
TAA-PPO,gas,stddft,S0T1,0.212381136899874,0.7736702244375527,0.27451119377674393,0.22632977556244718,0.7254888062232561,1.2642780198718655,0.8923542215261205
SAF-2CzB,gas,stda,S0T1,0.034491272105419794,0.963963523802057,0.03578068179320687,0.03603647619794302,0.9642193182067931,0.8111685961259761,0.682563019363208
TBPe,gas,stda,S0S1,0.01969161380335689,0.9977792277911638,0.019735441723866362,0.0022207722088361474,0.9802645582761336,0.05944988827267928,0.9926649915082184
TBPe,gas,stda,S0T1,0.017129607464883366,0.9977832371264177,0.017167664105298124,0.002216762873582339,0.9828323358947019,0.05595416257685963,0.9935874222171943
TBPe,gas,stddft,S0S1,0.020300938519561645,0.997768861329666,0.02034633401217574,0.002231138670333958,0.9796536659878242,0.06109800220862667,0.992406675524202
SAF-2CzB,gas,stddft,S0T1,0.03393152430436798,0.9649326535285019,0.03516465546096863,0.0350673464714981,0.9648353445390314,0.7984752955581563,0.6847512164445448
TBPe,gas,stddft,S0T1,0.01670144645289146,0.9977810980097739,0.016738587738538074,0.0022189019902261052,0.9832614122614621,0.05555614459477187,0.9937116770422244
B4PyPPM,gas,stda,S0S1,0.14300332547757563,0.6043784125208699,0.2366122325268154,0.39562158747913007,0.7633877674731846,1.3023265027065112,0.6009080282725352
B4PyPPM,gas,stddft,S0S1,0.14311240850997928,0.6042979787104737,0.23682423829278787,0.3957020212895261,0.7631757617072124,1.2998209319699934,0.6018182559485615
B4PyPPM,gas,stda,S0T1,0.2350360188510414,0.5756844338660302,0.4082723190423064,0.4243155661339697,0.5917276809576935,0.5346816582594555,0.9013672668330203
BTrztCz,gas,stda,S0S1,0.06728531663970244,0.6100067667527316,0.11030257417943821,0.3899932332472683,0.8896974258205618,2.6872087875186663,0.5386835397227512
DMDHNP-DPS,gas,stda,S0S1,0.32241579550413596,0.8895418255814967,0.3624515298011665,0.11045817441850332,0.6375484701988337,0.9812305097665251,0.5754615267640535
B4PyPPM,gas,stddft,S0T1,0.069995826388857,0.9043972627035322,0.0773950002674899,0.0956027372964679,0.9226049997325101,0.06697820939752339,0.9482288645615536
BTrztCz,gas,stddft,S0S1,0.07110537264148337,0.6115170946374178,0.11627699906515834,0.3884829053625821,0.8837230009348415,2.655553559824953,0.5408657111898878
BTrztCz,gas,stda,S0T1,0.14129814498137733,0.6353036173356491,0.22241042097943142,0.3646963826643508,0.7775895790205686,1.6963101576265778,0.6214149393358133
BTrztCz,gas,stddft,S0T1,0.15397445579267832,0.6352527660893186,0.24238297574139017,0.3647472339106814,0.7576170242586099,1.5992520716824783,0.6327664172039184
DMDHNP-DPS,gas,stddft,S0S1,0.3226557701553591,0.8901073850158323,0.36249083603504767,0.10989261498416746,0.6375091639649526,0.9788764665181736,0.5738971304817774
DMDHNP-DPS,gas,stda,S0T1,0.32175578473454175,0.8869353727046989,0.3627725250751374,0.11306462729530146,0.6372274749248623,0.9888374359985881,0.583732423427528
DMDHNP-DPS,gas,stddft,S0T1,0.32142360389425456,0.8862486700848587,0.36267879969115,0.11375132991514145,0.6373212003088499,0.9886485572067122,0.5868569950711248
HAP-3MF,gas,stda,S0S1,0.2618638484471265,0.6660488872722771,0.39316010198524365,0.3339511127277228,0.6068398980147564,1.2018752157910355,0.25906484698410975
HAP-3MF,gas,stda,S0T1,0.2522253750312912,0.6660559865693791,0.3786849455860546,0.3339440134306209,0.6213150544139455,1.0927784144096697,0.2794297885046611
SAF-2CzB,gas,stda,S0S1,0.01649727559920144,0.9994570219445041,0.016506238124281716,0.0005429780554957661,0.9834937618757185,1.3730861131612848,0.7325958818233554
HAP-3MF,gas,stddft,S0S1,0.2638455575577536,0.6660505767057351,0.3961344179937885,0.3339494232942648,0.6038655820062117,1.2269868236211823,0.25437356083405327
SAF-2CzB,gas,stddft,S0S1,0.0438655941754012,0.9688909430193771,0.04527402644378308,0.03110905698062303,0.9547259735562169,0.08350348542503551,0.9567324238863935
HAP-3MF,gas,stddft,S0T1,0.25048155799362554,0.6660580971499641,0.37606563010858374,0.3339419028500361,0.623934369891416,1.0763300874128912,0.28285898720051406
TPA-BT-Q,gas,stda,S0S1,0.1315554203235068,0.8472364299110222,0.15527592497093512,0.15276357008897773,0.8447240750290649,0.7766366274597535,0.6571818890726907
TPA-BT-Q,gas,stda,S0T1,0.09892503792554672,0.859679704081815,0.11507197093969325,0.14032029591818512,0.8849280290603067,0.7662907121200485,0.6794155968405747
TPA-BT-Q,gas,stddft,S0S1,0.1257807311718122,0.8464400626743944,0.14859969030104508,0.15355993732560583,0.8514003096989549,0.845627335494045,0.6472111392121938
pDTCz-2DPyS,gas,stda,S0T1,0.14112257532087488,0.864295814207211,0.16328041048112885,0.13570418579278903,0.8367195895188712,0.4468927124786471,0.7269094400868009
BPCN-Cz2Ph,gas,stda,S0T1,0.19424547672727713,0.7325540094319113,0.2651619870020405,0.2674459905680887,0.7348380129979593,1.280311666286476,0.6601828610846264
BPCN-Cz2Ph,gas,stda,S0S1,0.29699020412121513,0.7458195413674709,0.39820652000707746,0.2541804586325292,0.6017934799929224,1.4018246027394625,0.7398017300993451
TPA-BT-Q,gas,stddft,S0T1,0.09877648723466687,0.8605367273329111,0.11478474316931014,0.1394632726670887,0.8852152568306898,0.738430076592664,0.6868915681627795
BPCN-Cz2Ph,gas,stddft,S0S1,0.29592586744607285,0.7473866112976422,0.3959475095924915,0.2526133887023579,0.6040524904075087,1.395834578876604,0.7449337570072742
BPCN-Cz2Ph,gas,stddft,S0T1,0.19350360439675998,0.7309883967679786,0.26471501497468986,0.26901160323202145,0.7352849850253099,1.2789938143592063,0.6634501086642567
pDTCz-2DPyS,gas,stddft,S0S1,0.15348427644189935,0.7954995988165073,0.19294073393656425,0.20450040118349266,0.8070592660634355,0.6036879990958975,0.7799874308800896
pDTCz-2DPyS,gas,stda,S0S1,0.15277495087447354,0.7997193686337414,0.1910357018556118,0.20028063136625862,0.8089642981443883,0.3656506357818987,0.795037664648679
1MOBI,gas,stda,S0T1,0.07511671818452467,0.9322666799312818,0.0805742818032085,0.0677333200687181,0.9194257181967913,0.2405403244275487,0.8634815873316328
pDTCz-2DPyS,gas,stddft,S0T1,0.142703039642512,0.8643491788815226,0.16509883173276257,0.1356508211184771,0.8349011682672373,0.45994400073875435,0.7289042970499205
1MOBI,gas,stda,S0S1,0.15507014081265594,0.7955829027792418,0.19491386789603343,0.20441709722075824,0.8050861321039663,0.18541013302628212,0.9180172417024179
1MOBI,gas,stddft,S0S1,0.15702476208457478,0.7934068899157447,0.19791202229318922,0.20659311008425568,0.8020879777068108,0.19169184187326188,0.9155000069464525
1MOBI,gas,stddft,S0T1,0.10740814416789617,0.9086918890427701,0.11820083953983736,0.09130811095722996,0.8817991604601625,0.1967085970071578,0.9697592595075978
PO-TPA,gas,stddft,S0S1,0.13122365014321444,0.7009238415334835,0.18721527556563478,0.2990761584665165,0.8127847244343652,4.838326471082244,0.5464004043284064
PO-TPA,gas,stddft,S0T1,0.15529018786226348,0.7066712494223298,0.2197488407646495,0.29332875057767005,0.7802511592353503,2.789872220052472,0.7715965325371831
PO-TPA,gas,stda,S0T1,0.1529290919096995,0.7066282791093018,0.21642084874166817,0.2933717208906982,0.7835791512583318,3.102542597522151,0.7394527980680147
9PhCzFDBFDPO,gas,stda,S0T1,0.23940126863713165,0.7335491744098065,0.32636021822224437,0.2664508255901933,0.6736397817777557,1.9725841495049528,0.6813779961873674
PO-TPA,gas,stda,S0S1,0.13225596644989632,0.6970745576309172,0.18973001525028033,0.30292544236908264,0.8102699847497197,4.883016109214868,0.5459006063215446
BTZ–DMAC,gas,stda,S0S1,0.35124881387341556,0.8480531510641239,0.4141825467338621,0.1519468489358761,0.5858174532661378,1.4643181718188136,0.41938855531090574
BTZ–DMAC,gas,stda,S0T1,0.33074985817521546,0.8263569687561066,0.400250582593966,0.17364303124389346,0.5997494174060337,1.1500616338519924,0.6488658545607858
9PhCzFDBFDPO,gas,stddft,S0T1,0.23846946429407634,0.7309721454539504,0.32623604849673354,0.26902785454604944,0.6737639515032662,1.9369397526089003,0.6843011681358697
BTZ–DMAC,gas,stddft,S0S1,0.35337901665633464,0.84756734253952,0.41693326172469586,0.15243265746047996,0.5830667382753041,1.466328802856214,0.42525194365334384
BTZ–DMAC,gas,stddft,S0T1,0.324097122247819,0.81751973554001,0.39643950862389604,0.18248026445998988,0.6035604913761039,1.0656660456784728,0.6866152761484702
9PhCzFDBFDPO,gas,stda,S0S1,0.30551967464212165,0.7028694115802369,0.4346748764542654,0.29713058841976325,0.5653251235457345,0.4505795501987989,0.7778464096375799
TXO-P-Si,gas,stda,S0T1,0.087353368375352,0.8906723500784129,0.09807576082008337,0.10932764992158688,0.9019242391799166,0.8597928818710041,0.7563918165491893
TXO-P-Si,gas,stda,S0S1,0.08574850936836868,0.891488123712817,0.09618581233729549,0.10851187628718294,0.9038141876627046,0.8754962161429078,0.752143768853823
TXO-P-Si,gas,stddft,S0S1,0.0857930146062749,0.8914637516806286,0.09623836577150104,0.10853624831937134,0.903761634228499,0.875975942361768,0.752313404018302
TXO-P-Si,gas,stddft,S0T1,0.08758009189363483,0.8907121551049327,0.09832591976171834,0.10928784489506697,0.901674080238282,0.8591652917608681,0.7568908326684514
9PhCzFDBFDPO,gas,stddft,S0S1,0.30352324836532096,0.703673894445291,0.43134078265698567,0.2963261055547089,0.5686592173430143,0.44461604804592164,0.7808797111658132
DmPy-PPI,gas,stda,S0T1,0.15819586331493898,0.26363246753293196,0.6000621425552517,0.736367532467068,0.39993785744474836,0.8649196884769053,0.8281141955942896
AcCYP,gas,stddft,S0T1,0.345857757503091,0.6653738608646645,0.5197946265181548,0.33462613913533523,0.48020537348184533,1.044990861026925,0.783866217385772
DmPy-PPI,gas,stda,S0S1,0.05079491088926952,0.05368872538371173,0.9461001453515574,0.9463112746162883,0.05389985464844228,0.756562267380598,0.7315027741969674
DmPy-PPI,gas,stddft,S0S1,0.04938856472392546,0.05205485820355266,0.9487791616067598,0.9479451417964475,0.05122083839324043,0.7371039487981004,0.7333427600469185
DmPy-PPI,gas,stddft,S0T1,0.15868243622963615,0.2627336247690399,0.6039669888813373,0.7372663752309601,0.39603301111866235,0.8635121096772982,0.8362918331575783
PhPC,gas,stda,S0S1,0.22053003169309152,0.6915221671296672,0.31890522412094996,0.3084778328703327,0.6810947758790499,0.030151635290398725,0.9953005893844886
AcCYP,gas,stddft,S0S1,0.18473789238860078,0.8841611554960559,0.20894142571209673,0.11583884450394423,0.7910585742879032,2.6518621911342066,0.5009531156213807
AcCYP,gas,stda,S0T1,0.19298218317611437,0.872294000205614,0.22123525225511734,0.12770599979438607,0.7787647477448827,2.2820349453965956,0.7546601386042431
PhPC,gas,stda,S0T1,0.21191970979325875,0.7060192890088476,0.3001613597424008,0.2939807109911524,0.6998386402575993,0.05184608164362867,0.9965052080763745
PhPC,gas,stddft,S0S1,0.2221278446719703,0.6888802828914449,0.3224476736939409,0.3111197171085549,0.6775523263060591,0.03677407550985361,0.995677503839824
PhPC,gas,stddft,S0T1,0.20999392208832532,0.7084256466093104,0.29642337638876426,0.29157435339068943,0.7035766236112355,0.06238330166581275,0.9966294223914209
mPTBC,gas,stda,S0T1,0.34374155398295386,0.9442201815034519,0.3640480903888594,0.05577981849654798,0.6359519096111407,2.9724075661582976,0.5653048883977086
mPTBC,gas,stddft,S0S1,0.36721914064030997,0.9742880278286106,0.3769102464070393,0.025711972171389343,0.6230897535929606,3.3101116456835338,0.5070130672007542
mPTBC,gas,stddft,S0T1,0.3403861266910373,0.9381135294552878,0.3628410805339107,0.061886470544711955,0.6371589194660894,2.912512522204216,0.5791390368120379
AcCYP,gas,stda,S0S1,0.18452117563458856,0.8840417671533286,0.2087244997809986,0.1159582328466714,0.7912755002190014,2.6433088662785584,0.4976721381073887
mPTBC,gas,stda,S0S1,0.3651669281713357,0.9731160174688224,0.37525528468966474,0.02688398253117774,0.6247447153103352,3.2932782723626746,0.5093513132835594
PXZPDO,gas,stda,S0S1,0.3068844036682232,0.35049587441143976,0.8755720853592076,0.6495041255885602,0.12442791464079248,0.9950211730369268,0.719703727994646
PXZPDO,gas,stda,S0T1,0.28100344703471447,0.33233431025566934,0.8455444964997284,0.6676656897443307,0.15445550350027193,0.9672777785675035,0.7532953782188059
PXZPDO,gas,stddft,S0S1,0.3100100144276889,0.3534758901387172,0.877032983228444,0.646524109861283,0.1229670167715561,1.0132152924984064,0.7129837746224708
PXZPDO,gas,stddft,S0T1,0.27766179069379265,0.32886737932430826,0.8442971487907291,0.6711326206756918,0.1557028512092706,0.9575309024193205,0.7604261399537192
BPBiPA,gas,stda,S0S1,0.2208600564175408,0.6983495583724939,0.3162600359227776,0.30165044162750615,0.6837399640772224,0.05172106990446965,0.9882676223656044
BPBiPA,gas,stda,S0T1,0.2108788354457283,0.708810410368259,0.29751091739209534,0.29118958963174113,0.7024890826079047,0.052566948813442226,0.9902957156737244
BPBiPA,gas,stddft,S0S1,0.22264067170096963,0.6954294383117166,0.32014847148471454,0.3045705616882833,0.6798515285152854,0.06121720856620427,0.9887116920834889
BPBiPA,gas,stddft,S0T1,0.20900974399625338,0.7109698788115101,0.29397833892153585,0.28903012118849014,0.7060216610784642,0.06339317850070897,0.9899469832748121
BFCZPZ3,gas,stda,S0T1,0.24742100366480838,0.7850284738523083,0.31517455978463915,0.21497152614769163,0.684825440215361,1.0702227727351088,0.6883302061402349
TPA–DAP–TPA,gas,stda,S0T1,0.21178560475167674,0.7046045884658937,0.30057369511712767,0.29539541153410637,0.6994263048828726,0.10648886397169183,0.9928440176232909
BFCZPZ3,gas,stddft,S0T1,0.24580007457538885,0.785620697938504,0.31287372547639947,0.2143793020614961,0.6871262745236006,1.0606051231964289,0.698124486680517
BFCZPZ3,gas,stda,S0S1,0.298358780173237,0.664823349721948,0.44877903325450424,0.33517665027805205,0.5512209667454959,0.759214466690548,0.777241693040943
TPA–DAP–TPA,gas,stddft,S0T1,0.21011922065568872,0.7063829850855669,0.2974579301768377,0.29361701491443304,0.7025420698231621,0.12188752404517934,0.9926880663952076
BFCZPZ3,gas,stddft,S0S1,0.2898888226929506,0.6723095700705236,0.43118354341221404,0.32769042992947645,0.5688164565877859,0.7306367187795632,0.7691932342896385
TPA–DAP–TPA,gas,stda,S0S1,0.22900908720679133,0.6678899235745086,0.34288447710237613,0.3321100764254913,0.6571155228976238,0.1235442145082679,0.9895924949659031
TMAB,gas,stda,S0S1,0.057597457741110435,0.8108580418358646,0.07103272677755525,0.18914195816413532,0.9289672732224449,1.2466962763824725,0.5154224112387839
FAPbCl3,gas,stda,S0S1,0.08700556585162768,0.9474687583403971,0.09182948259320776,0.05253124165960282,0.9081705174067921,1.7539388718685518,0.5982470904317072
TMAB,gas,stddft,S0S1,0.05805891667719756,0.8172301696143965,0.07104353074066293,0.18276983038560352,0.9289564692593374,1.2520339450508808,0.5137802237125797
TMAB,gas,stddft,S0T1,0.046123450579631936,0.9174507764559279,0.05027348797698423,0.08254922354407201,0.9497265120230155,1.6579765764687322,0.7414981497216939
TPA–DAP–TPA,gas,stddft,S0S1,0.2292570219610692,0.6660068200334764,0.3442262377276343,0.33399317996652345,0.6557737622723656,0.11952714145706592,0.9909621309464707
FAPbCl3,gas,stda,S0T1,0.11785581758057162,0.8617060790459385,0.13677032162876107,0.13829392095406168,0.8632296783712389,0.12493853123979055,0.9812114478963302
TMAB,gas,stda,S0T1,0.04666363624805318,0.9153487604591678,0.050979078427598704,0.08465123954083219,0.9490209215724014,2.0150325961090445,0.6901748926006571
FAPbCl3,gas,stddft,S0S1,0.08398986405522718,0.9496933950903037,0.08843892617284214,0.050306604909696365,0.9115610738271577,1.7495595552630385,0.5975799098834589
F2PA,gas,stda,S0S1,0.16062070624269134,0.9002797297061682,0.17841199900736904,0.09972027029383168,0.8215880009926309,1.696705669048811,0.6675731879447184
FAPbCl3,gas,stddft,S0T1,0.12319067237123553,0.8481151465412848,0.1452522960751519,0.15188485345871536,0.8547477039248481,0.12726722748827152,0.9853894781156527
F2PA,gas,stddft,S0S1,0.1612772693501842,0.9014819922696475,0.17890237490394995,0.09851800773035235,0.8210976250960501,1.7302658220346852,0.6617352132985629
F2PA,gas,stda,S0T1,0.18584453727757455,0.8130109469412539,0.2285879888539843,0.18698905305874627,0.7714120111460159,0.29903095434655863,0.9362395405238446
2CM,gas,stda,S0T1,0.03202011494393576,0.9713922381401204,0.03296311591416788,0.028607761859879507,0.9670368840858321,1.251945984193874,0.7144619994805614
F2PA,gas,stddft,S0T1,0.18209339289572407,0.8176815589336588,0.22269475311781844,0.18231844106634099,0.7773052468821817,0.27169759157025597,0.9381105470412668
InDM,gas,stda,S0T1,0.4007138189698654,0.7687992278346278,0.521220371277559,0.2312007721653722,0.4787796287224409,0.35019058335796094,0.5259816584502263
2CM,gas,stddft,S0T1,0.031553249599695236,0.9720530650719793,0.03246041881196965,0.027946934928020764,0.9675395811880304,1.2356702732520188,0.717933796898238
InDM,gas,stda,S0S1,0.08061016083931197,0.4918352216850464,0.16389668182595474,0.5081647783149538,0.8361033181740453,1.089750449637596,0.5523838982028533
2CM,gas,stda,S0S1,0.026227791380162017,0.9986070590571304,0.026264376104977564,0.0013929409428695234,0.9737356238950224,0.8232510958486017,0.7764803099438401
InDM,gas,stddft,S0T1,0.40067760300936883,0.7690645002275703,0.520993496502317,0.23093549977242941,0.47900650349768314,0.3653408069339286,0.5297948800041868
2CM,gas,stddft,S0S1,0.02340039614633998,0.9988356388718659,0.023427674419756926,0.0011643611281340665,0.9765723255802431,0.8189069317973524,0.7762038989132094
BTPBFCz,gas,stda,S0T1,0.1650987476046304,0.25918790999736674,0.6369847559876838,0.7408120900026334,0.3630152440123161,2.1530662050628733,0.7018532773550814
InDM,gas,stddft,S0S1,0.08136634653555855,0.49472290212206865,0.16446852609116142,0.5052770978779312,0.8355314739088385,1.034679947076451,0.5455623867394637
BTPBFCz,gas,stddft,S0T1,0.16772423900599626,0.26219411052227964,0.6396949140920695,0.7378058894777203,0.36030508590793064,2.1320535404019574,0.7053768937153618
BTPBFCz,gas,stda,S0S1,0.2980168028493185,0.7515823525377646,0.39651915966766144,0.2484176474622355,0.6034808403323385,0.30872602063139326,0.7257653500965492
ZDZ,gas,stda,S0T1,0.373330141671348,0.7796562248208132,0.4788394292075968,0.2203437751791867,0.5211605707924033,1.7914926250023284,0.6503498487509791
DPAA,gas,stda,S0S1,0.21530731153708532,0.7147928023801523,0.30121639560463453,0.2852071976198476,0.6987836043953652,0.01868045488248544,0.9960016110695011
ZDZ,gas,stda,S0S1,0.12476220547757003,0.5679654424512024,0.21966513479962146,0.43203455754879716,0.7803348652003785,1.5000017840733255,0.7001400639916762
BTPBFCz,gas,stddft,S0S1,0.2867245448623795,0.8250122063692527,0.3475397608045202,0.1749877936307473,0.6524602391954799,0.2647502157308811,0.7250654126287185
DPAA,gas,stda,S0T1,0.20263865408021958,0.7326577346094914,0.27658024273534293,0.26734226539050887,0.7234197572646569,0.026282789885039494,0.996712175063094
DPAA,gas,stddft,S0S1,0.21685327100102034,0.7133575255106802,0.30398960303359646,0.28664247448931984,0.6960103969664037,0.022081246941698805,0.995893867504769
ZDZ,gas,stddft,S0S1,0.12092179200368562,0.5593085593138944,0.21619871534242344,0.44069144068610544,0.7838012846575763,1.5753627826585608,0.7100225611352802
DPAA,gas,stddft,S0T1,0.20017557560676402,0.7353310331466718,0.27222511574162855,0.2646689668533282,0.7277748842583716,0.03281335767134353,0.9968248419765029
ZDZ,gas,stddft,S0T1,0.32712034639645293,0.8040363002836652,0.406847733468059,0.19596369971633476,0.5931522665319411,0.7274750817309481,0.6401658814379082
DPFPhe,gas,stda,S0T1,0.3164625922057467,0.6661896250519741,0.4750338046484246,0.333810374948026,0.5249661953515753,0.8472849439432292,0.9286972208458518
SFAC-BP-SFAC,gas,stda,S0T1,0.10206923800390157,0.7076978577374156,0.14422713999760808,0.29230214226258444,0.8557728600023922,2.5833148254718674,0.5394231571249695
DPFPhe,gas,stddft,S0S1,0.4219941564315616,0.6766173219751601,0.6236821652742933,0.3233826780248399,0.37631783472570673,1.9008426233227609,0.5210925010446583
SFAC-BP-SFAC,gas,stddft,S0T1,0.10268783142984104,0.7109867853453272,0.14443001409648623,0.28901321465467267,0.8555699859035139,2.543625009038888,0.5565205551168211
DPFPhe,gas,stddft,S0T1,0.30114237773922725,0.6385340696689468,0.4716152074631773,0.3614659303310531,0.5283847925368226,0.6492915701613091,0.9507557327074364
DPFPhe,gas,stda,S0S1,0.4129025476529199,0.6706276447062188,0.615695685843371,0.32937235529378117,0.3843043141566289,1.836187033655513,0.5275857216280303
SFAC-BP-SFAC,gas,stda,S0S1,0.07072678434416096,0.9253249121558795,0.07643454035985836,0.07467508784412033,0.9235654596401418,2.733899283986956,0.42626560605268476
SFAC-BP-SFAC,gas,stddft,S0S1,0.06911190280977599,0.9319762723435416,0.07415629009093508,0.06802372765645856,0.925843709909065,2.84340363218464,0.43008272898497557
TMOE,gas,stda,S0S1,0.09903420191053555,0.8452573128318678,0.11716456090600506,0.1547426871681321,0.8828354390939951,0.17176799605536458,0.966740602464678
TMOE,gas,stda,S0T1,0.09967977269229153,0.8640762750458915,0.11535992315840114,0.13592372495410868,0.8846400768415987,0.11647866641117414,0.9810627388362398
9CzFDBFDPO,gas,stda,S0T1,0.2871266182903672,0.7157306504486776,0.4011657431610245,0.28426934955132255,0.5988342568389756,1.5134771388531634,0.7207819806660913
TMOE,gas,stddft,S0S1,0.09990049311869537,0.8437401378816238,0.11840196837087219,0.15625986211837636,0.8815980316291276,0.17497099893455967,0.9652938390927273
9CzFDBFDPO,gas,stddft,S0T1,0.28563701808623887,0.7125761156020225,0.4008512379690377,0.2874238843979776,0.5991487620309623,1.4923152754527367,0.7236668914498696
TMOE,gas,stddft,S0T1,0.09871233750998891,0.8668900087650174,0.11386950652553461,0.1331099912349827,0.8861304934744653,0.1139711834510926,0.982290362024925
ICBNTrz4,gas,stda,S0T1,0.20127298523672688,0.8246668984047983,0.24406579871953274,0.17533310159520177,0.7559342012804671,2.4797726413703476,0.642314259272261
ICBNTrz4,gas,stda,S0S1,0.20913824210244744,0.8195983909710234,0.25517161137257705,0.1804016090289767,0.7448283886274228,3.027996407972944,0.5780116663233694
9CzFDBFDPO,gas,stda,S0S1,0.29563902990430935,0.6180419985744056,0.4783477993182329,0.38195800142559455,0.5216522006817672,0.6764483876940384,0.7911506411127791
ICBNTrz4,gas,stddft,S0S1,0.2104671773570397,0.8202721946372955,0.2565821183907169,0.17972780536270425,0.7434178816092831,2.9317745250406255,0.5781894324686377
ICBNTrz4,gas,stddft,S0T1,0.20082323118912118,0.8241720352058778,0.2436666407141024,0.1758279647941224,0.7563333592858975,2.4032905866406025,0.6532609239596401
9CzFDBFDPO,gas,stddft,S0S1,0.29076410936525476,0.618199074941355,0.4703405766060681,0.38180092505864505,0.5296594233939318,0.6829047312351125,0.7922572346881149
DHPZ-2BI,gas,stda,S0S1,0.3616324278378353,0.732491811251634,0.49370166639801955,0.2675081887483661,0.5062983336019803,2.0291747583631485,0.6841252760597962
DHPZ-2BI,gas,stda,S0T1,0.35117360034133277,0.7190889995879668,0.4883590216823688,0.2809110004120333,0.5116409783176312,1.8276221208278383,0.7140315197076047
DHPZ-2BI,gas,stddft,S0S1,0.36318945611714276,0.7359659161148678,0.49348678813062996,0.26403408388513205,0.5065132118693699,2.0637482885349705,0.6767020195229578
DHPZ-2BI,gas,stddft,S0T1,0.3491063044973802,0.7163013606280073,0.48737350462563145,0.2836986393719927,0.5126264953743683,1.7872401387186008,0.7208801753106026
2CzPy,gas,stddft,S0T1,0.36467172090004996,0.4598011554317339,0.7931074478437067,0.540198844568266,0.20689255215629307,1.0854713956283073,0.7307096936735978
2CzPy,gas,stda,S0T1,0.36713699889400675,0.4641832400450189,0.7909311823890925,0.5358167599549813,0.20906881761090743,1.0934001962750715,0.7279507002412446
2CzPy,gas,stda,S0S1,0.09990436846883473,0.12823674815697791,0.7790619296314284,0.8717632518430222,0.22093807036857152,0.8287296126434763,0.7964204504670448
2CzPy,gas,stddft,S0S1,0.09900308261092935,0.127324675574151,0.7775639887907839,0.8726753244258486,0.22243601120921622,0.824386106342494,0.7996873397530408
TAZ-PPI,gas,stda,S0T1,0.06979978052681966,0.9628997667185855,0.0724891447057741,0.03710023328141461,0.9275108552942258,1.0632299043064781,0.8354642229177768
SIR-B,gas,stda,S0S1,0.00744066483880358,0.660763826375011,0.011260702450410312,0.33923617362498903,0.9887392975495901,5.193504776745169,0.3870668718502777
SIR-B,gas,stda,S0T1,0.01347611131001357,0.6561505942969206,0.020538137779869743,0.3438494057030793,0.97946186222013,4.905964018125841,0.47268109339002573
TAZ-PPI,gas,stda,S0S1,0.02905226533837784,0.9930617599847832,0.029255245251637734,0.006938240015217025,0.9707447547483622,0.46395381622813614,0.7248909075539919
SIR-B,gas,stddft,S0S1,0.00744091048169754,0.6607180879759534,0.011261853757465693,0.3392819120240468,0.9887381462425344,5.189557273587075,0.387919528177112
SIR-B,gas,stddft,S0T1,0.016789783589783436,0.6547631774393216,0.025642528731450214,0.34523682256067867,0.9743574712685495,4.77200751234564,0.49809872973758557
TAZ-PPI,gas,stddft,S0T1,0.11815093281275886,0.8630600588871431,0.1368976951211326,0.1369399411128569,0.8631023048788674,0.4279402012323971,0.9138234659158071
TAZ-PPI,gas,stddft,S0S1,0.027034734896353455,0.993759133019455,0.027204514653576716,0.00624086698054499,0.9727954853464231,0.4390192105978355,0.7272068358219884
TPSi-F,gas,stda,S0S1,0.21158428311117344,0.546489910101339,0.3871696058797098,0.4535100898986611,0.6128303941202903,0.7457426576788322,0.8188010869370388
TPSi-F,gas,stda,S0T1,0.2112217790356784,0.2906213621744834,0.7267937134946912,0.7093786378255166,0.27320628650530865,0.02906723812297327,0.967468274406206
TPSi-F,gas,stddft,S0T1,0.21016119656391588,0.28950308842851885,0.7259376668646723,0.710496911571481,0.2740623331353277,0.030914091222830235,0.9687148391861224
TPSi-F,gas,stddft,S0S1,0.22880773742486002,0.5503022601558811,0.4157855672990456,0.44969773984411887,0.5842144327009544,0.6675101810941739,0.8408218626594249
PXZ-10-DPPZ,gas,stda,S0T1,0.3297000223463059,0.9458574498467951,0.3485726336454917,0.05414255015320498,0.6514273663545084,2.8463120550684184,0.5000492419916714
PXZ-10-DPPZ,gas,stda,S0S1,0.3603390545328136,0.9402922215264939,0.38322028650607165,0.05970777847350587,0.6167797134939281,2.943719435761649,0.47459030898819976
PXZ-10-DPPZ,gas,stddft,S0S1,0.3637566872483213,0.940186288129694,0.3868985240913691,0.05981371187030568,0.6131014759086307,2.9486375973680694,0.4732781743623316
CzB-FMPIM,gas,stda,S0S1,0.02685900861440896,0.9998634888462206,0.026862675669258176,0.00013651115377936936,0.9731373243307418,1.2564529016004151,0.7655181916583139
CzB-FMPIM,gas,stda,S0T1,0.030024976271859728,0.9970817937971451,0.030112851782717703,0.0029182062028549247,0.9698871482172822,1.030749001749563,0.6781859046927895
CzB-FMPIM,gas,stddft,S0S1,0.02544338268104162,0.9998616443640884,0.025446903403543997,0.00013835563591142662,0.9745530965964562,1.2686339020625237,0.7672636713550947
PXZ-10-DPPZ,gas,stddft,S0T1,0.3228472815657047,0.945218228242137,0.3415584591149048,0.054781771757862634,0.6584415408850954,2.8059879175073843,0.5130002958240217
CzB-FMPIM,gas,stddft,S0T1,0.030068853972914717,0.9972220735751679,0.030152615720903622,0.002777926424831846,0.9698473842790961,1.0257146458544548,0.6803882676342424
2Cz2tCzBn,gas,stda,S0S1,0.35825337533331697,0.8858205218564676,0.404431108214228,0.11417947814353249,0.5955688917857721,1.5453076128952434,0.5442539305189547
2Cz2tCzBn,gas,stda,S0T1,0.35827070279817375,0.9116073028898177,0.3930099086113579,0.08839269711018227,0.6069900913886419,1.5883266771793565,0.5865382355141965
SXAC-BP-SXAC,gas,stda,S0S1,0.09702500881176825,0.8095403084822421,0.11985197993868216,0.19045969151775788,0.8801480200613179,0.9453019343979484,0.44296429326664555
SXAC-BP-SXAC,gas,stddft,S0S1,0.09866884150498764,0.798951447962449,0.12349791937497698,0.20104855203755106,0.876502080625023,0.98370678904556,0.4454720317532724
SXAC-BP-SXAC,gas,stddft,S0T1,0.10824099100952377,0.7216006727054202,0.15000123351286163,0.2783993272945798,0.8499987664871385,2.074711778228585,0.5583611441111991
2CzPN,gas,stda,S0S1,0.2334208955934947,0.7896201108232898,0.29561163956439845,0.2103798891767104,0.7043883604356014,1.5438297182305432,0.5948121964133919
2CzPN,gas,stda,S0T1,0.23331871363282378,0.7866867698814883,0.29658400594174533,0.21331323011851194,0.7034159940582545,1.4189071020619881,0.7171805187494406
2CzPN,gas,stddft,S0S1,0.2350432616335629,0.7900139940712831,0.29751784575648277,0.20998600592871697,0.7024821542435171,1.546792608614767,0.5915218488947576
SXAC-BP-SXAC,gas,stda,S0T1,0.10822687340646284,0.71891103666189,0.1505427902581538,0.28108896333811,0.8494572097418465,2.084887499908562,0.5413183205429951
2CzPN,gas,stddft,S0T1,0.2321592579944874,0.7857246959785679,0.29547150443750336,0.21427530402143208,0.7045284955624967,1.3736196007861012,0.7348963646367925
2Cz2tCzBn,gas,stddft,S0T1,0.35737562239173054,0.9146526933166598,0.39072275739530826,0.08534730668334031,0.6092772426046918,1.5884650442478303,0.5927392640910812
2Cz2tCzBn,gas,stddft,S0S1,0.01991609721756043,0.7129818556957805,0.02793352601957146,0.2870181443042194,0.9720664739804286,1.4514328045599616,0.6293708735535792
4BPy-mDTC,gas,stda,S0S1,0.16653339809844234,0.9473599051546356,0.17578683369680864,0.05264009484536428,0.8242131663031915,4.509077269520191,0.41175387558771814
4BPy-mDTC,gas,stda,S0T1,0.18835781602664683,0.9588777395313692,0.1964356958778735,0.04112226046863081,0.8035643041221264,4.233297565928641,0.4772990234471584
4BPy-mDTC,gas,stddft,S0T1,0.1902199208779706,0.960204021426727,0.19810364946746503,0.03979597857327277,0.8018963505325349,4.190248432559475,0.4855106326598833
o-PCzTPD,gas,stda,S0T1,0.13219808730495974,0.8020274079343696,0.16482988735439527,0.19797259206563053,0.8351701126456046,1.0579614985143744,0.9183478789393426
Pd-1,gas,stda,S0S1,0.06896716139883294,0.8719003104277344,0.07909982434230264,0.12809968957226592,0.9209001756576973,0.28165959956269987,0.8476154094254923
4BPy-mDTC,gas,stddft,S0S1,0.02533532007807665,0.6912825413748966,0.036649732289907186,0.3087174586251036,0.9633502677100927,4.376053830562508,0.6395461685715771
Pd-1,gas,stddft,S0S1,0.06803551500766741,0.8703902917151287,0.07816667494487042,0.12960970828487117,0.9218333250551296,0.3028684295752838,0.8458816444760777
o-PCzTPD,gas,stda,S0S1,0.07123351524211943,0.9561106484836669,0.07450342212493025,0.04388935151633309,0.9254965778750697,1.0033091791221938,0.7658825628997693
o-PCzTPD,gas,stddft,S0S1,0.10127739229201581,0.927961404144611,0.10913966016223775,0.07203859585538891,0.8908603398377622,0.7732077370143929,0.8012057095633388
o-PCzTPD,gas,stddft,S0T1,0.15754936723552299,0.8113576395600519,0.1941799270183147,0.18864236043994803,0.8058200729816853,0.6149680546269276,0.817356246708911
Pd-1,gas,stda,S0T1,0.10622373437928691,0.915629032461291,0.11601175870728805,0.0843709675387089,0.883988241292712,1.0973709628160613,0.7313860730569919
"2,4,6-CzPyCl2",gas,stda,S0T1,0.05386294422088249,0.9919614415642899,0.054299433389207584,0.008038558435710077,0.9457005666107925,0.36698117659844237,0.7260767685349053
PnB,gas,stda,S0S1,0.035736384823251595,0.7942141781702124,0.044995903882734174,0.20578582182978766,0.9550040961172661,3.1385940390644214,0.7783104918713739
PnB,gas,stda,S0T1,0.0252931287063304,0.9673103980009397,0.026147892918965427,0.03268960199906024,0.9738521070810343,0.37991603051521655,0.9811813915857407
"2,4,6-CzPyCl2",gas,stddft,S0T1,0.059363723731223755,0.9878006593198391,0.06009686587180383,0.012199340680160922,0.9399031341281965,0.36662636688352374,0.7244901581601317
Pd-1,gas,stddft,S0T1,0.05567955104147987,0.9340464133784425,0.059611118081474276,0.06595358662155718,0.9403888819185257,0.9932642246487223,0.8628502689271794
PnB,gas,stddft,S0S1,0.027568169147100526,0.9732048218277927,0.028327201560021328,0.02679517817220735,0.9716727984399786,0.31136081728577397,0.8972262161536881
"2,4,6-CzPyCl2",gas,stda,S0S1,0.08670822556333835,0.9716649669957803,0.08923675187284477,0.02833503300421956,0.9107632481271553,0.2890737421420793,0.7255198269995794
PnB,gas,stddft,S0T1,0.02469330308078053,0.9725350777530614,0.02539065545875402,0.02746492224693878,0.974609344541246,0.30072812359683754,0.9837957801984273
BBPA,gas,stda,S0T1,0.20706470263987067,0.7450443141511217,0.2779226667554576,0.2549556858488783,0.7220773332445425,0.03185737754951891,0.9942766764819051
BBPA,gas,stda,S0S1,0.22691994004446667,0.7356812736427345,0.308448710296607,0.26431872635726544,0.691551289703393,0.035167900723877835,0.9873565077469914
BBPA,gas,stddft,S0S1,0.22907699376530521,0.732685365474976,0.312653977491146,0.2673146345250239,0.6873460225088539,0.045219359834454215,0.9876318448758521
BBPA,gas,stddft,S0T1,0.2039788643517495,0.7469458781214392,0.2730838609950618,0.2530541218785609,0.726916139004938,0.03305067326171134,0.9947538164713721
"2,4,6-CzPyCl2",gas,stddft,S0S1,0.0750099285522805,0.9739426831608764,0.07701677916901638,0.026057316839123504,0.9229832208309835,0.31931077255669144,0.723721713890227
BCPBT,gas,stda,S0T1,0.2861893436386321,0.6912639817816822,0.4140087595783597,0.3087360182183179,0.5859912404216403,1.2482343133804072,0.9075041405381405
BCPBT,gas,stddft,S0S1,0.3084314869361908,0.7047232980456426,0.43766324710924304,0.2952767019543575,0.562336752890757,1.7988730401324413,0.9041134072906001
BCPBT,gas,stddft,S0T1,0.28385602052363024,0.6878090739695919,0.4126959519236868,0.3121909260304082,0.5873040480763132,1.1834815158632295,0.9067608783749206
DHID-DBS,gas,stda,S0S1,0.028425664207002092,0.9864745920478561,0.02881540430554049,0.013525407952144025,0.9711845956944595,0.6434655737300868,0.8024863986398664
DHID-DBS,gas,stda,S0T1,0.023370539691495128,0.9887733519239298,0.02363589152764011,0.011226648076070187,0.9763641084723597,0.33967047492264174,0.8941985265376394
DHID-DBS,gas,stddft,S0S1,0.02824109850340264,0.9863184620091249,0.02863283978875919,0.013681537990874985,0.9713671602112408,0.5861949919531246,0.7991611503732735
DHID-DBS,gas,stddft,S0T1,0.0227118769177806,0.9890905122913944,0.022962384772213334,0.010909487708605402,0.9770376152277866,0.32255720980741565,0.9035768646483094
"3,6-T2C",gas,stda,S0T1,0.29370946103709955,0.7032995162114944,0.41761646960777377,0.2967004837885056,0.5823835303922262,1.0976719346308497,0.8208131911998875
MPA,gas,stda,S0S1,0.017814014499848218,0.9912546829302571,0.017971178150894628,0.008745317069742768,0.9820288218491054,0.5021259698711995,0.7107972425698843
BCPBT,gas,stda,S0S1,0.23226442400564037,0.7297320525015383,0.318287271621731,0.2702679474984617,0.6817127283782691,0.2296667204451231,0.7698133555079181
MPA,gas,stda,S0T1,0.019155198847782634,0.9916970727727202,0.01931557465852546,0.008302927227279966,0.9806844253414746,0.7654177629592138,0.7438377697673791
MPA,gas,stddft,S0T1,0.019306934103441153,0.99181470755263,0.019466271226288145,0.008185292447370266,0.980533728773712,0.7702537889219695,0.7508726186464318
MPA,gas,stddft,S0S1,0.017824638047122303,0.9912034558381535,0.017982824759271987,0.008796544161846576,0.982017175240728,0.4956422564138915,0.7034654020215678
"3,6-T2C",gas,stda,S0S1,0.19668046183037793,0.708030124707998,0.2777854429731953,0.291969875292002,0.7222145570268046,0.8055827740770398,0.725200107554397
"3,6-T2C",gas,stddft,S0T1,0.19096747905674427,0.7034358191476063,0.27147818444638,0.29656418085239367,0.7285218155536202,0.26565535440085997,0.8910846933978052
BCzBMes,gas,stda,S0T1,0.047452059246761526,0.9110195094456937,0.05208676516228895,0.0889804905543063,0.9479132348377112,0.8774588003089081,0.6604352190588592
"3,6-T2C",gas,stddft,S0S1,0.21376535168347913,0.6635159651727163,0.3221706227186787,0.33648403482728384,0.6778293772813214,0.37681886959785477,0.7078735609267779
C3FLA-2,gas,stda,S0S1,0.18759438632865533,0.7903693789121126,0.23735027106802353,0.20963062108788735,0.7626497289319767,0.2118543751576292,0.9372252848151942
C3FLA-2,gas,stda,S0T1,0.16870734653678215,0.8123379756658666,0.2076812257835098,0.18766202433413337,0.7923187742164901,0.13041827807260645,0.9574948331708326
BCzBMes,gas,stda,S0S1,0.04316178694478736,0.9991211493330012,0.043199753076592906,0.0008788506669988552,0.956800246923407,0.42784419519297706,0.7599378268190492
BCzBMes,gas,stddft,S0T1,0.04639364785495866,0.9134429847128864,0.050789867163456424,0.08655701528711357,0.9492101328365437,0.8734640952130285,0.662939343869182
C3FLA-2,gas,stddft,S0S1,0.18925548091149236,0.7891110607876137,0.23983377032200764,0.21088893921238633,0.7601662296779923,0.2265535958563827,0.9337550975637642
BCzBMes,gas,stddft,S0S1,0.03769056389670748,0.999199206544608,0.03772077044281043,0.0008007934553919284,0.9622792295571898,0.38585595787549043,0.7637887192705997
2Trz6CNDBT,gas,stda,S0S1,0.1714800597678533,0.7603041808117131,0.2255413873757453,0.2396958191882869,0.7744586126242547,0.3429003569967824,0.6617318792760085
C3FLA-2,gas,stddft,S0T1,0.16451775787124892,0.8180685546690031,0.20110509923928574,0.18193144533099687,0.7988949007607141,0.11621465374633332,0.9600803517250442
2Trz6CNDBT,gas,stda,S0T1,0.16071312648531896,0.8523436444201689,0.188554378902712,0.1476563555798313,0.811445621097288,1.0312840378789174,0.6904010189569217
2Trz6CNDBT,gas,stddft,S0S1,0.15320228123346916,0.7785948576797677,0.19676765100917287,0.22140514232023242,0.8032323489908271,0.2378535714194381,0.6716724780951133
CCAPI,gas,stda,S0S1,0.01584399652676422,0.991786912145063,0.015975202266479204,0.008213087854937004,0.9840247977335208,3.182008545448095,0.6318927807607988
CCAPI,gas,stda,S0T1,0.014340923219656838,0.9962273808951322,0.014395230942931124,0.003772619104868066,0.9856047690570686,0.5042491093828895,0.9642481618394384
AQ-S-CZ,gas,stda,S0S1,0.07293564975526243,0.7066743946416496,0.10320969644336365,0.29332560535835034,0.8967903035566362,3.000190965917115,0.6328841226259583
AQ-S-CZ,gas,stda,S0T1,0.10587535722923745,0.6764492558107277,0.15651633336834014,0.3235507441892721,0.8434836666316601,3.0231335282525635,0.6398655349385783
2Trz6CNDBT,gas,stddft,S0T1,0.15577958690035407,0.8539226427553938,0.18242821902191572,0.14607735724460608,0.8175717809780844,0.9998997413667166,0.6996022239313746
AQ-S-CZ,gas,stddft,S0S1,0.07160489206333828,0.7039518211157662,0.10171845560374328,0.2960481788842336,0.898281544396257,3.0526428020603107,0.6161978836715639
CCAPI,gas,stddft,S0T1,0.014001217389394142,0.9964097312487781,0.014051666649066874,0.003590268751221966,0.985948333350933,0.39780538118171077,0.9721618300456899
AQ-S-CZ,gas,stddft,S0T1,0.11124795382457117,0.6698916908656634,0.16606856801106415,0.3301083091343366,0.8339314319889357,2.9359597998417426,0.6520736284385812
CCAPI,gas,stddft,S0S1,0.01630211704311462,0.9924530398033593,0.01642608404559339,0.007546960196640517,0.9835739159544066,2.875967893941681,0.688988087825608
2DN,gas,stda,S0S1,0.2562848197319641,0.7681949320238132,0.33361951380853366,0.2318050679761868,0.6663804861914665,1.7701600854440025,0.38210072146517093
CCDC,gas,stda,S0T1,0.22272006289774904,0.839564826146414,0.26528036425731377,0.1604351738535862,0.7347196357426863,1.8985950825700257,0.6650369701619134
2DN,gas,stda,S0T1,0.25405013083207656,0.8542885316478797,0.2973821155506169,0.1457114683521206,0.7026178844493832,1.7790273397745837,0.6206220532319087
2DN,gas,stddft,S0S1,0.25567582290127533,0.7685310475473317,0.3326811892860177,0.23146895245266835,0.6673188107139824,1.7477370937625856,0.3837785894480956
PPI,gas,stda,S0T1,0.16089161750621547,0.9480830248078435,0.16970203378425094,0.05191697519215659,0.8302979662157491,0.7135534152119526,0.8201515835146431
CCDC,gas,stda,S0S1,0.18755584342998183,0.7586893401541095,0.2472103316910771,0.24131065984589042,0.7527896683089228,1.3924611073158915,0.7386083687974299
PPI,gas,stddft,S0T1,0.16223050058446312,0.9491695594905124,0.17091835590633975,0.050830440509487686,0.8290816440936601,0.7437658552569028,0.831611772828407
CCDC,gas,stddft,S0S1,0.18654758219040263,0.7592810626045039,0.24568976019302086,0.2407189373954961,0.7543102398069791,1.3939205292789325,0.7415111122350524
CCDC,gas,stddft,S0T1,0.22215701931942458,0.8399401158765526,0.26449149781063125,0.16005988412344746,0.7355085021893687,1.8702512493567696,0.6684559146792652
2DN,gas,stddft,S0T1,0.25083168150098634,0.8508302377693887,0.29480814193744304,0.1491697622306112,0.7051918580625569,1.6630242687055885,0.6682344010816954
PPI,gas,stddft,S0S1,0.0690726151104641,0.9481837208477676,0.07284729065872016,0.05181627915223261,0.9271527093412798,0.6416414320223183,0.7416950454211274
PPI,gas,stda,S0S1,0.0729184418728501,0.9465079890141636,0.07703943624268653,0.05349201098583658,0.9229605637573135,0.6715120825550204,0.7406879274046717
PXZ-OXD,gas,stda,S0S1,0.16839098215465942,0.7769658132802013,0.21672894646901494,0.22303418671979866,0.783271053530985,3.1492956971989883,0.4833872144965008
PXZ-OXD,gas,stda,S0T1,0.2896179898217271,0.7726313511428043,0.37484628263317443,0.2273686488571955,0.6251537173668256,0.860800390940098,0.7021946768360561
PXZ-OXD,gas,stddft,S0S1,0.2549161627389882,0.7862363144982547,0.32422333850308827,0.2137636855017452,0.6757766614969118,0.5735142147837162,0.6666856852618842
PXZ-OXD,gas,stddft,S0T1,0.290745290817387,0.7695320566734829,0.37782089556374643,0.2304679433265171,0.6221791044362535,0.8692784513567035,0.7104548895132979
DPA-DPQ,gas,stda,S0S1,0.18370075802643823,0.9426242077582789,0.19488228343223854,0.057375792241720985,0.8051177165677612,1.9062250091937087,0.7051985525558206
DPA-DPQ,gas,stda,S0T1,0.15406238134921124,0.9336576679299441,0.16500949613661947,0.06634233207005573,0.8349905038633805,1.35313785409999,0.744451005065207
DPA-DPQ,gas,stddft,S0S1,0.18793725773915373,0.940739748930887,0.199776035776884,0.05926025106911313,0.8002239642231158,1.9026322572061496,0.6976543303957657
DPA-DPQ,gas,stddft,S0T1,0.1511124076336711,0.9322367065949907,0.1620966076154752,0.06776329340500917,0.8379033923845248,1.2652796767174217,0.7525272006207068
SBF-AnCN,gas,stda,S0S1,0.21137730899304455,0.7020689438835926,0.3010777087272674,0.29793105611640736,0.6989222912727325,0.13115199642328626,0.9904971502215547
SBF-AnCN,gas,stda,S0T1,0.20588841811202835,0.7157584441241932,0.2876507008784993,0.28424155587580685,0.7123492991215005,0.02089391985119613,0.995693742394536
SBF-AnCN,gas,stddft,S0S1,0.2133975046330528,0.6997735426121353,0.30495223331318916,0.3002264573878645,0.6950477666868109,0.13072295495228706,0.9908198892809441
SBF-AnCN,gas,stddft,S0T1,0.20421626931799125,0.7180247997684694,0.2844139497463622,0.28197520023153044,0.7155860502536379,0.026156445259413658,0.9959922832972999
CBM,gas,stda,S0S1,0.28671181772922505,0.6656528607461436,0.4307227304752271,0.3343471392538565,0.569277269524773,0.5806324433781735,0.7036597914464342
CBM,gas,stda,S0T1,0.1791078860486782,0.7225072126411631,0.24789771356598628,0.27749278735883676,0.7521022864340134,0.5932834636398244,0.8178568690188792
CBM,gas,stddft,S0S1,0.2856705694539555,0.653513582364162,0.4371302711421984,0.34648641763583793,0.5628697288578011,0.5513016905560169,0.6969325570744336
CBM,gas,stddft,S0T1,0.18072740209163843,0.7224046750910855,0.2501747404511898,0.2775953249089147,0.7498252595488103,0.5320151387145787,0.8278803088866306
IDAC-MCO,gas,stda,S0T1,0.031395245339168966,0.9562970394552942,0.03283001415235131,0.04370296054470551,0.9671699858476485,1.1652465177908364,0.6806118711251843
IDAC-MCO,gas,stddft,S0T1,0.03069167283668569,0.9573825486375827,0.03205789877866682,0.04261745136241753,0.9679421012213331,1.1011732632026223,0.6871912513956475
2CzMC,gas,stda,S0S1,0.08026143173125617,0.9184101729778532,0.08739170589870156,0.08158982702214675,0.9126082941012984,0.28088747608344516,0.756511110988717
2CzMC,gas,stda,S0T1,0.06862451548054435,0.8113082551659786,0.0845850082796274,0.18869174483402146,0.9154149917203727,0.5077648802143336,0.8137127190910511
IDAC-MCO,gas,stda,S0S1,0.02131208040693535,0.988549544354733,0.021558940094243455,0.01145045564526706,0.9784410599057568,0.5808135270319303,0.6965582722940622
IDAC-MCO,gas,stddft,S0S1,0.01854554896530551,0.9910121693466133,0.01871374493567806,0.008987830653386998,0.9812862550643217,0.5674255298195805,0.6955191441306187
2CzMC,gas,stddft,S0S1,0.07925743563044314,0.919403419458438,0.08620528698612917,0.0805965805415622,0.913794713013871,0.22471227472967037,0.7594995301561508
PO-ABN,gas,stda,S0S1,0.21239682126096002,0.6904039668396519,0.3076413686225093,0.3095960331603481,0.6923586313774907,0.0679437849800335,0.9913592752073439
2CzMC,gas,stddft,S0T1,0.06744614223286276,0.8163354897519736,0.08262061747842772,0.1836645102480263,0.9173793825215723,0.5321241510872939,0.8252358245611591
PO-ABN,gas,stda,S0T1,0.20893487173118128,0.7062150250663847,0.29585163769567385,0.2937849749336152,0.7041483623043262,0.057761710657108015,0.9961907376002838
ACRFLCN,gas,stda,S0S1,0.011240154576488321,0.6571159377078418,0.017105283758139144,0.34288406229215823,0.9828947162418611,3.3278151258885567,0.28379988812562806
PO-ABN,gas,stddft,S0S1,0.21455080509923255,0.6879440980469427,0.3118724409560854,0.31205590195305744,0.6881275590439144,0.06613209985220136,0.9916716882610922
PO-ABN,gas,stddft,S0T1,0.2074883865940964,0.7086658485706133,0.2927873369552134,0.2913341514293868,0.7072126630447866,0.06481724804970383,0.9964163642297407
ACRFLCN,gas,stddft,S0S1,0.011248558106290206,0.6571144486128366,0.017118111053616037,0.3428855513871635,0.9828818889463838,3.327323798537758,0.283924945848175
ACRFLCN,gas,stda,S0T1,0.013800332778433752,0.6569977787404024,0.021005143738677137,0.3430022212595975,0.9789948562613231,3.309836138744272,0.3134814559214981
ACRFLCN,gas,stddft,S0T1,0.30697350934149026,0.6566742323370948,0.4674669634119427,0.3433257676629054,0.532533036588057,1.2489770344618112,0.7801275086501702
BuPCzBCO,gas,stda,S0T1,0.12789126938700784,0.8607962296908175,0.14857322206551032,0.1392037703091826,0.8514267779344895,1.003880056786688,0.6871789983320977
BuPCzBCO,gas,stddft,S0T1,0.12744627375236675,0.8598713006824784,0.1482155220801216,0.14012869931752137,0.8517844779198784,0.9855062645872342,0.6901184155550425
BuPCzBCO,gas,stda,S0S1,0.20401043712008995,0.8739831245326413,0.2334260598328871,0.12601687546735874,0.766573940167113,0.7601634362708192,0.7783741570625051
BuPCzBCO,gas,stddft,S0S1,0.20487038558661416,0.8765267652531185,0.23372975442164945,0.12347323474688143,0.7662702455783506,0.7916306326742052,0.7797056322526628
9CzFDPEPO,gas,stda,S0T1,0.027920344506331563,0.9965325548191527,0.028017493629596928,0.003467445180847407,0.9719825063704031,1.23932257488946,0.7195118294275151
9CzFDPEPO,gas,stddft,S0T1,0.027822535931814982,0.9966406466513739,0.027916316703815253,0.0033593533486261317,0.9720836832961849,1.2146670586099368,0.7222006764502021
BDQ-tBuCz,gas,stda,S0S1,0.28058132265616337,0.8870887594337772,0.3162945304765856,0.11291124056622294,0.6837054695234144,1.4111868078843812,0.6854712858360901
BDQ-tBuCz,gas,stda,S0T1,0.24102287499337655,0.9194712575883867,0.2621320383907787,0.08052874241161348,0.7378679616092213,1.355033553422369,0.7553131331710812
BDQ-tBuCz,gas,stddft,S0S1,0.28411382331014423,0.8880759840324404,0.319920624381805,0.11192401596755956,0.680079375618195,1.462606047164868,0.682975856570986
BDQ-tBuCz,gas,stddft,S0T1,0.2323074756898536,0.9200558765780593,0.2524927904964522,0.0799441234219407,0.7475072095035478,1.285435927573698,0.7731697377090805
HITPE,gas,stda,S0S1,0.014228821326497106,0.9938106675573739,0.014317436701971867,0.006189332442626072,0.9856825632980286,0.2718701813281887,0.9925319749687116
HITPE,gas,stda,S0T1,0.011619379745079128,0.9941729609487204,0.011687483165897988,0.005827039051279705,0.9883125168341023,0.13917364075212824,0.9950047174650704
DCbz-Ph-Bz,gas,stda,S0T1,0.2066804288614128,0.7505264882870692,0.2753805922734595,0.2494735117129308,0.7246194077265405,1.1794350772159055,0.7348111840284308
DCbz-Ph-Bz,gas,stddft,S0T1,0.2058159441130428,0.7491067529932902,0.27474848316430317,0.2508932470067098,0.725251516835697,1.161878387548072,0.7375434415826547
9CzFDPEPO,gas,stddft,S0S1,0.025190058711404225,0.9998487145646563,0.02519387017702195,0.0001512854353437768,0.974806129822978,0.5696478845292229,0.7908257487854893
9CzFDPEPO,gas,stda,S0S1,0.026698364188765946,0.999856471258369,0.02670219672146016,0.00014352874163103813,0.9732978032785399,0.5828177360413377,0.7893364929295436
C-H,gas,stda,S0T1,0.24208806512138306,0.5078654550237427,0.4766775584491476,0.49213454497625736,0.5233224415508525,0.28545413797478797,0.9837350177650055
C-H,gas,stda,S0S1,0.2321397173042813,0.7083667751366213,0.3277111878369916,0.2916332248633789,0.6722888121630086,0.22674417653536563,0.797550737271086
HITPE,gas,stddft,S0T1,0.011151675182913805,0.9943425569426143,0.011215124108941656,0.005657443057385858,0.988784875891058,0.13724316066365955,0.9949396304825414
HITPE,gas,stddft,S0S1,0.014677163849357201,0.9935550836423526,0.014772370541903947,0.006444916357647577,0.985227629458096,0.2678990942368993,0.9924693821547443
DCbz-Ph-Bz,gas,stda,S0S1,0.30903233103856564,0.7481769120590851,0.41304713638926177,0.2518230879409149,0.5869528636107382,1.3025957687222667,0.8026438940332706
DCbz-Ph-Bz,gas,stddft,S0S1,0.30777503703832965,0.7486792769173537,0.4110906318999194,0.25132072308264636,0.5889093681000804,1.3195296855560765,0.8057201394770511
C-H,gas,stddft,S0T1,0.24436908088890297,0.5072205721154246,0.4817806972413052,0.4927794278845755,0.5182193027586948,0.23538847036167682,0.9860642713901848
C-H,gas,stddft,S0S1,0.24389048501823168,0.6900090777503376,0.35345982086699057,0.30999092224966235,0.6465401791330093,0.3739187129649929,0.8530902207615317
26DPXZBPy,gas,stda,S0S1,0.04719273871011141,0.43817804386318165,0.10770219861779987,0.5618219561368185,0.8922978013822004,2.712595499063587,0.4502222102806882
26DPXZBPy,gas,stda,S0T1,0.08280016704940434,0.555789279740843,0.14897762527555933,0.4442107202591574,0.8510223747244408,2.004547923952742,0.5158630818604338
26DPXZBPy,gas,stddft,S0S1,0.045167473838582335,0.38123822565919235,0.11847572147437221,0.6187617743408078,0.8815242785256278,2.543811050006919,0.45255874223741827
pSFIAc2,gas,stda,S0T1,0.030702005401456074,0.941201409707134,0.03262001637992592,0.05879859029286606,0.9673799836200742,0.42039260241596027,0.6993409682277115
26DPXZBPy,gas,stddft,S0T1,0.08277129235191868,0.5617169994570493,0.14735408120445825,0.43828300054295033,0.8526459187955417,1.970142930409773,0.5295231130971708
3DPTIA,gas,stda,S0T1,0.2757485585903366,0.5068498008973057,0.544043931954127,0.49315019910269436,0.4559560680458727,0.5211136285709353,0.6767252431557009
pSFIAc2,gas,stda,S0S1,0.021151737456537333,0.9910404810598977,0.02134296011189773,0.008959518940102128,0.9786570398881022,0.7773927177292738,0.7818535905489912
pCzAnN,gas,stda,S0S1,0.21494948866543243,0.6929231076279684,0.31020684156609074,0.3070768923720317,0.6897931584339093,0.02590959684303733,0.9946010487992203
3DPTIA,gas,stddft,S0T1,0.274752666736577,0.5062475174367658,0.5427239784358957,0.49375248256323395,0.45727602156410435,0.5181062767872143,0.6794826719703314
3DPTIA,gas,stda,S0S1,0.23131727956759177,0.48737505614424337,0.47461862615129646,0.5126249438557567,0.5253813738487033,0.511101526440176,0.7755795445457464
3DPTIA,gas,stddft,S0S1,0.23527354741602716,0.49447080352035494,0.4758087752421607,0.505529196479645,0.5241912247578394,0.498987845301798,0.7781982778487074
pSFIAc2,gas,stddft,S0T1,0.03042358431779096,0.9423064417927869,0.03228629559181248,0.05769355820721314,0.9677137044081873,0.4131492255733718,0.7007136944476724
pCzAnN,gas,stda,S0T1,0.21017770615770773,0.7063390112786497,0.2975592495977727,0.29366098872135016,0.7024407504022273,0.05784710272036503,0.9964031803999336
α-2CbPN,gas,stda,S0T1,0.23786500164626462,0.7690260692454121,0.30930681176993624,0.23097393075458783,0.6906931882300641,1.3432229160430766,0.75022814942173
pCzAnN,gas,stddft,S0S1,0.21695814881066988,0.6894732605447632,0.31467231758813674,0.31052673945523673,0.6853276824118633,0.04009727451067564,0.9954575250836578
α-2CbPN,gas,stda,S0S1,0.23784468424177524,0.7699740157785141,0.3088996243610799,0.2300259842214857,0.6911003756389201,1.4952215727679867,0.6269137419053299
pCzAnN,gas,stddft,S0T1,0.20854005303903672,0.7087186694888796,0.29424941378986613,0.2912813305111202,0.7057505862101339,0.06829194837456205,0.9964594456540632
pSFIAc2,gas,stddft,S0S1,0.018955755946176718,0.9905270818812667,0.019137039554915393,0.00947291811873323,0.9808629604450846,0.8082703236359223,0.7800010952092566
α-2CbPN,gas,stddft,S0S1,0.2604869298005869,0.7225249568118668,0.36052308967981195,0.2774750431881332,0.6394769103201882,0.4010037266933323,0.743264738144656
α-2CbPN,gas,stddft,S0T1,0.23654714208370334,0.7683308001561066,0.30787148196537556,0.23166919984389353,0.6921285180346245,1.295900548467206,0.766834335971243
TrisCz-Trz,gas,stda,S0S1,0.11567624463033153,0.9468839190268418,0.12216518023583882,0.05311608097315822,0.8778348197641612,1.9201632802220545,0.49610867592440694
DMAC-TRZ,gas,stda,S0S1,0.13494409806633514,0.6951896071819783,0.19411121321756342,0.30481039281802186,0.8058887867824367,4.421971169831531,0.34673836726870305
TrisCz-Trz,gas,stda,S0T1,0.03836955642140055,0.992896085409093,0.03864408066992381,0.00710391459090688,0.961355919330076,1.3801236858097594,0.676532649903977
TrisCz-Trz,gas,stddft,S0S1,0.10592031746191181,0.9565313354155937,0.11073376641225409,0.04346866458440629,0.8892662335877459,1.8688384158475229,0.5230652583611153
TrisCz-Trz,gas,stddft,S0T1,0.03585414209787664,0.9935955386017905,0.036085248680093086,0.006404461398209616,0.9639147513199072,1.3475618930823168,0.6840430152799691
DMAC-TRZ,gas,stddft,S0S1,0.13483205618687893,0.6951894335846163,0.1939500942809822,0.3048105664153838,0.8060499057190178,4.426431752327965,0.3458674369421955
PhCO-DMAC,gas,stda,S0S1,0.06434308036163335,0.6982999316214441,0.09214246980123496,0.3017000683785561,0.907857530198765,4.5230270058584106,0.3608924049198314
DMAC-TRZ,gas,stda,S0T1,0.13903547976975966,0.7034946007512058,0.19763546105584145,0.29650539924879427,0.8023645389441586,4.121982110557444,0.4427567556980403
PhCO-DMAC,gas,stddft,S0S1,0.06405716497820664,0.6982718227063615,0.09173671755783289,0.30172817729363854,0.908263282442167,4.530567635452378,0.35957220012629587
PhCO-DMAC,gas,stda,S0T1,0.06509282850183282,0.7139542305507848,0.09117227087738737,0.2860457694492153,0.9088277291226127,4.164402599928832,0.46247001439654334
PhCO-DMAC,gas,stddft,S0T1,0.0657437093184157,0.7171186980700278,0.0916775834953835,0.28288130192997224,0.9083224165046165,4.083489404926623,0.4801825822912057
ACRSA,gas,stda,S0S1,0.01896355425431717,0.7005506873279637,0.027069496322454336,0.29944931267203645,0.9729305036775457,3.9606387877827007,0.4331473206260799
DMAC-TRZ,gas,stddft,S0T1,0.3432742524994792,0.6704162421910929,0.5120315274247691,0.32958375780890714,0.48796847257523096,0.6646130312523912,0.769042506380337
ACRSA,gas,stda,S0T1,0.33736580171841063,0.6734073527128437,0.50098324640995,0.32659264728715653,0.4990167535900504,1.662223709982791,0.6926147918814827
ACRSA,gas,stddft,S0S1,0.018967805387354944,0.7005689630204082,0.027074858277446122,0.29943103697959184,0.9729251417225533,3.9600099912441347,0.43323742653078395
ACRSA,gas,stddft,S0T1,0.3367461441919552,0.6707331077713141,0.5020568394348122,0.32926689222868577,0.4979431605651882,1.621436160371301,0.6968020793980226
TPAPm,gas,stda,S0S1,0.10788043681532947,0.7940754013159954,0.13585666630214552,0.20592459868400453,0.8641433336978548,0.7432965543639027,0.6472974706487054
TPAPm,gas,stda,S0T1,0.08306077864502426,0.8188853430247708,0.10143151217998014,0.18111465697522927,0.89856848782002,1.1873508025274997,0.728687436491883
TPAPm,gas,stddft,S0S1,0.10622439325627887,0.7951284677457037,0.13359400092596274,0.2048715322542964,0.8664059990740373,0.7724250402095122,0.6449001241953235
TPAPm,gas,stddft,S0T1,0.08096907593599421,0.8265762201895848,0.09795718042484095,0.1734237798104154,0.9020428195751592,1.1651921321694803,0.7379958145008496
BDBTCz-Trz,gas,stda,S0T1,0.21546922170570962,0.8242902365470937,0.26139970140650737,0.17570976345290634,0.7386002985934925,1.7807868001150993,0.6682605691386502
BDBTCz-Trz,gas,stddft,S0T1,0.21568952937950844,0.8244948689056998,0.261602027512651,0.1755051310943002,0.7383979724873491,1.7645463741506504,0.6707499365905771
BDBTCz-Trz,gas,stda,S0S1,0.21158503964378517,0.7682156353052314,0.27542402148547407,0.23178436469476868,0.724575978514526,1.5331913013099758,0.722061310793859
BDBTCz-Trz,gas,stddft,S0S1,0.20911368420787266,0.7658292656501104,0.2730552273036427,0.2341707343498895,0.7269447726963574,1.5257304106374905,0.728723500898396
IQ-oTPA,gas,stda,S0S1,0.17697825994457586,0.5933928282850731,0.2982480601527482,0.40660717171492694,0.701751939847252,1.1734966943204093,0.8249480520321966
IQ-oTPA,gas,stda,S0T1,0.17679037756443672,0.5937066521735351,0.2977739543884418,0.406293347826465,0.7022260456115581,1.1804309624588532,0.8260219292804043
2CzTPE,gas,stda,S0S1,0.16414127807070553,0.8337769807613313,0.19686472744885117,0.16622301923866878,0.8031352725511488,0.6268860741731461,0.9672143796824737
2CzTPE,gas,stddft,S0S1,0.16667430622286059,0.8354645712034653,0.19949895180207405,0.16453542879653454,0.8005010481979258,0.6074154247232559,0.9630533665811826
2CzTPE,gas,stda,S0T1,0.14706052779854548,0.8336242360501606,0.176411051213363,0.16637576394983944,0.8235889487866367,0.2787900229327702,0.9919953954547022
2CzTPE,gas,stddft,S0T1,0.14051072403284198,0.8413933633793073,0.16699766143686418,0.15860663662069266,0.8330023385631361,0.2647706923080578,0.9922201374270384
IQ-oTPA,gas,stddft,S0T1,0.17692906513725873,0.5936421167858605,0.29803994719107985,0.4063578832141394,0.70196005280892,1.1791716389144753,0.8263713602885892
IQ-oTPA,gas,stddft,S0S1,0.17705821544380557,0.5933307358583784,0.2984140290451217,0.4066692641416216,0.7015859709548783,1.1722398907510554,0.8249562136259755
CPBPMCN,gas,stda,S0T1,0.030306151859196263,0.9959247164258199,0.03043016340427733,0.004075283574179995,0.9695698365957227,0.9506892830031015,0.6766846161823522
2PXZ-OXD,gas,stda,S0S1,0.1347783934541577,0.7393843575827533,0.1822846156696966,0.2606156424172468,0.8177153843303036,1.1987281010252542,0.4983130408732067
2PXZ-OXD,gas,stda,S0T1,0.13660812517365228,0.7583279329736097,0.18014386551471834,0.24167206702639044,0.8198561344852816,1.1524788480243657,0.5522529079247729
CPBPMCN,gas,stddft,S0T1,0.029953757300977293,0.9960954962420135,0.030071170298414503,0.0039045037579863526,0.9699288297015856,0.9422451645188256,0.681363640927222
2PXZ-OXD,gas,stddft,S0S1,0.13753995899956717,0.7698835007541313,0.17865035276745295,0.23011649924586877,0.821349647232547,1.5429893235821415,0.49551091871084973
CPBPMCN,gas,stda,S0S1,0.07484602176711473,0.9574971908869054,0.07816839827779208,0.04250280911309454,0.9218316017222081,0.8290894867559375,0.6937913822935973
2PXZ-OXD,gas,stddft,S0T1,0.13724698459535792,0.7607282014607057,0.18041527096251236,0.23927179853929426,0.8195847290374875,1.1449043336518265,0.5645980140540162
CPBPMCN,gas,stddft,S0S1,0.0744355951753263,0.07963578730434565,0.9347003111911776,0.9203642126956544,0.06529968880882242,0.27198978079560976,0.7407324139700173
pDTPA-DTPZ,gas,stda,S0T1,0.23733463935311627,0.45288587017909426,0.5240495563689412,0.5471141298209056,0.47595044363105854,1.3785203217956181,0.8622361753243954
pDTPA-DTPZ,gas,stda,S0S1,0.20128201404853713,0.383889172362368,0.5243232384229352,0.6161108276376321,0.47567676157706484,1.6023892225357654,0.7980778375182355
pDTPA-DTPZ,gas,stddft,S0S1,0.18780566582506433,0.3541025467199307,0.5303708419064406,0.6458974532800693,0.46962915809355976,1.6162935273818468,0.7950041717194916
CPBzFC,gas,stda,S0T1,0.27136746881454255,0.6666381090508572,0.40706864058658276,0.3333618909491427,0.592931359413417,0.2081682765639111,0.8709079499576091
pDTPA-DTPZ,gas,stddft,S0T1,0.24032407473520045,0.45992624126524273,0.5225274254282087,0.5400737587347576,0.47747257457179115,1.3145556276505574,0.871088893718138
CPBzFC,gas,stda,S0S1,0.21163807644378746,0.6737365820407103,0.31412584990226833,0.32626341795928965,0.6858741500977318,0.7832911623472184,0.752681380901864
CPBzFC,gas,stddft,S0T1,0.2688977777567419,0.6662749503062112,0.40358380220231904,0.3337250496937888,0.5964161977976808,0.19681565154670388,0.8738535578227432
DVCz-2CzCN,gas,stddft,S0T1,0.2116776514230841,0.6892661449164209,0.30710582985147444,0.310733855083579,0.6928941701485256,0.6501420406254221,0.7120252524211761
CPBzFC,gas,stddft,S0S1,0.21429248991787248,0.6132245704576923,0.34945189778995817,0.38677542954230776,0.6505481022100419,0.614717331126369,0.7846612773901471
DVCz-2CzCN,gas,stda,S0T1,0.21112940462519583,0.6924104810350773,0.3049194233882489,0.3075895189649227,0.6950805766117512,0.6406205423294395,0.7091592992130015
t-DABNA,gas,stda,S0T1,0.08147856250670224,0.9745403053408632,0.08360717567058823,0.02545969465913674,0.9163928243294119,1.331660499766352,0.604845813170185
t-DABNA,gas,stda,S0S1,0.057207651755505,0.9739483006027823,0.058737873170576764,0.026051699397217687,0.9412621268294233,2.4786276251058634,0.5702638591754541
Yad,gas,stda,S0T1,0.1302496034201448,0.7286898998513818,0.17874490019239947,0.27131010014861845,0.8212550998076006,1.888160173454256,0.6716416539806837
DVCz-2CzCN,gas,stda,S0S1,0.20324731899323606,0.695823287799792,0.2920961723427056,0.30417671220020803,0.7079038276572946,0.6388548520342199,0.6984217200832608
t-DABNA,gas,stddft,S0T1,0.08417499598308535,0.9746361301690815,0.0863655608257438,0.025363869830918366,0.9136344391742562,1.212173691889984,0.6082644105068336
Yad,gas,stda,S0S1,0.13540981307747244,0.7221298440753331,0.18751449505713322,0.27787015592466696,0.8124855049428669,2.324037295976992,0.6143906203940459
t-DABNA,gas,stddft,S0S1,0.10779949512054018,0.6051476687926322,0.17813750375279092,0.3948523312073678,0.8218624962472092,1.325887544925288,0.5378081293939694
DVCz-2CzCN,gas,stddft,S0S1,0.1986008638286979,0.6941381094406903,0.2861114540861657,0.3058618905593097,0.7138885459138341,0.7445128029777568,0.693580790044104
Yad,gas,stddft,S0S1,0.1731621205869476,0.8288501182570251,0.2089184965685802,0.17114988174297482,0.7910815034314197,0.9254389430477885,0.581109116463207
m-PO-ABN,gas,stda,S0S1,0.20968273818623692,0.6872487987962405,0.3051045539162956,0.3127512012037595,0.694895446083704,0.06324502001589677,0.9915984992375414
m-PO-ABN,gas,stda,S0T1,0.2076686453085197,0.7055079235876967,0.2943533847961183,0.29449207641230346,0.7056466152038819,0.06881006597814074,0.9962003302827387
m-PO-ABN,gas,stddft,S0S1,0.21149460081347485,0.6851232636579059,0.3086956932162762,0.31487673634209423,0.6913043067837236,0.0586654472124074,0.9918993460651351
Yad,gas,stddft,S0T1,0.12960268039564246,0.7292847088722217,0.17771204965487655,0.27071529112777826,0.8222879503451234,1.826455823468312,0.6814073951707184
SBTF,gas,stda,S0S1,0.14733937665662006,0.7277524307128299,0.2024581031111114,0.27224756928717014,0.7975418968888889,0.4788683772182393,0.9813321748369283
SBTF,gas,stddft,S0S1,0.1486566477638095,0.7216857127428623,0.20598529961029738,0.2783142872571378,0.7940147003897028,0.49941897527491885,0.9809012963487141
m-PO-ABN,gas,stddft,S0T1,0.2064193651141183,0.7081962375940949,0.2914719877860016,0.2918037624059052,0.7085280122139983,0.07479563984678943,0.9964150736742355
SBTF,gas,stda,S0T1,0.1510378851712907,0.8306182805423211,0.18183790160827684,0.16938171945767866,0.8181620983917233,0.19184376662785085,0.9866922458168305
SBTF,gas,stddft,S0T1,0.14859992534270078,0.8360273190858531,0.1777452984493211,0.16397268091414677,0.8222547015506787,0.17462800871153977,0.9866527141909083
DDPhCz-DCPP,gas,stda,S0S1,0.26079865249024076,0.663840195800859,0.3928636050361675,0.3361598041991411,0.6071363949638325,1.1497867102997137,0.6306373282241371
DDPhCz-DCPP,gas,stda,S0T1,0.1894966097228341,0.7678081638595322,0.24680202509217114,0.23219183614046793,0.7531979749078288,0.5921814073080857,0.7271670968974435
DDPhCz-DCPP,gas,stddft,S0T1,0.18692208974588242,0.7702784500147282,0.24266820620816845,0.22972154998527186,0.7573317937918319,0.6009947245138819,0.7398249875791216
2BFCzPy,gas,stda,S0T1,0.021925874467733742,0.9962428870078748,0.02200856312619317,0.0037571129921252066,0.9779914368738067,0.4871624831604928,0.7381213815485231
2BFCzPy,gas,stda,S0S1,0.15492815368037302,0.18674019408469875,0.8296454571001629,0.8132598059153012,0.17035454289983698,1.3100018896726067,0.7037589503789282
DDPhCz-DCPP,gas,stddft,S0S1,0.25596822390493107,0.6643851808823698,0.3852708207082219,0.3356148191176303,0.6147291792917782,1.104561274944988,0.6283313136191604
SiCz1Py3,gas,stda,S0T1,0.30451675450056287,0.3335689166361344,0.9129050679285493,0.6664310833638657,0.08709493207145076,1.7651201342570946,0.6657688008751353
2BFCzPy,gas,stddft,S0T1,0.021981370902770515,0.9963806810025927,0.022061217486324704,0.0036193189974072434,0.9779387825136753,0.49863676024901094,0.7417483085965081
2BFCzPy,gas,stddft,S0S1,0.15233490305735195,0.18410272603265315,0.8274451244699834,0.8158972739673469,0.17255487553001617,1.3332218120219541,0.7095309660183762
SiCz1Py3,gas,stddft,S0T1,0.2999954769851493,0.32839318024960384,0.9135252953704149,0.6716068197503964,0.08647470462958512,1.7193107981854332,0.6685944223617153
SiCz1Py3,gas,stda,S0S1,0.052835358572952164,0.06309955643518801,0.8373332802619841,0.936900443564812,0.16266671973801594,0.6951260796242462,0.7672732915780139
tDMAC-BN,gas,stda,S0S1,0.01663937747130365,0.9884547005598568,0.016833727900610086,0.011545299440143191,0.98316627209939,2.940696683408268,0.5851370381466331
SiCz1Py3,gas,stddft,S0S1,0.05099442806032535,0.061080927229421204,0.8348666330618925,0.9389190727705788,0.16513336693810754,0.6737298965238483,0.7683889266840718
tDMAC-BN,gas,stda,S0T1,0.014688026528075547,0.9887833178093242,0.014854646375524682,0.011216682190675765,0.9851453536244754,2.417167393189852,0.594212775743992
POBBPE,gas,stda,S0T1,0.43865180453141117,0.8356409970872603,0.524928535172869,0.16435900291273975,0.4750714648271311,1.7456478325695817,0.5846382125272437
POBBPE,gas,stda,S0S1,0.08038238969122548,0.5059976748443807,0.1588592076355826,0.49400232515561926,0.8411407923644173,1.9072183598582881,0.5491050411394748
tDMAC-BN,gas,stddft,S0S1,0.016685084733278763,0.9883997985629172,0.01688090665086944,0.011600201437082886,0.9831190933491307,2.929880183113309,0.5829284852520134
tDMAC-BN,gas,stddft,S0T1,0.014472825906817225,0.9888840829296325,0.014635513056232587,0.011115917070367604,0.9853644869437674,2.349664168057505,0.5959841739642708
ImPy-2,gas,stda,S0S1,0.4367314732103687,0.7884509897264491,0.5539107425838751,0.2115490102735508,0.44608925741612504,1.82885500073815,0.683583650674493
ImPy-2,gas,stda,S0T1,0.36536959957853876,0.7220294469857043,0.5060314383351914,0.2779705530142957,0.4939685616648085,1.1490988411874623,0.7853566022061188
POBBPE,gas,stddft,S0T1,0.4382504443024056,0.8350900493258536,0.5247942358506053,0.16490995067414638,0.4752057641493945,1.7320629999616612,0.5849073192356969
POBBPE,gas,stddft,S0S1,0.07961422535530754,0.5047843031524593,0.15771929685234642,0.49521569684754096,0.8422807031476537,1.934189804133053,0.5495785992966662
ImPy-2,gas,stddft,S0S1,0.438209473186225,0.7904618119311934,0.5543714656064491,0.2095381880688069,0.4456285343935508,1.840550467232292,0.6787438681482472
ImPy-2,gas,stddft,S0T1,0.358141156097382,0.7124566526581816,0.5026848367001058,0.28754334734181847,0.49731516329989417,1.0779652341857502,0.7950992497384137
Fens,gas,stddft,S0T1,0.12698470163311312,0.8221374294930874,0.15445678189279036,0.17786257050691287,0.8455432181072094,1.8725575150736486,0.7020009777334177
Fens,gas,stddft,S0S1,0.05663664956157592,0.49723398780210504,0.11390341559699824,0.502766012197895,0.8860965844030017,2.0702153129050864,0.4447308524922353
Fens,gas,stda,S0S1,0.052983354323142245,0.4748134780691692,0.11158772185364084,0.5251865219308309,0.8884122781463594,2.157692180984715,0.41401016321896317
Fens,gas,stda,S0T1,0.12710691964888401,0.8264289929528846,0.15380259009878477,0.1735710070471153,0.8461974099012154,1.9232977171693533,0.6912938697719622
DTXO-TPA2,gas,stda,S0T1,0.02601197104154389,0.9931456556570324,0.026191496577946796,0.006854344342967503,0.9738085034220533,1.3709286285220479,0.7984401793487895
DTXO-TPA2,gas,stddft,S0T1,0.025719968177002308,0.9936133919531306,0.02588528736156118,0.006386608046869426,0.9741147126384387,1.2694779513341514,0.8197710749774092
DTXO-TPA2,gas,stda,S0S1,0.4763858877771804,0.7985989612338543,0.5965270566357272,0.20140103876614565,0.4034729433642727,2.314156535082088,0.5708373350807993
FDQPXZ,gas,stda,S0S1,0.01949900299284891,0.4419540637728002,0.044119976692584405,0.5580459362271997,0.9558800233074156,1.744558723083488,0.4615058915589179
DTXO-TPA2,gas,stddft,S0S1,0.4813619602399034,0.7959601533513474,0.6047563539621359,0.2040398466486525,0.39524364603786416,2.3204609872623165,0.5727207877738191
3DMAC-BP-Br,gas,stda,S0S1,0.2644042804474442,0.6930104446278401,0.3815300079487754,0.30698955537216,0.6184699920512247,4.965080013466418,0.32838281655342105
3DMAC-BP-Br,gas,stda,S0T1,0.26430948000374377,0.6901305638804484,0.3829847478679849,0.3098694361195514,0.6170152521320151,4.597480191300097,0.4380266316744511
FDQPXZ,gas,stda,S0T1,0.020647649124921664,0.4810200991405806,0.04292471179855477,0.5189799008594197,0.9570752882014452,1.6099493745777849,0.5253407918502901
3DMAC-BP-Br,gas,stddft,S0S1,0.264726114824224,0.6929290914262096,0.38203925639686437,0.30707090857379027,0.6179607436031358,4.964726426024044,0.330019282465854
3DMAC-BP-Br,gas,stddft,S0T1,0.26429352475775875,0.6885393891425003,0.3838466308905103,0.31146061085749976,0.6161533691094897,4.471722901324479,0.466304616624432
FDQPXZ,gas,stddft,S0S1,0.019130643533755407,0.44216382825413925,0.0432659623228154,0.5578361717458608,0.9567340376771845,1.7568056522213544,0.46064718467072724
FDQPXZ,gas,stddft,S0T1,0.02089642149636561,0.49150680157710747,0.04251501999426021,0.5084931984228924,0.9574849800057397,1.5843115017602734,0.5418352731211677
ACID–BPPZ,gas,stda,S0S1,0.06839918635160958,0.6141572129586651,0.11137081012547366,0.38584278704133473,0.8886291898745263,3.621747661455698,0.45421346389170775
ACID–BPPZ,gas,stda,S0T1,0.2831841963564668,0.28785776765218396,0.9837643036912446,0.7121422323478159,0.016235696308755238,1.3669531021423968,0.6720722366547358
ACID–BPPZ,gas,stddft,S0T1,0.2725949835224262,0.2769357472774694,0.9843257369345892,0.7230642527225308,0.01567426306541092,1.323752986828414,0.6767335840212584
3Py-DMAC,gas,stda,S0S1,0.14257330249080272,0.6959109870284182,0.20487290062713234,0.30408901297158164,0.795127099372868,4.428870972764741,0.3927273623375832
ACID–BPPZ,gas,stddft,S0S1,0.03732809443433048,0.041263530995287456,0.9046267620333698,0.9587364690047125,0.09537323796663054,1.8354123970427807,0.7032906353906428
3Py-DMAC,gas,stda,S0T1,0.33906333004584255,0.6749871077406043,0.5023256387530051,0.3250128922593958,0.4976743612469954,0.8331839289853687,0.7743151103691143
3Py-DMAC,gas,stddft,S0S1,0.14235541040623395,0.6958602760227848,0.20457470459424928,0.30413972397721545,0.7954252954057508,4.4399454772919755,0.3905832959159822
PXZ-NAI,gas,stda,S0S1,0.2635998702339448,0.9681863893010176,0.2722614913273577,0.03181361069898218,0.7277385086726422,3.724526507147405,0.4566890378997861
3Py-DMAC,gas,stddft,S0T1,0.3420003617349176,0.6701004292237079,0.5103717992407723,0.3298995707762919,0.4896282007592281,0.8482063792687861,0.7741420165314175
PXZ-NAI,gas,stda,S0T1,0.27719186041537264,0.945354879379996,0.2932146080392232,0.0546451206200037,0.7067853919607767,3.5068193313049436,0.49450272242904614
PXZ-NAI,gas,stddft,S0S1,0.26271771180723646,0.9680416681421503,0.271390912657138,0.031958331857849805,0.7286090873428619,3.7301343731703707,0.45512377747142174
TPA-DCPP,gas,stda,S0T1,0.1850391364418939,0.7063192540563068,0.2619766279614159,0.2936807459436932,0.7380233720385843,0.5969185017389786,0.7381131412343208
TPA-DCPP,gas,stda,S0S1,0.21463228212454963,0.7368331258758879,0.2912902183508811,0.26316687412411205,0.7087097816491189,0.19533852913932237,0.7262708351309131
TPA-DCPP,gas,stddft,S0T1,0.18504951467656672,0.7076091225857457,0.26151374928627075,0.2923908774142543,0.7384862507137293,0.5529171670906513,0.7460065304323863
TPA-DCPP,gas,stddft,S0S1,0.21383863926220567,0.7415443060726373,0.28836933614221466,0.25845569392736273,0.7116306638577853,0.1915188371513158,0.7236471402950009
PXZ-NAI,gas,stddft,S0T1,0.2795760691514218,0.9377310907748455,0.29814098295536795,0.06226890922515421,0.701859017044632,3.425787081791295,0.5109292564484154
SFPC,gas,stda,S0S1,0.018177398154628557,0.9941856894017997,0.018283705296106078,0.00581431059820032,0.9817162947038939,1.1118871302177302,0.6477104834043186
BTaz-Ar-PXZ,gas,stda,S0S1,0.29004789468166353,0.9407145509180073,0.3083272119035651,0.05928544908199286,0.6916727880964346,3.9490086257861714,0.46331099424272776
SFPC,gas,stda,S0T1,0.020341467590744226,0.9946409174214733,0.020451066545178784,0.005359082578526751,0.9795489334548212,1.3565873378705144,0.7011884866375468
SFPC,gas,stddft,S0S1,0.018315611964108656,0.994113474574568,0.018424065695263656,0.005886525425431819,0.9815759343047363,1.136429326451045,0.6405099328880703
SFPC,gas,stddft,S0T1,0.020340799770783773,0.994738975555111,0.020448379193579554,0.0052610244448890245,0.9795516208064203,1.3339137323890555,0.7086334158696218
BTaz-Ar-PXZ,gas,stda,S0T1,0.019470665081694802,0.9711528804419717,0.020049021604954413,0.02884711955802799,0.9799509783950456,0.8745928825488761,0.7032371646422649
BTaz-Ar-PXZ,gas,stddft,S0S1,0.2910956437932879,0.941748162435398,0.3091013663785688,0.0582518375646017,0.6908986336214312,3.97604236785137,0.4595052168038681
BTaz-Ar-PXZ,gas,stddft,S0T1,0.018960514099525504,0.971856541080333,0.019509581196468215,0.028143458919666974,0.9804904188035318,0.8470001469096996,0.7060201292783904
PSPP,gas,stda,S0T1,0.3100694829371445,0.47932115008663934,0.6468929711970735,0.5206788499133608,0.35310702880292655,0.8730686747006964,0.716250550120807
PSPP,gas,stda,S0S1,0.33609517169886616,0.48543580484290483,0.6923576059817677,0.5145641951570952,0.30764239401823223,1.0360321750863721,0.6783865690338672
poCz-SO,gas,stda,S0T1,0.3681414944751643,0.7652700646878438,0.48106088485942605,0.23472993531215627,0.5189391151405738,1.7914444147314645,0.6831632342413908
poCz-SO,gas,stddft,S0T1,0.3685528107415925,0.7661581864209162,0.4810401001694903,0.23384181357908385,0.5189598998305096,1.7930331850795898,0.6860522888011323
PSPP,gas,stddft,S0T1,0.3086183311641647,0.47876236273699446,0.644616943988353,0.5212376372630053,0.355383056011647,0.8580304343752271,0.7235888045347711
PSPP,gas,stddft,S0S1,0.3372565165161991,0.48651166372914934,0.6932136301339662,0.5134883362708508,0.30678636986603386,1.0428528014671532,0.672229097110958
poCz-SO,gas,stda,S0S1,0.11704629222671402,0.5277906368584648,0.22176651886702906,0.47220936314153505,0.7782334811329712,1.856757415863991,0.7743754638137145
poCz-SO,gas,stddft,S0S1,0.11630031851360764,0.5222024298789348,0.22271117838453988,0.4777975701210651,0.7772888216154601,1.8866950400164693,0.7748576743350448
Py-TPA,gas,stda,S0S1,0.07475254727727154,0.9659350083061509,0.07738879596915789,0.034064991693849356,0.9226112040308422,0.4961505872182422,0.8943095351941576
Py-TPA,gas,stddft,S0S1,0.07831921780181939,0.9310211426344153,0.08412184666419874,0.0689788573655849,0.9158781533358014,0.4009039588291671,0.8692292053847113
Py-TPA,gas,stda,S0T1,0.07853452828513696,0.8806157353598374,0.08918138199409549,0.11938426464016244,0.9108186180059044,1.682394832468974,0.776427325473203
IPTAC,gas,stda,S0T1,0.0648195832970221,0.9503427098867091,0.06820653499278095,0.04965729011329106,0.931793465007219,1.1576112887524903,0.9232832162789166
Py-TPA,gas,stddft,S0T1,0.07812587236425281,0.8919992508410817,0.08758513226394143,0.10800074915891845,0.9124148677360587,1.4697229038738706,0.7950415988453999
IPTAC,gas,stddft,S0T1,0.06193982590677751,0.9507430480544516,0.06514886018207314,0.04925695194554831,0.9348511398179269,1.0433436945228527,0.9334218600763078
IPTAC,gas,stda,S0S1,0.023904748466712058,0.9895297234685884,0.02415768612075541,0.010470276531411563,0.9758423138792445,0.16054318989884406,0.835968004638953
IPTAC,gas,stddft,S0S1,0.02138545635243916,0.991715021348909,0.021564114581375533,0.008284978651091094,0.9784358854186243,0.10768389534431104,0.8512587489663364
mAP,gas,stda,S0S1,0.42851227501641354,0.8091320781799446,0.5295949654848757,0.19086792182005538,0.47040503451512444,1.2384141335693624,0.524912765764036
mAP,gas,stddft,S0S1,0.059895401104169174,0.9663227857882972,0.06198280945565027,0.033677214211702604,0.9380171905443501,0.9964394816206948,0.6575410740461093
mAP,gas,stda,S0T1,0.3471360208633009,0.6747898321249274,0.5144357610875112,0.3252101678750726,0.48556423891248857,0.7452135173067556,0.7693136912389602
mAP,gas,stddft,S0T1,0.3457199460458488,0.6722349889729191,0.5142843673966755,0.327765011027081,0.4857156326033245,0.7288517548047524,0.773496558138115
2tCz2CzBn,gas,stda,S0S1,0.17707831656243617,0.7188741327018572,0.24632728944759077,0.28112586729814293,0.7536727105524093,1.6516980562743724,0.5401181145076864
2tCz2CzBn,gas,stda,S0T1,0.17496569545351578,0.7317576176498942,0.23910334683694026,0.2682423823501059,0.7608966531630594,1.7250531745895803,0.5815528467876548
3-DTPA-BBI,gas,stda,S0S1,0.1784809789400388,0.5385659634741626,0.3314004059757135,0.46143403652583737,0.6685995940242864,2.3118572767525127,0.7667569025876979
3-DTPA-BBI,gas,stda,S0T1,0.19065030122806012,0.5353844701772317,0.3560997971512845,0.4646155298227682,0.6439002028487153,0.8126168522362807,0.8881044451295768
3-DTPA-BBI,gas,stddft,S0S1,0.17516022497139558,0.5323914612070008,0.32900645058109035,0.46760853879299974,0.6709935494189097,2.1703824903473365,0.7764536373356399
3-DTPA-BBI,gas,stddft,S0T1,0.19262412810602786,0.5370665440332077,0.35865970473505715,0.46293345596679225,0.6413402952649426,0.6794609210286819,0.8966741286354437
2tCz2CzBn,gas,stddft,S0T1,0.1742787390677867,0.732777675347234,0.23783303576381878,0.2672223246527661,0.7621669642361811,1.7310395926288387,0.587657233022278
diarylbiindole,gas,stda,S0S1,0.24522664189850105,0.8731889933105862,0.28084028060037164,0.12681100668941384,0.7191597193996283,0.5578438919435518,0.6629088413985439
diarylbiindole,gas,stda,S0T1,0.14288108546829248,0.8494972363504314,0.16819487969393665,0.15050276364956874,0.8318051203060638,0.021480495265910664,0.9924535322095521
diarylbiindole,gas,stddft,S0T1,0.14189052763884358,0.8513712127515345,0.16666117612817752,0.14862878724846543,0.8333388238718225,0.02067528379836003,0.9922842809119237
2tCz2CzBn,gas,stddft,S0S1,0.2204156228028971,0.8762598164207918,0.2515414020732072,0.12374018357920816,0.7484585979267928,1.7981071542272964,0.6625531190119234
diarylbiindole,gas,stddft,S0S1,0.18634145994142995,0.7872337839515723,0.23670409443821963,0.21276621604842777,0.7632959055617802,0.22518483376344228,0.9738135902750793
DDCzTrz,gas,stda,S0S1,0.19676196071236723,0.46386981119147813,0.42417496453794235,0.5361301888085218,0.5758250354620579,0.9802822611515751,0.5073120162265237
4PyCNICz,gas,stda,S0S1,0.22210241906320505,0.5084753395218929,0.4368007684935961,0.49152466047810717,0.5631992315064039,2.1324932461963275,0.5907818723638878
4PyCNICz,gas,stda,S0T1,0.25649300386107715,0.49094436383127493,0.522448209527113,0.509055636168725,0.4775517904728869,0.7174238336853025,0.725671457603323
DDCzTrz,gas,stddft,S0S1,0.2635036412548985,0.5062933854005421,0.5204564168785926,0.49370661459945797,0.47954358312140727,2.2948240982854364,0.5911897850638513
4PyCNICz,gas,stddft,S0T1,0.25675059396599,0.4995109706802776,0.5140039139006789,0.5004890293197224,0.48599608609932127,0.6295796654087455,0.7346313884190611
IQ-Se,gas,stda,S0S1,0.15600603492366896,0.6966400730702842,0.22394065594892856,0.3033599269297157,0.7760593440510712,0.920832463103195,0.700200388836491
IQ-Se,gas,stda,S0T1,0.03069316593643857,0.9594013917094228,0.03199199646953891,0.04059860829057713,0.9680080035304611,1.0298988461704666,0.8442993366149459
4PyCNICz,gas,stddft,S0S1,0.22284638809431823,0.5065310016690906,0.43994619748842256,0.49346899833090946,0.5600538025115773,1.9828247870384295,0.6116391506599413
DDCzTrz,gas,stda,S0T1,0.14608160321676109,0.35723187109779164,0.4089265685277322,0.6427681289022081,0.5910734314722679,1.9532324348168704,0.6771693233466206
IQ-Se,gas,stddft,S0T1,0.03094287600505546,0.9606731656090812,0.03220957669348161,0.039326834390918795,0.9677904233065183,0.9288987898612234,0.8524955714307882
BBCz,gas,stda,S0T1,0.3675796422250317,0.7390669512430078,0.4973563512842969,0.26093304875699214,0.5026436487157031,1.6182602933404677,0.7643926182552303
BBCz,gas,stda,S0S1,0.1959706708732115,0.7418190105972664,0.2641758543171172,0.2581809894027337,0.7358241456828828,0.43799569410588934,0.6253907976912119
BBCz,gas,stddft,S0S1,0.1950982302023915,0.735044260784752,0.2654237854929983,0.26495573921524795,0.7345762145070018,0.49671904723800797,0.6253291754478474
IQ-Se,gas,stddft,S0S1,0.14609676938023736,0.691509118662316,0.21127236855943854,0.30849088133768404,0.7887276314405612,0.8692569746787107,0.7056420864942843
BBCz,gas,stddft,S0T1,0.16150074169793444,0.7693151008402503,0.209927949576893,0.23068489915974966,0.7900720504231069,0.1682394342526572,0.8358558535981471
Xp-mCP,gas,stda,S0T1,0.10971691797801643,0.7500545935443209,0.14627857614944828,0.2499454064556791,0.8537214238505517,1.0252137579489644,0.7187927657958046
DDCzTrz,gas,stddft,S0T1,0.11723529174119135,0.1632770063395942,0.7180147062309419,0.8367229936604059,0.2819852937690581,1.5645565016418022,0.6939754859866045
Xp-mCP,gas,stddft,S0S1,0.19179617704446847,0.6475230793556185,0.2961997543552179,0.3524769206443816,0.7038002456447822,1.8551568161749143,0.7376960143769457
Xp-mCP,gas,stddft,S0T1,0.19616104691678934,0.7489451838089058,0.2619164274736027,0.25105481619109427,0.7380835725263973,2.117460341434504,0.6422105757099211
bpipH,gas,stda,S0S1,0.26015484660152477,0.5133998908705883,0.5067294544226958,0.48660010912941165,0.49327054557730426,0.8471141964529614,0.7277251219341652
iTPBI-CN,gas,stda,S0S1,0.363197421101707,0.8124680351698209,0.4470297973332477,0.187531964830179,0.5529702026667523,0.8683402061631078,0.6620129869801378
bpipH,gas,stda,S0T1,0.27609465422042595,0.6208874305593246,0.4446774739371143,0.3791125694406753,0.5553225260628858,0.3502918805101452,0.7889650968255314
Xp-mCP,gas,stda,S0S1,0.06795061024133521,0.9587464501369265,0.07087443216257085,0.041253549863073675,0.9291255678374291,0.7491222898487748,0.7554757136824489
bpipH,gas,stddft,S0T1,0.2792317657524034,0.6220893342474991,0.4488612010848439,0.37791066575250076,0.551138798915156,0.37508825867170037,0.7969269313083834
iTPBI-CN,gas,stddft,S0S1,0.3656154084242051,0.8101545196541015,0.4512909569156091,0.1898454803458985,0.5487090430843908,0.8817454486353452,0.6644302721185857
bpipH,gas,stddft,S0S1,0.25326250607437195,0.5113883058516949,0.49524500888336564,0.48861169414830513,0.5047549911166345,0.8093718057586771,0.7244284972704659
iTPBI-CN,gas,stda,S0T1,0.13909122142528754,0.8470377851878654,0.16420899263004937,0.15296221481213457,0.8357910073699505,0.15217742342890664,0.8171234966993703
DMPA,gas,stda,S0S1,0.17563751932379562,0.806456704524314,0.2177891489257255,0.1935432954756858,0.7822108510742743,0.13626502244164274,0.9611744714273778
DMPA,gas,stda,S0T1,0.1646814095612555,0.8094400522681109,0.20345102654582758,0.1905599477318889,0.7965489734541722,0.03506463635755217,0.9888482088789394
DMPA,gas,stddft,S0S1,0.17728588538383697,0.8040369157102653,0.22049470853863376,0.19596308428973494,0.7795052914613663,0.1244159868628137,0.9650334139268992
DMPA,gas,stddft,S0T1,0.16276479512943107,0.8106223013408446,0.2007899299836718,0.18937769865915563,0.799210070016328,0.034080253634059914,0.9902835829404274
α-DMAC-DBP,gas,stda,S0S1,0.22382792708993787,0.700108130073297,0.31970479626697734,0.29989186992670297,0.6802952037330227,2.7351395437238843,0.4890865277258363
α-DMAC-DBP,gas,stda,S0T1,0.21595459858380747,0.7250195280659822,0.29786038889169614,0.27498047193401753,0.7021396111083039,2.5544781957605096,0.5377704199617466
iTPBI-CN,gas,stddft,S0T1,0.1450173547890094,0.8380717738776664,0.17303691558305317,0.16192822612233362,0.8269630844169468,0.15838940592073372,0.8178315708357192
α-DMAC-DBP,gas,stddft,S0S1,0.22492931189507642,0.7005555158299246,0.321072786970509,0.2994444841700753,0.6789272130294909,2.736182768676289,0.4882371405695215
α-DMAC-DBP,gas,stddft,S0T1,0.2136575988157474,0.7298772239861817,0.29273087554214794,0.27012277601381884,0.7072691244578523,2.4867912749464165,0.5572671389082381
PT-BZ-DMAC,gas,stda,S0S1,0.11655408779671238,0.6969008794043913,0.16724629174858516,0.3030991205956086,0.8327537082514149,4.764580713451507,0.34210633361770526
PT-BZ-DMAC,gas,stda,S0T1,0.33948270129590424,0.674121557039276,0.5035927092836242,0.32587844296072405,0.49640729071637596,0.8089481944013243,0.7733049090800233
PT-BZ-DMAC,gas,stddft,S0S1,0.1163569508649909,0.6968137291499937,0.16698429723382258,0.30318627085000616,0.8330157027661774,4.772162886899041,0.3404991030221176
BACH,gas,stda,S0T1,0.35090030091807894,0.6275214325529708,0.5591845675939658,0.372478567447029,0.4408154324060341,1.87963169112386,0.76243517906092
BACH,gas,stda,S0S1,0.422876505549294,0.7288054060180548,0.5802323940758722,0.27119459398194523,0.4197676059241278,2.4431435614204866,0.6429326816374076
PT-BZ-DMAC,gas,stddft,S0T1,0.33868371129461966,0.6715471698997334,0.5043334652801641,0.3284528301002668,0.495666534719836,0.8000319114153231,0.7772425966290988
BACH,gas,stddft,S0T1,0.3415179041824841,0.6116206926026371,0.5583818669201965,0.3883793073973629,0.4416181330798034,1.7828484187788851,0.7795289267379428
BACH,gas,stddft,S0S1,0.18346136433738938,0.5215061186060975,0.3517913937956323,0.47849388139390236,0.6482086062043679,0.7073524698234324,0.7031900052364305
Fene,gas,stddft,S0S1,0.06389336026307509,0.5085614888325141,0.1256354672268888,0.49143851116748605,0.8743645327731113,2.2117693533953053,0.48077543221549723
Fene,gas,stddft,S0T1,0.10911102471602624,0.7359750459024367,0.14825370143119004,0.26402495409756366,0.8517462985688101,1.6634070437352875,0.6943064487053264
Fene,gas,stda,S0S1,0.06298407572404308,0.5044926397512786,0.12484637190166946,0.4955073602487213,0.8751536280983307,2.2314732618605397,0.4751757789508475
Fene,gas,stda,S0T1,0.10440841771793591,0.7165949913990913,0.14570073607978654,0.2834050086009085,0.8542992639202135,1.6564276090992274,0.6764555224545838
2Mi2SB,gas,stda,S0T1,0.046951001882030545,0.9905748754342459,0.04739773140465356,0.009425124565754192,0.9526022685953468,0.6251312268070178,0.795993534624321
BTPO,gas,stda,S0S1,0.0653768301518911,0.8092936916126235,0.08078257723919632,0.19070630838737637,0.9192174227608036,0.5651820666240149,0.6274667102283884
2Mi2SB,gas,stddft,S0T1,0.046633290192973915,0.9915818938734466,0.04702918687916827,0.008418106126553361,0.9529708131208314,0.6321027671326297,0.7945971226587413
BTPO,gas,stda,S0T1,0.03999223938047975,0.8492687729617845,0.04709020354181718,0.1507312270382156,0.9529097964581831,0.4562870289915956,0.7332132196621934
BTPO,gas,stddft,S0S1,0.06882268324377501,0.8065839521144622,0.08532612515207641,0.1934160478855377,0.9146738748479236,0.562252678703624,0.6296507442925404
BTPO,gas,stddft,S0T1,0.039868012783022856,0.8545188099398381,0.04665551222427712,0.14548119006016183,0.9533444877757233,0.4415516389431443,0.7422923378187507
"2,4-CzPyCl3",gas,stda,S0T1,0.11397981995955318,0.9434903298936177,0.12080655874067608,0.056509670106382234,0.879193441259324,0.3414786444159337,0.7188002241467089
"2,4-CzPyCl3",gas,stda,S0S1,0.23786425528883015,0.5887701473700508,0.4040018950541813,0.41122985262994904,0.5959981049458184,0.6270151578575544,0.6790132707489512
"2,4-CzPyCl3",gas,stddft,S0T1,0.11223052208358238,0.9412828327571272,0.1192314553903486,0.058717167242872764,0.8807685446096515,0.3441703405179851,0.7219085885127
2Mi2SB,gas,stda,S0S1,0.028725830180945027,0.9908332762387715,0.028991588060091215,0.009166723761228776,0.9710084119399085,0.5864415790238555,0.7000130768689263
2Mi2SB,gas,stddft,S0S1,0.027040162565171586,0.9913688334459452,0.027275582661986077,0.00863116655405478,0.972724417338014,0.6599288555487076,0.6986471156152064
"2,4-CzPyCl3",gas,stddft,S0S1,0.02616130255966396,0.9996642449536894,0.026170089299208565,0.00033575504631049453,0.9738299107007914,0.9606205868389747,0.7435834270918289
TDBA-DI,gas,stda,S0T1,0.007074098171623679,0.9974735911999183,0.0070920155019982434,0.0025264088000817126,0.9929079844980018,0.5449977408815313,0.6066555401804314
TDBA-DI,gas,stddft,S0T1,0.006945477748945476,0.9975146707508764,0.006962782556087408,0.0024853292491233505,0.9930372174439125,0.5088416974366046,0.6093034429889237
TDBA-DI,gas,stddft,S0S1,0.014979082847889832,0.997910693652449,0.015010444264370943,0.002089306347551072,0.9849895557356292,0.730990105978436,0.6784165766343766
BmPyPhB,gas,stddft,S0S1,0.14542216495647534,0.7052815033410801,0.20619024356597646,0.2947184966589202,0.7938097564340236,3.486599961005221,0.3887764496141636
oCBP,gas,stda,S0T1,0.3124863372500876,0.7343996454459254,0.42549903065427924,0.2656003545540746,0.5745009693457209,0.7509561995648758,0.6822436209347874
BmPyPhB,gas,stddft,S0T1,0.045871022508836616,0.9685216132494426,0.047361898672489966,0.03147838675055754,0.9526381013275098,2.4574244123296975,0.49362544164022765
BmPyPhB,gas,stda,S0S1,0.14554676887791052,0.7051001733443313,0.20641998737225337,0.2948998266556687,0.7935800126277466,3.478794034461801,0.3900511722808967
BmPyPhB,gas,stda,S0T1,0.04515769785825142,0.9739540042907159,0.04636532901893823,0.026045995709284224,0.953634670981062,2.5872020432951093,0.4666297605785332
oCBP,gas,stda,S0S1,0.21382199726653292,0.5911872457428656,0.3616823583496825,0.4088127542571344,0.6383176416503178,0.8033705400605923,0.7615187114789925
TDBA-DI,gas,stda,S0S1,0.13236223839315253,0.8452216978859733,0.15660061581974338,0.15477830211402674,0.8433993841802567,1.3326837838222552,0.6998044170935562
3-BHH,gas,stda,S0S1,0.18405028294352063,0.4257195559407317,0.43232752730096324,0.5742804440592681,0.5676724726990365,0.6467892321353008,0.7760023984468272
3-BHH,gas,stda,S0T1,0.06455317645251463,0.9110105084930952,0.07085887138589894,0.08898949150690445,0.9291411286141009,1.2502742835726899,0.8537604410518821
3-BHH,gas,stddft,S0S1,0.18760610678684073,0.4336233986655781,0.43264756321770254,0.5663766013344219,0.5673524367822975,0.6580821307331852,0.7793358686073354
oCBP,gas,stddft,S0T1,0.31211755472314856,0.7317186646532848,0.4265540429681964,0.2682813353467152,0.5734459570318033,0.7519822384524973,0.6861177649494198
3-BHH,gas,stddft,S0T1,0.05612628670983755,0.9210366446558208,0.060938169002831805,0.07896335534417914,0.9390618309971681,1.2414779479998892,0.8575101274301662
mP2MPC,gas,stda,S0T1,0.30251559107922404,0.5434719234246926,0.5566351784521262,0.45652807657530725,0.4433648215478737,1.0423918383592607,0.8483997922965985
oCBP,gas,stddft,S0S1,0.21644223270486027,0.5113381550340126,0.4232859030252949,0.4886618449659875,0.5767140969747054,0.7392013986014736,0.7586510754541687
mP2MPC,gas,stddft,S0T1,0.30609295019947275,0.5448265336486483,0.5618172597975344,0.4551734663513516,0.43818274020246556,1.0689866409789082,0.8556222196581896
mP2MPC,gas,stda,S0S1,0.22921714674081756,0.3969659577064021,0.5774226789248957,0.6030340422935979,0.4225773210751042,0.13168042340176087,0.7553614910979797
DCBNPE,gas,stda,S0S1,0.06357074611885573,0.602720897756814,0.10547294171390298,0.39727910224318613,0.8945270582860971,0.9185167945079813,0.6228814573847035
AcCN,gas,stda,S0S1,0.12918714627131384,0.7711062316856682,0.1675348233004235,0.22889376831433206,0.8324651766995764,2.7024063591345686,0.3930224607197984
DCBNPE,gas,stda,S0T1,0.07195655488753033,0.6713237516737192,0.10718607036937239,0.32867624832628095,0.8928139296306276,0.7420416753621883,0.7548873443012165
AcCN,gas,stda,S0T1,0.3354042399196546,0.6758229264309009,0.4962901180209485,0.3241770735690989,0.5037098819790515,1.016904716665989,0.769064418236756
DCBNPE,gas,stddft,S0S1,0.06314944218115624,0.5987406497958966,0.10547044401057974,0.40125935020410347,0.8945295559894203,0.9322431114186306,0.613723259651106
AcCN,gas,stddft,S0T1,0.33434282743550525,0.6740744377657141,0.4960028280314521,0.32592556223428587,0.5039971719685479,1.006319698571858,0.772673875269256
mP2MPC,gas,stddft,S0S1,0.02896648051594777,0.9966086647712207,0.029065049843407947,0.0033913352287791693,0.9709349501565923,0.43998064507803153,0.7425789540747763
AcCN,gas,stddft,S0S1,0.12760925728358705,0.7794831730722035,0.16371008597996586,0.22051682692779648,0.8362899140200343,2.5447666139340948,0.39169347213046257
DCBNPE,gas,stddft,S0T1,0.0731558296395777,0.68407068493059,0.10694191587379678,0.3159293150694101,0.893058084126203,0.7070137671223145,0.7760546368904443
CbBPCb,gas,stda,S0T1,0.11759912987632114,0.9214013751641731,0.12763072971903,0.07859862483582704,0.8723692702809702,0.612417675565617,0.6992816495715432
cyclohexanone,gas,stda,S0T1,0.14538204554612572,0.8162795905766544,0.17810324700562669,0.18372040942334555,0.8218967529943733,0.23362855722782333,0.9626802590479757
CbBPCb,gas,stddft,S0T1,0.11278266137265115,0.9246165214025159,0.12197776998574002,0.07538347859748408,0.8780222300142599,0.6001268158680502,0.7035566260492255
cyclohexanone,gas,stddft,S0T1,0.14576160195809054,0.8176425082849778,0.17827057727689397,0.18235749171502244,0.821729422723106,0.2115061875615386,0.9644892489746929
cyclohexanone,gas,stda,S0S1,0.05503137518683003,0.9876204904901841,0.05572117601520843,0.012379509509815792,0.9442788239847913,0.3512495097750278,0.8085245590045129
CbBPCb,gas,stda,S0S1,0.23453233403036633,0.5217922659289189,0.44947453104319385,0.478207734071081,0.5505254689568062,0.49895943591665554,0.7927902216538208
cyclohexanone,gas,stddft,S0S1,0.06886877017142397,0.9757972876016225,0.07057692314424656,0.024202712398377423,0.9294230768557533,0.46527284040757644,0.8385235675509868
3CP-DPS-PXZ,gas,stda,S0S1,0.01768858276591348,0.9956967177987652,0.017765030706356533,0.004303282201235025,0.9822349692936432,0.4188660794247188,0.6741451476882301
3CP-DPS-PXZ,gas,stda,S0T1,0.01909742680157846,0.9961278393451659,0.019171662559027282,0.0038721606548342198,0.9808283374409724,0.8425678771060328,0.715551733167872
NA-TNA,gas,stda,S0S1,0.21418626158135415,0.7347969297215752,0.29149041445030577,0.2652030702784247,0.7085095855496943,0.6579720524845593,0.7333281270933929
NA-TNA,gas,stda,S0T1,0.26317756642121254,0.816288844048545,0.32240740313922667,0.18371115595145493,0.6775925968607732,1.577213137374361,0.8594358931216928
NA-TNA,gas,stddft,S0T1,0.25744360569658137,0.8060566658906865,0.31938648557928384,0.19394333410931355,0.6806135144207163,1.368452865849906,0.879500891660891
NA-TNA,gas,stddft,S0S1,0.2208953247135266,0.7389425902367419,0.2989343524545747,0.2610574097632583,0.701065647545425,0.8753242197322655,0.7289264535089696
3CP-DPS-PXZ,gas,stddft,S0T1,0.01923641705929709,0.9962059934897366,0.019309678103733748,0.0037940065102636945,0.9806903218962663,0.8497899321400442,0.7232510826092918
CbBPCb,gas,stddft,S0S1,0.23091129031352742,0.469624755284853,0.49169318208846796,0.5303752447151469,0.5083068179115319,0.41421340833654435,0.7920383162437049
BCN,gas,stda,S0T1,0.04911068075471303,0.8445671033056652,0.05814893874328293,0.15543289669433477,0.9418510612567169,2.2658637855344907,0.7519918538139405
BCN,gas,stda,S0S1,0.062200664393420514,0.7896768837571922,0.07876723464092918,0.21032311624280764,0.9212327653590708,2.8988825850247246,0.6049749786626631
3CP-DPS-PXZ,gas,stddft,S0S1,0.017758119202737725,0.995626441037715,0.017836126553879894,0.004373558962285215,0.9821638734461202,0.40961429680681793,0.6668768175771743
BCN,gas,stddft,S0S1,0.05996015185914186,0.7923110582903439,0.07567754006680713,0.20768894170965604,0.9243224599331931,2.909884374479871,0.6055592448314132
BCN,gas,stddft,S0T1,0.04706317073392749,0.8538188015781408,0.0551207945373645,0.1461811984218592,0.9448792054626352,2.142433252085264,0.7700038267284701
CNTPA-CZ,gas,stda,S0T1,0.1252160165957463,0.8501251822459936,0.14729126863990905,0.14987481775400627,0.8527087313600908,1.5509487345237751,0.7270070360771503
PTZ–TAZ,gas,stda,S0S1,0.13506173333048296,0.7472725356420294,0.18073959216826138,0.25272746435797067,0.8192604078317388,1.1818938229401332,0.4798577527192726
PTZ–TAZ,gas,stda,S0T1,0.1363464777383522,0.7594483034878865,0.17953358656824886,0.24055169651211367,0.8204664134317511,1.0826908035552834,0.5430493375977681
PTZ–TAZ,gas,stddft,S0S1,0.13809825619161484,0.7808340308955399,0.1768599353094661,0.21916596910446026,0.8231400646905341,1.5814389987376272,0.47856164356306563
PTZ–TAZ,gas,stddft,S0T1,0.13688552830617817,0.761918349546265,0.17965905190194692,0.238081650453735,0.8203409480980531,1.0808062478200813,0.5558649536851756
CNTPA-CZ,gas,stddft,S0T1,0.1256215326867352,0.8493274302676864,0.1479070711835393,0.1506725697323137,0.8520929288164608,1.513550496590665,0.7372951907683252
CNTPA-CZ,gas,stda,S0S1,0.12578639832795274,0.9146627856809358,0.13752215603077036,0.08533721431906405,0.8624778439692294,0.727103680483436,0.7580018324212265
CNTPA-CZ,gas,stddft,S0S1,0.11901730126206925,0.9214464495149347,0.1291635572796683,0.07855355048506522,0.870836442720332,0.7281868106977237,0.7554349738424235
ICz-2,gas,stda,S0S1,0.11110076179300815,0.6201463245558674,0.17915249578004935,0.3798536754441326,0.8208475042199507,1.6501858100024211,0.6993335927851763
ICz-2,gas,stddft,S0S1,0.11165495999714266,0.6273075334050302,0.17799078450577288,0.37269246659496996,0.8220092154942267,1.6242394085816654,0.703581337561646
ICz-2,gas,stda,S0T1,0.27859549391217836,0.39791474699784396,0.7001386503367966,0.6020852530021561,0.2998613496632033,0.5851752670256586,0.9102448332069872
PS-BZ-DMAC,gas,stda,S0S1,0.1553906837384847,0.7713948747130919,0.20144116694615039,0.22860512528690807,0.7985588330538494,2.3352076369912003,0.6650358122319204
ICz-2,gas,stddft,S0T1,0.26663080211525986,0.3966037591658228,0.6722851106506523,0.6033962408341773,0.3277148893493477,0.41640790322368715,0.9008153174445142
PS-BZ-DMAC,gas,stddft,S0T1,0.1277068330465109,0.7945269929663271,0.16073315844150715,0.20547300703367294,0.8392668415584927,2.0273233861476223,0.7130042661642078
PS-BZ-DMAC,gas,stddft,S0S1,0.15291513680800964,0.7709283783450958,0.19835193657841874,0.2290716216549042,0.8016480634215812,2.4093988988843815,0.6595468295349436
PS-BZ-DMAC,gas,stda,S0T1,0.12948416371635596,0.7920835609184708,0.16347285830072134,0.20791643908152926,0.8365271416992788,2.0968563863531844,0.7048270666148639
mCP,gas,stda,S0T1,0.28148006416290744,0.7807030183033146,0.3605469142089935,0.21929698169668535,0.6394530857910063,0.49777485555076595,0.6884297797421942
mCP,gas,stddft,S0T1,0.2813018587243725,0.7788416580606684,0.3611797800143612,0.22115834193933145,0.6388202199856388,0.4942142263986551,0.6920323171176581
mCP,gas,stda,S0S1,0.028115183891998602,0.9968064960394828,0.028205257493511538,0.0031935039605173413,0.9717947425064883,1.0451099480091268,0.7763272779151598
2-TA-AN,gas,stda,S0S1,0.2217188692526255,0.6845621904688648,0.32388418808343417,0.31543780953113515,0.6761158119165658,0.04955720619507623,0.9943628680112716
2-TA-AN,gas,stda,S0T1,0.21493223403509498,0.7065281809969165,0.30420900371139337,0.29347181900308345,0.6957909962886066,0.03339620019507747,0.9951097301802182
SPFS-PXZ,gas,stda,S0S1,0.024235315978963574,0.02426594000147388,0.9987379832593155,0.9757340599985261,0.0012620167406845004,1.7940601983703344,0.7422157151579736
mCP,gas,stddft,S0S1,0.024710148193062175,0.9991256452290249,0.024731772536374024,0.0008743547709750888,0.9752682274636262,1.0584640166433719,0.7787946252782674
2-TA-AN,gas,stddft,S0S1,0.22323851826057528,0.6826715155381078,0.3270072255535814,0.3173284844618923,0.6729927744464184,0.0478755259101345,0.9943597018290393
2-TA-AN,gas,stddft,S0T1,0.21305282912167067,0.7093230417049647,0.30036078992946025,0.29067695829503537,0.6996392100705396,0.031736858150304435,0.995206648538155
SPFS-PXZ,gas,stda,S0T1,0.02189470414607448,0.021910376204984875,0.9992847197709536,0.9780896237950152,0.0007152802290464002,2.016081970485257,0.7866919109618926
SPFS-PXZ,gas,stddft,S0S1,0.024563153996416794,0.02459530952900741,0.9986926152503715,0.9754046904709924,0.0013073847496282958,1.8081616220257428,0.73697088243475
SPFS-PXZ,gas,stddft,S0T1,0.021478999240732006,0.021493446592246748,0.9993278252767542,0.9785065534077528,0.0006721747232461573,2.001739990543493,0.793666175311203
BBA-Pyr,gas,stda,S0T1,0.07833794500581898,0.8648929758763477,0.09057530491150481,0.13510702412365236,0.9094246950884953,1.1979390756323907,0.7509842546694997
PSPBP,gas,stda,S0T1,0.2928013547221582,0.29340270330958335,0.997950432696625,0.7065972966904169,0.002049567303374915,1.337650379366024,0.7225262881618475
PSPBP,gas,stda,S0S1,0.3177080961289318,0.3187211982400722,0.9968213532180018,0.6812788017599278,0.003178646781998518,1.5030756968260277,0.678703453371832
PSPBP,gas,stddft,S0S1,0.3216940105801405,0.3226037204580922,0.9971801010953627,0.6773962795419077,0.00281989890463721,1.5416021341763304,0.6708744091869963
PSPBP,gas,stddft,S0T1,0.28816369903286027,0.2887119038029464,0.9981012048243763,0.7112880961970536,0.0018987951756240173,1.3102908193958016,0.7295122565264615
BBA-Pyr,gas,stda,S0S1,0.17607768919029504,0.8473662629084486,0.2077940754756233,0.15263373709155142,0.7922059245243768,0.8453631841350162,0.8241242220249173
BBA-Pyr,gas,stddft,S0S1,0.17267628407437627,0.8477805795666328,0.20368039589046105,0.1522194204333673,0.7963196041095387,0.7336473981744509,0.8280829008042919
BBA-Pyr,gas,stddft,S0T1,0.11213705547053679,0.8849642968622933,0.12671364920384592,0.11503570313770686,0.8732863507961539,0.21562640732595353,0.9525902661391465
1MPA,gas,stda,S0T1,0.1389399952379772,0.9700904393369227,0.14322375482119545,0.02990956066307715,0.8567762451788047,0.4010636699950225,0.702943369114222
1MPA,gas,stddft,S0T1,0.13528783927243185,0.9692861454797697,0.1395747168195292,0.030713854520230403,0.8604252831804707,0.38941036917641153,0.7110745107810221
2DMAC-BP-F,gas,stda,S0T1,0.32851224064835627,0.7880459708955192,0.41686938678849117,0.21195402910448088,0.5831306132115087,1.2494765322752621,0.8100135317713186
1MPA,gas,stda,S0S1,0.23467922853983872,0.7840800173595754,0.2993052027140438,0.2159199826404244,0.7006947972859562,0.28898397830331046,0.8113705786545362
1MPA,gas,stddft,S0S1,0.24220724563302098,0.7921001100679871,0.30577857843275896,0.20789988993201297,0.6942214215672408,0.2470952173333924,0.8079553881361109
2DMAC-BP-F,gas,stda,S0S1,0.30801768780249544,0.7554792361653607,0.40771165249480923,0.24452076383463908,0.5922883475051907,0.9816412701392889,0.5897786276172949
2DMAC-BP-F,gas,stddft,S0S1,0.306744550787316,0.7276705126683821,0.4215431922099986,0.2723294873316179,0.5784568077900016,0.9364537895930176,0.5822609489933533
2DMAC-BP-F,gas,stddft,S0T1,0.11707495520999814,0.9113759628859992,0.12845956002533132,0.08862403711400069,0.8715404399746691,0.40102271134480855,0.7505307519450001
AcDbp,gas,stda,S0S1,0.2630724589829514,0.5287408773293641,0.4975451497370759,0.47125912267063563,0.5024548502629241,0.4681463295374023,0.8626412304614451
AcDbp,gas,stddft,S0S1,0.2634355123447797,0.5300137410915736,0.49703525007149646,0.4699862589084263,0.5029647499285036,0.4576039529463998,0.8616439750565819
AcDbp,gas,stda,S0T1,0.2126767945516821,0.6519371067442401,0.32622287081308415,0.34806289325575973,0.6737771291869159,0.31503987624529717,0.8176626137237204
CzPrSBI,gas,stda,S0T1,0.3966031091410281,0.5386046355735074,0.7363529441567547,0.4613953644264926,0.26364705584324516,1.4990633803606914,0.7591272364738278
CzPrSBI,gas,stda,S0S1,0.16322321434699175,0.2592476165343088,0.6296035293554602,0.7407523834656913,0.3703964706445397,1.2903275226745037,0.835674125679381
AcDbp,gas,stddft,S0T1,0.21620560324229696,0.6818040370683067,0.3171081300309701,0.3181959629316932,0.6828918699690298,0.3593284239226525,0.8711484434690502
P–Cu–C,gas,stda,S0T1,0.03895578947062229,0.995687390573378,0.039124518236782285,0.004312609426622154,0.9608754817632176,0.11020650561856511,0.9798747949502173
P–Cu–C,gas,stddft,S0T1,0.038348481975838074,0.9956996445244333,0.03851410632385442,0.004300355475566766,0.9614858936761456,0.11773601280512427,0.9810470181179352
CzPrSBI,gas,stddft,S0T1,0.3941281437986312,0.5359755110370064,0.7353472979317122,0.4640244889629934,0.2646527020682878,1.4785856441902874,0.7633749248693433
CzPrSBI,gas,stddft,S0S1,0.1614214127946005,0.25601685683701536,0.630510876466873,0.7439831431629843,0.36948912353312713,1.3068021719154845,0.8375568987843733
P–Cu–C,gas,stddft,S0S1,0.03827526540378961,0.9939448106496191,0.03850844130749451,0.006055189350380798,0.9614915586925056,0.9995441762047996,0.5884339021813051
MPPA,gas,stda,S0S1,0.290608473617313,0.8325211036688218,0.34907039874020723,0.16747889633117824,0.6509296012597927,1.4288002597773766,0.5432692304500427
P–Cu–C,gas,stda,S0S1,0.038619296580187264,0.99264792073612,0.03890533166235645,0.007352079263880116,0.9610946683376438,1.0102931651893217,0.5951259344274062
MPPA,gas,stddft,S0S1,0.292324348337603,0.8329466933220798,0.3509520485299153,0.16705330667792026,0.6490479514700846,1.501697274597942,0.540900082230275
HPIPXZ,gas,stda,S0T1,0.2297857100022716,0.7098653237700505,0.323703246669233,0.29013467622994943,0.6762967533307671,0.2889144359727622,0.8113070820599199
HPIPXZ,gas,stda,S0S1,0.23412579406363948,0.7390206426118593,0.3168054862935738,0.2609793573881408,0.683194513706426,0.21482060354121085,0.6514453616395435
MPPA,gas,stda,S0T1,0.125559605911106,0.8113328072910453,0.15475721526698308,0.18866719270895468,0.8452427847330167,0.0981714806003752,0.7536352700389202
HPIPXZ,gas,stddft,S0T1,0.22903673619549902,0.6965820699181189,0.3288007918757105,0.3034179300818811,0.6711992081242896,0.1753113931780285,0.8244413474348012
HPIPXZ,gas,stddft,S0S1,0.23016797749824977,0.7451346013182458,0.30889449649909007,0.25486539868175423,0.6911055035009098,0.23622392835423353,0.6524141202855647
MPPA,gas,stddft,S0T1,0.12685073506198924,0.8127814692123998,0.1560699153056601,0.1872185307876,0.8439300846943399,0.07491818425155544,0.7690521954225094
23AcCz-PM,gas,stda,S0T1,0.18682971535093648,0.8081996998040841,0.23116776137905756,0.1918003001959159,0.7688322386209423,1.3216865094804877,0.7638659223181972
23AcCz-PM,gas,stda,S0S1,0.07066438765418175,0.8631952558688779,0.08186373497042933,0.13680474413112212,0.9181362650295704,2.9318128009367803,0.4566083193528516
23AcCz-PM,gas,stddft,S0S1,0.07680737349724025,0.8607648097533569,0.08923154458329749,0.1392351902466432,0.9107684554167024,2.8405642799301623,0.46751499437208377
23AcCz-PM,gas,stddft,S0T1,0.18482966698407843,0.8079386879976179,0.2287669469599943,0.19206131200238202,0.7712330530400057,1.2890359745236328,0.7729307241263564
PTZ-NAI,gas,stda,S0S1,0.2996486289382389,0.9916911496970711,0.3021592247039531,0.008308850302928994,0.6978407752960467,4.264417819957966,0.19458309810368277
"3,3−NHC",gas,stda,S0T1,0.16717103313238044,0.1976180712361309,0.845929889340081,0.802381928763869,0.1540701106599191,0.9984477932498936,0.8498727569526342
PTZ-NAI,gas,stddft,S0S1,0.2996550751591111,0.9916941125064942,0.3021648221766052,0.008305887493505925,0.697835177823395,4.263551321886724,0.1946204033783078
PTZ-NAI,gas,stda,S0T1,0.2997172220137095,0.9916737112900701,0.30223370711703834,0.008326288709929987,0.6977662928829615,4.263703989727826,0.19502403490611814
"3,3−NHC",gas,stddft,S0T1,0.13899195135670475,0.15649544456635422,0.8881533372543123,0.8435045554336459,0.11184666274568794,0.9745189843915117,0.8526497400943815
"3,3−NHC",gas,stda,S0S1,0.17313924634397387,0.692903046907935,0.24987514070922917,0.30709695309206514,0.7501248592907709,1.3466498237224007,0.7954743383803365
PTZ-NAI,gas,stddft,S0T1,0.29972737927817383,0.9916702536010964,0.3022450035077289,0.00832974639890349,0.6977549964922711,4.26260202652052,0.19526115246842465
Et3SiH,gas,stda,S0T1,0.4594394236632429,0.8717441413668295,0.5270347133539393,0.12825585863317038,0.47296528664606086,2.75203515758631,0.7797035432538942
Et3SiH,gas,stddft,S0T1,0.43808649231619934,0.8780590394217989,0.4989260091265377,0.12194096057820134,0.5010739908734623,2.572734769466664,0.7959203668612181
"3,3−NHC",gas,stddft,S0S1,0.03507658069842495,0.993369613312765,0.03531070432228029,0.0066303866872348995,0.9646892956777199,0.3243555589528531,0.6665429410745853
Et3SiH,gas,stddft,S0S1,0.05114835501140389,0.051249711456413605,0.9980223021334294,0.9487502885435865,0.001977697866570611,1.0296131321478386,0.43687384046471756
Et3SiH,gas,stda,S0S1,0.06058732735128802,0.060714226750304176,0.9979098902216437,0.9392857732496958,0.0020901097783563413,1.077554634009395,0.43278312561159626
3TPAFM,gas,stda,S0S1,0.05854502919326924,0.6667039945043789,0.08781262700666888,0.3332960054956214,0.9121873729933309,2.330620189812707,0.5779573601562908
3TPAFM,gas,stda,S0T1,0.0796702601903305,0.6159005540226182,0.12935572093576117,0.3840994459773817,0.8706442790642389,2.625824481051777,0.7622722858241329
CZ9CZPZ,gas,stda,S0S1,0.2030651367699461,0.775548461394472,0.26183423329191524,0.224451538605528,0.7381657667080846,1.4905646280081044,0.7417794220385546
CZ9CZPZ,gas,stda,S0T1,0.14744547629952723,0.82666909603866,0.17836093910619805,0.17333090396134002,0.8216390608938018,1.0330569438616937,0.7621860126625388
CZ9CZPZ,gas,stddft,S0S1,0.19842704729640737,0.7850267272435325,0.252764702665787,0.21497327275646727,0.7472352973342128,1.492162677200183,0.7406249885886422
3TPAFM,gas,stddft,S0S1,0.05787083180554945,0.6666967169163109,0.08680233506056677,0.33330328308368895,0.9131976649394332,2.359944365630779,0.5681648709194541
3TPAFM,gas,stddft,S0T1,0.08466472514281309,0.6215591756752461,0.13621345876011803,0.3784408243247537,0.863786541239882,2.4882433773231645,0.7914568104737328
CZ9CZPZ,gas,stddft,S0T1,0.14726811545461588,0.8301623899336454,0.17739675663503254,0.1698376100663545,0.8226032433649678,1.0372421752226952,0.7667063175662175
ZDN,gas,stda,S0T1,0.03321674723750725,0.9541699669150385,0.03481219110773473,0.04583003308496128,0.9651878088922652,0.9110168142592043,0.7048296328253907
ZDN,gas,stddft,S0T1,0.03302473087427466,0.9570489353221568,0.03450683622897302,0.04295106467784324,0.9654931637710268,0.9190141075715217,0.7067809683533874
DCzPO,gas,stda,S0T1,0.030129355958682907,0.9707754766422453,0.031036379351995436,0.029224523357754578,0.9689636206480046,0.5087177198100545,0.7222137257586672
DCzPO,gas,stda,S0S1,0.027292643824805608,0.9704701335917068,0.028123115673632966,0.029529866408293182,0.971876884326367,0.6104350731436888,0.6760484307238283
DCzPO,gas,stddft,S0T1,0.029552259954450377,0.9711134761688373,0.03043131485625933,0.028886523831162875,0.9695686851437405,0.49739687413396727,0.7254899444024315
ZDN,gas,stda,S0S1,0.18601288315327935,0.45608679009033526,0.40784536451151443,0.5439132099096649,0.5921546354884858,1.455121249491306,0.6584422953580586
P4CzCN–BCz,gas,stda,S0S1,0.4311610427137965,0.8167651093007382,0.5278886644447005,0.1832348906992618,0.4721113355552994,0.5198883854445742,0.640901317154617
P4CzCN–BCz,gas,stda,S0T1,0.14189798379641735,0.8597162787545057,0.1650521076581088,0.14028372124549432,0.8349478923418912,0.26382519098926005,0.9834724552682416
P4CzCN–BCz,gas,stddft,S0T1,0.14035066372682864,0.8624401316303341,0.1627367031976045,0.13755986836966597,0.8372632968023958,0.26352572770048827,0.9836340428159873
P4CzCN–BCz,gas,stddft,S0S1,0.4252143864967058,0.812054295061472,0.5236280247301904,0.18794570493852794,0.47637197526980957,0.5436312917896935,0.6509904930408913
ZDN,gas,stddft,S0S1,0.2152813664861112,0.47220048313723306,0.4559109407423989,0.5277995168627668,0.5440890592576013,1.0995796829293036,0.6594599132159218
NyDPO,gas,stda,S0T1,0.321099898240716,0.49885963582873416,0.64366782793979,0.5011403641712658,0.35633217206021,1.4287217141740929,0.7104175059469995
DCzPO,gas,stddft,S0S1,0.04316106571861937,0.996998140988005,0.043291019254908164,0.0030018590119950967,0.9567089807450924,0.9851279441563676,0.771904399765965
NyDPO,gas,stddft,S0T1,0.31872996949519583,0.4978151820691169,0.6402576316986315,0.5021848179308831,0.35974236830136885,1.4123995533310862,0.7179823698840786
NyDPO,gas,stda,S0S1,0.17054634145400807,0.77932386973588,0.21883885259642796,0.2206761302641198,0.7811611474035718,0.6649950081959315,0.4701643612762751
DMTAC,gas,stda,S0T1,0.05445678750391829,0.9531062907256365,0.057136111715785906,0.04689370927436357,0.942863888284214,0.809844494755885,0.9238899649850922
NyDPO,gas,stddft,S0S1,0.17125672602212114,0.7789956768471603,0.21984297360320507,0.22100432315283963,0.780157026396795,0.6600833375126322,0.469493940377538
DMTAC,gas,stddft,S0T1,0.05264733900701895,0.9534002006836281,0.05522060827055479,0.04659979931637172,0.9447793917294454,0.7288622293085126,0.9341405549472158
DMTAC,gas,stda,S0S1,0.023652009080016422,0.980344042150521,0.02412623330492472,0.0196559578494791,0.9758737666950753,0.38352421514651747,0.8441778502921717
ImPy-3,gas,stda,S0S1,0.16594563123851616,0.6661880236492946,0.249097289875442,0.33381197635070536,0.750902710124558,1.7582254821368062,0.7663822934250525
DMTAC,gas,stddft,S0S1,0.021092125109478253,0.9861334035701247,0.021388713771501783,0.013866596429875283,0.9786112862284982,0.34795592943058046,0.8573270699280291
DC-TC,gas,stda,S0S1,0.04683138187166518,0.9763153190351198,0.04796747624317526,0.023684680964880387,0.9520325237568243,0.3161348328108869,0.8695352388045396
DC-TC,gas,stda,S0T1,0.0468796631211514,0.9749754703879834,0.048082915462987014,0.025024529612016504,0.9519170845370128,0.32949875957092767,0.8739134764951992
DC-TC,gas,stddft,S0S1,0.04697526463293612,0.9763083199644258,0.04811519442408089,0.023691680035574193,0.9518848055759189,0.3159688935332254,0.8693097655496388
ImPy-3,gas,stddft,S0S1,0.20493562643193583,0.6665494251923414,0.3074575098055167,0.3334505748076586,0.6925424901944833,1.2903246807430169,0.7729507891360623
ImPy-3,gas,stda,S0T1,0.3249619990731348,0.7574941968799855,0.42899602453934116,0.24250580312001438,0.571003975460659,1.1537727135152727,0.8397766726158303
DC-TC,gas,stddft,S0T1,0.04686013393649085,0.9747948152884617,0.04807179234188272,0.025205184711538403,0.9519282076581174,0.3317572222612564,0.8743468891312245
1PXZP,gas,stda,S0S1,0.21354541248478964,0.7793132385838524,0.2740174321596779,0.22068676141614754,0.7259825678403223,3.884827476914377,0.5068429596010763
1PXZP,gas,stddft,S0S1,0.21312154730247612,0.7791577430139889,0.2735281131623815,0.22084225698601087,0.7264718868376182,3.8905462903130164,0.5056005499855083
1PXZP,gas,stda,S0T1,0.27952349889795197,0.79645800237066,0.3509582401908818,0.2035419976293401,0.6490417598091182,0.6861374228448306,0.7650026341921699
1PXZP,gas,stddft,S0T1,0.2957467880241854,0.7896711088291504,0.374518941768923,0.21032889117084932,0.6254810582310771,0.7050805434654833,0.7514483810940753
ImPy-3,gas,stddft,S0T1,0.2727730749141802,0.7450830738347864,0.36609753260166594,0.2549169261652136,0.6339024673983341,0.6772344306571126,0.8448236334497152
BFCZPZ1,gas,stda,S0S1,0.29827022653292734,0.7191855996654468,0.4147333131693372,0.280814400334553,0.585266686830663,0.9083114432167478,0.7820815513290835
BFCZPZ1,gas,stda,S0T1,0.27257277123511664,0.7089425107080595,0.38447796135526335,0.29105748929194086,0.6155220386447365,0.8123915107186287,0.8075699454941816
BFCZPZ1,gas,stddft,S0S1,0.29628596939029606,0.7196517731798032,0.4117074124352497,0.2803482268201966,0.5882925875647508,0.883647086811563,0.7820465050746439
BFCZPZ1,gas,stddft,S0T1,0.2733559938630057,0.7076075847241153,0.3863101523559597,0.2923924152758846,0.6136898476440401,0.8037418540701856,0.8093325547036875
DPTPEA,gas,stda,S0T1,0.07022570514119227,0.9470832735144026,0.07414945137886475,0.05291672648559734,0.9258505486211352,0.311728789200513,0.8280054783066445
DPTPEA,gas,stda,S0S1,0.11996508815489398,0.8324760720453699,0.14410634994005678,0.16752392795463,0.8558936500599434,0.6322123511553748,0.8404764692787938
DPTPEA,gas,stddft,S0S1,0.12306284273895352,0.8328429719738082,0.14776235962860917,0.16715702802619187,0.8522376403713908,0.5415496639684679,0.8403794283463469
DPTPEA,gas,stddft,S0T1,0.07190381209384848,0.9490163508869828,0.07576667359486983,0.0509836491130173,0.9242333264051302,0.3067127633814865,0.8415249981558014
BDAVBi,gas,stda,S0T1,0.07537383506108747,0.9505531764484196,0.07929470641790815,0.04944682355158034,0.9207052935820916,1.3066035804130949,0.9062365743291206
m-CF3PIBI,gas,stda,S0T1,0.15752944489222906,0.22729981387642403,0.693046959457138,0.7727001861235759,0.30695304054286215,0.5672985271726637,0.8582099164497747
m-CF3PIBI,gas,stddft,S0T1,0.15727178971094213,0.22436559651345697,0.7009621446196601,0.7756344034865431,0.2990378553803398,0.5737004868819586,0.8652927939208612
BDAVBi,gas,stddft,S0T1,0.07072190143472902,0.9318611047171356,0.07589317879749526,0.06813889528286449,0.9241068212025046,0.2667488991209611,0.8063208152221404
m-CF3PIBI,gas,stda,S0S1,0.05121998471604415,0.05370701548296619,0.9536926275914395,0.9462929845170338,0.0463073724085606,0.3700890241923098,0.7366326254766096
m-CF3PIBI,gas,stddft,S0S1,0.04924719283595514,0.05151222409660181,0.9560292474190395,0.9484877759033981,0.043970752580960434,0.3289338149698321,0.7375068645464419
H4TCPE,gas,stda,S0S1,0.20563726344190955,0.9213284140597267,0.2231964848840305,0.0786715859402734,0.7768035151159693,2.340907655921644,0.643425654233353
H4TCPE,gas,stddft,S0S1,0.20512578572662532,0.9235484590296188,0.22210614258633807,0.07645154097038113,0.7778938574136619,2.3567804548877227,0.6433402731731489
BDAVBi,gas,stddft,S0S1,0.13546333270378116,0.8273010454281366,0.16374128070112315,0.17269895457186332,0.8362587192988766,0.5117216217240974,0.784575093032058
BDAVBi,gas,stda,S0S1,0.1319173598077459,0.8387434595167911,0.157279747831053,0.16125654048320892,0.842720252168947,0.41378774998855256,0.781787319078127
H4TCPE,gas,stda,S0T1,0.13487079818618636,0.8276173738929297,0.16296274394504776,0.17238262610707034,0.8370372560549519,0.7089601028365412,0.8919567704993543
BTCz3CzTPN,gas,stda,S0S1,0.06857754409433241,0.6961904743797316,0.09850399656133091,0.3038095256202682,0.9014960034386692,0.8932299627439888,0.521499400873255
BTCz3CzTPN,gas,stda,S0T1,0.07030624576609924,0.7060719209361669,0.09957377383437309,0.29392807906383306,0.900426226165627,0.8083404099416713,0.572064741228105
H4TCPE,gas,stddft,S0T1,0.1354632674344713,0.8293453008511169,0.16333759568596085,0.1706546991488831,0.8366624043140394,0.6524207983193276,0.9004195248830331
BTCz3CzTPN,gas,stddft,S0S1,0.0686872054780048,0.6961526846882142,0.09866686861771959,0.30384731531178566,0.9013331313822807,0.8965931714628324,0.5235363418199269
BTCz3CzTPN,gas,stddft,S0T1,0.07035212189301925,0.7079890746969706,0.09936893718752786,0.29201092530302925,0.900631062812472,0.7841377991422538,0.5793879093944838
"6,7-DCNQx-DICz",gas,stda,S0S1,0.21015486022772653,0.5903143471036614,0.35600500184154016,0.40968565289633874,0.6439949981584597,0.7391514292655619,0.8148501940317545
"6,7-DCNQx-DICz",gas,stda,S0T1,0.2523839528586889,0.7078122808557015,0.3565690504176789,0.29218771914429853,0.6434309495823213,0.8758811817670775,0.8243292345163743
"6,7-DCNQx-DICz",gas,stddft,S0S1,0.21013025616303652,0.5904867262002943,0.35585940689166295,0.4095132737997057,0.6441405931083369,0.7379085709981413,0.8152900835867479
"6,7-DCNQx-DICz",gas,stddft,S0T1,0.2650183293660257,0.7392118053768785,0.35851474156437374,0.2607881946231216,0.6414852584356262,1.1963673028853739,0.7836245231403978
β-DI-DBP,gas,stda,S0S1,0.08331727618896936,0.8722767037672987,0.09551702553688318,0.127723296232701,0.9044829744631169,0.36584067621322675,0.9199378740087625
mDPBPZ-DPXZ,gas,stda,S0S1,0.17820604457778857,0.8582878994739108,0.2076296831016962,0.14171210052608946,0.792370316898304,1.719548090204793,0.5292422929394223
β-DI-DBP,gas,stda,S0T1,0.11625890356495361,0.7869556871684167,0.14773246506835777,0.21304431283158307,0.852267534931642,1.0500072548561896,0.801180270469272
β-DI-DBP,gas,stddft,S0S1,0.0836906657668358,0.8701231768101584,0.09618254977834621,0.12987682318984153,0.9038174502216536,0.3752770969471011,0.9187683848389238
mDPBPZ-DPXZ,gas,stda,S0T1,0.17178390837357851,0.8350791177066546,0.2057097402283774,0.16492088229334545,0.7942902597716229,1.6831723413421358,0.5748416626880554
mDPBPZ-DPXZ,gas,stddft,S0S1,0.1780070618785342,0.8567647195354582,0.2077665639349044,0.14323528046454168,0.7922334360650954,1.693703185228265,0.5512900989711864
mDPBPZ-DPXZ,gas,stddft,S0T1,0.1705400444162326,0.8345643658258693,0.20434618514710887,0.1654356341741305,0.7956538148528914,1.6233666034563299,0.5858428690959145
β-DI-DBP,gas,stddft,S0T1,0.11758060788786402,0.7858590789798131,0.1496204739919845,0.21414092102018703,0.8503795260080154,0.9157464163184763,0.819666163903987
PtB,gas,stda,S0S1,0.04046404693523295,0.790835261732027,0.05116621487844597,0.2091647382679732,0.9488337851215539,2.9152423145535638,0.8232880984075857
PtB,gas,stda,S0T1,0.03147834003256748,0.9488687060919647,0.03317460026921426,0.051131293908035245,0.9668253997307859,0.5521827175303038,0.9762026882943826
PtB,gas,stddft,S0T1,0.030526670220731394,0.9564115102118695,0.03191792433987851,0.04358848978813043,0.9680820756601215,0.4484394367158832,0.9796587872201582
PtB,gas,stddft,S0S1,0.039287958923800034,0.8065929318112612,0.04870853360390371,0.1934070681887388,0.9512914663960963,2.6945935454549885,0.8458183363790032
ATDBT,gas,stda,S0S1,0.21997651910326035,0.6876337778107444,0.3199035972369058,0.3123662221892554,0.6800964027630942,0.11928168106506712,0.9954671719483926
ATDBT,gas,stda,S0T1,0.2116936597808109,0.7053964549305148,0.30010593092881904,0.29460354506948505,0.6998940690711809,0.08451962582710797,0.9964559318800635
ATDBT,gas,stddft,S0S1,0.22187958342075315,0.6854932994105353,0.3236787049728281,0.3145067005894648,0.676321295027172,0.10054316735906088,0.9953384284746678
D–A–D,gas,stda,S0T1,0.28048712379423363,0.708727265294967,0.3957617232032085,0.29127273470503307,0.6042382767967915,0.6307379501433247,0.7921964499286189
ATDBT,gas,stddft,S0T1,0.20984589909768955,0.707880073495777,0.29644272660677096,0.29211992650422297,0.7035572733932289,0.09099707404519157,0.9965540349015073
D–A–D,gas,stda,S0S1,0.21467287636818602,0.494971633395739,0.4337074326773613,0.505028366604261,0.5662925673226388,0.5272675205112294,0.8841001631794396
D–A–D,gas,stddft,S0S1,0.21467581005697653,0.49496697686724506,0.4337174399304515,0.5050330231327549,0.5662825600695481,0.5273181907632981,0.8841026592455822
D–A–D,gas,stddft,S0T1,0.28544678853055666,0.7544734190794675,0.3783390922888047,0.2455265809205325,0.6216609077111952,0.5748555886824236,0.8493133126109956
CzBN,gas,stddft,S0S1,0.36837138550220055,0.9461069760258435,0.38935489837476717,0.053893023974156705,0.6106451016252328,2.0665697590577046,0.5181779400134345
CzBN,gas,stda,S0T1,0.2273032884100136,0.9328584055059506,0.24366322591769118,0.06714159449404933,0.7563367740823088,1.1953698544130127,0.6241252588798709
CzBN,gas,stda,S0S1,0.39530084769620705,0.9436671159677433,0.41889861478411344,0.05633288403225679,0.5811013852158866,2.2088856724762347,0.4937152278642862
CzBN,gas,stddft,S0T1,0.2136734719013849,0.9324836081682261,0.2291444804280536,0.06751639183177392,0.7708555195719464,1.1149587897632234,0.6343009971864686
DTRZSFX,gas,stddft,S0S1,0.20594419542327386,0.7558410320038285,0.27247025062570396,0.24415896799617165,0.727529749374296,0.19260455368381277,0.8522631014370443
DTRZSFX,gas,stda,S0S1,0.20515711285949015,0.7549179276215404,0.2717608171074467,0.24508207237845964,0.7282391828925532,0.19290069780624258,0.8582343014925657
2CzCbPy,gas,stda,S0T1,0.40313353989018114,0.5980251080603225,0.6741080507434435,0.4019748919396776,0.3258919492565565,1.4235539995969229,0.6792376592175045
DTRZSFX,gas,stda,S0T1,0.20027539393767507,0.7032774382989817,0.2847743764140671,0.2967225617010182,0.7152256235859328,0.6598403460744676,0.8970812523452746
DTRZSFX,gas,stddft,S0T1,0.20384081976509305,0.7028339424387557,0.2900269999166347,0.2971660575612443,0.7099730000833653,0.5385107392849557,0.9093057954807299
2CzCbPy,gas,stddft,S0T1,0.40061179006711456,0.5925527099203913,0.6760778971392034,0.40744729007960867,0.32392210286079676,1.3924157857929638,0.6816198730132438
SPBP-DPAC,gas,stda,S0S1,0.09168117495172891,0.7249626574672887,0.126463306775033,0.2750373425327112,0.8735366932249671,2.542795781733252,0.6512841730821236
SPBP-DPAC,gas,stda,S0T1,0.1219574440040387,0.6708163615705931,0.18180451609513187,0.3291836384294069,0.8181954839048677,2.0373919799675755,0.6964096203266033
SPBP-DPAC,gas,stddft,S0S1,0.09244435230953503,0.726047880087505,0.12732542142867137,0.27395211991249474,0.8726745785713285,2.587551416143517,0.6466428794780822
2CzCbPy,gas,stda,S0S1,0.17945972629492232,0.3856516463628985,0.46534152774250204,0.6143483536371016,0.5346584722574979,1.2722850069660112,0.7343061567011313
2CzCbPy,gas,stddft,S0S1,0.1720977027601778,0.3796960690765593,0.4532512100499972,0.6203039309234406,0.5467487899500031,1.408312979263002,0.7345460105831279
-ph-pCzAnBzt,gas,stda,S0S1,0.014461557300432148,0.9967304772041924,0.014508994789641133,0.0032695227958076905,0.9854910052103588,0.2316636300248566,0.9905628675570963
SPBP-DPAC,gas,stddft,S0T1,0.12589439539472605,0.6657683149350848,0.18909640571735722,0.3342316850649153,0.8109035942826428,1.9329887757061806,0.7059310871845603
-ph-pCzAnBzt,gas,stda,S0T1,0.013549591375452818,0.9970726178996574,0.013589372661737674,0.0029273821003425356,0.9864106273382623,0.08805110395335383,0.995516893801573
-ph-pCzAnBzt,gas,stddft,S0S1,0.014742768067040932,0.9966345234482489,0.01479255205411963,0.0033654765517511184,0.9852074479458803,0.2149128996911439,0.990912383817754
-ph-pCzAnBzt,gas,stddft,S0T1,0.013349847006305897,0.997167290861253,0.013387770666620682,0.002832709138747033,0.9866122293333793,0.08228897131634351,0.9957625631471747
MeOCzPCN,gas,stda,S0S1,0.24502492288674366,0.8763057707772494,0.2796112168352104,0.12369422922275082,0.7203887831647897,1.515634926354738,0.6094324337829659
MeOCzPCN,gas,stddft,S0S1,0.24377579185274792,0.870143084205523,0.2801559838579024,0.12985691579447686,0.7198440161420976,1.3656503853522197,0.6087810661851843
AQTC,gas,stda,S0S1,0.08409091527492928,0.9242854450664891,0.09097937842013745,0.07571455493351081,0.9090206215798622,0.5816596108110424,0.8261587245565007
MeOCzPCN,gas,stda,S0T1,0.21115270598758434,0.6398582990712314,0.32999916746266666,0.3601417009287684,0.6700008325373333,0.27670840175516653,0.7471411871857382
AQTC,gas,stda,S0T1,0.08016563717109806,0.10450298980631936,0.7671133363712662,0.8954970101936807,0.23288666362873378,0.7803147562061329,0.9272186462412412
MeOCzPCN,gas,stddft,S0T1,0.21352106696605927,0.6409075889133156,0.33315421857945665,0.3590924110866845,0.6668457814205433,0.2726012821751303,0.7479132941804042
C-BPyIA,gas,stda,S0S1,0.14137270243907502,0.8410791709524086,0.1680848929821785,0.1589208290475912,0.8319151070178216,0.15419850379422417,0.9907663598320994
C-BPyIA,gas,stddft,S0S1,0.14294422326670397,0.8397642539360026,0.17021946647135755,0.1602357460639972,0.8297805335286422,0.1329110885444238,0.9908494145110455
AQTC,gas,stddft,S0S1,0.08407974351377745,0.9243050446856552,0.09096536256855758,0.07569495531434475,0.9090346374314426,0.5816037862236733,0.8261529294720295
C-BPyIA,gas,stda,S0T1,0.13488720643359792,0.85075037214611,0.1585508638607237,0.14924962785388995,0.8414491361392764,0.11050142990220907,0.9894720190480553
AQTC,gas,stddft,S0T1,0.15051658167680673,0.381923433080927,0.39410145762099197,0.618076566919073,0.6058985423790081,1.3183168278482316,0.8730181590411885
C-BPyIA,gas,stddft,S0T1,0.1335023973612707,0.852103103983027,0.15667399489244194,0.14789689601697287,0.8433260051075578,0.11999401303662367,0.9890531248504603
TXO-TPA,gas,stda,S0S1,0.08500676488866964,0.888086990823047,0.09571896195651783,0.11191300917695315,0.9042810380434821,0.8143925378452833,0.7568400350798293
TXO-TPA,gas,stda,S0T1,0.17820548494839208,0.6949599774613766,0.2564255363299624,0.3050400225386233,0.7435744636700371,1.1050407292814346,0.7597295643396711
TXO-TPA,gas,stddft,S0T1,0.17683347182717135,0.698628063258708,0.2531153286375907,0.301371936741292,0.7468846713624095,1.0568236838692813,0.7701127938791882
TXO-TPA,gas,stddft,S0S1,0.08487642345244192,0.8880819346867346,0.09557273956077213,0.11191806531326536,0.904427260439228,0.814147627194836,0.7566712133090726
DPACPhTPI,gas,stda,S0T1,0.16622096107982548,0.30331775635712344,0.5480093321147955,0.6966822436428766,0.4519906678852045,0.6633157172330747,0.8332928625255727
DPACPhTPI,gas,stddft,S0T1,0.16767898996038447,0.30264784640137643,0.554039924467217,0.6973521535986236,0.44596007553278305,0.6408834389925944,0.8416639058492553
SiCz2Py2,gas,stda,S0T1,0.0973435777803987,0.10531447969822179,0.9243133333548846,0.8946855203017781,0.07568666664511509,1.298787887669334,0.6728590227659116
DPACPhTPI,gas,stda,S0S1,0.08265964985694363,0.08963089222866616,0.9222227716540241,0.9103691077713336,0.07777722834597597,0.1968734652008985,0.7392800920516059
SiCz2Py2,gas,stddft,S0T1,0.07899569831598707,0.08371821924423964,0.9435902845176977,0.9162817807557605,0.05640971548230243,1.310867284912158,0.67492972084464
DPACPhTPI,gas,stddft,S0S1,0.08074360872397761,0.08742782869657673,0.9235458540804315,0.9125721713034234,0.0764541459195685,0.2100154776888351,0.7416224257311346
DpAn-BzAc,gas,stda,S0T1,0.4210036087073662,0.5219563757669362,0.8065877308017645,0.47804362423306374,0.19341226919823537,0.8464122026698634,0.7092712897445294
DpAn-BzAc,gas,stda,S0S1,0.02122256822187767,0.022320404687510967,0.9508146702085749,0.9776795953124892,0.049185329791424835,0.46218071408620204,0.7305347933148654
DpAn-BzAc,gas,stddft,S0T1,0.4131929394969462,0.5117376549267165,0.807431181815451,0.48826234507328337,0.1925688181845491,0.8284304507257726,0.7119570380321808
SiCz2Py2,gas,stda,S0S1,0.029848412313501653,0.9966533870722697,0.02994863881532896,0.0033466129277302968,0.970051361184671,0.37887913880219193,0.7823914859712745
DpAn-BzAc,gas,stddft,S0S1,0.02025813620134328,0.021306013906968558,0.9508177498521884,0.9786939860930315,0.049182250147811864,0.40691702201977836,0.7262864443917167
SiCz2Py2,gas,stddft,S0S1,0.03876533304336433,0.9849377906937961,0.03935815379371097,0.015062209306204041,0.9606418462062892,0.38585090454870485,0.784109390698182
BDAPM,gas,stda,S0S1,0.17213331316726893,0.8807594650101978,0.19543736968557687,0.11924053498980224,0.8045626303144231,0.2872925705802379,0.6951542079563732
BDAPM,gas,stddft,S0S1,0.17121947951406927,0.8800867397272089,0.19454841413374818,0.11991326027279103,0.8054515858662519,0.29620396386256703,0.69158693663931
BDAPM,gas,stda,S0T1,0.0803002414705737,0.9223053480482277,0.08706470328997243,0.07769465195177223,0.9129352967100275,1.166093941038601,0.7735355094612032
DICzTrz,gas,stda,S0S1,0.24518572414788264,0.3365321047872365,0.7285656276476054,0.6634678952127634,0.2714343723523952,0.6730958130986066,0.6193137632066642
DICzTrz,gas,stda,S0T1,0.11864223970499509,0.749822354680755,0.15822713068551858,0.2501776453192449,0.8417728693144815,1.7330081105116912,0.6276193019551807
DICzTrz,gas,stddft,S0S1,0.24834682841177838,0.367285559261929,0.6761682351760263,0.6327144407380713,0.32383176482397347,0.7581161183369794,0.6057217348641767
DICzTrz,gas,stddft,S0T1,0.14347144655691496,0.7541009019247653,0.19025497276388184,0.24589909807523472,0.8097450272361184,1.7751814986636663,0.6742331040788221
BDAPM,gas,stddft,S0T1,0.07344932981380234,0.9279556070519153,0.07915177111451319,0.07204439294808475,0.9208482288854868,1.2371768765300222,0.7807412581111528
DCzTrz,gas,stda,S0S1,0.3311479815429744,0.666493446340719,0.49685106937073736,0.33350655365928095,0.5031489306292628,0.8602583693909288,0.6959975094608634
p2Cz2Trz,gas,stda,S0T1,0.11437730207865972,0.5488027606457008,0.2084124029261217,0.45119723935429906,0.7915875970738783,1.5892874011862426,0.6381402047281054
DCzTrz,gas,stda,S0T1,0.2934666052242646,0.7123652768695279,0.4119608503574129,0.2876347231304719,0.5880391496425873,0.7341627380989039,0.7102107836401853
DCzTrz,gas,stddft,S0T1,0.2974044341421214,0.7011473883479898,0.42416821211136735,0.2988526116520102,0.5758317878886327,0.7259055013110185,0.7135021185289135
p2Cz2Trz,gas,stddft,S0T1,0.11590478783470276,0.5510845547502352,0.21032124169626493,0.4489154452497648,0.789678758303735,1.5656235354078163,0.65206510845837
DCzTrz,gas,stddft,S0S1,0.3297057805643894,0.665831738136367,0.4951788292447894,0.33416826186363324,0.5048211707552104,0.8587178332926155,0.6938714016958019
CBIQD,gas,stda,S0S1,0.008702128895156286,0.5582653674266805,0.015587800001401976,0.44173463257331935,0.9844121999985979,2.369438266559656,0.4425779687232216
CBIQD,gas,stda,S0T1,0.016208466180515517,0.9969166443972828,0.016258597217337918,0.0030833556027171872,0.9837414027826621,0.5181603550085995,0.9270459224999507
p2Cz2Trz,gas,stda,S0S1,0.11061844488373974,0.5541700293778966,0.19961102011943596,0.4458299706221035,0.800388979880564,1.151297095816633,0.6009775266938694
p2Cz2Trz,gas,stddft,S0S1,0.11291149688939565,0.5521285543933684,0.20450218701956674,0.4478714456066318,0.795497812980433,1.134226005208069,0.6022448936081592
CBIQD,gas,stddft,S0S1,0.014671516070564328,0.7601133274249949,0.019301748227815486,0.2398866725750051,0.9806982517721845,0.9701574652640388,0.6454214662429697
CBIQD,gas,stddft,S0T1,0.016250123139180103,0.9973289200608185,0.016293644766852994,0.002671079939181495,0.9837063552331471,0.48506070954196046,0.9307510352185752
pCNBCzoCF3,gas,stda,S0S1,0.22999326411015178,0.8542034096066955,0.26924882472202794,0.14579659039330442,0.7307511752779718,1.5204172719707902,0.5835964634415279
pCNBCzoCF3,gas,stda,S0T1,0.21220806425063451,0.8768742216623439,0.2420051348394514,0.12312577833765602,0.7579948651605488,0.4057671829910042,0.6692219147197773
czpzpy,gas,stda,S0T1,0.0961046136609036,0.9393507660780915,0.10230961333235777,0.06064923392190845,0.8976903866676422,1.067329073676237,0.6812332573635255
czpzpy,gas,stda,S0S1,0.028920716799077376,0.9853625936626293,0.029350329498076436,0.014637406337370786,0.9706496705019236,0.6478806979775267,0.7102214352384826
pCNBCzoCF3,gas,stddft,S0T1,0.20592189917500178,0.8775401549384729,0.23465809287033665,0.12245984506152716,0.7653419071296637,0.35146599598407313,0.6768209194213781
czpzpy,gas,stddft,S0T1,0.09493843020279451,0.9371673036199396,0.10130360911662364,0.06283269638006048,0.8986963908833764,1.0103735187390397,0.6916862971046552
czpzpy,gas,stddft,S0S1,0.026420756850952586,0.9882766500142942,0.02673417089290781,0.011723349985705785,0.9732658291070926,0.6272925172096613,0.7068686782847912
pCNBCzoCF3,gas,stddft,S0S1,0.13037277284791035,0.8786679263270437,0.1483754771758735,0.12133207367295644,0.8516245228241267,0.6021964437006285,0.7707150523065511
DMAC-ND,gas,stda,S0S1,0.2071868020380308,0.8673814325403495,0.23886469581350273,0.13261856745965053,0.7611353041864974,0.3307683282983945,0.6074067719717142
PPI-PIM-2,gas,stda,S0T1,0.152876087677685,0.2623861979920936,0.5826376876816195,0.7376138020079065,0.41736231231838034,0.4853230159232679,0.8385069194591956
DMAC-ND,gas,stda,S0T1,0.18911923782142753,0.8768883741891744,0.21567082354843506,0.12311162581082537,0.7843291764515649,0.2548619253546244,0.6121847247344655
PPI-PIM-2,gas,stddft,S0T1,0.15363729879739887,0.2610034843046338,0.5886407961438513,0.7389965156953664,0.41135920385614855,0.5007068728055056,0.8460848354253311
DMAC-ND,gas,stddft,S0T1,0.18714181054904358,0.8781091091450339,0.213119085771987,0.12189089085496622,0.786880914228013,0.24999531536016378,0.6130844390988561
PPI-PIM-2,gas,stda,S0S1,0.05412260851392495,0.056379168697573805,0.9599752845638186,0.9436208313024261,0.04002471543618135,0.715634038501711,0.7331652641161628
PPI-PIM-2,gas,stddft,S0S1,0.05332448587359339,0.055502966351214704,0.9607501973167307,0.9444970336487853,0.03924980268326923,0.6860458540035298,0.7343889559619765
DMAC-ND,gas,stddft,S0S1,0.10971944771950516,0.7908049817640186,0.13874400168137302,0.20919501823598147,0.8612559983186269,0.5044540361747522,0.5902469601969127
SiTCNCz,gas,stda,S0T1,0.07726834926435516,0.09164349293895618,0.8431405960903703,0.9083565070610438,0.15685940390962977,0.5719946449881289,0.7190422028695013
SiTCNCz,gas,stddft,S0T1,0.0774183318713123,0.09130559604243302,0.8479034717141892,0.9086944039575671,0.15209652828581083,0.5518490319513374,0.7204916971784541
SiTCNCz,gas,stda,S0S1,0.0009527854268598281,0.0009553901861405763,0.9972736172942382,0.9990446098138595,0.0027263827057616716,0.6084728923430937,0.7751238860304848
PDA-DP,gas,stda,S0S1,0.17668631652273462,0.8802129800620865,0.2007313235829264,0.11978701993791338,0.7992686764170736,1.6618393332046915,0.7204866890105188
SiTCNCz,gas,stddft,S0S1,0.000771519088067764,0.0007731233168663623,0.9979250026954296,0.9992268766831337,0.0020749973045704976,0.6271386982982315,0.7776542789017306
PDA-DP,gas,stddft,S0T1,0.19146958361529567,0.8763327538129254,0.2184895894649734,0.12366724618707464,0.7815104105350265,1.625055475253724,0.7382801042045339
PDA-DP,gas,stda,S0T1,0.18948133905270728,0.8773950804747654,0.21595897135664063,0.1226049195252345,0.7840410286433597,1.6144498877344688,0.7337643294468646
MOF,gas,stddft,S0T1,0.008826527275709872,0.008994756332503283,0.9812969856464592,0.9910052436674966,0.01870301435354097,1.1975170599383196,0.8143756288236074
PDA-DP,gas,stddft,S0S1,0.17580975866383827,0.8804710274739749,0.19967693788656196,0.11952897252602507,0.800323062113438,1.66584507021369,0.7158490598098443
MOF,gas,stda,S0T1,0.04079390004514485,0.9890257650158375,0.041246549370219494,0.010974234984162331,0.9587534506297807,0.2942477978041812,0.7529660639117359
MOF,gas,stda,S0S1,0.04611887569231539,0.9798494355562668,0.04706730852596084,0.020150564443733143,0.952932691474039,0.9316415690672971,0.7229195982757577
MOF,gas,stddft,S0S1,0.04561692771978497,0.9808338825733568,0.04650831147890455,0.019166117426643262,0.9534916885210953,0.903444905982507,0.7242810396921926
2ICz-OXD,gas,stda,S0T1,0.05927970087212661,0.9140644137776354,0.06485287029951874,0.08593558622236475,0.9351471297004811,0.2959713395702476,0.7080564626199715
2ICz-OXD,gas,stddft,S0T1,0.057546222512820676,0.9147768227440323,0.06290739017654685,0.08522317725596786,0.9370926098234531,0.32006814494363905,0.7093590822597478
PXZ-ND,gas,stda,S0S1,0.19781740831822955,0.7749328641271906,0.2552703820879141,0.22506713587280938,0.7447296179120859,0.36265242397029424,0.6077155211390979
PXZ-ND,gas,stda,S0T1,0.19164230020725317,0.8008842571436027,0.23928838467964883,0.1991157428563973,0.7607116153203515,0.24378891393988164,0.6284606286268586
PXZ-ND,gas,stddft,S0S1,0.19629564153408313,0.7767322043692095,0.2527198440207541,0.22326779563079044,0.7472801559792462,0.3594735486479361,0.6071179114126448
2ICz-OXD,gas,stda,S0S1,0.22816480053318025,0.9572074434695916,0.23836505042851616,0.042792556530408254,0.7616349495714838,0.5448581012290903,0.6221368065328452
CZ-TRZ,gas,stda,S0T1,0.031147568307643658,0.9938127089636334,0.031341487210527756,0.006187291036366741,0.9686585127894722,0.4992856396320135,0.677066826192873
PXZ-ND,gas,stddft,S0T1,0.19081830930980692,0.8052952947044215,0.2369544570353482,0.19470470529557843,0.7630455429646518,0.22037035026023402,0.6328470339860077
2ICz-OXD,gas,stddft,S0S1,0.21797226912940554,0.9650330059908437,0.22587027363442702,0.03496699400915636,0.7741297263655728,0.5579167462911409,0.6359925126525225
CZ-TRZ,gas,stda,S0S1,0.02957691436441382,0.9998160228122843,0.02958235684323184,0.00018397718771557666,0.970417643156768,0.9844889425929891,0.7598766607828021
CZ-TRZ,gas,stddft,S0T1,0.030834841799463438,0.9940724551012629,0.031018706575389816,0.0059275448987372225,0.9689812934246099,0.5018824951765121,0.6794751446434432
PBICT,gas,stda,S0T1,0.10904898793299299,0.16280331286586047,0.6698204478359872,0.8371966871341397,0.3301795521640128,0.8656410147565293,0.7969035581047358
CzCbPy,gas,stda,S0T1,0.4181532914187335,0.629072187951225,0.664714319640459,0.3709278120487749,0.3352856803595411,1.3266916249153509,0.6859830978149152
CzCbPy,gas,stda,S0S1,0.16525679067084229,0.401274643653648,0.41182963659542937,0.5987253563463519,0.5881703634045705,1.3033533447686385,0.7321452937828364
CZ-TRZ,gas,stddft,S0S1,9.138689113002837e-05,9.143613367964154e-05,0.9994614541578748,0.9999085638663202,0.000538545842125077,1.7564362990391407,0.7603558522232505
CzCbPy,gas,stddft,S0S1,0.1592078177229509,0.3929649334070521,0.4051451012246829,0.6070350665929481,0.594854898775317,1.3650089171046818,0.7320087430330772
PBICT,gas,stddft,S0T1,0.10891106252837736,0.16141083914658383,0.6747444168199308,0.8385891608534162,0.3252555831800694,0.8564112957459441,0.8003336325617928
PBICT,gas,stda,S0S1,0.30247775622711887,0.36249236268011464,0.834438976840027,0.6375076373198851,0.16556102315997273,0.49321001866033276,0.7457164922476347
CzCbPy,gas,stddft,S0T1,0.41502363489544225,0.6219801406071784,0.6672618750982873,0.3780198593928217,0.3327381249017128,1.2851394226239554,0.6885050439303882
DCzBNPh-1,gas,stda,S0T1,0.02232453832893249,0.9976381277639261,0.022377390867137355,0.0023618722360739387,0.9776226091328624,1.022665002426132,0.7071504893050773
PBICT,gas,stddft,S0S1,0.028276613455440892,0.9953442650811059,0.02840887765916526,0.004655734918894167,0.9715911223408347,1.5926324302028274,0.7253017862319989
BDPCC,gas,stda,S0S1,0.11252631173801479,0.926487879290823,0.12145470464670048,0.07351212070917688,0.8785452953532996,0.6212049467458172,0.7211255049285326
BDPCC,gas,stddft,S0T1,0.113314380882111,0.933220994979735,0.121422879994863,0.06677900502026497,0.878577120005137,0.6754393225626022,0.7497585711043155
DCzBNPh-1,gas,stddft,S0T1,0.022253386264873012,0.9977011301079084,0.022304661780293014,0.0022988698920915363,0.977695338219707,0.9889953598330526,0.7098232766718591
DCzBNPh-1,gas,stda,S0S1,0.025915248280392874,0.9996382201995033,0.02592462728688067,0.0003617798004966819,0.9740753727131194,1.3412810656494514,0.749098934646307
DCzBNPh-1,gas,stddft,S0S1,0.024450504825349315,0.9996666110820536,0.024458659071231494,0.00033338891794630897,0.9755413409287685,1.3557280691485534,0.7540437725959263
BDPCC,gas,stda,S0T1,0.3485810224877993,0.61137888347567,0.57015548280982,0.38862111652432996,0.42984451719017996,0.37713621271432146,0.7016038097877279
VBC-PTZ,gas,stda,S0S1,0.2611252960126223,0.7173075321474072,0.3640353465003918,0.2826924678525926,0.6359646534996081,0.6016159056525279,0.7071780712434803
VBC-PTZ,gas,stda,S0T1,0.17233575364034417,0.7051758729882066,0.24438691146659003,0.29482412701179334,0.75561308853341,0.9209978199377542,0.7366991286419357
VBC-PTZ,gas,stddft,S0S1,0.2592224608208035,0.7055604592876537,0.36739935948581803,0.29443954071234624,0.6326006405141821,0.47469410300620024,0.7029952108340554
TCbTrz,gas,stda,S0S1,0.179478035716909,0.844387122140168,0.2125542076743275,0.1556128778598318,0.7874457923256726,2.8426377484867515,0.6229784408135125
VBC-PTZ,gas,stddft,S0T1,0.16507110393639682,0.7163602192167592,0.23043030518484017,0.2836397807832406,0.7695696948151599,0.8532672957435742,0.7404993747746074
TCbTrz,gas,stddft,S0S1,0.18305503860277356,0.8467780234621927,0.21617830592050868,0.15322197653780728,0.7838216940794911,2.6953946696818045,0.6312127640141996
SABIQ,gas,stda,S0S1,0.2471762284939584,0.5977021389737049,0.4135441591665988,0.40229786102629506,0.5864558408334014,2.7623650725024786,0.5540671391406228
m-TPA-AP-TPA,gas,stda,S0T1,0.21180837253003099,0.7053492760424243,0.3002886367424179,0.29465072395757574,0.6997113632575821,0.10103924951603764,0.9945334793312862
m-TPA-AP-TPA,gas,stddft,S0T1,0.2099255249653665,0.7079242530897158,0.29653670438490043,0.29207574691028415,0.7034632956150997,0.10987193591279035,0.9943157458671749
TCbTrz,gas,stda,S0T1,0.08139913309097105,0.08515815845341404,0.955858306112862,0.914841841546586,0.044141693887138136,1.5281014188975923,0.7246252332822041
m-TPA-AP-TPA,gas,stda,S0S1,0.2290313635987091,0.6577093514351059,0.3482257977615313,0.3422906485648942,0.6517742022384686,0.06606216750117126,0.9891354611315434
TCbTrz,gas,stddft,S0T1,0.0737974659243471,0.07654373497615914,0.9641215698101562,0.9234562650238406,0.03587843018984383,1.4523212626664888,0.7297626716730176
SABIQ,gas,stda,S0T1,0.23563070013278753,0.6842779940052292,0.3443493758342123,0.31572200599477096,0.6556506241657878,0.5220483199835636,0.9442540334630567
SABIQ,gas,stddft,S0S1,0.24746596470459545,0.5976907350574212,0.41403680898754597,0.40230926494257885,0.5859631910124541,2.759578035878194,0.5542619929717185
m-TPA-AP-TPA,gas,stddft,S0S1,0.22999691474426123,0.6578516982764839,0.3496181819501778,0.3421483017235159,0.6503818180498223,0.058787857828755355,0.9893449292457681
SABIQ,gas,stddft,S0T1,0.2353130202748465,0.6819811898261063,0.34504327067268137,0.3180188101738936,0.6549567293273183,0.4784894979687597,0.9520338861273365
DPA,gas,stda,S0S1,0.21564562018164596,0.714543548002258,0.30179493018242814,0.28545645199774194,0.6982050698175719,0.016519193442584547,0.9959344977942538
DPA,gas,stda,S0T1,0.20283838602294646,0.7324656388800004,0.2769254627877191,0.2675343611199998,0.723074537212281,0.027972853721616897,0.9966676983506777
DPA,gas,stddft,S0S1,0.21716180299123722,0.7131569245433744,0.3045077394856444,0.28684307545662563,0.6954922605143552,0.01971406651292347,0.9958247552763907
DPA,gas,stddft,S0T1,0.2003601487264053,0.7351471308284047,0.2725442844354549,0.2648528691715954,0.7274557155645452,0.035063498785148264,0.9967843130535686
CCDD,gas,stda,S0S1,0.1880713850704298,0.7341558047468283,0.25617366757085813,0.2658441952531716,0.743826332429142,1.48027070115144,0.7191553522293408
CCDD,gas,stda,S0T1,0.25372513557993764,0.7500777661801993,0.33826510665959736,0.24992223381980064,0.6617348933404027,2.120386006241284,0.6147013605283456
m-DHMPA,gas,stda,S0S1,0.22055830577203933,0.703208499311839,0.3136456769050403,0.29679150068816085,0.6863543230949597,0.008831065910743745,0.994879964677537
CCDD,gas,stddft,S0S1,0.18161905151049937,0.7449731906026988,0.24379273482790134,0.2550268093973011,0.7562072651720985,1.622955625287523,0.7242060907451411
CCDD,gas,stddft,S0T1,0.25239687180227083,0.7438701667039536,0.33930231793086557,0.25612983329604627,0.6606976820691344,2.004575770581082,0.6381808474903481
m-DHMPA,gas,stda,S0T1,0.20876182643999883,0.7162331546599793,0.29147188325721296,0.2837668453400207,0.708528116742787,0.04091162513558756,0.9949394136794056
m-DHMPA,gas,stddft,S0S1,0.2220952192829885,0.7013185158946071,0.3166823836095104,0.29868148410539286,0.6833176163904897,0.011308249269396851,0.9947257438030054
benzoxazole,gas,stda,S0S1,0.09763433334883244,0.9163098268287785,0.10655166024654712,0.08369017317122178,0.893448339753453,1.2677950888580765,0.7332664797620202
benzoxazole,gas,stda,S0T1,0.09041568943412874,0.90641600405027,0.09975076458283086,0.09358399594973013,0.9002492354171691,0.28626618484406674,0.8926374737415375
benzoxazole,gas,stddft,S0S1,0.09784297233963347,0.9128248211810222,0.10718701997283907,0.08717517881897814,0.8928129800271608,1.160079030681281,0.7382566670424567
m-DHMPA,gas,stddft,S0T1,0.20666477397415123,0.7182301316808212,0.28774172073581605,0.28176986831917883,0.7122582792641838,0.0500405852501906,0.9948168357619346
benzoxazole,gas,stddft,S0T1,0.1175867882809057,0.9154290715838957,0.12844991701809777,0.08457092841610417,0.8715500829819024,0.42854725013890227,0.9334955855790138
TPA-L-BN,gas,stda,S0S1,0.2060957427492175,0.8495965421976738,0.24258072215796006,0.15040345780232622,0.7574192778420401,1.515157842856255,0.582210897118255
TPA-L-BN,gas,stda,S0T1,0.1633872095843921,0.8394744109052208,0.19463036331054884,0.16052558909477918,0.8053696366894513,1.4146052127810962,0.6580502265659217
3DMAC-BP-CN,gas,stda,S0S1,0.3900162413845989,0.7660136698533021,0.509150497874653,0.2339863301466977,0.490849502125347,7.026527688298498,0.3294500336551425
TPA-L-BN,gas,stddft,S0S1,0.2092277179059155,0.849606856171698,0.24626415898841622,0.15039314382830207,0.7537358410115838,1.5164998364238413,0.5740640441408864
3DMAC-BP-CN,gas,stda,S0T1,0.3000781591772774,0.8422247862645633,0.3562922441503824,0.15777521373543665,0.6437077558496178,2.0584824576366363,0.7970839780382013
TPA-L-BN,gas,stddft,S0T1,0.16254342889289047,0.8381031991884135,0.19394202175852712,0.16189680081158644,0.8060579782414727,1.3726400703118975,0.6687045429716711
3DMAC-BP-CN,gas,stddft,S0S1,0.3932706493712237,0.7705142700309535,0.5104002153722929,0.22948572996904645,0.48959978462770715,6.9825859271153545,0.34332516289825155
3DMAC-BP-CN,gas,stddft,S0T1,0.12128949308502185,0.9299947135243735,0.13041955112344095,0.0700052864756264,0.869580448876559,0.5572860731104201,0.7420391755266118
MDP3FL,gas,stda,S0T1,0.20518517077597417,0.6915786598502909,0.29669100955253813,0.3084213401497091,0.703308990447462,0.6299288432869338,0.8126782406920519
MDP3FL,gas,stddft,S0T1,0.2058130240079569,0.6851486189367312,0.3003917957644783,0.31485138106326904,0.6996082042355216,0.644138652682738,0.8219338707289345
2PBCzPy,gas,stda,S0T1,0.24392746185875647,0.854591369626153,0.285431693471775,0.14540863037384696,0.7145683065282249,0.9159689857643382,0.6861524167951465
CPzPyC,gas,stda,S0S1,0.16533787679935424,0.5241785595536587,0.3154228149662216,0.47582144044634134,0.6845771850337783,1.7610613016237582,0.6450906742993011
MDP3FL,gas,stddft,S0S1,0.18413684173315148,0.7842066649626556,0.23480652481054876,0.21579333503734444,0.7651934751894512,0.21133510297499472,0.8375545059252963
CPzPyC,gas,stddft,S0S1,0.176230905438228,0.526582519153639,0.3346691145795704,0.4734174808463611,0.6653308854204297,1.8689239655064414,0.6577896313596374
2PBCzPy,gas,stda,S0S1,0.21453213934063511,0.47684449302251275,0.44989958462308727,0.5231555069774873,0.550100415376913,0.9406661757087689,0.7750071817345109
CPzPyC,gas,stddft,S0T1,0.23316007316676354,0.6680576947091337,0.34901188177808407,0.3319423052908664,0.6509881182219162,2.312365693983733,0.6888576363988271
CPzPyC,gas,stda,S0T1,0.23122011303503417,0.650833898989948,0.3552674705387546,0.3491661010100519,0.6447325294612454,2.318527070834537,0.6866844462075302
BzITz,gas,stda,S0S1,0.06849436477987471,0.45432760394455207,0.1507598573918789,0.5456723960554479,0.8492401426081213,1.0919468149048681,0.5772246900634783
BzITz,gas,stda,S0T1,0.08619961030450646,0.5529939605679262,0.15587803204212075,0.44700603943207395,0.8441219679578794,0.9200373536510955,0.6577194861274384
BzITz,gas,stddft,S0S1,0.06835287195235706,0.4544436280375318,0.1504100128931985,0.545556371962468,0.8495899871068016,1.104809121926513,0.574172106346823
BzITz,gas,stddft,S0T1,0.088371320081801,0.5676124300342725,0.1556895434380553,0.4323875699657273,0.8443104565619448,0.8822307693992605,0.6708118735347613
BDPCC,gas,stddft,S0S1,0.048984880246389834,0.9472585501665685,0.05171225980253881,0.052741449833431445,0.9482877401974606,0.7102837488978185,0.7271139028165785
2PBCzPy,gas,stddft,S0T1,0.2614582069343257,0.7602710429915349,0.3439013090720027,0.23972895700846508,0.6560986909279971,1.9331646040541517,0.7025788589812328
2PBCzPy,gas,stddft,S0S1,0.23816926198200067,0.7023645525052653,0.33909635834051466,0.2976354474947347,0.6609036416594853,1.179193482615442,0.6836672843348399
SBF-PXZ,gas,stda,S0T1,0.02402469735192175,0.02404165806689955,0.9992945280674651,0.9759583419331004,0.0007054719325349906,2.557279400568583,0.752060238110592
SBF-PXZ,gas,stda,S0S1,0.027861006082028263,0.028596760602891128,0.9742714032865498,0.9714032393971086,0.02572859671344993,2.6486483174472997,0.7281936045520112
SBF-PXZ,gas,stddft,S0S1,0.02756499205125717,0.027806316418027954,0.9913212392773347,0.972193683581972,0.0086787607226653,2.5233013593377525,0.7148862577719587
SBF-PXZ,gas,stddft,S0T1,0.023494644555368947,0.02350963646083105,0.9993623080694131,0.976490363539169,0.0006376919305868421,2.534540057160165,0.7583768151419655
NAI–BiFA,gas,stda,S0T1,0.23320538763163876,0.7062974069706529,0.3301801554558568,0.293702593029347,0.6698198445441431,1.8089885512814838,0.7070835562342813
NAI–BiFA,gas,stda,S0S1,0.22304984061388025,0.7947766097404632,0.2806446967365055,0.20522339025953684,0.7193553032634945,2.7655706252553394,0.6083603598389644
dbG2TAZ,gas,stda,S0S1,0.22778093225215168,0.6831765789517309,0.3334144337934707,0.3168234210482691,0.6665855662065295,0.5223684453361245,0.8024656009936016
dbG2TAZ,gas,stda,S0T1,0.20024493599600057,0.5665212117251492,0.35346414547519267,0.43347878827485076,0.6465358545248072,0.5270859307140683,0.9516790469215918
dbG2TAZ,gas,stddft,S0S1,0.21859230331559218,0.6852462287652437,0.31899818508958044,0.3147537712347564,0.6810018149104196,0.4516016536344495,0.7965643257597219
NAI–BiFA,gas,stddft,S0S1,0.2194124165933438,0.7904054288638637,0.2775947742524103,0.20959457113613628,0.7224052257475897,2.704260628403224,0.6075650724784081
dbG2TAZ,gas,stddft,S0T1,0.20902713444372215,0.5674014811048136,0.3683937060522221,0.4325985188951864,0.6316062939477779,0.4648060340912544,0.9593297132787314
NAI–BiFA,gas,stddft,S0T1,0.23395225620044072,0.6925530054126408,0.337811336276053,0.3074469945873593,0.662188663723947,1.6425289621238064,0.7248448668567433
DDBP,gas,stda,S0T1,0.03117906352056967,0.9427768798438751,0.033071519027633514,0.05722312015612497,0.9669284809723665,0.21395443641125358,0.9598907347805998
DDBP,gas,stddft,S0T1,0.030380462490881287,0.94901527062521,0.03201261711085711,0.05098472937479024,0.9679873828891427,0.19899276309654115,0.9651278654806001
DDBP,gas,stda,S0S1,0.05638429360085461,0.8961773573744961,0.06291644520683047,0.10382264262550368,0.9370835547931696,0.547279427908297,0.7511424555673846
OXD-7,gas,stda,S0S1,0.26589825166634107,0.9103798676478941,0.2920739584821114,0.08962013235210589,0.7079260415178887,1.8651533983835618,0.8549489895907979
OXD-7,gas,stda,S0T1,0.24486059473990307,0.8382804787126681,0.2920986483139044,0.16171952128733189,0.7079013516860956,1.1849850198320862,0.904017210743731
OXD-7,gas,stddft,S0S1,0.2605991592580165,0.9046824102065509,0.28805595899506686,0.09531758979344915,0.7119440410049331,1.704962911457835,0.8644846968592194
DDBP,gas,stddft,S0S1,0.05513498533375511,0.904919243959164,0.06092807253444062,0.09508075604083595,0.9390719274655589,0.38447430859546833,0.7477488729231644
CN-TPA,gas,stda,S0S1,0.05270198271630472,0.9239128654315865,0.057042156991380454,0.0760871345684137,0.9429578430086197,1.842355810635773,0.6791612324573326
OXD-7,gas,stddft,S0T1,0.09324221971792508,0.8961778332003285,0.10404432721232242,0.10382216679967149,0.8959556727876776,0.3600673086465002,0.9442374201289421
CN-TPA,gas,stda,S0T1,0.03627870598483366,0.9348793323640796,0.03880576319201939,0.06512066763592021,0.9611942368079808,1.8214530253661567,0.7347549984152534
AcHPM,gas,stda,S0S1,0.08303751199734986,0.8563439809344018,0.0969674731721046,0.1436560190655977,0.9030325268278953,1.291243295521362,0.3479932065825816
AcHPM,gas,stda,S0T1,0.026469336905687074,0.9903836574481211,0.026726346609847615,0.009616342551878945,0.9732736533901525,1.0918950240797345,0.7105751131025698
AcHPM,gas,stddft,S0S1,0.08387864350095557,0.8539817034443897,0.09822065644105178,0.14601829655561,0.901779343558948,1.3353493842472488,0.34631158389464056
AcHPM,gas,stddft,S0T1,0.02616155888518488,0.9906078277679017,0.02640960241969187,0.009392172232098444,0.9735903975803081,1.0729356709528666,0.7145634446173381
APPT,gas,stda,S0S1,0.12382526802318396,0.7216493478840222,0.17158647532386348,0.278350652115978,0.8284135246761365,0.7118951882965968,0.7090749361699824
APPT,gas,stda,S0T1,0.11756707049976352,0.949778085742066,0.12378372618263542,0.050221914257934014,0.8762162738173647,0.26623890651898996,0.9318218786090836
APPT,gas,stddft,S0S1,0.12390123084062159,0.7246178518118341,0.17098837757145924,0.27538214818816564,0.8290116224285405,0.6934321802982567,0.7081686733876558
CN-TPA,gas,stddft,S0T1,0.03538787600116492,0.9368360960637374,0.03777381779998933,0.06316390393626253,0.9622261822000108,1.7812385552787624,0.744342176678747
APPT,gas,stddft,S0T1,0.11166710924794329,0.9520476510177998,0.11729151280249893,0.047952348982200264,0.8827084871975011,0.25604553804862934,0.9373298523432122
CN-TPA,gas,stddft,S0S1,0.0526177549135281,0.9235185894768727,0.056975306737824784,0.07648141052312744,0.9430246932621751,1.8904428420765609,0.6755035257633839
SAFDPA,gas,stda,S0T1,0.04277807838531436,0.945009900555069,0.04526733355934988,0.054990099444931,0.9547326664406502,2.728961225217487,0.7076478465524033
SAFDPA,gas,stddft,S0T1,0.04216853229894789,0.9468378027511495,0.044536173119009634,0.053162197248850435,0.9554638268809901,2.5998835829715583,0.7286104139970093
35tCzBPym,gas,stda,S0S1,0.14478204212572918,0.9519514931294581,0.1520897263890734,0.04804850687054181,0.8479102736109265,3.532625101821076,0.46220489670409626
35tCzBPym,gas,stda,S0T1,0.1690431755866159,0.9613397565252291,0.17584124076759702,0.03866024347477086,0.824158759232403,3.3356980788340183,0.4831878870774522
SAFDPA,gas,stda,S0S1,0.03585881609932101,0.9967090432115896,0.035977215561099916,0.003290956788410374,0.9640227844389,1.5955259730129026,0.5995194205835943
SAFDPA,gas,stddft,S0S1,0.0345419641473092,0.9968011016227619,0.03465281498091839,0.003198898377238103,0.9653471850190816,1.5508977722527026,0.5971952198339683
35tCzBPym,gas,stddft,S0T1,0.17127422449351154,0.9625504167708981,0.17793792564974542,0.03744958322910186,0.8220620743502544,3.2912751735324104,0.4893123066459972
PhICz-Pyr,gas,stda,S0T1,0.11966044354662528,0.68364459358913,0.1750331161377415,0.31635540641086984,0.8249668838622586,1.004889896859252,0.6026047595994992
PhICz-Pyr,gas,stda,S0S1,0.29646546902431514,0.9200959229158622,0.32221147995612337,0.07990407708413794,0.6777885200438768,0.8432022656953665,0.6060685885565115
PhICz-Pyr,gas,stddft,S0T1,0.12040628577767305,0.6865364367978419,0.1753822220118056,0.3134635632021584,0.8246177779881946,0.9622383579107879,0.603085055392549
CNTPA-PXZ,gas,stda,S0T1,0.2943501353637894,0.3111233291815226,0.9460882799696869,0.6888766708184774,0.05391172003031315,1.2353091353644352,0.7917672924158834
CNTPA-PXZ,gas,stda,S0S1,0.02250722729233175,0.9802931736503931,0.022959689914517977,0.01970682634960661,0.9770403100854821,0.8269607213726632,0.7252184062768527
PhICz-Pyr,gas,stddft,S0S1,0.3105169413807718,0.9142554923122964,0.3396391315029735,0.0857445076877035,0.6603608684970267,0.8422280588561347,0.6028294975862403
CNTPA-PXZ,gas,stddft,S0T1,0.2904879379826304,0.3071567781723728,0.9457318171881981,0.6928432218276273,0.054268182811801964,1.2107159599922124,0.798220400924269
35tCzBPym,gas,stddft,S0S1,0.02405851242926635,0.688846357944754,0.03492580334030867,0.31115364205524615,0.9650741966596912,3.2413312502464366,0.6241086748307022
MDP3FL,gas,stda,S0S1,0.18445906753726105,0.7840981135296802,0.2352499825651969,0.2159018864703198,0.7647500174348028,0.20964439700426493,0.8378460301173897
BDQDMAC,gas,stda,S0S1,0.15170225436640014,0.7889587352090689,0.19228160814545014,0.2110412647909312,0.8077183918545496,1.3362117654718495,0.5486479599008173
BDQDMAC,gas,stda,S0T1,0.14134196439160823,0.820737661312148,0.17221332839245962,0.17926233868785227,0.8277866716075403,1.331234025505519,0.5985255037801479
BDQDMAC,gas,stddft,S0S1,0.15246139313945176,0.7892511460700063,0.19317221634535134,0.21074885392999362,0.8068277836546491,1.3491341823310274,0.5470714983026221
CNTPA-PXZ,gas,stddft,S0S1,0.02310561379873897,0.9796822257960128,0.023584804531862527,0.020317774203986762,0.976415195468137,0.860918688882574,0.7202790341691054
BDQDMAC,gas,stddft,S0T1,0.13861036523147052,0.8256291348376162,0.16788453723684574,0.17437086516238368,0.8321154627631543,1.3009970794896926,0.6161389452528978
PzTDBA,gas,stda,S0T1,0.14840716038636653,0.8261235286769717,0.17964282003205873,0.17387647132302853,0.8203571799679413,1.5978817482432093,0.5808856599455171
DV-3CzCN,gas,stddft,S0T1,0.07651071847008764,0.8328408293477776,0.09186715609272597,0.16715917065222247,0.9081328439072739,1.0629794120251603,0.7932125688795486
DV-3CzCN,gas,stda,S0T1,0.07064120602783629,0.8327099137399759,0.08483291103208228,0.16729008626002426,0.9151670889679178,1.1464229378203366,0.784080000113311
PzTDBA,gas,stddft,S0T1,0.14861829807886845,0.8251596066710708,0.18010854733720796,0.1748403933289292,0.8198914526627921,1.5409884558916,0.583805283446752
DV-3CzCN,gas,stda,S0S1,0.03182987622198107,0.9895835338569242,0.03216492103291514,0.010416466143075962,0.9678350789670848,0.8281954179249305,0.756867739784119
DV-3CzCN,gas,stddft,S0S1,0.11893112269937338,0.7569690110837148,0.15711491614313988,0.2430309889162853,0.8428850838568599,0.7220535819126039,0.6842216916087248
PzTDBA,gas,stddft,S0S1,0.07245154160613837,0.706678844342255,0.10252399967282595,0.293321155657745,0.8974760003271741,1.753919005150095,0.5593589114308077
APDC-DTPA,gas,stda,S0S1,0.1338205961463399,0.6827851856937706,0.19599223731013768,0.3172148143062294,0.8040077626898624,3.1578024654438934,0.561398612585981
m-ν-DABNA,gas,stda,S0S1,0.08279704086219697,0.8187207177370713,0.10112977364374806,0.1812792822629286,0.8988702263562519,2.4614729589015543,0.615024615935422
APDC-DTPA,gas,stda,S0T1,0.1435309032004955,0.6893450695182015,0.20821343264384615,0.3106549304817987,0.7917865673561538,2.149840392003283,0.7567640676571304
APDC-DTPA,gas,stddft,S0S1,0.13390768634937417,0.6828145214689756,0.1961113628065369,0.31718547853102425,0.803888637193463,3.1157868064435514,0.5800274335341471
APDC-DTPA,gas,stddft,S0T1,0.14570517889805296,0.6897029656484633,0.21125786919164538,0.3102970343515365,0.7887421308083549,1.9989919067364452,0.7762023419090378
CN-QP,gas,stda,S0S1,0.07723484953620169,0.7744820509274166,0.09972451839744448,0.22551794907258382,0.900275481602555,1.282675395223095,0.5824965470816974
CN-QP,gas,stda,S0T1,0.29576191907679894,0.29708717318723643,0.9955391742557587,0.7029128268127631,0.0044608257442412,2.340112816690476,0.7159125295414525
m-ν-DABNA,gas,stda,S0T1,0.09561168221636511,0.8353689642376444,0.1144544342793727,0.1646310357623556,0.8855455657206273,1.7248899199510397,0.6493901955911133
CN-QP,gas,stddft,S0S1,0.3236960259462848,0.3277468753982564,0.98764031099595,0.6722531246017434,0.012359689004050052,2.2561730338681616,0.6635079794332243
m-ν-DABNA,gas,stddft,S0T1,0.09660777355759359,0.8339395669398314,0.1158450532717844,0.16606043306016852,0.8841549467282156,1.6915411305415091,0.6505141139921355
m-ν-DABNA,gas,stddft,S0S1,0.08230408363320767,0.8205524605740354,0.10030325614480523,0.17944753942596448,0.8996967438551949,2.4492272470677903,0.6166588531539174
CN-QP,gas,stddft,S0T1,0.29154231598021135,0.2930401117794752,0.994888768673447,0.7069598882205249,0.005111231326553136,2.3136888032983767,0.7245521191804236
Px2BP,gas,stda,S0S1,0.0510624515803785,0.6537235123729465,0.07811016525170902,0.3462764876270539,0.921889834748291,1.8407735840029762,0.4283265937624111
Px2BP,gas,stda,S0T1,0.05162262796637368,0.7101961777481242,0.0726878425761987,0.2898038222518757,0.9273121574238009,1.8064595465556499,0.5024062407043006
Px2BP,gas,stddft,S0S1,0.050647535833180116,0.6580714831529952,0.07696357786317426,0.3419285168470046,0.9230364221368256,1.9038810513042705,0.4296756098610656
FAC,gas,stda,S0S1,0.0511182912868961,0.9672244764370806,0.05285049389485898,0.03277552356291933,0.9471495061051409,1.353232367347315,0.645677465988435
FAC,gas,stda,S0T1,0.027563069489652054,0.9695096661901471,0.028429906839367386,0.03049033380985273,0.9715700931606327,0.5443152773587688,0.719850241066689
Px2BP,gas,stddft,S0T1,0.051031533924273606,0.7142456047139958,0.07144815955109458,0.28575439528600416,0.9285518404489055,1.7877164433026413,0.514260957243579
SiCz3Py1,gas,stda,S0T1,0.027343276310274396,0.9968184229742966,0.02743054871386487,0.0031815770257034508,0.9725694512861353,0.9413791161574014,0.7225079287869453
SiCz3Py1,gas,stddft,S0S1,0.02766338299539438,0.9959530305145284,0.027775790773087908,0.004046969485471562,0.972224209226912,1.108761973976961,0.70679838014388
FAC,gas,stddft,S0S1,0.024530673826648045,0.9878642898733155,0.024832028121791788,0.01213571012668437,0.9751679718782079,0.47325803805276506,0.5927696386848418
SiCz3Py1,gas,stddft,S0T1,0.02724466351795336,0.9969185839103918,0.02732887515356244,0.003081416089608518,0.9726711248464375,0.9396664280677162,0.7248193477308992
FAC,gas,stddft,S0T1,0.026890861248376207,0.9701853230730569,0.02771724185973,0.029814676926943198,0.97228275814027,0.5414836954300609,0.7242741674220277
SiCz3Py1,gas,stda,S0S1,0.026664333992761014,0.996192791521774,0.026766238643454596,0.0038072084782261335,0.9732337613565452,0.8898852250519557,0.7212520403987263
pCzAnBzt,gas,stda,S0S1,0.2112489072022542,0.6856370818188502,0.3081060123554804,0.3143629181811497,0.6918939876445195,0.058674529874480026,0.9919257986695931
pCzAnBzt,gas,stddft,S0S1,0.21335244504042195,0.6835240266571373,0.31213598457372405,0.3164759733428627,0.6878640154262758,0.05181164060315492,0.9923620718486774
pCzAnBzt,gas,stddft,S0T1,0.20722865935444099,0.7070598199417969,0.29308504529574236,0.292940180058203,0.7069149547042576,0.05979822821355242,0.9963384459100141
pCzAnBzt,gas,stda,S0T1,0.2086775591323977,0.7043966780383164,0.2962500614192937,0.29560332196168354,0.7037499385807064,0.05186629432393212,0.9961541882585289
PCTXO,gas,stda,S0S1,0.08582015253639629,0.8873024217929333,0.09672029561576452,0.11269757820706684,0.9032797043842357,0.8142746614254373,0.7618478633229158
PCTXO,gas,stda,S0T1,0.17958622474558827,0.6864358092727987,0.26162129411028195,0.3135641907272016,0.7383787058897179,1.1525432611953397,0.7551447707626361
PCTXO,gas,stddft,S0S1,0.08577404955276043,0.8873805147727909,0.09665982983041094,0.11261948522720934,0.9033401701695893,0.8142825256501498,0.7617744676144815
PCTXO,gas,stddft,S0T1,0.17861085736148657,0.6900663795875489,0.25883141483902156,0.309933620412451,0.7411685851609785,1.1023854253042646,0.7652712698760351
IDFL-2DPA,gas,stda,S0S1,0.15940579330326163,0.7873144369561841,0.2024677636034927,0.212685563043816,0.7975322363965072,2.080251307918497,0.5789600587696873
IDFL-2DPA,gas,stda,S0T1,0.17189752003201136,0.8095852638811025,0.21232787663148056,0.19041473611889742,0.7876721233685194,1.738529107832601,0.6374287482482561
IDFL-2DPA,gas,stddft,S0S1,0.16209172593496218,0.7916446556377799,0.2047531361206181,0.20835534436222045,0.7952468638793819,2.0886696150702773,0.5828488921051977
BPCP-2CPC,gas,stda,S0T1,0.2312237316844187,0.8716910792769487,0.2652588023227385,0.1283089207230514,0.7347411976772614,2.5355357447682,0.6970550863393751
BPCP-2CPC,gas,stda,S0S1,0.23277758831875403,0.8818555359392704,0.2639634031109427,0.11814446406072962,0.7360365968890573,2.949243753227126,0.5702689709080745
BPCP-2CPC,gas,stddft,S0S1,0.23209419383711546,0.8827668783117331,0.2629167445441418,0.11723312168826673,0.7370832554558582,2.9180554141691695,0.5656357160999835
BPCP-2CPC,gas,stddft,S0T1,0.23064947254093673,0.8688525979460234,0.26546444481629505,0.1311474020539764,0.7345355551837047,2.4430662256819167,0.714835989841927
TPADSO2,gas,stda,S0S1,0.22856127032726956,0.6959211959759902,0.3284298159746741,0.30407880402400983,0.6715701840253259,1.6593924274107732,0.7084425840445029
TPADSO2,gas,stda,S0T1,0.20982378442219127,0.7091263559928697,0.2958905456678599,0.2908736440071303,0.7041094543321399,1.3675245937076312,0.7660825516973828
IDFL-2DPA,gas,stddft,S0T1,0.20838411985748787,0.8547913531657905,0.24378360764380694,0.14520864683420945,0.7562163923561929,1.3219100489928084,0.639785670667024
PzTDBA,gas,stda,S0S1,0.072810089224585,0.7082748083172,0.10279920783512758,0.2917251916828,0.8972007921648727,1.6971304553841053,0.5530490881593157
TPADSO2,gas,stddft,S0T1,0.20706033324133075,0.711378996344751,0.2910689439880292,0.288621003655249,0.708931056011971,1.3064866428957573,0.776331899066725
TPADSO2,gas,stddft,S0S1,0.22853957230740407,0.6963756529599333,0.3281843231250265,0.30362434704006663,0.6718156768749738,1.704110500368883,0.704716078763363
tCbz-mPYRs,gas,stda,S0T1,0.048281595523453937,0.9760627133103476,0.04946566943399096,0.02393728668965261,0.9505343305660091,0.5976359565903346,0.7192178989519832
tCbz-mPYRs,gas,stda,S0S1,0.12574173300429198,0.8581775077785867,0.14652182312465578,0.14182249222141333,0.8534781768753443,0.6946766162501292,0.7246915177880531
tCbz-mPYRs,gas,stddft,S0T1,0.046603111776126444,0.976235279552444,0.04773758206883456,0.023764720447556075,0.9522624179311656,0.5974814571919987,0.7209961734090578
3BrBI,gas,stda,S0S1,0.16382579091141783,0.7215894012432253,0.22703464134750678,0.27841059875677465,0.7729653586524932,0.35215828950352546,0.9138667233010759
3BrBI,gas,stda,S0T1,0.12299680228187575,0.8577971947985289,0.1433868087092125,0.142202805201471,0.8566131912907875,0.0715799545163554,0.9816750107372687
tCbz-mPYRs,gas,stddft,S0S1,0.29794969974057345,0.7713971088842617,0.38624684524877706,0.22860289111573845,0.6137531547512232,1.7071937940202218,0.8009450687836726
3CzFTFP,gas,stda,S0T1,0.03229805056797753,0.9599268879355093,0.033646365128327776,0.04007311206449075,0.9663536348716724,1.1371126506880544,0.6937384624377785
3BrBI,gas,stddft,S0S1,0.16459544352609276,0.716009553590377,0.22987883709196488,0.2839904464096231,0.770121162908035,0.3514700821374565,0.9097707852467881
3BrBI,gas,stddft,S0T1,0.12034150982551185,0.8649878602511268,0.1391250852822071,0.13501213974887308,0.8608749147177928,0.05231469608402614,0.9837297819190801
3CzFTFP,gas,stda,S0S1,0.02787791081458552,0.9992281789388573,0.027899444193208014,0.0007718210611428311,0.9721005558067919,0.7378842562998861,0.7912673469079856
3CzFTFP,gas,stddft,S0S1,0.02602512306028961,0.9992820472241869,0.026043821294080477,0.0007179527758135275,0.9739561787059194,0.741423480163803,0.7923209688521428
3CzFTFP,gas,stddft,S0T1,0.031769035038131416,0.960912029121321,0.03306133555969917,0.03908797087867894,0.9669386644403009,1.1229285737707855,0.696750870737446
25CzBPym,gas,stda,S0S1,0.008232687617537695,0.23403505069992991,0.03517715655375616,0.7659649493000702,0.9648228434462437,2.0681538494123304,0.3849219241101962
25CzBPym,gas,stda,S0T1,0.013776782815132366,0.35253544304544526,0.039079142500166725,0.647464556954555,0.9609208574998334,1.5998321337743187,0.4727376410187538
25CzBPym,gas,stddft,S0S1,0.008455671590748302,0.2406519217346277,0.035136522201025935,0.7593480782653721,0.964863477798974,2.0496315516256027,0.38537797636505305
25CzBPym,gas,stddft,S0T1,0.01473596573562393,0.369687172685634,0.03986063576015595,0.6303128273143661,0.9601393642398441,1.535821379269712,0.48874261277629355
DAcIPN,gas,stda,S0T1,0.10557884429031412,0.8088279577085208,0.13053312918290816,0.19117204229147927,0.8694668708170917,1.0461662831526306,0.707118429130984
DAcIPN,gas,stddft,S0T1,0.10642183039478127,0.8052715798267635,0.13215644642230587,0.19472842017323636,0.8678435535776943,0.9557506734408423,0.7158791143705484
B-dpa-Cz,gas,stda,S0S1,0.08813863703715591,0.7980017935553484,0.11044917160457826,0.20199820644465166,0.8895508283954217,1.4711683994094071,0.5712949120033969
B-dpa-Cz,gas,stda,S0T1,0.09265727480749308,0.7585740857569123,0.1221466387360686,0.24142591424308785,0.8778533612639312,1.0569117595120106,0.6129363054010533
DAcIPN,gas,stda,S0S1,0.5141430819110956,0.7533675464992392,0.6824598223008467,0.24663245350076085,0.31754017769915344,1.619367793620591,0.6267775298601264
B-dpa-Cz,gas,stddft,S0S1,0.08886912744819793,0.7953119390953644,0.11174122137444965,0.20468806090463568,0.8882587786255505,1.4643670290229571,0.5717277554551128
DphAn-Br,gas,stda,S0S1,0.16200933766021125,0.7995266993524337,0.20263155413249942,0.2004733006475663,0.7973684458675001,0.24911065647060293,0.7757814968036946
DAcIPN,gas,stddft,S0S1,0.4593825131453937,0.7731403742860758,0.5941773685918178,0.2268596257139241,0.40582263140818225,1.5037035214689394,0.5901879848012931
B-dpa-Cz,gas,stddft,S0T1,0.09381408878173657,0.7555811417971379,0.12416150111767113,0.24441885820286205,0.8758384988823289,1.009691225196754,0.6163108350968695
DphAn-Br,gas,stddft,S0T1,0.16370910834856975,0.7884827516070729,0.20762547819200922,0.21151724839292713,0.7923745218079905,0.24491721479116288,0.7789814246791664
DphAn-Br,gas,stddft,S0S1,0.162013777043423,0.7990969395253649,0.2027460862754066,0.20090306047463524,0.7972539137245934,0.24923922487527977,0.7756687503829464
DphAn-Br,gas,stda,S0T1,0.1633647994907009,0.7901483953089528,0.20675204867919056,0.20985160469104716,0.7932479513208095,0.2459214676820477,0.7782252722443663
CPPyC,gas,stda,S0T1,0.3142197097496403,0.3512624800996377,0.8945439024985249,0.6487375199003622,0.105456097501475,1.236676371367864,0.6770174529673704
CPPyC,gas,stddft,S0T1,0.3101328170857702,0.34643750141374996,0.8952056743862117,0.65356249858625,0.10479432561378861,1.2292589275785837,0.6798606326233502
2BTCz2CzTPN,gas,stda,S0S1,0.07591481310509811,0.6165367567302849,0.12313104170415004,0.3834632432697151,0.8768689582958499,1.4651343444635614,0.5063896547071541
2BTCz2CzTPN,gas,stda,S0T1,0.07524086537568105,0.664882925962716,0.11316408113012703,0.3351170740372841,0.8868359188698731,1.257644636937172,0.5612975883356851
2BTCz2CzTPN,gas,stddft,S0S1,0.07526229883292991,0.6231817600647658,0.1207710232486716,0.37681823993523417,0.8792289767513284,1.4535149452892164,0.5077659906909142
2BTCz2CzTPN,gas,stddft,S0T1,0.07567940891195449,0.6679120590598678,0.11330744502274515,0.3320879409401322,0.8866925549772549,1.2268385931996204,0.5692347112343124
CPPyC,gas,stda,S0S1,0.04967600837261684,0.060232733011553546,0.824734424106046,0.9397672669884463,0.17526557589395403,0.5653213479177117,0.7731302381770331
CPPyC,gas,stddft,S0S1,0.0490381473312915,0.05957178801351028,0.8231773624147414,0.9404282119864896,0.1768226375852588,0.5564615784872119,0.7758800640918849
DTPCZTZ,gas,stda,S0T1,0.03197849346023602,0.9631171082429042,0.03320312056191908,0.03688289175709578,0.9667968794380808,1.3242232640470988,0.6586590018497915
DTPCZTZ,gas,stddft,S0T1,0.03156405620397371,0.9641458925863934,0.032737842318967696,0.035854107413606714,0.9672621576810323,1.301021086526691,0.6615500101373624
BDQC-2,gas,stda,S0T1,0.3248779132904374,0.7553863089604784,0.4300818130229508,0.24461369103952169,0.5699181869770493,1.9105721137855023,0.7396178674025954
DTPCZTZ,gas,stda,S0S1,0.01666431147179759,0.9993781180580775,0.016674681154895135,0.0006218819419223997,0.9833253188451049,0.21529901206591964,0.7673416903946682
BDQC-2,gas,stddft,S0T1,0.3200459174418091,0.754196780532324,0.4243533328475834,0.24580321946767597,0.5756466671524167,1.8119243666982197,0.7533131628018075
DTPCZTZ,gas,stddft,S0S1,0.015735908523211137,0.999470050559021,0.015744252180853013,0.0005299494409788439,0.984255747819147,0.2451290391889628,0.7684629799711742
BTCZPZ1,gas,stda,S0S1,0.2842717349525085,0.6724403733110181,0.4227463820365032,0.3275596266889819,0.577253617963497,0.8764147286790864,0.7710920667234327
BDQC-2,gas,stda,S0S1,0.12555158161495178,0.8049942526409992,0.15596581118814973,0.19500574735900067,0.8440341888118503,1.2917556780298496,0.7403247496382357
BDQC-2,gas,stddft,S0S1,0.1452543818321438,0.7706643271473493,0.18847944132799008,0.22933567285265066,0.81152055867201,1.5962058811303876,0.7284810630162416
4-SCZ,gas,stda,S0T1,0.1935188276818575,0.391657524389594,0.4941021571932275,0.6083424756104058,0.5058978428067725,1.3635289476260535,0.7572348761827312
BTCZPZ1,gas,stda,S0T1,0.2526260371590382,0.6392620179499032,0.395183868375605,0.36073798205009683,0.6048161316243947,0.8863601603773094,0.7950510938307304
4-SCZ,gas,stda,S0S1,0.23858396577342017,0.3310152737236479,0.7207642206039255,0.668984726276352,0.27923577939607436,1.022204206322637,0.7713595946538185
BTCZPZ1,gas,stddft,S0S1,0.2836317755529465,0.6723240958018343,0.421867633964061,0.32767590419816567,0.578132366035939,0.8536190936334649,0.7701328388186518
4-SCZ,gas,stddft,S0T1,0.19719791392916866,0.40099660902852213,0.4917695299391979,0.5990033909714776,0.5082304700608022,1.3509726083713383,0.7649269500483643
BTCZPZ1,gas,stddft,S0T1,0.25361548253363014,0.6414207069955005,0.3953964687569858,0.3585792930044996,0.6046035312430138,0.8703910126830882,0.7963688648581093
δ-2CbPN,gas,stda,S0S1,0.2276848046356461,0.7599787931322742,0.29959362905014325,0.24002120686772585,0.7004063709498568,1.56367465135135,0.6045799210964106
δ-2CbPN,gas,stda,S0T1,0.23029800339962767,0.7616513150351969,0.30236671145113864,0.2383486849648029,0.6976332885488612,1.356319815170476,0.7175267585891317
4-SCZ,gas,stddft,S0S1,0.24237166487402662,0.336034139538147,0.7212709554069351,0.663965860461853,0.2787290445930649,1.0553100515816862,0.7736122567766847
δ-2CbPN,gas,stddft,S0S1,0.22921149094421164,0.760313206012455,0.30146982734436,0.23968679398754503,0.6985301726556402,1.5586881246376139,0.6019820540327925
δ-2CbPN,gas,stddft,S0T1,0.22953624737489287,0.7614855694334588,0.30143216968072895,0.23851443056654126,0.698567830319271,1.3097232819138156,0.7338571484066646
2PyCNBCz,gas,stda,S0T1,0.050768121300214575,0.9037283584442841,0.05617630654814124,0.09627164155571583,0.9438236934518587,1.2925098566285562,0.6577439899323929
2PyCNBCz,gas,stddft,S0T1,0.04950100885069918,0.9063412885784033,0.054616301248221324,0.0936587114215967,0.945383698751779,1.2776007224640493,0.660072329543905
DBTO-PTZ,gas,stda,S0T1,0.0438904354784828,0.9754833427113099,0.044993526344070014,0.02451665728869017,0.95500647365593,0.6137885012079571,0.7239118917679497
DBTO-PTZ,gas,stda,S0S1,0.01868077168383562,0.9960228063134304,0.018755365404712548,0.003977193686569535,0.9812446345952874,0.4518250897070079,0.6871368292982435
DBTO-PTZ,gas,stddft,S0S1,0.01831231902953905,0.996295268561336,0.018380413525382177,0.0037047314386638194,0.981619586474618,0.4582206585143001,0.6802673626186496
DBTO-PTZ,gas,stddft,S0T1,0.027019133565048686,0.9903909338259331,0.02728128120142652,0.009609066174066738,0.9727187187985735,0.6359045583519864,0.7300040810817131
PhCzSPOTz,gas,stda,S0T1,0.24423636324033823,0.3741527198017461,0.652771850408445,0.6258472801982538,0.347228149591555,1.0370537329454976,0.6517164021435568
2PyCNBCz,gas,stda,S0S1,0.1629655583267261,0.9038432040786666,0.1803029082824661,0.09615679592133348,0.8196970917175342,1.9958995544361253,0.6828250081234013
PhCzSPOTz,gas,stda,S0S1,0.0467629813212587,0.055700560218242115,0.8395423876893733,0.944299439781758,0.16045761231062697,1.2218640365378837,0.7386807966629292
PhCzSPOTz,gas,stddft,S0T1,0.24417339607766522,0.3721744220069797,0.6560724801047344,0.62782557799302,0.3439275198952655,1.0157079734566081,0.6539552532401768
ACRXTN,gas,stda,S0S1,0.14786224176603557,0.738094446847502,0.20032970360036517,0.2619055531524981,0.799670296399635,1.872804624246455,0.6663255900915324
ACRXTN,gas,stda,S0T1,0.13116386788910636,0.7934265237438886,0.16531318775454118,0.20657347625611155,0.8346868122454587,1.464447938129243,0.7024649845646913
PhCzSPOTz,gas,stddft,S0S1,0.046225635297949014,0.05519848964281141,0.8374438430666201,0.9448015103571887,0.16255615693338013,1.2298054167181225,0.7402279607615126
ACRXTN,gas,stddft,S0S1,0.1442425868428883,0.7435289829255799,0.1939972619161849,0.25647101707442027,0.806002738083815,1.9247262970903358,0.6656940100762647
2PyCNBCz,gas,stddft,S0S1,0.17777764459844725,0.8019892291046925,0.22167086308242673,0.19801077089530722,0.7783291369175733,0.4288660876221325,0.7342748124763481
ACRXTN,gas,stddft,S0T1,0.12971658843409678,0.7975354627219459,0.1626467969102979,0.202464537278054,0.837353203089702,1.4045064172428892,0.7089682994743133
m-DTPACO,gas,stda,S0S1,0.1385612559987069,0.64351525069376,0.21531930416462852,0.3564847493062401,0.7846806958353714,1.3112047565910776,0.6660499173786618
m-DTPACO,gas,stddft,S0S1,0.13689660608347534,0.6444853568406056,0.2124122831193086,0.3555146431593944,0.7875877168806914,1.3441618767715344,0.662133942948337
m-DTPACO,gas,stda,S0T1,0.13554388820470517,0.6672599343256206,0.20313506211293098,0.33274006567437947,0.7968649378870691,0.857993008038662,0.7228927158511704
m-DTPACO,gas,stddft,S0T1,0.1345767573121767,0.6737659970047338,0.19973812556651055,0.3262340029952661,0.8002618744334895,0.8157129511907186,0.7332779828565756
SBA,gas,stda,S0S1,0.18370408274515615,0.668810541250853,0.2746728279754395,0.3311894587491471,0.7253271720245607,1.0086502432606324,0.6515752595911496
SBA,gas,stddft,S0S1,0.18049336021997,0.6822369713756603,0.26456109503421343,0.3177630286243397,0.7354389049657866,0.9849827632650913,0.652247609828884
SBA,gas,stda,S0T1,0.25100537971786463,0.5528435834152207,0.4540260342125444,0.4471564165847794,0.5459739657874555,0.33298673103070475,0.7256212175002195
2TCz-DPS,gas,stda,S0S1,0.1197663622994766,0.875564729336247,0.13678755925934769,0.12443527066375303,0.8632124407406521,0.6418104348564089,0.7061630158767982
2TCz-DPS,gas,stda,S0T1,0.12573380164288073,0.8852653188864569,0.14202951246416917,0.11473468111354299,0.8579704875358307,0.5470183493430549,0.7105974978906573
SBA,gas,stddft,S0T1,0.2452572948212024,0.5954572917679416,0.4118805802058811,0.40454270823205857,0.588119419794119,0.33465676142996664,0.7298848388182415
2TCz-DPS,gas,stddft,S0T1,0.12387547672598985,0.8868658274619647,0.1396778102055156,0.1131341725380351,0.8603221897944844,0.5248660421717061,0.7119694146404628
3CzAnBzt,gas,stda,S0S1,0.2172835500182273,0.7247331802493963,0.29981178720623136,0.27526681975060385,0.7001882127937685,0.6654807712828993,0.9701203044967963
3CzAnBzt,gas,stda,S0T1,0.2071459893385169,0.7189604870608597,0.28811873957821843,0.2810395129391403,0.7118812604217816,0.07844945264630691,0.993330847346646
3CzAnBzt,gas,stddft,S0S1,0.21783518802445545,0.7153851655258886,0.3045005662988861,0.2846148344741114,0.6954994337011139,0.4798469940355225,0.9780076319079873
3CzAnBzt,gas,stddft,S0T1,0.20530299417128944,0.7205781498691365,0.2849142653140042,0.27942185013086357,0.7150857346859958,0.05167208012436437,0.9941315296897317
FSF4A,gas,stda,S0T1,0.10232464907396487,0.9082985968500983,0.11265529797009263,0.09170140314990162,0.8873447020299073,1.0356595202329002,0.8031540007003575
FSF4A,gas,stda,S0S1,0.050905099747061464,0.9284992623197773,0.054825137523404545,0.07150073768022286,0.9451748624765954,3.9063606970390885,0.5799425248322152
FSF4A,gas,stddft,S0S1,0.05049315915460892,0.9284300392151624,0.05438552935802543,0.07156996078483768,0.9456144706419743,3.9497585389235703,0.5753061155910879
FSF4A,gas,stddft,S0T1,0.10346916311506689,0.9058278051839718,0.1142260841662423,0.09417219481602809,0.8857739158337576,0.9741245568876642,0.8164336045100702
4CzIPN,gas,stda,S0T1,0.2162502715913603,0.7308332462793274,0.29589550378597385,0.2691667537206724,0.7041044962140266,1.5076053914757381,0.4934347200019441
DMACMNPTO,gas,stda,S0S1,0.30581608041050806,0.6688047444703934,0.45725764199336644,0.33119525552960655,0.542742358006634,1.3881797943476366,0.6168255193038381
2TCz-DPS,gas,stddft,S0S1,0.028489943130481032,0.9835440550179997,0.02896661617253092,0.01645594498200026,0.9710333838274691,0.7127680492473591,0.7943806169687184
4CzIPN,gas,stddft,S0T1,0.2169431907920016,0.73483478800516,0.29522716443642055,0.26516521199484006,0.7047728355635793,1.5095769347428603,0.5013744870601854
DMACMNPTO,gas,stda,S0T1,0.3384794475633376,0.652595455999315,0.5186665712298384,0.34740454400068493,0.48133342877016183,0.4583159773131019,0.6866244762871854
SpiroAc,gas,stda,S0S1,0.0630169480421319,0.9632572065983755,0.0654206868222336,0.0367427934016243,0.9345793131777664,1.0434288434425096,0.6476431578731557
4CzIPN,gas,stda,S0S1,0.05062823022363529,0.7595902357545072,0.06665202873934503,0.2404097642454927,0.9333479712606553,0.18248255125273286,0.5785298197467759
DMACMNPTO,gas,stddft,S0S1,0.29132404786594723,0.6739265320947025,0.4322786446179112,0.3260734679052973,0.567721355382089,1.4243967886446025,0.6140086887479305
DMACMNPTO,gas,stddft,S0T1,0.33732257684760747,0.6510025709682296,0.5181585939759209,0.3489974290317705,0.4818414060240791,0.46380919441361534,0.6916852519780244
SpiroAc,gas,stda,S0T1,0.03333430690477865,0.9665556182636852,0.034487727632953186,0.033444381736314734,0.965512272367047,0.5506808553916495,0.716997483024409
SpiroAc,gas,stddft,S0T1,0.032053091719482826,0.9673662869650697,0.033134389890765566,0.03263371303493026,0.9668656101092343,0.5464686385666315,0.72166619722844
SpiroAc,gas,stddft,S0S1,0.022126526007625227,0.9858883433096979,0.022443237266955497,0.014111656690302132,0.9775567627330445,0.6133178258511773,0.61851784141098
3-AcBPdCN,gas,stda,S0T1,0.3156232132758001,0.8307851685738249,0.3799095424604385,0.16921483142617508,0.6200904575395616,1.4537076024542483,0.6927876654805063
3-AcBPdCN,gas,stda,S0S1,0.3179770539122052,0.8479807036642687,0.37498147367996976,0.1520192963357314,0.6250185263200305,2.5632030422428596,0.5742398461655076
3-AcBPdCN,gas,stddft,S0S1,0.31803348199243264,0.8479796910908584,0.3750484655868443,0.15202030890914178,0.6249515344131558,2.5311727469378775,0.5737576232622241
3-AcBPdCN,gas,stddft,S0T1,0.31256296587617766,0.8275420023955476,0.37770042483810884,0.1724579976044524,0.6222995751618914,1.339732887003843,0.7055625493158139
DBFDPO,gas,stda,S0T1,0.2434716865618798,0.6256790932128887,0.389131887580968,0.3743209067871114,0.6108681124190318,0.38326028072570334,0.88131189792578
DBFDPO,gas,stda,S0S1,0.15736934369533678,0.599940774269257,0.2623081318102051,0.40005922573074293,0.7376918681897949,1.3148369492397498,0.7547343262591715
DBFDPO,gas,stddft,S0T1,0.24165312229358774,0.6223428690583231,0.3882958001258003,0.3776571309416769,0.6117041998741997,0.35398009312345213,0.8905045969729766
DBFDPO,gas,stddft,S0S1,0.15592268927811878,0.5985547078623987,0.26049864319831517,0.4014452921376014,0.7395013568016847,1.3382454497300345,0.7588063521682868
p-PCzTPD,gas,stda,S0T1,0.20545356445429824,0.8006591033597237,0.2566055435979864,0.19934089664027616,0.7433944564020137,0.8334051483397173,0.8424312411495218
4FBTPI,gas,stda,S0T1,0.15691426813642895,0.2480338895907701,0.6326323729201724,0.7519661104092301,0.36736762707982745,0.9953481983759992,0.8257883305525496
p-PCzTPD,gas,stddft,S0S1,0.19567989905893515,0.774750085662706,0.2525716391390321,0.2252499143372939,0.7474283608609679,0.9670983202054393,0.7136928617003542
p-PCzTPD,gas,stda,S0S1,0.1971176547414865,0.7741009477216427,0.2546407614170337,0.22589905227835735,0.7453592385829664,0.9967464276900522,0.7140217657735497
4FBTPI,gas,stddft,S0T1,0.1570559305027929,0.246652658028439,0.6367493938974069,0.7533473419715611,0.3632506061025929,0.963763005330713,0.8336831657376238
1G-F1,gas,stda,S0T1,0.024946727978726477,0.9942437758913972,0.025091158309098076,0.005756224108602819,0.9749088416909019,0.14076634773389796,0.9024087818172025
1G-F1,gas,stddft,S0T1,0.02438704814549484,0.994631451456105,0.0245186778578066,0.005368548543895061,0.9754813221421933,0.13152141126429517,0.9033102865829284
1G-F1,gas,stda,S0S1,0.04964525172359152,0.9939377947484673,0.049948047036640845,0.006062205251532504,0.950051952963359,0.5914966224298881,0.6946559538200364
1G-F1,gas,stddft,S0S1,0.04883121504955207,0.994302775885942,0.04911101148846996,0.0056972241140581,0.9508889885115299,0.5906855864010331,0.6945608569280091
4FBTPI,gas,stda,S0S1,0.029402029798687192,0.9823234959280419,0.0299311071358523,0.017676504071958105,0.9700688928641477,0.2430355042334089,0.7482741270286026
4FBTPI,gas,stddft,S0S1,0.028031647994458956,0.9839306938131714,0.028489453749860963,0.01606930618682856,0.9715105462501391,0.22972727811604624,0.7511891274875898
p-PCzTPD,gas,stddft,S0T1,0.2007242082481707,0.7895002004734049,0.25424212448307326,0.21049979952659517,0.7457578755169265,0.6938489465173804,0.861944892005034
4F-m-ν-DABNA,gas,stda,S0S1,0.10875198002538988,0.8015542088528615,0.1356763882271038,0.19844579114713845,0.8643236117728961,1.8657383621293002,0.6374703294452801
4F-m-ν-DABNA,gas,stddft,S0S1,0.10574600086548777,0.8066439531515194,0.1310937749577657,0.19335604684848057,0.8689062250422345,1.8764452439655008,0.6395802925363023
F2AcBO,gas,stda,S0T1,0.14320607521073958,0.806322606126964,0.17760394428057283,0.19367739387303587,0.822396055719427,1.0353750732855538,0.6176220249944399
F2AcBO,gas,stda,S0S1,0.06292939125010663,0.7202593292107246,0.08737046324560072,0.2797406707892755,0.9126295367543993,3.3796234519261974,0.3885089778334242
F2AcBO,gas,stddft,S0S1,0.0694389536496338,0.7302988667887911,0.0950829267406164,0.2697011332112088,0.9049170732593834,3.1146221214705547,0.4312250984396717
4F-m-ν-DABNA,gas,stda,S0T1,0.10379679177621602,0.8534104661924153,0.121625871591799,0.1465895338075846,0.8783741284082008,1.2584389011076165,0.6508437114433386
SFCz,gas,stda,S0T1,0.36405251723948784,0.44760795133735887,0.8133289771814266,0.5523920486626411,0.18667102281857356,1.2070806483677683,0.6763739131228572
SFCz,gas,stda,S0S1,0.10108308086110715,0.5249957255106666,0.19254076928489847,0.47500427448933347,0.8074592307151015,1.7967631933968173,0.7553015598222312
SFCz,gas,stddft,S0S1,0.33694814979500926,0.467819138227018,0.7202530257141786,0.532180861772982,0.2797469742858212,1.0178305714942266,0.7060270894802435
SFCz,gas,stddft,S0T1,0.16516985573850135,0.7912219179967783,0.20875288206964696,0.20877808200322173,0.7912471179303531,0.46844887817158226,0.9531320360163135
F2AcBO,gas,stddft,S0T1,0.14344977863742417,0.8063017760902513,0.17791078091506957,0.19369822390974858,0.8220892190849305,1.0097220686971673,0.6199558552057056
UGH3,gas,stda,S0S1,0.020300245382107788,0.020524681902915794,0.9890650426705945,0.9794753180970842,0.01093495732940546,0.407993067385917,0.6709894835237012
UGH3,gas,stda,S0T1,0.05111799080235694,0.9903654132753081,0.051615282720042684,0.009634586724691818,0.9483847172799574,0.8644186083237018,0.847803232193772
UGH3,gas,stddft,S0S1,0.019513674898664807,0.01971801848492208,0.9896367078459973,0.980281981515078,0.010363292154002748,0.4342637894252623,0.6715679085502707
TATP-BP,gas,stda,S0S1,0.016278109036896655,0.9958572296416959,0.01634582604049923,0.004142770358304232,0.9836541739595006,0.35937895759402944,0.7067901711440391
TATP-BP,gas,stddft,S0T1,0.2740160504554191,0.5636987797822042,0.48610367856622017,0.43630122021779594,0.5138963214337798,1.074222958524961,0.8178918864437602
TATP-BP,gas,stddft,S0S1,0.01522981364467715,0.9961844342758762,0.015288146572725422,0.0038155657241236395,0.9847118534272747,0.37250051419734204,0.7045866900575625
BDQPCz,gas,stda,S0S1,0.21550189554723984,0.5855228718571817,0.3680503459475519,0.4144771281428184,0.6319496540524481,0.7395526248123679,0.8779702385181722
UGH3,gas,stddft,S0T1,0.12404629822514689,0.8814680469307815,0.14072693690607233,0.11853195306921847,0.8592730630939279,0.28780505556723474,0.9507193070467141
BDQPCz,gas,stda,S0T1,0.21174988068306955,0.8379424467806555,0.2527021772158755,0.1620575532193444,0.7472978227841245,0.8126416272421892,0.9388888060340694
BDQPCz,gas,stddft,S0S1,0.21949461746886179,0.5998463703277591,0.36591805556634244,0.4001536296722409,0.6340819444336575,0.6517972605095652,0.883327221044564
BDQPCz,gas,stddft,S0T1,0.20475470162664078,0.8448691355561615,0.24235078902705398,0.1551308644438385,0.7576492109729459,0.7861218521587656,0.9428717737614314
4CzMC,gas,stda,S0S1,0.11716100501983644,0.9159981818799341,0.12790528118667543,0.08400181812006588,0.8720947188133243,1.2225092164769311,0.6737091686986854
4CzMC,gas,stda,S0T1,0.06001628849077436,0.7925700129139089,0.07572364272289657,0.20742998708609098,0.9242763572771036,0.7086797194124943,0.8149649570656655
4CzMC,gas,stddft,S0S1,0.12080355831723147,0.9216646509166103,0.13107105517944123,0.07833534908338978,0.8689289448205588,1.1015740540681795,0.6751668178503393
4CzMC,gas,stddft,S0T1,0.05753174577266753,0.7961648662700052,0.07226109592376394,0.20383513372999482,0.9277389040762362,0.6655828188263422,0.819405524089401
4CzIPN,gas,stddft,S0S1,0.05563484969856251,0.7732705053190815,0.07194746122588162,0.2267294946809189,0.9280525387741184,0.4216830871365131,0.5797253466936112
DPPSPF,gas,stda,S0T1,0.22792765706955742,0.6079899328971016,0.37488722220032666,0.39201006710289826,0.6251127777996734,0.15287543572885995,0.9777860207383138
DPPSPF,gas,stda,S0S1,0.2222706246521167,0.6147353139660021,0.36157126425375546,0.385264686033998,0.6384287357462445,0.39704849982408486,0.9476507714501786
CNPP-TPA,gas,stda,S0S1,0.20898831623899486,0.7712446133606062,0.27097539823111794,0.22875538663939393,0.729024601768882,1.1487091843178245,0.7306595243025675
CNPP-TPA,gas,stda,S0T1,0.19350898566280283,0.7819076239001823,0.24748318055472246,0.21809237609981788,0.7525168194452775,1.2411713214394635,0.7810374545744994
CNPP-TPA,gas,stddft,S0S1,0.2100289982339539,0.7682907090032994,0.27337177942243207,0.23170929099670065,0.7266282205775678,1.1877150487023633,0.7269158747367088
DPPSPF,gas,stddft,S0S1,0.22232259587385475,0.6132614834823902,0.3625249618016142,0.3867385165176098,0.637475038198386,0.40953642639646304,0.9469320425452716
DPPSPF,gas,stddft,S0T1,0.22760542404695092,0.6101374674000468,0.3730395791244166,0.3898625325999533,0.6269604208755835,0.15476774570341315,0.9784416736076849
CNPP-TPA,gas,stddft,S0T1,0.19008060863679505,0.7810134503121372,0.24337686957993881,0.2189865496878628,0.7566231304200614,1.1711737878101818,0.7870537717577314
p-TPA-AP-TPA,gas,stda,S0T1,0.21199853639268534,0.7044606915559983,0.30093735382797204,0.2955393084440017,0.699062646172028,0.09612272591365131,0.9937085566128194
p-TPA-AP-TPA,gas,stddft,S0T1,0.21014638887165785,0.7069173623894225,0.297271505910324,0.2930826376105777,0.702728494089676,0.10652380900200434,0.9935482961661126
p-TPA-AP-TPA,gas,stda,S0S1,0.22743270226065346,0.6853681190375284,0.3318402124978329,0.3146318809624716,0.668159787502167,0.15002113849110485,0.9780144764443035
m-CZ-DPS-DMAC,gas,stda,S0T1,0.05053832851970846,0.9692145314297836,0.05214359347785923,0.030785468570216495,0.947856406522141,1.1409692522916115,0.7188317777583506
m-CZ-DPS-DMAC,gas,stda,S0S1,0.15083557758227129,0.24366240951280982,0.6190350735013214,0.7563375904871902,0.380964926498679,0.8786377573237398,0.8181665031077442
m-CZ-DPS-DMAC,gas,stddft,S0T1,0.05091152884795117,0.9690948844279885,0.0525351332114418,0.030905115572011536,0.9474648667885581,1.1305878657536932,0.7217903585670565
STAC-BP-STAC,gas,stda,S0T1,0.09614407153924498,0.808390664946309,0.11893268404531936,0.19160933505369118,0.8810673159546805,1.1280145586835877,0.504805194895639
STAC-BP-STAC,gas,stda,S0S1,0.09738350069587666,0.7977867929326782,0.12206707551261059,0.20221320706732177,0.8779329244873894,1.1965225730267939,0.4213295332655199
m-CZ-DPS-DMAC,gas,stddft,S0S1,0.02504241211582114,0.9997055500980407,0.025049788023448746,0.0002944499019595522,0.9749502119765512,1.085423581207101,0.7793723067604749
STAC-BP-STAC,gas,stddft,S0S1,0.09820562416752215,0.7920568591635714,0.1239880988736457,0.2079431408364285,0.8760119011263542,1.2152038537729086,0.4214102988620346
4F-m-ν-DABNA,gas,stddft,S0T1,0.10353343901471898,0.8535050759752245,0.12130383512531605,0.1464949240247757,0.878696164874684,1.2355500099536934,0.6527444809204541
STAC-BP-STAC,gas,stddft,S0T1,0.0959608849293494,0.8106799241822125,0.11837086631465757,0.18932007581778737,0.8816291336853422,1.1070043121236575,0.5243619074809015
TCz1,gas,stda,S0T1,0.2357895318921952,0.8711745271929973,0.27065705496685066,0.12882547280700285,0.7293429450331494,0.8781497711649675,0.6657048744305883
TCz1,gas,stddft,S0T1,0.23428283341145184,0.869618649610803,0.26940870405240835,0.13038135038919685,0.7305912959475918,0.8709165280283662,0.6699200639241183
TCz1,gas,stddft,S0S1,0.18366224602029615,0.7480368467798248,0.2455256673664296,0.2519631532201751,0.7544743326335706,0.7430556613481426,0.7628096856916197
mCz-TAn-CN,gas,stda,S0S1,0.1650436674301927,0.8533107306180413,0.1934156708783608,0.1466892693819587,0.8065843291216392,0.36534760788302084,0.9718821581393681
mCz-TAn-CN,gas,stda,S0T1,0.12625068777838852,0.8727901255776243,0.14465182874844523,0.12720987442237564,0.8553481712515548,0.12126841951948868,0.9879059729570037
TCz1,gas,stda,S0S1,0.1842274753198746,0.7433080534005974,0.24784808193190302,0.25669194659940264,0.7521519180680971,0.7215827875668853,0.7584817172503203
mCz-TAn-CN,gas,stddft,S0T1,0.12350770292773913,0.875144790949399,0.1411283072298837,0.12485520905060113,0.8588716927701165,0.108832699562437,0.9882446700433778
D5,gas,stda,S0T1,0.027970714383955913,0.9950447984048473,0.028110005126196994,0.00495520159515253,0.9718899948738029,0.6805826456408652,0.6973202421937003
mCz-TAn-CN,gas,stddft,S0S1,0.1620980526073805,0.8535616755552706,0.1899078382378523,0.14643832444472912,0.8100921617621478,0.35521197348381345,0.9729428309643472
D5,gas,stda,S0S1,0.026373479328456337,0.9998583059977815,0.026377216821875216,0.0001416940022186002,0.9736227831781249,1.5630090768847176,0.7813839902315793
D5,gas,stddft,S0S1,0.024843697582748174,0.99985570773424,0.024847282853489083,0.0001442922657600411,0.975152717146511,1.5702306259416943,0.7845379742298304
D5,gas,stddft,S0T1,0.027786439920050216,0.9952229859480315,0.027919813260323115,0.004777014051968502,0.9720801867396768,0.6873179406837302,0.6998411946707924
DPE,gas,stda,S0S1,0.3602186515491887,0.41556963571615546,0.8668069574631462,0.5844303642838448,0.13319304253685402,1.7336671117810032,0.6510708709907758
DPE,gas,stda,S0T1,0.31855896742464557,0.39131171009930493,0.8140798223079075,0.6086882899006951,0.18592017769209235,1.8625725019965786,0.6968186500128101
DPE,gas,stddft,S0T1,0.31483828491531096,0.38781644368048096,0.8118229385206365,0.612183556319519,0.18817706147936358,1.8494368595387904,0.7054649551829701
TATP-BP,gas,stda,S0T1,0.2704125304567498,0.5640415422992239,0.4794195288426043,0.4359584577007761,0.5205804711573956,0.968102683419721,0.8219720438028743
DPE,gas,stddft,S0S1,0.36514341156081703,0.4204424656013316,0.8684741467267729,0.5795575343986683,0.13152585327322688,1.7416416010821456,0.6446894115847243
2DPA-DPQ,gas,stda,S0S1,0.25700066651522163,0.8078916453909715,0.31811279146332627,0.19210835460902875,0.6818872085366734,1.489204255165259,0.7657599427263277
2DPA-DPQ,gas,stda,S0T1,0.24985030713463227,0.798307993443118,0.31297482824520273,0.201692006556882,0.6870251717547974,1.2573016611947203,0.806965339664037
2DPA-DPQ,gas,stddft,S0T1,0.24882189258949508,0.7950871244465906,0.31294921643044354,0.20491287555340942,0.6870507835695563,1.2129283378060836,0.8134873477917249
2DPA-DPQ,gas,stddft,S0S1,0.25702675597219327,0.8050708988269802,0.31925977742667294,0.1949291011730197,0.6807402225733272,1.4708400254433447,0.7612088278738036
4F-ν-DABNA,gas,stddft,S0S1,0.1409588160269262,0.7070064625610907,0.19937415496360658,0.2929935374389093,0.8006258450363933,0.5937231879477626,0.6245993133759704
4F-ν-DABNA,gas,stda,S0S1,0.1420756130784629,0.7049883405526822,0.20152902524186625,0.2950116594473177,0.7984709747581337,0.5965290359925584,0.6230327502539347
36DTPAFM,gas,stda,S0S1,0.06256674127763394,0.7013512268341849,0.08920885696607773,0.2986487731658149,0.9107911430339222,3.439766829094213,0.5554753406953704
4F-ν-DABNA,gas,stddft,S0T1,0.16057746457606928,0.7407051319723871,0.21678999867123303,0.2592948680276126,0.7832100013287671,0.18919152860737712,0.6523262759641439
36DTPAFM,gas,stda,S0T1,0.0817909040643014,0.8502965687092492,0.09619103154615813,0.14970343129075084,0.9038089684538415,1.5309976068615982,0.8105911198864886
36DTPAFM,gas,stddft,S0T1,0.08080152991795159,0.8566678555672795,0.09432072114395534,0.14333214443272024,0.9056792788560446,1.3175365898005071,0.8320409220525506
4F-ν-DABNA,gas,stda,S0T1,0.15900747583611258,0.740322379746447,0.2147813981938126,0.25967762025355307,0.7852186018061875,0.2063498448700422,0.6502682536937503
TCPZ,gas,stda,S0T1,0.0850928599139056,0.8879028592157318,0.09583577643737577,0.1120971407842681,0.9041642235626243,2.6723037216882437,0.8723047051003
TCPZ,gas,stda,S0S1,0.07530236955578928,0.8910604730958414,0.08450870825204908,0.10893952690415881,0.9154912917479506,2.8157433677786803,0.8429242244486516
36DTPAFM,gas,stddft,S0S1,0.06164352283847989,0.7018353056653693,0.08783189209901494,0.2981646943346306,0.9121681079009852,3.453974536201679,0.5436418557661802
TCPZ,gas,stddft,S0S1,0.07649152303988459,0.8892996778084191,0.08601321348545801,0.11070032219158114,0.9139867865145419,2.8651529396712387,0.8367656682501311
TPA-AN-NA,gas,stda,S0S1,0.22180794517270785,0.692136092911146,0.3204686873643256,0.3078639070888541,0.6795313126356742,0.05238888416491334,0.9948771117293882
TCPZ,gas,stddft,S0T1,0.08625679924019386,0.887981062826742,0.0971381067132327,0.11201893717325787,0.9028618932867667,2.6161564598769678,0.8783898654778648
TPA-AN-NA,gas,stddft,S0S1,0.2237477315548517,0.6883540480041632,0.32504745516292577,0.3116459519958367,0.6749525448370742,0.07436752259810596,0.9951240717970284
TPA-AN-NA,gas,stda,S0T1,0.21249464589659478,0.7047835841710518,0.3015033985879871,0.2952164158289482,0.6984966014120128,0.023757142937701436,0.994562609869581
TPA-AN-NA,gas,stddft,S0T1,0.21049983953805487,0.7071392556845342,0.29767805682670534,0.2928607443154658,0.7023219431732947,0.03512914986605298,0.9943530936180837
4CzTPN,gas,stda,S0T1,0.07391706821693245,0.6908295886188454,0.10699754242535066,0.30917041138115475,0.8930024575746494,0.9767632068319341,0.5813476784690825
4CzTPN,gas,stddft,S0S1,0.07349260786170575,0.6818921571679584,0.1077774646462221,0.3181078428320417,0.892222535353778,1.1199936304245626,0.5403383382017922
4CzTPN,gas,stddft,S0T1,0.07404282046504672,0.6925611049312437,0.10691160669844081,0.3074388950687563,0.8930883933015595,0.9490945314326109,0.5881697841575246
4CzTPN,gas,stda,S0S1,0.07376473870656194,0.681116317352125,0.10829976734858768,0.31888368264787526,0.8917002326514122,1.1283329167596758,0.5375397341212776
p-TPA-AP-TPA,gas,stddft,S0S1,0.22862674806981617,0.6782897271281476,0.33706355695200185,0.3217102728718524,0.6629364430479983,0.10428447200463858,0.9843589022339291
PX-TRZ,gas,stddft,S0T1,0.03649663179798338,0.9817965210880709,0.03717331546208391,0.018203478911929204,0.9628266845379162,0.24145671267047372,0.8796048979286469
PX-TRZ,gas,stda,S0T1,0.03857102763183185,0.9799380080398751,0.03936068130369155,0.020061991960124655,0.9606393186963085,0.2645278087884227,0.869581976082063
PX-TRZ,gas,stda,S0S1,0.07175837316155266,0.8137346043768227,0.08818400099441136,0.18626539562317723,0.9118159990055887,3.137053943381715,0.6081200086400631
CzB-FMPPI,gas,stda,S0T1,0.1584676189985544,0.27366325051350504,0.5790606473510924,0.7263367494864952,0.4209393526489076,0.7823072781614645,0.834067893715104
PX-TRZ,gas,stddft,S0S1,0.048010276528500935,0.9905678185943578,0.04846743012167385,0.009432181405642025,0.9515325698783262,1.9131508719831425,0.610590126327465
BAPCN,gas,stda,S0S1,0.2920707888705893,0.7755478344235526,0.3765993223199172,0.2244521655764476,0.6234006776800827,2.9188809304140233,0.6619641209700424
CzB-FMPPI,gas,stddft,S0T1,0.15951441042538902,0.2718785281940462,0.5867120566120609,0.7281214718059539,0.41328794338793906,0.7924344273921984,0.8418251585410517
BAPCN,gas,stda,S0T1,0.2559390381415792,0.7038375520726774,0.3636336785212495,0.29616244792732266,0.6363663214787506,2.243518985157972,0.7750745796629199
BAPCN,gas,stddft,S0T1,0.25264744884755125,0.6943193798667742,0.3638778581926219,0.3056806201332257,0.6361221418073782,2.116303978405631,0.790679129109324
BAPCN,gas,stddft,S0S1,0.1730719452960079,0.6453967225265225,0.26816365694961447,0.3546032774734774,0.7318363430503856,0.5991757995200759,0.716969140246844
CzB-FMPPI,gas,stda,S0S1,0.0389112741282891,0.9853182383315101,0.03949107264489446,0.014681761668489914,0.9605089273551054,0.9439141762468862,0.7186940569160047
DTPCZPYTZ,gas,stda,S0T1,0.2335642350626028,0.6417534783103357,0.36394697178354374,0.3582465216896643,0.6360530282164563,0.06237715188170245,0.9947433996811653
BFDMAc-NAI,gas,stda,S0S1,0.3187544111073274,0.9167930832491561,0.3476841360731555,0.08320691675084388,0.6523158639268446,4.414093019846772,0.36982144732819316
BFDMAc-NAI,gas,stda,S0T1,0.3072512809990617,0.850508498202764,0.36125597997941694,0.1494915017972359,0.6387440200205828,3.603110371870214,0.5523233453843872
BFDMAc-NAI,gas,stddft,S0S1,0.31774690739425443,0.9157809652936444,0.3469682374238573,0.08421903470635561,0.6530317625761426,4.399307102013462,0.37059776004092415
HDP,gas,stda,S0S1,0.12208615614083733,0.6526978477397313,0.18704850424069455,0.34730215226026867,0.8129514957593056,0.3020240379761553,0.8093002453696606
CzB-FMPPI,gas,stddft,S0S1,0.03224908942042034,0.9914612139382057,0.03252682905498945,0.008538786061794326,0.9674731709450105,0.998625327843287,0.6969520032115828
BFDMAc-NAI,gas,stddft,S0T1,0.3023817505199508,0.8299663849171459,0.36433011747835675,0.17003361508285394,0.6356698825216432,3.3252831064400783,0.5989067274553723
HDP,gas,stda,S0T1,0.13088708636931354,0.5651342194672037,0.2316035410007751,0.43486578053279623,0.7683964589992248,2.2126511574661,0.7224157005497487
HDP,gas,stddft,S0S1,0.12210226378947835,0.652679215536049,0.18707852323625027,0.34732078446395087,0.8129214767637499,0.3020638326245769,0.809309464321991
HDP,gas,stddft,S0T1,0.14502105565361112,0.5615821796325031,0.25823656966556924,0.4384178203674968,0.7417634303344306,1.9555483009627164,0.7509120738106884
DTPCZPYTZ,gas,stddft,S0T1,0.2338946373241143,0.6405630538214709,0.3651391317821809,0.3594369461785291,0.6348608682178191,0.06749363368243119,0.994682652186669
DTPCZPYTZ,gas,stda,S0S1,0.24670860286767085,0.41653423873396017,0.5922888923069858,0.58346576126604,0.4077111076930143,0.2582497113762973,0.9126730740417905
PPZPPI,gas,stda,S0T1,0.3532096171179686,0.7069458650642808,0.4996275310074162,0.29305413493571897,0.5003724689925839,1.2504877172882962,0.6652981179904939
PPZPPI,gas,stddft,S0S1,0.36437490715902443,0.7247218173546712,0.5027789952412915,0.2752781826453292,0.49722100475870834,1.4104160713351361,0.623771673843442
PPZPPI,gas,stddft,S0T1,0.3513518969372212,0.7039204600613943,0.4991357928516201,0.2960795399386054,0.5008642071483802,1.2224306592171787,0.6727871500097032
DTPCZPYTZ,gas,stddft,S0S1,0.2005951414774369,0.7889601099046919,0.25425257748667324,0.21103989009530819,0.7457474225133268,0.4798654662260872,0.7979355234941994
PPZPPI,gas,stda,S0S1,0.36265153660567584,0.721283882598261,0.502786136436747,0.2787161174017393,0.4972138635632533,1.3824669696687377,0.6317492124558923
PxCYP,gas,stda,S0T1,0.10637813609223135,0.10641307433537703,0.9996716733976169,0.8935869256646232,0.0003283266023831621,2.1139371170698493,0.7834098748228558
PxCYP,gas,stda,S0S1,0.04127607063055352,0.1869346306411685,0.22080483690464636,0.8130653693588313,0.7791951630953536,1.5283966191710059,0.5361479802901629
PxCYP,gas,stddft,S0T1,0.10479852167106803,0.1048296864393217,0.9997027104695986,0.8951703135606781,0.0002972895304015637,2.082827799965855,0.7902757326432519
PxCYP,gas,stddft,S0S1,0.05049085666067666,0.1738402394929036,0.2904440123182054,0.8261597605070964,0.7095559876817946,1.8691739861234344,0.5817837212922918
SFI23pPM,gas,stda,S0T1,0.038069751265126885,0.9241668687862514,0.04119359019559481,0.07583313121374852,0.9588064098044052,1.5324426110799216,0.6948867130151678
SFI23pPM,gas,stda,S0S1,0.09302427921333405,0.9961684757613914,0.09338207489675251,0.0038315242386084093,0.9066179251032473,1.2710807171143428,0.7317245385783735
TPA-2,gas,stda,S0T1,0.06771262577935505,0.6204614321857668,0.10913269103740493,0.3795385678142332,0.8908673089625948,3.6325144738245725,0.6328249881990076
SFI23pPM,gas,stddft,S0S1,0.07672858514332523,0.9964599659259543,0.07700117191564808,0.00354003407404552,0.9229988280843522,1.1442549675930673,0.7443594747705718
TPA-2,gas,stddft,S0S1,0.0391064553331821,0.7801092002655968,0.050129463054490155,0.21989079973440354,0.94987053694551,1.3290392778654534,0.8584905348764875
SFI23pPM,gas,stddft,S0T1,0.038172232053628685,0.9253817111255735,0.041250255537467334,0.07461828887442648,0.9587497444625327,1.5090969842474917,0.6996626384438819
TPA-2,gas,stddft,S0T1,0.07096904042124245,0.6294793530387925,0.11274244354265403,0.3705206469612075,0.8872575564573459,3.515420914079843,0.6430203812630543
TPA-2,gas,stda,S0S1,0.0391898465318669,0.7804968299080183,0.050211410258367645,0.21950317009198173,0.9497885897416323,1.3275872198201917,0.8587102252736277
2PyCNICz,gas,stda,S0S1,0.2384897262541551,0.9685608771799549,0.24623101332415745,0.031439122820044976,0.7537689866758426,1.6883151780510408,0.5976700704337206
OPDPO,gas,stda,S0S1,0.258188284328273,0.9784251692939675,0.26388148264274713,0.0215748307060325,0.736118517357253,3.0440457729930026,0.218212372989099
OPDPO,gas,stddft,S0S1,0.2565933577342632,0.9757430309485031,0.2629722678980686,0.024256969051496918,0.7370277321019315,3.0422721914249444,0.2251316390144484
OPDPO,gas,stda,S0T1,0.1428331576604054,0.6425617683568791,0.2222870464665987,0.35743823164312094,0.7777129535334014,1.867884889856069,0.7992181197838171
2PyCNICz,gas,stda,S0T1,0.08018451434611087,0.927390186377653,0.08646254351613122,0.07260981362234703,0.9135374564838687,0.5065813005945483,0.7168343885636559
2PyCNICz,gas,stddft,S0S1,0.23053313083722693,0.9706106281947234,0.23751350350037326,0.02938937180527657,0.7624864964996267,1.5982886906632692,0.617036189874881
DPQ-PXZ,gas,stda,S0S1,0.4137722577354887,0.9429921122722836,0.4387865522421404,0.05700788772771655,0.5612134477578598,4.626827363009224,0.4428639974789355
DPQ-PXZ,gas,stda,S0T1,0.3864889594431966,0.9161834676924558,0.4218466858135156,0.08381653230754403,0.5781533141864845,4.197345143110267,0.5173554190994896
2PyCNICz,gas,stddft,S0T1,0.08890082223080481,0.9293102342109054,0.09566323382448505,0.07068976578909446,0.9043367661755148,0.45830605145136694,0.7203590673721725
DPQ-PXZ,gas,stddft,S0S1,0.4138424292617147,0.9430040955660203,0.43885538907793786,0.056995904433979824,0.5611446109220625,4.627359969414669,0.44259567256314
OPDPO,gas,stddft,S0T1,0.140662675906837,0.6292194189517959,0.22355107244014205,0.37078058104820405,0.776448927559858,1.7227656177701014,0.8320755850036538
Cz-SO,gas,stda,S0T1,0.33341170164634404,0.5812872998605922,0.5735747223899521,0.4187127001394078,0.426425277610048,1.0125741003290323,0.718852935195295
Cz-SO,gas,stddft,S0T1,0.3331433706544188,0.5796600156742308,0.5747220122935744,0.4203399843257693,0.4252779877064254,1.0070701661140204,0.7217230096319304
DPQ-PXZ,gas,stddft,S0T1,0.38230535794558934,0.9098111742943166,0.42020297040440246,0.0901888257056834,0.5797970295955975,4.104098908344977,0.5348438262963937
Cz-SO,gas,stda,S0S1,0.20747956756836705,0.3757143417523936,0.5522269035582942,0.6242856582476064,0.4477730964417057,1.6587304199926953,0.7846623627704756
Cz-SO,gas,stddft,S0S1,0.20923790932947992,0.3763473451631999,0.5559702015135662,0.6236526548368002,0.44402979848643365,1.6820249851737257,0.787756645646002
D6,gas,stda,S0T1,0.35413677249004505,0.4358424431946516,0.8125339283028111,0.5641575568053485,0.18746607169718912,1.2554189769055926,0.7346079744711126
D6,gas,stddft,S0T1,0.35172251514048664,0.43246748088842224,0.813292399275755,0.5675325191115778,0.18670760072424475,1.2450508325401022,0.7375841110548138
D6,gas,stda,S0S1,0.09940070721773811,0.1289156462337265,0.7710523130568864,0.8710843537662734,0.22894768694311374,0.9846804613365799,0.8048752445525048
D6,gas,stddft,S0S1,0.09851648053276431,0.12799524554435798,0.7696885936175065,0.872004754455642,0.23031140638249337,1.0030313445345223,0.8069873022319539
"2,7-MeCzOXD",gas,stda,S0S1,0.08773920474158328,0.6704455291341939,0.13086701443872517,0.32955447086580625,0.8691329855612749,1.9017582897793313,0.5851875360035623
NPE-AcDPS,gas,stda,S0T1,0.3286891754446769,0.5379701926066955,0.6109802735576061,0.4620298073933045,0.38901972644239385,1.656734566609486,0.7194615405615193
"2,7-MeCzOXD",gas,stddft,S0T1,0.25954725758978725,0.48969018795139363,0.5300233984176742,0.5103098120486065,0.46997660158232607,1.0796492263581559,0.7115522057971254
NPE-AcDPS,gas,stddft,S0T1,0.32791899750878195,0.5369887779450884,0.610662663684779,0.4630112220549117,0.389337336315221,1.6362839687225172,0.7236265254472092
NPE-AcDPS,gas,stda,S0S1,0.3799051832356455,0.758305175172695,0.5009924706753143,0.241694824827305,0.49900752932468556,3.5728876226645663,0.6214571579727084
"2,7-MeCzOXD",gas,stda,S0T1,0.2493893485167319,0.5002431447441488,0.49853626408870233,0.4997568552558512,0.5014637359112978,1.0399278005030816,0.7049924966534574
"2,7-MeCzOXD",gas,stddft,S0S1,0.09624930431308039,0.6654891035139521,0.14462942188663877,0.33451089648604754,0.855370578113361,1.7849713326939287,0.605245444950063
NPE-AcDPS,gas,stddft,S0S1,0.385616456221738,0.7608032741317674,0.5068543595081205,0.2391967258682327,0.49314564049187953,3.507948986314833,0.6267753059679949
BP-mDTC,gas,stda,S0S1,0.18824767115697186,0.9468569151980017,0.19881321890922293,0.053143084801998176,0.8011867810907769,3.0611377692534707,0.46228669611068607
PyDCN,gas,stda,S0S1,0.12791640376531443,0.8245631846948442,0.15513232477466715,0.17543681530515576,0.8448676752253328,1.7332697195497861,0.6265151396624212
BP-mDTC,gas,stda,S0T1,0.10695395414358252,0.885599277405859,0.12077014612848072,0.11440072259414091,0.8792298538715194,1.1063525112607033,0.7013277465376684
BP-mDTC,gas,stddft,S0S1,0.030355490524870656,0.6979996799321653,0.04348926138163951,0.30200032006783456,0.9565107386183606,3.916456205539576,0.6455674172536645
Oxd-bCZ,gas,stddft,S0T1,0.13829162003644402,0.8067402448360468,0.17142025691869248,0.19325975516395305,0.828579743081308,0.46768699390981106,0.9588163555873974
Oxd-bCZ,gas,stda,S0S1,0.2468700959778537,0.8122558234510407,0.3039314571226758,0.18774417654895928,0.696068542877324,1.1145039033205115,0.8531446477989298
PyDCN,gas,stda,S0T1,0.25742608694576724,0.5642264554284379,0.45624604176047395,0.4357735445715623,0.5437539582395261,0.11417992630926041,0.9648614881987789
PyDCN,gas,stddft,S0S1,0.11237810113891115,0.8037417784647294,0.13981866334430273,0.19625822153527062,0.8601813366556973,1.5768974159296223,0.6325757173324982
PyDCN,gas,stddft,S0T1,0.2536289429153323,0.5566742781034462,0.45561462580852474,0.4433257218965538,0.5443853741914753,0.10192943533859321,0.9666526475427473
Oxd-bCZ,gas,stda,S0T1,0.13712995156912197,0.8082109195879847,0.16967099583241094,0.19178908041201542,0.8303290041675888,0.48646174975404716,0.9318211761547027
BP-mDTC,gas,stddft,S0T1,0.1760572855378836,0.9230402817979604,0.19073629722307167,0.0769597182020398,0.8092637027769284,1.7540667760900146,0.6639784905989872
CzmPPC,gas,stda,S0S1,0.1782821530019379,0.8413542385217992,0.21189903709900743,0.1586457614782009,0.7881009629009925,0.8231136973044655,0.5428283689002198
CzmPPC,gas,stddft,S0S1,0.1735214758430662,0.8316035635147826,0.2086588892304352,0.16839643648521743,0.7913411107695648,0.7478566170646238,0.5388059633251473
1CzSO,gas,stda,S0T1,0.2448114686554441,0.8230158751610327,0.2974565570895505,0.1769841248389672,0.7025434429104498,1.1177183298246074,0.7098663824219302
1CzSO,gas,stddft,S0T1,0.24365925858279663,0.8231994343540038,0.2959905563759351,0.1768005656459961,0.704009443624065,1.1106226306187816,0.7111809245693563
CzPh-PPO,gas,stda,S0T1,0.28332221866987334,0.5298145261584292,0.5347573625890962,0.4701854738415708,0.4652426374109038,0.6966260836595735,0.8866074160066437
1CzSO,gas,stddft,S0S1,0.016170784121848324,0.9995722463022607,0.01617770419463851,0.0004277536977393857,0.9838222958053613,0.2965043287390681,0.8118231025697072
1CzSO,gas,stda,S0S1,0.017246953346213397,0.9995491600310122,0.017254732469264733,0.00045083996898763804,0.9827452675307354,0.30150901568037614,0.8080371301725856
CzmPPC,gas,stda,S0T1,0.16204420274639975,0.824617639199025,0.19650829068342265,0.17538236080097486,0.8034917093165774,0.5378543022302452,0.9549042661611394
CzPh-PPO,gas,stda,S0S1,0.11299036952973028,0.9362641031494049,0.12068215490656249,0.06373589685059508,0.8793178450934377,0.7100677914843552,0.7656731384930705
Oxd-bCZ,gas,stddft,S0S1,0.15596471725611114,0.2483904330629204,0.6279014667871823,0.7516095669370794,0.3720985332128177,1.1895605526324762,0.7784343014778993
CzPh-PPO,gas,stddft,S0S1,0.11165779706564576,0.9357829244799416,0.11932019076721155,0.06421707552005824,0.8806798092327885,0.6922080051204282,0.7666073595106726
CzPh-PPO,gas,stddft,S0T1,0.2866534428572673,0.5319957961451129,0.5388265188078226,0.46800420385488717,0.46117348119217744,0.6671672432849881,0.890838611692924
CzmPPC,gas,stddft,S0T1,0.15650890140791496,0.8339651510383679,0.18766839503191005,0.16603484896163198,0.81233160496809,0.47740808697321613,0.9607231868522667
1PCTRz,gas,stda,S0T1,0.23191682497249708,0.8424693272101971,0.2752822179775734,0.15753067278980298,0.7247177820224266,1.1552104487402621,0.6979850224760751
1PCTRz,gas,stddft,S0T1,0.2314168085982879,0.8415411663595931,0.27499166748950554,0.15845883364040705,0.7250083325104943,1.1307001748581993,0.7014532085953937
mCP-Ph,gas,stda,S0T1,0.11615631287559128,0.8580413479091878,0.135373794233381,0.1419586520908122,0.864626205766619,0.6755376975583137,0.7227101740562798
mCP-Ph,gas,stddft,S0T1,0.11547412803115412,0.8569870549174057,0.1347443084099832,0.1430129450825945,0.8652556915900167,0.6614022153743297,0.7250661551788631
ANOP-DMAC,gas,stda,S0S1,0.0940268062571358,0.7091208171874437,0.13259631360149657,0.2908791828125563,0.8674036863985034,3.6058678855098587,0.4017268251871339
1PCTRz,gas,stda,S0S1,0.20560639428011576,0.7563278314511412,0.2718482458666443,0.2436721685488587,0.7281517541333556,0.3817834275451795,0.7884864844953409
ANOP-DMAC,gas,stda,S0T1,0.14047986089341308,0.7395659196948162,0.1899490730337905,0.26043408030518383,0.8100509269662095,2.7842749091909926,0.5396546301363976
ANOP-DMAC,gas,stddft,S0S1,0.094411267514259,0.7093829711331922,0.13308927808549348,0.2906170288668079,0.8669107219145061,3.6051119329466763,0.4024724931787771
ANOP-DMAC,gas,stddft,S0T1,0.1474531465752714,0.7483218182881276,0.19704509874185874,0.25167818171187234,0.8029549012581415,2.584697777288085,0.576297296547185
1PCTRz,gas,stddft,S0S1,0.22048909729830476,0.8136001252501109,0.27100425682766904,0.18639987474988906,0.7289957431723311,1.9163554375560554,0.6668080600736448
mCP-Ph,gas,stda,S0S1,0.020401236890067447,0.999413167446785,0.020413216029749513,0.0005868325532150886,0.9795867839702502,1.0602869754482251,0.7988430900689023
mCP-Ph,gas,stddft,S0S1,0.01903490028583013,0.9994616491357055,0.019045153260548568,0.0005383508642943958,0.9809548467394511,1.0487667584606957,0.8019463531308288
TPAPyPI,gas,stda,S0T1,0.21813512686513845,0.31973516361180543,0.6822369000676419,0.6802648363881947,0.3177630999323579,0.08537987585749507,0.9940543468135088
TPA–2PPITPA,gas,stda,S0T1,0.023926038529081962,0.9914323412014677,0.024132800126418292,0.008567658798532324,0.9758671998735818,0.644059405462355,0.7087139630634933
TPA–2PPITPA,gas,stddft,S0T1,0.023516991343191986,0.9916790242477233,0.023714317604964688,0.00832097575227649,0.9762856823950354,0.641488464043521,0.718492396289157
TPAPyPI,gas,stda,S0S1,0.1775484287414826,0.26951497912368194,0.6587701704698373,0.7304850208763178,0.3412298295301627,1.2350512150344914,0.7187691686624408
PICNAnCz,gas,stda,S0T1,0.25739735959346677,0.5697703004035165,0.45175636464585045,0.4302296995964835,0.5482436353541494,0.8685611842363378,0.8388253509599204
PICNAnCz,gas,stda,S0S1,0.18937864138392668,0.32583101630546735,0.5812173547234796,0.6741689836945326,0.41878264527652076,0.7977648773558342,0.7154192829849447
TPAPyPI,gas,stddft,S0T1,0.21747567256100744,0.3176733543214775,0.6845889641122608,0.6823266456785225,0.3154110358877391,0.08090550345820414,0.9941390204421015
PICNAnCz,gas,stddft,S0S1,0.188590926781586,0.3267472014533551,0.5771768692822556,0.6732527985466449,0.42282313071774424,0.7820396949940952,0.7189486273353951
PICNAnCz,gas,stddft,S0T1,0.26038387249176015,0.5691553316185789,0.4574917566901704,0.430844668381421,0.5425082433098295,0.8634859542467889,0.8479999083990589
2PXZP,gas,stda,S0S1,0.08918354259694171,0.9874664309011812,0.09031551838734514,0.012533569098818411,0.9096844816126547,3.0699817370733826,0.512758963856135
2PXZP,gas,stda,S0T1,0.27578504640766105,0.33450918447737277,0.8244468588763547,0.6654908155226271,0.17555314112364548,1.7525039975337442,0.773663733680849
TPAPyPI,gas,stddft,S0S1,0.24647504469090278,0.4028779767643283,0.6117858480883988,0.5971220232356718,0.38821415191160114,0.15834201418374694,0.9538926014175024
2PXZP,gas,stddft,S0T1,0.2726726716030511,0.3310262185201359,0.8237192595258577,0.6689737814798642,0.17628074047414266,1.731113097945456,0.7802153145841472
2PXZP,gas,stddft,S0S1,0.08957417239195223,0.9876589175864683,0.09069342745453429,0.012341082413531731,0.9093065725454655,3.078539198760513,0.5103565926614186
TPA–2PPITPA,gas,stddft,S0S1,0.14716142062402987,0.8275678686596536,0.17782399026967494,0.17243213134034682,0.822176009730325,4.222020458764686,0.7301556892717982
DHPZ-2BN,gas,stda,S0S1,0.36653040798198955,0.7249635796587616,0.5055845814413387,0.27503642034123865,0.49441541855866133,0.8554311172253523,0.6435566882502558
DHPZ-2BN,gas,stda,S0T1,0.3575754948312804,0.7086790684521143,0.5045661862319304,0.29132093154788546,0.49543381376806966,0.7703064185638367,0.6823137330235675
DHPZ-2BN,gas,stddft,S0S1,0.36881307611899145,0.7283377284013708,0.5063764538581568,0.2716622715986296,0.49362354614184323,0.8749837880463484,0.6335781756267659
DHPZ-2BN,gas,stddft,S0T1,0.35755733542080625,0.7047626828146638,0.5073443077218598,0.2952373171853365,0.4926556922781399,0.7756153167956579,0.6795165559566689
CBPTZ,gas,stda,S0T1,0.028284735135419205,0.993797631316279,0.028461262377891004,0.006202368683721054,0.971538737622109,1.2028452379814674,0.6945879717255439
IpCm-PhBzAc,gas,stda,S0S1,0.20682754279596133,0.9248780477951459,0.22362682657354216,0.07512195220485399,0.7763731734264578,1.6556412598153243,0.676474775435597
CBPTZ,gas,stda,S0S1,2.7675893784885694e-05,2.7684945788554592e-05,0.9996730351672699,0.9999723150542116,0.00032696483273005235,0.8207462427874184,0.7829524188278124
CBPTZ,gas,stddft,S0T1,0.028060545907934754,0.9940926636423837,0.02822729402822481,0.005907336357616216,0.971772705971775,1.1948116339093402,0.6967064737420575
IpCm-PhBzAc,gas,stda,S0T1,0.1732917232489232,0.917681406784788,0.1888364763279584,0.08231859321521183,0.8111635236720415,1.515640443189012,0.7339343665096618
IpCm-PhBzAc,gas,stddft,S0S1,0.2055947929040627,0.9259878480063383,0.22202752805742593,0.07401215199366172,0.777972471942574,1.6795144907238482,0.6725439297806965
CBPTZ,gas,stddft,S0S1,2.3909796194870702e-05,2.3917535568390368e-05,0.9996764142569147,0.9999760824644317,0.000323585743085224,0.8194398967689605,0.7855423650232995
IpCm-PhBzAc,gas,stddft,S0T1,0.16935999762269774,0.9165887114770839,0.18477207443431623,0.0834112885229162,0.8152279255656839,1.491269097324891,0.7419862375232049
DMACN-B,gas,stda,S0S1,0.0717342452186698,0.9178202475124274,0.07815718318820213,0.08217975248757269,0.9218428168117981,1.2849453557063317,0.6561328070156631
DMACN-B,gas,stda,S0T1,0.04628229594738158,0.9315892903998841,0.04968100902868358,0.06841070960011583,0.9503189909713164,1.358810165516137,0.6723364853148779
DMACN-B,gas,stddft,S0T1,0.046519472017715044,0.9334494404072536,0.049836091815984286,0.06655055959274658,0.9501639081840159,1.3173431407782783,0.6927527667700791
CDBP-BP-DMAC,gas,stda,S0S1,0.11834674092704385,0.6753918747175165,0.17522677627198657,0.3246081252824836,0.8247732237280136,1.67818470063655,0.3831210881947581
CDBP-BP-DMAC,gas,stda,S0T1,0.21633862875960977,0.7988761600792244,0.2708037109758733,0.2011238399207756,0.7291962890241268,1.6262087558985754,0.6846697852944823
CDBP-BP-DMAC,gas,stddft,S0S1,0.11851031940965952,0.6759585312818251,0.17532187837755006,0.32404146871817485,0.8246781216224498,1.658813116933249,0.38389796028448286
DMACN-B,gas,stddft,S0S1,0.03029933141744255,0.99511263837848,0.030448142500546296,0.004887361621519908,0.9695518574994537,1.3380289443642162,0.5977379507210632
2SBFN,gas,stda,S0S1,0.10938073505174226,0.1644692109581923,0.6650529568087159,0.8355307890418077,0.3349470431912841,0.671075279350892,0.6144288310333408
2SBFN,gas,stda,S0T1,0.1936151825848792,0.753549072101797,0.25693772277477334,0.246450927898203,0.7430622772252264,0.0928418133730732,0.9778130351511106
CDBP-BP-DMAC,gas,stddft,S0T1,0.22026470973455883,0.7967228529760416,0.27646340118372686,0.20327714702395833,0.7235365988162731,1.4812669335388964,0.6938175472177052
2SBFN,gas,stddft,S0S1,0.11824667518164506,0.1749103207078521,0.6760417264293354,0.8250896792921479,0.32395827357066487,0.5958035262572505,0.6376691528512952
2SBFN,gas,stddft,S0T1,0.20009020300130534,0.7457059949993563,0.2683231787636065,0.2542940050006436,0.7316768212363934,0.0834727584237199,0.9795650927704127
BIPOCz,gas,stda,S0T1,0.3002357348139106,0.6565835424795434,0.4572696624104994,0.34341645752045663,0.5427303375895007,0.7254584126092756,0.8809075592491582
BIPOCz,gas,stddft,S0S1,0.026324041716923832,0.9982670015177958,0.026369740437077405,0.0017329984822040349,0.9736302595629226,0.6381580737596849,0.7817435597096084
BIPOCz,gas,stda,S0S1,0.028172946884249123,0.9982823189352982,0.028221422286930337,0.0017176810647017726,0.9717785777130696,0.6304126923648774,0.7790222740832093
"3,6-MeCzOXD",gas,stda,S0T1,0.292894066519409,0.5274480485174379,0.5553041050065155,0.4725519514825621,0.4446958949934847,0.9171230660368724,0.6926488408865654
BIPOCz,gas,stddft,S0T1,0.11447695770245447,0.8948023815053798,0.1279354638170084,0.10519761849462018,0.8720645361829915,0.2838159933719074,0.9596892032551451
"3,6-MeCzOXD",gas,stddft,S0S1,0.10489829294199565,0.8349380692091822,0.12563601638304844,0.1650619307908178,0.8743639836169514,1.0155063159079027,0.646717323112573
"3,6-MeCzOXD",gas,stddft,S0T1,0.3048544604334948,0.5115118213421759,0.595987126228237,0.488488178657824,0.40401287377176315,0.9178197348968135,0.692111759024688
"3,6-MeCzOXD",gas,stda,S0S1,0.08990999180206799,0.8296451771829397,0.10837161991028185,0.17035482281706027,0.8916283800897182,1.1072817622038078,0.6195114192207389
3DCPO,gas,stddft,S0T1,0.03632456938341994,0.9858982482530376,0.03684413624609361,0.014101751746962625,0.9631558637539063,1.4032754392357534,0.6910302593482774
SF-DPSO,gas,stda,S0S1,0.06296319825096557,0.9339193231541709,0.0674182412655484,0.06608067684582959,0.9325817587344514,0.47004582286816743,0.9408575474468461
3DCPO,gas,stda,S0T1,0.038131836505693344,0.9839158260841608,0.03875518158647005,0.016084173915838964,0.96124481841353,1.4127557440719614,0.6879461665196983
3DCPO,gas,stda,S0S1,0.2298511389082693,0.4413723669180917,0.5207646788429876,0.5586276330819083,0.47923532115701245,0.48316197172023717,0.7852796832407823
SF-DPSO,gas,stda,S0T1,0.013577966878466246,0.9988161845673834,0.013594059736173841,0.0011838154326168108,0.9864059402638263,0.16646981414650786,0.97943997317557
3DCPO,gas,stddft,S0S1,0.23092859752595135,0.4615079679474966,0.50037835436077,0.5384920320525034,0.49962164563923,0.5001509997323527,0.7857068565460976
DCzIPN,gas,stda,S0S1,0.04848293394129975,0.8620109754289466,0.05624398682067138,0.13798902457105336,0.9437560131793286,1.4631193182332007,0.6253340696703127
DCzIPN,gas,stddft,S0S1,0.05434204620429241,0.8095579777227129,0.06712557679581717,0.19044202227728715,0.932874423204183,1.2182564010924715,0.6311113943266151
SF-DPSO,gas,stddft,S0T1,0.013508395748057104,0.998864642779332,0.013523750035310202,0.0011353572206681001,0.9864762499646899,0.14294578486497245,0.9806472397352847
DCzIPN,gas,stddft,S0T1,0.21696690395569523,0.6915852667089554,0.3137240111955753,0.3084147332910446,0.6862759888044251,0.3642364720968988,0.7332641690634668
DCzIPN,gas,stda,S0T1,0.2181443161062961,0.6891522179514468,0.3165401059794095,0.31084778204855323,0.6834598940205907,0.34737590105338395,0.7293062786950473
SF-DPSO,gas,stddft,S0S1,0.05362213863434099,0.9468884020231886,0.05662983992598087,0.05311159797681145,0.9433701600740194,0.513391782470219,0.9383117670563453
3TCPM,gas,stda,S0T1,0.22456624467647412,0.8159296377570732,0.2752274636006472,0.18407036224292664,0.7247725363993526,1.575957686575825,0.6941231015639613
3TCPM,gas,stda,S0S1,0.15489639368225044,0.7637047548559918,0.20282235078064761,0.23629524514400838,0.7971776492193524,0.6238896475328124,0.6377692858722982
3TCPM,gas,stddft,S0S1,0.16226165483836233,0.7561429040176922,0.2145912551400016,0.24385709598230781,0.7854087448599983,0.6040998519735871,0.6513624338484919
3TCPM,gas,stddft,S0T1,0.24465827432446408,0.8081712801788171,0.3027307209807439,0.19182871982118313,0.6972692790192561,1.5507453095333068,0.7236296305833778
PCBP,gas,stda,S0T1,0.28313002073113996,0.7140046919458988,0.39653803949035277,0.28599530805410117,0.6034619605096474,0.992802870915361,0.672553609236722
PCBP,gas,stda,S0S1,0.29799165023663926,0.6249633462262496,0.4768146036659887,0.37503665377375034,0.5231853963340112,1.3719121655629523,0.7517762179853177
PCBP,gas,stddft,S0T1,0.2820905012930797,0.7110659489241224,0.3967149625430615,0.2889340510758776,0.6032850374569385,0.9889985441185899,0.6749591020662782
oDTBPZ-DPXZ,gas,stda,S0S1,0.17124320288686154,0.9067531663755762,0.18885316229040086,0.09324683362442364,0.8111468377095988,1.5145534655940889,0.5336029429388458
TPA–2PPITPA,gas,stda,S0S1,0.05399742595354677,0.059314383159130714,0.910359731950353,0.9406856168408692,0.08964026804964678,0.2917090230384314,0.6985550593318186
PCBP,gas,stddft,S0S1,0.2951719174323261,0.6246462782218115,0.47254250561228955,0.37535372177818843,0.5274574943877105,1.3878288953731996,0.7543095973655125
oDTBPZ-DPXZ,gas,stddft,S0T1,0.17526713224123852,0.8704222472709603,0.20135874604624887,0.1295777527290396,0.7986412539537511,1.5145419019944961,0.579063180390227
C-O,gas,stda,S0T1,0.029050588977134913,0.9849269285222849,0.02949517181007567,0.015073071477714896,0.9705048281899245,0.6401574392247324,0.7204775460885231
C-O,gas,stddft,S0T1,0.02867684863730944,0.9853871378723582,0.029102113814097788,0.014612862127642044,0.9708978861859021,0.6271357247143435,0.7225778278419186
C-O,gas,stda,S0S1,0.023606920436520695,0.9958158734999476,0.023706109798742766,0.004184126500052436,0.9762938902012572,0.2558915067317335,0.7714799168238563
oDTBPZ-DPXZ,gas,stda,S0T1,0.17599802101565248,0.8720659114677027,0.20181733823243317,0.12793408853229724,0.7981826617675666,1.5680531989993511,0.5664425342386293
oDTBPZ-DPXZ,gas,stddft,S0S1,0.1727380059459078,0.90331376285412,0.19122702769425642,0.09668623714588002,0.8087729723057437,1.4944436521505373,0.5495380064215093
C-O,gas,stddft,S0S1,0.01985095201850881,0.9983443371267122,0.019883873008826693,0.0016556628732877585,0.9801161269911732,0.22271187806154108,0.7752924945424425
NAI–PhBiFA,gas,stda,S0T1,0.23064715804620695,0.6212066128022603,0.37128896134211875,0.37879338719773953,0.6287110386578811,0.7313702149498887,0.8888506727942476
NAI–PhBiFA,gas,stddft,S0T1,0.2291142305934666,0.6160395577772816,0.3719148027119046,0.3839604422227184,0.6280851972880953,0.5158352218507062,0.8980659304947458
TPA-PyF2,gas,stda,S0S1,0.10557439140275135,0.854738040950715,0.12351666398903013,0.1452619590492851,0.87648333601097,3.1475742082548153,0.6355689033286139
NAI–PhBiFA,gas,stda,S0S1,0.15424394084873574,0.7262184139271254,0.21239332119746254,0.27378158607287467,0.7876066788025372,1.5597864815523466,0.7841201525021375
TPA-PyF2,gas,stda,S0T1,0.12248654777034308,0.8491581200783834,0.14424468761958809,0.1508418799216166,0.8557553123804118,0.6673190250542725,0.6972975749373816
NAI–PhBiFA,gas,stddft,S0S1,0.15647256501302606,0.732333343692084,0.21366303522950925,0.26766665630791603,0.7863369647704908,1.3938569880525948,0.766295389761251
TPA-PyF2,gas,stddft,S0T1,0.12169976676183682,0.8490056166487836,0.14334388886873706,0.15099438335121623,0.8566561111312629,0.6538132060877129,0.7051377526784961
TPA-PyF2,gas,stddft,S0S1,0.228791911416816,0.8569791569491383,0.26697488446664147,0.14302084305086163,0.7330251155333587,1.8319991037632366,0.6157763288371356
DPNC,gas,stda,S0S1,0.15749307012577426,0.9100885301020949,0.1730524722777316,0.08991146989790513,0.8269475277222685,0.40162972504594563,0.670695699694984
DPNC,gas,stda,S0T1,0.09430402421748,0.8741227222849591,0.10788419270347879,0.12587727771504084,0.8921158072965213,1.627009238647134,0.6560899376938026
2Cz-DMAC-TTR,gas,stda,S0T1,0.025727139536218968,0.9944997464805587,0.025869427948337746,0.005500253519441334,0.9741305720516623,0.5877226975284523,0.733057251542537
2Cz-DMAC-TTR,gas,stddft,S0T1,0.025641871728837456,0.9947436082452167,0.02577736767172714,0.005256391754783216,0.9742226323282727,0.5906487184836281,0.7352595160410703
DPNC,gas,stddft,S0S1,0.15186281048198447,0.9244714636312105,0.1642698736048444,0.0755285363687894,0.8357301263951556,0.22171856928406575,0.7139319752460063
DPNC,gas,stddft,S0T1,0.09386347246872012,0.8652380022152574,0.10848283620044741,0.13476199778474285,0.8915171637995527,1.489341973492719,0.6814571100967332
CPzPC,gas,stda,S0S1,0.292258267996182,0.39379971334203123,0.7421495193988211,0.6062002866579687,0.25785048060117904,1.1616344033799897,0.7148507362894805
CPzPC,gas,stda,S0T1,0.03417927402048752,0.9491077225149066,0.03601200707746923,0.05089227748509351,0.9639879929225307,0.8871036175997721,0.7975734587224094
2Cz-DMAC-TTR,gas,stda,S0S1,0.026535760230496825,0.9998354176275325,0.026540128267772727,0.00016458237246756298,0.9734598717322275,1.4067522310217495,0.7791866923472172
CPzPC,gas,stddft,S0S1,0.2979899605154539,0.38297940214869963,0.7780835179218155,0.6170205978513003,0.2219164820781846,1.183158867707154,0.7073993178268387
FlCz,gas,stda,S0S1,0.09955064115291598,0.526829229190739,0.18896187917636129,0.47317077080926095,0.8110381208236388,0.779292649369129,0.7141859896937331
2Cz-DMAC-TTR,gas,stddft,S0S1,0.025062644182438094,0.9998382379473544,0.025066699023125125,0.00016176205264570006,0.9749333009768749,1.4059394605263118,0.7821848175259769
CPzPC,gas,stddft,S0T1,0.03285365205214894,0.9539986460584781,0.034437839286131526,0.04600135394152205,0.9655621607138685,0.8177931307758133,0.7896623676073672
FlCz,gas,stda,S0T1,0.2488395648712091,0.7358132592055185,0.3381830400010585,0.2641867407944814,0.6618169599989415,1.0224422471612171,0.7421745422180385
FlCz,gas,stddft,S0S1,0.2486676946242852,0.7192626147477374,0.3457258719216192,0.28073738525226255,0.6542741280783806,1.1082448553546926,0.7224999130040162
CNDSB,gas,stda,S0S1,0.155328411676562,0.6462016177061517,0.24037143736646405,0.35379838229384836,0.7596285626335358,0.5911318705283068,0.9261540644116117
CNDSB,gas,stda,S0T1,0.14468326847054971,0.7579359596816565,0.19089115197980405,0.24206404031834328,0.8091088480201958,0.3043133779527032,0.9525002448900166
CNDSB,gas,stddft,S0S1,0.1557858054143337,0.6369513864781795,0.24458036943086325,0.36304861352182044,0.7554196305691365,0.6074770094465809,0.9222222280921103
FlCz,gas,stddft,S0T1,0.19007847714173648,0.7643197853454141,0.24868972488503033,0.235680214654586,0.7513102751149696,0.9760781362480516,0.834112974021567
CNDSB,gas,stddft,S0T1,0.1436481141586752,0.7680143671943938,0.1870383163318039,0.23198563280560622,0.8129616836681961,0.28025286865138355,0.9551137894383839
DMAC-BPP,gas,stda,S0S1,0.18367798374300287,0.6886951855474798,0.2667043237669618,0.3113048144525199,0.7332956762330382,3.976856444411159,0.3459195611601642
DMAC-BPP,gas,stddft,S0S1,0.18380192551615251,0.6903660870070129,0.2662383465459615,0.3096339129929871,0.7337616534540385,4.052950434576877,0.35032572083199087
ethylacetate,gas,stda,S0S1,0.02502200076958479,0.9906440626897469,0.025258315990554985,0.009355937310253033,0.9747416840094449,1.5364673650621357,0.5037377300309802
ethylacetate,gas,stda,S0T1,0.025895434936033263,0.9919089587715826,0.02610666503920193,0.008091041228417452,0.9738933349607981,1.1544078248177012,0.6731967517464486
ethylacetate,gas,stddft,S0S1,0.02494472479044201,0.9906393383058819,0.025180430279601686,0.009360661694118283,0.9748195697203984,1.5496054625982714,0.49736024078695507
ethylacetate,gas,stddft,S0T1,0.026226070596027523,0.9921737582436537,0.0264329411840653,0.007826241756346362,0.9735670588159349,1.0778156715635272,0.7001070147935289
DMAC-BPP,gas,stda,S0T1,0.33835216288762854,0.6726656174040168,0.5030020178427037,0.32733438259598313,0.4969979821572961,1.0429519602769712,0.7177102677411856
DMAC-BPP,gas,stddft,S0T1,0.3371294145631434,0.6707677175623261,0.502602325270399,0.3292322824376736,0.497397674729601,1.048107909058596,0.7218924130830657
3BPy-mDTC,gas,stda,S0S1,0.16681861276593568,0.9548899346401878,0.17469931006110628,0.045110065359812004,0.8253006899388938,4.454042607843425,0.4769531311271239
3BPy-mDTC,gas,stda,S0T1,0.1919745597410154,0.9635489754378754,0.19923695072559694,0.036451024562124665,0.8007630492744031,4.438577223730959,0.4946599742005714
APDC-tPh,gas,stda,S0S1,0.19465345503193013,0.5932202825232152,0.3281301411408038,0.40677971747678493,0.6718698588591961,1.331115364402116,0.714898516370299
APDC-tPh,gas,stda,S0T1,0.219564728548662,0.6654767687572765,0.3299359780187086,0.33452323124272354,0.6700640219812913,1.0949316954862816,0.8856918661496878
APDC-tPh,gas,stddft,S0S1,0.19950680790458614,0.6003715353245453,0.3323055744085834,0.3996284646754546,0.6676944255914165,1.3717418006336126,0.7079718445126537
APDC-tPh,gas,stddft,S0T1,0.21900664450587565,0.6568910393499835,0.33339873949656906,0.34310896065001634,0.6666012605034312,1.0164627628199314,0.8948282877034468
3BPy-mDTC,gas,stddft,S0T1,0.193878547081352,0.9646697439408092,0.20097919344845558,0.035330256059190636,0.7990208065515443,4.414701925567544,0.5006043246724539
DPE-DDMAc,gas,stda,S0T1,0.049837733366860704,0.9772617423902927,0.050997323649406526,0.022738257609707213,0.9490026763505934,1.8107846327545647,0.7061488767289816
3BPy-mDTC,gas,stddft,S0S1,0.022951095047324104,0.6876511861053556,0.03337607134412439,0.31234881389464425,0.9666239286558757,4.849798123331417,0.6314777967230252
DPE-DDMAc,gas,stddft,S0T1,0.0493568137404198,0.9777925065640487,0.0504777991333346,0.02220749343595113,0.9495222008666654,1.7963394844139415,0.7105850558391398
DPE-DDMAc,gas,stda,S0S1,0.14017948308408631,0.8422030605266386,0.16644380631486969,0.1577969394733613,0.8335561936851301,1.178346303478652,0.314378212464824
DPE-DDMAc,gas,stddft,S0S1,0.14081852321605098,0.846504167674864,0.16635301820526693,0.15349583232513597,0.8336469817947332,1.1023087306425334,0.31358796588817495
TRZ3DPA,gas,stda,S0S1,0.21140204090855289,0.6727723264422468,0.31422523281611286,0.32722767355775323,0.6857747671838872,1.3693463660061078,0.6841878702513826
BPy-TP2,gas,stda,S0S1,0.3392416375793765,0.5870163867025575,0.5779082922795321,0.41298361329744226,0.422091707720468,2.112868845765418,0.6788088338367533
BPy-TP2,gas,stddft,S0S1,0.33855575445787983,0.585502410593007,0.5782311880065271,0.41449758940699294,0.4217688119934727,2.1141697191592512,0.6788591121946748
TRZ3DPA,gas,stddft,S0S1,0.21146553297179713,0.6730623013384496,0.31418418852352514,0.32693769866155026,0.6858158114764749,1.4008286584795588,0.680159605615021
BPy-TP2,gas,stda,S0T1,0.16857830129189608,0.7907431417325669,0.21318971028004194,0.2092568582674331,0.786810289719958,0.09867298447327912,0.923505272098056
TRZ3DPA,gas,stda,S0T1,0.12749103187072044,0.8330847447137268,0.15303488952319036,0.16691525528627332,0.8469651104768097,1.0623775046512036,0.7747969061703692
NIDPA-2,gas,stda,S0S1,0.2592211893204031,0.7578055018488247,0.3420682334556544,0.24219449815117522,0.6579317665443455,2.061231479957403,0.5858524059553958
NIDPA-2,gas,stda,S0T1,0.23685156715277464,0.7266492024265714,0.3259503572863396,0.27335079757342867,0.6740496427136605,1.8307303964337978,0.6163936951242586
NIDPA-2,gas,stddft,S0S1,0.25255316473496814,0.7480570996412143,0.33761214866632316,0.25194290035878575,0.6623878513336768,1.9865624318188504,0.5859475542281264
TRZ3DPA,gas,stddft,S0T1,0.12588830958783037,0.8347712031427252,0.15080576463812992,0.16522879685727465,0.8491942353618703,1.0499631915001548,0.7837886132927467
BPy-TP2,gas,stddft,S0T1,0.17040841101298926,0.7858028334062042,0.2168589928268943,0.21419716659379584,0.7831410071731058,0.12998933850029482,0.926770076290646
NIDPA-2,gas,stddft,S0T1,0.23435247394934106,0.7207382041832832,0.3251561698673953,0.27926179581671684,0.6748438301326047,1.7814287911696705,0.6205657184267316
ANQDC-PSTA,gas,stda,S0S1,0.19394926394120304,0.5746506207025656,0.33750814312891797,0.4253493792974345,0.6624918568710818,2.0315220736387913,0.40825077250328584
ANQDC-PSTA,gas,stda,S0T1,0.19473481117271263,0.6151182361517459,0.316581105432668,0.3848817638482541,0.6834188945673323,1.9025601758832187,0.5123328268745267
ANQDC-PSTA,gas,stddft,S0S1,0.19497177708914631,0.5739124215717591,0.339723919121984,0.42608757842824124,0.6602760808780161,2.0347848789761493,0.4090966432368544
ANQDC-PSTA,gas,stddft,S0T1,0.19476946111028814,0.6224760581905814,0.31289470261144764,0.3775239418094187,0.6871052973885527,1.8523641548041871,0.5420985032968696
2PN,gas,stda,S0T1,0.23590474596316888,0.8378461397535828,0.28156093913919605,0.16215386024641718,0.7184390608608039,2.396284991385464,0.5249531005656269
2PN,gas,stda,S0S1,0.22240271489035393,0.9741247843570915,0.2283102929540352,0.025875215642908442,0.7716897070459651,4.383557711781558,0.3661128240441995
SiCN2Cz,gas,stda,S0T1,0.01997744531576135,0.9987575368433678,0.020002297433370314,0.0012424631566321982,0.9799977025666294,0.2619713204800926,0.7144518046041464
SiCN2Cz,gas,stddft,S0T1,0.019590157868102736,0.9987947821316966,0.01961379676643091,0.001205217868303373,0.9803862032335693,0.24709343848893864,0.712919689195036
2PN,gas,stddft,S0S1,0.2250333175382418,0.9735614715624142,0.2311444362902924,0.026438528437585877,0.7688555637097074,4.306573489853012,0.3725532952677498
2PN,gas,stddft,S0T1,0.23301999909686796,0.8350850854684785,0.27903743361210304,0.16491491453152168,0.7209625663878969,2.2875840038453763,0.5561876210363452
PXZ-PPO,gas,stda,S0S1,0.2289714494791245,0.7567216034022322,0.3025834711863191,0.24327839659776798,0.6974165288136809,1.0300496388772742,0.6723874023872078
PXZ-PPO,gas,stddft,S0S1,0.23802577640542777,0.7459545890759505,0.31908882912065956,0.2540454109240494,0.6809111708793405,1.0777462719947948,0.6653765085679715
PXZ-PPO,gas,stda,S0T1,0.27971024844187026,0.6672823155395156,0.41917827271612473,0.33271768446048466,0.5808217272838755,1.3243766724707988,0.6928403957239282
SiCN2Cz,gas,stda,S0S1,0.028577523720282213,0.9991079294698461,0.028603039649025934,0.0008920705301538006,0.9713969603509743,0.4298487763189094,0.7861546017849894
PXZ-PPO,gas,stddft,S0T1,0.2786522331029789,0.6585164689726007,0.423151502251302,0.3414835310273995,0.576848497748698,1.2832166032009682,0.699488752351751
SiCN2Cz,gas,stddft,S0S1,0.02678760794984232,0.9992055207481781,0.026808907070273672,0.0007944792518216771,0.9731910929297262,0.4325720181426256,0.7885061944630068
PxPYM,gas,stda,S0T1,0.01919136268590985,0.9764707533307944,0.01965380183732803,0.023529246669205646,0.9803461981626722,0.7237997296442423,0.6988706803776115
PxPYM,gas,stddft,S0T1,0.01934965860527287,0.9769394084673921,0.019806406044801,0.023060591532607897,0.9801935939551991,0.7015679930027856,0.706693330497749
DMBFTX,gas,stda,S0T1,0.44973017084276284,0.7442129849791463,0.6043030421665712,0.2557870150208536,0.3956969578334289,2.507872144504908,0.6946286624159486
PxPYM,gas,stda,S0S1,0.1744635770443814,0.9264625525957217,0.18831152598189432,0.0735374474042781,0.8116884740181056,3.1413278593572533,0.5817229204001535
DMBFTX,gas,stddft,S0T1,0.44355397079178516,0.7374364028253364,0.6014809807224041,0.2625635971746637,0.3985190192775964,2.432470354682617,0.6997782608589557
PxPYM,gas,stddft,S0S1,0.17484276127924422,0.9217428959540163,0.18968712647172575,0.07825710404598374,0.8103128735282744,3.084613892093045,0.600540992938654
DMBFTX,gas,stda,S0S1,0.08371615365569483,0.46327831702066596,0.18070380283297482,0.5367216829793342,0.8192961971670251,2.6822960832554825,0.7345329820367114
DMBFTX,gas,stddft,S0S1,0.08206753834351113,0.45543199716406363,0.1801971289995844,0.5445680028359363,0.8198028710004157,2.7333629001719078,0.7379267143795935
PFBP-2a,gas,stda,S0S1,0.21315880740121929,0.9507080571374865,0.22421058262935636,0.049291942862513184,0.7757894173706439,3.4633958255501667,0.4914829754935441
PFBP-2a,gas,stda,S0T1,0.20410525799902168,0.9361196075482616,0.21803331150554822,0.06388039245173831,0.7819666884944521,3.1631182515098977,0.5635049874144846
PFBP-2a,gas,stddft,S0S1,0.21363190611586175,0.9511421921696829,0.22460564558548152,0.048857807830317054,0.7753943544145182,3.485022882931798,0.48820818227121215
PFBP-2a,gas,stddft,S0T1,0.20263481046030765,0.9330377538327524,0.21717750394120713,0.06696224616724755,0.7828224960587931,3.099156506420279,0.5791888959786103
TFM-QP,gas,stda,S0T1,0.03418839972364043,0.034261986001620184,0.9978522471529736,0.9657380139983797,0.00214775284702643,2.217882493656893,0.724788300664809
TFM-QP,gas,stda,S0S1,0.042338548042725674,0.043438771253901734,0.9746718615785607,0.9565612287460984,0.02532813842143926,1.9008796833890333,0.6948210260914511
TFM-QP,gas,stddft,S0S1,0.03817775126739387,0.03828586963230413,0.9971760243152726,0.9617141303676958,0.002823975684727446,2.0687999439828704,0.6746251846388054
TFM-QP,gas,stddft,S0T1,0.03360219328375691,0.033671285134840315,0.9979480482907996,0.9663287148651598,0.002051951709200187,2.1967124990312135,0.7323130920721707
TPA–2SPPITPA,gas,stda,S0T1,0.08341015296245877,0.9430609043930334,0.08844619957620092,0.05693909560696655,0.9115538004237991,1.5454500154241193,0.8820175154651547
TPA–2SPPITPA,gas,stddft,S0T1,0.08315404129991867,0.9422765249025913,0.08824802391051267,0.05772347509740896,0.9117519760894872,1.4558480763741417,0.8900914041333532
TPA-NZP,gas,stda,S0S1,0.2755282018906672,0.78014354984713,0.3531762865240086,0.2198564501528702,0.6468237134759915,2.629790374268559,0.8614117512283248
DDMA-TXO2,gas,stda,S0T1,0.02884191796154849,0.9847515773941048,0.02928852171820969,0.015248422605895198,0.9707114782817902,0.8260723941895427,0.7191461981187629
DDMA-TXO2,gas,stda,S0S1,0.478042828711355,0.6652942345158176,0.7185434713097448,0.3347057654841825,0.2814565286902553,1.5893225886554736,0.6696335497337852
DDMA-TXO2,gas,stddft,S0S1,0.5118743830689382,0.642651767209961,0.796503501875073,0.3573482327900388,0.20349649812492707,1.8413237068657435,0.6621595408669365
DDMA-TXO2,gas,stddft,S0T1,0.0270251243108894,0.9860751365095065,0.027406759698406467,0.013924863490493544,0.9725932403015936,0.818694400401036,0.723724839016253
TPA-NZP,gas,stda,S0T1,0.26239157495702947,0.7554417915450417,0.347335265130596,0.2445582084549584,0.652664734869404,1.0593608413865043,0.9105504768135301
TPA-NZP,gas,stddft,S0S1,0.28271955952049926,0.7724289007223097,0.3660136994565118,0.22757109927769034,0.6339863005434884,2.129231621938456,0.8790363164688657
TPA-NZP,gas,stddft,S0T1,0.260061298161036,0.7511185597162217,0.3462320226240837,0.24888144028377848,0.6537679773759163,0.9655375385800585,0.9117056459891634
DPhBCz,gas,stda,S0T1,0.11808662010931992,0.8857949433861889,0.13331146332570168,0.11420505661381088,0.866688536674298,1.0942073556278697,0.7001647273055965
DPhBCz,gas,stddft,S0T1,0.097677478818851,0.893003201679708,0.10938088310895533,0.10699679832029198,0.8906191168910448,1.1809090829240385,0.7031306905183711
TPA–2SPPITPA,gas,stda,S0S1,0.14896866365842218,0.839414567240153,0.17746733196232806,0.1605854327598471,0.822532668037672,0.560904735361517,0.7364709532792579
DPhBCz,gas,stda,S0S1,0.14304868472110932,0.834958311490588,0.17132434368577673,0.16504168850941206,0.8286756563142229,0.7416103185883914,0.7717445477543984
TPA–2SPPITPA,gas,stddft,S0S1,0.14851220686315178,0.836135846082154,0.17761731847645224,0.16386415391784603,0.8223826815235478,0.5656275891661502,0.7437519170921927
DPhBCz,gas,stddft,S0S1,0.10829017312811806,0.9046475123922055,0.11970427337136078,0.09535248760779426,0.8802957266286391,0.9104262132547299,0.7670585573994881
2BrCPT,gas,stda,S0T1,0.0522128053691603,0.9585126219637586,0.05447273637585386,0.04148737803624146,0.945527263624146,0.40230373193884456,0.6957391322594882
2BrCPT,gas,stda,S0S1,0.009059387756403567,0.9998691519661148,0.009060573314607656,0.0001308480338852208,0.9909394266853921,0.16627639577717207,0.7757024299726026
2BrCPT,gas,stddft,S0T1,0.0504793701920803,0.9595527252359762,0.05260718756196149,0.04044727476402384,0.9473928124380384,0.41529892577048494,0.6984135892425356
2BrCPT,gas,stddft,S0S1,0.008355987557277327,0.9998706664691631,0.008357068406441778,0.0001293335308369088,0.9916429315935584,0.1525202467226303,0.778894232367786
TCz-3PA-TCz,gas,stda,S0S1,0.041676382792936416,0.9420265695329412,0.044241196735671326,0.05797343046705891,0.9557588032643285,0.4317524493014281,0.7745542569861805
TCz-3PA-TCz,gas,stda,S0T1,0.02378865727188584,0.9680678916643303,0.024573335689284864,0.031932108335669895,0.975426664310715,0.5337747746974957,0.8297665758290838
TCz-3PA-TCz,gas,stddft,S0S1,0.041420673242333846,0.9414345399251268,0.04399740129104257,0.058565460074873135,0.9560025987089574,0.43298936535695337,0.7700225539847069
TCz-3PA-TCz,gas,stddft,S0T1,0.02261747789633817,0.9705021069563338,0.023304924053457833,0.029497893043666134,0.9766950759465423,0.5278829785859062,0.8415239529672772
p-DTPACO,gas,stda,S0T1,0.1186141968519157,0.6320661356422258,0.18766105342978853,0.3679338643577741,0.8123389465702116,1.6201230642242939,0.6908813744365692
p-DTPACO,gas,stda,S0S1,0.07538561828511232,0.8943316194457192,0.0842926903689642,0.10566838055428085,0.9157073096310356,1.6850553375998458,0.6573347256693676
PFBP-2b,gas,stda,S0S1,0.17625219645440954,0.8967317002085828,0.196549532500538,0.10326829979141704,0.803450467499462,0.4100540433785566,0.5204136414943921
p-DTPACO,gas,stddft,S0T1,0.11848140422085575,0.6400824471272581,0.18510334840864623,0.35991755287274185,0.8148966515913536,1.5521913115176866,0.7009563791673298
PFBP-2b,gas,stda,S0T1,0.17357487544772082,0.8953918239872835,0.19385354076025824,0.10460817601271644,0.8061464592397416,0.4457757960472143,0.5842815765037916
p-DTPACO,gas,stddft,S0S1,0.06892529994640752,0.9083559171189346,0.07587917758605062,0.09164408288106549,0.9241208224139494,1.8832570939935556,0.6524868420771356
PFBP-2b,gas,stddft,S0S1,0.17609281631310192,0.8945535011093201,0.19684995485986284,0.10544649889068002,0.8031500451401372,0.3767070005210301,0.5178913760525968
PPI-PIM-1,gas,stda,S0T1,0.15418257026965299,0.2545192813757843,0.6057795285144254,0.7454807186242157,0.3942204714855745,0.47218918682481564,0.8381068586356781
PFBP-2b,gas,stddft,S0T1,0.172859434667777,0.8939355508063381,0.19336901246611818,0.10606444919366176,0.806630987533882,0.44498919095260336,0.5979352743332116
thio-ether,gas,stda,S0S1,0.0389778438615111,0.9884907931073666,0.03943167112258318,0.01150920689263312,0.9605683288774168,2.573627336996954,0.600263345883272
PPI-PIM-1,gas,stddft,S0T1,0.15474933866062315,0.25315737372371894,0.6112772319620738,0.7468426262762811,0.38872276803792616,0.49464943612820883,0.846095445393231
thio-ether,gas,stda,S0T1,0.035255524724780544,0.989121031291718,0.035643286927929806,0.010878968708281719,0.9643567130720703,2.115922049804716,0.7257338431560383
thio-ether,gas,stddft,S0S1,0.039081477495119386,0.9882061723461887,0.03954789859522184,0.011793827653811532,0.9604521014047782,2.6625185441784742,0.5691200402292156
thio-ether,gas,stddft,S0T1,0.03415603063869388,0.9895630903693475,0.03451627386986046,0.01043690963065239,0.9654837261301394,1.9449474970595562,0.7710452115756008
PPI-PIM-1,gas,stda,S0S1,0.22720121287609604,0.7825705263779177,0.29032682067351,0.21742947362208237,0.7096731793264899,1.6154045246703914,0.8776162623566337
PPI-PIM-1,gas,stddft,S0S1,0.05185565991594568,0.05406945904537468,0.9590563847222662,0.9459305409546254,0.040943615277733984,0.7319691745154354,0.732204456221895
9CzFDPESPO,gas,stda,S0T1,0.06477545927237584,0.9543142466189536,0.06787644583727975,0.04568575338104632,0.9321235541627203,1.1726145833568082,0.7205419055452618
9CzFDPESPO,gas,stddft,S0T1,0.06491476630274327,0.9549308061553308,0.06797850261433928,0.04506919384466941,0.9320214973856608,1.1454736102098504,0.7232244985932418
9CzFDPESPO,gas,stda,S0S1,0.17147372941978217,0.9417027611880832,0.18208901628731053,0.05829723881191678,0.8179109837126893,0.49885678700543745,0.7890086181264622
2F,gas,stda,S0S1,0.023446768510562415,0.9934549836956516,0.02360123900465068,0.006545016304348433,0.9763987609953494,0.4131210019285002,0.6872543838524936
9CzFDPESPO,gas,stddft,S0S1,0.17264062838574531,0.943513505035987,0.1829763193258803,0.05648649496401299,0.8170236806741199,0.513079565999566,0.7900755696222715
2F,gas,stddft,S0S1,0.018073675038382565,0.9965400525006937,0.018136426120584838,0.0034599474993062657,0.981863573879415,0.32875526699615487,0.7243620172388994
2F,gas,stddft,S0T1,0.040369837151261884,0.979717496176088,0.041205589681544356,0.020282503823911942,0.9587944103184557,1.281393223009648,0.6480883000356557
2F,gas,stda,S0T1,0.042335287054103554,0.9777657466771564,0.043297985430534855,0.022234253322843546,0.9567020145694649,1.4007434468273732,0.6203384641964397
DPE-DPXZ,gas,stda,S0S1,0.3604672572849894,0.41578735470406103,0.8669509863799345,0.5842126452959387,0.13304901362006535,1.875774219257446,0.6513213969730737
DPE-DPXZ,gas,stda,S0T1,0.31872552244416985,0.3914751976256853,0.8141653018562978,0.6085248023743145,0.18583469814370204,1.9890289582352407,0.6967883701562736
2PS-2FPh,gas,stda,S0S1,0.018168405470138656,0.9961069650062767,0.01823941213986409,0.003893034993723616,0.9817605878601361,0.49130281773256285,0.6730712128421378
DPE-DPXZ,gas,stddft,S0T1,0.315012161421349,0.38797937353441786,0.8119301769876283,0.612020626465582,0.18806982301237188,1.9733041425005091,0.7054676136317337
DPE-DPXZ,gas,stddft,S0S1,0.36524391692372965,0.4202124089894135,0.8691887938343376,0.5797875910105866,0.13081120616566225,1.8844896779425917,0.6447176216194566
2PS-2FPh,gas,stda,S0T1,0.021709656264919778,0.9963345385198992,0.02178952492921752,0.003665461480100522,0.9782104750707824,0.7933115177866202,0.7285145905648476
2PS-2FPh,gas,stddft,S0T1,0.021782033989759943,0.9963918765011601,0.02186091085592525,0.0036081234988400396,0.9781390891440748,0.7780097361508784,0.7361770933557181
2PS-2FPh,gas,stddft,S0S1,0.018297280582758476,0.9960541346822203,0.018369765202165458,0.003945865317779834,0.9816302347978344,0.5129919642999402,0.6666307008001009
DMAC-Cz-TTR,gas,stda,S0T1,0.025755342140050656,0.9914936636187025,0.02597630533114063,0.00850633638129732,0.9740236946688594,0.8541612828317277,0.6873873595895348
LiPr,gas,stda,S0T1,0.0355100222793223,0.9857625328368803,0.03602289709381594,0.014237467163119664,0.963977102906184,0.6115274248968632,0.906107288852187
DMAC-Cz-TTR,gas,stddft,S0T1,0.025509374136992363,0.9917202872144629,0.025722347788853767,0.008279712785537172,0.9742776522111464,0.8459915669887036,0.692164208024354
LiPr,gas,stddft,S0T1,0.03485384892931206,0.9866430393862168,0.03532569281692229,0.013356960613783173,0.9646743071830776,0.5427000092339294,0.9197033271680208
DMAC-Cz-TTR,gas,stda,S0S1,0.01876972366013678,0.9982315184769505,0.018802976376436846,0.0017684815230496185,0.9811970236235631,0.8211214095645424,0.7518416648954771
2C,gas,stda,S0T1,0.2279504216372502,0.636810851793189,0.35795624555606587,0.3631891482068111,0.6420437544439341,0.3885774925400827,0.9739397869290892
2C,gas,stda,S0S1,0.19629701287964765,0.7741744982884549,0.2535565474109792,0.22582550171154525,0.7464434525890208,0.37945315781748884,0.7960824919545084
LiPr,gas,stda,S0S1,0.03431669478600674,0.9915015394991874,0.03461083358815588,0.008498460500812368,0.965389166411844,0.8910863448478581,0.6451169305631071
LiPr,gas,stddft,S0S1,0.03388424924148625,0.9919336105283795,0.034159795455904474,0.008066389471620593,0.9658402045440956,0.8912061532815256,0.6421182897965151
DMAC-Cz-TTR,gas,stddft,S0S1,0.017503298870324303,0.9985597586487329,0.01752854420451516,0.0014402413512671236,0.9824714557954846,0.8335763054283944,0.7546454211714416
2C,gas,stddft,S0S1,0.20300834642049276,0.7730952725549527,0.26259162826023186,0.22690472744504728,0.7374083717397679,0.14860492679252896,0.8144014868655547
N-B,gas,stda,S0T1,0.033214567381491485,0.9035510224456009,0.03676003519047669,0.09644897755439905,0.9632399648095235,1.4136049877863837,0.6700602508996134
2C,gas,stddft,S0T1,0.12677731905244424,0.8516755552306635,0.1488563553031747,0.14832444476933643,0.8511436446968252,0.13386112401853664,0.9096736694686448
N-B,gas,stda,S0S1,0.02596397559308413,0.8950166356659696,0.02900948938649022,0.10498336433403042,0.9709905106135097,1.7131874506154041,0.5809367421385516
N-B,gas,stddft,S0S1,0.025882005970667376,0.893605540429833,0.028963569270416427,0.106394459570167,0.9710364307295837,1.7229293727714392,0.5766553398628524
N-B,gas,stddft,S0T1,0.08251784339461063,0.9003333460428089,0.09165254597899464,0.0996666539571911,0.9083474540210051,0.08868668867944693,0.9653071072124195
PID-3,gas,stda,S0T1,0.06118768576994744,0.9164166424961181,0.06676841398611617,0.08358335750388195,0.9332315860138837,0.7293930193287094,0.9252798395129276
PID-3,gas,stda,S0S1,0.26008640585279585,0.7299106445989163,0.3563263637506102,0.27008935540108403,0.6436736362493898,0.6561191603708475,0.800776076158257
PID-3,gas,stddft,S0S1,0.26007202111090966,0.7222689547951548,0.36007642220295843,0.27773104520484504,0.6399235777970415,0.6143631880205781,0.7943527041168551
PID-3,gas,stddft,S0T1,0.10596876631408843,0.8333631034504456,0.1271579769674668,0.16663689654955421,0.872842023032533,0.2878735297120563,0.8593761004815698
CzTPA-m-Trz,gas,stddft,S0S1,0.25149620313790855,0.8217237001411596,0.30605932759966076,0.17827629985884053,0.6939406724003395,4.89594350129392,0.4820875665746891
CzTPA-m-Trz,gas,stda,S0T1,0.1707719981349265,0.830633710897124,0.20559242406678221,0.16936628910287607,0.794407575933218,4.29040171223742,0.6093174493436655
CzTPA-m-Trz,gas,stda,S0S1,0.25201305304199434,0.8221623229484205,0.3065246922751588,0.17783767705157938,0.6934753077248411,4.889206613325827,0.4838793711854121
DFPFPhe,gas,stda,S0S1,0.4204498220147277,0.691908613285446,0.6076666975112097,0.3080913867145542,0.3923333024887903,2.0884464865382943,0.5477083125961038
CzTPA-m-Trz,gas,stddft,S0T1,0.1632732782797797,0.8326405444303404,0.19609095349960984,0.16735945556965942,0.8039090465003901,4.1750870287592825,0.625154673989379
DFPFPhe,gas,stddft,S0S1,0.4278804690272186,0.6944794273843988,0.6161168382463603,0.30552057261560134,0.3838831617536397,2.126741191091633,0.538452658635855
DFPFPhe,gas,stda,S0T1,0.3414869968454492,0.7239367914075635,0.4717083050600175,0.2760632085924365,0.5282916949399825,1.3059310008147944,0.8160973471847134
DFPFPhe,gas,stddft,S0T1,0.3283215813816855,0.7223454426305094,0.45452156545220557,0.2776545573694905,0.5454784345477945,1.154184005060131,0.8419151839428055
TPA-PyI,gas,stda,S0S1,0.13147110490224725,0.7606344933588454,0.17284399544082074,0.23936550664115458,0.8271560045591793,1.764867582550916,0.7562541168345359
TPA-PyI,gas,stda,S0T1,0.20528466266229953,0.7518840239440344,0.2730270309315412,0.2481159760559657,0.7269729690684589,0.8847597022731348,0.841000535283597
BICFOCz,gas,stda,S0T1,0.03279143525206508,0.9817113765057613,0.03340231766365054,0.01828862349423846,0.9665976823363497,1.1793109483989375,0.7010491188552758
TPA-PyI,gas,stddft,S0S1,0.13366370808939768,0.7609723345038506,0.17564857752226382,0.2390276654961494,0.8243514224777362,1.7378505649220917,0.7521519466564264
BICFOCz,gas,stddft,S0T1,0.03244767078134893,0.9821951466199337,0.03303586959578487,0.017804853380066314,0.9669641304042149,1.1714608030903924,0.7053170527057321
TPA-PyI,gas,stddft,S0T1,0.203144256623641,0.7564555992823971,0.2685474954727699,0.24354440071760294,0.7314525045272302,0.8517651390341149,0.8478964173101473
DPP-PXZ,gas,stda,S0S1,0.3369915465216376,0.9374822231260638,0.3594644657878725,0.06251777687393598,0.6405355342121273,4.680132091285636,0.5134393134406711
DPP-PXZ,gas,stda,S0T1,0.33760566164747086,0.9286415834021947,0.3635478613940701,0.0713584165978052,0.6364521386059299,4.3154480756138645,0.5606470936002226
BICFOCz,gas,stddft,S0S1,0.02494102778040914,0.9997073766819012,0.024948328243000625,0.0002926233180987996,0.9750516717569994,1.42899166525204,0.7922940565371264
DPP-PXZ,gas,stddft,S0T1,0.3362267223699353,0.9240141344537516,0.3638761679427145,0.0759858655462487,0.6361238320572857,4.222553059921145,0.5745098354385778
DPP-PXZ,gas,stddft,S0S1,0.33784662498709794,0.9364635627355294,0.36076857491412145,0.06353643726447059,0.6392314250858784,4.7020297460625375,0.5111461316534481
BICFOCz,gas,stda,S0S1,0.02644274383736639,0.9996978352302969,0.0264507363180144,0.00030216476970328294,0.9735492636819855,1.411459319515868,0.7911826031597745
B-O-dpa,gas,stda,S0S1,0.20342677055118405,0.8649818266159798,0.23518039835245935,0.13501817338402017,0.7648196016475408,1.7554504262087158,0.6020372753474607
B-O-dpa,gas,stda,S0T1,0.1568309345674086,0.8889378861373695,0.17642507650210915,0.11106211386263044,0.8235749234978909,1.506980032784727,0.6368044946410463
B-O-dpa,gas,stddft,S0T1,0.1521974633529942,0.8905874139894591,0.17089559201293136,0.1094125860105411,0.8291044079870687,1.4714083485482903,0.6405707419574367
ACRF,gas,stda,S0T1,0.026153759343827472,0.6573530932606723,0.03978647033376968,0.3426469067393276,0.9602135296662305,3.2444905933924915,0.38365223234085666
ACRF,gas,stda,S0S1,0.011416660268987069,0.6573768648528184,0.01736699430629213,0.34262313514718146,0.982633005693708,3.337486973642275,0.28477261069024523
B-O-dpa,gas,stddft,S0S1,0.0634159627128892,0.9370232433032433,0.06767811061904071,0.06297675669675641,0.9323218893809594,0.5396657042915473,0.6808140124954588
ACRF,gas,stddft,S0S1,0.011447237253299438,0.6573765627410004,0.01741351593912777,0.3426234372589996,0.9825864840608723,3.3368997810300085,0.2850797177179167
Perylene,gas,stda,S0S1,0.21690704878977185,0.7080699365915666,0.3063356281356845,0.2919300634084335,0.6936643718643155,0.02806736592926562,0.99160231592284
ACRF,gas,stddft,S0T1,0.24590441785336084,0.6570906310605338,0.3742321168945523,0.34290936893946633,0.6257678831054475,1.692715658380474,0.73996441385116
Perylene,gas,stda,S0T1,0.21423825647060116,0.7103439946324304,0.3015978991720193,0.2896560053675696,0.6984021008279808,0.02336596556332882,0.9922908421684877
Perylene,gas,stddft,S0T1,0.21348142078953528,0.7115505254764278,0.30002285592663436,0.28844947452357217,0.6999771440733658,0.022595382889664967,0.9923775838435331
Perylene,gas,stddft,S0S1,0.21655808870029727,0.7094096438300386,0.3052652167668876,0.2905903561699612,0.6947347832331123,0.02881619483761252,0.9914664860229061
9PhCzFDBFSPO,gas,stda,S0T1,0.06691301433599757,0.9539030047622539,0.07014655997721135,0.046096995237746165,0.9298534400227887,1.7252281284844933,0.6682495260161689
9PhCzFDBFSPO,gas,stddft,S0T1,0.06701822295943462,0.9544162768363132,0.07021906958836217,0.0455837231636868,0.9297809304116379,1.691307237080555,0.6710190389867016
9PhCzFDBFSPO,gas,stda,S0S1,0.18203507669673136,0.9368183459906487,0.1943120322907814,0.06318165400935127,0.8056879677092185,0.5622779339600079,0.7713367263434718
TPA-PZCN,gas,stda,S0T1,0.24536754711899691,0.7481190635728857,0.32797927370967456,0.2518809364271143,0.6720207262903255,1.6553191407109,0.8223388390891758
BTITrz,gas,stda,S0S1,0.05865908947442099,0.33778796123905874,0.17365654258147725,0.6622120387609414,0.826343457418523,2.3568498052534483,0.5465357290440533
9PhCzFDBFSPO,gas,stddft,S0S1,0.1832252217370466,0.9387915315237583,0.19517136188867473,0.06120846847624187,0.8048286381113253,0.560084028364122,0.7737373184161259
TPA-PZCN,gas,stddft,S0S1,0.196648374481912,0.5255352664684031,0.3741868282282729,0.47446473353159696,0.625813171771727,0.35333828500800973,0.8714632378207202
TPA-CN-N4,gas,stda,S0S1,0.21219809685562363,0.4896793434395722,0.43334091931490565,0.5103206565604279,0.5666590806850944,0.5153033720289932,0.719892336832027
TPA-PZCN,gas,stda,S0S1,0.19640293968328473,0.524694149896313,0.37431890506516363,0.475305850103687,0.6256810949348366,0.3488829101430192,0.8690804435203782
TPA-CN-N4,gas,stda,S0T1,0.24945558511417784,0.606036063541066,0.41161838398957645,0.393963936458934,0.5883816160104234,0.604650260040493,0.9324450282290898
BTITrz,gas,stddft,S0S1,0.061988510778929425,0.34352664995568327,0.18044745811402482,0.6564733500443168,0.819552541885975,2.3551439286924976,0.5494653445766822
BTITrz,gas,stda,S0T1,0.29282577818990546,0.4628314243142494,0.6326834411119956,0.5371685756857505,0.3673165588880046,0.8405472125477367,0.8535096355172949
TPA-CN-N4,gas,stddft,S0S1,0.21221076051594281,0.48968707536899525,0.43335993778482934,0.5103129246310047,0.5666400622151708,0.5152211616290698,0.7198833537243936
TPA-CN-N4,gas,stddft,S0T1,0.24836942504471995,0.605059963161032,0.4104872907920671,0.39494003683896806,0.589512709207933,0.5746075834202596,0.940477622375971
TPA-PZCN,gas,stddft,S0T1,0.2422596709767627,0.7298333649217973,0.331938333625952,0.2701666350782028,0.6680616663740478,1.3551161958062663,0.8460926637890984
BTITrz,gas,stddft,S0T1,0.29348711515932846,0.5012199581824227,0.5855455481533551,0.4987800418175774,0.414454451846645,0.6933070115689667,0.8647875381760246
PIAnTPh,gas,stda,S0T1,0.2096060032677647,0.7047072466263756,0.29743699141906854,0.2952927533736244,0.7025630085809316,0.14238025083030695,0.9949180323492078
PIAnTPh,gas,stddft,S0S1,0.21581539539492514,0.6864421622447943,0.3143970566859827,0.31355783775520574,0.6856029433140174,0.1356868541706216,0.9944427477706264
PIAnTPh,gas,stddft,S0T1,0.20814122431166587,0.7072693340451361,0.29428848996071816,0.29273066595486386,0.7057115100392819,0.1473809264761437,0.9947088622960708
PIAnTPh,gas,stda,S0S1,0.21385466721358845,0.6902481326631457,0.3098228841105082,0.3097518673368544,0.6901771158894917,0.1260721239038803,0.9938579905753165
TPA-APy,gas,stda,S0S1,0.07838444601750995,0.9388773380762433,0.08348741932372064,0.06112266192375684,0.9165125806762794,0.9319978855559511,0.8531409874361466
c-D2T,gas,stda,S0S1,0.14796228325046623,0.7063570439298225,0.20947236885651627,0.29364295607017743,0.7905276311434836,0.546988949424448,0.46761412517864276
TPA-APy,gas,stddft,S0S1,0.07838584476355259,0.9388735737033941,0.08348924387589164,0.06112642629660605,0.9165107561241084,0.9317158042440279,0.8531578719116499
TPA-APy,gas,stda,S0T1,0.07897653757034033,0.9377446597329476,0.08421966123788047,0.062255340267052366,0.9157803387621196,0.9355166704284483,0.8550782375329533
c-D2T,gas,stda,S0T1,0.1503113105973298,0.7169948434262478,0.20964071356364122,0.2830051565737521,0.7903592864363589,0.5026153999202451,0.5573282471779586
c-D2T,gas,stddft,S0T1,0.1506504847713708,0.7190190690649735,0.20952223835632017,0.2809809309350266,0.7904777616436799,0.4952172979126217,0.5725078371147788
TPA-APy,gas,stddft,S0T1,0.07924468811172142,0.9371709067581079,0.0845573497216716,0.06282909324189204,0.9154426502783284,0.9345488053402852,0.856045397999907
DMAC-AQ,gas,stda,S0S1,0.21488283439303602,0.8540913570864996,0.2515923298018731,0.1459086429135001,0.7484076701981272,2.1702191136646105,0.5936727228380656
3DMACIPN,gas,stda,S0S1,0.1906411101299766,0.8983858994557922,0.21220403197051477,0.10161410054420797,0.787795968029485,1.5060233824893947,0.40233090706723923
c-D2T,gas,stddft,S0S1,0.1476953208919526,0.706104126079258,0.2091693214031357,0.29389587392074196,0.7908306785968643,0.5494054526257621,0.4650365873951735
3DMACIPN,gas,stda,S0T1,0.2032945536641569,0.7444446972390503,0.2730821435334592,0.2555553027609503,0.7269178564665407,1.2807397552659736,0.5073231694302837
3DMACIPN,gas,stddft,S0T1,0.20162855521362807,0.7441816585246515,0.2709399686272287,0.2558183414753483,0.7290600313727715,1.2566129398361374,0.5207875386688601
3DMACIPN,gas,stddft,S0S1,0.19003984291471615,0.8973367086062863,0.21178208925597142,0.10266329139371355,0.7882179107440285,1.4969670346744173,0.40367286593297386
DMAC-AQ,gas,stda,S0T1,0.2327167976812907,0.8574307532519236,0.27141176917049026,0.14256924674807656,0.7285882308295099,1.5103903615408678,0.6501652124138684
DMAC-AQ,gas,stddft,S0T1,0.2330233981478817,0.8575827731253816,0.27172117427061804,0.14241722687461844,0.7282788257293817,1.3995932214611344,0.6610879391178133
DMAC-AQ,gas,stddft,S0S1,0.21395230873790524,0.8547004337454495,0.2503243245125408,0.1452995662545506,0.7496756754874591,2.204967380973755,0.586571628834318
E-o-DHMPA,gas,stda,S0S1,0.21890023326374514,0.7063077462816136,0.30992189228584066,0.2936922537183864,0.6900781077141592,0.09477185583346842,0.9885668429744597
E-o-DHMPA,gas,stda,S0T1,0.206565164062885,0.7238123422607762,0.285384970664763,0.27618765773922394,0.7146150293352374,0.050945087996601794,0.9915752499177185
E-o-DHMPA,gas,stddft,S0S1,0.22101454473788446,0.704663056373572,0.3136457101572744,0.29533694362642804,0.6863542898427255,0.09760281456625386,0.9882549137755541
E-o-DHMPA,gas,stddft,S0T1,0.20424876353748256,0.7261292992034792,0.28128428884708456,0.27387070079652054,0.7187157111529152,0.04859542182608184,0.9917549516791371
Me-DOC,gas,stda,S0T1,0.044312739733320915,0.9543359241114939,0.0464330626289448,0.045664075888505976,0.9535669373710551,0.4085620074470121,0.7182407996938776
t–BuCz2BP,gas,stda,S0S1,0.16730664795713246,0.8553105531911118,0.19560924079905423,0.14468944680888818,0.8043907592009457,1.588976053786878,0.7184945960125675
Me-DOC,gas,stda,S0S1,0.017128037476606753,0.9992565492606756,0.017140780802767167,0.0007434507393241168,0.982859219197233,0.19250380555511018,0.7328347214814485
t–BuCz2BP,gas,stddft,S0T1,0.14882088520909992,0.8770148405503894,0.1696902701392193,0.12298515944961061,0.8303097298607809,0.8530676502673229,0.7226334906923213
Ac-BPCN,gas,stda,S0S1,0.21386354204140845,0.6111112294908507,0.34995845554922883,0.3888887705091492,0.6500415444507712,3.086801687113521,0.6265530229185393
Me-DOC,gas,stddft,S0T1,0.04264027002523502,0.955577680408145,0.04462250521278665,0.04442231959185488,0.9553774947872135,0.4186684784017739,0.721045592657434
Ac-BPCN,gas,stda,S0T1,0.21681232876083673,0.6290347469262355,0.3446746460673046,0.37096525307376443,0.6553253539326953,2.2855698751945863,0.7248985219403193
Ac-BPCN,gas,stddft,S0S1,0.21350979429354824,0.6116569305199886,0.34906789025023705,0.38834306948001135,0.6509321097497629,3.0799925383612043,0.6207901371796626
Me-DOC,gas,stddft,S0S1,0.015869884605369186,0.9992333194116995,0.015882061073296285,0.0007666805883003268,0.9841179389267037,0.1853774654049866,0.7384747449789628
Ac-BPCN,gas,stddft,S0T1,0.21623750637296177,0.6310834586558145,0.3426448648068514,0.36891654134418544,0.6573551351931486,2.161515636411524,0.7393489667089247
t–BuCz2BP,gas,stda,S0T1,0.14914461155050782,0.8768032980707503,0.17010042261322922,0.12319670192924986,0.8298995773867708,0.8643705000051964,0.7188823451286168
t–BuCz2BP,gas,stddft,S0S1,0.015798939731873938,0.9994442626652807,0.015807724674652607,0.0005557373347192856,0.9841922753253474,0.20428096608195104,0.7426287132227191
DMIC-TRZ,gas,stda,S0S1,0.44757699880324225,0.5743247591492314,0.7793099490717668,0.4256752408507684,0.2206900509282333,2.2429824583515714,0.643651221136958
DMIC-TRZ,gas,stddft,S0S1,0.45599702510492396,0.5760569845557383,0.791583189389838,0.42394301544426155,0.2084168106101618,2.350663393589864,0.6196979412193829
DMIC-TRZ,gas,stddft,S0T1,0.385888568491672,0.5957643883020112,0.6477200988657504,0.4042356116979885,0.3522799011342495,2.0189998383183054,0.749923515977858
DMIC-TRZ,gas,stda,S0T1,0.41962734087092235,0.6144413361816687,0.6829412608836155,0.3855586638183314,0.31705873911638444,2.208118057659158,0.6975451510745596
3CP-DPS-DMAC,gas,stda,S0T1,0.0398263457940612,0.9497833554518998,0.04193203172644789,0.05021664454810003,0.958067968273552,1.5360337560132817,0.7465792409313943
3CP-DPS-DMAC,gas,stddft,S0T1,0.3499289394984886,0.6682395681027802,0.5236579158160041,0.3317604318972199,0.4763420841839959,0.7294953372005121,0.7720259265636853
CzBroB,gas,stda,S0S1,0.07353720118373075,0.9684399566850405,0.07593367113377664,0.03156004331495933,0.9240663288662234,2.0153041409201364,0.43382489909162336
CzBroB,gas,stda,S0T1,0.06419418521457178,0.9713333146576555,0.06608873004340111,0.02866668534234442,0.9339112699565991,1.7647679871947495,0.510252781825631
"3,6-TC",gas,stda,S0T1,0.25205433761115287,0.702570842701741,0.35876003143238366,0.297429157298259,0.6412399685676163,0.8356396507996745,0.8000019536994283
3CP-DPS-DMAC,gas,stddft,S0S1,0.017728355134540203,0.9997139267303499,0.01773342819432586,0.0002860732696500708,0.9822665718056741,1.1467080480795724,0.821880868676262
3CP-DPS-DMAC,gas,stda,S0S1,0.019278519605828444,0.9997139043330604,0.019284036685165176,0.0002860956669396616,0.9807159633148347,1.147514376467663,0.8199407961870153
CzBroB,gas,stddft,S0S1,0.07312949304815997,0.9689928158389168,0.07546959260461313,0.031007184161083067,0.9245304073953867,2.018498018234373,0.43468895409238006
oDTPA-DTPZ,gas,stda,S0S1,0.0353686198201864,0.16346508164797272,0.21636804303168464,0.8365349183520273,0.7836319569683154,2.8960496323796425,0.7633657154038186
CzBroB,gas,stddft,S0T1,0.0625554831815002,0.9716878232682565,0.06437816928804956,0.028312176731743587,0.9356218307119505,1.7147868383065312,0.5254898344232444
oDTPA-DTPZ,gas,stddft,S0S1,0.03533201889941544,0.16803903971270323,0.21026077606622057,0.8319609602872966,0.7897392239337793,2.906233180537226,0.7595782241658608
"3,6-TC",gas,stda,S0S1,0.2045862942753619,0.6644541461504996,0.30790129832228164,0.33554585384950053,0.6920987016777184,0.26456546356416877,0.7027263026838154
oDTPA-DTPZ,gas,stda,S0T1,0.08321788488456183,0.2776694424534316,0.2997012712283543,0.7223305575465685,0.7002987287716457,1.9921784473626167,0.8718305236489652
"3,6-TC",gas,stddft,S0T1,0.19522773159809295,0.7323655487349187,0.2665714299851044,0.26763445126508134,0.7334285700148955,0.2038533148958873,0.8736712663661956
oDTPA-DTPZ,gas,stddft,S0T1,0.09244299770202953,0.29587680154499135,0.31243746457754157,0.7041231984550085,0.6875625354224582,1.8469611244564696,0.8836388243201077
MBF,gas,stda,S0S1,0.1608416228989878,0.5886129128223107,0.2732553421700797,0.4113870871776895,0.7267446578299201,4.230674383905443,0.47134309248256917
MBF,gas,stddft,S0S1,0.16025205185570154,0.5873852436824211,0.27282274040637,0.4126147563175792,0.72717725959363,4.241369803649228,0.46904804982429976
Z-o-DHMPA,gas,stda,S0S1,0.23612933856259932,0.7205205548480768,0.32772047511175817,0.27947944515192324,0.6722795248882416,0.09727905849689417,0.9886807529108848
Z-o-DHMPA,gas,stda,S0T1,0.2133406638802314,0.7272584114651214,0.29334918718979025,0.2727415885348786,0.7066508128102095,0.01774674254026409,0.9917163032281997
Z-o-DHMPA,gas,stddft,S0S1,0.2377519164738537,0.718770618062284,0.3307757864599463,0.281229381937716,0.6692242135400538,0.10144943630715686,0.9883599267828642
Z-o-DHMPA,gas,stddft,S0T1,0.2100829570248314,0.7286726870785567,0.288309086850929,0.2713273129214434,0.7116909131490711,0.025038620167292917,0.9919003289863506
MBF,gas,stddft,S0T1,0.08971398407200992,0.7041221013973171,0.12741253810095465,0.2958778986026828,0.8725874618990455,0.5492374672052053,0.6390348149540978
"3,6-TC",gas,stddft,S0S1,0.2146675501569504,0.6672965652494489,0.3216973701591036,0.3327034347505512,0.6783026298408964,0.5118456510026804,0.721599972789676
MBF,gas,stda,S0T1,0.09716382223747734,0.7689934488976795,0.12635195056181256,0.23100655110232057,0.8736480494381875,0.28344581104178174,0.6866719574750909
PXZ-11-DPPZ,gas,stda,S0S1,0.41680178170966825,0.9384753590475672,0.44412650549788424,0.06152464095243276,0.5558734945021155,3.0951013234199327,0.4290338196945978
25tCzBPym,gas,stda,S0S1,0.4579175342028813,0.9637493874386137,0.4751417123282462,0.03625061256138633,0.5248582876717539,5.058292572735594,0.40166642917801
25tCzBPym,gas,stddft,S0S1,0.4545730765587515,0.9627400719703438,0.4721659457141139,0.037259928029656164,0.5278340542858861,4.976340649199079,0.4025368377855808
25tCzBPym,gas,stda,S0T1,0.38283694644364796,0.9617809966502336,0.3980500215506675,0.03821900334976638,0.6019499784493326,3.854015251488044,0.49091065950673185
PXZ-11-DPPZ,gas,stda,S0T1,0.39658948476750266,0.9054936121756683,0.43798153784276855,0.09450638782433202,0.5620184621572314,2.8873806645539597,0.5052481879769991
25tCzBPym,gas,stddft,S0T1,0.3722843578802532,0.9613786181605392,0.3872401058727166,0.03862138183946079,0.6127598941272834,3.7017517621616314,0.506048656108214
PXZ-11-DPPZ,gas,stddft,S0S1,0.41662078057407886,0.9381931791369499,0.4440671599822662,0.06180682086305003,0.5559328400177337,3.111088874062763,0.42862189559474356
PXZ-11-DPPZ,gas,stddft,S0T1,0.39239645853298977,0.8971387956689877,0.43738656763849293,0.10286120433101276,0.562613432361507,2.8220330777569917,0.5254897202600592
XPhos,gas,stda,S0S1,0.046816104020407874,0.9374069099708291,0.04994213667772593,0.0625930900291711,0.9500578633222739,0.4715577493153103,0.9509863587581713
XPhos,gas,stda,S0T1,0.045591126706684214,0.9526405419294492,0.047857638532100816,0.04735945807055081,0.9521423614678991,0.07838282994702568,0.984308433288994
XPhos,gas,stddft,S0S1,0.04881076458412785,0.9329239761577416,0.052320195248015344,0.06707602384225825,0.9476798047519849,0.4462302945450303,0.9530331670109181
XPhos,gas,stddft,S0T1,0.044699072760865634,0.955040338494084,0.04680333485321418,0.044959661505915884,0.9531966651467858,0.06929984899950216,0.984976709558612
DMAC-BP,gas,stda,S0S1,0.1532347640995757,0.8610052626136663,0.17797192508953602,0.1389947373863339,0.8220280749104639,1.3465258426887723,0.35560890381034416
DMAC-BP,gas,stda,S0T1,0.14601683877028804,0.806991792454841,0.18093968257856735,0.1930082075451591,0.8190603174214326,1.9699235636864398,0.44281602270199966
tBuCzDBA,gas,stda,S0S1,0.21685997713362065,0.8856841465988154,0.24485024143923262,0.11431585340118476,0.7551497585607674,1.4022266816476023,0.36439123574993215
tBuCzDBA,gas,stda,S0T1,0.13410661043015773,0.49938617307826416,0.26854289858189656,0.5006138269217358,0.7314571014181034,3.267811447682359,0.6751554868334972
tBuCzDBA,gas,stddft,S0S1,0.21687710883351907,0.8857611666085881,0.24484829207843972,0.11423883339141193,0.7551517079215605,1.3913892287267953,0.364404186686413
tBuCzDBA,gas,stddft,S0T1,0.13757702084774512,0.4993259925696326,0.2755254541021306,0.5006740074303676,0.7244745458978694,3.1740464849158205,0.6863010945093582
DMAC-BP,gas,stddft,S0S1,0.15332281707333886,0.8615494399504934,0.1779617163724802,0.1384505600495065,0.82203828362752,1.3492207529386213,0.3530833564120291
PLQYs,gas,stda,S0T1,0.2547660698716965,0.5000971122151554,0.5094331953712405,0.49990288778484454,0.49056680462875923,0.09601880455235853,0.9930488743638644
DMAC-BP,gas,stddft,S0T1,0.14554770798178743,0.8047791334377651,0.18085422687346908,0.1952208665622351,0.8191457731265308,1.9900632841049888,0.46293918231441694
PLQYs,gas,stddft,S0T1,0.25475893162390556,0.5000859685543315,0.509430273279558,0.49991403144566854,0.49056972672044175,0.09610939219053703,0.9930671488829945
BFCZPZ2,gas,stda,S0S1,0.2584637629214976,0.68247920497465,0.3787130231039024,0.31752079502535,0.6212869768960979,1.0328148981012995,0.7290825509023019
PLQYs,gas,stda,S0S1,0.19357574182582554,0.5000129435004367,0.3871414617202934,0.4999870564995633,0.6128585382797065,0.6271013231366677,0.6010198292510592
BFCZPZ2,gas,stda,S0T1,0.25528398111122175,0.7024359506924549,0.36342670226312473,0.297564049307545,0.6365732977368752,1.0047274756336924,0.7569437540912844
BFCZPZ2,gas,stddft,S0T1,0.2549513216030489,0.7015177865842497,0.3634281645864302,0.2984822134157501,0.6365718354135695,1.018233220570849,0.7617232420621325
PLQYs,gas,stddft,S0S1,0.19495366051703963,0.4999982734071928,0.3899086674610807,0.5000017265928073,0.6100913325389195,0.6165236577301509,0.6043862679764934
PXZ-QL,gas,stda,S0S1,0.4075848162072852,0.8268164287713021,0.49295684268511725,0.1731835712286981,0.5070431573148827,2.158684846624274,0.5662500110453441
PXZ-QL,gas,stda,S0T1,0.3682128432607997,0.769767427096536,0.47834297776102497,0.23023257290346386,0.5216570222389749,1.8392704112203992,0.6218201266037422
BFCZPZ2,gas,stddft,S0S1,0.2575078280023848,0.6863518291504344,0.3751834220666794,0.31364817084956564,0.6248165779333203,0.9847474110482777,0.730280590731087
PXZ-QL,gas,stddft,S0S1,0.4054618109148576,0.8190776074955299,0.4950224584391051,0.18092239250446965,0.504977541560895,2.170747400215399,0.5620534479014618
3DPA3CN,gas,stddft,S0T1,0.04719311265068422,0.989239054914993,0.047706479456312616,0.010760945085007063,0.9522935205436873,1.882474674325701,0.7230548230184416
PXZ-QL,gas,stddft,S0T1,0.36207481958623217,0.7571123560337514,0.4782312911692742,0.24288764396624893,0.5217687088307257,1.790306819419207,0.6316750874477646
3DPA3CN,gas,stda,S0T1,0.04856428342601091,0.9893493287023511,0.0490870939283991,0.0106506712976488,0.9509129060716006,1.9875108890081932,0.710032453984777
[BMIM][PF6],gas,stddft,S0T1,0.024998337538996895,0.9986210417594943,0.025032856803169024,0.0013789582405056456,0.9749671431968309,0.4418759681071323,0.9587415499548364
[BMIM][PF6],gas,stda,S0S1,0.03535243031274335,0.9975860369484726,0.03543797627809959,0.00241396305152712,0.9645620237219004,0.956750535417886,0.7557407788633923
[BMIM][PF6],gas,stda,S0T1,0.02530039348008163,0.9985272297312445,0.025337710106204395,0.0014727702687555042,0.9746622898937957,0.4697510926957841,0.9569066369915427
[BMIM][PF6],gas,stddft,S0S1,0.03853384459067162,0.9967504926994316,0.038659468816827997,0.0032495073005681737,0.961340531183172,0.7898448200014923,0.7885180793976136
ANQDC,gas,stda,S0T1,0.08381019653335821,0.10756153402167767,0.7791837230256248,0.8924384659783223,0.22081627697437517,0.3791136169529343,0.9312729242326899
TPA-PPO,gas,stda,S0S1,0.21338750188459266,0.7313847748275011,0.29175819517834595,0.26861522517249853,0.7082418048216538,0.5139479890281028,0.7729774726424548
3DPA3CN,gas,stddft,S0S1,0.20117472219316798,0.5520769270894533,0.3643961779996133,0.4479230729105468,0.6356038220003868,2.342631713718974,0.6776076229504513
TPA-PPO,gas,stda,S0T1,0.1779324342175272,0.8353251689327892,0.21300978449488545,0.16467483106721098,0.7869902155051145,1.2567788295591698,0.9018468386584721
ANQDC,gas,stda,S0S1,0.07677735237798401,0.9152966823353015,0.08388247642512277,0.08470331766469863,0.9161175235748773,0.46435435048660756,0.8493954613491319
ANQDC,gas,stddft,S0S1,0.07676942278759641,0.9153237730632483,0.08387133061198411,0.08467622693675159,0.916128669388016,0.46423911839725435,0.8493934915772805
TPA-PPO,gas,stddft,S0S1,0.2137565090499351,0.7417014173563445,0.28819751998294685,0.2582985826436555,0.7118024800170529,0.3788388284907855,0.765411316174683
ANQDC,gas,stddft,S0T1,0.08144741778655078,0.10271253818581647,0.7929647073778362,0.8972874618141836,0.20703529262216389,0.365902219758009,0.9371435249217144
ADN,gas,stda,S0S1,0.21371493240998826,0.7249095526573719,0.2948159968737514,0.275090447342628,0.7051840031262486,0.05475259901494492,0.9961980159888106
ADN,gas,stda,S0T1,0.20211292037547393,0.7358815616898466,0.27465414395130455,0.2641184383101535,0.7253458560486955,0.04385698453195364,0.9966035174478611
TPA-PPO,gas,stddft,S0T1,0.17984778687364888,0.8254758307966693,0.2178716567631995,0.17452416920333058,0.7821283432368005,1.1200382944605742,0.9120920623564288
ADN,gas,stddft,S0T1,0.19989970857350992,0.7380844701249482,0.27083581441521115,0.2619155298750519,0.7291641855847886,0.04993715450841037,0.9966507959487478
ADN,gas,stddft,S0S1,0.21551454989906485,0.7217640742058588,0.29859417724024406,0.2782359257941414,0.701405822759756,0.05232595147005594,0.9961248281986342
3DPA3CN,gas,stda,S0S1,0.20403905809582773,0.5474827843959427,0.3726857974556247,0.4525172156040573,0.627314202544375,2.3082233303839894,0.6807518804772401
TPA-APm,gas,stda,S0S1,0.07222218743255457,0.9547164995133604,0.07564778389120518,0.04528350048663985,0.924352216108795,1.5092638886678658,0.8495378935077739
TPA-APm,gas,stddft,S0S1,0.072217945870859,0.9547253503108785,0.07564263989360222,0.045274649689121475,0.9243573601063977,1.5095307523247865,0.8495275910928035
TPA-APm,gas,stddft,S0T1,0.09929503904418854,0.8450921283735411,0.11749611161955933,0.154907871626459,0.8825038883804406,0.4171811600313339,0.7333666782694179
TABD-COOH,gas,stda,S0S1,0.14143378797933137,0.8258694382207725,0.17125441556964735,0.17413056177922753,0.8287455844303526,0.3097637651861221,0.9790049150207248
TABD-COOH,gas,stda,S0T1,0.13760202334828933,0.8450834099506942,0.1628265585716771,0.15491659004930583,0.837173441428323,0.10272149119702702,0.990290621226425
CMP,gas,stda,S0T1,0.03656287810214806,0.9909779022927683,0.03689575521064056,0.00902209770723165,0.9631042447893593,0.13894304174053906,0.9648291636731092
TPA-APm,gas,stda,S0T1,0.09660180993109395,0.8678206596616711,0.11131540699751855,0.13217934033832882,0.8886845930024816,0.3279974833246987,0.7599047701380628
TABD-COOH,gas,stddft,S0T1,0.1352028409896909,0.8494677908629762,0.1591618216063708,0.15053220913702378,0.8408381783936293,0.08669219529008837,0.9908761180710204
CMP,gas,stddft,S0T1,0.03800909282252249,0.9895117653738119,0.0384119665400478,0.01048823462618809,0.9615880334599523,0.12072785264636483,0.9688757457109145
TABD-COOH,gas,stddft,S0S1,0.1428778903359828,0.8235017333534981,0.17350041238425754,0.1764982666465019,0.8264995876157425,0.32405327839312936,0.9783364236861732
CMP,gas,stda,S0S1,0.18344849212032874,0.46883022141173586,0.391289818237252,0.5311697785882641,0.608710181762748,1.258779783634343,0.7169915938452731
CzSO-1CO,gas,stda,S0T1,0.06202902062274407,0.973459693555541,0.06372017355560392,0.02654030644445913,0.9362798264443959,0.5237798256234663,0.9247431034567316
CzSO-1CO,gas,stda,S0S1,0.07746263748054773,0.9599385867165651,0.08069540963605376,0.04006141328343492,0.9193045903639463,0.49302540376918413,0.845695073536555
ImPy-1,gas,stda,S0S1,0.5294234530603575,0.6708070775291354,0.7892335528278068,0.3291929224708646,0.21076644717219337,1.8776135497420472,0.6899107060325123
CzSO-1CO,gas,stddft,S0S1,0.07844567851062872,0.9599615050114302,0.08171752523523813,0.04003849498856997,0.918282474764762,0.49195026428115957,0.8430583859658445
CMP,gas,stddft,S0S1,0.18482539402967996,0.471627645971444,0.3918883797598047,0.528372354028556,0.6081116202401953,1.2655312932870888,0.7154574246845348
ImPy-1,gas,stddft,S0S1,0.5333414071455423,0.6741570366366045,0.7911234002783731,0.32584296336339535,0.20887659972162687,1.8934376168270919,0.6857144651405639
CzSO-1CO,gas,stddft,S0T1,0.059881055967011945,0.9747068550576033,0.06143493877805249,0.025293144942396734,0.9385650612219475,0.5158204922267872,0.928815237644414
ImPy-1,gas,stda,S0T1,0.4207468394443474,0.6022259477973768,0.6986527913372318,0.39777405220262324,0.3013472086627681,1.4189017495543463,0.7948006984202898
ImPy-1,gas,stddft,S0T1,0.40755149375424266,0.5887674994003819,0.6922112619485706,0.4112325005996183,0.3077887380514293,1.3579445734814204,0.8048059902258862
DMAC-DPS,gas,stda,S0S1,0.08678917215160335,0.946282575839494,0.09171591485197578,0.053717424160505955,0.9082840851480243,1.6898505765086032,0.7102544983791484
DMAC-DPS,gas,stda,S0T1,0.05986250571815375,0.9517384938923982,0.0628980608668348,0.04826150610760217,0.9371019391331651,0.7305225561707296,0.8669283872817375
DMAC-DPS,gas,stddft,S0T1,0.057088308687531654,0.9531104331618445,0.05989684584413491,0.04688956683815553,0.9401031541558653,0.6678433771474185,0.8742035370383673
BCZ-DPS-AD,gas,stda,S0T1,0.07453054504432187,0.6482349496855653,0.11497458611337429,0.35176505031443456,0.8850254138866259,1.5753456712287917,0.6713296804452576
DMAC-DPS,gas,stddft,S0S1,0.08779613158281502,0.94541511041684,0.09286516643901016,0.05458488958316003,0.9071348335609901,1.686335618048959,0.7043242836915339
BCZ-DPS-AD,gas,stddft,S0T1,0.07510063838503221,0.6542962650587795,0.11478078417318409,0.34570373494122036,0.8852192158268162,1.5527949599515447,0.6742028797501362
DMAC-PCN,gas,stda,S0T1,0.34423210014252653,0.6723602168510708,0.5119757111072124,0.32763978314892933,0.48802428889278754,0.6995463969302526,0.767001173397547
BCZ-DPS-AD,gas,stddft,S0S1,0.17355064231055295,0.9374172267674266,0.18513703114782945,0.06258277323257332,0.8148629688521705,0.525989045753321,0.7794877148112902
BCZ-DPS-AD,gas,stda,S0S1,0.17324364467834966,0.9350140108217551,0.1852845440530791,0.06498598917824486,0.814715455946921,0.5397922048919267,0.7777155630971422
DMAC-PCN,gas,stda,S0S1,0.14275755130872206,0.6961247013956805,0.20507468133583442,0.3038752986043194,0.7949253186641657,4.311076868818804,0.3784033954681202
DMAC-PCN,gas,stddft,S0S1,0.14250627709076458,0.6960946920487032,0.2047225452493379,0.30390530795129683,0.7952774547506622,4.320124386858949,0.37614507875009007
2MeCZ-TRZ,gas,stda,S0T1,0.029631449837027268,0.9716351307238196,0.030496478461985332,0.028364869276180198,0.9695035215380146,1.0419863918835122,0.7040069850743493
DMAC-PCN,gas,stddft,S0T1,0.34279444969706596,0.6699483300528656,0.511672966883903,0.33005166994713464,0.4883270331160972,0.6841075889242995,0.7717778132504275
2MeCZ-TRZ,gas,stddft,S0T1,0.029204878517361376,0.9719960560644255,0.03004629322840136,0.028003943935574732,0.9699537067715988,1.0368372462191295,0.7053052546015088
CzTPA,gas,stda,S0T1,0.07656169031052996,0.9080136492540494,0.08431777470903314,0.09198635074595074,0.915682225290967,1.6155860458672744,0.7454392668900334
CzS2,gas,stda,S0T1,0.09479723627549695,0.10267070371785765,0.923313397519927,0.8973292962821424,0.07668660248007307,1.0919348809648837,0.7277908086599798
CzS2,gas,stddft,S0T1,0.09254474122115486,0.0998174416558908,0.927139983613207,0.9001825583441094,0.07286001638679299,1.0714093985273894,0.7302756577627013
CzTPA,gas,stda,S0S1,0.2882916855352423,0.797243407766502,0.3616106232134285,0.20275659223349787,0.6383893767865717,0.7765254169144448,0.7021633837164577
2MeCZ-TRZ,gas,stda,S0S1,0.15630939179578665,0.2486408357226035,0.6286553507653644,0.7513591642773966,0.37134464923463584,0.8302376441232586,0.7476150484567553
CzTPA,gas,stddft,S0T1,0.07608857245006988,0.9088180584851357,0.08372255782075698,0.09118194151486411,0.9162774421792432,1.580074273353541,0.752132076464956
CzS2,gas,stddft,S0S1,0.02543603006507266,0.996843861824033,0.025516563866410942,0.0031561381759672383,0.9744834361335891,0.5453793818739893,0.7891115516668921
CzTPA,gas,stddft,S0S1,0.2647413140070926,0.5030121720484985,0.5263119437626,0.4969878279515015,0.47368805623740035,1.3048104786232402,0.7831104176758735
2MeCZ-TRZ,gas,stddft,S0S1,0.15664440998804396,0.24910903753899252,0.6288186552184994,0.7508909624610076,0.3711813447815008,0.8579391322866056,0.7532607889275194
CzS2,gas,stda,S0S1,0.008785557096329881,0.008929866387858313,0.9838397031645797,0.9910701336121416,0.016160296835420272,1.3642584150022807,0.7947439639814011
Spiro-CN,gas,stda,S0S1,0.2147355046157474,0.7224755223790832,0.2972218406910616,0.2775244776209168,0.7027781593089385,0.5233741526972538,0.728869397760708
Spiro-CN,gas,stda,S0T1,0.20074303181960507,0.7231859559098556,0.27758148534154814,0.2768140440901443,0.7224185146584519,0.6086595163121168,0.7480094629065316
CzPm,gas,stda,S0S1,0.12037919956370959,0.8282298684448943,0.14534515615783897,0.17177013155510587,0.8546548438421611,0.7204877176790928,0.6982986728675269
Spiro-CN,gas,stddft,S0S1,0.2154901213287063,0.7233391302783088,0.29791022261687305,0.27666086972169135,0.7020897773831268,0.5237841615800533,0.7275270108342715
CzPm,gas,stda,S0T1,0.11276690785824138,0.8157082071559889,0.13824417465579922,0.18429179284401112,0.8617558253442008,0.8553831355384254,0.7332700353840088
Cbz-MI,gas,stda,S0S1,0.26268814117457145,0.9020483267845011,0.291212935465405,0.09795167321549904,0.7087870645345948,1.8320619825308098,0.6838399383138817
Cbz-MI,gas,stda,S0T1,0.2212592575101528,0.921979660668703,0.2399827967459451,0.07802033933129689,0.760017203254055,1.6442729543126537,0.737464602961978
CzPm,gas,stddft,S0S1,8.33508647240759e-05,8.338735992546911e-05,0.9995623413257617,0.9999166126400745,0.0004376586742380795,1.4905497887834749,0.7542067436264006
Cbz-MI,gas,stddft,S0S1,0.27031806112005907,0.9012795407825556,0.2999269914474587,0.09872045921744448,0.7000730085525413,1.9468328329301716,0.6738379564137736
Spiro-CN,gas,stddft,S0T1,0.19886658262904275,0.7210197683184524,0.27581294073647294,0.2789802316815476,0.7241870592635271,0.6305462605885308,0.76266065404528
SAF-2NP,gas,stda,S0S1,0.3042166164441077,0.6879451874226432,0.44221054526719206,0.3120548125773568,0.5577894547328077,3.653496848310376,0.42063487286098866
Cbz-MI,gas,stddft,S0T1,0.21102021462728357,0.9245233997063286,0.22824756484726438,0.07547660029367162,0.7717524351527356,1.5790407655101697,0.7521236743213995
SAF-2NP,gas,stda,S0T1,0.294535497984105,0.674028592798147,0.43697775010015083,0.32597140720185297,0.5630222498998493,3.014135524884894,0.5717002160002989
CzPm,gas,stddft,S0T1,0.25264521138331436,0.7694468963413205,0.32834652083805793,0.23055310365867937,0.6716534791619421,0.5057569010294044,0.7981194605330794
SAF-2NP,gas,stddft,S0S1,0.30408325908342715,0.6881293632323632,0.44189839197538533,0.3118706367676369,0.5581016080246146,3.64041212117759,0.4252978847204672
SAF-2NP,gas,stddft,S0T1,0.2926386324115769,0.6715877571100625,0.4357414638867786,0.32841224288993753,0.5642585361132215,2.8513140636738066,0.6021503039614367
MCZ-P2-DTM,gas,stda,S0T1,0.09696191188564104,0.9258790635055476,0.10472416507456762,0.07412093649445232,0.8952758349254323,2.0124525978768335,0.6300563510868722
DPimdPPA,gas,stda,S0S1,0.2028916964691322,0.6955499340898232,0.2916996847029113,0.3044500659101767,0.7083003152970889,0.39934460903012814,0.8272863325396715
DPimdPPA,gas,stda,S0T1,0.20353222158489348,0.8151445425209102,0.24968850426876588,0.1848554574790897,0.7503114957312341,0.9767676276535656,0.8338074595174931
MCZ-P2-DTM,gas,stda,S0S1,0.10310868436960649,0.5448268495615509,0.18925037276078288,0.4551731504384491,0.8107496272392172,1.331740968655889,0.6594229430465555
DPimdPPA,gas,stddft,S0S1,0.20313637426174974,0.6982266426705234,0.29093185772002256,0.30177335732947674,0.7090681422799774,0.48662169585475523,0.8201114253960002
DPimdPPA,gas,stddft,S0T1,0.20406708492099931,0.8233026070402506,0.24786400914557366,0.17669739295974954,0.752135990854426,0.9992403491593632,0.8334459596413747
MCZ-P2-DTM,gas,stddft,S0T1,0.06896853469329599,0.8495506250251936,0.08118237178773273,0.15044937497480648,0.9188176282122674,0.2701337887094219,0.7217342417740119
CDBP-BP-PXZ,gas,stda,S0S1,0.33388839386955443,0.43373846911313707,0.7697919775302716,0.5662615308868628,0.23020802246972846,1.8834516601470914,0.6709763350627517
MCZ-P2-DTM,gas,stddft,S0S1,0.03166182205963089,0.9656205429056322,0.03278909328539951,0.034379457094368,0.9672109067146005,0.3979608537321268,0.7042720843954725
TPB-AC,gas,stda,S0S1,0.13790744615486347,0.8791743418657939,0.1568601807261512,0.12082565813420625,0.8431398192738487,0.9840991196930455,0.6975756107223887
CDBP-BP-PXZ,gas,stda,S0T1,0.3132338161013979,0.41724679497464,0.750715930892737,0.5827532050253599,0.24928406910726283,2.125179414350066,0.7077400418128933
CDBP-BP-PXZ,gas,stddft,S0S1,0.336531380929682,0.43660504816080115,0.7707913189444797,0.5633949518391986,0.22920868105552022,1.9041638169425954,0.6634768970305255
TPB-AC,gas,stda,S0T1,0.1399700912606925,0.8704961349358482,0.16079346667174768,0.12950386506415204,0.8392065333282525,0.7896887099926816,0.737225693640219
CDBP-BP-PXZ,gas,stddft,S0T1,0.3110260799400145,0.41464919677399736,0.7500944952017786,0.5853508032260027,0.24990550479822135,2.1115249117938886,0.7157596983905729
TPB-AC,gas,stddft,S0S1,0.13846194600233624,0.8799943947783735,0.15734412267160847,0.12000560522162647,0.8426558773283914,1.001880880084638,0.691977680961824
TPB-AC,gas,stddft,S0T1,0.14000247895960607,0.8683291237313991,0.16123204339615485,0.1316708762686008,0.8387679566038452,0.7535047712587986,0.7470055612429796
CTM,gas,stda,S0T1,0.04613392306786769,0.9959571053999049,0.04632119477609793,0.00404289460009491,0.9536788052239021,0.2646494969801265,0.7942823375761473
CTM,gas,stddft,S0T1,0.043345565324489084,0.9963160672106479,0.04350583790728396,0.003683932789351774,0.956494162092716,0.26903793687878924,0.8078127870754562
PPZTPI,gas,stda,S0S1,0.018454893699482996,0.9919166948713294,0.01860528590243856,0.00808330512867056,0.9813947140975614,1.7813432967785505,0.6443059640542051
CTM,gas,stda,S0S1,0.10428463637935143,0.5636627401334483,0.18501247102950574,0.4363372598665517,0.8149875289704942,1.3131876863323637,0.6705283506101245
PPZTPI,gas,stda,S0T1,0.019726620909469757,0.9925347343362448,0.019874993012372395,0.007465265663755139,0.9801250069876274,1.6780705873579465,0.6755327534433748
CTM,gas,stddft,S0S1,0.10232930758211893,0.6077489321049747,0.16837431079919016,0.3922510678950252,0.8316256892008103,0.9575902708127558,0.6691408629266459
PPZTPI,gas,stddft,S0S1,0.018449030800142284,0.9917873351862321,0.018601801157985175,0.00821266481376766,0.981398198842015,1.811797962431801,0.6360281097072789
PPZTPI,gas,stddft,S0T1,0.019866207380722686,0.992650115126747,0.020013302852623014,0.00734988487325305,0.979986697147377,1.6492179121305945,0.6827558839906256
PPI-An-NPIM,gas,stda,S0S1,0.21908509650184074,0.6934909677968509,0.3159162940475655,0.30650903220314907,0.6840837059524345,0.12652205496090757,0.9949958041544154
PPI-An-NPIM,gas,stda,S0T1,0.21140006675414078,0.7065030515817502,0.2992203165730834,0.29349694841824975,0.7007796834269168,0.09497820492911672,0.996492263600366
PPI-An-NPIM,gas,stddft,S0S1,0.22132993165020545,0.6900967075752303,0.3207230656524721,0.30990329242476977,0.6792769343475278,0.118831138796926,0.994832614466881
CzDCbTrz,gas,stda,S0S1,0.1718451697481192,0.8188431121308319,0.20986336357026394,0.18115688786916803,0.7901366364297362,3.3051401258295385,0.5812415188973746
PPI-An-NPIM,gas,stddft,S0T1,0.20956211578779618,0.708812495747232,0.2956524003811124,0.29118750425276796,0.7043475996188876,0.10404539326515723,0.9966191120227373
CzDCbTrz,gas,stddft,S0S1,0.25644834796431154,0.5085940552270893,0.5042299360927573,0.4914059447729105,0.4957700639072429,0.670946574260014,0.7682000040389931
PxCN,gas,stda,S0S1,0.01875140711977649,0.9946833643441927,0.018851634391351794,0.005316635655807122,0.9811483656086483,0.5807402287499371,0.7236480971420161
PxCN,gas,stda,S0T1,0.019576066003272045,0.9961332975182166,0.019652054651766174,0.0038667024817833824,0.9803479453482336,0.8547218542333614,0.7576501704574662
PxCN,gas,stddft,S0S1,0.018796272778470485,0.9947085305924901,0.018896261769540307,0.005291469407509625,0.9811037382304596,0.5842973671439959,0.7172613710898563
PxCN,gas,stddft,S0T1,0.01972938494012887,0.9962122922107947,0.019804398213502678,0.003787707789205293,0.9801956017864972,0.8657730723613135,0.7640134180725745
CzDCbTrz,gas,stda,S0T1,0.2767364132119302,0.5636593798803651,0.4909639102797626,0.4363406201196349,0.5090360897202372,1.5311606614388562,0.7180841222421767
CzDCbTrz,gas,stddft,S0T1,0.2782762043820136,0.6029976533845828,0.4614880386682587,0.39700234661541733,0.5385119613317412,1.7637476090307622,0.7232501045071799
PAB,gas,stda,S0S1,0.1574409415761141,0.7450756711036246,0.21130865988807374,0.2549243288963755,0.7886913401119262,2.0952282973532066,0.5476190473429967
PAB,gas,stda,S0T1,0.14814529637185153,0.7337834352722028,0.20189239665364736,0.26621656472779737,0.7981076033463527,1.6797826600730852,0.5690056257541317
PAB,gas,stddft,S0S1,0.15687260564356958,0.7456238188643555,0.21039108686535668,0.2543761811356446,0.7896089131346433,2.089610968625044,0.5489162590963974
PAB,gas,stddft,S0T1,0.14757055016050188,0.7323300724662288,0.20150824840981393,0.2676699275337711,0.7984917515901864,1.6263110497386366,0.5715619666755205
tBuCz2,gas,stda,S0T1,0.3840769733655194,0.7693180093788621,0.4992434450814669,0.23068199062113803,0.5007565549185334,2.6236001513027922,0.6791694379759535
SFX-bPy,gas,stda,S0T1,0.024980831987313545,0.98676560871886,0.0253158721449025,0.013234391281139924,0.9746841278550974,0.6231504531712563,0.8930595666429602
SFX-bPy,gas,stddft,S0S1,0.020803530158440692,0.9985792826119501,0.020833128145844967,0.0014207173880498424,0.9791668718541551,0.34572106255041957,0.6410653253133756
SFX-bPy,gas,stddft,S0T1,0.024518963173293225,0.9880829357055841,0.02481468132610182,0.011917064294415787,0.9751853186738983,0.5464867229620204,0.916126680130106
SFX-bPy,gas,stda,S0S1,0.02183729367673969,0.9984551808528205,0.02187108054072851,0.0015448191471795804,0.9781289194592715,0.348439239425727,0.6647476870983958
tBuCz2,gas,stddft,S0S1,0.11513327910450709,0.5548838135787756,0.2074907868765249,0.4451161864212245,0.7925092131234753,3.1488242463869525,0.7588369022017273
tBuCz2,gas,stda,S0S1,0.11842126781700135,0.5748319793540155,0.2060102291978967,0.4251680206459845,0.7939897708021032,2.970019870174568,0.7534552228532162
tBuCz2,gas,stddft,S0T1,0.3266311807036473,0.8507865251807561,0.38391673003313254,0.14921347481924363,0.6160832699668674,1.9178836445444283,0.7235572294075564
IP-PPI,gas,stda,S0T1,0.02863128919082718,0.9981637520138605,0.02868396005471215,0.0018362479861393495,0.9713160399452877,0.5677012728045046,0.8089369249872261
IP-PPI,gas,stddft,S0T1,0.028472120023784717,0.9981882474511099,0.028523798087674086,0.0018117525488899804,0.9714762019123259,0.5572562108281424,0.8178924478738745
DNFPh,gas,stda,S0T1,0.3409432069976775,0.7195331993447227,0.4738394382749451,0.2804668006552772,0.5261605617250548,1.2485230333471382,0.8537083612097753
DNFPh,gas,stda,S0S1,0.3785075974573381,0.6780419038390983,0.5582362908755552,0.32195809616090154,0.441763709124445,2.4665621425165534,0.5839864120923971
DNFPh,gas,stddft,S0S1,0.39085724002543026,0.687028297874519,0.5689099579080477,0.31297170212548137,0.4310900420919524,2.470667885673217,0.5800214586656827
IP-PPI,gas,stda,S0S1,0.09132009717703087,0.9331532340348456,0.09786184502857417,0.06684676596515426,0.9021381549714257,0.8350917740755475,0.7620034867133537
DNFPh,gas,stddft,S0T1,0.3309547644444449,0.7159508476948829,0.4622590580205417,0.2840491523051172,0.5377409419794583,1.1251307232227867,0.8734537911254128
IP-PPI,gas,stddft,S0S1,0.13780598309122538,0.8628767141270045,0.15970529837584896,0.13712328587299558,0.8402947016241508,0.6292250174695045,0.7187298553406626
PhCz-Pyr,gas,stda,S0T1,0.03450137226271127,0.9554368878170019,0.036110571721320685,0.04456311218299817,0.9638894282786795,0.931712456682395,0.6468524629451623
PhCz-Pyr,gas,stda,S0S1,0.02697572895387605,0.9992319834190196,0.026996462684845828,0.0007680165809805267,0.9730035373151541,0.18680302380600397,0.7437930322872501
PhCz-Pyr,gas,stddft,S0T1,0.03394071295156471,0.9565327754713194,0.03548306322785526,0.04346722452868043,0.9645169367721446,0.9186549580055522,0.6493628597673129
PhCz-Pyr,gas,stddft,S0S1,0.02405896714232049,0.9992737824172593,0.024076451885009394,0.0007262175827407946,0.9759235481149906,0.13452715458408915,0.7497764361835835
BTZPP,gas,stda,S0S1,0.07746699128994479,0.9958619889234358,0.07778888254756014,0.0041380110765640125,0.92221111745244,0.5729479867348305,0.8551995569004373
Cbz-PYR,gas,stda,S0S1,0.199521049738237,0.7210549895281789,0.2767071203110227,0.278945010471821,0.7232928796889774,0.5780159545481962,0.7096549690380353
BTZPP,gas,stda,S0T1,0.05901539726400131,0.9885594133488271,0.05969838177361718,0.011440586651173016,0.9403016182263829,0.6959982913075751,0.8845918741521851
BTZPP,gas,stddft,S0S1,0.07683750266983007,0.996062973608181,0.07714120964811153,0.003937026391818941,0.9228587903518888,0.5829746544697537,0.8557181794297697
BTZPP,gas,stddft,S0T1,0.060187817107780595,0.9877180983656948,0.06093622988924572,0.01228190163430544,0.9390637701107541,0.6970831826293185,0.8851621467586233
Cbz-PYR,gas,stda,S0T1,0.085262341182856,0.9283745087567288,0.09184045918821984,0.07162549124327124,0.9081595408117803,0.3344577704843377,0.6953716567638527
Cbz-PYR,gas,stddft,S0S1,0.20367502369979512,0.7248621053329413,0.28098451029695337,0.2751378946670589,0.719015489703047,0.5453445030220431,0.713004884031982
Cbz-PYR,gas,stddft,S0T1,0.08821778086457209,0.9222922094375281,0.09565057577399776,0.0777077905624719,0.9043494242260022,0.31311043984578113,0.697056438810166
IABTCN,gas,stda,S0S1,0.04465452427193075,0.8817115361817633,0.05064527619237738,0.11828846381823672,0.9493547238076228,2.7113674660325984,0.676116314362617
IABTCN,gas,stda,S0T1,0.045245934656145285,0.9085613105052136,0.04979953926387849,0.09143868949478652,0.9502004607361212,1.4408832975237384,0.8211837343523062
IABTCN,gas,stddft,S0S1,0.044030240320753096,0.8817384633321168,0.049935714672536186,0.11826153666788325,0.9500642853274638,2.687440013916839,0.6727043216065837
IABTCN,gas,stddft,S0T1,0.045044983267496674,0.9128078941733422,0.04934771440412481,0.08719210582665779,0.9506522855958754,1.2567689754632687,0.8366075268659812
2TDBA-SBA,gas,stda,S0S1,0.14587300620943028,0.8216020888500553,0.17754702451353252,0.17839791114994463,0.8224529754864676,2.4103340092433685,0.5804197578217081
2TDBA-SBA,gas,stda,S0T1,0.1389080106876413,0.8193148697035849,0.16954166929485365,0.18068513029641506,0.830458330705146,1.84086911149505,0.5958193679534967
2TDBA-SBA,gas,stddft,S0T1,0.1388118911453532,0.8192222632667472,0.1694435043694053,0.18077773673325293,0.8305564956305947,1.7806756179668357,0.5978839903507798
CBZ,gas,stda,S0T1,0.12020218831616963,0.8253727129936781,0.14563382872228575,0.1746272870063219,0.8543661712777143,1.7565304733605347,0.585635894301122
Tri-PXZ-PCN,gas,stda,S0T1,0.029107715304225314,0.9930218424599296,0.029312260878491068,0.0069781575400702876,0.9706877391215089,1.1798861058543968,0.583025205969358
Tri-PXZ-PCN,gas,stddft,S0T1,0.028470766717258074,0.9932302448993902,0.028664820532264438,0.006769755100609967,0.9713351794677358,1.158721318226632,0.5970971407346236
2TDBA-SBA,gas,stddft,S0S1,0.07887672025498324,0.9098028861027129,0.08669649377884958,0.09019711389728702,0.9133035062211505,1.0992814707469847,0.5843166704576237
CBZ,gas,stda,S0S1,0.2381993559845846,0.8932360459970035,0.2666701115030726,0.10676395400299675,0.7333298884969274,1.634111432406145,0.7500178149231658
Tri-PXZ-PCN,gas,stda,S0S1,0.14818136876699348,0.2035170084721102,0.7281031196333653,0.7964829915278901,0.27189688036663495,2.831297392698012,0.5328295230576698
CBZ,gas,stddft,S0S1,0.23989287588100838,0.8934722624327172,0.26849504564118853,0.10652773756728304,0.7315049543588114,1.6726573666409716,0.7533594883963028
DPF-AnCN,gas,stda,S0S1,0.20283089731285,0.6964939400937326,0.2912170309558666,0.3035060599062677,0.7087829690441335,0.05139160703532528,0.9899885696742632
DPF-AnCN,gas,stda,S0T1,0.2021837780198159,0.714959441656275,0.28279055599494846,0.28504055834372505,0.7172094440050515,0.04514174455910589,0.9956077717395657
Tri-PXZ-PCN,gas,stddft,S0S1,0.1066249714118251,0.13767165325131517,0.7744874772236856,0.862328346748685,0.22551252277631442,2.9068101608479955,0.5415208002721699
DPF-AnCN,gas,stddft,S0S1,0.20481530659018976,0.6939667339631908,0.29513706719125465,0.3060332660368092,0.7048629328087452,0.04829123445980081,0.9903295284548784
CBZ,gas,stddft,S0T1,0.19337333211547528,0.8562414857526095,0.2258397138343585,0.14375851424739056,0.7741602861656416,0.7580403755991026,0.8261399884274806
DPF-AnCN,gas,stddft,S0T1,0.20101511407697537,0.7176317125532278,0.2801090177046291,0.2823682874467721,0.7198909822953707,0.054671761721896014,0.9959148014227882
BSBFB,gas,stda,S0S1,0.0487530264345363,0.9541227110842073,0.051097228761210714,0.045877288915792444,0.9489027712387892,0.48308431364854554,0.9579448266308263
BSBFB,gas,stda,S0T1,0.08548486024369642,0.9191057493999222,0.09300873191089154,0.08089425060007761,0.9069912680891083,0.15284532813668833,0.9793312260048521
BSBFB,gas,stddft,S0S1,0.04852428881483066,0.958076270530901,0.05064762619362421,0.04192372946909884,0.9493523738063758,0.46654350737887923,0.956936507001434
BSBFB,gas,stddft,S0T1,0.08577437899463916,0.9184228837187317,0.0933931204407007,0.08157711628126826,0.9066068795592992,0.1450372008131698,0.9803466588743396
mTPA–PPI,gas,stda,S0T1,0.13007948960161078,0.859853224098609,0.1512810395494814,0.14014677590139096,0.8487189604505185,1.9554669724035028,0.8060050838582111
mTPA–PPI,gas,stddft,S0T1,0.13096733974420907,0.8573911837308876,0.1527509755515707,0.14260881626911234,0.8472490244484291,1.916273700958967,0.8169901500601323
mTPA–PPI,gas,stda,S0S1,0.14497342352514056,0.8364326718704745,0.17332348245190304,0.16356732812952543,0.8266765175480969,2.4104004177863403,0.7359653462381028
Cz2ICz,gas,stda,S0S1,0.10906505466083093,0.6557751481522335,0.16631471163270167,0.3442248518477666,0.8336852883672984,2.1289107994806717,0.5930804670294169
mTPA–PPI,gas,stddft,S0S1,0.14367953852724066,0.832912074492081,0.17250264815149668,0.16708792550791898,0.8274973518485036,2.492426735089315,0.7353616066206915
Cz2ICz,gas,stda,S0T1,0.113127747844397,0.6833761089816254,0.16554243901353416,0.3166238910183747,0.8344575609864655,1.7133265129426036,0.6071384966736363
Cz2ICz,gas,stddft,S0T1,0.11402295657060732,0.6866649924982277,0.1660532542306671,0.3133350075017722,0.8339467457693327,1.6567557359628378,0.609039322163062
mTPA-PPI,gas,stda,S0T1,0.25842992298968626,0.7585712906200968,0.3406798097756004,0.241428709379903,0.6593201902243995,1.0966662975456338,0.837717133870266
Cz2ICz,gas,stddft,S0S1,0.3215358056010925,0.8755019763041428,0.36725880044089515,0.12449802369585715,0.6327411995591049,2.5257207781006206,0.6132395862476083
mTPA-PPI,gas,stddft,S0T1,0.26271644020702206,0.7596653978043483,0.34583178458088026,0.24033460219565175,0.6541682154191201,1.1253697301041603,0.8461295432826349
DBT-SADF,gas,stda,S0S1,0.2958400617923485,0.6695665496277277,0.44183817419916305,0.33043345037227223,0.558161825800837,3.207981531632941,0.38270905191267335
POZDBPHZ,gas,stda,S0S1,0.24683509500232353,0.7241338784210991,0.34086941981021873,0.27586612157890084,0.6591305801897812,2.4882146203805178,0.42830947616354675
mTPA-PPI,gas,stda,S0S1,0.1441180593918807,0.8344262610910022,0.17271515304833296,0.16557373890899793,0.8272848469516672,2.7231815225629616,0.727982105280834
POZDBPHZ,gas,stddft,S0S1,0.2493140351355165,0.7215347313596108,0.34553296508087167,0.27846526864038956,0.6544670349191283,2.4815582356719244,0.4303111728599368
DBT-SADF,gas,stda,S0T1,0.3365322363099336,0.6522795048600948,0.5159325623485829,0.34772049513990505,0.4840674376514169,1.240132103587977,0.7113934396237545
POZDBPHZ,gas,stddft,S0T1,0.07325285771346962,0.929218717026728,0.07883274020551459,0.07078128297327205,0.9211672597944853,0.7571706100325218,0.7277033583705892
mTPA-PPI,gas,stddft,S0S1,0.14250586270335164,0.8304451612033754,0.171601773796659,0.16955483879662483,0.8283982262033414,2.813642042870741,0.7275726154876286
POZDBPHZ,gas,stda,S0T1,0.22693584257104604,0.6317328467359452,0.35922754965739784,0.3682671532640549,0.6407724503426021,0.425813286214316,0.7089847722713347
DBT-SADF,gas,stddft,S0S1,0.29736120187009807,0.6668621993562185,0.4459110175343082,0.3331378006437815,0.5540889824656918,3.1907566405096484,0.3977555369447854
DBT-SADF,gas,stddft,S0T1,0.3351614470267269,0.6501098180442273,0.5155458935153717,0.34989018195577276,0.4844541064846283,1.2221294343428473,0.715635050951769
N-BPyIA,gas,stda,S0S1,0.21829695365122395,0.6912311220391825,0.3158089193195352,0.3087688779608177,0.6841910806804647,0.058430937619302126,0.995223167215049
N-BPyIA,gas,stda,S0T1,0.20999044668579808,0.7064245018754842,0.2972581586967823,0.29357549812451555,0.7027418413032179,0.08715490706394034,0.9961490179679915
DPCN,gas,stda,S0T1,0.34348089775288865,0.671903872218383,0.5112054148740641,0.32809612778161695,0.488794585125936,1.0754636967475084,0.7617745490019293
N-BPyIA,gas,stddft,S0T1,0.2083117643939165,0.7088827846691612,0.29385925134454566,0.2911172153308388,0.7061407486554542,0.09813437047525357,0.9962006375373373
N-BPyIA,gas,stddft,S0S1,0.21988888382183164,0.688689077172539,0.31928614974496294,0.31131092282746103,0.6807138502550372,0.054996997959840054,0.9951586916468471
DPCN,gas,stddft,S0T1,0.3421159329134002,0.6694490154576663,0.5110410576666752,0.33055098454233367,0.48895894233332476,1.057913413121857,0.7662607625586902
"NAP-1,5-DPA",gas,stda,S0T1,0.2277802423202601,0.7767641869047764,0.29324246168957796,0.22323581309522372,0.706757538310422,1.0455473222611407,0.8169424698370503
"NAP-1,5-DPA",gas,stda,S0S1,0.2332356091087368,0.8196782662301347,0.2845453133476801,0.1803217337698654,0.7154546866523199,1.5315105143393102,0.6807512400298832
2Cz-DMAC-BTB,gas,stda,S0S1,0.04419865530911919,0.7948592424321975,0.0556056380169592,0.20514075756780262,0.9443943619830407,4.06956705362584,0.38029619190911607
2Cz-DMAC-BTB,gas,stda,S0T1,0.22156586332374792,0.7580913679687737,0.29226802030131327,0.2419086320312263,0.7077319796986868,1.5830608461724558,0.7970605663150226
2Cz-DMAC-BTB,gas,stddft,S0S1,0.055999399820192954,0.7896713748619892,0.07091481545722733,0.210328625138011,0.929085184542773,3.8649160516282763,0.4082421396623744
DPCN,gas,stda,S0S1,0.1367611652541003,0.7217159261194551,0.1894944538489569,0.27828407388054466,0.8105055461510432,3.6459747488841256,0.4944571132125122
DPCN,gas,stddft,S0S1,0.1385828539521785,0.7446750504831333,0.1860984248932043,0.2553249495168665,0.8139015751067957,3.101521673961308,0.6084688860478299
2Cz-DMAC-BTB,gas,stddft,S0T1,0.21549263221349796,0.6630079322026835,0.3250227059841891,0.3369920677973165,0.674977294015811,0.6098372637516841,0.7923291187704412
"NAP-1,5-DPA",gas,stddft,S0S1,0.2336382591482937,0.818939984535342,0.2852935057028112,0.18106001546465805,0.7147064942971889,1.5269597795686902,0.6813917865259439
α-2DMAC-DBP,gas,stda,S0T1,0.21913467527201333,0.819529321534039,0.267390890739364,0.18047067846596118,0.7326091092606359,1.3704274105367442,0.6071636737943096
α-2DMAC-DBP,gas,stda,S0S1,0.22985221675313752,0.7887632663265187,0.2914083687284535,0.21123673367348142,0.7085916312715467,1.410874848455726,0.539562492694068
"NAP-1,5-DPA",gas,stddft,S0T1,0.22652972557710332,0.7694387190825108,0.29440905423530084,0.23056128091748923,0.7055909457646992,0.9664577697541675,0.835685869247119
α-2DMAC-DBP,gas,stddft,S0T1,0.2154516694615832,0.8244216506109119,0.2613367435242991,0.1755783493890881,0.7386632564757009,1.3354585370077219,0.6277925950539358
2CzBN,gas,stda,S0S1,0.32600213075811857,0.6484520719741063,0.5027389761677504,0.3515479280258937,0.49726102383224957,0.6043253571830862,0.7289319279047051
α-2DMAC-DBP,gas,stddft,S0S1,0.2311507382151547,0.7893405336197054,0.29284032476472355,0.21065946638029454,0.7071596752352767,1.425511514383697,0.5382918261828127
2CzBN,gas,stda,S0T1,0.2526737634376134,0.655144729593399,0.385676251405441,0.3448552704066011,0.6143237485945591,0.7405200150807779,0.7358188688370481
2CzBN,gas,stddft,S0S1,0.32295429314973984,0.6410287328021419,0.5038062673696437,0.35897126719785805,0.4961937326303563,0.5794000926049208,0.7284800553796595
MPAc,gas,stda,S0S1,0.3304435843299271,0.7708205487732998,0.4286906788561904,0.22917945122670022,0.5713093211438096,1.1104713823698957,0.6509359298728634
2CzBN,gas,stddft,S0T1,0.25658718818050213,0.6555764845981384,0.3913916899227821,0.34442351540186134,0.6086083100772177,0.7108505893037217,0.7395020961447106
MPAc,gas,stda,S0T1,0.1753315050192941,0.4693317561330475,0.3735769053087271,0.5306682438669527,0.6264230946912731,0.9774985835629658,0.7323587385479822
MPAc,gas,stddft,S0S1,0.32308303623514634,0.7784052743499683,0.41505761443477746,0.22159472565003183,0.5849423855652226,1.091999787579378,0.6514853561678269
MPAc,gas,stddft,S0T1,0.2972240586993463,0.5424118933960703,0.5479674437785838,0.4575881066039297,0.4520325562214163,0.3441799855578455,0.9164902376442534
DMF-AnCN,gas,stda,S0S1,0.21260786000951895,0.6947887652171388,0.30600359512588504,0.3052112347828612,0.6939964048741151,0.26306403675788465,0.9893247292846732
DMF-AnCN,gas,stddft,S0S1,0.21471341163920002,0.6916764960021992,0.3104246174045465,0.308323503997801,0.6895753825954534,0.24354920861574075,0.9897250296776507
DMF-AnCN,gas,stddft,S0T1,0.2071185448060052,0.7096182593862179,0.2918731896571429,0.2903817406137824,0.708126810342857,0.0921515833008671,0.995671611237211
DMF-AnCN,gas,stda,S0T1,0.2086257770544857,0.7073047620848384,0.29495881865625256,0.2926952379151615,0.7050411813437474,0.0974529246271605,0.995317382479899
Me-DMAC,gas,stda,S0S1,0.16295187137973163,0.7796300675239637,0.2090117841366129,0.22036993247603598,0.7909882158633872,2.9251452646084504,0.367404121415222
TDPA–TRZ,gas,stddft,S0S1,0.08441347636087711,0.8778607515620209,0.09615816199855848,0.12213924843797913,0.9038418380014416,2.3504102524917854,0.6390193487645286
Me-DMAC,gas,stddft,S0S1,0.16271800305184855,0.7796926049624335,0.2086950703600536,0.22030739503756636,0.7913049296399465,2.9303732709782127,0.36579740415356626
Me-DMAC,gas,stda,S0T1,0.3228193833789931,0.7731256096698371,0.4175510154382972,0.22687439033016268,0.5824489845617028,0.6679245101560625,0.7085557792175795
Me-DMAC,gas,stddft,S0T1,0.32196593265050494,0.7699502554696133,0.4181645896774582,0.23004974453038665,0.5818354103225418,0.6701495203491464,0.7136786708159936
TDPA–TRZ,gas,stda,S0T1,0.12834855211071367,0.8261946182371163,0.1553490536946077,0.17380538176288385,0.8446509463053925,1.0065740934983993,0.7809608624642996
TDPA–TRZ,gas,stda,S0S1,0.08531950448219547,0.8762595742573318,0.09736784280446519,0.1237404257426683,0.902632157195535,2.3571375704511235,0.6448202833670048
TDPA–TRZ,gas,stddft,S0T1,0.12684892467137268,0.8277621531163347,0.15324320421490106,0.1722378468836654,0.8467567957850988,1.004062668370525,0.7891478468477875
2BTPA-INN,gas,stda,S0S1,0.15043607185449964,0.7562652167558696,0.1989197288483281,0.24373478324413064,0.801080271151672,0.1273972260320545,0.7320031513554613
2BTPA-INN,gas,stda,S0T1,0.14390350362234744,0.6939576480103731,0.20736640634328224,0.3060423519896269,0.7926335936567176,0.584511775044081,0.7688113445904706
2BTPA-INN,gas,stddft,S0S1,0.15389297012051678,0.7387581183487599,0.20831306796938037,0.2612418816512402,0.7916869320306196,0.49526824725223545,0.7419554648504788
DFPBI,gas,stda,S0T1,0.12441029021288876,0.8853146474244908,0.14052663713948074,0.11468535257550923,0.8594733628605191,1.6684597115638016,0.8316867203780431
2BTPA-INN,gas,stddft,S0T1,0.14337060737987536,0.6978341353227809,0.20545083727318636,0.3021658646772192,0.794549162726814,0.5514508790712921,0.7780376417766546
DFPBI,gas,stda,S0S1,0.15888013297047188,0.8652238428069695,0.1836289352071379,0.13477615719303046,0.8163710647928621,1.798518750791928,0.7939062103901515
DFPBI,gas,stddft,S0T1,0.12154413862814392,0.8866167737498112,0.1370875695415635,0.11338322625018891,0.8629124304584365,1.611903050301388,0.8370572574980798
ECDPTT,gas,stda,S0S1,0.08166859026797152,0.8614840764294911,0.09479988371515274,0.13851592357050868,0.9052001162848472,2.3141417246068743,0.8623515572914681
ECDPTT,gas,stda,S0T1,0.0859555664798294,0.8796347716800842,0.09771733592983829,0.12036522831991561,0.9022826640701619,1.091982163455156,0.9528982583944124
PSPSF,gas,stda,S0S1,0.23096492424554868,0.623044690432101,0.37070362333939044,0.37695530956789913,0.6292963766606097,0.8235459669372907,0.9076357090171647
DFPBI,gas,stddft,S0S1,0.16268865081214806,0.862230042295496,0.18868357959208384,0.137769957704504,0.8113164204079162,1.7315843459933784,0.7942173216595141
ECDPTT,gas,stddft,S0S1,0.08083983408307344,0.8599606775473512,0.09400410529657297,0.14003932245264877,0.905995894703427,2.330958208539379,0.860091948627363
ECDPTT,gas,stddft,S0T1,0.08560929825687333,0.8817731301141094,0.0970876695299104,0.11822686988589039,0.9029123304700898,1.0034817842458803,0.9578253917272752
PSPSF,gas,stda,S0T1,0.23370699825839839,0.6082102764271398,0.38425361641582717,0.39178972357286035,0.6157463835841727,0.1624615977736262,0.9756171688731994
PSPSF,gas,stddft,S0S1,0.23093740653267883,0.6202426771677731,0.372333950941933,0.37975732283222696,0.6276660490580669,0.8237215882169657,0.9100029400254894
PSPSF,gas,stddft,S0T1,0.2333402832363146,0.6104065117259794,0.382270304713041,0.38959348827402074,0.617729695286959,0.15140556168106237,0.9768700580867861
12BTCzTPN,gas,stda,S0S1,0.08721042624898498,0.784005047168451,0.11123707247033447,0.21599495283154907,0.8887629275296656,1.3078701379998543,0.5437197559687067
C2MPI,gas,stda,S0T1,0.05159443401259429,0.9703807647678718,0.05316926704017713,0.029619235232128123,0.9468307329598231,0.8118969603084801,0.6891766693262792
C2MPI,gas,stda,S0S1,0.06234112031170098,0.968881407682487,0.06434339622722005,0.031118592317513148,0.9356566037727798,0.7670586892993957,0.6089675303698341
12BTCzTPN,gas,stddft,S0T1,0.07669276057652503,0.7910474082806759,0.09695090303527454,0.20895259171932412,0.9030490969647256,1.1474435800391367,0.6351533342434588
12BTCzTPN,gas,stda,S0T1,0.07796289790534627,0.7896422782795953,0.0987319195664208,0.21035772172040457,0.9012680804335791,1.1732398460383389,0.6230262400270248
C2MPI,gas,stddft,S0T1,0.050608756078508385,0.9705633759562237,0.05214369028570376,0.029436624043776324,0.9478563097142962,0.8191771396688244,0.6993357971366814
12BTCzTPN,gas,stddft,S0S1,0.08810655873117877,0.7817102525428861,0.11270999509673833,0.21828974745711394,0.8872900049032616,1.302125283810827,0.5439292303549992
C2MPI,gas,stddft,S0S1,0.06364841112153061,0.9683982002274747,0.06572545375092573,0.03160179977252531,0.9342745462490744,0.829527940071864,0.6097951401304067
Diphenylsulfane,gas,stda,S0S1,0.11197618851999495,0.7001710467607758,0.15992690505846258,0.299828953239224,0.8400730949415375,1.0598367540425913,0.5826652896873299
p-PO15NCzDPA,gas,stda,S0T1,0.21096106592494673,0.7055408014350636,0.29900618858024064,0.29445919856493635,0.7009938114197595,0.014857420774828725,0.9958225497962823
p-PO15NCzDPA,gas,stda,S0S1,0.22043273553656217,0.6917598878705323,0.318654983328287,0.3082401121294675,0.6813450166717131,0.26498667437173956,0.9892857090848837
Diphenylsulfane,gas,stddft,S0S1,0.11356084863475986,0.70406398062455,0.16129336503484257,0.2959360193754499,0.8387066349651575,1.002980910794666,0.5816357303991327
p-PO15NCzDPA,gas,stddft,S0T1,0.20919004793674537,0.7079220709990544,0.29549869471017637,0.29207792900094565,0.7045013052898239,0.029216375033594654,0.9960949600451412
p-PO15NCzDPA,gas,stddft,S0S1,0.2220573643862106,0.6891981330194885,0.3221967004079674,0.31080186698051165,0.6778032995920328,0.25412172594700105,0.9898632354720726
Diphenylsulfane,gas,stda,S0T1,0.11648674942615474,0.9046103696882568,0.12877007972647708,0.09538963031174319,0.8712299202735231,0.2525937526717493,0.9631318749074079
Diphenylsulfane,gas,stddft,S0T1,0.11613731009212366,0.9052196679020028,0.12829737820576878,0.09478033209799719,0.871702621794231,0.23663553741402943,0.9662420343710644
DQP,gas,stda,S0S1,0.19544144897961926,0.3221394782827126,0.6066982228365628,0.6778605217172874,0.3933017771634373,1.530471221398252,0.8117316540696303
CAPI,gas,stda,S0S1,0.0150300399626504,0.9891466715015385,0.015194955809571285,0.010853328498461743,0.9848050441904287,3.2859409248107507,0.6298087474545436
CAPI,gas,stda,S0T1,0.014191945282447514,0.9955118674049642,0.014255927776574032,0.004488132595035901,0.9857440722234257,0.40711336593856157,0.9730528435727729
CAPI,gas,stddft,S0T1,0.013895084812470532,0.9958276818992996,0.013953302428758588,0.004172318100700342,0.9860466975712414,0.3129461982126324,0.979223009328432
CAPI,gas,stddft,S0S1,0.01543142557070447,0.9895546404282561,0.015594313785468288,0.010445359571743798,0.9844056862145318,2.8916137300553744,0.6993484152576046
DQP,gas,stddft,S0S1,0.1955384655348211,0.32236658678074653,0.6065717526358092,0.6776334132192534,0.39342824736419096,1.5302754798392801,0.8116867243314793
DQP,gas,stda,S0T1,0.2581907206429541,0.6663112717677554,0.38749265033137126,0.3336887282322447,0.6125073496686289,0.5746800610453136,0.9250728366274423
PSPCz,gas,stda,S0T1,0.32971874860638145,0.484064411670054,0.6811464355927968,0.515935588329946,0.3188535644072029,1.5983787097258395,0.7225368738442371
PSPCz,gas,stddft,S0T1,0.3275184878690541,0.4796338386090539,0.682851086609867,0.5203661613909464,0.3171489133901329,1.5881223280206513,0.7252052856466087
PSPCz,gas,stda,S0S1,0.18628169549284546,0.24632894211412534,0.7562314598279738,0.7536710578858746,0.24376854017202604,1.2269012945435442,0.7824777577833669
PSPCz,gas,stddft,S0S1,0.1852136879248772,0.24563749324452702,0.7540122864733064,0.7543625067554728,0.24598771352669355,1.229572468703271,0.7854282301890139
DQP,gas,stddft,S0T1,0.2631457429435318,0.6227801342664796,0.42253393848772824,0.37721986573352057,0.5774660615122715,0.5177584005448862,0.9344416274228696
1PXZ-BP,gas,stda,S0S1,0.3858544381459941,0.9682573072536409,0.39850402909989835,0.03174269274635929,0.6014959709001015,2.63840712651947,0.4398892950763465
1PXZ-BP,gas,stda,S0T1,0.01929320799920714,0.9905143293422144,0.019477969603952594,0.009485670657785765,0.9805220303960475,0.7633764369383332,0.7024295824421491
1PXZ-BP,gas,stddft,S0S1,0.3818741211624095,0.9685910080639438,0.3942573469949033,0.03140899193605594,0.6057426530050969,2.575864895911862,0.4530894836760712
CBPPY,gas,stda,S0T1,0.02774523495491884,0.9948776992334025,0.02788808611982938,0.005122300766597531,0.9721119138801704,0.5733030529249028,0.6966282587676416
1PXZ-BP,gas,stddft,S0T1,0.019416228055000418,0.9906586811265298,0.01959931147317178,0.00934131887346993,0.9804006885268283,0.7414817925112283,0.7100409812432583
CBPPY,gas,stddft,S0T1,0.0275019998587195,0.9950928640452201,0.02763762142451634,0.004907135954779911,0.9723623785754832,0.5782790817184121,0.6988872256815276
CBPPY,gas,stda,S0S1,0.07296931166274478,0.09149005563239751,0.7975654966910486,0.9085099443676022,0.20243450330895124,0.4408172589515073,0.7827444676708165
BuCzCF3oB,gas,stda,S0S1,0.06792485096238848,0.9733771048883114,0.06978266760258596,0.02662289511168866,0.9302173323974141,3.6963195663235586,0.4426198992521895
CBPPY,gas,stddft,S0S1,0.07239113378977122,0.09105816033159647,0.7949988614546175,0.9089418396684035,0.2050011385453824,0.4487999918809747,0.7849896776502443
CzCNoB,gas,stda,S0S1,0.0730060277349272,0.9768063094610799,0.0747395128674034,0.023193690538920085,0.9252604871325967,2.2858784668958774,0.43383199946518314
CzCNoB,gas,stda,S0T1,0.061302526035585135,0.9799485138378717,0.06255688454029062,0.020051486162128367,0.9374431154597095,2.1512348604131826,0.5094793672869747
BuCzCF3oB,gas,stddft,S0S1,0.06777651016692283,0.9737698661410027,0.06960218479086591,0.026230133858997313,0.9303978152091341,3.7028839374523796,0.44180126848912465
BuCzCF3oB,gas,stddft,S0T1,0.05720494188449426,0.9779911230811186,0.058492291529469685,0.02200887691888146,0.9415077084705304,3.3362725906466295,0.5131094290002844
BuCzCF3oB,gas,stda,S0T1,0.05855645476386881,0.9777618959557188,0.05988825603255123,0.022238104044281545,0.9401117439674489,3.398558454926233,0.5012591295489645
CzCNoB,gas,stddft,S0S1,0.07266911894514624,0.977188252374841,0.07436552656925617,0.022811747625159116,0.9256344734307438,2.292205255297471,0.43407014665916144
CzCNoB,gas,stddft,S0T1,0.0596970899892607,0.9801616539361133,0.06090535142803265,0.01983834606388686,0.9390946485719673,2.118292876039057,0.523957308446323
1CM,gas,stda,S0T1,0.26210495801278005,0.8115316820347777,0.3229756321473445,0.18846831796522218,0.677024367852656,0.4402758477536886,0.7192562613763794
1CM,gas,stddft,S0T1,0.26086064489778493,0.8084547999276889,0.32266571355766244,0.19154520007231124,0.6773342864423376,0.42973777702461496,0.7240699417660477
1CM,gas,stda,S0S1,0.19563414173580745,0.6599226779852713,0.2964500967493252,0.340077322014729,0.7035499032506745,0.46193028464987895,0.7234195135915837
BMZ-TZ,gas,stda,S0S1,0.3094785222926169,0.9592393111074814,0.32262910694862074,0.04076068889251878,0.6773708930513793,1.5481443721817025,0.8587114772059647
1CM,gas,stddft,S0S1,0.2008231867448225,0.6557242958091584,0.3062616224964005,0.3442757041908418,0.6937383775035995,0.48539431551699896,0.7251767350279472
BMZ-TZ,gas,stda,S0T1,0.30826353495059194,0.9582975006953219,0.32167832507850846,0.04170249930467807,0.6783216749214919,1.5160703248129563,0.8564762172906628
BMZ-TZ,gas,stddft,S0T1,0.3080421344154244,0.9578138900010467,0.3216095920420279,0.042186109998953725,0.6783904079579721,1.511016670667899,0.8566545176247246
BMZ-TZ,gas,stddft,S0S1,0.30920179508515744,0.9592402977604899,0.322340289296688,0.04075970223950998,0.6776597107033119,1.5462271326956467,0.8586746291707713
DMAC-FO,gas,stda,S0S1,0.37077860395482476,0.8189046514131437,0.45277384041596325,0.18109534858685625,0.5472261595840369,2.340790216983256,0.46861730575368643
DMAC-FO,gas,stddft,S0S1,0.3707146130462655,0.8189333629864461,0.45267982695730163,0.18106663701355383,0.5473201730426983,2.338073027897396,0.4687265883581515
DMAC-FO,gas,stda,S0T1,0.17875060682971836,0.8445754233553249,0.21164552257461966,0.15542457664467516,0.7883544774253803,1.3935329138287407,0.5511000510720692
3ai,gas,stda,S0S1,0.02388345597842244,0.9821409616583504,0.024317747564560482,0.01785903834164958,0.9756822524354396,0.38740305103591527,0.9072395957891569
DMAC-FO,gas,stddft,S0T1,0.18370134430621254,0.8508612231572761,0.21590047742986235,0.14913877684272409,0.7840995225701377,1.4619312263708455,0.5705376484551783
3ai,gas,stda,S0T1,0.015120381340162494,0.9846438135682116,0.015356193916832062,0.015356186431788455,0.9846438060831681,0.4004810636231398,0.9143295092346501
DC–TC,gas,stda,S0S1,0.13942218471499696,0.8377481099284647,0.16642494690546328,0.16225189007153537,0.8335750530945365,0.8466103060842314,0.6658253072843741
3ai,gas,stddft,S0S1,0.024379388176692333,0.9815513935553416,0.02483760742102984,0.01844860644465838,0.9751623925789702,0.38766813274839446,0.9047223741842093
DC–TC,gas,stda,S0T1,0.10369770314247155,0.8463686957009587,0.12252072137024111,0.1536313042990413,0.877479278629759,0.9377291222389186,0.6792788431758716
DC–TC,gas,stddft,S0S1,0.14033913278186066,0.8376905161357607,0.16753100348949937,0.16230948386423924,0.832468996510501,0.8647769260275037,0.6570359770240934
3ai,gas,stddft,S0T1,0.014621106778807798,0.9850101014067458,0.014843611002492877,0.014989898593254078,0.985156388997507,0.40319329478719135,0.9145307738288482
DC–TC,gas,stddft,S0T1,0.10333568736829098,0.8473703708966062,0.12194866721496417,0.15262962910339364,0.878051332785036,0.9093454871930158,0.6866055386372587
trimesitylboron,gas,stda,S0S1,0.037009470693327676,0.8971987024559982,0.04125002699181094,0.10280129754400175,0.9587499730081889,1.171816001621521,0.6568239364676797
trimesitylboron,gas,stda,S0T1,0.04410704360495305,0.8996373412596738,0.04902758209568568,0.1003626587403263,0.9509724179043144,1.3868096691922736,0.7310266714270848
trimesitylboron,gas,stddft,S0S1,0.0369801785083183,0.8953822410821674,0.041300996168545524,0.10461775891783258,0.9586990038314545,1.158281696919355,0.6518628830671005
t3Cz-SO,gas,stda,S0T1,0.04299686402270802,0.9544343085324641,0.0450495792516301,0.04556569146753577,0.95495042074837,0.8593161932328621,0.6715229245749881
t3Cz-SO,gas,stddft,S0T1,0.04204966963627883,0.9553648144992897,0.0440142540295638,0.04463518550071051,0.9559857459704363,0.8796417546334058,0.6751534040498225
trimesitylboron,gas,stddft,S0T1,0.07917824576432235,0.914559453116476,0.08657528550441695,0.08544054688352393,0.9134247144955829,0.27097059249132843,0.9707488342672852
t3Cz-SO,gas,stda,S0S1,0.012443751623706612,0.9994861874887011,0.012450148665858661,0.0005138125112990436,0.9875498513341411,0.5204060310964204,0.7536427925903273
BPPyA,gas,stda,S0T1,0.042210117771537936,0.9237031779788782,0.045696625039113085,0.07629682202112159,0.9543033749608868,0.17399221720022157,0.9146582648867395
t3Cz-SO,gas,stddft,S0S1,0.011209882509739337,0.9995380259081761,0.011215063578550784,0.0004619740918240754,0.9887849364214493,0.5571038594590763,0.7561976933564302
BPPyA,gas,stddft,S0T1,0.04023535802202202,0.9308543111589719,0.043224119542322886,0.06914568884102815,0.9567758804576769,0.1390151526114007,0.9283949214299316
BPPyA,gas,stda,S0S1,0.162961258579869,0.810845939007805,0.2009768449716567,0.18915406099219512,0.7990231550283433,0.8362426862148706,0.7016411664545512
BPPyA,gas,stddft,S0S1,0.16162040132996175,0.811635919523927,0.19912918765936552,0.18836408047607311,0.8008708123406344,0.8774464890340251,0.6982290000381907
DFDBQPXZ,gas,stda,S0S1,0.3709490166506609,0.4851093551836077,0.764670919426531,0.5148906448163922,0.23532908057346938,1.4963819890395575,0.7264618830621198
3-ACBPmCN,gas,stda,S0S1,0.24156441787527128,0.5297011027358266,0.45603910701266687,0.47029889726417345,0.5439608929873332,0.5054914108140061,0.6749081377566728
DFDBQPXZ,gas,stda,S0T1,0.0239165071149892,0.9917359824398218,0.02411580051391394,0.008264017560178204,0.9758841994860862,0.6413080319192269,0.7592762520511411
DFDBQPXZ,gas,stddft,S0S1,0.36624190802468654,0.423843046086223,0.8640979518398927,0.5761569539137774,0.13590204816010729,1.744095121333933,0.7166098475970395
DFDBQPXZ,gas,stddft,S0T1,0.024939469249918335,0.9910530345012282,0.025164616202875294,0.008946965498771461,0.9748353837971248,0.6444753390670576,0.766592868861116
3-ACBPmCN,gas,stddft,S0S1,0.241728640530748,0.530211600214472,0.4559097545828272,0.4697883997855281,0.5440902454171728,0.49439973834299483,0.6743688857274104
3-ACBPmCN,gas,stda,S0T1,0.07172297398697486,0.5827611353615373,0.1230743946959999,0.4172388646384627,0.8769256053040003,3.066095579829147,0.5544174201959278
CDDPI,gas,stda,S0T1,0.13183868754616673,0.8800140744464298,0.14981429431012167,0.11998592555357049,0.8501857056898782,0.6598850797767248,0.8881368740014808
3-ACBPmCN,gas,stddft,S0T1,0.08445371509500088,0.6326486987914793,0.13349227660837532,0.36735130120852055,0.8665077233916247,2.567512413934791,0.6296020764298582
CDDPI,gas,stda,S0S1,0.140395201255627,0.767891711290921,0.18283203112012406,0.2321082887090791,0.8171679688798762,0.8231204046103969,0.7105380703115587
pDPBPZ-PXZ,gas,stda,S0T1,0.021795373936600387,0.992065988038768,0.021969681653624704,0.007934011961231799,0.9780303183463752,0.8159687365669309,0.7156916742939816
CDDPI,gas,stddft,S0T1,0.1314055473747066,0.8776950461822354,0.1497166332956868,0.12230495381776436,0.8502833667043137,0.58587402486024,0.9046334216429934
pDPBPZ-PXZ,gas,stda,S0S1,0.26371902118446683,0.9819918448833269,0.2685552049730107,0.018008155116673107,0.7314447950269891,4.070733249467372,0.40924727589884125
pDPBPZ-PXZ,gas,stddft,S0S1,0.26546953540463253,0.9814148125768704,0.2704967685453997,0.01858518742312969,0.7295032314546,4.064575945128805,0.4111561150215724
pDPBPZ-PXZ,gas,stddft,S0T1,0.020122067488207426,0.9922616104753231,0.0202789942448427,0.007738389524676743,0.9797210057551573,0.8414925706393189,0.7180350266187909
CDDPI,gas,stddft,S0S1,0.13793774590821697,0.7713688169389202,0.17882204061036003,0.2286311830610798,0.8211779593896398,0.758339156435114,0.7121150941289469
BN-DBC-Ph2,gas,stda,S0S1,0.10069892810639756,0.7614821280217945,0.1322406979767166,0.23851787197820556,0.8677593020232836,1.8826906276980073,0.6070298147807747
BN-DBC-Ph2,gas,stda,S0T1,0.12532508326861733,0.7626027335560076,0.16433862318356496,0.23739726644399256,0.8356613768164355,0.7925779590078733,0.6861033045636112
BN-DBC-Ph2,gas,stddft,S0S1,0.10472873480595213,0.7543107039808468,0.13884031375035527,0.2456892960191529,0.861159686249645,1.6870493495357832,0.6197581489107759
BN-DBC-Ph2,gas,stddft,S0T1,0.12542241136369064,0.7657720741084661,0.1637855644053239,0.2342279258915338,0.836214435594676,0.7541253914311398,0.6906905285330838
TPXZ-as-TAZ,gas,stda,S0T1,0.1491363000441267,0.9513377185552903,0.15676483454330645,0.04866228144471009,0.8432351654566934,4.5215568628963245,0.5280432855879
TPXZ-as-TAZ,gas,stddft,S0T1,0.14873385753860305,0.9489141533837326,0.1567411098340488,0.05108584661626724,0.8432588901659515,4.427745322670367,0.5437148542183373
CBPBM,gas,stda,S0T1,0.27954011884898405,0.7115980667003357,0.39283428655899155,0.28840193329966446,0.6071657134410082,1.1376771492877487,0.6836815620388236
CBPBM,gas,stddft,S0T1,0.2781525692455575,0.708829344135788,0.39241119395908186,0.29117065586421204,0.6075888060409183,1.1093316944812124,0.6873315864234231
CBPBM,gas,stda,S0S1,0.026704619583507044,0.9998266231036793,0.026709250350435854,0.00017337689632071618,0.9732907496495645,1.1640484672428797,0.7894042400686421
PhQLPXZ,gas,stda,S0S1,0.25399004392314795,0.7783285112223627,0.3263275599711198,0.22167148877763726,0.6736724400288802,4.020074297854125,0.44652579554100486
PhQLPXZ,gas,stda,S0T1,0.2306995319514673,0.7891687672299377,0.29233231411481986,0.21083123277006213,0.7076676858851801,2.6068659842238917,0.6928534951992815
CBPBM,gas,stddft,S0S1,0.025167406764614295,0.9998257779794406,0.025171792245120343,0.00017422202055935806,0.9748282077548797,1.1618107434757379,0.7916494983746885
PhQLPXZ,gas,stddft,S0S1,0.255514557372237,0.7776473378636797,0.32857382123132567,0.22235266213632052,0.6714261787686744,4.034831510361593,0.4459256911940279
PhQLPXZ,gas,stddft,S0T1,0.2705728449155345,0.7875877750822944,0.3435462731595378,0.21241222491770564,0.6564537268404623,0.6586542086252584,0.780509135920925
TPXZ-as-TAZ,gas,stda,S0S1,0.2079593012603995,0.5456249512424511,0.3811396469073713,0.4543750487575491,0.6188603530926287,1.492123325710252,0.7578370583064044
TPXZ-as-TAZ,gas,stddft,S0S1,0.21646033277903146,0.6095421661779731,0.3551195385485928,0.39045783382202753,0.6448804614514071,1.4688745792271134,0.7940042637988709
2Cz-DMAC-TXO,gas,stda,S0T1,0.015458560033834555,0.9935051025280331,0.015559618158476816,0.006494897471967075,0.9844403818415229,2.582172114865762,0.6728439591981688
2Cz-DMAC-TXO,gas,stda,S0S1,0.02080971613262698,0.8095386977593186,0.025705647166991703,0.19046130224068133,0.9742943528330082,2.313472186124863,0.35363239946443276
2Cz-DMAC-TXO,gas,stddft,S0T1,0.015112234473199641,0.9942830410130518,0.015199127260384667,0.00571695898694799,0.9848008727396155,2.5173728865602274,0.678332199131251
2Cz-DMAC-TXO,gas,stddft,S0S1,0.020472322085191084,0.8557778533931528,0.023922472408018598,0.14422214660684723,0.9760775275919814,1.4729064568043484,0.4752203955062962
SBDBQ-PXZ,gas,stda,S0S1,0.25160915768910774,0.9824073086943257,0.25611490820799204,0.017592691305674063,0.7438850917920079,4.613069695708421,0.4385487519515233
SBDBQ-PXZ,gas,stda,S0T1,0.23398897708649413,0.9765566462955004,0.23960614878216743,0.023443353704499542,0.7603938512178323,4.196880487404706,0.5232858900658109
SBDBQ-PXZ,gas,stddft,S0S1,0.2530337253621143,0.981919890367699,0.25769284016373367,0.01808010963230099,0.7423071598362666,4.614491106923965,0.4384523038148602
SBDBQ-PXZ,gas,stddft,S0T1,0.23186533027614636,0.9747734004146438,0.23786587752344981,0.025226599585356307,0.7621341224765502,4.102758209290157,0.5420037851909275
PABP,gas,stda,S0T1,0.21707564663176665,0.6964526618646918,0.3116875826859005,0.30354733813530826,0.6883124173140996,0.03340245931982123,0.9927431095746122
PABP,gas,stda,S0S1,0.22842774035335703,0.6782754768533283,0.33677723601785575,0.3217245231466716,0.6632227639821442,0.06507680254390495,0.9938870658473481
PABP,gas,stddft,S0S1,0.22963396798991212,0.6771552584358181,0.33911568304195217,0.32284474156418186,0.6608843169580478,0.07550283144339891,0.994029677278888
BTD-PXZ,gas,stda,S0S1,0.7489310502809496,0.9090925247771086,0.8238226911661963,0.0909074752228914,0.1761773088338039,2.417704672509009,0.4142012444474637
BTD-PXZ,gas,stda,S0T1,0.6425481387063569,0.7916924301489889,0.8116133415415321,0.20830756985101107,0.18838665845846814,1.9421546092594422,0.5960123134422922
BTD-PXZ,gas,stddft,S0S1,0.7494503954592698,0.906399946354761,0.8268429388961352,0.09360005364523914,0.17315706110386478,2.4225363898181467,0.41795408934302963
BTD-PXZ,gas,stddft,S0T1,0.6165890205346053,0.7591588298904436,0.8122002883422789,0.24084117010955627,0.18779971165772108,1.8263681826902407,0.631729243450928
PABP,gas,stddft,S0T1,0.21498771101218672,0.6992545984344206,0.3074526953323272,0.3007454015655796,0.6925473046676728,0.0387722594699709,0.9924177876333621
TPBPPI-PBI,gas,stda,S0T1,0.014397736456912613,0.9967912875562531,0.014444083366950664,0.003208712443746891,0.9855559166330491,0.9202503375261777,0.8326242869368864
TPBPPI-PBI,gas,stddft,S0T1,0.01406264257799178,0.9969337253310527,0.014105895126902227,0.0030662746689473193,0.9858941048730978,0.9504017607715912,0.8439244894642426
TPBPPI-PBI,gas,stda,S0S1,0.019124290768271598,0.9993677891931143,0.019136389000202293,0.0006322108068855565,0.9808636109997977,1.1234225345522804,0.7471718476285946
TPBPPI-PBI,gas,stddft,S0S1,0.018620389904707654,0.9994189835497178,0.01863121494708065,0.000581016450282202,0.9813687850529192,1.0989888803597683,0.7508313405347284
TPM2CN,gas,stda,S0T1,0.1213515197656913,0.8465749774905583,0.143344090000634,0.1534250225094416,0.8566559099993661,1.0590154791792608,0.7864773903120221
TCB,gas,stda,S0S1,0.15362548774630747,0.7658089605638141,0.2006054977904715,0.23419103943618594,0.7993945022095285,0.533228658455513,0.6325180626494604
TPM2CN,gas,stddft,S0T1,0.12285837034137703,0.8299031999835976,0.14803939826211687,0.17009680001640232,0.851960601737883,0.8443744573531674,0.7885001932467693
TCB,gas,stda,S0T1,0.22934633435888577,0.8119392800976115,0.2824673469810621,0.18806071990238846,0.7175326530189381,1.6938457966214961,0.6997019363030532
TPM2CN,gas,stda,S0S1,0.08346127527742424,0.9223775347962213,0.09048493933220429,0.07762246520377859,0.9095150606677956,0.8316563213988427,0.6590216408290249
TPA-AP,gas,stda,S0T1,0.20254670379010137,0.3397503762890556,0.5961632949532837,0.6602496237109443,0.40383670504671654,0.06980485436152849,0.9359899422992859
TPM2CN,gas,stddft,S0S1,0.1746726392421003,0.7125761773062096,0.2451283733655323,0.28742382269379046,0.7548716266344677,0.5668025456101412,0.6843666582487783
TCB,gas,stddft,S0S1,0.15979612466687115,0.7580965263972471,0.21078598714372293,0.24190347360275297,0.789214012856277,0.5180151281413065,0.6435485138629553
TPA-AP,gas,stda,S0S1,0.10457268855588014,0.7117675336689547,0.14691972253474156,0.2882324663310453,0.8530802774652585,1.3426561971113533,0.7883947795507029
TPA-AP,gas,stddft,S0T1,0.2023722111972542,0.3337015173655253,0.6064467815277644,0.6662984826344747,0.39355321847223557,0.07443548034359505,0.9425027759513835
4-Ac,gas,stda,S0S1,0.08143415504782141,0.8779834530962076,0.09275135512024055,0.12201654690379224,0.9072486448797594,0.7476099818854192,0.7046567275326697
TCB,gas,stddft,S0T1,0.24948030550381065,0.8028484117622527,0.31074397339368365,0.19715158823774734,0.6892560266063165,1.6549020704024884,0.7313652847144462
TPA-AP,gas,stddft,S0S1,0.1316987462868946,0.6589289314669233,0.199867906837394,0.34107106853307667,0.8001320931626061,1.025584230146068,0.7717247643230813
4-Ac,gas,stda,S0T1,0.1080053022544696,0.863859178129214,0.12502651472473494,0.13614082187078594,0.8749734852752649,0.49855693746562735,0.7516835012663157
4-Ac,gas,stddft,S0S1,0.08288022462909513,0.8773745747097859,0.09446390061680313,0.1226254252902142,0.905536099383197,0.7257108466127746,0.7026923544556793
4-Ac,gas,stddft,S0T1,0.1097779524909752,0.8616464215456026,0.12740487251610458,0.1383535784543977,0.8725951274838954,0.5264886703057926,0.7593319084550147
dpmt,gas,stda,S0T1,0.06490269740397377,0.9195121926501006,0.0705838355627667,0.08048780734989935,0.9294161644372333,0.5505337092300988,0.9047128909204801
dpmt,gas,stddft,S0T1,0.06335295224925455,0.9216575791631338,0.06873805812651061,0.0783424208368661,0.9312619418734892,0.5494629111100833,0.9042618192475916
VBN0,gas,stda,S0S1,0.09551888549158384,0.9036520698593913,0.10570316682442461,0.096347930140609,0.8942968331755752,0.23195657686339902,0.6793839428174177
VBN0,gas,stda,S0T1,0.2595001212465019,0.8078108850727501,0.3212387033174624,0.19218911492724994,0.6787612966825376,1.2647534981450397,0.7361680413466019
VBN0,gas,stddft,S0S1,0.10011653467553165,0.9047008050830759,0.11066259045313688,0.09529919491692407,0.8893374095468631,0.3286660047451724,0.6910795894500537
VBN0,gas,stddft,S0T1,0.25872385957931004,0.804953789411019,0.3214145494844084,0.19504621058898114,0.6785854505155914,1.2490974276574882,0.7382774804966858
SpiroAC-TRZ,gas,stda,S0S1,0.13512796341154712,0.6866550305811265,0.19679163101329977,0.3133449694188734,0.8032083689867002,2.381936383133407,0.35232091822266737
SpiroAC-TRZ,gas,stda,S0T1,0.13982620530280562,0.6985165858897212,0.2001759272826784,0.3014834141102788,0.7998240727173216,2.2394013939984605,0.47526104900542143
dpmt,gas,stddft,S0S1,0.039358518096261806,0.9798025021322212,0.04016984852621911,0.020197497867778785,0.9598301514737807,0.343152775752846,0.6108210980208499
SpiroAC-TRZ,gas,stddft,S0S1,0.13496042839312433,0.6866125996606095,0.1965597899890489,0.31338740033939055,0.8034402100109512,2.386204088607479,0.3505452267472541
dpmt,gas,stda,S0S1,0.04106974480895542,0.97673166444094,0.042048134921952036,0.023268335559060105,0.957951865078048,0.3470967674764526,0.6111994610153931
DCz-DPPZ,gas,stda,S0S1,0.3310457357072933,0.805332346374442,0.41106722857667566,0.19466765362555805,0.5889327714233242,3.9425770420607957,0.5956455644523355
DCz-DPPZ,gas,stda,S0T1,0.31826022790682046,0.7681357390446388,0.41432810860051045,0.23186426095536122,0.5856718913994895,3.1442883709959557,0.6613822569633114
SpiroAC-TRZ,gas,stddft,S0T1,0.14062405214015863,0.700982716418645,0.2006098707520405,0.29901728358135504,0.7993901292479593,2.200578805748491,0.4958421799402044
DCz-DPPZ,gas,stddft,S0T1,0.3159827550141911,0.7619363179663173,0.4147101897670136,0.23806368203368258,0.5852898102329867,3.008640891281512,0.6696673375860049
Cz–AQ,gas,stda,S0S1,0.090338907232202,0.6072946403515923,0.14875630580223864,0.39270535964840764,0.8512436941977616,3.132495965295578,0.6354918179452802
Cz–AQ,gas,stda,S0T1,0.11095269301230999,0.5734314229144172,0.19348903561720113,0.42656857708558304,0.8065109643827988,2.92397117961762,0.6289534625142383
Cz–AQ,gas,stddft,S0S1,0.08834481380692111,0.6035127813425735,0.14638432944268287,0.3964872186574268,0.8536156705573174,3.14504722754499,0.626671997852455
Cz–AQ,gas,stddft,S0T1,0.11462127286244288,0.5696311689637406,0.20122015631791912,0.43036883103625945,0.7987798436820808,2.8199457198011793,0.6392116436362313
DCz-DPPZ,gas,stddft,S0S1,0.20189026642687313,0.5805511352222208,0.3477562167708009,0.41944886477777904,0.6522437832291991,0.3864200162114231,0.560283823048314
CzoB,gas,stda,S0S1,0.07406143478223817,0.9683831232781208,0.07647947697759251,0.031616876721879295,0.9235205230224074,1.8180085746577506,0.419848640294813
CzoB,gas,stda,S0T1,0.06472014269722139,0.9718241220118188,0.06659655922435963,0.028175877988181296,0.9334034407756403,1.565014330000198,0.5190338323041797
CzoB,gas,stddft,S0S1,0.0735065845707173,0.9689537029358217,0.07586181295143467,0.031046297064178274,0.9241381870485651,1.8163105102865102,0.4229843015074999
CzoB,gas,stddft,S0T1,0.0626493210845597,0.9725844238902869,0.06441530374706772,0.027415576109713242,0.9355846962529324,1.5071800307373588,0.5394986362249045
DBBPZ-DPXZ,gas,stda,S0S1,0.18097225385206964,0.8929292837424085,0.20267254881997615,0.1070707162575916,0.7973274511800238,1.836278245491551,0.5145379757397626
DBBPZ-DPXZ,gas,stda,S0T1,0.17918910814787758,0.8645717627338798,0.20725764577512928,0.13542823726611997,0.7927423542248707,1.8130655616450289,0.5661547717241666
DBBPZ-DPXZ,gas,stddft,S0S1,0.18087152603843587,0.8918133186590316,0.20281321466515212,0.10818668134096855,0.797186785334848,1.8212480013718024,0.5344004345566601
pDPAPQ-PXZ,gas,stda,S0S1,0.089662518457794,0.9877657232507646,0.09077306121001257,0.012234276749235549,0.9092269387899872,3.7096315135799953,0.44287615515884843
pDPAPQ-PXZ,gas,stda,S0T1,0.09355121187161176,0.984349742930023,0.09503859024044291,0.015650257069977178,0.9049614097595567,3.3743057663726437,0.48853745039935287
pDPAPQ-PXZ,gas,stddft,S0S1,0.09008408836703287,0.9877055597888015,0.09120540780017004,0.012294440211198762,0.9087945921998298,3.7310954903923506,0.4412091586314569
DBBPZ-DPXZ,gas,stddft,S0T1,0.17806472695173442,0.8637027980767726,0.2061643511497651,0.1362972019232274,0.7938356488502348,1.7518757943602408,0.5801168820479756
pDPAPQ-PXZ,gas,stddft,S0T1,0.09389588477516268,0.9832779171161866,0.09549272198703077,0.016722082883813178,0.9045072780129693,3.2778458554885113,0.507514651292266
SFI34pPM,gas,stda,S0T1,0.03983489819258629,0.9667995289603604,0.04120285229702419,0.033200471039639676,0.9587971477029756,1.2724386481553875,0.6733962020015969
SFI34pPM,gas,stddft,S0T1,0.0388121849613946,0.9678478524485487,0.04010153544609728,0.03215214755145135,0.9598984645539028,1.2472138486314075,0.6769616075963862
SFI34pPM,gas,stda,S0S1,0.022314297535162834,0.991894692373627,0.022496639720658452,0.008105307626373123,0.9775033602793417,0.395954970248831,0.7392224213309078
tCTM,gas,stda,S0T1,0.0770127732797738,0.8942238510805196,0.08612247725971162,0.1057761489194804,0.9138775227402881,0.7962782207592611,0.7445893900903738
tCTM,gas,stddft,S0T1,0.07830377024765818,0.8952433281512467,0.08746646613872242,0.10475667184875335,0.9125335338612774,0.7301656760648773,0.7579524537337027
SFI34pPM,gas,stddft,S0S1,0.0201790239200663,0.9924584280342995,0.020332361890496146,0.007541571965700508,0.979667638109504,0.3869448973188009,0.747766857954538
tCTM,gas,stda,S0S1,0.09054232012693826,0.8251279165914642,0.10973125294434487,0.17487208340853583,0.8902687470556552,0.4438486661975316,0.6340539318300574
tCTM,gas,stddft,S0S1,0.08937080592696414,0.8258758713770052,0.10821336356267895,0.17412412862299476,0.8917866364373211,0.6836166843851383,0.6273992222596801
DTPTCzDP-CN,gas,stda,S0S1,0.24203549993100465,0.9027803962778758,0.26810008383977596,0.09721960372212445,0.7318999161602241,2.5868800497940097,0.619943737742296
DTPTCzDP-CN,gas,stda,S0T1,0.23093441527827574,0.8989324425844452,0.2568985213330777,0.10106755741555476,0.7431014786669223,1.8152508704702055,0.6582165534648957
DTPTCzDP-CN,gas,stddft,S0T1,0.22943353110139297,0.8973908162710842,0.2556673490985288,0.10260918372891577,0.744332650901471,1.755026682534296,0.6636671673636692
DIC-TRZ,gas,stda,S0T1,0.1436330830293569,0.5385790570216342,0.26668894966628326,0.4614209429783657,0.7333110503337167,0.8802182139130634,0.7914172623851136
OCzBN,gas,stda,S0T1,0.1085157888424289,0.13740316374118972,0.789761937700557,0.8625968362588103,0.21023806229944308,1.1947450071454602,0.7493658305510914
DTPTCzDP-CN,gas,stddft,S0S1,0.1596313563051599,0.803357299670905,0.1987053038175577,0.19664270032909498,0.8012946961824424,1.3894058570994636,0.709681744235797
DIC-TRZ,gas,stda,S0S1,0.2886572688143854,0.8472670384022639,0.3406921970654277,0.152732961597736,0.6593078029345721,1.5542958648043692,0.7383439990161805
OCzBN,gas,stddft,S0T1,0.10201885043979282,0.12681360232879813,0.8044787669960018,0.8731863976712019,0.1955212330039981,1.1948798344670417,0.752686092713267
DIC-TRZ,gas,stddft,S0T1,0.14535136976607574,0.5401046819682574,0.26911703345430027,0.45989531803174255,0.7308829665456998,0.8830493721162557,0.7956497875160877
DIC-TRZ,gas,stddft,S0S1,0.3019251469400442,0.8456748759020888,0.3570227229678285,0.15432512409791102,0.6429772770321713,1.7329821925367577,0.7376427184892376
HPVAnt,gas,stda,S0S1,0.12314516276634575,0.8725251510579721,0.14113651923618162,0.1274748489420279,0.8588634807638186,0.16649742492351927,0.9938981413798089
HPVAnt,gas,stda,S0T1,0.11772504368916828,0.8832459554919858,0.13328681887209215,0.11675404450801426,0.8667131811279079,0.08366460833619094,0.9943989648432497
HPVAnt,gas,stddft,S0S1,0.12234869291670925,0.8757667319894935,0.13970465929753662,0.1242332680105065,0.8602953407024634,0.13666289087656142,0.9939686735829443
HPVAnt,gas,stddft,S0T1,0.11690314202381406,0.8839353648244508,0.1322530432381003,0.11606463517554927,0.8677469567618997,0.07916691907889697,0.9944421586741665
OCzBN,gas,stda,S0S1,0.02314918932260515,0.996705442698089,0.023225707747657247,0.003294557301911014,0.9767742922523426,0.43089661414661445,0.7644763044266898
OCzBN,gas,stddft,S0S1,0.16419646058958123,0.6565329264041012,0.250096307414317,0.3434670735958989,0.7499036925856828,0.6242064874270288,0.7139291484186281
mPXTMP,gas,stda,S0S1,0.023033472124240395,0.990844703349374,0.023246298886576117,0.009155296650626105,0.9767537011134241,1.8252522310619124,0.7328576969613716
mPXTMP,gas,stda,S0T1,0.02109773368802202,0.9928174216911737,0.021250366106674436,0.007182578308826266,0.9787496338933258,1.2931156927955236,0.7897041232009043
mPXTMP,gas,stddft,S0S1,0.02369530913518034,0.990272443596851,0.023928070793442092,0.009727556403149006,0.976071929206558,1.864453460777213,0.7258536848065716
mPXTMP,gas,stddft,S0T1,0.02066474223613835,0.9933183794713751,0.020803744965572593,0.0066816205286245895,0.979196255034427,1.243733019037018,0.7971291441081382
TCZ1,gas,stda,S0T1,0.23668954603715375,0.8698082500985529,0.27211692463291287,0.13019174990144708,0.7278830753670871,1.0091104374091036,0.6638146599362514
3CzAnN,gas,stda,S0S1,0.22846127138816164,0.6994637783195609,0.3266234485179954,0.3005362216804391,0.6733765514820046,0.4216145517758985,0.9718239012968055
TCZ1,gas,stddft,S0T1,0.23518727602134948,0.8682999470096,0.2708594844803661,0.1317000529904001,0.7291405155196341,1.0045984655901157,0.6677295235560331
3CzAnN,gas,stda,S0T1,0.2131007821238074,0.7030236638061218,0.3031203543990175,0.2969763361938782,0.6968796456009826,0.08668530694830667,0.9941962042191733
TCZ1,gas,stddft,S0S1,0.1842876943279955,0.7463960201185152,0.24690337215186875,0.25360397988148486,0.7530966278481311,0.9262495179214314,0.7616508284225815
3CzAnN,gas,stddft,S0S1,0.22838805933993614,0.6930406637562271,0.32954496219902946,0.3069593362437728,0.6704550378009708,0.2966183274383624,0.9793786921684169
TCZ1,gas,stda,S0S1,0.18488587553349842,0.7417187269037436,0.24926682963135152,0.25828127309625637,0.7507331703686486,0.9216373403488004,0.7575679546948294
3CzAnN,gas,stddft,S0T1,0.21103569688696425,0.7053864059808955,0.29917743678870934,0.2946135940191045,0.7008225632112909,0.0884024157215546,0.9945768022526161
TRZ-3SO2,gas,stda,S0S1,0.16882432191408758,0.704406344167014,0.23966894011116335,0.29559365583298614,0.7603310598888366,0.6090998570891155,0.6527890273212553
BACN,gas,stda,S0T1,0.2576433052409617,0.6331398861134188,0.40692951256400267,0.36686011388658135,0.5930704874359973,2.5457146387689464,0.7644926972890419
BACN,gas,stda,S0S1,0.29419534760255805,0.7100512298837787,0.41432974864463235,0.28994877011622133,0.5856702513553678,3.0969239630774066,0.6516038473077145
BACN,gas,stddft,S0S1,0.2916905472834186,0.7055894521370284,0.4133998125963639,0.2944105478629716,0.5866001874036362,3.1062521220661226,0.6507244644188619
BACN,gas,stddft,S0T1,0.25290318265023487,0.6208442368458595,0.4073536768821204,0.3791557631541404,0.5926463231178796,2.4408989984478113,0.7804929121109261
TRZ-3SO2,gas,stddft,S0S1,0.16981584958000187,0.704503235400272,0.24104339206266234,0.29549676459972785,0.7589566079373378,0.5980060786702222,0.6554714692081626
B-dpa-SpiroAC,gas,stda,S0S1,0.19290838311757913,0.7662753123712576,0.2517481380427349,0.23372468762874235,0.7482518619572649,2.0203182537907933,0.588319619008914
ADO-TPA,gas,stda,S0S1,0.1049689528038904,0.882590907521942,0.11893273759029835,0.11740909247805789,0.881067262409702,0.5368193641962354,0.8652763022372847
ADO-TPA,gas,stda,S0T1,0.10511417369093626,0.8822890952676306,0.11913801752140128,0.11771090473236945,0.8808619824785986,0.5364944434798119,0.8653901129819844
B-dpa-SpiroAC,gas,stda,S0T1,0.16864071174645673,0.7404070740658636,0.22776755875708332,0.2595929259341363,0.7722324412429167,1.6118728324271552,0.6094912520710821
B-dpa-SpiroAC,gas,stddft,S0S1,0.1923841080580053,0.7625083548045585,0.25230426243305365,0.2374916451954417,0.7476957375669462,1.9982698505308865,0.5873454170945743
B-dpa-SpiroAC,gas,stddft,S0T1,0.16663544007166547,0.7371400554992056,0.22605668872357876,0.2628599445007945,0.7739433112764214,1.5604300516396783,0.6118579644634252
ADO-TPA,gas,stddft,S0S1,0.1049683322542102,0.8825943052779208,0.11893157663322634,0.11740569472207953,0.8810684233667735,0.5368886960171678,0.8652772783481144
ADO-TPA,gas,stddft,S0T1,0.10512934125529229,0.8822279091098336,0.11916347257860796,0.11777209089016687,0.8808365274213921,0.5363300086988279,0.8654581058195847
TRZ-3SO2,gas,stda,S0T1,0.208198974670409,0.7528148842347233,0.2765606512709355,0.24718511576527644,0.7234393487290647,0.48368063523709043,0.9074984053282745
TRZ-3SO2,gas,stddft,S0T1,0.21753639440904177,0.7454015070244038,0.2918378784575221,0.2545984929755964,0.7081621215424777,0.4737768653986007,0.9211927351000614
SPBAC-PH,gas,stda,S0T1,0.36848166152167017,0.4394556314393993,0.8384957096003982,0.5605443685606007,0.16150429039960157,1.9764793770724571,0.7455399042289603
SPBAC-PH,gas,stddft,S0T1,0.35136588767900834,0.4165060075578019,0.843603408602087,0.5834939924421984,0.15639659139791304,1.8619372074573934,0.7665797830805902
SPBAC-PH,gas,stda,S0S1,0.2136644456600183,0.26465242913569403,0.8073398243794963,0.7353475708643059,0.19266017562050358,1.3164210985262155,0.6307275919625015
SPBAC-PH,gas,stddft,S0S1,0.22134990277218472,0.271048876726148,0.8166420220801127,0.728951123273852,0.1833579779198876,1.3576994039147061,0.6314576788685937
DDPA-Ph-Bz,gas,stddft,S0S1,0.05530946017530533,0.5985303703179947,0.09240877809745866,0.40146962968200506,0.9075912219025414,4.1193485434396075,0.6171915482873058
DDPA-Ph-Bz,gas,stda,S0T1,0.23078427964799553,0.639481030230544,0.3608930816365167,0.36051896976945585,0.6391069183634833,0.503004481887433,0.801855925089002
DDPA-Ph-Bz,gas,stda,S0S1,0.060728012904818184,0.591533916013878,0.10266192903027634,0.4084660839861219,0.8973380709697236,4.176063228383146,0.6114498892615836
DDPA-Ph-Bz,gas,stddft,S0T1,0.23503737307838649,0.6287289686868638,0.37382939992295156,0.37127103131313605,0.6261706000770484,0.5737311479065897,0.8095002101767146
pzpy,gas,stda,S0S1,0.22098219028261565,0.6983334689794161,0.3164422157877833,0.30166653102058427,0.6835577842122165,0.05366860709773004,0.9883029060420259
pzpy,gas,stda,S0T1,0.21094407379371682,0.7087579302248399,0.297624992678105,0.29124206977516015,0.7023750073218947,0.05217892943366812,0.9903096600587004
pzpy,gas,stddft,S0S1,0.22276857064167496,0.6953865249157881,0.3203521533130836,0.3046134750842117,0.6796478466869162,0.06325802522212791,0.9887465989313663
pzpy,gas,stddft,S0T1,0.20907155097748445,0.7109097547144453,0.29409014237181663,0.28909024528555477,0.7059098576281835,0.06307050452933008,0.9899609893117134
6AcBIQ,gas,stda,S0S1,0.07748169145103281,0.7235579774918802,0.10708428883558582,0.2764420225081197,0.8929157111644141,3.8666617551241647,0.33242784268057446
6AcBIQ,gas,stda,S0T1,0.08389709100415413,0.7501439734709905,0.11184131842845312,0.24985602652900962,0.8881586815715466,3.316976146548018,0.5034229454322745
6AcBIQ,gas,stddft,S0S1,0.07750935914341958,0.723486299528999,0.1071331401767793,0.27651370047100127,0.892866859823221,3.8690284001661794,0.333065432466942
BANE,gas,stda,S0T1,0.2117591365192043,0.7057990396552777,0.3000275214636598,0.2942009603447224,0.6999724785363403,0.05576258410339421,0.9937715651785909
BANE,gas,stda,S0S1,0.19798183752583295,0.745495694479736,0.26557073232193495,0.2545043055202642,0.734429267678065,0.09596769297547321,0.9958598832706088
6AcBIQ,gas,stddft,S0T1,0.08573322843548528,0.7617827027208591,0.11254289199435998,0.23821729727914104,0.8874571080056404,3.1024963931813,0.5526548548842738
BANE,gas,stddft,S0T1,0.2098232943464587,0.7083155309269784,0.29622856648626805,0.29168446907302165,0.7037714335137321,0.06704362207276245,0.9936076670058902
BANE,gas,stddft,S0S1,0.20114328568032686,0.7408749013037209,0.27149426350706996,0.2591250986962792,0.72850573649293,0.051164572060790406,0.9958938562107419
TX-CzPh,gas,stda,S0T1,0.11227423316199306,0.9020636293615926,0.12446376231957346,0.09793637063840757,0.8755362376804267,1.1218416203198158,0.6740150879303599
TX-CzPh,gas,stda,S0S1,0.0813824051341488,0.61660920556013,0.131983766055229,0.38339079443986973,0.868016233944771,0.8966286253377993,0.7210287338284668
2PCzBN,gas,stda,S0S1,0.1727730884843532,0.7765048480761054,0.22250097847092856,0.22349515192389474,0.7774990215290716,0.4287514231409616,0.6935190883355219
TX-CzPh,gas,stddft,S0S1,0.07852994406067715,0.6146082492171704,0.1277723560669762,0.38539175078282983,0.8722276439330238,0.886475602863311,0.7266166260163859
TX-CzPh,gas,stddft,S0T1,0.11125849502840035,0.9012536952307659,0.12344858680430999,0.0987463047692342,0.87655141319569,1.0910963711029344,0.6795839282686394
2PCzBN,gas,stda,S0T1,0.11786908596576548,0.889841908793664,0.13246070431269932,0.11015809120633614,0.8675392956873005,0.6963863834193242,0.6971777528269423
2PCzBN,gas,stddft,S0S1,0.18524724597303832,0.7750221942289655,0.23902185944149953,0.22497780577103477,0.7609781405585005,0.4310530371714144,0.7035799450272076
2PCzBN,gas,stddft,S0T1,0.1710202875330126,0.8272164189145488,0.2067418919917243,0.1727835810854513,0.7932581080082758,0.5880614493178187,0.6986012057216477
3PCzPFP,gas,stda,S0T1,0.23961978574286685,0.845303055186037,0.283472045052683,0.1546969448139629,0.716527954947317,0.2391437417467453,0.6784300655772053
9CzTPE,gas,stda,S0S1,0.10965446364647358,0.8854231938859565,0.12384412832605016,0.11457680611404338,0.87615587167395,1.0542987326439004,0.8405944257337585
3PCzPFP,gas,stddft,S0T1,0.23861902386130787,0.8436027841604494,0.2828570843312006,0.15639721583955055,0.7171429156687994,0.23084637260359675,0.681548750249112
3PCzPFP,gas,stda,S0S1,0.22348548058978182,0.7293258626519729,0.3064274723196357,0.2706741373480272,0.6935725276803641,0.36426523843168457,0.7488912287340089
9CzTPE,gas,stda,S0T1,0.1586347880078171,0.8104499678914208,0.19573668245128495,0.1895500321085794,0.8042633175487153,0.2511237322420071,0.9819338413725622
3PCzPFP,gas,stddft,S0S1,0.22335917596952562,0.7322764944962435,0.3050202725996026,0.2677235055037565,0.6949797274003973,0.284323639442435,0.7544060513676905
9CzTPE,gas,stddft,S0S1,0.10684044025449656,0.8891196561127511,0.12016429905689532,0.11088034388724903,0.8798357009431048,1.035122675357721,0.8360028687569065
6-Cz-Sac,gas,stda,S0T1,0.18571716827338067,0.8425824070809026,0.22041424875792426,0.15741759291909752,0.7795857512420757,0.9973724764644335,0.707913950658206
9CzTPE,gas,stddft,S0T1,0.15414167362780914,0.815570531951908,0.1889985814702026,0.18442946804809204,0.8110014185297973,0.19158343300950434,0.9851339390424394
6-Cz-Sac,gas,stda,S0S1,0.1992553184069479,0.7565155729917032,0.26338561362190643,0.24348442700829676,0.7366143863780936,0.8875893287734746,0.7413228541399189
6-Cz-Sac,gas,stddft,S0S1,0.2003194622343664,0.755365607642904,0.26519537056956743,0.24463439235709605,0.7348046294304323,0.8893688622004433,0.746450914437649
6-Cz-Sac,gas,stddft,S0T1,0.1872985864280263,0.8355715970208688,0.2241562387900895,0.16442840297913128,0.7758437612099104,0.6554771537970199,0.8143499207019317
NAQ3,gas,stda,S0S1,0.35000238603330314,0.6007941902300347,0.5825661960867043,0.3992058097699654,0.4174338039132956,2.670028785420097,0.5720380763529357
NAQ3,gas,stda,S0T1,0.39620701217898274,0.5538902722981716,0.7153167910587453,0.44610972770182833,0.2846832089412547,2.3149264901678417,0.5906393153919399
NAQ3,gas,stddft,S0S1,0.3601253549743947,0.5998730848997719,0.6003359111112065,0.40012691510022796,0.3996640888887934,2.6476354760248424,0.5686657296240019
NAQ3,gas,stddft,S0T1,0.16329812244058733,0.457062480811983,0.3572774605136788,0.542937519188017,0.6427225394863209,3.7252545780044133,0.7339837789211671
PTPC,gas,stda,S0S1,0.032142856172433655,0.9902252572986074,0.032460145745142124,0.009774742701392657,0.9675398542548578,0.5209743592207046,0.7138029150917027
PTPC,gas,stda,S0T1,0.07082814581916534,0.9638739510501417,0.07348278863849157,0.036126048949858304,0.9265172113615086,1.0778170253305204,0.8319877279084384
PTPC,gas,stddft,S0S1,0.03012503477134583,0.9912888394034558,0.03038976489382718,0.008711160596544204,0.9696102351061728,0.5164035408896476,0.7163097350265608
9ArFDBFxPO,gas,stda,S0T1,0.2843492294738454,0.7143039531384762,0.3980787565636235,0.2856960468615237,0.6019212434363767,1.4327611389120687,0.7177044677591127
PTPC,gas,stddft,S0T1,0.03139760533548746,0.9644676770540102,0.03255433653452462,0.03553232294599,0.9674456634654756,1.3943458702405993,0.6510253331197662
Ph-OBNA,gas,stda,S0T1,0.38537242993128507,0.7507359804116555,0.5133261758947154,0.24926401958834457,0.4866738241052846,1.7230550712376556,0.6123690806494566
Ph-OBNA,gas,stddft,S0T1,0.3769194285604717,0.7475078708598449,0.5042347288288859,0.2524921291401552,0.49576527117111385,1.6722865458670115,0.6184795679629076
Ph-OBNA,gas,stda,S0S1,0.09913911710454465,0.8953972296598812,0.11072082179906105,0.10460277034011878,0.889279178200939,0.22888028465450352,0.6881413485858829
9ArFDBFxPO,gas,stddft,S0T1,0.2829855651853024,0.7113562404919187,0.3978113202319158,0.2886437595080812,0.6021886797680841,1.4169200364811125,0.7205608252735703
Ph-OBNA,gas,stddft,S0S1,0.10439099136281982,0.8962484752238743,0.11647550232846304,0.1037515247761255,0.8835244976715367,0.19627705321758787,0.679755692492087
9ArFDBFxPO,gas,stda,S0S1,0.2955852114807288,0.6212216226533913,0.47581281897145045,0.3787783773466088,0.5241871810285496,0.7573196661414556,0.7903580604472498
9ArFDBFxPO,gas,stddft,S0S1,0.2908414396844606,0.6212701636675371,0.46814004066691317,0.3787298363324628,0.5318599593330869,0.7552455502260035,0.7915338596290773
DBT-BZ-DMAC,gas,stda,S0S1,0.1182641316096829,0.8086175270120137,0.1462547219903704,0.1913824729879863,0.8537452780096295,1.8783347689294998,0.5540811539026631
DBT-BZ-DMAC,gas,stda,S0T1,0.13457308123622105,0.7175182979278439,0.1875535183212208,0.28248170207215617,0.8124464816787791,0.6491493459182615,0.8649721189239641
DBT-BZ-DMAC,gas,stddft,S0S1,0.05684246849623145,0.8635011556402534,0.06582790089503113,0.13649884435974668,0.9341720991049691,2.362003874996032,0.5067583596785636
DBT-BZ-DMAC,gas,stddft,S0T1,0.14474638621663785,0.7498878773799545,0.19302403810336233,0.2501121226200455,0.8069759618966377,0.4697659082477471,0.8982766268589593
PY-TPA,gas,stda,S0T1,0.030087376612886393,0.8709340012477653,0.034546104032889935,0.12906599875223448,0.9654538959671101,2.6067703728992027,0.7909994096435063
PY-TPA,gas,stda,S0S1,0.01242283397544933,0.9614667019765064,0.012920711606456532,0.038533298023493326,0.9870792883935434,0.2848727965048297,0.9015345654283764
PY-TPA,gas,stddft,S0S1,0.014106918424825922,0.9372835390711769,0.01505085476995094,0.062716460928823,0.9849491452300493,0.867887009911764,0.8848270238957426
TPD4PA,gas,stda,S0T1,0.04120584143336002,0.9692143475756172,0.04251468370895653,0.03078565242438259,0.9574853162910434,1.1327341623187757,0.6116436930779935
PY-TPA,gas,stddft,S0T1,0.13737460372728302,0.825148559047682,0.16648469202422092,0.17485144095231786,0.833515307975779,0.04869404444380642,0.7684870558679119
TPD4PA,gas,stddft,S0T1,0.03997024279725503,0.9697211880290153,0.041218283451654424,0.030278811970984698,0.9587817165483454,1.0895611395968816,0.6141034131627153
4-DBFBI,gas,stda,S0S1,0.16433030981968927,0.21042867660366776,0.7809311566844925,0.7895713233963322,0.21906884331550755,0.8888655472182359,0.7330576758957684
4-DBFBI,gas,stda,S0T1,0.1829374466256321,0.6532349899534567,0.2800484503113749,0.3467650100465434,0.7199515496886252,0.9182902890296286,0.8140620369284532
4-DBFBI,gas,stddft,S0S1,0.1539192544966376,0.19305678358623016,0.7972745201563378,0.80694321641377,0.2027254798436621,0.8427519684142694,0.7294770792582955
TPD4PA,gas,stda,S0S1,0.23530003174286301,0.7978053852702872,0.2949341231422574,0.20219461472971273,0.7050658768577425,1.5948893612941581,0.6218456726520964
PXZ-BOO,gas,stda,S0S1,0.3903785245572228,0.8456936577769207,0.46160748749542807,0.1543063422230792,0.538392512504572,3.471115351333505,0.45457848655937605
PXZ-BOO,gas,stda,S0T1,0.3817623245645498,0.8174425635639146,0.46702036519866186,0.1825574364360855,0.5329796348013383,3.208854885683266,0.5048107426714086
PXZ-BOO,gas,stddft,S0S1,0.3912190347947499,0.8462406816512092,0.4623023251864848,0.1537593183487906,0.5376976748135152,3.4789437240088756,0.45326401750402334
TPD4PA,gas,stddft,S0S1,0.1492625869341774,0.8845788807203362,0.16873858305618702,0.11542111927966373,0.8312614169438128,1.3960075159188123,0.6234332775847945
4-DBFBI,gas,stddft,S0T1,0.17958742590300505,0.6607103513526296,0.2718096145086078,0.3392896486473704,0.7281903854913918,0.8854743376172489,0.8387175961621389
PXZ-BOO,gas,stddft,S0T1,0.38115561963241956,0.811468415348906,0.4697109738627776,0.18853158465109385,0.5302890261372226,3.1527997413730464,0.5188521847223116
P3C,gas,stddft,S0T1,0.23682793074652161,0.6526715039734631,0.362859308709992,0.3473284960265371,0.637140691290008,0.10373649078294647,0.9913955452459919
P3C,gas,stda,S0T1,0.236961674825853,0.6545289433431678,0.3620339134515777,0.3454710566568323,0.6379660865484222,0.10967016126855574,0.9912581294280334
P3C,gas,stda,S0S1,0.13452406317744905,0.8496097934769081,0.15833629062457993,0.15039020652309174,0.8416637093754201,0.24435582091902822,0.7526677972787392
P3C,gas,stddft,S0S1,0.13323896450928346,0.8490577974857331,0.15692567090701776,0.15094220251426718,0.8430743290929823,0.29855246260755675,0.7547887708201453
TBTAC,gas,stda,S0T1,0.1455033450637573,0.9219093394944201,0.15782825797550995,0.07809066050557986,0.84217174202449,1.0170951826617496,0.9211289754963641
TBTAC,gas,stddft,S0T1,0.1385680258038066,0.921960636243492,0.1502971172049155,0.07803936375650818,0.8497028827950848,0.9125152440010472,0.9302487487383961
teracridan,gas,stda,S0T1,0.1276943729890976,0.42849327388373115,0.29800788197143707,0.571506726116269,0.701992118028563,0.9027893674942904,0.738571267162518
TBTAC,gas,stda,S0S1,0.03313298235615836,0.9910482897828891,0.03343225824386102,0.008951710217110914,0.966567741756139,0.2747026080419708,0.8355744403236001
teracridan,gas,stddft,S0T1,0.13705663491459655,0.4215565411139335,0.32512040864656977,0.5784434588860666,0.6748795913534301,0.8070740794874673,0.7517667852199937
teracridan,gas,stda,S0S1,0.12916591738579433,0.9557279136592031,0.13514925695876742,0.044272086340797025,0.8648507430412329,1.0318013702055142,0.598431143567315
TBTAC,gas,stddft,S0S1,0.02880133901789066,0.9950757282740463,0.02894386648124403,0.004924271725953768,0.9710561335187561,0.20088114809925545,0.8519613476201406
LEt,gas,stda,S0T1,0.0331248835333176,0.988306906045503,0.03351679860850075,0.011693093954497117,0.9664832013914995,0.7058317466936758,0.9010504842549826
teracridan,gas,stddft,S0S1,0.12427372135391297,0.9574253153855374,0.1297999116556368,0.04257468461446237,0.8702000883443634,1.0153433366889772,0.5978077999752456
LEt,gas,stddft,S0T1,0.03287464335340457,0.9892171062687272,0.03323299116551465,0.010782893731272992,0.9667670088344852,0.644758803145304,0.9120784114273666
t-BuPCz,gas,stda,S0T1,0.23464739393686532,0.8694158185221986,0.26989087262722045,0.13058418147780138,0.7301091273727796,2.0967098139386047,0.6710974531307612
t-BuPCz,gas,stda,S0S1,0.09580916903248175,0.7624922247300506,0.12565265051247126,0.23750777526994946,0.8743473494875286,2.4364279906650084,0.7624409009298503
t-BuPCz,gas,stddft,S0S1,0.09532995818319435,0.7596545761473661,0.12549119188706265,0.24034542385263383,0.8745088081129372,2.4980798248509353,0.7681188114945814
t-BuPCz,gas,stddft,S0T1,0.2056306945711344,0.9154339505220801,0.22462646753909596,0.08456604947791983,0.7753735324609038,1.7501405087615698,0.754903717830889
2CzP-INN,gas,stda,S0T1,0.30856596035568495,0.3348871653743336,0.9214027656472679,0.6651128346256663,0.07859723435273218,1.2575485089934133,0.6712063666481438
LEt,gas,stda,S0S1,0.03629658457508703,0.9810895745307742,0.03699619842810643,0.018910425469225764,0.9630038015718936,1.2168181699065186,0.6718260130463273
Pra-2DMAC,gas,stda,S0T1,0.34614094005976903,0.6719745297959804,0.5151102083658761,0.32802547020401956,0.4848897916341238,0.7162275552009306,0.7720924404461399
LEt,gas,stddft,S0S1,0.035818442586691944,0.9818758233698617,0.03647960539832901,0.018124176630138128,0.963520394601671,1.2191337114509295,0.6703256421189918
2CzP-INN,gas,stddft,S0T1,0.30442175478343114,0.32955027837242346,0.9237490445673523,0.6704497216275765,0.0762509554326475,1.2307213503118504,0.673463043104288
Pra-2DMAC,gas,stda,S0S1,0.06659217570801573,0.8326303116355477,0.07997808244238402,0.16736968836445215,0.9200219175576162,1.0252317077069029,0.6971515836709344
2CzP-INN,gas,stda,S0S1,0.00011524858886554403,0.00011528736154267959,0.9996636866642038,0.9998847126384574,0.00033631333579616787,1.5130777122278745,0.7594828221021406
Pra-2DMAC,gas,stddft,S0T1,0.34463996073251535,0.6693883149431625,0.5148580473230677,0.33061168505683747,0.48514195267693233,0.7020824419634136,0.7764402048900602
Pra-2DMAC,gas,stddft,S0S1,0.2522260661361498,0.8322937377791124,0.3030493378565941,0.1677062622208878,0.6969506621434058,1.325293456295308,0.6523866003374147
2CzP-INN,gas,stddft,S0S1,8.858059120990624e-05,8.860846596584584e-05,0.9996854165610953,0.9999113915340341,0.0003145834389046914,1.5177109343896484,0.7614119566544549
4-DPM,gas,stda,S0S1,0.1595099116704382,0.7953996133940322,0.20054059492158535,0.2046003866059678,0.7994594050784146,0.10460751794627844,0.7198458062389937
4-DPM,gas,stddft,S0S1,0.1569236148307702,0.7909828713430017,0.19839066118376394,0.20901712865699823,0.8016093388162362,0.16585843177236564,0.7172605846873508
4-DPM,gas,stda,S0T1,0.10197008295508636,0.8274036263406815,0.12324103945019503,0.17259637365931846,0.876758960549805,0.43010648096304865,0.7897684860449937
4-DPM,gas,stddft,S0T1,0.09667330095409842,0.8319411355900428,0.1162020926943758,0.16805886440995738,0.8837979073056242,0.4430213896273353,0.7971737349883243
3-AcBPtCN,gas,stda,S0T1,0.2486475131504281,0.731420116283259,0.339951701648487,0.2685798837167411,0.6600482983515129,3.5295479996322934,0.567066079239732
3-AcBPtCN,gas,stda,S0S1,0.22698362642161696,0.7127915497556758,0.31844320615111155,0.28720845024432423,0.6815567938488886,4.621881047751188,0.4113151248728985
3-AcBPtCN,gas,stddft,S0S1,0.2281831857574341,0.7143509205271867,0.31942729994529334,0.28564907947281337,0.6805727000547068,4.609469364347302,0.41332962601537276
3-AcBPtCN,gas,stddft,S0T1,0.25224051016960564,0.7309085347024001,0.34510543822327777,0.2690914652975999,0.6548945617767221,3.3184728061312363,0.6002050458961923
DCA,gas,stda,S0T1,0.20758725053319557,0.6994010873626901,0.29680716013177505,0.3005989126373098,0.7031928398682249,0.07919665586669683,0.992394343456549
DCA,gas,stddft,S0S1,0.21170385962480473,0.6734838445611607,0.31434140749545386,0.3265161554388393,0.6856585925045461,0.1436405666802768,0.9875049880555447
DCA,gas,stda,S0S1,0.21051242311344276,0.6743239793050748,0.3121829114402643,0.3256760206949253,0.6878170885597359,0.15337817864373837,0.9865499871908562
DCA,gas,stddft,S0T1,0.2063792174902425,0.702739312987841,0.2936782013984371,0.29726068701215885,0.7063217986015629,0.07657236027850975,0.9924689183289097
BZC-PXZ,gas,stda,S0S1,0.10346690089471475,0.564055982436,0.18343374437386542,0.435944017564,0.8165662556261344,2.170838228932143,0.5110745081366165
BZC-PXZ,gas,stddft,S0S1,0.10295658775972487,0.5627075213152913,0.18296643257774609,0.4372924786847088,0.8170335674222539,2.181220202912632,0.5086375975231082
BZC-PXZ,gas,stda,S0T1,0.105313200261703,0.5877135915169306,0.17919136426619323,0.4122864084830698,0.8208086357338066,2.0339582733810277,0.5633582315937675
BZC-PXZ,gas,stddft,S0T1,0.1060401495204322,0.5927207701259462,0.17890405544232899,0.4072792298740536,0.8210959445576709,1.9978851069555004,0.5768705118488072
tDPAC-BN,gas,stddft,S0T1,0.07746715578862741,0.8244157193544488,0.09396613137033263,0.1755842806455513,0.9060338686296676,1.4732279951233365,0.588699457060656
tDPAC-BN,gas,stda,S0T1,0.07504792327830624,0.8240451243967476,0.0910725894206898,0.17595487560325238,0.9089274105793101,1.5824761190761252,0.5858722961701488
tDPAC-BN,gas,stda,S0S1,0.055081804085451325,0.8224715468426992,0.06697107553069666,0.17752845315730073,0.9330289244693033,2.570028581514674,0.5650134462611591
tDPAC-BN,gas,stddft,S0S1,0.055495411834682366,0.8203449998909417,0.06764886949034862,0.1796550001090583,0.9323511305096516,2.5713686355220036,0.5669750700125923
TPA-DPPI,gas,stda,S0T1,0.05256837721476248,0.9714589284165789,0.054112814939532086,0.028541071583421212,0.9458871850604679,0.8011142840470582,0.8440017798294184
TPA-DPPI,gas,stddft,S0T1,0.05026526758336212,0.9722047091275732,0.051702349424401196,0.027795290872426805,0.9482976505755988,0.8249361178778427,0.8538512586987791
TPA-DPPI,gas,stddft,S0S1,0.06422304029561404,0.9469199693404783,0.06782309210391332,0.0530800306595219,0.9321769078960866,0.8271370082421021,0.6924880294553852
mCBP,gas,stda,S0T1,0.22699251961972242,0.8264828233002482,0.2746488048152207,0.1735171766997517,0.7253511951847792,0.5355421735894752,0.7188320497604792
mCBP,gas,stddft,S0T1,0.22153009818750574,0.8311957595466821,0.26651976461997823,0.1688042404533176,0.7334802353800219,0.533308329041173,0.7222675966263609
TPA-DPPI,gas,stda,S0S1,0.05490410022590167,0.9606635560444952,0.05715226718078881,0.03933644395550502,0.9428477328192111,0.8164427673039417,0.683728134616008
CzBPDCb,gas,stda,S0T1,0.022170526182260564,0.9974344377356849,0.02222755235180244,0.002565562264315025,0.9777724476481974,0.5820920657677451,0.7367354291665201
CzBPDCb,gas,stddft,S0T1,0.021921605927468432,0.997502032581538,0.021976502514721954,0.002497967418461977,0.9780234974852777,0.5678682270658792,0.7401231109982613
mCBP,gas,stda,S0S1,0.10719196694253846,0.8848362549658263,0.12114328085107495,0.11516374503417402,0.878856719148925,0.8961668238180814,0.7953322020461732
mCBP,gas,stddft,S0S1,0.050701721312433584,0.9657577860139644,0.05249941760417809,0.034242213986035684,0.9475005823958218,0.9284563759564259,0.7994527406782249
CzBPDCb,gas,stda,S0S1,0.023689221631321658,0.9995600400927729,0.023699648526488686,0.000439959907227495,0.9763003514735112,0.8482009812242362,0.8130704785439837
26DAcBPy,gas,stddft,S0S1,0.10977546616008009,0.6898627228621165,0.15912653709515048,0.3101372771378834,0.8408734629048495,4.495173319091872,0.4845004980684476
26DAcBPy,gas,stda,S0S1,0.11007019540494738,0.6906292025253942,0.15937668868107288,0.30937079747460555,0.8406233113189271,4.471172321252454,0.4867194552051049
26DAcBPy,gas,stda,S0T1,0.11377486051688603,0.7203728837387567,0.1579388440142154,0.27962711626124354,0.8420611559857846,3.8594819162392233,0.5697775782584844
CzBPDCb,gas,stddft,S0S1,0.02197591509760305,0.999566201740413,0.02198545234856809,0.0004337982595872245,0.9780145476514319,0.8707849474469912,0.8123196501140446
26DAcBPy,gas,stddft,S0T1,0.11447936893208432,0.7251361289910009,0.1578729349637812,0.27486387100899906,0.8421270650362185,3.747858052364534,0.5849794359347433
XCBP,gas,stda,S0T1,0.030123302358396727,0.9954324011486517,0.03026152486460836,0.004567598851348269,0.9697384751353915,0.607722520959082,0.6916502285993132
TDBA-TPDICz,gas,stda,S0T1,0.12475762240710334,0.714132097805645,0.17469824251066896,0.2858679021943548,0.825301757489331,1.7288063505131213,0.6711549644075085
XCBP,gas,stda,S0S1,0.02747414278253745,0.999845864077726,0.027478378187702004,0.00015413592227381227,0.9725216218122977,0.8303480121614724,0.7674311339445268
TDBA-TPDICz,gas,stddft,S0T1,0.12405998916441306,0.7203521544421063,0.1722213064809867,0.2796478455578935,0.8277786935190133,1.6756134471601072,0.6704771277605542
XCBP,gas,stddft,S0T1,0.02979322788515038,0.9955721228753587,0.029925735364207624,0.004427877124641331,0.9700742646357924,0.6137843606751104,0.6946888219903286
XCBP,gas,stddft,S0S1,0.025836225182151687,0.9998394457174502,0.025840373964854432,0.00016055428255010878,0.9741596260351455,0.8347412352612718,0.7691450637545317
TDBA-TPDICz,gas,stda,S0S1,0.1384979745407726,0.8376759760575369,0.1653359753643689,0.16232402394246323,0.8346640246356312,1.0760850065792111,0.7796583230198083
TDBA-TPDICz,gas,stddft,S0S1,0.1270321790621179,0.8475367359509232,0.14988397986028268,0.15246326404907665,0.8501160201397173,1.1419859295386627,0.775120201344591
TPXZ–as-TAZ,gas,stda,S0T1,0.1486910268477059,0.9484754487510357,0.15676845093197098,0.05152455124896391,0.8432315490680291,4.511309422965158,0.5344678649165406
PTZ-mPYR,gas,stda,S0S1,0.2676694015165342,0.40837821024010657,0.6554448665592554,0.5916217897598939,0.34455513344074434,1.0852710204029181,0.6393156714023882
PTZ-mPYR,gas,stda,S0T1,0.27029002680460834,0.44286069706212433,0.610327420332566,0.557139302937876,0.3896725796674335,1.2907266805393043,0.6948591683089143
TPXZ–as-TAZ,gas,stddft,S0T1,0.1483162693973303,0.9461202406984961,0.15676260058428962,0.053879759301504224,0.8432373994157102,4.417986648202211,0.550054548955717
TPXZ–as-TAZ,gas,stda,S0S1,0.09449248597571885,0.17486274477889677,0.5403808918543445,0.8251372552211033,0.4596191081456556,0.7914482678372514,0.5730113006586819
PTZ-mPYR,gas,stddft,S0S1,0.26517349479687974,0.40538299468959604,0.6541307806952399,0.594617005310404,0.3458692193047601,1.0909100806974428,0.6309535102008972
PTZ-mPYR,gas,stddft,S0T1,0.2718458440804549,0.4468902500340486,0.6083056053689759,0.553109749965951,0.39169439463102407,1.2918492085024258,0.7025234046298577
TPXZ–as-TAZ,gas,stddft,S0S1,0.06638401597661993,0.11941873820731089,0.5558927934858707,0.8805812617926889,0.44410720651412944,0.8960193633947363,0.5517573164364935
TPACzPI,gas,stda,S0T1,0.17988159622127464,0.3496269500344488,0.514495796744361,0.6503730499655511,0.48550420325563903,1.7938865919193534,0.6660266927331209
TPACzPI,gas,stddft,S0T1,0.18135180808745394,0.3528890424667533,0.5139060335219664,0.6471109575332468,0.4860939664780339,1.7614676616124898,0.6688934871871385
DPS-PXZ,gas,stda,S0S1,0.2987129686166887,0.3604453644327264,0.8287330011493061,0.6395546355672734,0.17126699885069382,1.4843971025023937,0.7170771725334131
DPS-PXZ,gas,stda,S0T1,0.03494641780480589,0.9812069838380392,0.03561574507767083,0.018793016161960784,0.9643842549223292,0.49767563483450455,0.7499954342369928
DPS-PXZ,gas,stddft,S0S1,0.04249169223386032,0.9840136656993338,0.04318201435105241,0.01598633430066608,0.9568179856489477,0.3711257401086934,0.7053439683275413
TPACzPI,gas,stda,S0S1,0.23322975160137982,0.5712424740737203,0.40828503164013835,0.42875752592627975,0.5917149683598617,0.3420555086829418,0.7619195853589216
TPACzPI,gas,stddft,S0S1,0.23772126288063827,0.5686318515892289,0.418058295918964,0.4313681484107711,0.5819417040810361,0.3014821816056561,0.7680248518315154
DPS-PXZ,gas,stddft,S0T1,0.036803470328039295,0.9796579817670709,0.03756767260922486,0.02034201823292883,0.9624323273907753,0.49338613699792927,0.7559749538571294
NIDPA-1,gas,stda,S0T1,0.1826592906351742,0.6311626029448931,0.2894013203300041,0.36883739705510704,0.710598679669996,1.854558781891354,0.7430403344784353
NIDPA-1,gas,stda,S0S1,0.20599539828819305,0.6874989294905488,0.2996301367928529,0.31250107050945125,0.7003698632071471,1.0609265319209646,0.6420369535318584
NIDPA-1,gas,stddft,S0T1,0.18178727869373695,0.6256507487814947,0.29055711840476867,0.37434925121850526,0.7094428815952312,1.8631394184316685,0.7528186749206274
dpmb,gas,stda,S0T1,0.16946482819545095,0.710723872775697,0.23843975795214872,0.2892761272243029,0.7615602420478512,0.25491407414877093,0.9525322053289831
dpmb,gas,stddft,S0T1,0.1751369533268832,0.7151610224162327,0.24489163676058298,0.2848389775837672,0.7551083632394171,0.2080061317923038,0.9598296792727371
APPT-PXZ,gas,stda,S0S1,0.13012296713645927,0.9845528486671975,0.13216453267349587,0.015447151332802748,0.8678354673265044,3.6441091393567278,0.44615836875146964
APPT-PXZ,gas,stda,S0T1,0.12952336014672797,0.9802754298269848,0.13212955890324457,0.01972457017301512,0.8678704410967553,3.357849757509589,0.48790872145034003
NIDPA-1,gas,stddft,S0S1,0.22082823422881015,0.7996929111973501,0.276141292659669,0.20030708880265002,0.723858707340331,2.0077337391097076,0.6939981079277766
dpmb,gas,stddft,S0S1,0.21901057391856651,0.6402441393748084,0.3420735317193657,0.3597558606251913,0.6579264682806344,0.9759368406884081,0.6881574980854432
dpmb,gas,stda,S0S1,0.2195755440450247,0.6413929074659867,0.3423417089417517,0.35860709253401357,0.6576582910582481,0.9644125986811359,0.688338583883219
APPT-PXZ,gas,stddft,S0S1,0.1309139046949822,0.9844180730611326,0.13298608414196844,0.015581926938867488,0.8670139158580316,3.6584220759887103,0.44473438788038994
APPT-PXZ,gas,stddft,S0T1,0.12903761928543092,0.9789751782077634,0.13180887744433278,0.021024821792236737,0.8681911225556671,3.2668232813030147,0.5051500245997012
NyDPAc,gas,stda,S0S1,0.18962850339956955,0.5144799141798824,0.3685829090176453,0.48552008582011746,0.6314170909823545,0.7645652819690337,0.7590725663371886
NyDPAc,gas,stda,S0T1,0.2441791094715608,0.6967464792337316,0.35045617990076433,0.30325352076626844,0.6495438200992355,0.5750521341552239,0.8155211821010017
NyDPAc,gas,stddft,S0T1,0.24262044394090307,0.6962091882899714,0.3484878510966327,0.30379081171002875,0.6515121489033673,0.5484226675723166,0.8257306552934258
NyDPAc,gas,stddft,S0S1,0.19058101860758836,0.5169382189830622,0.36867271872933977,0.4830617810169378,0.6313272812706598,0.7484905119688968,0.764067663887614
pCbz-PYR,gas,stda,S0S1,0.18385637379024655,0.7330476303735038,0.25081095166567513,0.2669523696264961,0.7491890483343249,0.14057003843008412,0.7044956426933879
pCbz-PYR,gas,stda,S0T1,0.29603480296100104,0.6315046962938,0.46877688273481083,0.36849530370620004,0.5312231172651892,1.802816328994663,0.7044985177127571
DDPhCz-DPPZ,gas,stda,S0S1,0.01877293709362121,0.6565784133029422,0.02859207173623521,0.34342158669705775,0.9714079282637649,4.494610999939199,0.6562962661492033
DDPhCz-DPPZ,gas,stda,S0T1,0.02009910640247122,0.7628149642580473,0.02634860004617324,0.23718503574195268,0.9736513999538265,3.452357657334454,0.7382149125282395
pCbz-PYR,gas,stddft,S0T1,0.29477877960553955,0.6285885934010879,0.46895343424955854,0.3714114065989121,0.5310465657504415,1.7783082156911088,0.7055704736910775
DDPhCz-DPPZ,gas,stddft,S0S1,0.01929898151099088,0.6495080146469716,0.02971323074662981,0.35049198535302845,0.9702867692533703,4.634704272927437,0.6382777318595048
pCbz-PYR,gas,stddft,S0S1,0.026148881402471746,0.9981575077053652,0.026197149448471953,0.001842492294634605,0.9738028505515282,0.021346290996159846,0.7659913817168236
s-triazine,gas,stda,S0T1,0.034218023424897784,0.9878087579016074,0.034640332099896344,0.012191242098392695,0.9653596679001035,0.23712431844897638,0.6991128171921741
s-triazine,gas,stddft,S0T1,0.03433930552696304,0.9926699051108738,0.03459287458012299,0.007330094889126351,0.965407125419877,0.2520712286636228,0.8117289803053513
s-triazine,gas,stda,S0S1,0.052203673235469615,0.9924189264942753,0.05260245632343928,0.007581073505724574,0.9473975436765607,0.16720135161308947,0.5974131775280241
DDPhCz-DPPZ,gas,stddft,S0T1,0.020016327712210666,0.7829058307957351,0.02556671176131916,0.21709416920426505,0.9744332882386808,3.214819657594261,0.763918859273772
s-triazine,gas,stddft,S0S1,0.05182360729807163,0.9927070684358805,0.0522043299034079,0.007292931564119555,0.947795670096592,0.1661894074251891,0.599168309234607
oPTBC,toluene,stda,S0S1,0.03388109961841721,0.5037917547450502,0.06725219160357863,0.49620824525494983,0.9327478083964212,2.290397918179827,0.47248840261616853
oPTBC,toluene,stda,S0T1,0.03489011056180142,0.5218900734734371,0.06685337072918525,0.47810992652656303,0.9331466292708146,2.318878881277271,0.5112052752750531
PPINCN-Cz,toluene,stda,S0S1,0.21013313890301982,0.8750736357618971,0.2401319504044525,0.1249263642381028,0.7598680495955474,2.1704599131180156,0.6311343859956267
PPINCN-Cz,toluene,stda,S0T1,0.025727557172376347,0.9835254840771979,0.026158505894247848,0.01647451592280201,0.9738414941057523,0.2633436799693581,0.9876967177486154
oPTBC,toluene,stddft,S0T1,0.035468979267180914,0.5257987999467143,0.06745732259331026,0.47420120005328575,0.93254267740669,2.3051396726304847,0.5210418004646098
oPTBC,toluene,stddft,S0S1,0.033603661594263826,0.5025003833513975,0.06687290737998275,0.49749961664860254,0.9331270926200174,2.2948783838017786,0.4704470802908065
PPINCN-Cz,toluene,stddft,S0S1,0.19227889016569333,0.8770304166015367,0.2192385651922627,0.12296958339846334,0.7807614348077373,1.969719823073547,0.6852295819865604
PmPmP,toluene,stda,S0S1,0.12452731175202325,0.9440740843955139,0.13190417342274308,0.055925915604486134,0.868095826577257,0.43662742229588974,0.6576817718217834
PmPmP,toluene,stda,S0T1,0.1504877747025263,0.9436108344736229,0.1594807617766209,0.05638916552637707,0.8405192382233793,0.6160092245952962,0.7012219999453844
PPINCN-Cz,toluene,stddft,S0T1,0.02501854796322481,0.9854871828299647,0.025386984629653466,0.01451281717003532,0.9746130153703466,0.2741138020025666,0.9882552101419853
PmPmP,toluene,stddft,S0S1,0.12396598032559276,0.944383467975304,0.13126657182105025,0.05561653202469604,0.8687334281789499,0.4376561255706893,0.6501952335187994
PmPmP,toluene,stddft,S0T1,0.15096385860360556,0.9433896675203401,0.1600228026669061,0.05661033247965978,0.8399771973330943,0.6239851385727898,0.7097008060615183
DMAC-11-DPPZ,toluene,stda,S0S1,0.27845804416257286,0.6924568627652129,0.4021305284643961,0.3075431372347872,0.5978694715356039,3.8758307695662415,0.38448857897129596
DMAC-11-DPPZ,toluene,stda,S0T1,0.27630405082992765,0.6950509987477342,0.39753061477178164,0.3049490012522656,0.6024693852282184,3.102301970148407,0.5563048307782035
DMAC-11-DPPZ,toluene,stddft,S0S1,0.27848151817229827,0.6935205393078878,0.4015476145093183,0.3064794606921123,0.5984523854906817,3.8597453932574024,0.3880102793702244
DMAC-11-DPPZ,toluene,stddft,S0T1,0.2753565889986685,0.6957026262623768,0.39579639145248924,0.304297373737623,0.6042036085475108,2.8946115429954626,0.5919094519195718
DBP-3TPA,toluene,stda,S0S1,0.20664340744746898,0.4940637260887338,0.41825253815609176,0.5059362739112663,0.5817474618439084,0.9999344920617524,0.8724935360176098
DBP-3TPA,toluene,stda,S0T1,0.2840109298869444,0.7586095692461448,0.37438353192561935,0.2413904307538552,0.6256164680743806,1.0059556664885045,0.8622552931212749
DBP-3TPA,toluene,stddft,S0S1,0.2067414709219753,0.49432846014250437,0.41822692317245125,0.5056715398574955,0.5817730768275489,0.9962844552646626,0.873660279051307
DBP-3TPA,toluene,stddft,S0T1,0.2788322934197792,0.7494703036791228,0.3720391482504397,0.25052969632087707,0.6279608517495605,0.8886663427999654,0.8728629965964634
5-Cz-Sac,toluene,stddft,S0T1,0.1612536782620464,0.8113924724986159,0.19873696605229657,0.18860752750138415,0.8012630339477034,0.5015111382594303,0.696799413755881
5-Cz-Sac,toluene,stda,S0T1,0.1637316775666928,0.811975250571853,0.20164614309534784,0.18802474942814706,0.7983538569046522,0.5062336739731933,0.6952018304300975
5-Cz-Sac,toluene,stda,S0S1,0.23484768001392778,0.9068069207946866,0.2589831138563845,0.09319307920531336,0.7410168861436154,1.0570714168647655,0.7575743551304457
5-Cz-Sac,toluene,stddft,S0S1,0.23521052739740614,0.9067880586452914,0.2593886467239127,0.09321194135470857,0.7406113532760874,1.060278318775782,0.7609461383678122
3CzPhpPM,toluene,stda,S0T1,0.040691691565798466,0.953106298677472,0.042693759995356406,0.04689370132252793,0.9573062400046434,1.0640464868721171,0.6647436112656515
3CzPhpPM,toluene,stddft,S0T1,0.03982560382674235,0.9541306153808573,0.04174020116820724,0.045869384619142674,0.958259798831793,1.0628421436521047,0.6669837450110367
3CzPhpPM,toluene,stda,S0S1,0.033865034002503194,0.9994801708043614,0.03388264719173898,0.0005198291956383958,0.9661173528082609,0.6443969538500471,0.7544219778167414
CZ-DPS-DMAC,toluene,stda,S0T1,0.045720404264408265,0.9760390480392707,0.046842802402480024,0.023960951960729136,0.9531571975975197,1.1263014919886725,0.7150679687874547
CZ-DPS-DMAC,toluene,stddft,S0T1,0.04306242176544302,0.977805056064958,0.044039884533571355,0.02219494393504208,0.9559601154664285,1.1196665692587904,0.7175879429219063
3CzPhpPM,toluene,stddft,S0S1,0.03042590380864602,0.9994700762580656,0.03044203576615132,0.0005299237419343597,0.9695579642338487,0.6314555979350907,0.7601460406292666
TPTI,toluene,stda,S0S1,0.2533159684422625,0.5094223366943732,0.4972612117600153,0.4905776633056268,0.5027387882399847,1.1590918392121452,0.7122603915864384
TPTI,toluene,stda,S0T1,0.22054663975851585,0.5635395295442701,0.3913596619155894,0.4364604704557297,0.6086403380844105,0.9812721155047236,0.7626392695702483
TPTI,toluene,stddft,S0T1,0.2199707985986922,0.5642169839050796,0.389869154728775,0.43578301609492054,0.610130845271225,0.9626382825646986,0.7702994164606032
CZ-DPS-DMAC,toluene,stda,S0S1,0.2097783539496147,0.3756153429829824,0.5584925053477352,0.6243846570170175,0.4415074946522647,0.5398840208435008,0.8033391970401021
TPTI,toluene,stddft,S0S1,0.25189242699414666,0.5088025046504775,0.4950691568768602,0.49119749534952256,0.5049308431231397,1.182568201264685,0.7171306764076103
"[2,1-b]IF",toluene,stda,S0S1,0.038957752670686054,0.9885903256890559,0.03940737801933492,0.011409674310943797,0.960592621980665,2.5602090195729867,0.5963592205563948
"[2,1-b]IF",toluene,stda,S0T1,0.035451300962458576,0.9891661615181623,0.03583958119639705,0.010833838481837655,0.964160418803603,2.1093808661548192,0.7210687534089162
"[2,1-b]IF",toluene,stddft,S0S1,0.039202245425528665,0.9883177622339521,0.039665628731509944,0.011682237766048298,0.9603343712684898,2.6493819427455385,0.565197809186939
"[2,1-b]IF",toluene,stddft,S0T1,0.03421607166419969,0.9896031255685376,0.03457554930876172,0.010396874431462451,0.9654244506912385,1.9385319904272122,0.7669811026710252
CZ-DPS-DMAC,toluene,stddft,S0S1,0.025496220762491913,0.9998174536787351,0.025500875853568014,0.000182546321264993,0.9744991241464322,1.0379296803315428,0.7841355754500628
TPBPPI-PY,toluene,stda,S0T1,0.013737177837886244,0.9975872397833664,0.013770402517246889,0.0024127602166339273,0.986229597482753,1.1236876444191193,0.8702446422840312
TPBPPI-PY,toluene,stddft,S0T1,0.013445162192839071,0.9977022205453764,0.013476127361418028,0.00229777945462344,0.9865238726385821,1.1211321620292207,0.8791832924113689
9CzFDBFSPO,toluene,stda,S0T1,0.0681317372556727,0.9559306483119644,0.07127267796673695,0.04406935168803558,0.9287273220332631,1.103830479496509,0.7188102943156951
TPBPPI-PY,toluene,stda,S0S1,0.019291813520141577,0.9991731408560597,0.01930777833320556,0.0008268591439400864,0.9806922216667946,0.9416623877532788,0.7428776098488014
TPBPPI-PY,toluene,stddft,S0S1,0.018698592373342617,0.9992433074873632,0.018712752172802605,0.0007566925126367937,0.9812872478271973,0.9221796795984573,0.7453888456403984
9CzFDBFSPO,toluene,stddft,S0T1,0.06820783978235016,0.9564049917093856,0.07131690065778733,0.04359500829061416,0.9286830993422128,1.077649445492352,0.7218794960838262
SPAC-FO,toluene,stda,S0S1,0.11429498834201199,0.9130897359469381,0.1251738836199709,0.08691026405306196,0.8748261163800292,2.077046884698583,0.41378966348165
9CzFDBFSPO,toluene,stda,S0S1,0.18823812457134184,0.9371918924953785,0.2008533429265342,0.06280810750462142,0.7991466570734659,0.6389922147520467,0.7890828249839829
9CzFDBFSPO,toluene,stddft,S0S1,0.18902952711564164,0.9393180960056894,0.20124122799237193,0.060681903994310345,0.7987587720076281,0.6391686786463898,0.7906780371462855
SPAC-FO,toluene,stda,S0T1,0.10922475008949777,0.9145316902058562,0.11943243876536619,0.08546830979414373,0.8805675612346336,1.8044244817619317,0.4919371567790597
SPAC-FO,toluene,stddft,S0S1,0.11445188211869826,0.9156130491289672,0.12500027410878164,0.08438695087103273,0.8749997258912183,2.1014427358689987,0.41828276673204884
oTPAPO-DTPZ,toluene,stda,S0S1,0.03687613769329174,0.17067146804147623,0.21606504072684357,0.8293285319585239,0.7839349592731568,2.244021458444244,0.7656852072628055
SPAC-FO,toluene,stddft,S0T1,0.10283510262326429,0.9314412288715253,0.11040428471032224,0.0685587711284747,0.8895957152896777,1.890391098660712,0.5201798436542988
oTPAPO-DTPZ,toluene,stda,S0T1,0.08758440256079211,0.29480028932073704,0.29709741046251814,0.705199710679263,0.702902589537482,1.4945524669151846,0.8699832234210961
DCE,toluene,stda,S0S1,0.3004935113097946,0.8865159068248052,0.33896008971351566,0.11348409317519498,0.6610399102864846,1.6628278216623409,0.7168586293147995
oTPAPO-DTPZ,toluene,stddft,S0T1,0.09703608212212311,0.3138709344684863,0.3091591844477268,0.6861290655315138,0.6908408155522732,1.3823973308032331,0.8812541251494561
oTPAPO-DTPZ,toluene,stddft,S0S1,0.03699355413942506,0.1762527385506166,0.20988924452258187,0.8237472614493836,0.7901107554774183,2.2415987091543026,0.7618107356057038
DCE,toluene,stda,S0T1,0.10589183572196052,0.8898883526270048,0.1189945181430472,0.1101116473729952,0.8810054818569527,0.24218138772827597,0.9782124501859659
DCE,toluene,stddft,S0T1,0.10465950139874199,0.892072058258491,0.11732180201121753,0.10792794174150892,0.8826781979887823,0.23197526206544664,0.9784945923662624
DCE,toluene,stddft,S0S1,0.3000894246229062,0.8862073555221924,0.3386221325663454,0.11379264447780733,0.6613778674336545,1.6503168124049201,0.7194860569489323
BTPBFCz-D3,toluene,stda,S0T1,0.16256670670006315,0.26996991126830716,0.6021660189327458,0.7300300887316928,0.3978339810672542,2.584752803811512,0.6745167969434455
DCPDAPM,toluene,stda,S0S1,0.14644171859445265,0.7767119454008883,0.18854057731643223,0.22328805459911144,0.8114594226835675,2.0520327174077186,0.6524996728353034
BTPBFCz-D3,toluene,stddft,S0T1,0.16530779018204625,0.27308819186795447,0.6053274916477422,0.7269118081320458,0.394672508352258,2.5775128238124516,0.6775884072387195
DCPDAPM,toluene,stda,S0T1,0.12470374251854281,0.7921642456882694,0.1574215741209001,0.2078357543117308,0.8425784258790999,1.817267809035326,0.702002117519067
DCPDAPM,toluene,stddft,S0S1,0.14480549905456414,0.7759946051632302,0.18660632186238504,0.2240053948367699,0.8133936781376151,2.1151690344199414,0.6461045835515655
DCPDAPM,toluene,stddft,S0T1,0.12318449682758763,0.7943534751387852,0.15507516575799646,0.20564652486121457,0.8449248342420038,1.7480900287431131,0.7114341199631061
PXZ2PTO,toluene,stda,S0S1,0.3405844925515364,0.49913348763751736,0.6823515171534172,0.5008665123624826,0.31764848284658276,1.0705662251886419,0.6590398927284034
BTPBFCz-D3,toluene,stda,S0S1,0.22865099560372887,0.4024538895430148,0.5681420941498699,0.5975461104569851,0.4318579058501301,0.7978151434980079,0.7167447244204458
PXZ2PTO,toluene,stda,S0T1,0.3136130421536997,0.49206523189340595,0.6373403805567721,0.507934768106594,0.36265961944322805,1.027125199005507,0.7020220734776788
PXZ2PTO,toluene,stddft,S0S1,0.34193431206523167,0.5006788771982241,0.6829413574998017,0.49932112280177576,0.31705864250019833,1.081200223136831,0.6528463059536738
PXZ2PTO,toluene,stddft,S0T1,0.3116296207749992,0.49124708774586984,0.6343643118678606,0.5087529122541303,0.3656356881321395,1.0195798218771566,0.710476954449764
PTZ-2PTO,toluene,stda,S0S1,0.14980468331972108,0.5086392503089913,0.29452049410012465,0.49136074969100885,0.7054795058998754,1.1019870048281917,0.5876482214685775
PTZ-2PTO,toluene,stddft,S0S1,0.15897609695654327,0.5035376985184703,0.3157183611560552,0.49646230148152964,0.6842816388439449,1.0152474593352248,0.5866535231857736
PTZ-2PTO,toluene,stda,S0T1,0.23196597155336965,0.523779421702302,0.4428695781889863,0.476220578297698,0.5571304218110136,0.5521739385924392,0.6650762695889221
PyDCN–DMAC,toluene,stda,S0S1,0.14093930208581945,0.6958516213514102,0.20254217675328812,0.3041483786485899,0.7974578232467117,4.395707120202802,0.33767664738754455
BTPBFCz-D3,toluene,stddft,S0S1,0.02554225522530411,0.9905025842665659,0.02578716666773494,0.009497415733433897,0.9742128333322653,0.8617743003226045,0.6749814645093638
PyDCN–DMAC,toluene,stda,S0T1,0.3439765230911182,0.6711852728923061,0.5124911659769245,0.32881472710769394,0.4875088340230757,0.6845579610622318,0.7741010539252753
PyDCN–DMAC,toluene,stddft,S0S1,0.14343750806230887,0.6956753203317627,0.20618455746554948,0.30432467966823745,0.7938154425344507,4.329194929806668,0.3491507105819003
PTZ-2PTO,toluene,stddft,S0T1,0.16521746469960824,0.7095704183506596,0.2328415340138378,0.2904295816493402,0.7671584659861623,0.4626232422876135,0.7843262865739901
PyDCN–DMAC,toluene,stddft,S0T1,0.34252044000128307,0.668526586291057,0.5123512617524528,0.33147341370894295,0.48764873824754695,0.668677036743022,0.7788283483363467
CPTBF,toluene,stda,S0T1,0.027880751369994523,0.9963705398763545,0.02798231205576834,0.0036294601236455644,0.9720176879442316,0.8030641193309647,0.7546241178832911
DPIBPZ-DPXZ,toluene,stda,S0S1,0.09435880651456335,0.9892543820757507,0.09538376399866982,0.010745617924249398,0.9046162360013302,2.3228130248542502,0.5401140752452933
CPTBF,toluene,stddft,S0T1,0.027762148617745893,0.9965110790850005,0.027859347678539793,0.0034889209149996368,0.97214065232146,0.8016513826643928,0.7576097811586273
DPIBPZ-DPXZ,toluene,stddft,S0S1,0.09816822090536362,0.9859121099541854,0.09957096572221373,0.014087890045815149,0.9004290342777863,2.306174448923502,0.5638544471166865
DPIBPZ-DPXZ,toluene,stda,S0T1,0.1460839410232537,0.9773527546587052,0.1494690021866943,0.022647245341294704,0.8505309978133058,2.328263380041527,0.5558454532104731
DPIBPZ-DPXZ,toluene,stddft,S0T1,0.14111670109439883,0.9767545415932962,0.14447509080859477,0.02324545840670347,0.855524909191405,2.2811032800834687,0.568402416611121
CPTBF,toluene,stda,S0S1,0.13225313108073053,0.9608876669172044,0.13763641228223425,0.03911233308279581,0.8623635877177658,0.4323547681737916,0.7894700362605171
FTAT-FBO,toluene,stddft,S0T1,0.22337750587718874,0.6902903475486988,0.32359934724631195,0.30970965245130117,0.6764006527536882,0.4152107423232763,0.9621314129400466
CPTBF,toluene,stddft,S0S1,0.13869749931978184,0.9596219144177311,0.14453348473595373,0.04037808558226887,0.8554665152640463,0.49780066884014185,0.7892229477944017
FTAT-FBO,toluene,stda,S0T1,0.05354852980708372,0.9915803394678437,0.05400321857513015,0.008419660532156353,0.9459967814248699,1.047286918571859,0.6326514307391614
D-BP-PXZ,toluene,stda,S0S1,0.129018603785307,0.6525491503614228,0.19771476786667852,0.3474508496385773,0.8022852321333215,2.408231140390435,0.469161018271541
D-BP-PXZ,toluene,stda,S0T1,0.03550477905847757,0.03552167797555027,0.9995242646734108,0.9644783220244496,0.0004757353265891469,1.9350136768750725,0.7012166608856857
FTAT-FBO,toluene,stda,S0S1,0.042831426668960226,0.9970551945807519,0.042957929412293226,0.0029448054192479692,0.9570420705877067,1.4775231187628846,0.6664774740296241
FTAT-FBO,toluene,stddft,S0S1,0.04270140734793522,0.9971581537368918,0.042823104026086446,0.0028418462631084676,0.9571768959739136,1.4764035398835333,0.667386812331152
Me-MOC,toluene,stda,S0T1,0.03959607480124892,0.9603643268833162,0.04123026407046024,0.039635673116683694,0.9587697359295398,0.7969226133308416,0.7134072790085131
Me-MOC,toluene,stddft,S0T1,0.03844382769044561,0.9616205367375663,0.0399781683332926,0.03837946326243358,0.9600218316667074,0.7844991019766835,0.7155480288716504
Me-MOC,toluene,stda,S0S1,0.020960369296774018,0.998286035085885,0.02099635631482188,0.0017139649141152864,0.9790036436851779,0.22815173287640753,0.7706537042765036
D-BP-PXZ,toluene,stddft,S0S1,0.12729052691124615,0.7070885820327186,0.18002062279851117,0.29291141796728143,0.8199793772014886,2.370730476658321,0.5192553483631825
19a,toluene,stda,S0S1,0.24213672043278175,0.6215183462868998,0.38958901515838557,0.3784816537131001,0.6104109848416144,0.06555424744469555,0.9909937366068591
Me-MOC,toluene,stddft,S0S1,0.01928941036795071,0.9984951464154205,0.019318481854618267,0.0015048535845795668,0.9806815181453818,0.17721477205970704,0.7702892434616881
19a,toluene,stddft,S0S1,0.24180643714418643,0.6202896449016586,0.3898282667325886,0.3797103550983413,0.6101717332674114,0.08041925673224111,0.9913685710998572
19a,toluene,stda,S0T1,0.24356633700245092,0.605477692006014,0.4022713639465212,0.39452230799398597,0.5977286360534786,0.10696026158291629,0.9912056435514611
D-BP-PXZ,toluene,stddft,S0T1,0.03483147770009273,0.034845458144888444,0.9995987871722741,0.9651545418551114,0.0004012128277257632,1.9240371993097176,0.7083008558075273
19a,toluene,stddft,S0T1,0.24393822815234253,0.6040065704933205,0.4038668452780352,0.3959934295066793,0.5961331547219649,0.10560436855868359,0.9910460493786123
PCDMB,toluene,stda,S0S1,0.018334051136705616,0.9957686116285792,0.018411959287128243,0.00423138837142056,0.9815880407128719,0.9421620466563593,0.6638863754352385
PCDMB,toluene,stda,S0T1,0.01985787614937621,0.9960324372494076,0.019936977358101616,0.003967562750592619,0.9800630226418982,0.8211737705212945,0.7086093493386885
PCDMB,toluene,stddft,S0S1,0.018374402351384093,0.9957406703241932,0.018452999760873237,0.004259329675806749,0.9815470002391268,0.9604670016100735,0.6565921599475149
PCDMB,toluene,stddft,S0T1,0.0200566976079786,0.9960883390610046,0.020135460703099593,0.003911660938995192,0.9798645392969002,0.8177029215826854,0.7166668674610487
TCP,toluene,stda,S0T1,0.2892690826012678,0.6989156313882342,0.41388269142972484,0.30108436861176585,0.5861173085702749,0.7744775644334914,0.6937923690701309
TCP,toluene,stddft,S0T1,0.2889661841708399,0.6960536420624657,0.4151493027385199,0.3039463579375344,0.5848506972614802,0.7514022989742897,0.6975307102553416
AI-4Cz,toluene,stda,S0T1,0.15664173433059606,0.5900621088996316,0.26546651948674865,0.40993789110036827,0.7345334805132514,0.844598241686,0.5764800133771858
AI-4Cz,toluene,stddft,S0S1,0.1502139755865715,0.560360086237532,0.26806687213424596,0.43963991376246786,0.7319331278657542,1.069620451977642,0.46529279609890156
TCP,toluene,stddft,S0S1,0.33079824747480024,0.5252367588354379,0.6298078759914875,0.4747632411645622,0.37019212400851254,0.8378238204478918,0.686117566468893
AI-4Cz,toluene,stddft,S0T1,0.15603573288851058,0.5950419633778541,0.26222643526306605,0.404958036622146,0.7377735647369336,0.8111182909740594,0.5906632359357891
DPQ-DMAC,toluene,stda,S0T1,0.23818590620483882,0.6910201528454418,0.34468735133707895,0.30897984715455823,0.6553126486629209,3.7104347763224146,0.4829283458409951
DPQ-DMAC,toluene,stda,S0S1,0.23783895040636435,0.682889368588187,0.34828328181192103,0.31711063141181317,0.6517167181880793,4.138996315511981,0.39020084114520603
TCP,toluene,stda,S0S1,0.3308965883674252,0.5329991847791505,0.6208200646770838,0.4670008152208494,0.3791799353229163,0.8547098612204439,0.6856449499922026
AI-4Cz,toluene,stda,S0S1,0.15128985173742301,0.5616560499809895,0.26936387802204526,0.4383439500190107,0.7306361219779548,1.0287264779463443,0.4645282885418129
DPQ-DMAC,toluene,stddft,S0S1,0.23774131209220592,0.6838123182935805,0.34767041442815405,0.31618768170641925,0.6523295855718465,4.143566074064146,0.38819349727552094
DPQ-DMAC,toluene,stddft,S0T1,0.23798998611254654,0.6926879260841567,0.34357461296883124,0.30731207391584325,0.6564253870311688,3.586012237235381,0.5069030772505043
CBPMCN,toluene,stda,S0T1,0.02705051515770272,0.9940372991971046,0.02721277680379975,0.005962700802895548,0.9727872231962,0.7670650738648513,0.6965250434790444
CBPMCN,toluene,stddft,S0T1,0.026905781698096327,0.9942866854423045,0.027060386196489594,0.005713314557695663,0.9729396138035105,0.7664093176451674,0.6993099712896204
o-Ac2BBP,toluene,stda,S0S1,0.10667607083502938,0.7102513749329706,0.15019481073879912,0.28974862506702903,0.8498051892612009,4.160401050957913,0.3756167020891458
o-Ac2BBP,toluene,stda,S0T1,0.10733598728913984,0.722172879294681,0.14862921381646296,0.27782712070531923,0.8513707861835369,3.854412319674001,0.47170293622392284
CBPMCN,toluene,stda,S0S1,0.026523652339176886,0.9998268117231174,0.02652824672051513,0.00017318827688285883,0.973471753279485,1.2520449459208967,0.772459958759237
CBPMCN,toluene,stddft,S0S1,0.11297517817645616,0.14421724687519044,0.783368013357154,0.8557827531248093,0.21663198664284591,0.6445451541204855,0.7492351698973421
o-Ac2BBP,toluene,stddft,S0S1,0.10651508507372562,0.70997981862783,0.15002551097802488,0.29002018137217,0.849974489021975,4.169041427038671,0.37396307142664637
o-Ac2BBP,toluene,stddft,S0T1,0.10756893164774183,0.7250637379186232,0.1483578974126199,0.2749362620813769,0.8516421025873804,3.7816333615478444,0.490121456351635
V–TPA,toluene,stddft,S0T1,0.19100387020152187,0.6384297385263775,0.29917758944374473,0.36157026147362253,0.7008224105562554,0.12151079381614413,0.7740095035682352
2tPAB,toluene,stda,S0S1,0.05029437587927132,0.8059490884634704,0.06240391185894481,0.1940509115365296,0.9375960881410551,2.8394549024594906,0.5497794700559948
V–TPA,toluene,stda,S0T1,0.06502952871119642,0.9306137921285184,0.06987810546248148,0.06938620787148161,0.9301218945375185,0.9553412339570051,0.7661670462496526
2tPAB,toluene,stda,S0T1,0.0638063824403366,0.8159467083389209,0.07819920319334538,0.18405329166107934,0.9218007968066547,1.890509770493435,0.5723502475528885
V–TPA,toluene,stddft,S0S1,0.2105640802403333,0.6172791862270445,0.34111644283253817,0.38272081377295547,0.6588835571674619,0.17786546218896448,0.7327993826882837
V–TPA,toluene,stda,S0S1,0.20035430183948202,0.6259379646191983,0.3200865152209956,0.3740620353808015,0.6799134847790043,0.16358518203661163,0.735557648049006
2tPAB,toluene,stddft,S0T1,0.0654779805534108,0.8172479418193747,0.08012009232796882,0.1827520581806254,0.9198799076720312,1.7830911959563391,0.5748534414073887
DPVBi,toluene,stda,S0T1,0.11679499621798912,0.8747899094913997,0.1335120523805463,0.12521009050860046,0.8664879476194537,0.11525467889368843,0.9914268726808751
DPVBi,toluene,stda,S0S1,0.12938441812804652,0.8485213233048093,0.1524822235746791,0.15147867669519083,0.8475177764253211,0.19115623006057395,0.9904048160894063
DPVBi,toluene,stddft,S0T1,0.11446641220643085,0.8783616543141778,0.13031808896052718,0.12163834568582219,0.869681911039473,0.10970652104274474,0.9914055177660903
2tPAB,toluene,stddft,S0S1,0.17376470291471904,0.5713814775024022,0.3041132934064852,0.42861852249759747,0.6958867065935147,1.0282118097841457,0.6270448137125475
PyIAnTPh,toluene,stda,S0S1,0.22483149309600386,0.6950522775476525,0.3234742196504629,0.3049477224523476,0.6765257803495373,0.059752959993898055,0.9930396208117094
DPVBi,toluene,stddft,S0S1,0.1303374885593509,0.8465825739546009,0.15395720697452062,0.1534174260453989,0.8460427930254794,0.1934544212164573,0.9902748727737637
PyIAnTPh,toluene,stddft,S0S1,0.22667798034380993,0.6930165115688938,0.3270888594423851,0.3069834884311062,0.672911140557615,0.04481441767119357,0.9930034406043587
PyIAnTPh,toluene,stddft,S0T1,0.21103966436336724,0.7100950563698892,0.29719917420948283,0.2899049436301107,0.7028008257905172,0.10200716628188099,0.9937781438284404
PyIAnTPh,toluene,stda,S0T1,0.21313763187334317,0.7079665687051256,0.3010560685982291,0.2920334312948743,0.6989439314017711,0.08703776579287396,0.9938702063467835
TBN-TPA,toluene,stda,S0S1,0.05227963804144798,0.8090582352535038,0.06461789246242218,0.19094176474649605,0.9353821075375779,2.3808775753485234,0.5504114157951141
TBN-TPA,toluene,stda,S0T1,0.07264557267230272,0.8128237684118617,0.08937432134181005,0.18717623158813834,0.9106256786581899,1.2743539145186888,0.5743800698624549
m-PCzTPD,toluene,stda,S0T1,0.10564892853606851,0.7992907040693245,0.13217835262964014,0.20070929593067555,0.8678216473703597,0.8631503697476136,0.9108344179513291
TBN-TPA,toluene,stddft,S0T1,0.07487178993052525,0.8133428544932859,0.09205440180226396,0.18665714550671414,0.907945598197736,1.1638955969428402,0.5774002393074427
m-PCzTPD,toluene,stda,S0S1,0.08743580019913284,0.7838854728189528,0.11154154941116906,0.2161145271810473,0.8884584505888309,0.6012177602980311,0.6404936225087831
m-PCzTPD,toluene,stddft,S0S1,0.08207664140600662,0.770274292763164,0.10655508326985373,0.22972570723683583,0.8934449167301463,0.585513346373581,0.6503879756383694
TBN-TPA,toluene,stddft,S0S1,0.1755192481100097,0.5786151151712361,0.3033436968857378,0.42138488482876374,0.6966563031142623,0.6335153692585137,0.5488225622773295
o-Px2BBP,toluene,stda,S0S1,0.08237651302037204,0.863709352461449,0.09537527037956771,0.13629064753855077,0.9046247296204324,2.7542850340501515,0.4829796554555522
o-Px2BBP,toluene,stda,S0T1,0.05865698654587513,0.7527920860955056,0.07791923909576462,0.24720791390449423,0.9220807609042351,2.2038472470144237,0.5390177048272978
m-PCzTPD,toluene,stddft,S0T1,0.21473060876897157,0.7711269634380329,0.2784633645951185,0.22887303656196717,0.7215366354048816,0.35801780401271005,0.876511268543296
o-Px2BBP,toluene,stddft,S0S1,0.08109529809690655,0.8055993252846504,0.10066455563161295,0.1944006747153496,0.8993354443683873,2.4740266771490584,0.4758316090199437
DCz-OTP,toluene,stda,S0T1,0.027096601368766647,0.9966559447679381,0.027187517930348407,0.0033440552320620973,0.9728124820696518,1.0224957305779891,0.721975392049212
phenazasiline,toluene,stda,S0S1,0.21502537997595386,0.49519666142591695,0.4342221923645226,0.504803338574083,0.5657778076354775,0.5280844808239399,0.8842585185487535
phenazasiline,toluene,stda,S0T1,0.27711497250819805,0.6918711817327259,0.4005297226200256,0.3081288182672742,0.5994702773799742,0.6272621925710714,0.773556641300596
DCz-OTP,toluene,stddft,S0T1,0.026875713683513144,0.9967431346538612,0.026963530270861878,0.0032568653461388206,0.9730364697291383,1.0147947676358438,0.7251321240085913
o-Px2BBP,toluene,stddft,S0T1,0.057015755206228314,0.7634856675890618,0.07467822596627505,0.23651433241093808,0.925321774033725,2.212815307251783,0.5532775625846919
DCz-OTP,toluene,stda,S0S1,0.027706022165775678,0.999478728041539,0.027720472070541353,0.0005212719584611823,0.9722795279294588,0.7821885449979692,0.7870425355665307
phenazasiline,toluene,stddft,S0S1,0.21503574479800114,0.49522369598745003,0.43421941748815385,0.5047763040125498,0.5657805825118465,0.5280715789013902,0.884262699959843
phenazasiline,toluene,stddft,S0T1,0.28493929828100556,0.7477587848272083,0.3810577743287218,0.25224121517279174,0.6189422256712782,0.5879430722644936,0.8391948054319616
DCz-OTP,toluene,stddft,S0S1,0.02589429789236034,0.999479856297998,0.025907773657661264,0.000520143702001854,0.9740922263423387,0.7870551361565907,0.7894741018092668
35CzBPym,toluene,stda,S0S1,0.06446844262657749,0.676886925851736,0.09524255849004021,0.32311307414826407,0.9047574415099595,2.562613906784095,0.4977037680253615
35CzBPym,toluene,stda,S0T1,0.0769238701592546,0.6782740815088794,0.11341118915841632,0.3217259184911203,0.8865888108415837,2.3584238328744758,0.5109661229934761
35CzBPym,toluene,stddft,S0T1,0.07921605760210311,0.6787619135062879,0.11670669203122469,0.3212380864937121,0.8832933079687749,2.3155085122017365,0.5169466465961915
TS-1,toluene,stda,S0S1,0.20759112542739827,0.3742450234638288,0.5546930818372316,0.6257549765361712,0.44530691816276835,1.6778365857730404,0.7841216429677553
TS-1,toluene,stda,S0T1,0.33282317483004686,0.5802721240719271,0.5735639556395304,0.41972787592807287,0.42643604436046956,1.0034693204565253,0.7189774411931574
35CzBPym,toluene,stddft,S0S1,0.23074202814703326,0.8907972763215163,0.2590286637380235,0.10920272367848358,0.7409713362619768,1.732424488053032,0.5836814774974058
TS-1,toluene,stddft,S0T1,0.33259520630386963,0.5785719856713583,0.5748553586083773,0.4214280143286418,0.4251446413916229,0.9984423906178594,0.7218027070478507
TS-1,toluene,stddft,S0S1,0.209332127383205,0.3746146904419021,0.5587931619453395,0.625385309558098,0.44120683805466043,1.7022678643698266,0.7872799401650564
BTZ–DPA,toluene,stda,S0S1,0.45626983811507066,0.8642129718689247,0.527959950807442,0.13578702813107518,0.47204004919255804,2.601032061915646,0.6944716808773913
BTZ–DPA,toluene,stddft,S0S1,0.46844637552573787,0.8637985517750814,0.5423097486828311,0.13620144822491845,0.45769025131716895,2.704202321072907,0.6933009988288734
BTZ–DPA,toluene,stda,S0T1,0.3674582718067977,0.8474496210176098,0.4336048570834891,0.15255037898239024,0.566395142916511,1.8217373252576554,0.8044476267111138
PyI,toluene,stda,S0T1,0.16240411919922115,0.674687960361435,0.2407099707429493,0.3253120396385652,0.7592900292570508,0.42201434399541327,0.939332115028834
BTZ–DPA,toluene,stddft,S0T1,0.3514548214891864,0.8414615058332306,0.4176718947364911,0.15853849416676932,0.582328105263509,1.6658969731203168,0.8218500253610426
PyI,toluene,stddft,S0T1,0.16401386423861683,0.6826443699136945,0.2402625312201034,0.31735563008630563,0.7597374687798966,0.36955426930432833,0.942797919868076
PyI,toluene,stda,S0S1,0.19245427285128996,0.6789733035556071,0.28344895424231975,0.32102669644439263,0.7165510457576802,0.5869503357500716,0.6779254462313423
PyI,toluene,stddft,S0S1,0.2608557788869991,0.6871946652365758,0.37959517453063474,0.31280533476342415,0.6204048254693652,0.447758475875848,0.78759828232655
BACF,toluene,stda,S0S1,0.43010073421652745,0.7190284305778193,0.5981693016935279,0.28097156942218093,0.4018306983064722,2.4436413991954127,0.6433800838371609
PTZTPE-2,toluene,stda,S0S1,0.06135066622564066,0.9554111661403546,0.06421388863758365,0.04458883385964546,0.9357861113624164,0.1823226158511627,0.9856111849923643
BACF,toluene,stda,S0T1,0.35993805588148553,0.6196626593032032,0.5808612968324214,0.380337340696797,0.4191387031675787,1.8505010821588765,0.7548504652445029
PTZTPE-2,toluene,stddft,S0T1,0.05009308361017139,0.9550173159151973,0.05245253962978353,0.04498268408480273,0.9475474603702164,0.08442976044676734,0.9918220823863942
PTZTPE-2,toluene,stda,S0T1,0.05129173094272183,0.9545087409631524,0.05373626111686062,0.04549125903684767,0.9462637388831395,0.08914054520940166,0.9916789451118455
PTZTPE-2,toluene,stddft,S0S1,0.062199543608359595,0.9548488129939282,0.06514072464868333,0.04515118700607183,0.9348592753513167,0.18582747277331393,0.985283447607161
BACF,toluene,stddft,S0T1,0.35019710802353826,0.6038528878324504,0.5799377879612072,0.3961471121675496,0.4200622120387929,1.74663260238358,0.7703970805663618
BACF,toluene,stddft,S0S1,0.18069119958228522,0.5199170916304617,0.3475384873685091,0.48008290836953815,0.6524615126314905,0.5633818976325642,0.707965078087666
24PQ-Cz,toluene,stda,S0S1,0.17083995101977473,0.5570038518254612,0.3067123332448838,0.44299614817453903,0.6932876667551162,1.482005769994889,0.7325447976299777
NDN,toluene,stda,S0S1,0.16031796898153666,0.6186154960154695,0.2591560832441993,0.3813845039845304,0.7408439167558007,1.4143392691694376,0.702421944338118
NDN,toluene,stda,S0T1,0.40229364688342006,0.567990838447441,0.7082748869384207,0.4320091615525589,0.29172511306157894,0.5860352044989416,0.7159767249828184
NDN,toluene,stddft,S0T1,0.4017830393033442,0.5938812871371746,0.6765376313507929,0.4061187128628253,0.32346236864920713,0.5112852054307973,0.7164245928626031
24PQ-Cz,toluene,stda,S0T1,0.1989264647608298,0.6659888602801248,0.2986933815637072,0.3340111397198754,0.7013066184362929,0.49399063852217023,0.8188370105218528
NDN,toluene,stddft,S0S1,0.31181463103709545,0.48965136448915486,0.6368094804808856,0.5103486355108452,0.3631905195191144,1.2613932075602126,0.7105291528485593
24PQ-Cz,toluene,stddft,S0T1,0.18450071525695774,0.6944659439193323,0.26567280494086976,0.30553405608066786,0.73432719505913,0.4342859362191272,0.8511769693842093
DBQ-3PXZ,toluene,stda,S0T1,0.027434141761523985,0.9935929232737081,0.0276110478636799,0.0064070767262921074,0.9723889521363203,3.6678592335169635,0.501803597454484
DBQ-3PXZ,toluene,stda,S0S1,0.030730242376129493,0.9932994812973713,0.030937539941118277,0.006700518702628397,0.9690624600588816,3.9786719626062004,0.42948495873722725
24PQ-Cz,toluene,stddft,S0S1,0.025253794378646107,0.9998457405799827,0.025257690615351408,0.00015425942001742022,0.9747423093846486,1.257273099202216,0.7555941932227838
DBQ-3PXZ,toluene,stddft,S0S1,0.03105575533825451,0.9931888071808067,0.03126873270592639,0.00681119281919364,0.9687312672940737,3.9809071769470004,0.42835154980890144
DBQ-3PXZ,toluene,stddft,S0T1,0.027028540514581995,0.9935812498544615,0.02720315074236868,0.006418750145538469,0.9727968492576312,3.605058803038731,0.5182843566878637
MeCZ-TRZ,toluene,stda,S0T1,0.037936402262041764,0.9644450449813413,0.03933495481100813,0.03555495501865864,0.9606650451889921,0.6862053019414621,0.672231057217292
MeCZ-TRZ,toluene,stddft,S0T1,0.036964448338868784,0.965303035001926,0.03829310278589876,0.03469696499807406,0.9617068972141015,0.6830135589823259,0.6750493116927352
TRZ-pIC,toluene,stda,S0T1,0.12575751548457292,0.7151221322743251,0.1758545985489533,0.2848778677256748,0.8241454014510466,1.7258148066124088,0.6722090742303053
MeCZ-TRZ,toluene,stda,S0S1,0.038778725865043426,0.9993140680716546,0.038805343689270314,0.0006859319283453846,0.9611946563107294,0.6345418350530209,0.7845590792806771
TRZ-pIC,toluene,stda,S0S1,0.13980982324489152,0.8364054689154133,0.1671555584472519,0.16359453108458663,0.8328444415527481,1.073899009248587,0.7800344534872697
CH3OH–CHCl3,toluene,stda,S0S1,0.24283179323376103,0.41142131046291947,0.5902265805350084,0.5885786895370805,0.40977341946499146,0.6649298196550617,0.6787245325001338
CH3OH–CHCl3,toluene,stda,S0T1,0.24835961376063254,0.474422708856539,0.5234985786393589,0.525577291143461,0.4765014213606411,0.07356147658763683,0.9939365675647195
TRZ-pIC,toluene,stddft,S0T1,0.12501118960375124,0.7212712554637846,0.17332063167187745,0.2787287445362153,0.8266793683281225,1.6719426519529264,0.6714472094811654
TRZ-pIC,toluene,stddft,S0S1,0.12809655639630968,0.8464271997946181,0.15133794900186542,0.15357280020538192,0.8486620509981346,1.141034766757238,0.7756813548745962
CH3OH–CHCl3,toluene,stddft,S0T1,0.24866423270421503,0.4738082494759606,0.5248203951265973,0.5261917505240393,0.4751796048734026,0.06820944531019071,0.9939975479985483
TBAc,toluene,stda,S0S1,0.06068076467594969,0.923015818044721,0.06574184698642906,0.07698418195527888,0.934258153013571,1.1152126224416232,0.6094713121475317
CH3OH–CHCl3,toluene,stddft,S0S1,0.21378094209248405,0.3429282864390835,0.6233983912856932,0.6570717135609164,0.3766016087143068,0.28897375160024663,0.8601092389364853
TBAc,toluene,stda,S0T1,0.05909693836251127,0.9412168706626949,0.06278780183880694,0.05878312933730513,0.937212198161193,0.08611701539846371,0.9779362831077674
TBAc,toluene,stddft,S0S1,0.04314330459318149,0.9917614624925158,0.04350169493857205,0.008238537507484243,0.9564983050614279,0.9370884307232032,0.5783981056584355
TBAc,toluene,stddft,S0T1,0.05796764714893115,0.944729398905902,0.06135899572519274,0.05527060109409783,0.9386410042748072,0.09442482571802467,0.9785986968552263
2SPBAC-BP,toluene,stda,S0S1,0.255909224645723,0.8372147261270698,0.305667371415636,0.16278527387293024,0.6943326285843638,0.3329071213891171,0.5713801628078824
2SPBAC-BP,toluene,stda,S0T1,0.0441200260333378,0.9831071812680905,0.044878144391569036,0.016892818731909304,0.9551218556084311,1.8138931051655471,0.7586805128545652
MeCZ-TRZ,toluene,stddft,S0S1,0.06934521215545991,0.08795900440687793,0.7883810489109797,0.912040995593122,0.2116189510890203,1.2812435996561897,0.7662598031246701
2SPBAC-BP,toluene,stddft,S0S1,0.23919447347075373,0.8604723499423264,0.2779804295707885,0.13952765005767373,0.7220195704292113,0.6078656686182774,0.5929994443414572
11-AcBPdCN,toluene,stda,S0S1,0.22734881293028944,0.6069140819807934,0.37459801919291136,0.3930859180192066,0.6254019808070885,2.9249565994353945,0.6249454974092271
11-AcBPdCN,toluene,stddft,S0S1,0.22626919997072079,0.606546644602993,0.3730450114332464,0.39345335539700715,0.6269549885667535,2.9318971973229937,0.618664668941476
CzppT,toluene,stda,S0T1,0.2484249270564708,0.5756005616899602,0.43159257233366227,0.42439943831003984,0.5684074276663373,0.6659608126720948,0.6904140439363663
11-AcBPdCN,toluene,stddft,S0T1,0.21867354706951844,0.625130944339005,0.34980438746435344,0.37486905566099527,0.6501956125356467,2.137429153651179,0.737800199208974
11-AcBPdCN,toluene,stda,S0T1,0.21993046563135948,0.623334684205282,0.3528288593659102,0.37666531579471774,0.6471711406340898,2.2506604804179773,0.723443998258778
CzppT,toluene,stddft,S0T1,0.24534952770065385,0.5967647577713233,0.41113273615039836,0.40323524222867674,0.5888672638496019,0.6685861946263858,0.694317396033504
2SPBAC-BP,toluene,stddft,S0T1,0.04853436144612747,0.9795906222806168,0.049545555400615254,0.02040937771938319,0.9504544445993848,1.6974518838039425,0.7782905615108882
CCDMB,toluene,stda,S0T1,0.027294749866444708,0.9955668366423441,0.027416290762053885,0.004433163357655568,0.9725837092379461,0.7278619047239356,0.6795605837427855
p-DHMPA,toluene,stda,S0S1,0.2145876312066388,0.7066610411354656,0.30366415963987287,0.2933389588645343,0.6963358403601271,0.026053417959562057,0.9939023475304543
CzppT,toluene,stda,S0S1,0.10469193615739673,0.9075557262875322,0.11535593145960514,0.09244427371246769,0.8846440685403947,0.9152960434000694,0.7536613589805427
p-DHMPA,toluene,stda,S0T1,0.2033760773368449,0.7286209860292705,0.27912464949050314,0.2713790139707296,0.7208753505094967,0.03422445200957174,0.9952898815802642
p-DHMPA,toluene,stddft,S0S1,0.216470894825782,0.7048709148724097,0.30710714580266923,0.29512908512759034,0.6928928541973307,0.02230789595613121,0.9937149975674242
CCDMB,toluene,stddft,S0T1,0.02703339597408972,0.9957025960540677,0.027150070795458465,0.0042974039459322145,0.9728499292045414,0.7009974042983145,0.6832939221815233
CCDMB,toluene,stddft,S0S1,0.01650287470772058,0.999662248254799,0.016508450465675926,0.0003377517452010716,0.983491549534324,0.54299767330803,0.7426557514446734
CzppT,toluene,stddft,S0S1,0.07224662591183297,0.9462383124958075,0.0763514063611254,0.053761687504192454,0.9236485936388745,1.0212820557872424,0.7523115723946951
p-DHMPA,toluene,stddft,S0T1,0.20109224539119827,0.7315743603350817,0.27487601574649545,0.2684256396649183,0.7251239842535047,0.04163104980151855,0.9954883586728135
DBCP,toluene,stda,S0S1,0.42264793397216627,0.9533640713599301,0.4433226997628287,0.04663592864007006,0.556677300237171,2.333532654253586,0.34244104171215584
CCDMB,toluene,stda,S0S1,0.06210902336692661,0.9391738726544278,0.06613154941308705,0.060826127345572197,0.9338684505869129,0.9073008286471652,0.7397056283560077
DBCP,toluene,stddft,S0S1,0.4228498070565058,0.9525327442258993,0.4439215445555584,0.04746725577410087,0.5560784554444413,2.3320504689811985,0.3439041589572677
Na-DMAC,toluene,stda,S0S1,0.14790897848159357,0.6970648944469061,0.2121882476938587,0.3029351055530938,0.787811752306141,4.425412366699684,0.3818942695083798
DBCP,toluene,stda,S0T1,0.3958093161731303,0.9277337505821718,0.4266410658497138,0.07226624941782836,0.5733589341502866,2.1461026455682477,0.46332662029605726
DBCP,toluene,stddft,S0T1,0.3850307901389248,0.9218070228329516,0.4176913178157675,0.07819297716704851,0.5823086821842327,2.06644531896442,0.5004168195996564
Na-DMAC,toluene,stddft,S0S1,0.14779207843494754,0.6971116660263703,0.2120063192707449,0.3028883339736297,0.7879936807292552,4.433521496849276,0.38054716864952337
phenylperylene,toluene,stda,S0T1,0.18129734618421892,0.7628756237832652,0.23764993995367967,0.23712437621673466,0.7623500600463204,0.0817609522371873,0.9949202441608221
phenylperylene,toluene,stda,S0S1,0.18076481365493055,0.7426323340290856,0.243410911930278,0.2573676659709144,0.756589088069722,0.24733934386172265,0.9921578414187266
phenylperylene,toluene,stddft,S0S1,0.18019347521010126,0.7455909441086728,0.24167873367281317,0.2544090558913272,0.7583212663271865,0.23852352588953576,0.9921038071774748
Na-DMAC,toluene,stda,S0T1,0.08744778356564838,0.938576366829258,0.09317066427004604,0.06142363317074181,0.906829335729954,0.3247106711365196,0.9690404108494405
phenylperylene,toluene,stddft,S0T1,0.18079739735828612,0.765262397954312,0.23625543060993331,0.23473760204568803,0.7637445693900669,0.07084480014546028,0.995069489487406
1SBFN,toluene,stda,S0T1,0.23166984353317172,0.3413527990573715,0.6786815405437315,0.6586472009426284,0.32131845945626825,0.10798329927926971,0.9884393590413931
1SBFN,toluene,stddft,S0T1,0.22895710513863216,0.3346310860987241,0.6842075188169588,0.6653689139012758,0.3157924811830411,0.10486967276952658,0.9882052457862698
Na-DMAC,toluene,stddft,S0T1,0.08608231828444908,0.9392597565617559,0.09164910737745338,0.060740243438244225,0.9083508926225464,0.28422304888915345,0.9720067867960358
1SBFN,toluene,stddft,S0S1,0.22097726973419102,0.6668697104707983,0.33136498219147625,0.33313028952920176,0.6686350178085235,0.34925423135219225,0.9608396440986497
1SBFN,toluene,stda,S0S1,0.22084834057044597,0.6393410477921355,0.34543119252722976,0.3606589522078643,0.6545688074727705,0.36404234327442914,0.9547463749150539
TCzTrz,toluene,stda,S0T1,0.15141370964412487,0.8075404652768808,0.18749984199517453,0.19245953472311927,0.8125001580048254,2.805698946304533,0.6956648336465172
TCzTrz,toluene,stddft,S0T1,0.15167774373015425,0.8070173455798264,0.18794855471312913,0.1929826544201736,0.812051445286871,2.70815904717762,0.7104367096367785
TCzTrz,toluene,stda,S0S1,0.25672815450823205,0.5056243425283355,0.5077448471418182,0.4943756574716646,0.4922551528581818,0.8836305065541181,0.7604678576735845
DMeCzIPN,toluene,stda,S0S1,0.35827871899325536,0.8113091292606652,0.4416056791074813,0.18869087073933483,0.5583943208925186,1.136133467236216,0.5514707571076239
DMeCzIPN,toluene,stddft,S0S1,0.35667389261050875,0.810366820030786,0.4401388158969276,0.18963317996921408,0.5598611841030723,1.063847758971363,0.5522000352194486
m2Cz2Trz,toluene,stda,S0S1,0.09364875236263989,0.3676957361986072,0.25469088472664925,0.6323042638013927,0.7453091152733508,3.0009541163293187,0.6145810884882172
m2Cz2Trz,toluene,stda,S0T1,0.19498559983859878,0.36281758992307456,0.5374204703800058,0.6371824100769256,0.46257952961999405,1.3622634902264876,0.6949490176014899
m2Cz2Trz,toluene,stddft,S0S1,0.10012376626840307,0.36716343627497405,0.27269536227299856,0.632836563725026,0.7273046377270014,2.902619861183558,0.6242901950053966
DMeCzIPN,toluene,stda,S0T1,0.2041232738945701,0.8798648695679566,0.23199389014679211,0.12013513043204328,0.7680061098532079,0.5802002373426123,0.6993328601344576
TCzTrz,toluene,stddft,S0S1,0.2566563679592025,0.5060968942419622,0.5071289132165597,0.49390310575803775,0.4928710867834404,0.8375904073760526,0.7602329405972519
DMeCzIPN,toluene,stddft,S0T1,0.18851760306552723,0.8830338141588758,0.2134885437485739,0.11696618584112406,0.7865114562514259,0.48387008515755103,0.7031835134504518
TDBA-SBA,toluene,stda,S0T1,0.13919439127164815,0.8243738698990511,0.16884862118287813,0.17562613010094918,0.8311513788171221,1.8657659477040873,0.6096464657696101
TDBA-SBA,toluene,stddft,S0T1,0.13911787206030415,0.8241230610322767,0.1688071583460466,0.17587693896772333,0.8311928416539534,1.787623235365953,0.6119102402669727
m2Cz2Trz,toluene,stddft,S0T1,0.2043878993032056,0.3628497516087217,0.5632852121216467,0.6371502483912784,0.43671478787835344,1.1939804750952032,0.701582687221436
DHID-DPS,toluene,stda,S0S1,0.07035902474540505,0.9546228506835106,0.07370347849418013,0.04537714931648963,0.9262965215058198,0.6678307726166195,0.8020170981092489
DHID-DPS,toluene,stddft,S0S1,0.06659152452222566,0.9552652302452865,0.06970998463445251,0.04473476975471337,0.9302900153655476,0.5898152085012515,0.8001208896485514
TDBA-SBA,toluene,stddft,S0S1,0.0764416095580751,0.9103796576241743,0.08396673730338552,0.08962034237582575,0.9160332626966146,0.3386672054138887,0.5934228738619216
TDBA-SBA,toluene,stda,S0S1,0.0776926777415279,0.9088770286620568,0.0854820567485329,0.09112297133794311,0.9145179432514672,0.35819292621226495,0.597267022234067
DHID-DPS,toluene,stda,S0T1,0.046142557270934956,0.9673954575884977,0.04769771959231452,0.032604542411502464,0.9523022804076855,0.29331742955944345,0.8858248031823943
DHID-DPS,toluene,stddft,S0T1,0.04430700039142774,0.9684900653448427,0.04574853369884769,0.031509934655157244,0.9542514663011525,0.26599183237356483,0.894496110508962
Me2ACBO,toluene,stda,S0S1,0.011632091353760636,0.9900056659138093,0.01174951998181123,0.009994334086190576,0.9882504800181885,3.365696810899993,0.22075814093290436
Me2ACBO,toluene,stddft,S0S1,0.011597401334141192,0.9900431638293855,0.011714036072208844,0.009956836170614408,0.9882859639277914,3.3388844080092053,0.2310552980730023
Me2ACBO,toluene,stddft,S0T1,0.007877195675891456,0.998773105466414,0.007886872036079615,0.0012268945335861033,0.9921131279639201,1.6100456218975314,0.6177536307248891
o-CzOXD,toluene,stda,S0T1,0.028670532586044614,0.9951056252076934,0.028811547095878035,0.004894374792306638,0.9711884529041217,0.6406523964766676,0.6988054683091883
o-CzOXD,toluene,stda,S0S1,0.09640639413417271,0.6933946585678212,0.13903538618727787,0.3066053414321785,0.8609646138127222,0.8443227012709441,0.6088252771986015
Me2ACBO,toluene,stda,S0T1,0.00783383989522691,0.9987570200478553,0.007843589319503911,0.001242979952144588,0.9921564106804963,1.6809682330184894,0.6145805429537164
o-CzOXD,toluene,stddft,S0T1,0.028374529368129963,0.9952603305151705,0.028509655713337464,0.00473966948482962,0.9714903442866628,0.6487954644604909,0.7010421806304556
BCzPh,toluene,stda,S0S1,0.04224730671079987,0.9986835123983531,0.042302998083289016,0.0013164876016472237,0.9576970019167109,1.3030453448243215,0.7793776637244864
CCC,toluene,stda,S0S1,0.09349250160392872,0.88840684707469,0.10523613354824654,0.11159315292531008,0.8947638664517534,1.0717340754235853,0.7203280717849676
CCC,toluene,stddft,S0S1,0.08950866503531622,0.8901181763200449,0.10055818139268408,0.10988182367995507,0.8994418186073158,1.0920258735363384,0.7221904902099541
BCzPh,toluene,stda,S0T1,0.1789127707147292,0.8728763579363715,0.20496920221061946,0.12712364206362853,0.7950307977893805,0.5471187685200214,0.700439279966692
CCC,toluene,stda,S0T1,0.21616566278848862,0.7548296777540897,0.2863767405537963,0.24517032224591026,0.7136232594462038,0.10928519263659423,0.9741368890933342
o-CzOXD,toluene,stddft,S0S1,0.11284960353767831,0.6631036298685967,0.1701839628898443,0.3368963701314035,0.829816037110156,1.1700612572138114,0.6373162506068443
CCC,toluene,stddft,S0T1,0.20984559358237245,0.7646244390870257,0.2744426974279446,0.23537556091297426,0.7255573025720553,0.10474295377000842,0.9764064645799355
BCzPh,toluene,stddft,S0S1,0.03997536766098339,0.9818568264186415,0.040714049732479836,0.018143173581358536,0.9592859502675203,0.9580804292346967,0.754339537118595
2H-Qz,toluene,stda,S0S1,0.2594579369871721,0.8138410642317105,0.31880664221841387,0.1861589357682893,0.6811933577815863,0.9410730551440148,0.7198169740116158
BCzPh,toluene,stddft,S0T1,0.18047351923721736,0.8726053540785665,0.20682146676465168,0.12739464592143365,0.7931785332353484,0.5358666403070907,0.7048194989539199
2H-Qz,toluene,stda,S0T1,0.29620054900556836,0.7988436308504336,0.37078664405227707,0.2011563691495664,0.6292133559477227,0.8316818463851313,0.7540749663336844
2H-Qz,toluene,stddft,S0S1,0.25915879617777127,0.8156942940906078,0.3177155927843033,0.18430570590939221,0.6822844072156967,0.95657363533145,0.7131688546156514
PTZ-DBTO2,toluene,stda,S0T1,0.22175907065425607,0.5844884635541034,0.3794070960884395,0.4155115364458966,0.6205929039115606,2.406321316805389,0.6509761218160913
PTZ-DBTO2,toluene,stda,S0S1,0.2169840433333971,0.6239898186251658,0.3477365124505992,0.37601018137483433,0.6522634875494006,2.9241410602058946,0.5356500695629018
3-DPM,toluene,stda,S0S1,0.04745313405497427,0.9825498004029307,0.04829590727667378,0.017450199597069466,0.9517040927233263,2.9591996224400967,0.3651795620889301
3-DPM,toluene,stddft,S0S1,0.0474492801755254,0.9793827460275945,0.04844814794622541,0.020617253972405734,0.9515518520537746,2.943032230115678,0.36812420974292803
2H-Qz,toluene,stddft,S0T1,0.2968613300801686,0.7947092956938474,0.37354707147471317,0.2052907043061525,0.6264529285252869,0.8195338878999743,0.7608470286572959
3-DPM,toluene,stda,S0T1,0.06722725779810879,0.9297574847959746,0.0723062292021893,0.0702425152040252,0.9276937707978106,2.570920071472628,0.6308636010947499
PTZ-DBTO2,toluene,stddft,S0S1,0.21302875477401498,0.5737308275866377,0.3713043548140979,0.42626917241336243,0.6286956451859019,2.5793700347507653,0.5174951054559689
PTZ-DBTO2,toluene,stddft,S0T1,0.22212848736077517,0.5779558855906153,0.38433467484076445,0.4220441144093846,0.6156653251592357,2.319186051248043,0.6692789040827687
3-DPM,toluene,stddft,S0T1,0.06351468853361554,0.9230387842626434,0.06881042228832601,0.07696121573735654,0.931189577711674,2.3969423667209995,0.6674525162461569
BMIM,toluene,stda,S0S1,0.13846070654198056,0.7029924488377556,0.19695902391397674,0.29700755116224453,0.8030409760860232,3.01461969492252,0.5757047195314464
BMIM,toluene,stddft,S0S1,0.13706795208634967,0.6944003300441302,0.19739039017685778,0.30559966995586985,0.8026096098231421,2.9836833805583454,0.5934326068908586
BMIM,toluene,stddft,S0T1,0.14603181700663753,0.6934920844057924,0.21057459816828705,0.3065079155942076,0.7894254018317128,1.8970685528821098,0.7682181778555116
BMIM,toluene,stda,S0T1,0.14423084123574667,0.6937011422747568,0.20791495421614953,0.3062988577252433,0.7920850457838506,2.0495828192656327,0.7495294311742187
CzA-PPO,toluene,stda,S0T1,0.22102337848088882,0.7883428476705455,0.280364538264012,0.2116571523294545,0.7196354617359885,1.540254248262306,0.864663402607361
CzA-PPO,toluene,stddft,S0S1,0.24813928999361876,0.8478742106685089,0.2926604994837296,0.152125789331491,0.7073395005162705,3.3076170868079853,0.5715832530023343
CzA-PPO,toluene,stddft,S0T1,0.21567014264437423,0.7801249410454527,0.27645589994258185,0.21987505895454726,0.7235441000574181,1.2930835529375178,0.8925144333545131
CzA-PPO,toluene,stda,S0S1,0.24527758375500863,0.8513032303459656,0.2881201139755208,0.14869676965403456,0.711879886024479,3.3890168027347016,0.549966869240569
PTZ-DCPP,toluene,stda,S0S1,0.28418554796895956,0.6386876153928794,0.44495233838869247,0.3613123846071207,0.5550476616113077,0.8224349979944994,0.6071336975111435
PTZ-DCPP,toluene,stda,S0T1,0.16122486844368344,0.7584825897489091,0.21256238524480295,0.24151741025109064,0.7874376147551968,0.12599497924297592,0.7077906100475799
PICFOCz,toluene,stda,S0T1,0.19534149604175233,0.3059380239381111,0.6385002214738381,0.6940619760618889,0.3614997785261621,0.765884622109065,0.8526779726377826
PICFOCz,toluene,stddft,S0T1,0.19486451019064185,0.30094325487317625,0.6475124696606402,0.6990567451268239,0.3524875303393597,0.7492136651153644,0.8601581355770592
PICFOCz,toluene,stda,S0S1,0.027253252013421648,0.999736423794412,0.02726043721602572,0.00026357620558817535,0.9727395627839742,0.9797641680613158,0.8005430550596964
PICFOCz,toluene,stddft,S0S1,0.02568215483915737,0.999723973431411,0.025689245753512353,0.00027602656858890167,0.9743107542464879,0.9860688131147677,0.8006406351706574
PTZ-DCPP,toluene,stddft,S0S1,0.2762553198214511,0.6307480891883394,0.4379804307880545,0.36925191081166064,0.5620195692119455,0.7029312295640667,0.6184260585826803
PTZ-DCPP,toluene,stddft,S0T1,0.15290011059732417,0.7724004047879102,0.19795446720319665,0.22759959521208978,0.8020455327968032,0.11713539940269585,0.7209490316808007
TNPZ,toluene,stda,S0T1,0.24804294048384581,0.7195608329626156,0.3447143439736564,0.28043916703738436,0.6552856560263438,1.170461024578484,0.8293435217291784
TNPZ,toluene,stda,S0S1,0.20156524779801838,0.5255254452265582,0.38354993012968575,0.47447455477344175,0.6164500698703141,0.6996071189565741,0.9065720789887916
TNPZ,toluene,stddft,S0S1,0.20181819588553615,0.5263028078113183,0.38346403038360527,0.47369719218868156,0.6165359696163947,0.6907977258368477,0.9088650251525829
TNPZ,toluene,stddft,S0T1,0.24544010572739144,0.7031993378533475,0.3490334710448463,0.2968006621466526,0.6509665289551537,1.0173437595702375,0.8593409551784204
DiCz-Sac,toluene,stda,S0S1,0.2796345697966602,0.8021251393074206,0.34861713726876237,0.19787486069257929,0.6513828627312376,1.173082463996082,0.7244472316445469
DiCz-Sac,toluene,stda,S0T1,0.28994667437585764,0.7847180527783725,0.3694915305558124,0.21528194722162747,0.6305084694441876,1.1000959895235545,0.7019603104336828
DPACpBr,toluene,stda,S0T1,0.2818037664126506,0.6900742693082752,0.40836730037062297,0.30992573069172485,0.5916326996293771,0.3153985013520705,0.8038435267273359
DPACpBr,toluene,stda,S0S1,0.24256219090521156,0.7070270208230441,0.34307343815919084,0.292972979176956,0.656926561840809,0.4520260438823583,0.7154443925635194
DiCz-Sac,toluene,stddft,S0S1,0.27648060717210815,0.801210797712613,0.3450784836667656,0.19878920228738686,0.6549215163332346,1.0439538642711688,0.7213058328588071
DiCz-Sac,toluene,stddft,S0T1,0.2898957599476808,0.7769115516447088,0.3731386917004597,0.22308844835529115,0.6268613082995402,1.0419477345992274,0.71132468245651
DPACpBr,toluene,stddft,S0S1,0.24527372969000172,0.707627684241764,0.34661409545164557,0.2923723157582359,0.6533859045483543,0.43178435257488906,0.7189347939053401
DPACpBr,toluene,stddft,S0T1,0.2813733377106406,0.6852377116368689,0.41062150102408557,0.31476228836313086,0.5893784989759144,0.3328036317599453,0.8084151405038166
F-2CzB,toluene,stda,S0T1,0.03544236675796556,0.9634566448413341,0.036786675298505364,0.03654335515866551,0.9632133247014943,1.1999454755444985,0.6698091137196918
F-2CzB,toluene,stddft,S0T1,0.03488046461970351,0.964449173193084,0.03616620304025124,0.035550826806916166,0.9638337969597487,1.1853202754336223,0.6717710308517162
CPzPzC,toluene,stddft,S0S1,0.18840758898282886,0.7225245587772186,0.26076288576499723,0.27747544122278156,0.7392371142350027,0.5699568092452267,0.7416823872740679
CPzPzC,toluene,stda,S0S1,0.1857995133924322,0.6811935363147568,0.2727558373463198,0.3188064636852433,0.7272441626536802,0.7738701089399782,0.7448021965344078
CPzPzC,toluene,stddft,S0T1,0.12088690393664762,0.8129837830878232,0.14869534479212204,0.1870162169121769,0.851304655207878,0.60389530674994,0.7070572637386694
CPzPzC,toluene,stda,S0T1,0.12538980274148923,0.7877121391779738,0.15918226532898327,0.2122878608220261,0.8408177346710166,0.6467883730468147,0.7028743005320984
2CzTPEPCz,toluene,stda,S0T1,0.09316291557346819,0.9057590338209562,0.10285618149504866,0.09424096617904383,0.8971438185049513,0.16863110047398966,0.9882066338627684
F-2CzB,toluene,stda,S0S1,0.017088189696783225,0.9994048149311365,0.01709836638916001,0.0005951850688635306,0.9829016336108402,0.2283929165582371,0.7549463137418356
2CzTPEPCz,toluene,stddft,S0T1,0.09118713127925544,0.9083871437772415,0.10038355551806084,0.0916128562227585,0.8996164444819392,0.17098575273168795,0.988880466472339
F-2CzB,toluene,stddft,S0S1,0.016787792914519272,0.9993028864118089,0.01679950407708628,0.0006971135881909588,0.9832004959229137,0.25484089671102067,0.758139379174991
mCP-BmPy,toluene,stda,S0S1,0.2531677232643395,0.5004181134368656,0.5059123889932493,0.49958188656313435,0.49408761100675064,1.4533021545289753,0.7818010243145679
2CzTPEPCz,toluene,stda,S0S1,0.147179513266352,0.8538410338511582,0.17237343654299986,0.14615896614884194,0.827626563457,0.32426225780482476,0.7779239698151744
mCP-BmPy,toluene,stddft,S0S1,0.25333181926893916,0.5012216464631566,0.5054287281017519,0.49877835353684363,0.4945712718982481,1.4005296995063543,0.7839404044644978
2CzTPEPCz,toluene,stddft,S0S1,0.1473198979544089,0.8533825656560452,0.17263054564649497,0.1466174343439548,0.8273694543535052,0.36033417580751004,0.7802038894570192
mCP-BmPy,toluene,stda,S0T1,0.04346460166912111,0.9559817634173519,0.0454659318120756,0.044018236582647974,0.9545340681879244,1.1564895976538816,0.6975744623021952
12AcCz-PM,toluene,stda,S0T1,0.21783444725833978,0.5527729615061628,0.3940758004240972,0.44722703849383727,0.6059241995759028,0.6154432025126757,0.7589348873496746
mCP-BmPy,toluene,stddft,S0T1,0.040673424912325895,0.9593869285649539,0.042395225222804526,0.04061307143504622,0.9576047747771953,1.1481299444930384,0.7007042684101832
12AcCz-PM,toluene,stddft,S0S1,0.18905089755969406,0.6197826564967421,0.3050277312183675,0.3802173435032578,0.6949722687816323,0.6876734606286573,0.7414564975077422
12AcCz-PM,toluene,stda,S0S1,0.19482428017941605,0.6361302437092674,0.30626476591239893,0.3638697562907325,0.6937352340876012,0.43243142854268346,0.7445653693146798
12AcCz-PM,toluene,stddft,S0T1,0.22138508101628543,0.5771111600067564,0.38360907977189973,0.4228888399932436,0.6163909202281003,0.5810920795192956,0.7691422757280568
BDBFCz-Trz,toluene,stda,S0T1,0.2130800775848616,0.8271260425308283,0.2576150025851952,0.17287395746917167,0.7423849974148049,1.795631309408045,0.6722825540827375
BDBFCz-Trz,toluene,stddft,S0T1,0.21345629226756577,0.8272015534644594,0.258046290379382,0.17279844653554058,0.7419537096206179,1.775247523372637,0.674990853920364
BDBFCz-Trz,toluene,stda,S0S1,0.21068987447104187,0.770751892481973,0.27335628562983993,0.229248107518027,0.7266437143701601,1.5522657589188136,0.720509320613292
BDBFCz-Trz,toluene,stddft,S0S1,0.20823731063439843,0.7679062742472655,0.27117542546259504,0.2320937257527346,0.7288245745374051,1.5408943441183762,0.7276951926895757
DPXZ-DPPM,toluene,stddft,S0S1,0.15982264132549612,0.6828687002810679,0.23404593190420547,0.3171312997189319,0.7659540680957946,1.781757251735329,0.5945736649784992
o-TPA-AP-TPA,toluene,stda,S0T1,0.20658008765736657,0.7176861418189803,0.28784182335440944,0.28231385818101973,0.7121581766455903,0.09218056291086714,0.9908415164691871
o-TPA-AP-TPA,toluene,stda,S0S1,0.21727225894401178,0.6903966489875675,0.3147064216818416,0.3096033510124326,0.6852935783181584,0.1943307782094695,0.9714914176996043
DPXZ-DPPM,toluene,stda,S0S1,0.15990915908733538,0.6788252127813561,0.23556750114236075,0.321174787218644,0.7644324988576392,1.804000711865195,0.5752645867029366
DPXZ-DPPM,toluene,stda,S0T1,0.1691972209402624,0.6271259906786192,0.2697978132865653,0.37287400932138093,0.730202186713435,2.033282399496778,0.5855845934518227
DPXZ-DPPM,toluene,stddft,S0T1,0.1695892525853042,0.6340617267919495,0.2674648940621997,0.3659382732080504,0.7325351059378005,1.963388361777444,0.5975217476088212
o-TPA-AP-TPA,toluene,stddft,S0S1,0.21602966565654913,0.7011934141753686,0.308088554868429,0.2988065858246315,0.6919114451315711,0.1409072458005764,0.9927919780931694
o-TPA-AP-TPA,toluene,stddft,S0T1,0.20491894835844648,0.7200855781616988,0.2845758262255197,0.27991442183830106,0.7154241737744802,0.09210616326780498,0.9906200213554285
4NTAZ-PPI,toluene,stda,S0T1,0.03546963290478584,0.03673446648087046,0.9655682061765267,0.9632655335191296,0.03443179382347329,0.11073898959362942,0.9802679542251144
CBTD2,toluene,stddft,S0T1,0.2817856725266165,0.7322898812654043,0.3848007185893215,0.2677101187345957,0.6151992814106785,1.8765327047591627,0.9108047996183857
CBTD2,toluene,stda,S0T1,0.284473318475186,0.7393119451811375,0.38478117434649006,0.26068805481886237,0.61521882565351,1.9623359307088444,0.9102646161834815
CBTD2,toluene,stda,S0S1,0.11634088265643205,0.9301392855373363,0.1250789902817862,0.06986071446266365,0.8749210097182136,0.37639095389589494,0.7196798668716495
CBTD2,toluene,stddft,S0S1,0.1175097003755522,0.9316426423133052,0.1261317323172016,0.06835735768669476,0.8738682676827983,0.4000213635859095,0.7210461209642169
ANOP-MeFAC,toluene,stda,S0T1,0.3973703768377423,0.8891123514525959,0.44692931797487073,0.11088764854740409,0.5530706820251292,2.1063965429472775,0.5774207736312787
ANOP-MeFAC,toluene,stda,S0S1,0.4446760093061869,0.9182761174966921,0.4842508705534191,0.08172388250330784,0.515749129446581,3.4878029244354254,0.46153090448554285
ANOP-MeFAC,toluene,stddft,S0S1,0.4463326620742032,0.9179656997973111,0.4862193240692484,0.08203430020268877,0.5137806759307516,3.469938898549453,0.46291210217865353
4NTAZ-PPI,toluene,stddft,S0T1,0.033861952445269634,0.034999262779999096,0.967504734546026,0.9650007372200009,0.03249526545397382,0.10941685400151549,0.9809335796173532
ANOP-MeFAC,toluene,stddft,S0T1,0.39236599919983406,0.8787221718374659,0.44651883356871597,0.12127782816253395,0.5534811664312839,1.9054834494478055,0.6073034662888971
4NTAZ-PPI,toluene,stda,S0S1,0.020137780694296843,0.998652877962966,0.020164945336535275,0.0013471220370339463,0.9798350546634647,0.507025995581681,0.7188466760810702
TMDBP,toluene,stda,S0T1,0.028043507455990282,0.9683036918574576,0.02896147943234169,0.03169630814254225,0.9710385205676583,0.5007241691254009,0.7550420518124599
4NTAZ-PPI,toluene,stddft,S0S1,0.019348658179713735,0.9987237945095373,0.0193733825969528,0.0012762054904627768,0.9806266174030471,0.4822791126304486,0.7220030076584368
25DAcBPy,toluene,stda,S0T1,0.1285745553232532,0.7918777169799868,0.16236667930700555,0.20812228302001295,0.8376333206929943,2.035970415973193,0.7051850358293587
TMDBP,toluene,stda,S0S1,0.07066366842970344,0.8664426551452278,0.08155608222896094,0.1335573448547724,0.918443917771039,1.1105154436017683,0.6394321099715373
25DAcBPy,toluene,stddft,S0T1,0.1273366110534494,0.7941744350362167,0.16033834059093388,0.20582556496378338,0.8396616594090661,1.947542682314112,0.7149381140465809
25DAcBPy,toluene,stda,S0S1,0.1624565756468814,0.826609751400514,0.19653358234842183,0.17339024859948604,0.8034664176515784,1.2241112902383862,0.6213784012564852
SAIP,toluene,stda,S0T1,0.3301801767814644,0.6578208345134531,0.5019302513057025,0.34217916548654687,0.49806974869429765,0.7908208345406178,0.6988195146727104
SAIP,toluene,stddft,S0S1,0.07261901927221083,0.6142547824986829,0.1182229611250386,0.385745217501317,0.8817770388749614,2.8386326535789146,0.48830898642150644
SAIP,toluene,stddft,S0T1,0.3305090065776971,0.6558979530169593,0.5039030920243645,0.3441020469830408,0.49609690797563566,0.803258550125552,0.7025828401346691
TMDBP,toluene,stddft,S0S1,0.07726107975800554,0.893888830629288,0.08643253737001567,0.10611116937071191,0.9135674626299842,1.079693536865063,0.6616793604176756
SAIP,toluene,stda,S0S1,0.07208393584300102,0.6140520334318492,0.11739059870893055,0.38594796656815095,0.8826094012910695,2.839682217599835,0.4849743242484377
25DAcBPy,toluene,stddft,S0S1,0.1575166145573588,0.8585927500615914,0.183459055001407,0.14140724993840853,0.8165409449985929,1.6915206664588036,0.5828240142426134
TMDBP,toluene,stddft,S0T1,0.16194560903634106,0.6508458451396866,0.2488232970152614,0.3491541548603134,0.7511767029847387,1.0072885312295843,0.7720123006750078
XT-T,toluene,stda,S0T1,0.11277895906294579,0.8914491471931612,0.12651193780154976,0.10855085280683896,0.8734880621984501,0.5794971443851862,0.7334451532683975
SIR-A,toluene,stda,S0T1,0.012473794254817674,0.962592057351096,0.0129585468315037,0.03740794264890419,0.9870414531684963,4.539546801856556,0.3897617052377639
SIR-A,toluene,stda,S0S1,0.012418371315183347,0.9626130038459475,0.012900689337841867,0.03738699615405246,0.9870993106621578,4.544324620295025,0.3864812789023853
SIR-A,toluene,stddft,S0T1,0.012491421587700375,0.9625931417944843,0.012976844572581966,0.03740685820551581,0.987023155427418,4.53584369667077,0.3922572242137107
SIR-A,toluene,stddft,S0S1,0.012414864229121943,0.9626174063958094,0.012896987054914311,0.03738259360419063,0.9871030129450857,4.543795853745917,0.3865321360689025
XT-T,toluene,stddft,S0T1,0.11144161227207065,0.8916001341919059,0.12499057368702036,0.10839986580809417,0.8750094263129797,0.560165704770768,0.741385345330341
indenoacridine,toluene,stda,S0S1,0.40548805717563263,0.7700425542503282,0.5265787649494175,0.22995744574967203,0.47342123505058264,3.2526563536827067,0.6057179545094655
indenoacridine,toluene,stda,S0T1,0.3073446041413022,0.6520039169299905,0.47138459779269026,0.3479960830700095,0.5286154022073096,2.2452698736847134,0.7111266379598108
indenoacridine,toluene,stddft,S0T1,0.30003624091133513,0.6381226921668388,0.47018581942685383,0.36187730783316113,0.5298141805731462,2.122984981785611,0.7207278376896499
XT-T,toluene,stda,S0S1,0.08899884007933283,0.9362428136849446,0.09505957084898049,0.06375718631505546,0.9049404291510195,0.7562041536312312,0.6457477125470806
indenoacridine,toluene,stddft,S0S1,0.15009731740871082,0.4703068655707951,0.3191476212590325,0.5296931344292048,0.6808523787409674,0.8817232665779574,0.7067023566104678
XT-T,toluene,stddft,S0S1,0.050376681279606435,0.9658887985570351,0.0521557775127586,0.034111201442964895,0.9478442224872413,1.156665012370454,0.6486156980411746
26DCzPPy,toluene,stda,S0T1,0.30403988594340403,0.3305336654361329,0.9198454431025329,0.669466334563867,0.08015455689746735,0.9876401566544847,0.7347099676145139
26DCzPPy,toluene,stddft,S0T1,0.29957083827959563,0.3246276290448532,0.9228137455860372,0.6753723709551469,0.07718625441396307,0.9694792105312713,0.7376886569902048
26DCzPPy,toluene,stda,S0S1,0.05749530668309809,0.9657909600020185,0.05953183355845237,0.034209039997981604,0.9404681664415476,0.5976568702852594,0.7861991305607361
C3F7,toluene,stda,S0S1,0.07011993770004092,0.9710198811476355,0.07221266944314991,0.0289801188523643,0.92778733055685,1.8816726654221518,0.40737631497785287
C3F7,toluene,stda,S0T1,0.059300888589732724,0.975745168331691,0.060774975387399725,0.024254831668308788,0.9392250246126003,1.5496207360390548,0.5360207570706451
26DCzPPy,toluene,stddft,S0S1,0.02097489800918004,0.021449595585038728,0.9778691596316254,0.9785504044149614,0.022130840368374663,0.3221207150950719,0.7977326337094375
C3F7,toluene,stddft,S0S1,0.06959509465776668,0.9715215610277904,0.07163515196115747,0.028478438972209735,0.9283648480388426,1.8766250231763066,0.4121726727345102
TSBFB,toluene,stda,S0S1,0.2385177950190887,0.4139413459196167,0.5762115753119441,0.5860586540803832,0.42378842468805594,0.391170272942785,0.9641547762156784
C3F7,toluene,stddft,S0T1,0.05646522267441579,0.9771491286894781,0.05778567571374206,0.02285087131052191,0.942214324286258,1.463242464785921,0.5623547980213022
TSBFB,toluene,stddft,S0S1,0.2393689632176371,0.4166218879829397,0.5745472576501767,0.5833781120170604,0.42545274234982333,0.4017552173944854,0.9632343476187382
BO3N,toluene,stda,S0S1,0.2897703082253844,0.7182923246752014,0.403415570890881,0.2817076753247986,0.5965844291091196,2.270557021781739,0.7140369790012945
BO3N,toluene,stda,S0T1,0.24074714870913796,0.4158903663935176,0.5788716646572711,0.5841096336064825,0.42112833534272887,0.1361974899174256,0.9922821383152349
BO3N,toluene,stddft,S0T1,0.24208590827683044,0.41934972293953454,0.5772888237051166,0.5806502770604656,0.42271117629488353,0.12114109248262021,0.9928686366565795
TSBFB,toluene,stddft,S0T1,0.24153803155725062,0.5740087011468884,0.42079158569312564,0.42599129885311154,0.5792084143068744,0.23063943492878872,0.9769757789397105
BO3N,toluene,stddft,S0S1,0.25564811977540847,0.7837903562753208,0.326169003903395,0.21620964372467924,0.6738309960966051,2.556232332318483,0.7741948284285277
TSBFB,toluene,stda,S0T1,0.2452444950352047,0.5301221588125307,0.46261883409014704,0.469877841187469,0.5373811659098531,0.24545919092609553,0.9758914574130068
3ca,toluene,stda,S0S1,0.24656908131554306,0.6447179976174019,0.38244485531155553,0.3552820023825981,0.6175551446884444,0.13976268897392413,0.8780725263161154
SAF-CzB,toluene,stda,S0T1,0.03308863770217955,0.964854536049513,0.03429391319198975,0.03514546395048722,0.9657060868080103,1.3799973857269492,0.6579971909706499
3ca,toluene,stda,S0T1,0.2522430569714397,0.7282092953027071,0.3463881312673791,0.27179070469729316,0.6536118687326209,0.6137553190568795,0.9218992642491592
3ca,toluene,stddft,S0S1,0.24770277056404633,0.6489880712948771,0.3816753828307254,0.3510119287051228,0.6183246171692747,0.1546869599453005,0.8782491007572262
SAF-CzB,toluene,stddft,S0T1,0.03264834837635891,0.9657973338803602,0.033804554259002834,0.03420266611963992,0.9661954457409972,1.3594176796986928,0.6607916547653903
SAF-CzB,toluene,stda,S0S1,0.01632404512060226,0.9994126667764165,0.016333638409101923,0.000587333223583334,0.9836663615908982,0.3280393111159233,0.7632890988192385
3ca,toluene,stddft,S0T1,0.25168907200874907,0.7363625219250979,0.341800491625714,0.2636374780749021,0.6581995083742859,0.6747392307374249,0.9242726694150689
SAF-CzB,toluene,stddft,S0S1,0.015456837686357265,0.9994953535779493,0.015464641862541493,0.0005046464220508528,0.9845353581374585,0.338907994561687,0.7644310532420763
PPINCN,toluene,stda,S0T1,0.026964742583923704,0.9722025460430385,0.02773572512607882,0.027797453956961534,0.9722642748739214,0.07745529254791222,0.9844872988654636
"5,6PXZ-PIDO",toluene,stda,S0S1,0.29259811681784603,0.682274487555289,0.4288568928706058,0.31772551244471114,0.5711431071293943,1.1887606317692978,0.6744695269931984
PPINCN,toluene,stddft,S0T1,0.025983167616666657,0.976314219289936,0.026613529848580886,0.023685780710063862,0.9733864701514189,0.059944845437235404,0.9859356784426251
"5,6PXZ-PIDO",toluene,stda,S0T1,0.28597046043363766,0.6452950062903835,0.44316236395133457,0.3547049937096168,0.5568376360486653,1.2201036369217104,0.7271181035175467
"5,6PXZ-PIDO",toluene,stddft,S0S1,0.28631744532276704,0.699730367324614,0.4091825347204642,0.3002696326753858,0.5908174652795359,1.1700743174633736,0.6676466746607681
"5,6PXZ-PIDO",toluene,stddft,S0T1,0.2843169465006851,0.6465659151563349,0.43973389230073995,0.35343408484366495,0.5602661076992601,1.1990416955920027,0.735115459679722
PPINCN,toluene,stda,S0S1,0.2827012587176248,0.7600655229146058,0.3719432735661483,0.23993447708539428,0.6280567264338518,1.0759211854995308,0.7925784042608155
PPINCN,toluene,stddft,S0S1,0.2802768826830394,0.7435201867826583,0.37695934510648116,0.2564798132173416,0.6230406548935192,0.9089775504781384,0.7930855529038802
Ph-CF3,toluene,stda,S0T1,0.2178725340135328,0.7742585468207336,0.2813950648761485,0.22574145317926636,0.7186049351238516,0.58620567193037,0.7742827842157384
DC-ACR,toluene,stda,S0S1,0.08142840181840383,0.9657601193818481,0.08431534931316435,0.03423988061815178,0.9156846506868357,0.7457757752353846,0.8810796950084631
DC-ACR,toluene,stda,S0T1,0.1347616382050192,0.9317274624432927,0.14463632729213577,0.0682725375567071,0.8553636727078642,1.7070385508049717,0.5594297840193976
Ph-CF3,toluene,stddft,S0T1,0.2047045665485145,0.7810200468498565,0.2620989914076648,0.2189799531501436,0.7379010085923351,0.47314930889448426,0.7910737819340516
DC-ACR,toluene,stddft,S0S1,0.08143259927711528,0.9656722245085433,0.08432737031300505,0.03432777549145655,0.9156726296869949,0.7444038830439113,0.8811084349735829
DC-ACR,toluene,stddft,S0T1,0.13463435408151425,0.9294886719349147,0.14484776215857068,0.0705113280650854,0.855152237841429,1.6736145612855269,0.5754844889048195
Ph-CF3,toluene,stda,S0S1,0.2176032233481074,0.773384840027113,0.2813647385957019,0.22661515997288686,0.7186352614042981,0.3605890092508994,0.7640315292546586
SBA-2DPS,toluene,stda,S0S1,0.16008279778789927,0.720967184548603,0.22203895158990763,0.27903281545139685,0.7779610484100923,1.2182225227978167,0.6321055645315431
Ph-CF3,toluene,stddft,S0S1,0.2156839062518945,0.37806986426837774,0.5704869037083277,0.6219301357316223,0.42951309629167234,1.3349043181308977,0.7984056656506
6tBPA,toluene,stda,S0T1,0.02834592375335248,0.9538487546068458,0.02971741968152593,0.04615124539315431,0.970282580318474,0.6568184621285837,0.9059433870962256
6tBPA,toluene,stddft,S0T1,0.02838230565380858,0.9556289027935612,0.029700133148798075,0.04437109720643886,0.9702998668512018,0.5828690821543644,0.9243036038704656
6tBPA,toluene,stda,S0S1,0.028273777221437327,0.9399114971297091,0.030081318621784564,0.06008850287029094,0.9699186813782155,1.1930202379365897,0.6939411523627694
SBA-2DPS,toluene,stda,S0T1,0.2650970071472862,0.7622873095039447,0.3477652111508939,0.23771269049605548,0.6522347888491062,1.7586726773796786,0.7117965603388438
6tBPA,toluene,stddft,S0S1,0.027936520985194373,0.9410505364249876,0.029686525753785838,0.058949463575012524,0.9703134742462142,1.1819751640379548,0.7070073978151593
PtOEP,toluene,stda,S0T1,0.09651926531950177,0.40704046710883846,0.23712449527455337,0.5929595328911615,0.7628755047254463,2.0332977067424256,0.8856750316213744
PtOEP,toluene,stda,S0S1,0.10870790647303355,0.4576932459391449,0.23751258607711115,0.542306754060855,0.7624874139228887,1.7509887661727765,0.8907566158287066
PtOEP,toluene,stddft,S0S1,0.11303481376531889,0.47626336544428777,0.2373367803754401,0.5237366345557122,0.7626632196245599,1.6524246372619182,0.892504751396823
SBA-2DPS,toluene,stddft,S0T1,0.2227343594219074,0.808108520210194,0.2756243175903811,0.1918914797898059,0.7243756824096191,1.116501929880522,0.717921919053093
SBA-2DPS,toluene,stddft,S0S1,0.0731757884875622,0.9857653568678438,0.07423246107985562,0.014234643132156107,0.9257675389201446,0.6878225686097919,0.6200061813078888
BPZPP,toluene,stda,S0S1,0.2685848602824137,0.9243278113831361,0.2905731678467095,0.0756721886168637,0.7094268321532904,4.843080794403617,0.5639028627805224
PtOEP,toluene,stddft,S0T1,0.22882085031264274,0.9858390160153322,0.23210772407600067,0.014160983984667898,0.7678922759239992,1.1345168600427868,0.7739701783992938
BPZPP,toluene,stddft,S0S1,0.27076669236259526,0.9167906569152249,0.2953418976515954,0.08320934308477478,0.7046581023484045,4.813647376587217,0.5714597884824295
BPZPP,toluene,stddft,S0T1,0.2561911088117256,0.6045993551512677,0.4237369865332189,0.39540064484873216,0.5762630134667813,2.3634487723243236,0.7869687612999431
BPZPP,toluene,stda,S0T1,0.2594344182966287,0.6128970985817654,0.42329196678684894,0.38710290141823445,0.576708033213151,2.6273598354320513,0.7656736827052069
m-CzCNDMT,toluene,stda,S0T1,0.293772252277011,0.3034086696343733,0.9682394792179974,0.6965913303656267,0.031760520782002595,1.1704837689648866,0.7165787831167394
arylene,toluene,stda,S0T1,0.210541889283826,0.7756189180757042,0.27145017272938166,0.22438108192429596,0.7285498272706183,0.564112659872589,0.7773136632999635
m-CzCNDMT,toluene,stddft,S0T1,0.28849417753875134,0.2979447626517209,0.9682807476498028,0.7020552373482791,0.031719252350197354,1.1508183163081938,0.7204527557166569
arylene,toluene,stddft,S0S1,0.20735732532466164,0.7678332604944802,0.2700551486804892,0.2321667395055198,0.7299448513195108,0.4249934841293807,0.7602123589441794
m-CzCNDMT,toluene,stda,S0S1,0.00013601357641783614,0.00013801605181562306,0.9854909963627851,0.9998619839481844,0.014509003637214708,2.5542255163600105,0.765222584201782
m-CzCNDMT,toluene,stddft,S0S1,0.00018837758069618102,0.0001906345643203358,0.9881606799260063,0.9998093654356797,0.011839320073993805,2.5243665151235435,0.7707174567512027
PSBC,toluene,stda,S0T1,0.030596464933263175,0.9940997158750515,0.030778064257196557,0.005900284124948249,0.9692219357428035,1.599758841814906,0.6747347638870999
arylene,toluene,stddft,S0T1,0.1963005031163719,0.7823465197380489,0.2509124769700499,0.2176534802619512,0.7490875230299503,0.3981275662147759,0.7973391237098059
BACQ,toluene,stda,S0S1,0.362459945324335,0.6991299980122854,0.5184442755350998,0.3008700019877149,0.4815557244649001,1.1740120138680465,0.7453109856985487
arylene,toluene,stda,S0S1,0.22210380348444336,0.7646523777925689,0.2904637583494111,0.235347622207431,0.7095362416505888,0.5692168676594859,0.745020130125322
BACQ,toluene,stda,S0T1,0.3946922621949333,0.6576702029454049,0.6001370602275832,0.342329797054595,0.39986293977241677,1.2294467074145956,0.7402299120440636
BACQ,toluene,stddft,S0S1,0.372729320657938,0.6940252064213039,0.5370544429933498,0.30597479357869617,0.4629455570066501,1.2406030878092007,0.7472427924175413
BACQ,toluene,stddft,S0T1,0.3934031215742428,0.6528874753282438,0.602558842741556,0.3471125246717561,0.3974411572584436,1.2003520814144761,0.7398252702155229
p-PO-ABN,toluene,stda,S0T1,0.20863018987065082,0.7035594889060862,0.2965352513332381,0.29644051109391406,0.7034647486667619,0.09396925257516248,0.9966813265163907
PSBC,toluene,stddft,S0T1,0.1641230704319806,0.22179034623794266,0.7399919483235982,0.7782096537620574,0.26000805167640173,0.5526556221654076,0.8397754377097956
PSBC,toluene,stda,S0S1,0.04351047809147103,0.04632990445620179,0.9391445676863823,0.953670095543798,0.06085543231361767,0.5469483439990276,0.724342858892876
p-PO-ABN,toluene,stda,S0S1,0.18881578096725876,0.6842036339494453,0.27596430594405474,0.31579636605055456,0.7240356940559449,0.2901682743845759,0.8448540406515912
p-PO-ABN,toluene,stddft,S0T1,0.20727169795204306,0.7062694086971766,0.29347398513888323,0.29373059130282325,0.7065260148611169,0.09721927060896468,0.9968316756942518
p-PO-ABN,toluene,stddft,S0S1,0.2130069491790055,0.6845159606815866,0.3111789372550351,0.31548403931841335,0.6888210627449648,0.07998707565209906,0.9915031251035983
TPA-CN-N4-2PY,toluene,stda,S0S1,0.06380693761939266,0.9298446708650835,0.06862107147426,0.07015532913491661,0.93137892852574,0.8918171439896136,0.7674802936278101
TPA-CN-N4-2PY,toluene,stda,S0T1,0.057428754670219115,0.9052077419713828,0.06344262428108427,0.09479225802861715,0.9365573757189155,0.6678473442610199,0.7703000787756806
2BPy-mDTC,toluene,stda,S0T1,0.15484708736018152,0.9593185256678268,0.16141363188247113,0.04068147433217341,0.8385863681175288,2.8038745007788792,0.5499425579186186
2BPy-mDTC,toluene,stda,S0S1,0.07153174319631747,0.9579999460060207,0.07466779460117831,0.04200005399397945,0.9253322053988217,1.6021946344191313,0.7174836883782918
TPA-CN-N4-2PY,toluene,stddft,S0S1,0.06494773628078446,0.9250127120246028,0.07021280403664013,0.07498728797539739,0.92978719596336,0.8127015484167226,0.7561622266491258
TPA-CN-N4-2PY,toluene,stddft,S0T1,0.054744287274408325,0.9079361355268375,0.060295306170012164,0.0920638644731625,0.9397046938299878,0.7661779126160304,0.7851455183949514
2BPy-mDTC,toluene,stddft,S0S1,0.07929177049844587,0.957403962869627,0.08281955535340028,0.04259603713037294,0.9171804446465999,1.7739564500820977,0.7037362670661541
PSBC,toluene,stddft,S0S1,0.1832855626326949,0.23441938311190336,0.781870339387426,0.7655806168880966,0.2181296606125739,0.5508357622592244,0.7419781961341291
2BPy-mDTC,toluene,stddft,S0T1,0.15861311169618866,0.9601718122268394,0.16519242668489886,0.039828187773160585,0.8348075733151011,2.790826797948435,0.5494666724062844
5-DBFBI,toluene,stda,S0S1,0.19001466387026875,0.3521131527160848,0.5396409148722741,0.6478868472839152,0.46035908512772605,0.6224806248045606,0.7590264614295785
5-DBFBI,toluene,stda,S0T1,0.16788697194233962,0.7303118932159243,0.22988393520890135,0.2696881067840758,0.7701160647910983,0.08447254692810184,0.8491841671879521
PBTPA,toluene,stda,S0T1,0.3335430320472042,0.8206221401944384,0.40645141741870927,0.17937785980556148,0.5935485825812907,1.3179723824508844,0.7573837092582082
PBTPA,toluene,stddft,S0T1,0.333775141265388,0.8074264137888759,0.413381499001422,0.19257358621112405,0.586618500998578,1.066795926775274,0.7703966414423029
PBTPA,toluene,stddft,S0S1,0.22461899695372475,0.8597755945491026,0.26125305065390125,0.14022440545089743,0.7387469493460986,2.7430927662685067,0.734613893837184
PBTPA,toluene,stda,S0S1,0.20994855485467392,0.85888092236922,0.24444431048198345,0.1411190776307802,0.7555556895180164,2.683137714211698,0.7380414192018412
5-DBFBI,toluene,stddft,S0T1,0.1627277147293922,0.7357638933457625,0.22116838866530308,0.2642361066542374,0.7788316113346966,0.03529157609324151,0.854883510537174
5-DBFBI,toluene,stddft,S0S1,0.17251565818028577,0.282739081840012,0.6101585145484196,0.7172609181599882,0.3898414854515805,0.6219069177181558,0.7658081167875497
TBPM2CN,toluene,stda,S0T1,0.12201646595475979,0.9548115130669355,0.1277911548875574,0.045188486933064556,0.8722088451124423,2.068581844491533,0.8633405907428263
TBPM2CN,toluene,stddft,S0T1,0.12236809956353763,0.9559979218678079,0.12800038239043188,0.04400207813219188,0.8719996176095683,2.052945266250056,0.8711089427820048
DPPP,toluene,stda,S0T1,0.23027829133244287,0.6639349154448005,0.3468386523672563,0.3360650845551996,0.6531613476327436,0.06938410696888007,0.9921043728598987
DPPP,toluene,stddft,S0T1,0.23077752881095384,0.6617806546621836,0.34872208364682084,0.33821934533781645,0.651277916353179,0.06657293007137259,0.9923358661963426
DPPP,toluene,stda,S0S1,0.24423146529566572,0.4215401555975475,0.5793788849118284,0.5784598444024524,0.4206211150881716,0.1252850765474069,0.9882593299254622
TBPM2CN,toluene,stda,S0S1,0.1825322208004051,0.7135587216233038,0.25580546529535103,0.28644127837669603,0.7441945347046488,0.6940910700247299,0.823082593646215
DPPP,toluene,stddft,S0S1,0.24359752158021825,0.4176772064109794,0.583219572055189,0.582322793589021,0.41678042794481107,0.11848586373809882,0.990499994758411
dTolmp,toluene,stda,S0T1,0.062432024888781766,0.9604575476736824,0.06500237833519862,0.039542452326317735,0.9349976216648015,0.43336999319959235,0.9134619680515164
TBPM2CN,toluene,stddft,S0S1,0.18152616915325728,0.7200007406330187,0.2521194200351252,0.2799992593669812,0.7478805799648747,0.639327689513711,0.8295640753078295
D1–D6,toluene,stda,S0T1,0.35203380539061013,0.4334052975497158,0.8122508132246087,0.566594702450284,0.1877491867753911,1.2511416405564213,0.73643140665058
D1–D6,toluene,stddft,S0T1,0.34963819468706187,0.43008191031195997,0.8129572211801509,0.5699180896880398,0.18704277881984882,1.2406157785469953,0.739495266600425
D1–D6,toluene,stda,S0S1,0.10158202203904335,0.13180723074061815,0.7706862625688978,0.8681927692593823,0.22931373743110195,0.9904254905496528,0.8069320840404044
dTolmp,toluene,stddft,S0T1,0.06264434914370999,0.9590244385874453,0.06532091010733715,0.040975561412554644,0.9346790898926631,0.047305135359581196,0.924849249626117
dTolmp,toluene,stda,S0S1,0.04333314642273498,0.9634060967779964,0.04497910753072648,0.0365939032220036,0.9550208924692735,0.5304264337421137,0.6107789610158181
D1–D6,toluene,stddft,S0S1,0.10067277226167402,0.1308580885440808,0.7693278526513204,0.869141911455919,0.2306721473486793,1.009761180713703,0.8089242850889906
C2FLA-1,toluene,stda,S0S1,0.2001046263144082,0.8096164343167831,0.2471597880584921,0.19038356568321677,0.7528402119415079,0.845860955876878,0.9299423371024919
dTolmp,toluene,stddft,S0S1,0.0432606011410066,0.9643029165009386,0.04486204531868643,0.035697083499061075,0.9551379546813137,0.5062389740955755,0.6104764686528723
C2FLA-1,toluene,stda,S0T1,0.18032580561123585,0.8067367255523104,0.22352497400906185,0.1932632744476896,0.7764750259909383,0.5021812314345769,0.9592296603872281
C2FLA-1,toluene,stddft,S0S1,0.20380704517828882,0.8089856262332887,0.2519291302210561,0.19101437376671115,0.748070869778944,0.9017061898875975,0.9271037892515024
C2FLA-1,toluene,stddft,S0T1,0.17903462540623002,0.8070080414965136,0.22184986542913337,0.19299195850348633,0.7781501345708667,0.45866436827123697,0.9615871336618519
DMAC-Cz,toluene,stddft,S0S1,0.11437215978668801,0.5250997445055442,0.21781035123981177,0.47490025549445575,0.7821896487601884,2.072377554708447,0.7875315127972441
DMAC-Cz,toluene,stda,S0S1,0.11489903874164213,0.5302694408914206,0.2166804833189872,0.4697305591085792,0.7833195166810127,2.0484654677897773,0.7845060625997464
DMAC-Cz,toluene,stda,S0T1,0.025552663341624666,0.979592618499067,0.02608498967741967,0.020407381500932985,0.9739150103225802,1.1196717594282344,0.691475526949807
PrDPhAc,toluene,stda,S0S1,0.3157409304235483,0.87897794333356,0.3592137127196705,0.12102205666643982,0.6407862872803294,0.7697434345425941,0.6851587873690295
PrDPhAc,toluene,stddft,S0S1,0.31216324994232814,0.8801237176201314,0.35468110186420443,0.11987628237986853,0.6453188981357956,0.7649825236629569,0.683859316102597
PrDPhAc,toluene,stda,S0T1,0.23776335815264044,0.9190895282511666,0.25869444797728675,0.08091047174883337,0.7413055520227132,0.6221403626335583,0.7076761777248138
5CzICz,toluene,stda,S0T1,0.22737066360076724,0.48346988844228295,0.47028919284579385,0.5165301115577169,0.5297108071542062,2.220616952978149,0.6076497130754307
PrDPhAc,toluene,stddft,S0T1,0.23013697639774747,0.9236290734498269,0.2491660158965848,0.07637092655017311,0.7508339841034153,0.6079718312203469,0.7104411999013124
5CzICz,toluene,stda,S0S1,0.29694223157605587,0.643251161590437,0.46162719837437505,0.356748838409563,0.538372801625625,2.947001167400787,0.667278763580333
5CzICz,toluene,stddft,S0T1,0.22797349266971428,0.4848909118087024,0.47015418750445387,0.5151090881912975,0.5298458124955464,2.15370513490672,0.6090740722222499
DMAC-Cz,toluene,stddft,S0T1,0.02523181212829477,0.9800690225894999,0.025744933822750837,0.019930977410500254,0.974255066177249,1.1099175923084719,0.6960032639523164
5CzICz,toluene,stddft,S0S1,0.2994032912932231,0.6399203163188457,0.46787589588582906,0.3600796836811543,0.5321241041141709,3.08431983930039,0.6579151416562952
Xm-mCP,toluene,stda,S0T1,0.12258893387177365,0.8717309625584921,0.14062702730207094,0.12826903744150808,0.859372972697929,0.8450699810090119,0.7143167539292491
mCP-Py,toluene,stda,S0T1,0.040187393414620694,0.9567405087402205,0.04200448611456526,0.04325949125977955,0.9579955138854347,1.3175323859719965,0.721370122528838
mCP-Py,toluene,stddft,S0S1,0.19884223713471286,0.9300035512890209,0.21380804068877998,0.06999644871097888,0.78619195931122,0.7470906911168834,0.7977906029672686
mCP-Py,toluene,stddft,S0T1,0.03849545189319264,0.9595742272184924,0.04011722157730205,0.040425772781507566,0.959882778422698,1.333917576120684,0.7240981791157055
mCP-Py,toluene,stda,S0S1,0.055218256467857454,0.9587402746291144,0.05759459358189418,0.041259725370885805,0.9424054064181059,1.2765174359790579,0.7347619914292449
Xm-mCP,toluene,stda,S0S1,0.00011742609372195123,0.00011745819892759843,0.999726666967991,0.9998825418010723,0.00027333303200909194,0.8533623100826788,0.7870748980292698
Xm-mCP,toluene,stddft,S0S1,0.08804269186371065,0.6158968165382227,0.14295039282484537,0.3841031834617771,0.8570496071751545,0.27854321380423147,0.7368456540335081
PPO21,toluene,stda,S0T1,0.2329557103899739,0.8490547516126141,0.2743706574252366,0.1509452483873859,0.7256293425747637,0.9618649636006753,0.6945792953610211
PPO21,toluene,stda,S0S1,0.1928338004919986,0.7471856803011854,0.2580801607630765,0.2528143196988148,0.7419198392369235,0.7763103861880346,0.7711706848088206
Xm-mCP,toluene,stddft,S0T1,0.2587545513117821,0.8967184607672941,0.2885571811361772,0.10328153923270594,0.7114428188638231,0.6125384818992295,0.6191495302646248
PPO21,toluene,stddft,S0T1,0.23275153643786878,0.8480061694626253,0.2744691546116481,0.15199383053737484,0.7255308453883523,0.9575969385050073,0.6974761385541662
PPO21,toluene,stddft,S0S1,0.19449408800511875,0.7485844344185646,0.2598158324734402,0.25141556558143563,0.7401841675265598,0.7222758589641982,0.7713929632059563
3CzBN,toluene,stda,S0S1,0.338142362119681,0.8618933377848629,0.3923250677267501,0.1381066622151372,0.6076749322732498,1.9260855698124715,0.6774843514477137
BPCN-2Cz,toluene,stddft,S0T1,0.10719322559074189,0.5579300901825262,0.19212662567755354,0.44206990981747396,0.8078733743224464,1.452586589003574,0.6851514840857098
BPCN-2Cz,toluene,stda,S0S1,0.1972657147308293,0.9158101897130543,0.21540021824024197,0.0841898102869457,0.784599781759758,0.8889124504353638,0.7792144456679801
BPCN-2Cz,toluene,stda,S0T1,0.10714464532287718,0.5539353346171554,0.19342446424171278,0.44606466538284467,0.8065755357582873,1.4618150182532537,0.6823630277276325
BPCN-2Cz,toluene,stddft,S0S1,0.196771027577382,0.9166753986755948,0.2146572580235874,0.08332460132440545,0.7853427419764127,0.8426830507290308,0.7835651166423829
3CzBN,toluene,stda,S0T1,0.0676198631605711,0.931727643065852,0.07257470964161564,0.06827235693414814,0.9274252903583842,0.6408115420323701,0.7299036710622466
3CzBN,toluene,stddft,S0T1,0.09078581183289963,0.8986290007515763,0.10102702200459825,0.10137099924842373,0.898972977995402,0.6060112493065272,0.7318216587874744
3CzBN,toluene,stddft,S0S1,0.33722624533673284,0.8593158811820304,0.3924357186007803,0.14068411881796955,0.6075642813992199,1.8854354695086646,0.6693215708552785
mCP-BP-DMAC,toluene,stda,S0S1,0.01658401035320106,0.9928844089132097,0.01670286108264462,0.007115591086790403,0.9832971389173554,3.911315544855803,0.42435194822728844
mCP-BP-DMAC,toluene,stda,S0T1,0.019663090284444382,0.996229575539746,0.019737509071431795,0.0037704244602539735,0.9802624909285682,0.7040005385278592,0.7232324748389032
mCP-BP-DMAC,toluene,stddft,S0S1,0.01828706256965909,0.9957359551339598,0.018365373345586248,0.004264044866040323,0.9816346266544136,0.4242035357047014,0.6813862552924073
ICZ,toluene,stda,S0T1,0.239821450957092,0.8827270410591496,0.27168245652624357,0.1172729589408503,0.7283175434737562,0.7546578104389878,0.6946776599449949
ICZ,toluene,stda,S0S1,0.09262808370230631,0.6657475441794737,0.13913394726295142,0.3342524558205262,0.8608660527370486,1.0083435853389553,0.750194685601614
SIR-C,toluene,stda,S0S1,0.006655517380534043,0.6036863885608841,0.011024792850473237,0.39631361143911603,0.9889752071495267,5.6107902398626335,0.38926926962946384
mCP-BP-DMAC,toluene,stddft,S0T1,0.019828510112186,0.9963033710476171,0.01990208071998817,0.0036966289523830296,0.9800979192800117,0.717214281618412,0.7296886548573334
SIR-C,toluene,stda,S0T1,0.007275880277581207,0.6029846598694463,0.01206644341359617,0.39701534013055384,0.9879335565864037,5.610232775475666,0.39760778516738926
SIR-C,toluene,stddft,S0S1,0.006664930258451427,0.60374479528968,0.01103931712612704,0.39625520471032,0.988960682873873,5.609449427063867,0.38942890879185676
ICZ,toluene,stddft,S0S1,0.08979233424456388,0.6693333733195751,0.13415188577739165,0.3306666266804249,0.8658481142226083,1.0008207710126331,0.7472866899688696
ICZ,toluene,stddft,S0T1,0.23722021564155069,0.8852015980846968,0.2679843960458522,0.11479840191530333,0.732015603954148,0.7446075217655717,0.6945983170458645
SIR-C,toluene,stddft,S0T1,0.007493950254015209,0.6029805290837533,0.012428179505899613,0.39701947091624684,0.9875718204941002,5.603667587499018,0.40123627093791214
TBRb,toluene,stda,S0S1,0.02990807780825661,0.9733799191507986,0.030726006587796856,0.026620080849201453,0.9692739934122031,0.04205470251363189,0.9963947904539548
TBRb,toluene,stda,S0T1,0.02515473698527042,0.9765031719404662,0.02576001564366041,0.023496828059534076,0.9742399843563394,0.03915272071285195,0.9980548891178167
TBRb,toluene,stddft,S0T1,0.024418177823215318,0.9773058024086525,0.02498519681663064,0.022694197591347602,0.9750148031833693,0.040998141518927916,0.9982627003039171
TBRb,toluene,stddft,S0S1,0.029962725124858605,0.9730074013555176,0.030793933410081863,0.02699259864448237,0.9692060665899183,0.04029476101221615,0.996172625389165
2PCzBN-tPh,toluene,stda,S0S1,0.23051008438570833,0.7641112730435856,0.3016708331857837,0.23588872695641439,0.6983291668142162,0.628607080741869,0.7116711289835129
2PCzBN-tPh,toluene,stda,S0T1,0.29397321835118245,0.6375477292691174,0.46109993786377745,0.3624522707308826,0.5389000621362225,0.9761891144228902,0.697096280737574
2PCzBN-tPh,toluene,stddft,S0S1,0.23212837317140542,0.7630214234684205,0.3042226155541393,0.23697857653157955,0.6957773844458607,0.5661177806338828,0.7172659540035509
TAA-PPO,toluene,stda,S0S1,0.24001428382482154,0.8435114479574339,0.2845418214607721,0.15648855204256612,0.7154581785392279,3.3502085885234276,0.5539288480732001
TAA-PPO,toluene,stda,S0T1,0.2173182377810446,0.7817806216093961,0.2779785425400632,0.21821937839060374,0.7220214574599366,1.5253750371859416,0.8654292422115504
TAA-PPO,toluene,stddft,S0S1,0.24241655060714257,0.839589940526836,0.2887320808715599,0.16041005947316417,0.7112679191284399,3.258783288759066,0.5773909310880215
2PCzBN-tPh,toluene,stddft,S0T1,0.2880565766381808,0.6574104588686115,0.43816853345156637,0.34258954113138856,0.5618314665484337,0.9281665752526197,0.7012908910547239
TBPe,toluene,stda,S0S1,0.01964052476389089,0.9978174845711323,0.019683484272008424,0.0021825154288677116,0.9803165157279916,0.05914646245290516,0.9925425556918855
SAF-2CzB,toluene,stda,S0T1,0.03461959924566464,0.9646527592325541,0.03588814618973034,0.03534724076744582,0.9641118538102694,0.9231271743252304,0.6739773756690455
SAF-2CzB,toluene,stddft,S0S1,0.015756524690824423,0.9995341784061615,0.015763867840867113,0.0004658215938383895,0.9842361321591329,1.3128695548461846,0.7359514335894473
TAA-PPO,toluene,stddft,S0T1,0.21259446488959602,0.7742569337055705,0.2745787033150937,0.22574306629442953,0.7254212966849064,1.2846977504810735,0.8930758223968015
TBPe,toluene,stda,S0T1,0.017086878854659957,0.9978104099927871,0.01712437421331721,0.002189590007212813,0.9828756257866826,0.055408947806525735,0.9934889401562016
TBPe,toluene,stddft,S0T1,0.016653282248423204,0.9978067626001292,0.016689887133083104,0.002193237399870786,0.983310112866917,0.05494364632444551,0.9936188467229761
TBPe,toluene,stddft,S0S1,0.02024368241086753,0.9978074872671644,0.020288164469793413,0.0021925127328356704,0.9797118355302068,0.06074157629207047,0.9922825986950314
B4PyPPM,toluene,stda,S0S1,0.14031958926700738,0.6029789744540812,0.232710583970276,0.39702102554591845,0.7672894160297239,1.389552871703842,0.6056017595792035
B4PyPPM,toluene,stddft,S0S1,0.14041013919169734,0.6029152745823438,0.23288535738120641,0.39708472541765627,0.7671146426187936,1.3874164441804617,0.6063097696336914
B4PyPPM,toluene,stda,S0T1,0.23370394287453444,0.5843689566897668,0.39992532149274407,0.4156310433102331,0.6000746785072559,0.5975849287089479,0.8882602269284195
SAF-2CzB,toluene,stddft,S0T1,0.03407621534919538,0.965594202220933,0.035290410061305,0.034405797779067146,0.964709589938695,0.9116461135117029,0.6759449088065358
B4PyPPM,toluene,stddft,S0T1,0.2418197122728602,0.5875639594286772,0.41156321519106726,0.41243604057132294,0.5884367848089328,0.4570144519213491,0.9376549820915805
DMDHNP-DPS,toluene,stda,S0S1,0.3457166049796714,0.898240044321527,0.38488220066029627,0.10175995567847304,0.6151177993397038,0.9180446275527704,0.5620619894063152
SAF-2CzB,toluene,stda,S0S1,0.032011753540326135,0.9621690541077672,0.03327040440934892,0.037830945892232765,0.966729595590651,0.35885771008502126,0.9291967892391038
DMDHNP-DPS,toluene,stda,S0T1,0.3469340154932394,0.8953386187443002,0.3874891669252572,0.10466138125569985,0.6125108330747425,0.9255496409318137,0.5696862274426071
BTrztCz,toluene,stda,S0T1,0.0442744325486287,0.9811518135658226,0.045124956134689406,0.018848186434177402,0.9548750438653106,1.3996885321629797,0.6548634141457024
DMDHNP-DPS,toluene,stddft,S0S1,0.3460345792019706,0.8989116655540775,0.384948368634953,0.1010883344459224,0.615051631365047,0.9163480068992578,0.5607432779678624
DMDHNP-DPS,toluene,stddft,S0T1,0.3467227363493045,0.8946497986942041,0.3875513489807603,0.10535020130579584,0.6124486510192396,0.9257529905927623,0.5727555414012901
HAP-3MF,toluene,stda,S0S1,0.2614367014726925,0.666080520054992,0.3925001461551647,0.33391947994500804,0.6074998538448354,1.1973700894057766,0.26594325560491305
BTrztCz,toluene,stddft,S0T1,0.0405893560914277,0.9839153199716276,0.04125289571931672,0.01608468002837225,0.9587471042806833,1.181979851372468,0.6678925145225891
HAP-3MF,toluene,stda,S0T1,0.25143952223413557,0.6661061016170631,0.3774766837050914,0.3338938983829369,0.6225233162949083,1.084096021490961,0.2864781771860063
HAP-3MF,toluene,stddft,S0S1,0.2635085085488698,0.6660795987520871,0.395611138732605,0.33392040124791295,0.6043888612673948,1.2238003359671568,0.2611339805495462
HAP-3MF,toluene,stddft,S0T1,0.2496503078951299,0.6661067275899009,0.3747902514037226,0.3338932724100991,0.6252097485962778,1.067204039533946,0.2898845600954804
BTrztCz,toluene,stda,S0S1,0.06643626387462227,0.915335117623076,0.07258135582860914,0.08466488237692416,0.927418644171391,3.1602486701519448,0.5224930309587769
BTrztCz,toluene,stddft,S0S1,0.07283644261530241,0.9111267349591093,0.0799410661773318,0.08887326504089073,0.9200589338226682,2.974755707399611,0.5215609143881564
TPA-BT-Q,toluene,stda,S0S1,0.1098761209560736,0.8449470191537256,0.13003906572286902,0.15505298084627434,0.869960934277131,0.4628532485341409,0.6018392011004952
TPA-BT-Q,toluene,stda,S0T1,0.10511841717519486,0.8512362216640069,0.12348912616724428,0.14876377833599283,0.8765108738327556,0.4906864151974226,0.6732592642351425
TPA-BT-Q,toluene,stddft,S0S1,0.10914261327720234,0.8451911059554961,0.12913365096739352,0.154808894044504,0.8708663490326066,0.5240964240300633,0.5871185493889088
TPA-BT-Q,toluene,stddft,S0T1,0.10506694782017553,0.8517201352766708,0.12335853465064064,0.14827986472332927,0.8766414653493596,0.46848193783992986,0.6816792779355485
pDTCz-2DPyS,toluene,stda,S0S1,0.0931895875163503,0.8910432360879977,0.10458480996442587,0.10895676391200215,0.895415190035574,0.3046928595655948,0.6992409160770552
BPCN-Cz2Ph,toluene,stda,S0T1,0.19429656146690424,0.7318049693580166,0.2655032004460873,0.2681950306419836,0.7344967995539129,1.1032941072498381,0.6601647172050201
pDTCz-2DPyS,toluene,stda,S0T1,0.0712814819659039,0.9079872882500841,0.07850493381166264,0.09201271174991596,0.9214950661883374,0.29510510060957273,0.7044983476635651
BPCN-Cz2Ph,toluene,stddft,S0T1,0.1935309529206169,0.7301420501214159,0.26505931672944255,0.26985794987858414,0.7349406832705578,1.1032835047368934,0.6634282593997896
BPCN-Cz2Ph,toluene,stda,S0S1,0.2968886164119225,0.7454636308871435,0.3982603632300725,0.2545363691128563,0.6017396367699277,1.243292717200474,0.7415451825731746
pDTCz-2DPyS,toluene,stddft,S0S1,0.08282725072617202,0.9012103133028514,0.09190668316102364,0.0987896866971488,0.9080933168389765,0.26894272115158385,0.6970778279850007
BPCN-Cz2Ph,toluene,stddft,S0S1,0.29603953150921763,0.7473345332968836,0.39612719380600864,0.2526654667031162,0.6038728061939915,1.2645745879637673,0.746285200769524
pDTCz-2DPyS,toluene,stddft,S0T1,0.06946469932640302,0.9097410629986672,0.07635656139059514,0.09025893700133303,0.9236434386094046,0.28371546472236714,0.7059646200866463
1MOBI,toluene,stda,S0T1,0.07512462065228123,0.9339280478925036,0.08043940946179633,0.06607195210749617,0.9195605905382038,0.18978828976518272,0.8628541607215834
1MOBI,toluene,stda,S0S1,0.16013049311282723,0.8015991316328807,0.19976380561520415,0.1984008683671194,0.8002361943847957,0.16164759697810233,0.9260587629862411
1MOBI,toluene,stddft,S0S1,0.16161037446338158,0.8009661463772938,0.20176929473777694,0.1990338536227062,0.7982307052622232,0.17004385300247662,0.9233748154119616
1MOBI,toluene,stddft,S0T1,0.1115135138766195,0.9081647656914884,0.12278995848480387,0.09183523430851165,0.8772100415151963,0.14010043955260928,0.972280111393947
PO-TPA,toluene,stda,S0S1,0.132031570759784,0.7041600940694454,0.18750220563729197,0.29583990593055465,0.8124977943627079,4.81869398874262,0.5480987910845742
PO-TPA,toluene,stda,S0T1,0.15291132827833326,0.7037149187886972,0.21729158242309138,0.29628508121130287,0.7827084175769086,3.3338612395696083,0.7059485608410041
PO-TPA,toluene,stddft,S0S1,0.13063083972924247,0.7075821681856058,0.18461578824719152,0.2924178318143942,0.8153842117528085,4.797582954062079,0.5483696683521719
PO-TPA,toluene,stddft,S0T1,0.15526984272935115,0.7019229374834528,0.22120639522912228,0.2980770625165471,0.7787936047708778,3.075138081102474,0.7318679152628176
BTZ–DMAC,toluene,stda,S0S1,0.343618746639682,0.8381204325461709,0.40998731601827704,0.16187956745382923,0.5900126839817229,1.1197745818606553,0.4040572616790577
9PhCzFDBFDPO,toluene,stda,S0T1,0.2381769148235138,0.7341074148899658,0.3244442298123549,0.2658925851100341,0.6755557701876452,1.9719411822213113,0.6787881271286741
BTZ–DMAC,toluene,stda,S0T1,0.32915183289280947,0.8220548841901093,0.4004012861222651,0.17794511580989064,0.599598713877735,0.9230344614429994,0.6511040798311541
BTZ–DMAC,toluene,stddft,S0S1,0.3456903833367856,0.8382743705662147,0.4123833382896916,0.1617256294337855,0.5876166617103085,1.1232518255547053,0.4104343852674058
9PhCzFDBFDPO,toluene,stddft,S0T1,0.23720640193604758,0.7314832517857065,0.3242813849216318,0.26851674821429333,0.6757186150783682,1.9353002643921458,0.6817116356405444
BTZ–DMAC,toluene,stddft,S0T1,0.32306665478572993,0.8127288678491384,0.3975085266021321,0.1872711321508615,0.6024914733978677,0.8616982281174284,0.6910948993348384
TXO-P-Si,toluene,stda,S0S1,0.0830242317035202,0.8919236156565027,0.09308446401254888,0.10807638434349735,0.906915535987451,0.8678747644860471,0.7507123724740266
TXO-P-Si,toluene,stda,S0T1,0.08301665667790381,0.8919160951587193,0.0930767559062052,0.1080839048412807,0.9069232440937945,0.8530639283240397,0.7522021856848348
TXO-P-Si,toluene,stddft,S0S1,0.08300041033428948,0.891993776039457,0.09305043663288744,0.1080062239605431,0.9069495633671126,0.868946890882767,0.7506197114511927
9PhCzFDBFDPO,toluene,stda,S0S1,0.3061469636642549,0.7051525407500449,0.43415707378522334,0.29484745924995526,0.5658429262147765,0.4388125872001942,0.778257799446472
TXO-P-Si,toluene,stddft,S0T1,0.08298133522304675,0.8920795414412462,0.0930201079255577,0.1079204585587538,0.9069798920744421,0.8536168262887491,0.7521615173582892
9PhCzFDBFDPO,toluene,stddft,S0S1,0.30418638467892234,0.7061310318959819,0.4307789502780712,0.293868968104018,0.5692210497219287,0.43309963878266755,0.7812897585631903
DmPy-PPI,toluene,stda,S0T1,0.1574281222082857,0.24061787176014218,0.6542661235289146,0.7593821282398576,0.3457338764710853,0.4074828845534007,0.8357540214171211
AcCYP,toluene,stda,S0S1,0.12751570526089645,0.6938036913513183,0.18379219777936712,0.3061963086486819,0.8162078022206327,5.022949953231922,0.3313312662498265
DmPy-PPI,toluene,stddft,S0T1,0.15754812797729437,0.2388194293328515,0.6596956052420413,0.7611805706671484,0.34030439475795865,0.4420635777965659,0.8447974225913988
AcCYP,toluene,stda,S0T1,0.22540459572144453,0.9022408654497442,0.24982751763198627,0.09775913455025577,0.7501724823680138,2.0266693091649275,0.7543882385812185
AcCYP,toluene,stddft,S0S1,0.12753041622017042,0.6937214152946771,0.18383520157871786,0.306278584705323,0.8161647984212821,5.029423743749349,0.3301550311888447
DmPy-PPI,toluene,stda,S0S1,0.047390466054252546,0.05060705241121295,0.9364399583911014,0.9493929475887871,0.06356004160889833,0.8007460048734992,0.7329032913412964
AcCYP,toluene,stddft,S0T1,0.22581064799122558,0.9018441902774762,0.2503876505782545,0.09815580972252368,0.7496123494217456,2.011446948539842,0.7585745646560509
PhPC,toluene,stda,S0S1,0.22037260032626393,0.6909273343779726,0.31895192064540445,0.3090726656220274,0.6810480793545955,0.036549167163686544,0.9953702766473673
PhPC,toluene,stda,S0T1,0.21184504641705482,0.7058350653181893,0.3001339219688036,0.2941649346818107,0.6998660780311963,0.05436816312966206,0.9965055678917354
DmPy-PPI,toluene,stddft,S0S1,0.045249871666462584,0.048137211927528435,0.9400185398063186,0.9518627880724717,0.05998146019368139,0.7674797757783609,0.7358265189159229
PhPC,toluene,stddft,S0S1,0.2219725469700046,0.6882945720697254,0.3224964368126942,0.31170542793027445,0.6775035631873056,0.042867013173432694,0.9957299768824005
PhPC,toluene,stddft,S0T1,0.20993258644304633,0.7082702518965783,0.29640181255798487,0.29172974810342167,0.7035981874420151,0.06451332626420203,0.996620420754111
mPTBC,toluene,stda,S0T1,0.34360238102218127,0.9454188772580076,0.3634393064148762,0.054581122741992595,0.6365606935851238,2.966690141266966,0.5614032647692666
mPTBC,toluene,stda,S0S1,0.36506999748763025,0.9738920735105093,0.37485672942351017,0.026107926489490618,0.6251432705764898,3.270901115821428,0.5049126664500682
mPTBC,toluene,stddft,S0S1,0.3669994270790225,0.9750226051349852,0.3764009420358146,0.024977394865014914,0.6235990579641855,3.28664073000702,0.5026740847575211
mPTBC,toluene,stddft,S0T1,0.3403260541932203,0.9393620454417214,0.3622948743188649,0.06063795455827875,0.637705125681135,2.909219683738958,0.5753080688714518
PXZPDO,toluene,stda,S0S1,0.3063862213932063,0.34929852636290337,0.8771471914968421,0.6507014736370966,0.12285280850315775,1.139470735795636,0.7188800377603355
PXZPDO,toluene,stda,S0T1,0.2803344740965366,0.33123839763988494,0.846322395271668,0.6687616023601152,0.15367760472833208,1.2164442709331647,0.7529064413987211
PXZPDO,toluene,stddft,S0S1,0.3094744849036913,0.35220508681032914,0.8786769314048855,0.6477949131896711,0.12132306859511452,1.152212745629841,0.7122758495491256
PXZPDO,toluene,stddft,S0T1,0.27693767693720645,0.3277514986786218,0.8449623512134079,0.672248501321378,0.15503764878659215,1.2075821249434688,0.7599226142790942
BPBiPA,toluene,stda,S0S1,0.22282761883952706,0.6948619809294153,0.32067896208896496,0.30513801907058474,0.679321037911035,0.06684592735946784,0.989343447172041
BPBiPA,toluene,stddft,S0S1,0.22445284290739595,0.6921550872921368,0.32428114309685263,0.30784491270786346,0.6757188569031474,0.07564463213461912,0.9896402089475531
BPBiPA,toluene,stda,S0T1,0.21167275180402254,0.7073118810783748,0.2992636734467179,0.2926881189216252,0.7007363265532821,0.05855293896712833,0.9899579214488354
BPBiPA,toluene,stddft,S0T1,0.20972142715412306,0.7096060678295466,0.29554627089871494,0.29039393217045323,0.7044537291012851,0.07087506246597075,0.9895797203231296
BFCZPZ3,toluene,stda,S0T1,0.2534864176608774,0.7852738891312215,0.3228000079581394,0.21472611086877852,0.6771999920418603,1.0985731381506736,0.693970099137375
BFCZPZ3,toluene,stddft,S0T1,0.25192413263677005,0.7858104117331163,0.3205914923946448,0.21418958826688392,0.6794085076053552,1.089213234064974,0.7039783030393063
TPA–DAP–TPA,toluene,stda,S0T1,0.20351514735511794,0.7287996520549547,0.2792470424228084,0.27120034794504544,0.7207529575771917,0.11834161023135627,0.9895734448379795
BFCZPZ3,toluene,stda,S0S1,0.2977880339411418,0.6650397651338215,0.44777477912350083,0.33496023486617854,0.5522252208764993,0.7552012303383485,0.7800420962255853
BFCZPZ3,toluene,stddft,S0S1,0.2894102407819901,0.672732775332119,0.43020089312448356,0.32726722466788105,0.5697991068755164,0.7270268091105566,0.7723943405582201
TPA–DAP–TPA,toluene,stddft,S0T1,0.20143073072064993,0.7315749474136679,0.2753384754805597,0.268425052586332,0.7246615245194403,0.1284706664662685,0.9892384017133192
TPA–DAP–TPA,toluene,stddft,S0S1,0.22851555328937015,0.6692772518797141,0.34143630707239414,0.330722748120286,0.6585636929276059,0.13510813005664601,0.98991167031551
TPA–DAP–TPA,toluene,stda,S0S1,0.2272168177269139,0.6738653575592096,0.33718429828461594,0.32613464244079027,0.6628157017153841,0.14102299807810992,0.9873808740916789
TMAB,toluene,stda,S0S1,0.05433503187633685,0.9223520324296272,0.058909212497975885,0.07764796757037282,0.9410907875020242,3.8525907363952654,0.4988454927381666
FAPbCl3,toluene,stda,S0S1,0.0871469989604271,0.9489186241972052,0.09183822167486105,0.05108137580279493,0.908161778325139,1.6981516782090325,0.5990685617067303
FAPbCl3,toluene,stda,S0T1,0.11159285867166434,0.8743651873998425,0.12762728923771016,0.12563481260015774,0.8723727107622897,0.19373953530030968,0.9809995617324242
FAPbCl3,toluene,stddft,S0S1,0.0841579030922017,0.9511872897414905,0.08847669013225962,0.048812710258509535,0.9115233098677402,1.68985783018168,0.5986652619797768
FAPbCl3,toluene,stddft,S0T1,0.11715866783977286,0.8607794252241882,0.13610765360621757,0.13922057477581176,0.8638923463937824,0.18083414309241905,0.9845287086518476
F2PA,toluene,stda,S0S1,0.16082042266308216,0.9007457239805939,0.17854142226996234,0.09925427601940613,0.8214585777300378,1.7152390999337073,0.6670507464320231
TMAB,toluene,stda,S0T1,0.04946083558850419,0.9212628294736682,0.0536880833635304,0.07873717052633161,0.9463119166364697,2.8375601892995608,0.5801982828898969
F2PA,toluene,stddft,S0S1,0.1614360744752513,0.9019469222687069,0.17898622467626368,0.09805307773129301,0.8210137753237363,1.7487161126621666,0.6612671789645588
TMAB,toluene,stddft,S0T1,0.04929790144067671,0.9238293965804247,0.053362559822358976,0.07617060341957516,0.946637440177641,2.8204783707086625,0.5993683232658651
F2PA,toluene,stda,S0T1,0.18635842638517194,0.8122222878718485,0.22944264047895147,0.18777771212815159,0.7705573595210484,0.31267793789145554,0.9368706047532478
TMAB,toluene,stddft,S0S1,0.04529099199499435,0.9978529804269053,0.04538844186807739,0.0021470195730945735,0.9546115581319226,3.113286464142174,0.6010723031663311
F2PA,toluene,stddft,S0T1,0.18267975402654793,0.8167917671467579,0.22365523426453043,0.18320823285324206,0.7763447657354698,0.28460536233274786,0.938675488691753
InDM,toluene,stda,S0T1,0.4051516817702524,0.7706477374432391,0.5257287630719778,0.22935226255676075,0.4742712369280222,0.48129822117144977,0.5397285299808467
InDM,toluene,stda,S0S1,0.08155656932889163,0.5091064189921727,0.16019552354170088,0.4908935810078273,0.839804476458299,1.1109550528518148,0.5518569037541006
2CM,toluene,stda,S0T1,0.03155362101461812,0.9694712439237206,0.03254724801007177,0.030528756076279452,0.967452751989928,1.2839814918884926,0.6916570967514244
InDM,toluene,stddft,S0T1,0.40504416442921504,0.7710297931283026,0.5253288109475349,0.22897020687169742,0.474671189052465,0.4983226543360511,0.5427308987526738
InDM,toluene,stddft,S0S1,0.08118888857670695,0.5031416164503186,0.16136389024922515,0.4968583835496812,0.8386361097507751,1.0824231025605395,0.5446282588923184
BTPBFCz,toluene,stda,S0T1,0.16297543898606368,0.25671668583095086,0.6348455241954306,0.7432833141690496,0.3651544758045692,2.1949590637156757,0.6884111207693459
2CM,toluene,stddft,S0T1,0.03097007129536723,0.9703626840866364,0.031915975133069055,0.029637315913363483,0.9680840248669311,1.2742134805069802,0.6946811281138716
2CM,toluene,stda,S0S1,0.02903919530637314,0.9978250546600398,0.029102491634935772,0.002174945339960364,0.9708975083650644,0.7072876524464562,0.7633337291769243
BTPBFCz,toluene,stddft,S0T1,0.1657745460599284,0.2600685502160541,0.6374263474849605,0.7399314497839458,0.36257365251503937,2.1723629326764513,0.6922714409955777
2CM,toluene,stddft,S0S1,0.02549282560924517,0.9982027605154883,0.025538724813864724,0.00179723948451155,0.9744612751861352,0.7239085173133628,0.7645597001627747
ZDZ,toluene,stda,S0T1,0.37281422201924563,0.7800570343266638,0.4779320044733069,0.2199429656733361,0.522067995526693,2.123388487080192,0.6507521016899807
BTPBFCz,toluene,stddft,S0S1,0.2896659491071634,0.7984942567643876,0.3627652254894495,0.20150574323561227,0.6372347745105507,0.269060084345872,0.720093573939847
DPAA,toluene,stda,S0S1,0.2178216727739396,0.7119708322157569,0.3059418489041845,0.28802916778424315,0.6940581510958157,0.01870106847059337,0.9955624491108873
ZDZ,toluene,stda,S0S1,0.12625526505422313,0.5666518167198764,0.2228092478112309,0.43334818328012353,0.7771907521887689,1.9295661157608666,0.7004519631673588
BTPBFCz,toluene,stda,S0S1,0.17699724527719493,0.7518585102582598,0.23541297047551837,0.24814148974174044,0.7645870295244819,0.9208665047218736,0.7246332601859906
DPAA,toluene,stda,S0T1,0.2040477700078615,0.7307329340322927,0.27923713371162245,0.26926706596770733,0.7207628662883776,0.028078748093093846,0.9964154197633233
DPAA,toluene,stddft,S0T1,0.20146797697147883,0.7335187929882653,0.2746595982234117,0.2664812070117346,0.7253404017765883,0.035386581091790305,0.9965526458487088
ZDZ,toluene,stddft,S0S1,0.12187921540066157,0.558294938317863,0.21830614436140583,0.44170506168213725,0.7816938556385942,2.031161238135504,0.7101702726331381
ZDZ,toluene,stddft,S0T1,0.3264272697818409,0.804952475878379,0.4055236545805234,0.19504752412162094,0.5944763454194765,1.2027723336243494,0.6459186939294803
DPAA,toluene,stddft,S0S1,0.21908537969750694,0.7109797726332271,0.3081457280930641,0.28902022736677313,0.6918542719069359,0.022203786156848305,0.9954506151791831
DPFPhe,toluene,stda,S0S1,0.4097836614049055,0.6705112336377941,0.6111510752499458,0.32948876636220575,0.38884892475005434,1.5464698752173787,0.5461832916413162
DPFPhe,toluene,stddft,S0S1,0.41854950542207875,0.6751599057138106,0.6199264824228101,0.32484009428618943,0.38007351757719005,1.611597231599433,0.5388349267404576
DPFPhe,toluene,stda,S0T1,0.31886332766285447,0.682447546239321,0.4672349243835296,0.3175524537606789,0.5327650756164701,0.8484668946277741,0.9037178188889629
SFAC-BP-SFAC,toluene,stda,S0S1,0.08882176851729885,0.8484464803421655,0.10468753253767803,0.15155351965783456,0.8953124674623222,0.7902266786946031,0.4151441260934645
DPFPhe,toluene,stddft,S0T1,0.3021762673143613,0.6535009139669448,0.46239608982344277,0.3464990860330551,0.5376039101765573,0.6545064107774577,0.9365511916831388
SFAC-BP-SFAC,toluene,stda,S0T1,0.07916760285278063,0.8962777185978138,0.08832932160428442,0.10372228140218638,0.9116706783957158,1.4190734510801732,0.4955076924396318
SFAC-BP-SFAC,toluene,stddft,S0T1,0.0787275437512097,0.8980763763379228,0.08766241471826286,0.10192362366207716,0.912337585281737,1.4164053073136909,0.5157890788059065
TMOE,toluene,stda,S0T1,0.11310211477176703,0.8637811458380524,0.1309383925740053,0.13621885416194754,0.8690616074259948,0.18931724698695243,0.9812534833838958
9CzFDBFDPO,toluene,stda,S0T1,0.28500886617061727,0.7147440043161606,0.39875656801528925,0.2852559956838395,0.6012434319847109,1.2243972151660893,0.6970071558708726
TMOE,toluene,stddft,S0S1,0.13014847340248564,0.8431561655242313,0.1543586807807614,0.15684383447576883,0.8456413192192387,0.30510863508045866,0.9654205928615993
TMOE,toluene,stda,S0S1,0.12967207528911429,0.8446867292786582,0.15351499058100637,0.1553132707213418,0.8464850094189937,0.3061150775247402,0.9668675406761459
SFAC-BP-SFAC,toluene,stddft,S0S1,0.08768497601608419,0.8540694168735979,0.10266727069687538,0.14593058312640206,0.8973327293031246,0.8762858449505159,0.4112074473226134
9CzFDBFDPO,toluene,stddft,S0T1,0.2835858802516064,0.711713123602004,0.39845531977318155,0.2882868763979959,0.6015446802268183,1.2073055049298216,0.7001337760321631
TMOE,toluene,stddft,S0T1,0.11081359622864458,0.866798786412149,0.12784235276484857,0.1332012135878512,0.8721576472351515,0.182835813275918,0.982385590207504
9CzFDBFDPO,toluene,stda,S0S1,0.29272971655686675,0.6258702117645671,0.46771632689076204,0.3741297882354329,0.5322836731092379,0.5872308125697175,0.7816219230664002
ICBNTrz4,toluene,stda,S0T1,0.2018763331156501,0.824951645781173,0.24471292850684231,0.1750483542188271,0.7552870714931578,2.4586866610346094,0.6431774748338949
ICBNTrz4,toluene,stda,S0S1,0.2092642166224945,0.8205056058821473,0.2550430065587535,0.1794943941178527,0.7449569934412464,3.0300781428323575,0.5762175906037891
9CzFDBFDPO,toluene,stddft,S0S1,0.2884240746859606,0.6256294053892034,0.46101425572625104,0.37437059461079675,0.538985744273749,0.5700837109720801,0.782565396989257
DHPZ-2BI,toluene,stda,S0S1,0.36058053646841504,0.7316321822367493,0.4928440071704426,0.2683678177632508,0.5071559928295574,2.0115037661423627,0.6838009966483231
ICBNTrz4,toluene,stddft,S0S1,0.21074230364632185,0.8211805138811406,0.25663334685122,0.17881948611885942,0.7433666531487801,2.9258410919724165,0.5769575568597157
ICBNTrz4,toluene,stddft,S0T1,0.20145566082011654,0.8243900005437927,0.2443693648482275,0.17560999945620726,0.7556306351517723,2.3811917734188532,0.654105886694485
DHPZ-2BI,toluene,stda,S0T1,0.3503997421008215,0.7185202193702305,0.4876685897690399,0.28147978062976947,0.5123314102309602,1.8147885735799716,0.7137086473893779
DHPZ-2BI,toluene,stddft,S0S1,0.36223173506432294,0.7349532636282942,0.49286363227515817,0.2650467363717056,0.5071363677248418,2.046360511635352,0.6764451515987171
DHPZ-2BI,toluene,stddft,S0T1,0.348459565150666,0.7158634541206539,0.4867682001991619,0.28413654587934634,0.5132317998008381,1.7766456881293071,0.720437724153304
2CzPy,toluene,stda,S0S1,0.10927929569101014,0.14006705351201293,0.7801927216355539,0.8599329464879871,0.21980727836444608,0.8593898297853514,0.8132380773052137
2CzPy,toluene,stda,S0T1,0.034485456972658576,0.9898777227183928,0.034838097859152685,0.010122277281607325,0.9651619021408471,0.41281686088487146,0.7311648465303859
TAZ-PPI,toluene,stda,S0T1,0.06838390057420005,0.9633889386332913,0.0709826507570376,0.03661106136670839,0.9290173492429623,1.0279673092034738,0.8321096799407512
2CzPy,toluene,stddft,S0S1,0.10834826321020793,0.13920891768275312,0.7783140980747056,0.8607910823172467,0.2216859019252946,0.8547313438937036,0.81633484782311
SIR-B,toluene,stda,S0S1,0.007239225027741878,0.6576719115226625,0.011007350170971115,0.3423280884773376,0.9889926498290289,5.084088735610704,0.3721023749657865
SIR-B,toluene,stda,S0T1,0.011782801358805717,0.6545304854321168,0.018001913770336896,0.34546951456788344,0.9819980862296631,4.861950580315393,0.4429907680537027
2CzPy,toluene,stddft,S0T1,0.033654149834940736,0.9899852624127667,0.033994596801289446,0.010014737587233306,0.9660054031987105,0.4139380837046494,0.7343732437266002
TAZ-PPI,toluene,stddft,S0T1,0.11718233052575569,0.8637056517124996,0.13567391887897706,0.13629434828750053,0.8643260811210232,0.42582671529482574,0.9119359877120148
TAZ-PPI,toluene,stddft,S0S1,0.027029089229719767,0.9944495789247475,0.027179949393658625,0.0055504210752524725,0.9728200506063415,0.4697886227196234,0.7258750271724876
SIR-B,toluene,stddft,S0S1,0.007231871052204292,0.6576300115544824,0.01099686894627855,0.3423699884455175,0.9890031310537216,5.08091369216193,0.3728083450274921
SIR-B,toluene,stddft,S0T1,0.013992426938332856,0.6536889679440805,0.02140532825931037,0.3463110320559196,0.9785946717406896,4.771090254305986,0.46274860479257957
TPSi-F,toluene,stda,S0T1,0.2111563094466912,0.29046671433223575,0.726955272421234,0.7095332856677643,0.2730447275787656,0.03391457444642605,0.9680772510098968
TAZ-PPI,toluene,stda,S0S1,0.029037025092957726,0.9938606491709168,0.029216394790537836,0.0061393508290833185,0.9707836052094624,0.4974237860540744,0.7234081380079792
TPSi-F,toluene,stddft,S0T1,0.21010995676941827,0.28936734626040717,0.7261011288410418,0.7106326537395928,0.2738988711589582,0.03701728218505944,0.9692732619360759
TPSi-F,toluene,stda,S0S1,0.2084390490085544,0.5439675299843126,0.38318288779950804,0.45603247001568753,0.616817112200492,0.7696480753154105,0.815555372220654
PXZ-10-DPPZ,toluene,stda,S0T1,0.3300025364429393,0.9503851409924597,0.3472303198031139,0.04961485900754013,0.6527696801968864,2.5503175489235645,0.477325191339588
PXZ-10-DPPZ,toluene,stddft,S0S1,0.360338497028598,0.9467426557312514,0.38060870591098206,0.05325734426874869,0.6193912940890179,2.622623175535455,0.4480997720617638
PXZ-10-DPPZ,toluene,stda,S0S1,0.3573887081708968,0.946773255306728,0.3774807813462294,0.05322674469327224,0.6225192186537706,2.6218886317769137,0.44941860163511593
CzB-FMPIM,toluene,stda,S0T1,0.029828170305608276,0.996909359335546,0.029920644265481834,0.0030906406644538036,0.9700793557345181,1.0244431171710318,0.6794830559271029
TPSi-F,toluene,stddft,S0S1,0.22646529250833916,0.5451428853450238,0.4154237331099132,0.45485711465497625,0.5845762668900868,0.6796338589180422,0.839063017876615
CzB-FMPIM,toluene,stddft,S0S1,0.02578280630740661,0.999864445335048,0.02578630176090216,0.0001355546649519987,0.9742136982390976,1.2693324321653165,0.7668881959837568
CzB-FMPIM,toluene,stddft,S0T1,0.029982839618221912,0.9970757865903294,0.030070772975796897,0.002924213409670597,0.969929227024203,1.020594111274698,0.6817382044303958
CzB-FMPIM,toluene,stda,S0S1,0.0879249054862683,0.4690678665922928,0.18744602167065813,0.5309321334077073,0.812553978329342,2.352556105111591,0.7245461195490118
PXZ-10-DPPZ,toluene,stddft,S0T1,0.3238098534361535,0.9495513978086055,0.34101350825605503,0.050448602191394736,0.6589864917439447,2.5176575812212003,0.4905384522299576
2Cz2tCzBn,toluene,stda,S0S1,0.3522868854015151,0.864340310418836,0.40757891441023547,0.13565968958116403,0.5924210855897647,1.4679937573551822,0.5471654188018318
2Cz2tCzBn,toluene,stda,S0T1,0.35302795066845316,0.8916429601568037,0.39592972349197925,0.1083570398431965,0.6040702765080207,1.5516230559256554,0.5895108029208915
2Cz2tCzBn,toluene,stddft,S0T1,0.35234753051092105,0.8951099594353189,0.3936360296261253,0.10489004056468118,0.6063639703738747,1.5653371982826731,0.5957409416136312
SXAC-BP-SXAC,toluene,stda,S0S1,0.09920781556586637,0.8085393076577745,0.12270005258403276,0.19146069234222532,0.8772999474159671,1.8608135090295368,0.4324125984795726
SXAC-BP-SXAC,toluene,stddft,S0S1,0.1001861616650696,0.801765146704741,0.1249569928012402,0.19823485329525906,0.8750430071987599,1.8599254149725017,0.43292282885643313
SXAC-BP-SXAC,toluene,stda,S0T1,0.09791628017658624,0.8130886229944938,0.120425101775467,0.18691137700550634,0.879574898224533,1.7514845425769388,0.519077083825697
SXAC-BP-SXAC,toluene,stddft,S0T1,0.09774602092330738,0.8149904452523484,0.11993517407807391,0.18500955474765154,0.8800648259219259,1.7160611299923527,0.5386801039447359
2CzPN,toluene,stda,S0S1,0.22697827039705742,0.7817378879177881,0.2903508630004226,0.21826211208221188,0.7096491369995773,0.9138516772701349,0.6064226561800561
2CzPN,toluene,stda,S0T1,0.23179615556214514,0.7810319242498118,0.29678192192308583,0.21896807575018815,0.7032180780769139,0.8536562875556254,0.7288993147502812
2CzPN,toluene,stddft,S0S1,0.22879600489954968,0.782107822359191,0.29253767621118715,0.2178921776408091,0.7074623237888129,0.9199278456998562,0.6024507943827893
2CzPN,toluene,stddft,S0T1,0.2310233643121578,0.7801651955141309,0.2961210851759579,0.21983480448586923,0.7038789148240423,0.8273517774330612,0.7464821884254129
2Cz2tCzBn,toluene,stddft,S0S1,0.02150053595394499,0.7065782623982269,0.03042909341842632,0.29342173760177304,0.9695709065815735,1.906740062108693,0.635654118953897
4BPy-mDTC,toluene,stda,S0S1,0.1564342012932218,0.9571270112260345,0.1634414236129821,0.042872988773965344,0.8365585763870177,2.186905032967742,0.5105957425949612
4BPy-mDTC,toluene,stda,S0T1,0.1832345744612162,0.9640657415136903,0.19006439765561792,0.03593425848630966,0.8099356023443823,2.0561760032751613,0.5132035909845778
4BPy-mDTC,toluene,stddft,S0T1,0.18543576000072193,0.9650079196209572,0.19215983229812117,0.034992080379042736,0.8078401677018788,2.046224177192401,0.517775215167368
o-PCzTPD,toluene,stda,S0S1,0.046925521330360986,0.9765201374904763,0.04805381837895651,0.023479862509523705,0.9519461816210436,0.7717573672199262,0.7787558245518668
Pd-1,toluene,stda,S0S1,0.07390589237623504,0.8809693569243772,0.08389155853757937,0.11903064307562293,0.9161084414624207,0.34134758614933947,0.8423342649953698
4BPy-mDTC,toluene,stddft,S0S1,0.023124015305469866,0.6912982320696389,0.03345012938372514,0.3087017679303609,0.9665498706162747,3.7054798693458975,0.6315732473986415
o-PCzTPD,toluene,stda,S0T1,0.15091716480773257,0.8191088187483071,0.1842455621932522,0.1808911812516928,0.8157544378067476,0.7500427396739209,0.8051264372955836
Pd-1,toluene,stddft,S0S1,0.0730508409922279,0.8796219687985453,0.08304799514273878,0.12037803120145488,0.9169520048572611,0.3675840564132902,0.8407228895255496
o-PCzTPD,toluene,stddft,S0T1,0.1614993200497272,0.8168284413075251,0.19771510378753432,0.1831715586924748,0.8022848962124656,0.7126929238127498,0.7996220225136242
Pd-1,toluene,stda,S0T1,0.108123957133223,0.9097439784599666,0.11885097312351268,0.09025602154003377,0.8811490268764873,1.1240354681598694,0.7511732333706203
"2,4,6-CzPyCl2",toluene,stda,S0T1,0.052780024608212094,0.9928850838075941,0.05315824103813413,0.007114916192405977,0.9468417589618658,0.3809823331131894,0.7253680526159798
o-PCzTPD,toluene,stddft,S0S1,0.2955372471252872,0.5882926403149593,0.5023643453487074,0.4117073596850408,0.49763565465129256,0.7956575463550056,0.7306411274730588
PnB,toluene,stda,S0T1,0.024495654063844574,0.9700891169002441,0.025250931731010753,0.02991088309975586,0.9747490682689895,0.3467051407645672,0.9821383092528421
"2,4,6-CzPyCl2",toluene,stddft,S0T1,0.05562804995090909,0.9919303172061898,0.05608060262497839,0.008069682793810368,0.9439193973750215,0.37860524460723244,0.7244284878564898
PnB,toluene,stda,S0S1,0.03270159789124742,0.9652485187084622,0.033878941285507856,0.03475148129153791,0.9661210587144922,0.1938844600321301,0.8496684081819039
Pd-1,toluene,stddft,S0T1,0.05409414549078473,0.9377928737656683,0.05768240195041356,0.06220712623433154,0.9423175980495863,0.9293067786048809,0.8622496127576684
BBPA,toluene,stda,S0S1,0.2287430790510514,0.7398834363641574,0.3091609675371461,0.26011656363584235,0.6908390324628539,0.12399005212258227,0.988968992018703
PnB,toluene,stddft,S0T1,0.023960074449699643,0.9748855308903983,0.02457732081408167,0.025114469109601634,0.9754226791859184,0.27336984817173643,0.9844772780048942
"2,4,6-CzPyCl2",toluene,stda,S0S1,0.00025588406634051604,0.00025602101560485117,0.9994650858484738,0.9997439789843949,0.0005349141515262315,0.9364247675526606,0.7728122009000533
"2,4,6-CzPyCl2",toluene,stddft,S0S1,0.07397657092988086,0.9753725959883659,0.07584442215635433,0.02462740401163427,0.924155577843646,0.33585199977449137,0.7224599938361846
BBPA,toluene,stda,S0T1,0.2056698341770643,0.7447999522348526,0.2761410410405234,0.2552000477651472,0.7238589589594766,0.03675962646021507,0.9948651644349007
BBPA,toluene,stddft,S0S1,0.23054062391595473,0.7364503681361249,0.3130429882185106,0.26354963186387503,0.6869570117814892,0.12778417753286414,0.9891859413944759
PnB,toluene,stddft,S0S1,0.02670470942755661,0.9734721616818163,0.027432432563269504,0.026527838318183675,0.9725675674367305,0.29198249873580623,0.8952183720585026
BBPA,toluene,stddft,S0T1,0.20244403780337403,0.7465711213169753,0.27116510674328825,0.25342887868302466,0.7288348932567116,0.03542920517808614,0.995273493235104
BCPBT,toluene,stda,S0T1,0.2853286241790307,0.6918748341826417,0.4123991943081853,0.30812516581735827,0.5876008056918147,1.2337144148129318,0.9077894924170433
BCPBT,toluene,stddft,S0S1,0.30766723056956324,0.7047770413516634,0.43654547824018314,0.2952229586483366,0.5634545217598168,1.7790161839024305,0.9045169913267448
BCPBT,toluene,stddft,S0T1,0.28299574315286996,0.6884842288192443,0.4110417222457075,0.31151577118075574,0.5889582777542925,1.169537312555696,0.9070327365459531
DHID-DBS,toluene,stda,S0T1,0.026152919232928035,0.9878998468829221,0.02647324960667543,0.012100153117078077,0.9735267503933246,0.09230375106666291,0.8934570959327873
DHID-DBS,toluene,stda,S0S1,0.02950581963440806,0.9880959426180693,0.02986129014580217,0.011904057381930743,0.9701387098541981,0.3003649502048609,0.7982946809524657
DHID-DBS,toluene,stddft,S0S1,0.02953762647183341,0.9879583364112611,0.02989764384106343,0.012041663588738849,0.9701023561589366,0.2757852902605098,0.7950445419759881
DHID-DBS,toluene,stddft,S0T1,0.02542466496897889,0.9882167379441662,0.025727822645334887,0.011783262055833911,0.9742721773546651,0.09130281838008322,0.9024830593738992
"3,6-T2C",toluene,stda,S0T1,0.28876854873274166,0.7036810149233261,0.41036853717618943,0.29631898507667387,0.5896314628238106,1.135031134767445,0.8179515570325498
MPA,toluene,stda,S0S1,0.022745479371924223,0.991167619246609,0.022948166314405192,0.008832380753390878,0.9770518336855948,0.49177094745183975,0.7399602236102879
BCPBT,toluene,stda,S0S1,0.24306150386205777,0.7063016761706304,0.34413270145395813,0.2936983238293695,0.6558672985460416,0.28024333774579846,0.7677501231672426
MPA,toluene,stddft,S0S1,0.019312706522870253,0.991177483197266,0.019484609820405497,0.008822516802733917,0.9805153901795947,0.46836165166130006,0.7190584959094919
MPA,toluene,stda,S0T1,0.019627210735033106,0.9918263608443653,0.01978895854141646,0.008173639155634746,0.9802110414585835,0.7302749649671253,0.7462280644556245
MPA,toluene,stddft,S0T1,0.019736569855929306,0.9919320738869449,0.019897098173860213,0.008067926113054888,0.9801029018261398,0.7359047430924636,0.7528393906969992
"3,6-T2C",toluene,stddft,S0T1,0.1881732898497457,0.7080272599566155,0.26577124991102186,0.2919727400433845,0.7342287500889779,0.1381555577241598,0.8901148329945069
"3,6-T2C",toluene,stddft,S0S1,0.2094243039838027,0.6637549077534446,0.3155145092525546,0.3362450922465554,0.6844854907474455,0.5801092152482404,0.7022901761499493
"3,6-T2C",toluene,stda,S0S1,0.19819058520288232,0.6938234635966387,0.28564987435781275,0.30617653640336123,0.7143501256421873,0.9708837991881265,0.7168746646330995
BCzBMes,toluene,stda,S0S1,0.043878966886854165,0.9991130461674457,0.0439179200543642,0.0008869538325544616,0.9560820799456358,0.5708161736007747,0.7598798530156118
BCzBMes,toluene,stda,S0T1,0.04550884669764118,0.9263713660286333,0.04912592116565328,0.07362863397136683,0.9508740788343467,1.2725527381267463,0.6577218313404153
BCzBMes,toluene,stddft,S0T1,0.04443764047869769,0.9283675877077444,0.04786642819836029,0.07163241229225567,0.9521335718016396,1.2590106306966469,0.6602902936923047
BCzBMes,toluene,stddft,S0S1,0.03828667305531361,0.9992249790037389,0.03831636904582461,0.0007750209962613105,0.9616836309541754,0.5233317039739567,0.7636201859834624
C3FLA-2,toluene,stda,S0S1,0.1876328111535242,0.7912232347384568,0.237142696164057,0.20877676526154337,0.762857303835943,0.188621583483852,0.9386500373773048
2Trz6CNDBT,toluene,stda,S0S1,0.1714398450190855,0.762135856991904,0.22494656752635464,0.23786414300809586,0.7750534324736453,0.31031592405355646,0.6660712026983913
C3FLA-2,toluene,stda,S0T1,0.1568250085568622,0.8300223796674743,0.1889406989480089,0.16997762033252584,0.8110593010519912,0.1825883820679716,0.9605114900859899
2Trz6CNDBT,toluene,stda,S0T1,0.16111665537475695,0.8522798917259867,0.18904195316455613,0.14772010827401327,0.8109580468354438,0.9877632788364996,0.6940734609933876
C3FLA-2,toluene,stddft,S0S1,0.18942912776430196,0.790003947680087,0.23978250782236787,0.20999605231991295,0.7602174921776321,0.19947170107455395,0.9350779576352461
2Trz6CNDBT,toluene,stddft,S0S1,0.15319055587385993,0.7807611923784972,0.19620667288442312,0.21923880762150275,0.8037933271155767,0.21224073407802144,0.6746614598005515
C3FLA-2,toluene,stddft,S0T1,0.15339929810533365,0.8343517270148657,0.1838544742445299,0.16564827298513427,0.8161455257554701,0.175003938901368,0.9633885924357276
2Trz6CNDBT,toluene,stddft,S0T1,0.15623777064260685,0.8539092808928779,0.18296764555508646,0.14609071910712207,0.8170323544449135,0.9616917483557547,0.703922270939657
AQ-S-CZ,toluene,stda,S0S1,0.07035413225120554,0.7021783771466032,0.10019410244032159,0.2978216228533966,0.8998058975596784,2.9408472282085856,0.6371144739756752
AQ-S-CZ,toluene,stda,S0T1,0.1035380957066616,0.6745297360996027,0.15349671061999395,0.3254702639003973,0.8465032893800062,2.9950620351026127,0.6468928169785972
CCAPI,toluene,stda,S0T1,0.01456084438824487,0.9964396979690842,0.01461287062119502,0.0035603020309159525,0.9853871293788051,0.47053924047929957,0.9665164649303719
CCAPI,toluene,stda,S0S1,0.015667470850483107,0.9914247918035908,0.015802984734707905,0.008575208196408994,0.9841970152652922,3.3366932177117374,0.6051977540189686
AQ-S-CZ,toluene,stddft,S0S1,0.06907843961171888,0.6997218850141467,0.09872270839481072,0.3002781149858533,0.901277291605189,2.9926691112470007,0.6225966948019797
CCAPI,toluene,stddft,S0S1,0.01609589609927711,0.9922651972555296,0.016221365159028216,0.007734802744470371,0.9837786348409718,3.0082714750893977,0.6689718549419756
CCAPI,toluene,stddft,S0T1,0.014245546537361212,0.9966142113786877,0.014293942806268365,0.0033857886213122758,0.9857060571937319,0.36769730384247024,0.9740018503303098
AQ-S-CZ,toluene,stddft,S0T1,0.10899609091291022,0.6680737070109749,0.16314979884565292,0.33192629298902526,0.8368502011543473,2.9090614156422396,0.6587862567638219
2DN,toluene,stda,S0S1,0.23471149451118742,0.8407096367982725,0.2791825907991896,0.15929036320172751,0.7208174092008104,2.3583360938598736,0.5680422116426438
CCDC,toluene,stda,S0T1,0.22093929158156597,0.8331994573217428,0.26516974974006674,0.16680054267825728,0.7348302502599329,1.132070028121117,0.6639646572780521
2DN,toluene,stddft,S0S1,0.23527882541779713,0.839424733079628,0.28028579114487273,0.16057526692037194,0.7197142088551275,2.341779595888007,0.5640512110108136
2DN,toluene,stddft,S0T1,0.19835343909223369,0.8243137704742942,0.24062856426395127,0.17568622952570592,0.759371435736049,1.5935660039380932,0.7207674917825881
2DN,toluene,stda,S0T1,0.20291892155705074,0.82878199323927,0.24483992559243248,0.17121800676072996,0.7551600744075674,1.7062476275474265,0.6982181717571423
CCDC,toluene,stddft,S0T1,0.22066650276172692,0.8336990279936811,0.264683651236546,0.16630097200631858,0.735316348763454,1.1014879502999928,0.6672894651539935
PPI,toluene,stda,S0T1,0.153543818629333,0.9508460959438441,0.16148125262787127,0.04915390405615587,0.8385187473721292,0.6539766577137384,0.8170241019042767
CCDC,toluene,stda,S0S1,0.1932054684731234,0.7449150593606274,0.25936577069465444,0.2550849406393723,0.7406342293053454,0.5304598024621958,0.7341578502534098
PXZ-OXD,toluene,stda,S0S1,0.16709221999236623,0.7770212488021685,0.21504202137322542,0.2229787511978314,0.7849579786267746,3.2591463161622256,0.47957714989323064
PPI,toluene,stddft,S0T1,0.1551945368957084,0.9520157341126929,0.16301677728084435,0.04798426588730709,0.8369832227191554,0.6934897912028696,0.8284529878991325
PPI,toluene,stda,S0S1,0.07175168872442475,0.9498934513404859,0.07553656530968716,0.050106548659514125,0.9244634346903127,0.7784128950147338,0.7420044003989958
PXZ-OXD,toluene,stda,S0T1,0.29350121631625065,0.7726905634134644,0.37984314836157645,0.22730943658653563,0.6201568516384234,0.8212021829457108,0.7025016527229095
CCDC,toluene,stddft,S0S1,0.192553438778436,0.7458177531683023,0.25817760164658365,0.25418224683169766,0.7418223983534163,0.5143935751073906,0.7377163472861356
PPI,toluene,stddft,S0S1,0.06824465907930174,0.9514281590575879,0.07172865174276499,0.048571840942412466,0.9282713482572351,0.7501029885927608,0.7437081668974651
PXZ-OXD,toluene,stddft,S0S1,0.2599500031377385,0.7876131255138423,0.3300478302315568,0.2123868744861577,0.6699521697684432,0.6960776298365735,0.6582798127418152
PXZ-OXD,toluene,stddft,S0T1,0.29453999546256965,0.769478284192842,0.3827788275682564,0.23052171580715775,0.6172211724317436,0.8243644588917721,0.7109537512155251
DPA-DPQ,toluene,stda,S0S1,0.18175666274454963,0.9413467027708546,0.19308153118245253,0.058653297229145356,0.8069184688175474,1.8315020466189864,0.708706339862768
DPA-DPQ,toluene,stda,S0T1,0.15183212713105804,0.9328386573446709,0.1627635453736971,0.06716134265532918,0.8372364546263028,1.2867778624647586,0.746570497803559
DPA-DPQ,toluene,stddft,S0S1,0.1859455931520222,0.9394569518441125,0.1979288064099363,0.060543048155887395,0.802071193590064,1.8271231146120732,0.7008012605488837
DPA-DPQ,toluene,stddft,S0T1,0.14886955570028718,0.9315252445138722,0.1598126906136361,0.06847475548612797,0.8401873093863638,1.201600961718976,0.7545000090870447
SBF-AnCN,toluene,stda,S0S1,0.21287633246189797,0.7018402369690147,0.3033116673122521,0.29815976303098546,0.6966883326877478,0.11919687565867981,0.991294013040143
SBF-AnCN,toluene,stda,S0T1,0.20655834198486037,0.7155089434138084,0.2886872957860418,0.28449105658619145,0.7113127042139581,0.0208149682852444,0.9958028859641513
SBF-AnCN,toluene,stddft,S0S1,0.21483589355624658,0.6996572853822892,0.3070587529705509,0.3003427146177107,0.6929412470294488,0.11931805078577427,0.9915546570335612
SBF-AnCN,toluene,stddft,S0T1,0.20482526650853794,0.7178112869438854,0.2853469571098428,0.2821887130561145,0.7146530428901572,0.028090065614075243,0.9960375724797895
CBM,toluene,stda,S0S1,0.2846657394174842,0.6630155679922541,0.429350007993794,0.3369844320077458,0.570649992006206,0.7165272422163206,0.7080796426650926
CBM,toluene,stddft,S0S1,0.2839477788978733,0.6507042713816601,0.4363699323733628,0.3492957286183397,0.5636300676266374,0.7075352751962201,0.7007395417066392
CBM,toluene,stddft,S0T1,0.18506878552420325,0.7149502830915173,0.2588554615629315,0.2850497169084829,0.7411445384370684,0.6074809283273901,0.8285557490205092
CBM,toluene,stda,S0T1,0.18291803167827095,0.7156287524929718,0.25560464282780115,0.2843712475070282,0.744395357172199,0.6739441124081583,0.8188207025681628
IDAC-MCO,toluene,stda,S0T1,0.03189050864635289,0.9568454792857298,0.03332879690267091,0.04315452071427005,0.966671203097329,1.1559180978505466,0.6810368859902163
2CzMC,toluene,stddft,S0S1,0.07719759469196888,0.9165736318652753,0.08422410596175207,0.08342636813472462,0.9157758940382481,0.20228040127330643,0.7552144068621683
2CzMC,toluene,stda,S0T1,0.0659387788715677,0.8070624098847293,0.08170220550971463,0.19293759011527076,0.9182977944902854,0.6512679563271963,0.7931901341928649
2CzMC,toluene,stddft,S0T1,0.06423317128952082,0.8134486074867346,0.0789640189906752,0.18655139251326533,0.9210359810093249,0.6733819070850743,0.8072260569615217
IDAC-MCO,toluene,stda,S0S1,0.020827443899757114,0.9888093653797368,0.021063153959670133,0.01119063462026317,0.97893684604033,0.576701846117507,0.6983241146326565
IDAC-MCO,toluene,stddft,S0T1,0.03117232322628031,0.9578755951719635,0.03254318554872887,0.042124404828036616,0.967456814451271,1.0916356503519822,0.6875701726496524
IDAC-MCO,toluene,stddft,S0S1,0.018036604267337514,0.9912521697999757,0.01819577784225896,0.008747830200024205,0.9818042221577413,0.5632166536240615,0.6970181051068699
PO-ABN,toluene,stda,S0S1,0.2090471656510542,0.6853810411313629,0.30500867853884417,0.3146189588686373,0.6949913214611558,0.06960298536544746,0.9923397288829512
2CzMC,toluene,stda,S0S1,0.07860454734991668,0.9153711219129792,0.08587177972759917,0.08462887808702063,0.9141282202724008,0.24883260077151242,0.7523663147626777
PO-ABN,toluene,stda,S0T1,0.20699496119958471,0.7050524791005789,0.2935880198076092,0.2949475208994211,0.706411980192391,0.06554265849500086,0.9964781893102868
ACRFLCN,toluene,stda,S0S1,0.01115759056469526,0.6573105706680091,0.01697460996763838,0.34268942933199087,0.9830253900323617,3.315399991335514,0.2829863453715526
PO-ABN,toluene,stddft,S0S1,0.2107858536876657,0.6835232973528577,0.30838137413017974,0.3164767026471423,0.6916186258698204,0.06551741376310297,0.9926313191220304
ACRFLCN,toluene,stddft,S0S1,0.01116266171844833,0.6573095052597497,0.01698235249775852,0.3426904947402503,0.9830176475022413,3.3149433644407496,0.2830829794761262
PO-ABN,toluene,stddft,S0T1,0.2057544231147815,0.7079081474242327,0.2906512996967638,0.2920918525757673,0.7093487003032363,0.06931894592297082,0.996654856126262
ACRFLCN,toluene,stddft,S0T1,0.014907526912759334,0.9894596249653793,0.015066331699265587,0.010540375034620695,0.9849336683007346,0.12120895493317646,0.9496699984782612
ACRFLCN,toluene,stda,S0T1,0.011391850352051381,0.6572638239170159,0.01733223393334011,0.34273617608298407,0.9826677660666595,3.3153563097574255,0.28722529785275785
BuPCzBCO,toluene,stda,S0T1,0.12758559091710672,0.8627025117463236,0.14789059864777937,0.13729748825367633,0.8521094013522205,0.9833157340570621,0.6878639258832884
BuPCzBCO,toluene,stddft,S0T1,0.127121899684727,0.8616921311983133,0.14752589130406096,0.13830786880168672,0.852474108695939,0.9651890965000813,0.6908186326530648
BuPCzBCO,toluene,stda,S0S1,0.20884906692889973,0.8726023579263045,0.2393404796948051,0.12739764207369575,0.7606595203051949,0.7818590454665837,0.7762899990571039
BuPCzBCO,toluene,stddft,S0S1,0.2090762703442988,0.8753233407224692,0.23885604395254975,0.12467665927753065,0.7611439560474503,0.8057846496275459,0.7780875704517083
9CzFDPEPO,toluene,stda,S0T1,0.028390839058815016,0.9955160327434632,0.028518716047771696,0.004483967256536764,0.9714812839522283,1.2114621002768524,0.7194462501839265
9CzFDPEPO,toluene,stddft,S0T1,0.028261670337566363,0.9956703107371295,0.028384566691200486,0.004329689262870459,0.9716154333087996,1.185673508893195,0.722319402324835
BDQ-tBuCz,toluene,stda,S0S1,0.28180190956063617,0.8939508961403915,0.3152319783752197,0.10604910385960857,0.68476802162478,1.476367198551788,0.6875652793840534
BDQ-tBuCz,toluene,stda,S0T1,0.24200241000396774,0.9202326473990934,0.2629795961792413,0.07976735260090657,0.7370204038207587,1.3623158051553907,0.7613652151352499
BDQ-tBuCz,toluene,stddft,S0S1,0.2853460538074894,0.8943179631540462,0.3190655511392636,0.10568203684595359,0.6809344488607364,1.523177631975946,0.6856461323142777
BDQ-tBuCz,toluene,stddft,S0T1,0.23336664814601477,0.9202824153204683,0.25358155742305466,0.07971758467953186,0.7464184425769455,1.2893636763035181,0.7793918026706936
9CzFDPEPO,toluene,stda,S0S1,0.026758880774154205,0.9998471550419684,0.026762971359388432,0.0001528449580315145,0.9732370286406116,0.6549265859074436,0.7891401190795406
9CzFDPEPO,toluene,stddft,S0S1,0.025310115317169053,0.9998402880892379,0.025314158289758845,0.00015971191076219585,0.9746858417102411,0.6553004524687578,0.7905665556923296
HITPE,toluene,stda,S0S1,0.01433970639157205,0.9942511987813863,0.014422619162187232,0.005748801218613594,0.9855773808378125,0.27545162962474556,0.991315331134606
DCbz-Ph-Bz,toluene,stda,S0T1,0.20632104791245828,0.74910459519793,0.27542355131053986,0.25089540480206995,0.7245764486894601,1.2839847121470744,0.7328916678204033
HITPE,toluene,stddft,S0S1,0.014744346109624433,0.9940221865806382,0.01483301510637693,0.005977813419361628,0.9851669848936232,0.2706290758907835,0.991464089585503
DCbz-Ph-Bz,toluene,stddft,S0T1,0.20622805489715157,0.7468855722549905,0.27611733652118836,0.25311442774500975,0.7238826634788119,1.2674450374323094,0.7354248359892577
HITPE,toluene,stda,S0T1,0.011793860609805357,0.9942843199207564,0.011861658052442502,0.005715680079243927,0.9881383419475577,0.13885937231717232,0.9934921348290506
HITPE,toluene,stddft,S0T1,0.011340470529184651,0.9944431814455029,0.011403839596647812,0.005556818554497252,0.9885961604033523,0.13655759873472517,0.993333636307075
C-H,toluene,stda,S0T1,0.24039759730071528,0.5114315047691154,0.47004847190483945,0.4885684952308845,0.5299515280951606,0.35139380606076587,0.9803185592980409
C-H,toluene,stda,S0S1,0.2320220168977715,0.7371586788491183,0.314751794362665,0.26284132115088177,0.6852482056373349,0.22720982218695843,0.7972657687305612
C-H,toluene,stddft,S0T1,0.24312893105799852,0.5103582874561352,0.4763887195206862,0.48964171254386507,0.5236112804793138,0.28712481981547233,0.9834233247846652
C-H,toluene,stddft,S0S1,0.24016703996169522,0.7230697492214693,0.3321492016783769,0.2769302507785306,0.6678507983216231,0.29788424710293876,0.8303533669536772
DCbz-Ph-Bz,toluene,stda,S0S1,0.30822168554375495,0.7521377282271846,0.40979420919389914,0.24786227177281506,0.5902057908061008,0.848412631442401,0.8004444436847158
DCbz-Ph-Bz,toluene,stddft,S0S1,0.30663962442146697,0.7530305748113274,0.40720740256568716,0.24696942518867254,0.5927925974343128,0.8506186633985257,0.8040249614480814
26DPXZBPy,toluene,stda,S0T1,0.08477533115694005,0.7464126785347156,0.11357702460703467,0.2535873214652845,0.8864229753929651,2.563196996967935,0.5055874363120311
26DPXZBPy,toluene,stddft,S0T1,0.08368654297766108,0.7559163670150628,0.1107087326447497,0.24408363298493735,0.8892912673552505,2.5395536243713335,0.519258444218162
26DPXZBPy,toluene,stda,S0S1,0.09137786727475868,0.7733256135055563,0.11816221482763822,0.2266743864944436,0.8818377851723616,2.645703291485896,0.4496443143794641
26DPXZBPy,toluene,stddft,S0S1,0.08933649722868679,0.8169511647679294,0.10935353431323466,0.1830488352320708,0.8906464656867653,2.8041061674695835,0.4510044808416066
pSFIAc2,toluene,stda,S0T1,0.03043005991594865,0.9414901418194408,0.03232116680174919,0.05850985818055944,0.9676788331982507,0.45691804062292474,0.6990069719733256
pSFIAc2,toluene,stddft,S0T1,0.03016493269879505,0.942600452274461,0.03200182285719061,0.057399547725538874,0.9679981771428096,0.44987818876683716,0.7003390087122895
pSFIAc2,toluene,stda,S0S1,0.02195514396817835,0.9910392491341282,0.022153657372662665,0.008960750865871673,0.9778463426273374,0.7785044052645423,0.7826305545049566
3DPTIA,toluene,stda,S0T1,0.27519111834276405,0.5068452476339451,0.5429489960247456,0.4931547523660549,0.4570510039752542,0.6103088281492967,0.6770484942189611
pCzAnN,toluene,stda,S0S1,0.2198964072894119,0.693633655800374,0.31702095976827505,0.3063663441996263,0.682979040231725,0.06545441092074693,0.9962305350843376
3DPTIA,toluene,stddft,S0T1,0.2741761937835091,0.5061975841185807,0.54163868494339,0.49380241588141927,0.4583613150566102,0.6086936992564148,0.6797804620186465
3DPTIA,toluene,stda,S0S1,0.2317101916128869,0.48865008801116505,0.4741842829824531,0.5113499119888347,0.525815717017547,0.6210479657181612,0.7762865514614747
pCzAnN,toluene,stda,S0T1,0.21115173756921937,0.7075617124494041,0.2984216554599374,0.2924382875505959,0.7015783445400624,0.06150756735069678,0.9966118969774646
pSFIAc2,toluene,stddft,S0S1,0.01976066713690783,0.9905124734453461,0.019949942748498033,0.009487526554654065,0.9800500572515018,0.8120407403114409,0.780433604315484
3DPTIA,toluene,stddft,S0S1,0.23557520811196697,0.49520674447259355,0.47571082329030057,0.5047932555274065,0.5242891767096997,0.5952427790133074,0.7788152591435633
pCzAnN,toluene,stddft,S0S1,0.22161790273524476,0.6908248455515126,0.3208018706367147,0.30917515444848737,0.6791981293632855,0.06357350339292758,0.9963446555975538
pCzAnN,toluene,stddft,S0T1,0.2092823364476252,0.7098229630202815,0.2948373712187802,0.2901770369797184,0.70516262878122,0.07051949653917805,0.996658255528747
α-2CbPN,toluene,stda,S0T1,0.23754416267380685,0.7680737340398601,0.30927260254609773,0.23192626596013988,0.6907273974539022,1.3439523691087822,0.7593188359619376
α-2CbPN,toluene,stddft,S0T1,0.23615915143639,0.7673826432487565,0.30774627692463474,0.2326173567512436,0.692253723075365,1.2955211711552657,0.7759107907777301
α-2CbPN,toluene,stda,S0S1,0.2656603061463567,0.7190017135433376,0.3694849416104265,0.28099828645666247,0.6305150583895736,0.5606559458406483,0.7581994187614419
α-2CbPN,toluene,stddft,S0S1,0.26263298830776877,0.7189667343785827,0.36529226701255896,0.2810332656214175,0.6347077329874411,0.4394479818862031,0.7518942064793295
TrisCz-Trz,toluene,stda,S0S1,0.05986091187372452,0.12002723485787473,0.4987277424545049,0.8799727651421254,0.5012722575454951,1.5603949283801073,0.5443566282470198
DMAC-TRZ,toluene,stda,S0S1,0.13413270750555853,0.6952849121305973,0.1929176157361574,0.3047150878694026,0.8070823842638427,4.479434187856214,0.34252655741706556
TrisCz-Trz,toluene,stddft,S0S1,0.05670626430727728,0.10742009198631576,0.5278925316364567,0.8925799080136841,0.4721074683635433,1.5336101576917702,0.56012732209153
DMAC-TRZ,toluene,stda,S0T1,0.13888656883004455,0.7037718714739709,0.19734600722129214,0.2962281285260289,0.8026539927787079,4.159932942374033,0.44212120702617097
DMAC-TRZ,toluene,stddft,S0S1,0.1340497045386382,0.6952976961484859,0.1927946910815176,0.30470230385151403,0.8072053089184824,4.4828639044339615,0.34186248272489067
DMAC-TRZ,toluene,stddft,S0T1,0.3434722056837322,0.6706835665129341,0.512122590791269,0.32931643348706585,0.48787740920873107,0.7022409361290758,0.7690516916480544
PhCO-DMAC,toluene,stda,S0S1,0.062429837667579674,0.6990820231269974,0.08930259340432,0.3009179768730024,0.9106974065956798,4.345968507977467,0.35695032549211203
PhCO-DMAC,toluene,stda,S0T1,0.06164981106281965,0.7155945286795496,0.08615187594653487,0.2844054713204504,0.913848124053465,4.007792303176545,0.45991641736809424
PhCO-DMAC,toluene,stddft,S0S1,0.06214271206786989,0.6990495509570498,0.08889600455760538,0.3009504490429501,0.9111039954423947,4.353144199048941,0.3556092853699711
PhCO-DMAC,toluene,stddft,S0T1,0.06112731380035192,0.7194016524714314,0.08496965998111797,0.2805983475285686,0.9150303400188822,3.931585945968053,0.47822796052313504
ACRSA,toluene,stda,S0S1,0.018429962500955605,0.700862072629347,0.026296133320232246,0.2991379273706531,0.9737038666797676,4.020657737110912,0.42055943978861915
TrisCz-Trz,toluene,stda,S0T1,0.03094749353052223,0.9946641426038089,0.031113510787177463,0.005335857396191047,0.9688864892128224,1.1025345043526285,0.7135887761151755
TrisCz-Trz,toluene,stddft,S0T1,0.030116005198625076,0.9954396610964487,0.03025397357128924,0.004560338903551186,0.9697460264287107,1.092311777185267,0.7170016908418902
ACRSA,toluene,stda,S0T1,0.01858386723169111,0.7010668191012266,0.026507982870328652,0.29893318089877324,0.9734920171296717,4.020081965916663,0.4226866084707128
ACRSA,toluene,stddft,S0S1,0.018434749307308027,0.7008993406780291,0.026301564629059006,0.29910065932197094,0.9736984353709413,4.020114510102539,0.4206419372278649
ACRSA,toluene,stddft,S0T1,0.07721761140163057,0.6933630899885627,0.11136677523879199,0.3066369100114374,0.8886332247612079,3.6159430665732217,0.5730254184901693
TPAPm,toluene,stda,S0T1,0.08573578134809073,0.8211907976482542,0.10440421591866703,0.17880920235174566,0.8955957840813328,1.1158180159203703,0.735582926728914
TPAPm,toluene,stda,S0S1,0.10884318890498498,0.8049564589637577,0.1352162439259159,0.19504354103624222,0.8647837560740841,0.725582001016668,0.6491641637900329
TPAPm,toluene,stddft,S0S1,0.10709166524456637,0.8061343306879223,0.1328459304706434,0.1938656693120775,0.8671540695293565,0.7563996800198335,0.6470423522358417
TPAPm,toluene,stddft,S0T1,0.08476678684594868,0.8246436548929271,0.10279201973239571,0.17535634510707285,0.8972079802676043,1.0641756017245998,0.7445872926732021
BDBTCz-Trz,toluene,stda,S0T1,0.21344880708673772,0.8238743106684363,0.2590793332463051,0.17612568933156358,0.7409206667536951,1.7628777572992531,0.6680617765118253
BDBTCz-Trz,toluene,stddft,S0T1,0.21371677664564986,0.8240799720544082,0.259339850370177,0.1759200279455917,0.7406601496298231,1.7450175633598657,0.6705937252563762
BDBTCz-Trz,toluene,stda,S0S1,0.21512118301951635,0.7636113534289907,0.2817155376927234,0.23638864657100941,0.7182844623072766,1.4895996087341346,0.719633150410899
BDBTCz-Trz,toluene,stddft,S0S1,0.21276960991471758,0.7612520602881429,0.27949955213806815,0.2387479397118571,0.7205004478619319,1.4833294369232852,0.7271682160103138
IQ-oTPA,toluene,stda,S0S1,0.17706086679922772,0.590537012957342,0.299830261125424,0.4094629870426581,0.700169738874576,1.2212609633766243,0.8207087869277611
IQ-oTPA,toluene,stda,S0T1,0.17783528770596668,0.5904858761612046,0.3011677245560689,0.40951412383879554,0.6988322754439314,1.2209673739817382,0.82381040583944
2CzTPE,toluene,stda,S0S1,0.15474410215245907,0.8410915887849614,0.18398008518430434,0.1589084112150386,0.8160199148156954,0.6055052826663758,0.9683545302506392
2CzTPE,toluene,stda,S0T1,0.14224879554210548,0.8373514278371468,0.16987944465507127,0.1626485721628533,0.8301205553449291,0.3068307214302734,0.992058981070392
2CzTPE,toluene,stddft,S0S1,0.15686541943245297,0.8431877550927581,0.1860385406275218,0.156812244907242,0.8139614593724782,0.5769850965575051,0.9646075150931571
2CzTPE,toluene,stddft,S0T1,0.1367924742361074,0.844598617817092,0.16196151799259925,0.1554013821829079,0.8380384820074006,0.2812324100340346,0.9921079979052873
IQ-oTPA,toluene,stddft,S0S1,0.1771674284713397,0.5904835079972082,0.300037894491335,0.4095164920027917,0.6999621055086649,1.219816318447644,0.8207600631816043
IQ-oTPA,toluene,stddft,S0T1,0.1781837910850144,0.5903148065599089,0.3018453698008864,0.40968519344009113,0.6981546301991138,1.2202514505515913,0.8248004856074811
2PXZ-OXD,toluene,stda,S0S1,0.1360233804977571,0.76078235966651,0.178794077924445,0.2392176403334898,0.821205922075555,1.4408443574716505,0.4912862060069005
2PXZ-OXD,toluene,stda,S0T1,0.14084022862602194,0.8189108815941476,0.17198480541845138,0.18108911840585226,0.8280151945815484,1.844775335704917,0.5405014692378973
CPBPMCN,toluene,stddft,S0T1,0.03818007080048307,0.9880363594608246,0.03864237427590022,0.011963640539175284,0.9613576257240996,0.9283528184734927,0.6794757795038061
CPBPMCN,toluene,stda,S0T1,0.23030135293432144,0.46300431802651737,0.49740649053975244,0.5369956819734826,0.5025935094602477,0.367710120381336,0.791057318419747
2PXZ-OXD,toluene,stddft,S0S1,0.14098931976814175,0.8161757197712871,0.17274382997775342,0.183824280228713,0.8272561700222463,2.0735210898580374,0.4891384884894815
CPBPMCN,toluene,stda,S0S1,0.08584812982191248,0.0927662756890972,0.92542391277655,0.9072337243109027,0.07457608722345029,0.2785003190617416,0.7423651101223112
2PXZ-OXD,toluene,stddft,S0T1,0.1415190657298425,0.8267576850760274,0.17117357151246632,0.17324231492397282,0.8288264284875335,1.8963605891967097,0.5519883136136855
CPBPMCN,toluene,stddft,S0S1,0.024992811375070957,0.9998475240063905,0.024996622759963165,0.00015247599360950666,0.9750033772400368,1.2977109704648075,0.7645467192421531
pDTPA-DTPZ,toluene,stda,S0S1,0.19126186878141155,0.36157271084239434,0.5289720796013849,0.6384272891576057,0.47102792039861496,2.035756315669467,0.7969794267159922
pDTPA-DTPZ,toluene,stda,S0T1,0.23409053125366786,0.44381305817271677,0.5274530051402135,0.5561869418272832,0.47254699485978635,1.5040491137157777,0.8622040860226766
pDTPA-DTPZ,toluene,stddft,S0S1,0.18012838716530014,0.3373494225698176,0.5339519652742873,0.6626505774301822,0.46604803472571266,2.100871132969619,0.7936753964401486
DVCz-2CzCN,toluene,stddft,S0T1,0.02977060002864085,0.9814579938475715,0.030333035356849385,0.018542006152428507,0.9696669646431504,1.0874955641042738,0.7333750889982239
CPBzFC,toluene,stda,S0T1,0.27462154854280285,0.6516298023350808,0.42143798144085964,0.3483701976649193,0.5785620185591401,0.26612745092508117,0.8657821315767196
pDTPA-DTPZ,toluene,stddft,S0T1,0.23751945096731314,0.45169811343225447,0.5258367124062302,0.5483018865677456,0.47416328759377,1.409499179207307,0.8711025243231308
DVCz-2CzCN,toluene,stda,S0T1,0.029776962916139873,0.9810283718148343,0.03035280504788517,0.01897162818516562,0.9696471949521152,1.1077306166081031,0.7303441983932605
CPBzFC,toluene,stda,S0S1,0.203853810706678,0.6619628365909808,0.30795355787116024,0.3380371634090196,0.6920464421288397,0.5806233523359224,0.7578053613748089
CPBzFC,toluene,stddft,S0S1,0.21854577708138245,0.6243615214398603,0.35003082281141695,0.37563847856013977,0.6499691771885828,0.6146780863661621,0.7964460153281421
CPBzFC,toluene,stddft,S0T1,0.2722885179865745,0.651838173921328,0.41772410527683773,0.3481618260786721,0.582275894723162,0.27022543438446284,0.8681230588679597
DVCz-2CzCN,toluene,stddft,S0S1,0.027283178244138107,0.9939846788787953,0.027448288513775943,0.00601532112120472,0.9725517114862243,0.836963814291472,0.7677649619770489
t-DABNA,toluene,stda,S0T1,0.0814965265683447,0.97440889899458,0.08363688658060789,0.025591101005419892,0.916363113419392,1.2847710811333652,0.6058590417947928
t-DABNA,toluene,stddft,S0T1,0.08418915836916117,0.97450702643954,0.08639153549949741,0.02549297356045988,0.9136084645005026,1.1575215267017807,0.6092608460550646
Yad,toluene,stda,S0S1,0.13484312110657287,0.7183220551376853,0.18771958920393533,0.2816779448623149,0.8122804107960647,2.3574248703744924,0.6123942534243972
t-DABNA,toluene,stda,S0S1,0.05715596368499053,0.9737820251397189,0.058694823080955666,0.026217974860281053,0.9413051769190444,2.5030664213588576,0.5716689945672588
Yad,toluene,stddft,S0T1,0.13002083584593635,0.7252723089845021,0.17927174970734294,0.2747276910154976,0.8207282502926571,1.8556710073220186,0.6777169979486399
t-DABNA,toluene,stddft,S0S1,0.10841404096208809,0.6037763613790051,0.17955992963102105,0.39622363862099497,0.8204400703689791,1.7370255209387735,0.5399536787011199
DVCz-2CzCN,toluene,stda,S0S1,0.10163551778163941,0.8499884369586803,0.11957282400840487,0.15001156304131957,0.880427175991595,1.3129793072815572,0.6661001136263158
m-PO-ABN,toluene,stda,S0T1,0.20822826994135726,0.705016834543483,0.29535219549216946,0.294983165456517,0.7046478045078306,0.06873527052946897,0.9962627808573897
m-PO-ABN,toluene,stda,S0S1,0.21112298255451611,0.6864619218422676,0.307552357730087,0.3135380781577324,0.692447642269913,0.06043213746587739,0.9921739876753655
Yad,toluene,stda,S0T1,0.13057574681337558,0.7246579509788802,0.1801894902788159,0.2753420490211198,0.8198105097211841,1.9158006359854725,0.6675590099002958
Yad,toluene,stddft,S0S1,0.17502285854277894,0.8302444970025479,0.2108088149631443,0.16975550299745198,0.7891911850368557,0.9268225304397054,0.5778747996332829
m-PO-ABN,toluene,stddft,S0S1,0.21285939645952864,0.6843236458147142,0.3110507692688467,0.31567635418528583,0.6889492307311536,0.055363522800341555,0.9924539887229076
m-PO-ABN,toluene,stddft,S0T1,0.20692300377605252,0.7077185280552275,0.2923803681453216,0.2922814719447723,0.7076196318546789,0.07496349470099699,0.9964476841285758
SBTF,toluene,stda,S0S1,0.14672146797494548,0.7270468871077871,0.20180468492012613,0.2729531128922131,0.7981953150798741,0.4898930929563395,0.9807925289375441
SBTF,toluene,stddft,S0S1,0.14810822583868147,0.720966513252343,0.20543010405650095,0.2790334867476571,0.794569895943499,0.5104109971225088,0.9803258194960951
SBTF,toluene,stda,S0T1,0.15225315325297265,0.8294104537551242,0.1835679217251872,0.17058954624487582,0.8164320782748126,0.18862943437966634,0.9862788891852149
SBTF,toluene,stddft,S0T1,0.1496230444839295,0.8350586963656516,0.17917667959763783,0.16494130363434858,0.8208233204023625,0.1716613268313496,0.9862701030456195
2BFCzPy,toluene,stda,S0T1,0.2834291021556301,0.3911794662464152,0.7245500508380212,0.6088205337535849,0.2754499491619791,1.151260347898377,0.7568315621919385
2BFCzPy,toluene,stda,S0S1,0.15846371542944493,0.18970136278136768,0.8353325095090415,0.8102986372186325,0.16466749049095852,1.6338221365737977,0.7347134017578537
DDPhCz-DCPP,toluene,stda,S0T1,0.18453091214744696,0.7598267815957745,0.24285918398387912,0.2401732184042254,0.757140816016121,0.6182911747341283,0.7212700473499186
DDPhCz-DCPP,toluene,stddft,S0T1,0.18162218270868824,0.7619981745958397,0.23834989211754976,0.2380018254041602,0.7616501078824497,0.6394105539305006,0.7338910005430229
2BFCzPy,toluene,stddft,S0T1,0.11339262980861246,0.890627874017912,0.12731762963701262,0.1093721259820882,0.8726823703629873,0.9638759318353068,0.7639377822798916
DDPhCz-DCPP,toluene,stda,S0S1,0.26974732389797434,0.6843429049939224,0.39416982616393165,0.3156570950060778,0.6058301738360684,1.4327398310818118,0.6402946352630379
2BFCzPy,toluene,stddft,S0S1,0.15597544989946546,0.18712111078200352,0.8335534630359114,0.8128788892179963,0.16644653696408887,1.6492522334134867,0.740517085129697
SiCz1Py3,toluene,stda,S0T1,0.30278339304708957,0.3308845154428445,0.9150727184735576,0.6691154845571554,0.08492728152644242,1.7871962815772866,0.6644608138172589
DDPhCz-DCPP,toluene,stddft,S0S1,0.2623250271310504,0.6821252072690296,0.38457019962845274,0.3178747927309704,0.6154298003715473,1.3561551136953993,0.6363873010929483
SiCz1Py3,toluene,stddft,S0T1,0.2982635193697526,0.32574849588744237,0.9156251621582719,0.6742515041125577,0.08437483784172811,1.7395831638920458,0.6673735697726559
SiCz1Py3,toluene,stda,S0S1,0.052426009267778455,0.06257466198609012,0.8378153010148479,0.9374253380139098,0.16218469898515211,0.6951954789277098,0.7661491522213328
SiCz1Py3,toluene,stddft,S0S1,0.05066959274031823,0.060644816043157,0.8355139984967545,0.9393551839568429,0.16448600150324535,0.6769800539094432,0.767140314905176
tDMAC-BN,toluene,stda,S0S1,0.01599017809986041,0.9895756604534214,0.016158621052314227,0.010424339546578575,0.9838413789476858,2.9461155333548166,0.5869090664220007
tDMAC-BN,toluene,stddft,S0T1,0.014146626990881189,0.989889983632113,0.014291110350439411,0.01011001636788695,0.9857088896495608,2.337108310820288,0.5966615795530968
tDMAC-BN,toluene,stddft,S0S1,0.016040818575009334,0.989540230105158,0.01621037537130217,0.010459769894842166,0.9837896246286978,2.9342898559805435,0.5844837208510034
POBBPE,toluene,stda,S0T1,0.18737291694921088,0.9439507354264997,0.1984986185370694,0.056049264573500415,0.8015013814629306,0.9086798596018985,0.867001607538903
tDMAC-BN,toluene,stda,S0T1,0.014331707433853764,0.989812541909547,0.014479213817805365,0.010187458090453018,0.9855207861821947,2.4054511883484873,0.5949554470273475
ImPy-2,toluene,stda,S0S1,0.43769683778821444,0.7882335195738215,0.5552882831281603,0.21176648042617882,0.4447117168718397,1.837262340003253,0.6820493976282337
ImPy-2,toluene,stda,S0T1,0.36588690508079424,0.7212552861744793,0.5072918176051777,0.2787447138255208,0.4927081823948223,1.1622201842164537,0.7853747628174699
ImPy-2,toluene,stddft,S0S1,0.439127904151133,0.7902715407042399,0.555667111281535,0.20972845929576023,0.4443328887184649,1.8491721726480868,0.6772345195663487
ImPy-2,toluene,stddft,S0T1,0.35855285250587754,0.7115519764201215,0.5039025459668982,0.2884480235798784,0.4960974540331018,1.090427508421285,0.795261954077864
POBBPE,toluene,stda,S0S1,0.0689504557004493,0.5489252334788168,0.1256099218894992,0.45107476652118317,0.8743900781105008,2.044736245152571,0.5528874637205593
Fens,toluene,stda,S0T1,0.12839380888677912,0.8312221124732218,0.15446389955237794,0.16877788752677836,0.8455361004476218,1.9428938011616022,0.6880275781527807
Fens,toluene,stddft,S0S1,0.048691503832292884,0.45995923125320426,0.105860477459335,0.5400407687467959,0.8941395225406648,2.250388834923875,0.36634903567237265
POBBPE,toluene,stddft,S0S1,0.0754759084087802,0.6285736480477303,0.12007488484952997,0.3714263519522699,0.8799251151504697,1.58989593671936,0.6429424925201737
POBBPE,toluene,stddft,S0T1,0.18218608920951446,0.9398700028996768,0.19384179583073818,0.060129997100323324,0.8061582041692618,0.8326355257843181,0.8957715864124899
Fens,toluene,stda,S0S1,0.047801885389398266,0.4545723544570341,0.10515792463115235,0.5454276455429657,0.8948420753688476,2.2750225912220383,0.35220845439209464
Fens,toluene,stddft,S0T1,0.12818727693114143,0.8261086454333543,0.15516999808650817,0.17389135456664584,0.8448300019134918,1.8883694556546244,0.6983771560639404
DTXO-TPA2,toluene,stda,S0T1,0.025964707186792918,0.9929966896873824,0.026147828544088286,0.007003310312617668,0.9738521714559117,1.4403746187268003,0.7918830964534921
DTXO-TPA2,toluene,stddft,S0T1,0.025688322233540766,0.9934758702537027,0.025857016765772855,0.0065241297462971986,0.9741429832342272,1.3318441631219884,0.8141994545777956
DTXO-TPA2,toluene,stda,S0S1,0.4749014423118883,0.8019113395149188,0.5922119053699367,0.19808866048508114,0.4077880946300631,2.772631016897707,0.5685723880279373
3DMAC-BP-Br,toluene,stda,S0S1,0.25776227046413186,0.6915261353927359,0.3727440761407259,0.3084738646072641,0.627255923859274,4.819024139207099,0.27980235059681624
FDQPXZ,toluene,stda,S0S1,0.01815819290382773,0.44108766333379035,0.041166857323975146,0.5589123366662095,0.9588331426760248,1.8025046056192482,0.45341124439236996
DTXO-TPA2,toluene,stddft,S0S1,0.47937321966543356,0.7992449830658407,0.5997825820896563,0.20075501693415926,0.40021741791034376,2.7487985697248916,0.5725088216793537
3DMAC-BP-Br,toluene,stddft,S0T1,0.28799184288694557,0.8277798556694742,0.34790873553455787,0.1722201443305257,0.6520912644654421,1.4191949229728134,0.743520638211921
FDQPXZ,toluene,stda,S0T1,0.019231341162427317,0.48007536693247393,0.04005900424616526,0.5199246330675262,0.9599409957538345,1.6611421809912217,0.5184323328516026
FDQPXZ,toluene,stddft,S0S1,0.017830503184752662,0.44140322786298525,0.04039504484613189,0.558596772137015,0.959604955153868,1.8141856826526617,0.4528547200850037
FDQPXZ,toluene,stddft,S0T1,0.019491614942242705,0.49044029388981397,0.03974309449097149,0.5095597061101861,0.9602569055090284,1.6343107629470266,0.5350350673260741
3DMAC-BP-Br,toluene,stddft,S0S1,0.26161363643876057,0.7026151601051809,0.37234271517796064,0.2973848398948192,0.6276572848220394,4.329157336496543,0.3643028174498777
3DMAC-BP-Br,toluene,stda,S0T1,0.29013366461055123,0.8312688165841655,0.34902507927912313,0.16873118341583437,0.6509749207208768,1.51648155330619,0.7295156194474688
ACID–BPPZ,toluene,stda,S0S1,0.05631273950322845,0.619951347369716,0.09083412713295648,0.3800486526302841,0.9091658728670434,3.7997834640895185,0.4354509752391788
ACID–BPPZ,toluene,stda,S0T1,0.28363929778810143,0.28858028282865766,0.9828782999582479,0.7114197171713422,0.01712170004175227,1.2936811672774546,0.673474654916251
ACID–BPPZ,toluene,stddft,S0T1,0.27298644347256507,0.27755545373920176,0.9835383877164603,0.7224445462607979,0.016461612283539866,1.2461567694677882,0.6782671614194199
ACID–BPPZ,toluene,stddft,S0S1,0.2548883476928258,0.5076480185348324,0.5020966070713355,0.4923519814651674,0.4979033929286641,1.3648839738185201,0.5851098023529582
3Py-DMAC,toluene,stda,S0S1,0.17205937589679987,0.7543579372449981,0.22808718169676917,0.24564206275500192,0.7719128183032307,2.3850523850327385,0.6009849007478241
3Py-DMAC,toluene,stda,S0T1,0.1649901723786092,0.7621540040501974,0.21647878447377747,0.23784599594980246,0.7835212155262226,1.953415080318936,0.6855433118023115
3Py-DMAC,toluene,stddft,S0S1,0.17163250508933348,0.7544960640179618,0.22747965599095232,0.2455039359820381,0.7725203440090479,2.420696023525595,0.5962960742688245
3Py-DMAC,toluene,stddft,S0T1,0.16372946824393714,0.763672042496417,0.2143976198326068,0.23632795750358296,0.7856023801673929,1.8757363858932785,0.6985561664717486
PXZ-NAI,toluene,stda,S0S1,0.2601446847599026,0.9644140100610628,0.26974378435608926,0.03558598993893723,0.7302562156439104,3.663932312149881,0.477600362196186
PXZ-NAI,toluene,stda,S0T1,0.2752759227819351,0.9393040452621819,0.29306370410136906,0.06069595473781823,0.7069362958986309,3.4403895173588133,0.5141407927165363
TPA-DCPP,toluene,stda,S0S1,0.21698333718745286,0.7322291713973843,0.29633254951228233,0.2677708286026157,0.7036674504877178,0.16318735017414182,0.7297790778719889
PXZ-NAI,toluene,stddft,S0S1,0.2591815689461817,0.9641881160685697,0.26880809317893484,0.03581188393143064,0.7311919068210656,3.6683291087047816,0.4759487911735617
PXZ-NAI,toluene,stddft,S0T1,0.2779762213953571,0.9309301761892179,0.2986005057148953,0.06906982381078192,0.7013994942851046,3.3544661726729914,0.5304363854876434
TPA-DCPP,toluene,stda,S0T1,0.1750135422398933,0.7221541368848517,0.24234928985499862,0.27784586311514814,0.7576507101450015,0.7543683032705032,0.7368929262089998
BTaz-Ar-PXZ,toluene,stda,S0S1,0.2905641034777458,0.9431236008929311,0.30808698160309567,0.05687639910706855,0.6919130183969046,3.949306888408038,0.455860945790456
BTaz-Ar-PXZ,toluene,stda,S0T1,0.019365042947366774,0.9722202204713648,0.019918370899525167,0.027779779528635418,0.9800816291004747,0.7622065056489254,0.7029407758252265
SFPC,toluene,stda,S0S1,0.30002631170038746,0.3816774745724111,0.7860728800841693,0.618322525427589,0.21392711991583077,1.4299380725045188,0.7263489317229036
SFPC,toluene,stda,S0T1,0.30854554615180385,0.3390568868924355,0.9100111458573285,0.6609431131075644,0.08998885414267178,1.398401604171755,0.7165832334468624
TPA-DCPP,toluene,stddft,S0S1,0.2166575920867696,0.7348091655338207,0.29484878829644595,0.26519083446617975,0.7051512117035543,0.19428207381125875,0.7275098516157825
BTaz-Ar-PXZ,toluene,stddft,S0S1,0.29140033685713074,0.9440434125921523,0.30867260230862087,0.05595658740784759,0.6913273976913791,3.973069987475409,0.4524315179445385
SFPC,toluene,stddft,S0T1,0.30339302490820835,0.33475786878208585,0.9063058801635078,0.6652421312179141,0.09369411983649248,1.3759696317852232,0.7201745390187017
BTaz-Ar-PXZ,toluene,stddft,S0T1,0.019178588176362074,0.9728213676798488,0.019714398566411488,0.027178632320151226,0.9802856014335884,0.7423756626404262,0.7085412573808357
TPA-DCPP,toluene,stddft,S0T1,0.17487235644258436,0.7248952224690368,0.241238114174568,0.2751047775309632,0.758761885825432,0.7155589191877574,0.74493203737601
SFPC,toluene,stddft,S0S1,0.04631029325999735,0.054719430053085806,0.8463226538556712,0.9452805699469141,0.1536773461443289,0.40297213306414675,0.7827801340874876
poCz-SO,toluene,stda,S0T1,0.3710144996459179,0.7637277752977807,0.48579416861100505,0.23627222470221929,0.5142058313889948,1.6954576357333815,0.6827867621015807
PSPP,toluene,stda,S0T1,0.30699923950226626,0.4797474980121599,0.6399183753418657,0.5202525019878399,0.3600816246581341,0.7039957393568982,0.7163991705406088
PSPP,toluene,stda,S0S1,0.3349849728256279,0.4845869567967279,0.6912793836631176,0.5154130432032721,0.30872061633688275,0.1921770198880946,0.6758511616601932
poCz-SO,toluene,stddft,S0T1,0.3714285579674941,0.7646252642917478,0.4857654792658971,0.23537473570825246,0.514234520734103,1.6923159263057452,0.6856750807074479
PSPP,toluene,stddft,S0T1,0.30569965273059135,0.47955749153914873,0.6374619479917676,0.5204425084608515,0.3625380520082326,0.7120560201044014,0.7240092483117837
PSPP,toluene,stddft,S0S1,0.3359634755615293,0.4856279444913645,0.6918124860244805,0.5143720555086351,0.3081875139755199,0.18961690853123345,0.669394480438101
poCz-SO,toluene,stddft,S0S1,0.11491305118540485,0.5150537577134143,0.22310884925014884,0.48494624228658584,0.776891150749851,1.5710022888612394,0.7751887467975171
poCz-SO,toluene,stda,S0S1,0.11560686183635607,0.5203495121890532,0.22217155801686198,0.4796504878109468,0.7778284419831378,1.5234665525225581,0.7753152526008258
Py-TPA,toluene,stda,S0S1,0.0783760665240936,0.935991218688634,0.08373589939647298,0.06400878131136603,0.916264100603527,0.6669101862253779,0.8685140554658175
Py-TPA,toluene,stda,S0T1,0.07599591815269861,0.8772253462564784,0.08663215042407055,0.1227746537435216,0.9133678495759293,1.8463743193889508,0.7732299125593225
Py-TPA,toluene,stddft,S0S1,0.0867319585036485,0.832045214090752,0.10423947765678579,0.1679547859092481,0.8957605223432143,2.536669473965386,0.7160706827059684
Py-TPA,toluene,stddft,S0T1,0.07566840455640299,0.888180983830537,0.0851948036874885,0.11181901616946277,0.9148051963125114,1.639121597302649,0.7918767880140918
IPTAC,toluene,stda,S0S1,0.02426771079114589,0.9903708718246986,0.024503659670880765,0.009629128175301323,0.975496340329119,0.18779253013713035,0.829276294103821
IPTAC,toluene,stda,S0T1,0.062109102602284944,0.9508789005921223,0.06531757362962723,0.04912109940787764,0.9346824263703727,1.1291063985370877,0.9242982924218477
IPTAC,toluene,stddft,S0S1,0.021798549534144788,0.9922648690052362,0.021968478593823677,0.007735130994763861,0.9780315214061762,0.1263289068810116,0.8428255755941116
mAP,toluene,stda,S0S1,0.3312834881965017,0.8107588614492769,0.4086091487231036,0.18924113855072322,0.5913908512768964,0.8508844909516078,0.6418113092349831
mAP,toluene,stda,S0T1,0.3353118775914968,0.6932234196816496,0.4836995809308963,0.3067765803183504,0.5163004190691038,0.7336840992177478,0.7716377579218562
mAP,toluene,stddft,S0S1,0.24563104473776234,0.8461785508157376,0.29028275947312515,0.15382144918426227,0.7097172405268749,0.9956770696699183,0.6580742946698271
IPTAC,toluene,stddft,S0T1,0.05955964542099874,0.9512646165280945,0.06261101736168667,0.048735383471905605,0.9373889826383133,1.0175896652980096,0.9342948875815604
mAP,toluene,stddft,S0T1,0.33498620203546864,0.6892296418722419,0.4860298827623013,0.31077035812775805,0.5139701172376987,0.7183146889001446,0.7758684007564316
3-DTPA-BBI,toluene,stda,S0S1,0.1913790899834183,0.5991663064886681,0.3194089652753827,0.40083369351133197,0.6805910347246175,2.5431359439193884,0.7570424727650328
3-DTPA-BBI,toluene,stddft,S0T1,0.19415159833384837,0.5616637740223346,0.3456722817343885,0.4383362259776652,0.6543277182656116,0.7993405119590029,0.8886118356075433
3-DTPA-BBI,toluene,stda,S0T1,0.19281073909790913,0.5618598441133519,0.3431651881123057,0.43814015588664806,0.6568348118876944,0.9437818191782021,0.8794735709169356
2tCz2CzBn,toluene,stddft,S0T1,0.17414740511348295,0.7326976631866132,0.2376797605114359,0.26730233681338667,0.762320239488564,1.7004262837813993,0.589675422048396
2tCz2CzBn,toluene,stda,S0S1,0.177722468426489,0.7204939737409821,0.2466675293669844,0.2795060262590179,0.7533324706330157,1.6559066803896536,0.5440064269945107
2tCz2CzBn,toluene,stda,S0T1,0.1749103027039829,0.7316521743132157,0.2390620965053059,0.2683478256867843,0.7609379034946941,1.6976050214453298,0.583708626402823
3-DTPA-BBI,toluene,stddft,S0S1,0.18674418403600446,0.586092849315114,0.3186255970435856,0.41390715068488615,0.6813744029564145,2.3958533158019595,0.7670324305323728
diarylbiindole,toluene,stda,S0T1,0.14331107507776633,0.8487298934859455,0.16885357305980114,0.15127010651405454,0.8311464269401988,0.026455198814144563,0.9923985887976501
2tCz2CzBn,toluene,stddft,S0S1,0.21828423143894565,0.8729945918051297,0.25004076026128597,0.12700540819487025,0.7499592397387141,1.8256379786439962,0.6657223729036358
diarylbiindole,toluene,stda,S0S1,0.24398161877039784,0.8739890175874536,0.2791586780390915,0.12601098241254638,0.7208413219609086,0.5191504827647904,0.6636923270608797
diarylbiindole,toluene,stddft,S0T1,0.14227153020018407,0.8506826292729593,0.1672439583276518,0.14931737072704054,0.832756041672348,0.027530643225986955,0.9922445629364341
diarylbiindole,toluene,stddft,S0S1,0.1870377164779858,0.7900908987836873,0.23672936464136307,0.20990910121631262,0.7632706353586369,0.2088170994426481,0.9712114905143282
4PyCNICz,toluene,stda,S0T1,0.2551236836760522,0.4987352142786723,0.5115413477370776,0.5012647857213276,0.4884586522629224,0.6689185222776387,0.7279700066475461
4PyCNICz,toluene,stda,S0S1,0.22978388466759261,0.4857881839254484,0.4730125027142621,0.5142118160745516,0.526987497285738,2.0279510893424235,0.5879966072438972
4PyCNICz,toluene,stddft,S0S1,0.23007231031339495,0.49333283585345594,0.46636326145891843,0.5066671641465441,0.5336367385410816,1.8687289180115165,0.5945754779111585
4PyCNICz,toluene,stddft,S0T1,0.2567201507223876,0.5066159021490257,0.5067352793968772,0.4933840978509742,0.4932647206031229,0.7021860570519542,0.7332697301626232
IQ-Se,toluene,stda,S0T1,0.03668952466927047,0.9477310294983595,0.038713014059158196,0.052268970501640276,0.9612869859408419,1.1072646521352019,0.8277270665731273
DDCzTrz,toluene,stda,S0S1,0.25633221476669793,0.4887303310622594,0.5244859966222226,0.5112696689377406,0.4755140033777774,2.705344102961677,0.5975348372047454
IQ-Se,toluene,stddft,S0T1,0.03670978253593549,0.949441023085116,0.038664626494282525,0.05055897691488415,0.9613353735057175,0.9830737029075525,0.8356209178572449
IQ-Se,toluene,stda,S0S1,0.05373178419920817,0.949898981527466,0.056565787777565414,0.05010101847253397,0.9434342122224346,1.2875154299573355,0.7172080185858013
BBCz,toluene,stda,S0S1,0.19595532998371004,0.7413555084953254,0.2643203263997136,0.2586444915046745,0.7356796736002864,0.44093023325827796,0.6251593080154573
IQ-Se,toluene,stddft,S0S1,0.03182622105273449,0.9717828628406241,0.032750341943366935,0.028217137159376068,0.967249658056633,1.865230167574892,0.6842509054439158
DDCzTrz,toluene,stddft,S0S1,0.2611760002098765,0.5025339990728869,0.5197180702036359,0.4974660009271132,0.48028192979636414,2.6361019684500313,0.5940153871440259
BBCz,toluene,stda,S0T1,0.3673433195732317,0.7387162069089753,0.49727258741257824,0.2612837930910247,0.5027274125874219,1.6165001064436566,0.7645739775388284
BBCz,toluene,stddft,S0S1,0.19507519324781095,0.7346042706311195,0.2655514010015437,0.26539572936888056,0.7344485989984564,0.4995070419147138,0.6250830104503682
BBCz,toluene,stddft,S0T1,0.16141459473927458,0.7692395621723949,0.20983657455608068,0.23076043782760508,0.7901634254439195,0.16774007149882755,0.8359088902006573
DDCzTrz,toluene,stddft,S0T1,0.04430652507840157,0.9707178169928338,0.04564305331868515,0.02928218300716613,0.9543569466813151,0.44694507764283115,0.6819069777652745
Xp-mCP,toluene,stda,S0T1,0.10683020556061212,0.7526900533711596,0.14193120406220247,0.2473099466288404,0.8580687959377973,0.9968558600310224,0.7204094213121977
Xp-mCP,toluene,stda,S0S1,0.19353230616891542,0.6606193570625856,0.2929558513535664,0.3393806429374145,0.7070441486464336,1.7887317395600788,0.7378583911864514
DDCzTrz,toluene,stda,S0T1,0.1701364771518002,0.4440624239601262,0.3831363969834054,0.5559375760398738,0.6168636030165944,1.3048386000851064,0.7011764051547343
Xp-mCP,toluene,stddft,S0T1,0.19790521878507406,0.746871688061568,0.2649788738126057,0.2531283119384321,0.7350211261873942,2.122169784429126,0.6417525474050754
iTPBI-CN,toluene,stda,S0S1,0.32190907445799266,0.6347951657840891,0.507107003659008,0.365204834215911,0.49289299634099226,1.260976871397287,0.6866351826982805
bpipH,toluene,stddft,S0S1,0.2538248568148822,0.5107855432544903,0.49693038529952727,0.4892144567455096,0.5030696147004725,0.8152463654158132,0.7240775749153359
bpipH,toluene,stda,S0T1,0.27587479287117506,0.6201967971993483,0.4448181514592719,0.37980320280065183,0.5551818485407283,0.3493239290639399,0.7881578034312157
bpipH,toluene,stda,S0S1,0.26052727597032893,0.5126424279160433,0.5082046701233947,0.48735757208395686,0.49179532987660546,0.8515095015730789,0.7270367781868317
Xp-mCP,toluene,stddft,S0S1,0.19025629886588,0.6509571961510453,0.2922715963366257,0.3490428038489547,0.7077284036633741,1.8108091508050648,0.7416800363502548
iTPBI-CN,toluene,stddft,S0S1,0.3105391501293918,0.6278406682290063,0.49461458271785913,0.37215933177099364,0.5053854172821408,1.200730019395799,0.6948039506498266
bpipH,toluene,stddft,S0T1,0.2790445097660625,0.6213750270144616,0.4490758360644065,0.3786249729855384,0.5509241639355936,0.3741964535663076,0.7962192477584813
iTPBI-CN,toluene,stda,S0T1,0.23348958243417062,0.4104841299668278,0.5688151267944012,0.5895158700331722,0.4311848732055986,0.7297020961781847,0.7979604542678423
DMPA,toluene,stda,S0S1,0.18116123998195702,0.8028123965704361,0.22565824936917567,0.19718760342956407,0.7743417506308241,0.15067396395597402,0.9699052702681357
DMPA,toluene,stddft,S0S1,0.18300181926617726,0.8007250605163476,0.2285451377632274,0.1992749394836522,0.7714548622367725,0.14382209958647693,0.972487591590848
α-DMAC-DBP,toluene,stda,S0S1,0.20701758132173942,0.658175635467378,0.3145324289841478,0.341824364532622,0.6854675710158522,3.261832325713608,0.44915045956392363
iTPBI-CN,toluene,stddft,S0T1,0.23984116283070975,0.4494296289345312,0.533656767132386,0.5505703710654687,0.4663432328676141,0.6395255010921034,0.7998171052506826
α-DMAC-DBP,toluene,stda,S0T1,0.20288597644585424,0.6833102430292591,0.2969163400016041,0.31668975697074103,0.7030836599983958,3.048319891650618,0.50710124902488
DMPA,toluene,stda,S0T1,0.1676580423671979,0.8063390147721332,0.20792500337414171,0.1936609852278668,0.7920749966258583,0.03677683844594073,0.9905305308454303
DMPA,toluene,stddft,S0T1,0.1654480303711746,0.8074056215477037,0.20491315140217845,0.19259437845229632,0.7950868485978216,0.034274802160816804,0.9916847551223359
α-DMAC-DBP,toluene,stddft,S0S1,0.20769454995240172,0.6580778280283105,0.3156078826947908,0.34192217197168945,0.6843921173052092,3.265402454196436,0.4488075689734858
PT-BZ-DMAC,toluene,stda,S0S1,0.11498828755559821,0.6984344787245592,0.16463718653406573,0.3015655212754407,0.8353628134659342,4.733579461623335,0.3371788778788529
PT-BZ-DMAC,toluene,stda,S0T1,0.12226494864196777,0.9746456355016944,0.12544554060310592,0.025354364498305575,0.8745544593968941,2.136785049766899,0.7286081668916926
α-DMAC-DBP,toluene,stddft,S0T1,0.2016056829610628,0.6889922025652168,0.29260952767020576,0.31100779743478346,0.7073904723297944,2.9712568862662025,0.5280835302747128
PT-BZ-DMAC,toluene,stddft,S0S1,0.11483355730947821,0.6983789980653871,0.16442870937926846,0.30162100193461305,0.8355712906207315,4.740361872275672,0.3358210338061093
PT-BZ-DMAC,toluene,stddft,S0T1,0.1219963384830432,0.9741182608040974,0.12523770818374752,0.025881739195902687,0.8747622918162523,2.029694765211067,0.7417462197457081
BACH,toluene,stda,S0S1,0.42286155824156985,0.728781052622206,0.580231273466954,0.27121894737779373,0.41976872653304625,2.432006300356603,0.6434798182398038
BACH,toluene,stda,S0T1,0.35057638304650546,0.6270810167761003,0.5590607491977053,0.3729189832238997,0.4409392508022949,1.8705426376114804,0.7630328923858868
BACH,toluene,stddft,S0T1,0.34117783565980314,0.6111548118648015,0.5582510830910022,0.3888451881351983,0.44174891690899787,1.7742971250791622,0.7801149878137995
BACH,toluene,stddft,S0S1,0.18362885679178662,0.5204507509048446,0.3528265767174577,0.47954924909515545,0.6471734232825422,0.67436870819002,0.7032563299434049
Fene,toluene,stda,S0S1,0.05863276051058549,0.5011077045038049,0.11700630420089717,0.4988922954961952,0.8829936957991029,2.2748585693784373,0.4448804968284635
Fene,toluene,stda,S0T1,0.1221662133385506,0.7906816965756163,0.15450745080813608,0.20931830342438357,0.8454925491918637,1.8456869719350637,0.6750875685969994
Fene,toluene,stddft,S0S1,0.05964293356619053,0.5050237778498328,0.11809925825695511,0.49497622215016723,0.8819007417430449,2.2533203747319073,0.4522870312208543
Fene,toluene,stddft,S0T1,0.12473397656042488,0.7973602546084393,0.1564336519653568,0.20263974539156088,0.8435663480346434,1.84702295957341,0.6878652784013477
BTPO,toluene,stda,S0S1,0.060807324389143075,0.8052835570588683,0.07551045076746538,0.19471644294113166,0.9244895492325345,0.5979029213710143,0.6207652027701713
2Mi2SB,toluene,stda,S0T1,0.058185222729106804,0.9862662612791805,0.05899545083661381,0.01373373872081935,0.9410045491633864,0.47864801488650593,0.7980251965423358
BTPO,toluene,stda,S0T1,0.039351452370333884,0.845865604296446,0.046522109624098855,0.15413439570355397,0.9534778903759015,0.46736997154944704,0.7332153034673892
BTPO,toluene,stddft,S0S1,0.06435389686072335,0.802659127936395,0.08017587369394862,0.1973408720636049,0.9198241263060513,0.5941594175696582,0.6235444701851869
BTPO,toluene,stddft,S0T1,0.03927602940307917,0.8513143580103135,0.04613575353630221,0.1486856419896865,0.9538642464636975,0.45173606866742255,0.7425179244688845
2Mi2SB,toluene,stddft,S0T1,0.05696765716682639,0.98744209093552,0.05769214993950099,0.012557909064480106,0.9423078500604991,0.47486998940094743,0.7969474060505873
"2,4-CzPyCl3",toluene,stda,S0T1,0.11699277188531687,0.9408649593949342,0.1243459762393047,0.05913504060506571,0.8756540237606952,0.1416812966720981,0.6993576164961001
"2,4-CzPyCl3",toluene,stddft,S0T1,0.11530870367191584,0.9385896443839363,0.12285315991058181,0.06141035561606348,0.8771468400894181,0.14396268529580986,0.7029743337220253
"2,4-CzPyCl3",toluene,stda,S0S1,0.2250603719904513,0.5492862020566491,0.40973243301538514,0.4507137979433512,0.5902675669846149,0.8436581542014251,0.672388208239197
2Mi2SB,toluene,stda,S0S1,0.02924206658419143,0.9861095966109527,0.029653972220420675,0.013890403389047583,0.9703460277795792,0.9979634784358258,0.7427968961342742
"2,4-CzPyCl3",toluene,stddft,S0S1,0.026149030532096912,0.999712908684717,0.02615653984752499,0.0002870913152829869,0.9738434601524752,1.0779457028365353,0.7428561261339409
2Mi2SB,toluene,stddft,S0S1,0.027009819524876886,0.9894390579716973,0.027298113317100827,0.010560942028302673,0.9727018866828991,1.1309199900292304,0.7156608863256523
TDBA-DI,toluene,stda,S0S1,0.008831468391352404,0.9973165999977943,0.008855230516941096,0.0026834000022055906,0.9911447694830589,1.0097663244797892,0.5871712599390806
BmPyPhB,toluene,stda,S0S1,0.10952285784507665,0.7308406101104192,0.14985874666779855,0.26915938988958094,0.8501412533322013,3.7841870551217105,0.3761920642897879
TDBA-DI,toluene,stda,S0T1,0.006991914076172105,0.9975838114996541,0.0070088487759853045,0.0024161885003461383,0.9929911512240147,0.5611693513271175,0.6041974689650697
BmPyPhB,toluene,stda,S0T1,0.12120414363599984,0.7116026428720963,0.17032559511978249,0.28839735712790376,0.8296744048802174,1.3915454285161792,0.5212960217265346
BmPyPhB,toluene,stddft,S0S1,0.11119341239928146,0.7247996400076966,0.15341262089768795,0.27520035999230297,0.8465873791023119,3.884388977902356,0.3766878798798141
TDBA-DI,toluene,stddft,S0T1,0.006878734635146342,0.9976208895914633,0.006895138931947645,0.002379110408536605,0.9931048610680524,0.5243534137873667,0.6069503784824994
TDBA-DI,toluene,stddft,S0S1,0.014881954263418757,0.9979578595200631,0.014912407494416418,0.0020421404799367496,0.9850875925055834,0.7414505993478706,0.6751257537954902
oCBP,toluene,stda,S0T1,0.31235100493165885,0.7322689284684392,0.42655231266598964,0.2677310715315607,0.5734476873340106,0.766279083830022,0.6812282513176514
3-BHH,toluene,stda,S0S1,0.1703861973785065,0.34942299098753116,0.4876215983870007,0.650577009012469,0.5123784016129993,0.3376526369514396,0.7631063377033915
3-BHH,toluene,stda,S0T1,0.049974767617697056,0.9242289706217619,0.05407184713553963,0.07577102937823807,0.9459281528644604,1.2778309468934748,0.8531945320572777
oCBP,toluene,stddft,S0T1,0.311962411235188,0.7298734837995923,0.427419844890332,0.2701265162004079,0.572580155109668,0.767392868724125,0.6850723249170678
BmPyPhB,toluene,stddft,S0T1,0.14954070450856538,0.7102836242524264,0.21053660735309362,0.28971637574757364,0.7894633926469061,3.3127441569160276,0.5221957438047962
oCBP,toluene,stda,S0S1,0.15290549282253815,0.23403903256017683,0.6533332972277717,0.7659609674398234,0.34666670277222844,0.7915179301140541,0.7633746344569594
3-BHH,toluene,stddft,S0T1,0.044516061942265046,0.931742914217625,0.04777719396948109,0.06825708578237498,0.9522228060305189,1.2628084478840311,0.8570641307475089
3-BHH,toluene,stddft,S0S1,0.1757855651653833,0.36077051757816087,0.48725036165766894,0.6392294824218393,0.5127496383423311,0.41798967025399586,0.7651632308724764
oCBP,toluene,stddft,S0S1,0.18799990211430895,0.32645440540567006,0.5758841020408042,0.6735455945943299,0.4241158979591959,0.7667785901639628,0.765556296018967
mP2MPC,toluene,stda,S0T1,0.02805527465045307,0.9972339265966845,0.0281330928503394,0.0027660734033156374,0.9718669071496607,0.5277902405216156,0.7283018267507787
mP2MPC,toluene,stddft,S0T1,0.027952003510885316,0.9973069333855161,0.028027483390692793,0.0026930666144836853,0.9719725166093073,0.5361878126414716,0.7314219875933626
mP2MPC,toluene,stda,S0S1,0.22480076563762869,0.3726820070682589,0.6031972603293808,0.6273179929317414,0.3968027396706194,0.25316338458298704,0.7463515085274971
DCBNPE,toluene,stda,S0S1,0.06252985237335502,0.602043261727184,0.1038627227451479,0.397956738272816,0.896137277254852,0.8028572071728826,0.6097425958543481
mP2MPC,toluene,stddft,S0S1,0.2242508847699338,0.37475827423434993,0.5983880815656163,0.6252417257656502,0.40161191843438354,0.22689021568234025,0.7493276193112607
AcCN,toluene,stda,S0S1,0.1212902351699217,0.9156159722685203,0.13246845712991911,0.0843840277314797,0.8675315428700809,1.2038980331890135,0.43112593680601485
DCBNPE,toluene,stda,S0T1,0.07076280559769038,0.671556317657089,0.10537136460061325,0.3284436823429111,0.894628635399387,0.615753783456903,0.7441145136182697
AcCN,toluene,stddft,S0S1,0.11415497557535483,0.8633378389018468,0.13222515037746788,0.1366621610981531,0.8677748496225322,1.0830647662987647,0.40329074338897053
AcCN,toluene,stda,S0T1,0.02636330785601156,0.9875499672780661,0.02669566981878943,0.012450032721933834,0.9733043301812105,1.0455982786973779,0.7103551492522374
DCBNPE,toluene,stddft,S0S1,0.06213132894576343,0.5980209958726749,0.1038948956216779,0.40197900412732523,0.8961051043783221,0.8171297896809999,0.6005865669059776
AcCN,toluene,stddft,S0T1,0.026070081178750506,0.9878618360178404,0.026390412331183215,0.012138163982159778,0.973609587668817,1.033629277829424,0.7152713316807693
DCBNPE,toluene,stddft,S0T1,0.07197626318082291,0.6845249017078416,0.10514776453164404,0.31547509829215836,0.894852235468356,0.5832546176808752,0.7662985557112161
cyclohexanone,toluene,stda,S0T1,0.15138649962791134,0.7983886277297426,0.18961505007703616,0.2016113722702574,0.8103849499229637,0.2512996226000552,0.9627461684774694
cyclohexanone,toluene,stda,S0S1,0.2939257606676955,0.6249433227885632,0.47032386770078227,0.3750566772114368,0.5296761322992176,1.012826287999108,0.7219282762159545
CbBPCb,toluene,stda,S0T1,0.02336423263278842,0.9970835280674762,0.023432573074466917,0.0029164719325236463,0.9765674269255331,0.5474913805871844,0.7083508366298378
CbBPCb,toluene,stddft,S0T1,0.023220947764877174,0.9972083695769235,0.02328595354121317,0.00279163042307664,0.9767140464587869,0.5337427994846846,0.7118553460861119
cyclohexanone,toluene,stddft,S0T1,0.152045614129052,0.8000211403440926,0.19005199545559073,0.19997885965590756,0.8099480045444093,0.23487623847594255,0.9645266109706976
cyclohexanone,toluene,stddft,S0S1,0.24123362490871125,0.5226626145854465,0.46154750345028484,0.4773373854145535,0.5384524965497152,0.9713650771611744,0.7933410329805057
CbBPCb,toluene,stda,S0S1,0.06458309020210788,0.07762013068847726,0.8320404723525577,0.9223798693115227,0.16795952764744218,0.6282072791791856,0.7740931446488295
CbBPCb,toluene,stddft,S0S1,0.0632537139018025,0.07632380914568969,0.8287546783869433,0.9236761908543102,0.17124532161305692,0.6382327447437699,0.7751705308124802
3CP-DPS-PXZ,toluene,stda,S0S1,0.01777359207290597,0.9958258675118146,0.01784809237514118,0.004174132488185582,0.9821519076248588,0.43430507066746765,0.6738774648833407
3CP-DPS-PXZ,toluene,stda,S0T1,0.019088126803728806,0.9962430489854398,0.019160110399934926,0.0037569510145603123,0.9808398896000651,0.8518269283575912,0.7145786091596944
3CP-DPS-PXZ,toluene,stddft,S0S1,0.01783125187213899,0.9957625278344224,0.017907132849152574,0.004237472165577434,0.9820928671508474,0.4246865484949425,0.6669006164000326
3CP-DPS-PXZ,toluene,stddft,S0T1,0.019238964564849602,0.9963193139415131,0.01931003875528502,0.003680686058487108,0.980689961244715,0.8584867582800175,0.7222084037616726
NA-TNA,toluene,stda,S0S1,0.21288319595627758,0.7554007164167255,0.28181492462185875,0.24459928358327454,0.7181850753781409,0.567358108604655,0.7171722579182915
NA-TNA,toluene,stda,S0T1,0.2533448299279465,0.8084017087629344,0.31338977538237794,0.19159829123706562,0.6866102246176222,1.3032522757366547,0.8647689435877105
BCN,toluene,stda,S0S1,0.06402241538425373,0.7880529457854244,0.08124126142367866,0.21194705421457566,0.9187587385763212,3.024095344544929,0.608517914288084
NA-TNA,toluene,stddft,S0S1,0.22115693600068703,0.7619231367293642,0.29026147827722704,0.23807686327063585,0.7097385217227729,0.8489324843840227,0.7099085274681463
BCN,toluene,stda,S0T1,0.05076595904167917,0.841732252910182,0.06031129122849022,0.15826774708981795,0.9396887087715096,2.393815748758037,0.7547443622965423
BCN,toluene,stddft,S0T1,0.04872286569870484,0.8508622705965807,0.05726292889276061,0.14913772940341935,0.9427370711072395,2.267713372022339,0.7725387588544728
BCN,toluene,stddft,S0S1,0.061762496262320686,0.7904403410218331,0.07813682204336622,0.2095596589781667,0.9218631779566336,3.0372342166907376,0.6089838067509915
NA-TNA,toluene,stddft,S0T1,0.2487607957510244,0.7980668547088534,0.31170420658777515,0.20193314529114648,0.688295793412225,1.1042760253079362,0.8811013302905529
PTZ–TAZ,toluene,stda,S0S1,0.13573315506474481,0.7520693816081422,0.18047956529556888,0.24793061839185818,0.8195204347044309,1.2468483131368053,0.4820925190663153
PTZ–TAZ,toluene,stda,S0T1,0.13695736082678264,0.7567871017834256,0.18097211290207293,0.2432128982165748,0.8190278870979271,1.0569927011977422,0.5466141427099565
CNTPA-CZ,toluene,stda,S0T1,0.12476990894301528,0.8483343147288456,0.14707634334336184,0.15166568527115434,0.852923656656638,1.4941005095572961,0.7335859091124859
PTZ–TAZ,toluene,stddft,S0S1,0.13893756608725577,0.7878959345528727,0.17633999617741677,0.21210406544712762,0.823660003822583,1.668439457709279,0.4811088483462597
PTZ–TAZ,toluene,stddft,S0T1,0.13775154737497616,0.75865025714574,0.18157450825000312,0.24134974285426006,0.8184254917499966,1.0442611583169763,0.5599721751447309
CNTPA-CZ,toluene,stda,S0S1,0.12797332503001962,0.9102301851833831,0.14059446403025733,0.08976981481661693,0.8594055359697426,0.5899400365033463,0.7192312366981726
ICz-2,toluene,stda,S0S1,0.12461844386814326,0.653343590617909,0.19073952152845577,0.34665640938209097,0.8092604784715447,1.4237879133455706,0.7269720687809295
CNTPA-CZ,toluene,stddft,S0T1,0.1251776159505237,0.8475798729043185,0.14768828278282484,0.15242012709568148,0.8523117172171754,1.458854791409406,0.7438331483714387
CNTPA-CZ,toluene,stddft,S0S1,0.12189283819047121,0.9163869347908729,0.13301459630509482,0.08361306520912717,0.8669854036949052,0.5965816622675016,0.7161768011991531
ICz-2,toluene,stda,S0T1,0.17275814640841367,0.6138228527128285,0.28144626034188563,0.38617714728717156,0.7185537396581141,1.0334923203434412,0.8878360659752538
PS-BZ-DMAC,toluene,stda,S0S1,0.14827236636062827,0.768477123576362,0.19294311022635763,0.23152287642363797,0.8070568897736424,2.2340220363122985,0.671062264687196
ICz-2,toluene,stddft,S0S1,0.2084781598690242,0.7082753502103172,0.29434620279686163,0.29172464978968266,0.7056537972031385,1.263545419083004,0.6876270116755185
ICz-2,toluene,stddft,S0T1,0.17110190184622523,0.6296756082880166,0.2717302363218783,0.3703243917119834,0.7282697636781217,0.9317388192153491,0.8888807487624208
PS-BZ-DMAC,toluene,stda,S0T1,0.1249071078544614,0.7902906372808634,0.15805211647733383,0.20970936271913648,0.8419478835226661,1.9711219606105195,0.7085116247661477
PS-BZ-DMAC,toluene,stddft,S0S1,0.14584061541478102,0.7680390795191043,0.18988697229585877,0.23196092048089578,0.8101130277041411,2.3067413252972577,0.6661758385858557
PS-BZ-DMAC,toluene,stddft,S0T1,0.12352337975109168,0.7932236536223832,0.15572326819428836,0.20677634637761672,0.8442767318057116,1.8986798922745542,0.7160848632125755
mCP,toluene,stda,S0T1,0.2862574091995127,0.7739602915823213,0.3698605888607986,0.2260397084176785,0.6301394111392017,0.5093889651547926,0.6882891025318778
mCP,toluene,stddft,S0T1,0.28561541155577014,0.7726658783513781,0.3696493135754643,0.2273341216486219,0.6303506864245356,0.5049446870328641,0.6918279224714388
mCP,toluene,stda,S0S1,0.20526485940338043,0.41283558937686543,0.49720727738906295,0.5871644106231345,0.502792722610937,0.9342233166493169,0.7658852719376373
2-TA-AN,toluene,stda,S0S1,0.2267034546625482,0.6844527669017068,0.3312185524338815,0.3155472330982936,0.6687814475661186,0.023219857291491158,0.9944872242809465
2-TA-AN,toluene,stda,S0T1,0.21614612027595625,0.7056281828651125,0.3063173007040659,0.29437181713488736,0.6936826992959343,0.024860396811237147,0.9951170996249052
SPFS-PXZ,toluene,stda,S0S1,0.018314157341944953,0.9960526727621337,0.018386735805003496,0.003947327237866515,0.9816132641949963,0.2854432852980328,0.6769675092101394
mCP,toluene,stddft,S0S1,0.15857900182734788,0.25320345855729287,0.6262908205555411,0.7467965414427071,0.373709179444459,1.300512611696127,0.7649383399273886
SPFS-PXZ,toluene,stda,S0T1,0.019349024604991112,0.9964257371454988,0.01941843118225855,0.003574262854501202,0.9805815688177417,0.6895042159322039,0.7178130417425798
2-TA-AN,toluene,stddft,S0S1,0.2276659777357862,0.6821975090768428,0.33372443420948034,0.31780249092315715,0.6662755657905197,0.025086894692603983,0.9942801144355031
SPFS-PXZ,toluene,stddft,S0T1,0.019488233542817666,0.9964853785036969,0.01955696888606717,0.0035146214963027943,0.9804430311139327,0.7012957168710122,0.7249369508615037
SPFS-PXZ,toluene,stddft,S0S1,0.018448349160215656,0.9959488546652888,0.018523390105625093,0.004051145334711482,0.981476609894375,0.2781119025722068,0.6710309240481236
2-TA-AN,toluene,stddft,S0T1,0.2141995462215556,0.7082606021803461,0.3024304127070638,0.2917393978196539,0.6975695872929363,0.024505891921651042,0.9952067548000534
BBA-Pyr,toluene,stda,S0T1,0.0798817158406788,0.8681308828060335,0.09201575179825365,0.13186911719396643,0.9079842482017465,1.081758008080493,0.7495239738005927
PSPBP,toluene,stda,S0S1,0.01874152749789918,0.9844122527587386,0.01903829157487375,0.015587747241261619,0.9809617084251263,0.7064106660297925,0.6904713961939059
PSPBP,toluene,stda,S0T1,0.019207459576958963,0.9858126846567572,0.019483883577382316,0.014187315343243004,0.9805161164226177,0.5430775864115394,0.726398974308459
BBA-Pyr,toluene,stda,S0S1,0.17021693516688277,0.8429445111249272,0.2019313643073904,0.157055488875073,0.7980686356926096,0.40080611127326743,0.8391073005693681
BBA-Pyr,toluene,stddft,S0S1,0.16434385677581298,0.8441555417224724,0.19468433085267034,0.1558444582775277,0.8053156691473295,0.18557218626847677,0.846568420218546
PSPBP,toluene,stddft,S0S1,0.01879397014426128,0.9842995564682694,0.019093750495728416,0.0157004435317305,0.9809062495042716,0.7140663572030967,0.6833809982843667
BBA-Pyr,toluene,stddft,S0T1,0.11294647766358151,0.8931510694247096,0.12645842515346462,0.10684893057529025,0.8735415748465352,0.2056766727317885,0.9531649577101255
PSPBP,toluene,stddft,S0T1,0.019304676079380963,0.986124179577244,0.01957631348990648,0.013875820422755866,0.9804236865100936,0.5414102551993043,0.7339897359860925
1MPA,toluene,stda,S0T1,0.133761756142389,0.9689717156073457,0.1380450574437541,0.031028284392654277,0.8619549425562459,0.3044101934542163,0.7221612409528659
1MPA,toluene,stddft,S0T1,0.13029766542339033,0.9681839397917815,0.13457945341606498,0.03181606020821851,0.865420546583935,0.29670670434272284,0.7298109085350608
2DMAC-BP-F,toluene,stda,S0T1,0.3325389357380094,0.7851095831669249,0.42355735156949054,0.21489041683307522,0.5764426484305094,2.22231490136413,0.8145023945641832
1MPA,toluene,stda,S0S1,0.22648495131967228,0.7864130053478363,0.28799746415624994,0.2135869946521635,0.71200253584375,0.6069581792849644,0.7983478563293636
2DMAC-BP-F,toluene,stda,S0S1,0.3100821130185431,0.7525874119551548,0.41202139192439785,0.24741258804484523,0.5879786080756021,0.5660607276365367,0.5827589085909605
1MPA,toluene,stddft,S0S1,0.23509227185504988,0.7942211290847809,0.2960035476844566,0.20577887091521924,0.7039964523155435,0.5295083834262593,0.7969838216741356
2DMAC-BP-F,toluene,stddft,S0S1,0.3098192819243219,0.7243589306400495,0.4277151406838638,0.2756410693599502,0.5722848593161363,0.5388300715137612,0.5742384282014749
2DMAC-BP-F,toluene,stddft,S0T1,0.11710549752432256,0.9083737867487554,0.12891774204919065,0.09162621325124477,0.8710822579508094,0.5851727579825494,0.7521939817783433
AcDbp,toluene,stda,S0S1,0.2705957162834387,0.5532052583010885,0.48914162008229467,0.44679474169891165,0.5108583799177053,0.24504065576424072,0.8312253109780615
AcDbp,toluene,stddft,S0S1,0.2713394329686783,0.5555237185046724,0.48843897016504456,0.44447628149532786,0.5115610298349553,0.22544105531217903,0.8295003106007993
AcDbp,toluene,stda,S0T1,0.21222397858623854,0.6588940388479374,0.32209121053410616,0.34110596115206254,0.6779087894658937,0.4031032760411249,0.8246931430084251
CzPrSBI,toluene,stda,S0T1,0.385737754057304,0.5385744223517179,0.7162199652426059,0.46142557764828174,0.28378003475739405,1.2402078261923257,0.7401231678498913
P–Cu–C,toluene,stda,S0T1,0.038950032825275586,0.9957644848999154,0.039115707997148,0.004235515100084622,0.960884292002852,0.10994591173339995,0.9801020134014391
AcDbp,toluene,stddft,S0T1,0.2183844163919993,0.6947612295812055,0.3143301714225462,0.3052387704187945,0.6856698285774541,0.4390833974252622,0.8839459703091289
CzPrSBI,toluene,stda,S0S1,0.15441259811823713,0.2600944365404892,0.5936789735761977,0.7399055634595108,0.4063210264238021,0.5110033816208023,0.8267805286436651
P–Cu–C,toluene,stddft,S0T1,0.038447073580632526,0.9957749081765894,0.03861020524310538,0.004225091823410647,0.9613897947568946,0.11586263166185634,0.9811815892092014
CzPrSBI,toluene,stddft,S0T1,0.3842634353280277,0.5367258784998499,0.7159398320834556,0.4632741215001499,0.28406016791654426,1.2172754967837955,0.7441608587609387
CzPrSBI,toluene,stddft,S0S1,0.1539190445854481,0.25784935891750804,0.5969339820413917,0.7421506410824921,0.4030660179586086,0.4986926859171468,0.8291883877056478
P–Cu–C,toluene,stda,S0S1,0.03830393931473114,0.9942331867210523,0.03852611221021121,0.005766813278947595,0.9614738877897887,0.974420695014925,0.5837474576094012
P–Cu–C,toluene,stddft,S0S1,0.03803570661787532,0.9945222790600274,0.038245203168122854,0.00547772093997271,0.9617547968318771,0.9776090944371029,0.5845846366173506
MPPA,toluene,stda,S0S1,0.29573556680051977,0.780373215088566,0.3789668341794076,0.2196267849114339,0.6210331658205924,9.26547147827758,0.49943017562145886
MPPA,toluene,stda,S0T1,0.2632102848595682,0.8092691816935654,0.32524441905565404,0.19073081830643462,0.674755580944346,5.143261318993482,0.6165651186860368
MPPA,toluene,stddft,S0S1,0.2994727544630751,0.782905045044055,0.38251478433917024,0.21709495495594505,0.6174852156608298,9.154753293898978,0.5063785497471698
MPPA,toluene,stddft,S0T1,0.2585951263149165,0.8107357340667237,0.3189635234378778,0.18926426593327622,0.6810364765621221,4.931573736818181,0.6295838066985748
HPIPXZ,toluene,stda,S0S1,0.23421253277230678,0.738092006317495,0.3173215950960438,0.26190799368250495,0.6826784049039563,0.21980109964041816,0.6501244018188767
HPIPXZ,toluene,stda,S0T1,0.23037358068907057,0.7082011261572813,0.32529400502239236,0.2917988738427187,0.6747059949776075,0.2803008436028911,0.811368748687866
HPIPXZ,toluene,stddft,S0T1,0.22977268351318342,0.6953479513396355,0.33044274175326266,0.3046520486603644,0.6695572582467374,0.16296430820947397,0.8244362597775376
HPIPXZ,toluene,stddft,S0S1,0.23037588905029668,0.744187197151013,0.3095671222674206,0.25581280284898705,0.6904328777325793,0.24109110635398545,0.6511609476142818
23AcCz-PM,toluene,stda,S0S1,0.07630877013021442,0.8612411044634353,0.08860326073005514,0.13875889553656442,0.9113967392699448,2.897136371004123,0.4646311854174726
23AcCz-PM,toluene,stddft,S0S1,0.08402597158159598,0.858115190635352,0.09791922168326003,0.14188480936464795,0.9020807783167399,2.7665192235889813,0.4782307284086293
23AcCz-PM,toluene,stda,S0T1,0.1872862838764949,0.806485830084657,0.23222513885561438,0.19351416991534295,0.7677748611443855,1.2991908604213789,0.7642213472090917
"3,3−NHC",toluene,stda,S0T1,0.03133708855254875,0.9386506151481934,0.03338525330599317,0.06134938485180685,0.9666147466940068,1.1991080725678183,0.8890096014479942
23AcCz-PM,toluene,stddft,S0T1,0.1849440750828554,0.8064754664014343,0.2293238700838507,0.19352453359856575,0.7706761299161494,1.2671247001167802,0.772613481145477
"3,3−NHC",toluene,stda,S0S1,0.029514392091652235,0.9983998546268557,0.02956169510129087,0.0016001453731443295,0.970438304898709,0.3870378359876174,0.7003542806963708
"3,3−NHC",toluene,stddft,S0T1,0.03105526817588038,0.9394322632541241,0.033057485239337235,0.060567736745875886,0.966942514760663,1.1892743657949776,0.8922849390623202
PTZ-NAI,toluene,stda,S0S1,0.28294292696482987,0.9806759199002429,0.2885182772649415,0.019324080099757123,0.7114817227350582,4.027642706487287,0.37180798513577973
PTZ-NAI,toluene,stda,S0T1,0.2897313003851213,0.9614264155549975,0.30135566872049135,0.03857358444500221,0.6986443312795083,3.8404008833871828,0.4194144196820519
PTZ-NAI,toluene,stddft,S0S1,0.2827201832768478,0.9805490325101801,0.2883284505957764,0.019450967489819965,0.7116715494042234,4.029950699870144,0.3710208324356716
PTZ-NAI,toluene,stddft,S0T1,0.29081530736028655,0.9547580492405384,0.3045958162820574,0.045241950759461386,0.6954041837179427,3.767751815607948,0.43933990349824803
Et3SiH,toluene,stda,S0S1,0.535278137525767,0.8996892633357956,0.5949589034119467,0.10031073666420433,0.4050410965880536,3.677098058379714,0.6574963219141006
Et3SiH,toluene,stda,S0T1,0.441859758862928,0.913094526835442,0.4839145848286965,0.08690547316455809,0.5160854151713038,2.58080883988948,0.7920657637800712
Et3SiH,toluene,stddft,S0S1,0.5457507563784388,0.9033801212261598,0.6041208385653761,0.09661987877384022,0.395879161434624,3.7466220644734887,0.6537409811135785
Et3SiH,toluene,stddft,S0T1,0.41942857201054684,0.9134651210024234,0.4591621096055337,0.08653487899757634,0.5408378903944663,2.396480785872722,0.8075060673346922
"3,3−NHC",toluene,stddft,S0S1,0.22591781911500505,0.3240097346170474,0.6972562703463868,0.6759902653829527,0.30274372965361324,1.208200487478742,0.7416648162268737
3TPAFM,toluene,stddft,S0S1,0.05727183203839156,0.6617346237524873,0.08654803599911572,0.3382653762475127,0.9134519640008841,2.351546038305226,0.5744610796074594
3TPAFM,toluene,stda,S0S1,0.057939575673203146,0.6621259107707741,0.08750537432639703,0.33787408922922585,0.9124946256736028,2.3194469648340155,0.583618801102658
3TPAFM,toluene,stda,S0T1,0.08062711422776857,0.6191850577630269,0.13021489006704356,0.38081494223697315,0.8697851099329563,2.6340048984505877,0.7653642815715811
CZ9CZPZ,toluene,stda,S0S1,0.20464219616991267,0.8006230581043349,0.2556036752856602,0.1993769418956649,0.7443963247143398,1.3578475581630318,0.7355097372415338
CZ9CZPZ,toluene,stda,S0T1,0.1619600332759097,0.8536171063459995,0.189733818678022,0.14638289365400067,0.8102661813219778,1.1075770207645108,0.7594287465304236
3TPAFM,toluene,stddft,S0T1,0.085525910220795,0.6277063507796885,0.13625146553728715,0.37229364922031166,0.863748534462713,2.4767909580392597,0.7918149889853829
CZ9CZPZ,toluene,stddft,S0S1,0.20077606686856841,0.8105861263673442,0.2476924540620376,0.18941387363265577,0.7523075459379623,1.363741782333227,0.7342442289642863
CZ9CZPZ,toluene,stddft,S0T1,0.16195050578098816,0.8567634517904045,0.18902592710106306,0.14323654820959572,0.810974072898937,1.0974157364615809,0.7638020500929059
ZDN,toluene,stda,S0T1,0.03487535415378136,0.9566351505056815,0.03645627503374311,0.04336484949431852,0.9635437249662571,0.9555825018367571,0.7027337689638526
ZDN,toluene,stddft,S0T1,0.03470684716617699,0.9581505270328712,0.0362227501702207,0.04184947296712872,0.9637772498297796,0.9388978360726911,0.7056366160791753
DCzPO,toluene,stda,S0T1,0.029897610127956314,0.9708089150289289,0.030796596183982717,0.02919108497107126,0.9692034038160173,0.6850010640100053,0.7289357921090912
DCzPO,toluene,stddft,S0T1,0.029304177882345073,0.9711744883625091,0.03017395764972642,0.028825511637490975,0.9698260423502739,0.6802221483524671,0.7324324155605955
P4CzCN–BCz,toluene,stda,S0S1,0.4287257938209885,0.8358901536432382,0.5128972891382696,0.16410984635676185,0.4871027108617304,0.487147697558941,0.6344352439859724
P4CzCN–BCz,toluene,stda,S0T1,0.14013513478596035,0.869317472329255,0.16120133236305642,0.13068252767074498,0.8387986676369437,0.21132919864236727,0.9831148192614326
ZDN,toluene,stda,S0S1,0.12962018363412903,0.5085435255429989,0.254885131996768,0.4914564744570011,0.7451148680032322,2.51405392026316,0.6880762025881558
P4CzCN–BCz,toluene,stddft,S0T1,0.1393182273511753,0.8706814207825374,0.16001056646639025,0.12931857921746245,0.8399894335336099,0.2134892560231464,0.9832885358568765
DCzPO,toluene,stda,S0S1,0.04801543705281264,0.997881362330126,0.048117380347392276,0.002118637669874027,0.9518826196526078,1.0388149393356352,0.7558305091493996
P4CzCN–BCz,toluene,stddft,S0S1,0.4277407578289142,0.833723359031375,0.5130487867412832,0.16627664096862507,0.48695121325871676,0.4865613037884673,0.6441974718448966
ZDN,toluene,stddft,S0S1,0.1281973620182722,0.5108988209678428,0.2509251475182818,0.4891011790321571,0.7490748524817178,2.5609959663945827,0.6912267202331515
DCzPO,toluene,stddft,S0S1,0.043591714088809644,0.997457145819223,0.04370284404851024,0.0025428541807770446,0.9562971559514901,0.1381498646774031,0.7862327914890024
NyDPO,toluene,stda,S0S1,0.16916401139971027,0.7806751290710082,0.21668938217746594,0.21932487092899158,0.7833106178225341,0.6926697942216989,0.45013677149863623
NyDPO,toluene,stddft,S0S1,0.1697505728170434,0.780809832548381,0.21740322129783787,0.21919016745161893,0.7825967787021623,0.6961547425026481,0.4495299062044766
NyDPO,toluene,stddft,S0T1,0.01998935780866398,0.977525433875453,0.020448938836726813,0.022474566124546642,0.9795510611632731,0.8082569713947095,0.7079229605697209
DMTAC,toluene,stddft,S0T1,0.05216183296333403,0.953424479438128,0.054709978701274836,0.046575520561872086,0.9452900212987249,0.7092348628938661,0.9359899255128425
DMTAC,toluene,stda,S0T1,0.05389794781942143,0.9531291116225877,0.056548422624157026,0.04687088837741224,0.9434515773758428,0.7870071733970229,0.9261171996859858
NyDPO,toluene,stda,S0T1,0.019259946742660468,0.9777016986554627,0.019699205564587628,0.022298301344537346,0.9803007944354124,0.8306160459766714,0.6998641354353198
DC-TC,toluene,stda,S0S1,0.06982892620565183,0.9772540038556642,0.07145422370248507,0.022745996144336124,0.9285457762975149,0.7566809355030427,0.8937517082918872
DMTAC,toluene,stda,S0S1,0.023666126070161584,0.9806657302993329,0.02413271448053749,0.019334269700667015,0.9758672855194626,0.37828057371053,0.8431511633785512
DC-TC,toluene,stddft,S0S1,0.06990781077067999,0.9772244012720014,0.07153711131208419,0.022775598727998603,0.9284628886879157,0.7574793748167242,0.8937814803933349
DC-TC,toluene,stda,S0T1,0.07001301113806739,0.9756985241370638,0.07175680746262166,0.024301475862936232,0.9282431925373784,0.7366527494073152,0.8971306712369143
ImPy-3,toluene,stda,S0S1,0.1875804402277194,0.6606994237692976,0.2839119174004586,0.33930057623070237,0.7160880825995414,1.5607211331366748,0.7650606897058799
DC-TC,toluene,stddft,S0T1,0.07011079909577514,0.9752380637558241,0.07189095842482332,0.024761936244175897,0.9281090415751768,0.7300931762721956,0.8979766401036496
DMTAC,toluene,stddft,S0S1,0.021048069795933596,0.98631551129841,0.021340098127652276,0.013684488701590015,0.9786599018723477,0.3386640904971808,0.856587625110282
ImPy-3,toluene,stddft,S0S1,0.23315411140894676,0.6605802002452887,0.35295352679715686,0.3394197997547112,0.6470464732028433,1.0306507800663292,0.7692663771190659
1PXZP,toluene,stda,S0S1,0.21763160304093454,0.7804648772488229,0.2788486828620612,0.2195351227511773,0.7211513171379389,3.776046020625052,0.5113718473382807
1PXZP,toluene,stda,S0T1,0.22783706627662795,0.7774852311134172,0.2930435938318059,0.22251476888658261,0.7069564061681939,3.4567385100871557,0.6014464433161671
1PXZP,toluene,stddft,S0T1,0.2685365820019087,0.7709794006420669,0.348305780645077,0.22902059935793312,0.6516942193549228,3.047928838970322,0.6783331587780997
ImPy-3,toluene,stda,S0T1,0.3430590723340021,0.7488781896346952,0.4580972941692256,0.2511218103653048,0.5419027058307744,1.239867843712054,0.8374669428867363
1PXZP,toluene,stddft,S0S1,0.21781550937834115,0.7808170844826794,0.2789584317595357,0.21918291551732078,0.7210415682404641,3.785830303277696,0.5094715420975543
ImPy-3,toluene,stddft,S0T1,0.28743151964372926,0.7352168996259972,0.39094792270137546,0.26478310037400277,0.6090520772986245,0.7076648674548843,0.8411903393708315
BFCZPZ1,toluene,stda,S0T1,0.27920589956202013,0.7203972367595226,0.3875721411952368,0.2796027632404776,0.6124278588047632,0.8331190632495479,0.7997486090643828
BFCZPZ1,toluene,stddft,S0S1,0.29969220142389336,0.7243767887476183,0.41372419171800623,0.27562321125238176,0.5862758082819938,0.9053425430522416,0.7811651957436491
BFCZPZ1,toluene,stddft,S0T1,0.2793524814586402,0.7188325001095542,0.3886197151854782,0.28116749989044587,0.6113802848145214,0.8274076673154522,0.8017943900844321
DPTPEA,toluene,stda,S0S1,0.128359802404472,0.8266482887557781,0.15527740654695066,0.173351711244222,0.8447225934530491,0.586934279481452,0.8467273697857288
BFCZPZ1,toluene,stda,S0S1,0.30199024042589995,0.7236859422415501,0.4172946064013806,0.27631405775844975,0.5827053935986197,0.9342817293196048,0.7811313093772452
DPTPEA,toluene,stda,S0T1,0.07327002728018563,0.9376991475936322,0.07813809735053576,0.062300852406367686,0.9218619026494644,0.3661045395000066,0.8309371756783297
BDAVBi,toluene,stda,S0T1,0.07704759507409843,0.9495394241433797,0.0811420706871717,0.05046057585662023,0.9188579293128286,1.3069599636459175,0.9062441077558385
DPTPEA,toluene,stddft,S0S1,0.1316020687038982,0.8269407420585014,0.15914328803815073,0.1730592579414986,0.8408567119618493,0.49618800927510515,0.8466164619017695
DPTPEA,toluene,stddft,S0T1,0.07422167494923623,0.9404397991673965,0.07892230317660653,0.05956020083260373,0.9210776968233936,0.36208298557064256,0.844995801780885
BDAVBi,toluene,stddft,S0T1,0.07079648347343931,0.9313283273871898,0.07601667574318978,0.06867167261281015,0.9239833242568103,0.26331449375210875,0.8106236096296191
BDAVBi,toluene,stda,S0S1,0.12942325998148105,0.8433002488656672,0.15347233699452806,0.15669975113433282,0.8465276630054718,0.0792139514806521,0.7776822751358127
BDAVBi,toluene,stddft,S0S1,0.12846591084341005,0.8434786547232322,0.15230487472805476,0.15652134527676775,0.8476951252719455,0.12939891714645285,0.7775477017220526
m-CF3PIBI,toluene,stda,S0T1,0.15734307374603593,0.22858553404054852,0.6883334695979713,0.7714144659594514,0.3116665304020287,0.5393889231054498,0.8578205133513083
m-CF3PIBI,toluene,stddft,S0T1,0.1572190281940285,0.22578053430186656,0.6963356193666724,0.7742194656981334,0.3036643806333274,0.54773681183957,0.8650604703317252
m-CF3PIBI,toluene,stddft,S0S1,0.045738121555432554,0.047778155949734266,0.9573019436654701,0.9522218440502657,0.0426980563345303,0.38604967824107683,0.7372048549433603
m-CF3PIBI,toluene,stda,S0S1,0.04728630413742015,0.0494860272924803,0.9555486007785796,0.9505139727075198,0.044451399221420246,0.4233056719853197,0.7357097240691556
H4TCPE,toluene,stda,S0S1,0.050709266012704375,0.985307441916702,0.05146542475520178,0.01469255808329792,0.9485345752447981,2.118668754515816,0.6233357024191183
H4TCPE,toluene,stda,S0T1,0.13624142919537027,0.8265487823057124,0.164831685814497,0.17345121769428778,0.8351683141855032,0.692267377479282,0.8898501584952643
H4TCPE,toluene,stddft,S0S1,0.049836858915229536,0.9868458915948043,0.050501156603783466,0.013154108405195488,0.9494988433962163,2.1497240262230224,0.6238303633220771
BTCz3CzTPN,toluene,stddft,S0S1,0.07019164188586534,0.7127456214599339,0.09848063568891538,0.287254378540066,0.9015193643110844,0.5786630407925778,0.5412171551374363
H4TCPE,toluene,stddft,S0T1,0.13685026571070827,0.8283026982995951,0.1652176987852934,0.1716973017004047,0.8347823012147064,0.6337116354850794,0.8988110056407358
BTCz3CzTPN,toluene,stda,S0S1,0.06999275690347646,0.7137555398166558,0.09806264610073033,0.2862444601833443,0.9019373538992699,0.5750450422012958,0.539079849047631
BTCz3CzTPN,toluene,stda,S0T1,0.07161357859791788,0.7144234199047405,0.10023968504205344,0.2855765800952598,0.8997603149579467,0.5474186708787483,0.5843254083282362
"6,7-DCNQx-DICz",toluene,stddft,S0S1,0.2098676461803442,0.590145471170418,0.35562019270286005,0.4098545288295819,0.6443798072971402,0.7226398765758766,0.8073991393368903
BTCz3CzTPN,toluene,stddft,S0T1,0.07164519759466102,0.7157341893724337,0.10010028675237742,0.2842658106275665,0.8998997132476223,0.533222059544641,0.5909128947329091
"6,7-DCNQx-DICz",toluene,stda,S0S1,0.20987339325091825,0.5899701807114817,0.3557355949716287,0.41002981928851845,0.6442644050283713,0.7244663911707819,0.8070001884707162
"6,7-DCNQx-DICz",toluene,stda,S0T1,0.17871926553922224,0.8027597936818038,0.22263106217557102,0.19724020631819622,0.7773689378244291,1.7515953782146434,0.7028453569679534
"6,7-DCNQx-DICz",toluene,stddft,S0T1,0.1808886141574255,0.8027356873515555,0.22534019230442648,0.19726431264844466,0.7746598076955735,1.683024074102748,0.6967540576382965
mDPBPZ-DPXZ,toluene,stda,S0S1,0.18496015301117447,0.8379889307043609,0.22071908856326847,0.1620110692956391,0.7792809114367315,1.8999064288759548,0.5240140231363639
β-DI-DBP,toluene,stda,S0T1,0.11525123571083175,0.789112571159773,0.14605170405718532,0.21088742884022693,0.8539482959428146,1.0039916615416387,0.8037697834909162
β-DI-DBP,toluene,stddft,S0S1,0.08366723438302398,0.869744857010039,0.09619744653696556,0.13025514298996108,0.9038025534630347,0.3758702709307279,0.9182445427794061
mDPBPZ-DPXZ,toluene,stddft,S0T1,0.17769409702211925,0.8276024147282407,0.21470949559815936,0.1723975852717594,0.7852905044018407,1.7323072607251024,0.5773993014685511
mDPBPZ-DPXZ,toluene,stda,S0T1,0.17865710272968238,0.8276253503530593,0.2158671223077791,0.17237464964694063,0.7841328776922207,1.7880521315427422,0.5664457057816515
β-DI-DBP,toluene,stda,S0S1,0.08323874689701305,0.8720555309030635,0.09545120000651168,0.12794446909693663,0.9045487999934885,0.3662551095258546,0.9197199045727001
PtB,toluene,stda,S0S1,0.034815160101553944,0.7972007847733553,0.04367175844094523,0.20279921522664462,0.9563282415590549,3.2401404980378374,0.7803844331515404
mDPBPZ-DPXZ,toluene,stddft,S0S1,0.18382130585477477,0.8403009187354763,0.21875652133214085,0.15969908126452365,0.7812434786678594,1.8722521027667944,0.539761702874568
β-DI-DBP,toluene,stddft,S0T1,0.11656745295221961,0.7879149261140257,0.14794421210818662,0.21208507388597428,0.8520557878918136,0.8715636447566313,0.8224017891120726
PtB,toluene,stda,S0T1,0.025231243239927134,0.9677342988513041,0.02607249042415516,0.03226570114869582,0.9739275095758448,0.38709267160169936,0.9816210112306201
PtB,toluene,stddft,S0T1,0.02466036864396971,0.9728832947593303,0.025347715164612972,0.027116705240669708,0.9746522848353871,0.3064632145079988,0.9841312279128989
ATDBT,toluene,stda,S0S1,0.22054441320067286,0.6865992849344752,0.3212127044695659,0.31340071506552464,0.678787295530434,0.1088200538204398,0.9953315797584446
D–A–D,toluene,stda,S0S1,0.21502813652084593,0.4952034674240548,0.4342217909728651,0.5047965325759453,0.5657782090271348,0.5280450173315393,0.8842689384568522
D–A–D,toluene,stda,S0T1,0.2770487660058168,0.6915894233448218,0.4005971703064669,0.30841057665517824,0.5994028296935331,0.6272902416046994,0.7732985637747233
ATDBT,toluene,stddft,S0S1,0.22240701757274287,0.6845637205403351,0.324888700495542,0.3154362794596647,0.6751112995044578,0.09198538668259679,0.9951741600072284
ATDBT,toluene,stddft,S0T1,0.21015390196484876,0.7074093862392117,0.2970753654854459,0.2925906137607884,0.7029246345145543,0.08820765923072359,0.9965257740989651
PtB,toluene,stddft,S0S1,0.028036123864290156,0.9727181468596516,0.02882245381645516,0.027281853140348165,0.971177546183545,0.31983157698477216,0.8930006779243251
D–A–D,toluene,stddft,S0S1,0.2150388604346435,0.49523027244962115,0.4342199425147601,0.5047697275503786,0.56578005748524,0.5280303101946215,0.884273347818629
ATDBT,toluene,stda,S0T1,0.21200401102379263,0.704925465696253,0.3007467049220542,0.29507453430374697,0.6992532950779459,0.08192468546411098,0.9964158467571885
D–A–D,toluene,stddft,S0T1,0.2848901704481642,0.7474410698136047,0.38115402264316245,0.2525589301863953,0.6188459773568376,0.58839456709068,0.8387784937173577
CzBN,toluene,stda,S0T1,0.21391621165772318,0.9365925537292217,0.22839836896628637,0.06340744627077838,0.7716016310337137,0.9929535566344667,0.6276208241385295
CzBN,toluene,stda,S0S1,0.39336566686987734,0.9451709539520343,0.4161846756135503,0.05482904604796597,0.5838153243864497,1.6416532540263469,0.48951362079357724
CzBN,toluene,stddft,S0S1,0.3643575705532137,0.9476455062538803,0.3844872034412412,0.05235449374611957,0.6155127965587586,1.567399647209267,0.5159267297371632
DTRZSFX,toluene,stda,S0S1,0.2081179142605703,0.7585851979948508,0.27435008593719357,0.24141480200514912,0.7256499140628065,0.19531947586476633,0.8576515059299509
DTRZSFX,toluene,stddft,S0S1,0.20892076850390695,0.7598017235736778,0.274967484307961,0.2401982764263224,0.7250325156920391,0.19502303551799502,0.8518524788343009
CzBN,toluene,stddft,S0T1,0.19934880276953787,0.9366385028594256,0.21283430284037438,0.06336149714057439,0.7871656971596255,0.9562986759422568,0.6376016064466778
2CzCbPy,toluene,stda,S0T1,0.4054272888704058,0.5963846280927184,0.6798084151950594,0.40361537190728175,0.32019158480494025,1.4853754310805638,0.6811890909030163
DTRZSFX,toluene,stda,S0T1,0.19846909568576654,0.7039771554079255,0.2819254774975787,0.29602284459207456,0.7180745225024214,0.6634714074248429,0.8965918937141334
2CzCbPy,toluene,stddft,S0T1,0.4027649429701579,0.5906991025125422,0.6818445148418116,0.4093008974874577,0.3181554851581884,1.4461356063477708,0.683632036404877
DTRZSFX,toluene,stddft,S0T1,0.20211922531076443,0.7034588955840451,0.2873220121027191,0.2965411044159549,0.7126779878972809,0.541510369801141,0.9089526295997168
SPBP-DPAC,toluene,stda,S0S1,0.09246987646535257,0.738873623763645,0.12514978677183414,0.26112637623635504,0.8748502132281657,2.398222209776143,0.6584991589009369
SPBP-DPAC,toluene,stda,S0T1,0.11952133378327179,0.6775639239781202,0.1763986091253751,0.3224360760218796,0.8236013908746247,1.9498026835676834,0.6950277976713132
2CzCbPy,toluene,stda,S0S1,0.17724932338646857,0.3979131415109831,0.44544727201872564,0.6020868584890168,0.5545527279812742,1.061371095817536,0.7347376093518417
-ph-pCzAnBzt,toluene,stda,S0S1,0.014251637162123255,0.9967260918906818,0.014298448970157324,0.003273908109318156,0.9857015510298427,0.24557516579967173,0.9906270815302853
SPBP-DPAC,toluene,stddft,S0T1,0.12301755975335794,0.6720181723898498,0.18305689460134605,0.32798182761015043,0.816943105398654,1.8517539766614781,0.7035325162441737
SPBP-DPAC,toluene,stddft,S0S1,0.09341750305290508,0.739512408992707,0.12632310413850859,0.26048759100729313,0.8736768958614914,2.4423126824089474,0.6535876745604436
-ph-pCzAnBzt,toluene,stda,S0T1,0.013464492978401637,0.9970786018773785,0.01350394337322015,0.0029213981226217005,0.98649605662678,0.08831474996017917,0.9958031104295622
2CzCbPy,toluene,stddft,S0S1,0.1726936152577544,0.399544881278607,0.43222582330452447,0.600455118721393,0.5677741766954754,1.2135308298734708,0.7364520998849562
-ph-pCzAnBzt,toluene,stddft,S0S1,0.014523180691017447,0.9966302918282508,0.014572285038994404,0.0033697081717492224,0.9854277149610057,0.22764284795433684,0.9910068430081498
-ph-pCzAnBzt,toluene,stddft,S0T1,0.013287066789865116,0.9971744609879778,0.013324716295582413,0.0028255390120222722,0.9866752837044174,0.08193291592372089,0.9960466963649557
MeOCzPCN,toluene,stda,S0S1,0.2368154206156018,0.52993649699373,0.4468750915610247,0.47006350300626987,0.5531249084389752,0.6214062333291686,0.6057321856555495
MeOCzPCN,toluene,stddft,S0S1,0.2506566288018287,0.5470783044034153,0.4581732208795372,0.45292169559658474,0.5418267791204628,0.5385378374093674,0.6082004621562959
AQTC,toluene,stda,S0S1,0.0859300988266535,0.9251225303374621,0.09288510009080453,0.07487746966253779,0.9071148999091955,0.57176262370896,0.8259057983575931
MeOCzPCN,toluene,stda,S0T1,0.15705657240382148,0.8159184681503836,0.1924905226864825,0.1840815318496163,0.8075094773135175,0.6961058561918959,0.7396429937390728
MeOCzPCN,toluene,stddft,S0T1,0.1571774347953812,0.8168060581880903,0.19242932054647804,0.18319394181190976,0.8075706794535219,0.6558419254302101,0.7404321079418908
C-BPyIA,toluene,stda,S0T1,0.13477263958733512,0.8507006374105475,0.1584254597452405,0.14929936258945245,0.8415745402547595,0.1126301306787833,0.9894799322381046
C-BPyIA,toluene,stddft,S0S1,0.14304591559437801,0.8396517296280851,0.17036339061403316,0.16034827037191474,0.8296366093859667,0.13281546265130278,0.9907714726910097
AQTC,toluene,stddft,S0S1,0.08591822361106477,0.9251423339900389,0.09287027569099422,0.07485766600996109,0.9071297243090057,0.571713209596205,0.8258981596973076
C-BPyIA,toluene,stddft,S0T1,0.13337368178745332,0.8520802927955794,0.15652712885762127,0.14791970720442077,0.8434728711423788,0.12190909868153427,0.9890710387672229
AQTC,toluene,stda,S0T1,0.08207187424784611,0.10713312107767867,0.766073772725603,0.8928668789223214,0.23392622727439705,0.7805465170061927,0.9266729339259778
TXO-TPA,toluene,stda,S0S1,0.08287340145411516,0.8888822978360904,0.09323326795444517,0.11111770216390966,0.9067667320455545,0.8870406071805446,0.7551305889114608
AQTC,toluene,stddft,S0T1,0.15110419952678805,0.3837697406304976,0.3937366173751428,0.6162302593695023,0.6062633826248573,1.3112829759618045,0.8751169013951473
C-BPyIA,toluene,stda,S0S1,0.1416491599849274,0.8410298539484563,0.1684234624013817,0.15897014605154358,0.8315765375986185,0.15422208274581117,0.9906716389147141
TXO-TPA,toluene,stda,S0T1,0.1775912028716665,0.6979306567829885,0.25445393628393936,0.3020693432170114,0.7455460637160606,1.2933386352574945,0.7621723593940186
TXO-TPA,toluene,stddft,S0S1,0.08135369800401203,0.887445266203624,0.09167179216813294,0.11255473379637614,0.9083282078318671,0.8682421130443427,0.7542830591666586
TXO-TPA,toluene,stddft,S0T1,0.1761075249596903,0.7016089958301626,0.2510052265668503,0.29839100416983766,0.7489947734331498,1.2385106002794695,0.7727018719645664
DPACPhTPI,toluene,stda,S0T1,0.16588551257660966,0.2999186241436417,0.5531017390142507,0.7000813758563582,0.44689826098574903,0.8722529070103924,0.8281084120851545
DPACPhTPI,toluene,stddft,S0T1,0.16729849889723786,0.2995316230970305,0.5585336772372881,0.7004683769029694,0.4414663227627119,0.852932697127785,0.8371159637355537
SiCz2Py2,toluene,stddft,S0T1,0.05187989195802392,0.05383851071474533,0.9636204878121752,0.9461614892852548,0.036379512187824856,1.5377108475663193,0.6853020382662863
DPACPhTPI,toluene,stddft,S0S1,0.07953595630572387,0.08601449597047231,0.9246808390649357,0.9139855040295276,0.07531916093506419,0.2646897526302156,0.7443642418134199
DpAn-BzAc,toluene,stda,S0T1,0.41870171027611924,0.5189955162756529,0.80675400296471,0.4810044837243471,0.1932459970352899,0.8461217968608271,0.7075514972784779
SiCz2Py2,toluene,stda,S0T1,0.053694504285778565,0.05586038462268361,0.9612268989636434,0.9441396153773163,0.038773101036356374,1.5732756853255172,0.6827890787004085
DpAn-BzAc,toluene,stda,S0S1,0.020497089258404752,0.021572985329571713,0.9501276223605386,0.9784270146704285,0.04987237763946134,0.4545393355414333,0.7283384951992148
DpAn-BzAc,toluene,stddft,S0T1,0.41088953732832895,0.5088802013261469,0.8074386393055708,0.49111979867385336,0.19256136069442925,0.8270791203888992,0.7104845761614677
DPACPhTPI,toluene,stda,S0S1,0.081203283949969,0.08791825719634293,0.9236225391572792,0.912081742803657,0.07637746084272082,0.25786123776055725,0.7419044277552325
SiCz2Py2,toluene,stda,S0S1,7.299725324016973e-05,7.302527536361959e-05,0.9996162681576984,0.9999269747246362,0.00038373184230141764,0.8449019650222852,0.7722109321661454
SiCz2Py2,toluene,stddft,S0S1,9.428963717365633e-05,9.432745732679423e-05,0.9995990546739019,0.9999056725426732,0.0004009453260980559,0.8237571711097937,0.7749309438167434
DpAn-BzAc,toluene,stddft,S0S1,0.019551210012216144,0.020578175529651358,0.9500944330096005,0.9794218244703486,0.049905566990399435,0.40662881544074087,0.7240710437513541
BDAPM,toluene,stda,S0S1,0.1733079124693454,0.879350834399686,0.19708619778323064,0.12064916560031397,0.8029138022167692,0.7290387527725409,0.6808452022644116
DICzTrz,toluene,stda,S0S1,0.2459466316447354,0.3303521046426109,0.744498455400522,0.6696478953573893,0.2555015445994779,0.6854529803499949,0.6310816333777463
BDAPM,toluene,stda,S0T1,0.1026960419697689,0.8560619172572619,0.11996333430973885,0.14393808274273792,0.8800366656902611,0.35730281264434605,0.7790892389202692
DICzTrz,toluene,stda,S0T1,0.13049266280252642,0.7414999041124101,0.17598473321278268,0.2585000958875899,0.8240152667872175,1.7379390649240767,0.6425778532512387
BDAPM,toluene,stddft,S0S1,0.1720751367397484,0.8787899587797298,0.1958091749007789,0.12121004122027029,0.8041908250992211,0.7071139291573815,0.6771017485542504
DICzTrz,toluene,stddft,S0S1,0.24938638783025768,0.35530205723447106,0.7018996449707651,0.6446979427655289,0.2981003550292351,0.7475411680402045,0.6048154330998546
BDAPM,toluene,stddft,S0T1,0.10073855910799699,0.8514485615833403,0.11831432179609906,0.1485514384166596,0.8816856782039009,0.3794986677403257,0.7872185503319288
DICzTrz,toluene,stddft,S0T1,0.1504044642742247,0.7485658992362099,0.2009234783840515,0.2514341007637902,0.7990765216159484,1.7475724084883566,0.6846063670610006
DCzTrz,toluene,stda,S0S1,0.3286566920465507,0.6665276674621179,0.493087846297438,0.333472332537882,0.5069121537025619,0.30256279253310203,0.6996253474593512
p2Cz2Trz,toluene,stda,S0S1,0.107265028616406,0.5250307829314188,0.20430236112539957,0.47496921706858125,0.7956976388746005,2.344291708249719,0.5651812400573821
p2Cz2Trz,toluene,stda,S0T1,0.11679736103955306,0.5398960128510547,0.21633306833065064,0.4601039871489452,0.7836669316693494,2.1410942836702693,0.6477045052659793
DCzTrz,toluene,stda,S0T1,0.31092739730621644,0.6768422374466865,0.45937942419071853,0.3231577625533136,0.5406205758092816,0.2843180511795106,0.7087697821795336
DCzTrz,toluene,stddft,S0S1,0.32731733494722104,0.6675633599483828,0.4903165071440257,0.332436640051617,0.5096834928559745,0.3196511536189514,0.6949124400714605
DCzTrz,toluene,stddft,S0T1,0.3099238619844929,0.6746587068075127,0.4593787330649799,0.32534129319248706,0.54062126693502,0.2866672583170148,0.711735036632957
p2Cz2Trz,toluene,stddft,S0S1,0.10692626781229041,0.524022432617302,0.20404902759264043,0.475977567382698,0.7959509724073596,2.3541058803883224,0.5628582561781016
p2Cz2Trz,toluene,stddft,S0T1,0.11840116527829513,0.5425495490706557,0.21823106383759222,0.4574504509293442,0.7817689361624078,2.1004034006690127,0.6616439633128576
CBIQD,toluene,stda,S0S1,0.007973964151765253,0.5186106974025002,0.015375626055735909,0.48138930259749996,0.9846243739442643,2.5079833784099033,0.430346831545935
CBIQD,toluene,stddft,S0S1,0.013366750190758146,0.6980577390283446,0.019148487930760395,0.30194226097165533,0.9808515120692395,1.3074354901032257,0.6220268431766065
CBIQD,toluene,stda,S0T1,0.015955520315602094,0.9967036647598704,0.016008289002776125,0.0032963352401296424,0.9839917109972238,0.5011973749169845,0.9258114231872023
CBIQD,toluene,stddft,S0T1,0.015992945758363093,0.9971505717662975,0.016038646731189325,0.002849428233702286,0.9839613532688104,0.4693434819938866,0.9294213930426165
pCNBCzoCF3,toluene,stda,S0S1,0.2604506597194918,0.8713691626367825,0.29889818332721607,0.1286308373632175,0.7011018166727838,0.8792888987511472,0.5637398729921997
czpzpy,toluene,stda,S0T1,0.09512188620465274,0.9407667807604523,0.10111101725739363,0.05923321923954762,0.8988889827426066,1.075571443579889,0.6797008098976448
pCNBCzoCF3,toluene,stda,S0T1,0.21239680676422526,0.8784892521871073,0.24177507719694605,0.12151074781289257,0.758224922803054,0.7497664899766294,0.665055489872599
pCNBCzoCF3,toluene,stddft,S0T1,0.20595587566952545,0.8792311991477658,0.23424541334424595,0.1207688008522341,0.7657545866557544,0.7599244187145285,0.6728175942139091
czpzpy,toluene,stda,S0S1,0.028910264598507013,0.9853325959718777,0.02934061525691386,0.014667404028122309,0.9706593847430861,0.6458890588261298,0.7110427804320817
czpzpy,toluene,stddft,S0T1,0.09386679798572098,0.9387101965803403,0.09999550268833936,0.061289803419659776,0.9000044973116605,1.0186637874275,0.6899671584942837
czpzpy,toluene,stddft,S0S1,0.02633849560694222,0.988275019492564,0.026650977802176852,0.011724980507436032,0.9733490221978232,0.6254898900468294,0.7074535484942498
pCNBCzoCF3,toluene,stddft,S0S1,0.1315486272124928,0.888962669095856,0.14797992287605055,0.11103733090414386,0.8520200771239492,0.5945321863015466,0.7370627157050669
DMAC-ND,toluene,stda,S0S1,0.20664192574115872,0.8655321089994643,0.23874553421251135,0.13446789100053572,0.7612544657874887,0.12981876297507025,0.6158261082213897
PPI-PIM-2,toluene,stda,S0T1,0.15121933822528275,0.2543539267282794,0.5945233091951712,0.7456460732717205,0.40547669080482907,0.46780981348381007,0.8384166665941043
DMAC-ND,toluene,stda,S0T1,0.1893094866708585,0.8758256164286239,0.21614974844285847,0.12417438357137607,0.7838502515571415,0.12340010189116049,0.6169947082758488
PPI-PIM-2,toluene,stddft,S0T1,0.15191839446327174,0.2528110747378962,0.6009166909352143,0.7471889252621038,0.39908330906478545,0.48348877047351246,0.8464634935539389
DMAC-ND,toluene,stddft,S0T1,0.18736341267546666,0.8770625703132662,0.21362605020134975,0.12293742968673357,0.7863739497986502,0.12257056684516765,0.6176724113182115
DMAC-ND,toluene,stddft,S0S1,0.11276382209835405,0.7913379461607754,0.14249768085232695,0.20866205383922473,0.857502319147673,0.08780503423337369,0.6056989089387983
PPI-PIM-2,toluene,stda,S0S1,0.051814855755227804,0.05398089749122503,0.9598739213932237,0.9460191025087749,0.04012607860677632,0.7458944155330943,0.7338773226143527
PPI-PIM-2,toluene,stddft,S0S1,0.050870393187642325,0.05295620034129484,0.9606125979543509,0.9470437996587051,0.03938740204564907,0.7158376669551046,0.7352986742013496
SiTCNCz,toluene,stda,S0T1,0.07843754373346234,0.09286348090538332,0.8446543567904883,0.9071365190946166,0.15534564320951155,0.6525530052986046,0.7161441837450746
SiTCNCz,toluene,stddft,S0T1,0.07859009626112501,0.09254962242338502,0.8491671192519876,0.907450377576615,0.15083288074801238,0.6288768218913092,0.7174754328527558
SiTCNCz,toluene,stda,S0S1,0.0004250558841853758,0.00042563079371793445,0.998649276459683,0.999574369206282,0.0013507235403169523,0.8556739147739661,0.7731502932535553
PDA-DP,toluene,stda,S0S1,0.1459497265226797,0.8989452342222448,0.16235663860986307,0.10105476577775512,0.8376433613901371,0.9945335903256264,0.7307833862985841
PDA-DP,toluene,stda,S0T1,0.16224015362985988,0.8975946896674076,0.18074990360067295,0.10240531033259218,0.819250096399327,0.9079605775444987,0.7449279985517672
SiTCNCz,toluene,stddft,S0S1,0.0002884029304393865,0.00028871551912403466,0.9989173124964098,0.9997112844808759,0.001082687503590041,0.8924483816957414,0.7756094506829767
PDA-DP,toluene,stddft,S0S1,0.1454224953816876,0.8988813457070247,0.16178163678244317,0.10111865429297526,0.8382183632175567,0.9965725460914046,0.7258392770536773
MOF,toluene,stda,S0T1,0.03719280204227481,0.9897661125909852,0.037577364560312555,0.010233887409014661,0.9624226354396873,0.9382628689207567,0.8263623561206956
MOF,toluene,stda,S0S1,0.038326428359726446,0.9902635451117802,0.0387032609136391,0.009736454888219663,0.9612967390863608,0.8074463761472829,0.6772160375088454
PDA-DP,toluene,stddft,S0T1,0.1627734851564615,0.8978394106140222,0.18129465384588384,0.10216058938597783,0.8187053461541163,0.9006750393996308,0.7496812318185805
MOF,toluene,stddft,S0S1,0.0367119561004552,0.9913079449249507,0.037033856420100174,0.008692055075049498,0.9629661435799,0.8368929817497435,0.6753551431629354
MOF,toluene,stddft,S0T1,0.04021576538495295,0.9861771668853264,0.04077945295769485,0.013822833114673803,0.9592205470423053,1.2219640884911949,0.8286277762718601
2ICz-OXD,toluene,stda,S0T1,0.05874614788394364,0.9147083922736273,0.06422390827520714,0.08529160772637259,0.9357760917247927,0.28420575707591095,0.7066726726010563
2ICz-OXD,toluene,stddft,S0T1,0.05696712840568626,0.9154557245690736,0.0622281633909734,0.08454427543092613,0.9377718366090264,0.3089891126826521,0.7080051145329638
PXZ-ND,toluene,stda,S0S1,0.19754793782023405,0.775149352564948,0.25485145174481966,0.22485064743505226,0.7451485482551801,0.3359165270458389,0.6112837111204529
PXZ-ND,toluene,stda,S0T1,0.19095328689837143,0.8018112813973609,0.23815240734152127,0.19818871860263884,0.7618475926584787,0.2166071983570735,0.6310754002905214
2ICz-OXD,toluene,stda,S0S1,0.24319524322239677,0.8964865652875886,0.27127594839570285,0.1035134347124116,0.7287240516042972,0.2085968600335992,0.6292607299239603
PXZ-ND,toluene,stddft,S0S1,0.21097451923168262,0.8181128928501669,0.25787947002849826,0.18188710714983303,0.7421205299715015,0.4125929688245267,0.6584285309085673
2ICz-OXD,toluene,stddft,S0S1,0.22361008626955522,0.9479310728041267,0.23589276972225628,0.0520689271958734,0.7641072302777439,0.381479481838592,0.6371266011457652
PXZ-ND,toluene,stddft,S0T1,0.19010011910710373,0.8063441417624552,0.2357555654730685,0.19365585823754453,0.7642444345269316,0.19454158907802713,0.6352205713946151
CZ-TRZ,toluene,stda,S0T1,0.04508323928606208,0.9794099682585384,0.04603101943736935,0.020590031741461415,0.9539689805626306,1.27039039885568,0.6933273500699066
CZ-TRZ,toluene,stddft,S0T1,0.04417250351721738,0.9801355906320401,0.04506774770696038,0.019864409367959836,0.9549322522930395,1.245767596444092,0.6947368663392165
CZ-TRZ,toluene,stda,S0S1,0.0283641648915665,0.9998253001611966,0.028369120972427376,0.00017469983880333357,0.9716308790275725,0.9913610213977883,0.7612837854591155
PBICT,toluene,stda,S0T1,0.02930264210701458,0.9865859875269627,0.029701052394293975,0.01341401247303739,0.970298947605706,0.9268337452806618,0.8036877697448227
CzCbPy,toluene,stda,S0T1,0.41741598403868907,0.6219463797259142,0.6711446479078154,0.37805362027408573,0.3288553520921846,1.282603500962339,0.6873151042787925
CzCbPy,toluene,stda,S0S1,0.16816612627842562,0.40468707386518243,0.415546077793551,0.5953129261348176,0.5844539222064489,1.2856841768559244,0.7324616606108738
PBICT,toluene,stddft,S0T1,0.02805390292489615,0.9866911769016983,0.02843230342140892,0.013308823098301717,0.971567696578591,0.9213602535865736,0.807532146930249
CZ-TRZ,toluene,stddft,S0S1,0.026975026733466523,0.999829943701168,0.0269796147869011,0.00017005629883175613,0.9730203852130989,0.985883023605885,0.7647620455620269
CzCbPy,toluene,stddft,S0T1,0.4141969512538899,0.6145890941971618,0.6739412644393824,0.3854109058028381,0.3260587355606176,1.2428728757469512,0.6898065687320472
CzCbPy,toluene,stddft,S0S1,0.16174255483513314,0.39523791231311683,0.4092283401876611,0.604762087686883,0.5907716598123391,1.351048324522561,0.7332726086174881
PBICT,toluene,stda,S0S1,0.023207421625607957,0.998459540072678,0.02324322688520627,0.0015404599273219051,0.9767567731147936,1.457278675620424,0.7413207311980864
PBICT,toluene,stddft,S0S1,0.021510222560140162,0.9984785184486489,0.021542999836952847,0.001521481551351202,0.9784570001630473,1.6032776163962272,0.7394597029007104
DCzBNPh-1,toluene,stda,S0S1,0.18371172219640994,0.5269368914407019,0.3486408432974249,0.4730631085592981,0.6513591567025749,1.1651116239981867,0.6362482222100372
DCzBNPh-1,toluene,stda,S0T1,0.23278135456668575,0.6097422480198025,0.381770092727978,0.39025775198019724,0.618229907272022,0.8377384262255505,0.7078688841399045
BDPCC,toluene,stda,S0T1,0.12072877832778525,0.9313024485307054,0.12963434007744346,0.06869755146929458,0.8703656599225562,0.7075644183808022,0.7485098725520749
BDPCC,toluene,stddft,S0T1,0.11786612613659207,0.9325714047696161,0.12638831250215088,0.06742859523038384,0.8736116874978492,0.7089504483750942,0.7536859379830415
BDPCC,toluene,stda,S0S1,0.16310527189180105,0.8714709105145558,0.1871608907697175,0.12852908948544425,0.8128391092302824,0.20695882880733046,0.7733552111766866
BDPCC,toluene,stddft,S0S1,0.0934620526265873,0.9335700074680314,0.10011252705093758,0.06642999253196852,0.8998874729490625,0.3552274492828077,0.7742838960332357
VBC-PTZ,toluene,stda,S0T1,0.308000075997967,0.9358687152869863,0.3291060711475093,0.06413128471301376,0.6708939288524907,1.342596649797493,0.6978674695339235
DCzBNPh-1,toluene,stddft,S0T1,0.23504230840036971,0.6085380198722775,0.3862409590278375,0.39146198012772226,0.6137590409721628,0.8248329797628371,0.7111247182037349
VBC-PTZ,toluene,stda,S0S1,0.2586935850143715,0.7098436373379678,0.36443742171799365,0.290156362662032,0.6355625782820064,0.6051771422209136,0.7064019527725459
VBC-PTZ,toluene,stddft,S0S1,0.2557130058950623,0.6985417031828727,0.36606691444464645,0.3014582968171274,0.6339330855553538,0.46522865802214075,0.6987003841439817
VBC-PTZ,toluene,stddft,S0T1,0.15101689431169796,0.7240466217537721,0.20857343957479932,0.27595337824622773,0.7914265604252008,0.7790515208637564,0.736191037206098
TCbTrz,toluene,stda,S0S1,0.17883623817284397,0.8424237749622822,0.21228773865131123,0.1575762250377178,0.7877122613486888,2.761634258102626,0.6298706218960255
DCzBNPh-1,toluene,stddft,S0S1,0.04382577027318926,0.9796740817562108,0.04473505126789216,0.02032591824378918,0.9552649487321077,1.451901465863686,0.7533871616419665
TCbTrz,toluene,stddft,S0S1,0.18347948810666748,0.846026592387952,0.21687201059341119,0.15397340761204814,0.7831279894065887,2.587907786936083,0.6390343526183846
m-TPA-AP-TPA,toluene,stda,S0T1,0.21215666648093764,0.7050333089955163,0.30091722444036595,0.2949666910044836,0.6990827755596338,0.09883129977428014,0.9937285172399212
SABIQ,toluene,stda,S0S1,0.2320642159445787,0.5844452942288498,0.39706747275769816,0.4155547057711504,0.6029325272423018,3.0479285990075633,0.5772174923990943
SABIQ,toluene,stda,S0T1,0.23631308558142358,0.6850494002116491,0.3449577293380793,0.31495059978835094,0.6550422706619202,0.543175781295429,0.9427381707340695
m-TPA-AP-TPA,toluene,stddft,S0T1,0.21019579664379764,0.7075871640623872,0.29705993454859353,0.2924128359376128,0.7029400654514065,0.10957225247335321,0.9935955106295333
SABIQ,toluene,stddft,S0S1,0.23230288818153874,0.5844816851106637,0.3974510991521579,0.4155183148893362,0.6025489008478419,3.045918303933394,0.5772079803267087
TCbTrz,toluene,stda,S0T1,0.06336887194890868,0.06527982401032763,0.970726758376116,0.9347201759896725,0.029273241623883943,1.2558258808148182,0.7403071625359401
m-TPA-AP-TPA,toluene,stda,S0S1,0.23165439718201739,0.6538971476644575,0.3542673308935875,0.34610285233554244,0.6457326691064125,0.05008657933388305,0.9924610810288195
SABIQ,toluene,stddft,S0T1,0.23587007025116996,0.6827677353209489,0.34546165269554574,0.3172322646790507,0.6545383473044541,0.49785443995393186,0.9508134461470233
TCbTrz,toluene,stddft,S0T1,0.05907366932646163,0.06066364492147623,0.9737903055928689,0.9393363550785238,0.02620969440713087,1.2049720385023401,0.7442626136546537
m-TPA-AP-TPA,toluene,stddft,S0S1,0.2310474030614512,0.6561426655347511,0.35212982663328163,0.3438573344652488,0.6478701733667181,0.04558989740846435,0.9926943217924857
DPA,toluene,stda,S0S1,0.21805625930917238,0.7118130030619403,0.30633924692465564,0.28818699693805955,0.6936607530753442,0.01942471418382108,0.9955146420693014
DPA,toluene,stda,S0T1,0.2041718712853123,0.730614243382742,0.27945235551389896,0.26938575661725805,0.720547644486101,0.0278395345068456,0.9963846202428596
DPA,toluene,stddft,S0S1,0.21930385592200047,0.7108457557376352,0.3085111701826675,0.28915424426236497,0.6914888298173325,0.023036337271505943,0.9954000918929148
CCDD,toluene,stda,S0S1,0.19452831408090165,0.7163576964452821,0.2715519286610476,0.2836423035547179,0.7284480713389523,1.285686684275617,0.7181118412048708
DPA,toluene,stddft,S0T1,0.20158489993976833,0.7333989985310343,0.27486388765669706,0.26660100146896554,0.7251361123433029,0.035172770143878526,0.9965240327399487
m-DHMPA,toluene,stda,S0S1,0.22343112015518582,0.7031261945559675,0.31776816435673433,0.2968738054440325,0.6822318356432655,0.02701277124113904,0.994635458283298
m-DHMPA,toluene,stda,S0T1,0.2102386604377014,0.7160808818422704,0.29359624836906373,0.28391911815772963,0.7064037516309362,0.037099128193798646,0.9946035182226606
m-DHMPA,toluene,stddft,S0S1,0.2249894115425327,0.7014066437149411,0.32076886291081486,0.2985933562850588,0.6792311370891853,0.03198592994852538,0.994510950075198
CCDD,toluene,stda,S0T1,0.2551320706920916,0.749524764227746,0.34039178272509846,0.2504752357722539,0.6596082172749014,1.5574375867792083,0.6088859515113971
m-DHMPA,toluene,stddft,S0T1,0.20801298165082363,0.7180253635204332,0.2897014398362602,0.28197463647956666,0.7102985601637398,0.046747197112371505,0.9944769061057761
CCDD,toluene,stddft,S0S1,0.18841538050192477,0.7282564284204772,0.2587212047143625,0.2717435715795227,0.7412787952856376,1.322609027248963,0.7221808676193588
CCDD,toluene,stddft,S0T1,0.25414258865825123,0.743718785869794,0.3417186623315241,0.2562812141302059,0.6582813376684761,1.461311660074558,0.6324144039778286
benzoxazole,toluene,stda,S0S1,0.09765083839346551,0.9156074767514587,0.10665142091229646,0.08439252324854116,0.8933485790877035,1.3238570808320884,0.7236161954244807
benzoxazole,toluene,stddft,S0S1,0.09774466296409764,0.9118097140258382,0.10719853217239121,0.08819028597416163,0.8928014678276086,1.2098607388194165,0.728596128830033
benzoxazole,toluene,stda,S0T1,0.08994323480600572,0.9055794764585279,0.0993211939362285,0.0944205235414722,0.9006788060637713,0.2949780586832617,0.8907498269124692
benzoxazole,toluene,stddft,S0T1,0.11687252001423122,0.9158862117737042,0.12760593893852384,0.08411378822629581,0.8723940610614764,0.44699523809509994,0.9330890639591007
TPA-L-BN,toluene,stda,S0T1,0.13727677022820167,0.8371867413664028,0.16397389428808593,0.16281325863359716,0.8360261057119142,0.7227521729139323,0.707650070539819
TPA-L-BN,toluene,stda,S0S1,0.10347986219413287,0.8476139162308498,0.12208372256827112,0.15238608376915,0.877916277431729,0.8749272324525895,0.6161996620270536
TPA-L-BN,toluene,stddft,S0S1,0.10713944426767476,0.8456785455000755,0.12669050768495013,0.15432145449992485,0.8733094923150494,0.8625860855888884,0.6111167299326494
3DMAC-BP-CN,toluene,stda,S0S1,0.3648055212932757,0.7312988495321546,0.49884602105781856,0.26870115046784554,0.5011539789421815,7.132363040218963,0.33928514187987
3DMAC-BP-CN,toluene,stda,S0T1,0.2690781249702544,0.8869034902274274,0.303390535650339,0.11309650977257263,0.6966094643496611,2.9893987314147648,0.7013619195223791
TPA-L-BN,toluene,stddft,S0T1,0.13878051193936694,0.8357238025536324,0.1660602599989495,0.16427619744636757,0.8339397400010508,0.7228133846072157,0.7160948263816009
3DMAC-BP-CN,toluene,stddft,S0S1,0.3630999950733202,0.7301459907740988,0.4972978002500056,0.2698540092259011,0.5027021997499945,7.0128435333734815,0.3484517392651113
3DMAC-BP-CN,toluene,stddft,S0T1,0.26111253848980864,0.8846480600841756,0.29515979322326596,0.11535193991582415,0.7048402067767341,2.8405502256682365,0.7124827025924612
MDP3FL,toluene,stda,S0T1,0.13279060283834845,0.9000448215365192,0.14753776663217044,0.09995517846348054,0.8524622333678298,1.6272390092060267,0.8139965322275816
MDP3FL,toluene,stddft,S0T1,0.13043207373831928,0.9022278919845134,0.14456666092579426,0.09777210801548641,0.8554333390742059,1.5879815318770187,0.8220977722012123
2PBCzPy,toluene,stda,S0T1,0.2435849409940927,0.853745905376359,0.2853131587046529,0.146254094623641,0.7146868412953471,1.0604402481749897,0.6664853541270298
CPzPyC,toluene,stda,S0S1,0.19203947924413972,0.5879573341898675,0.32662145376372653,0.41204266581013255,0.6733785462362736,1.4567078210936653,0.795028352551151
MDP3FL,toluene,stda,S0S1,0.1831138531881255,0.7857429745934712,0.23304548574916018,0.21425702540652877,0.7669545142508399,0.33607436358666287,0.8315719958179447
2PBCzPy,toluene,stddft,S0T1,0.2429351564381895,0.8521823038304561,0.2850741623549626,0.14781769616954385,0.7149258376450374,1.0379790536205422,0.6684167050709477
MDP3FL,toluene,stddft,S0S1,0.18277500485769743,0.7858873027905263,0.23257152038046738,0.21411269720947385,0.7674284796195325,0.3431493438658906,0.8306910976401538
2PBCzPy,toluene,stda,S0S1,0.2017906346426276,0.7009914995192665,0.2878645957633063,0.2990085004807336,0.7121354042366936,1.7549867066309945,0.7484578304613763
2PBCzPy,toluene,stddft,S0S1,0.20542938750780002,0.7037407286618564,0.291910613015703,0.29625927133814345,0.7080893869842972,1.6350573852022623,0.7523981221141154
CPzPyC,toluene,stddft,S0S1,0.09858546337413636,0.9382655355369013,0.10507202880229748,0.061734464463098764,0.8949279711977024,0.39767241011447474,0.7059068094661437
CPzPyC,toluene,stda,S0T1,0.3303378802220224,0.5646259841849435,0.5850561070066164,0.4353740158150566,0.41494389299338347,0.8441153882047026,0.8441648538958694
BzITz,toluene,stda,S0T1,0.08347000377590669,0.5523453855360303,0.1511192198969893,0.4476546144639697,0.8488807801030106,0.7243033875598957,0.6541761567389467
BzITz,toluene,stda,S0S1,0.06566027937577361,0.4525547040376591,0.1450880496655046,0.5474452959623408,0.8549119503344954,0.8058327665802973,0.5698583933376666
BzITz,toluene,stddft,S0S1,0.06556473118479579,0.45279781164477195,0.1447991344009244,0.547202188355228,0.8552008655990755,0.8167593303228021,0.5668616223435472
BzITz,toluene,stddft,S0T1,0.08569526965888082,0.5671112770299236,0.15110838583158542,0.43288872297007647,0.8488916141684147,0.6985902923453063,0.6676566644907848
CPzPyC,toluene,stddft,S0T1,0.33863874663191973,0.5727893061405858,0.5912099667391556,0.4272106938594142,0.40879003326084445,0.9315419004676266,0.839969212917957
NAI–BiFA,toluene,stda,S0S1,0.2026571028807433,0.7602583597937194,0.2665634652616384,0.23974164020628053,0.7334365347383617,1.917961607793792,0.6335292993967263
SBF-PXZ,toluene,stda,S0S1,0.026818945724673398,0.027008773306909487,0.9929716325847525,0.9729912266930907,0.007028367415247226,2.459461342448093,0.7204035295001845
NAI–BiFA,toluene,stda,S0T1,0.21834517340408183,0.6782298731547047,0.32193387824171693,0.32177012684529516,0.6780661217582828,1.189831421726068,0.7149514143696165
SBF-PXZ,toluene,stda,S0T1,0.02213873653788156,0.022159097254614554,0.9990811576618378,0.9778409027453855,0.0009188423381620698,2.5980893119304747,0.7519914413469418
SBF-PXZ,toluene,stddft,S0T1,0.021563511485317346,0.021580198309281408,0.9992267529832252,0.9784198016907186,0.0007732470167749717,2.574892627447661,0.7587078579974269
NAI–BiFA,toluene,stddft,S0S1,0.1990708153756395,0.7556197267641487,0.2634537033967291,0.2443802732358513,0.7365462966032709,1.8567913164597845,0.6321213788224043
NAI–BiFA,toluene,stddft,S0T1,0.21998434021122087,0.6662049562666585,0.33020519907865836,0.3337950437333413,0.6697948009213418,1.0694970321871553,0.729652320290057
SBF-PXZ,toluene,stddft,S0S1,0.026629942984349883,0.026748428723454273,0.995570366381914,0.9732515712765457,0.004429633618085711,2.4440536210960926,0.7107787720122121
dbG2TAZ,toluene,stda,S0S1,0.22789891009794866,0.6833365491965566,0.33350903060271586,0.31666345080344344,0.666490969397284,0.5230033502679123,0.8027042568428229
dbG2TAZ,toluene,stda,S0T1,0.2002365227424578,0.5661116178583097,0.35370502287161043,0.43388838214169045,0.6462949771283897,0.5308040031255004,0.9516591671832646
dbG2TAZ,toluene,stddft,S0T1,0.20904476044792894,0.566946948513741,0.36872014391459834,0.43305305148625917,0.6312798560854017,0.4680853296765664,0.9593538770487271
dbG2TAZ,toluene,stddft,S0S1,0.21868306625411282,0.6854434105452635,0.3190388336801613,0.3145565894547364,0.6809611663198387,0.45242680237581095,0.7966967754645967
DDBP,toluene,stda,S0T1,0.0288137335664146,0.9525563693692923,0.030248848774684884,0.04744363063070761,0.9697511512253151,0.135230214182399,0.9641698889836513
DDBP,toluene,stddft,S0T1,0.028212999090790458,0.9578217492349798,0.02945537529642067,0.04217825076502013,0.970544624703579,0.1316864812829445,0.9687781155024956
OXD-7,toluene,stda,S0S1,0.261604898831378,0.906798476589921,0.2884928741997467,0.09320152341007895,0.7115071258002532,1.7624111540048049,0.8597657590934571
OXD-7,toluene,stda,S0T1,0.24365444562798547,0.8374012557032998,0.2909649871773238,0.16259874429670018,0.7090350128226762,1.1132949289903584,0.9045809799040743
DDBP,toluene,stda,S0S1,0.055775209756490744,0.8909369195169317,0.06260287180234063,0.10906308048306856,0.9373971281976592,0.6998286183946052,0.763248715714183
OXD-7,toluene,stddft,S0S1,0.2557509260846463,0.9005850291960881,0.283983097423842,0.09941497080391189,0.7160169025761582,1.5878973601137214,0.8693012617214759
DDBP,toluene,stddft,S0S1,0.053986454263555986,0.9012834855046781,0.05989952676579446,0.0987165144953219,0.9401004732342058,0.5313811602972007,0.7606638573802871
OXD-7,toluene,stddft,S0T1,0.09589535897478818,0.8938842825106706,0.10727938822846841,0.10611571748932958,0.8927206117715316,0.34772058812025725,0.944563208621839
CN-TPA,toluene,stda,S0S1,0.04169224259372022,0.9292985237945965,0.04486420835306899,0.07070147620540349,0.9551357916469309,1.7247882285941594,0.6874347383208826
AcHPM,toluene,stda,S0S1,0.09308428958357931,0.8156988387284143,0.11411600110732974,0.1843011612715855,0.8858839988926703,2.142516044664133,0.3165480083091353
CN-TPA,toluene,stda,S0T1,0.03462153935282721,0.9423660652568027,0.03673894957517655,0.05763393474319743,0.9632610504248237,1.6204503255985407,0.7411198434173497
AcHPM,toluene,stda,S0T1,0.026254898970555742,0.9906342011087953,0.0265031218800736,0.009365798891204778,0.9734968781199265,1.0800129000677294,0.7089521703815608
CN-TPA,toluene,stddft,S0S1,0.041724659873921315,0.9288356115686885,0.04492146872303219,0.07116438843131141,0.9550785312769681,1.7714887509375206,0.6842156180652337
AcHPM,toluene,stddft,S0S1,0.09363257974419116,0.81424024464627,0.11499379987643317,0.18575975535372988,0.8850062001235667,2.1763753573515654,0.3155911808933692
APPT,toluene,stda,S0T1,0.1172763807225786,0.9493955565888215,0.1235274169008676,0.050604443411178444,0.8764725830991322,0.26265777159808934,0.9320025794166655
APPT,toluene,stda,S0S1,0.1230527622322585,0.7218537433146587,0.17046772060392204,0.2781462566853412,0.829532279396078,0.7182966475122714,0.7074009123051395
APPT,toluene,stddft,S0S1,0.12309757796026048,0.7248576990133407,0.1698230951093132,0.2751423009866593,0.8301769048906869,0.6998286768938184,0.70644151081545
AcHPM,toluene,stddft,S0T1,0.02597693016553425,0.9908591079516651,0.026216573029473958,0.009140892048335143,0.9737834269705262,1.0678931885051235,0.7135852981584533
CN-TPA,toluene,stddft,S0T1,0.03384480027134978,0.9441479915814525,0.03584692291158675,0.05585200841854754,0.9641530770884134,1.5834857134230815,0.7505138298613258
APPT,toluene,stddft,S0T1,0.1114175455363833,0.9516639276184996,0.11707656695068941,0.04833607238150038,0.8829234330493104,0.2526464347384749,0.9374627248264541
SAFDPA,toluene,stda,S0T1,0.04330021034454021,0.9391655085885033,0.0461049835716574,0.06083449141149681,0.9538950164283425,2.85901733888122,0.710967560618525
SAFDPA,toluene,stddft,S0T1,0.04245130033716126,0.941238898942942,0.045101515019020336,0.05876110105705783,0.9548984849809798,2.722557903316574,0.7325067605616759
35tCzBPym,toluene,stda,S0S1,0.1467551467173111,0.9511786943618267,0.15428767232404567,0.048821305638173454,0.8457123276759541,3.662581810972309,0.4557198774369853
35tCzBPym,toluene,stda,S0T1,0.16856302951008822,0.9615168128155746,0.17530949772629692,0.03848318718442539,0.8246905022737031,3.408667424306531,0.48104926819755695
SAFDPA,toluene,stda,S0S1,0.03426654980072646,0.9961563661841863,0.03439876606118148,0.003843633815813588,0.9656012339388187,1.624583219899932,0.5981281197151742
SAFDPA,toluene,stddft,S0S1,0.033299520574007306,0.9963289845238918,0.03342221403899024,0.0036710154761079006,0.9665777859610096,1.5800721672068696,0.5956636062112827
35tCzBPym,toluene,stddft,S0T1,0.17069837226473084,0.9627683212129077,0.17729953146950542,0.03723167878709237,0.8227004685304947,3.359128430292486,0.4874424672520339
PhICz-Pyr,toluene,stda,S0T1,0.11953574316304032,0.6837753746947017,0.17481726834110065,0.3162246253052983,0.8251827316588992,0.9754031430771624,0.6032169211919123
35tCzBPym,toluene,stddft,S0S1,0.024231854486766024,0.6896728027251223,0.035135290808943107,0.3103271972748778,0.9648647091910568,3.186860608318078,0.6237158041093992
CNTPA-PXZ,toluene,stda,S0S1,0.3190428770705893,0.3352992394641254,0.951516852768539,0.6647007605358745,0.04848314723146122,1.530700337126339,0.7485915635590158
PhICz-Pyr,toluene,stddft,S0T1,0.12025689489050118,0.6866809816713133,0.1751277494212929,0.3133190183286865,0.8248722505787072,0.93342446086068,0.6037149925727079
CNTPA-PXZ,toluene,stda,S0T1,0.2922858960143349,0.3123127957916906,0.9358755067124647,0.6876872042083095,0.06412449328753539,1.2177164155368785,0.7881659524967937
CNTPA-PXZ,toluene,stddft,S0S1,0.32294040269739355,0.33907994735854813,0.9524019489005984,0.6609200526414518,0.04759805109940174,1.5692224162968478,0.7432696025892362
PhICz-Pyr,toluene,stda,S0S1,0.29981167263755665,0.9162803220663213,0.32720518537541615,0.0837196779336787,0.6727948146245836,0.8387748887865272,0.605966719884283
PhICz-Pyr,toluene,stddft,S0S1,0.3132541146400234,0.9106990964683487,0.343971039232178,0.08930090353165142,0.656028960767822,0.8389059441441796,0.6032950463901097
CNTPA-PXZ,toluene,stddft,S0T1,0.28859474466544366,0.30852833464172236,0.935391379856808,0.6914716653582778,0.0646086201431922,1.193228127622026,0.7949519793453466
BDQDMAC,toluene,stda,S0S1,0.15004313569733083,0.7969535937105725,0.18827085652344971,0.20304640628942744,0.8117291434765501,1.4103478387667998,0.5354422958194218
BDQDMAC,toluene,stda,S0T1,0.14021925324953394,0.8255364461416191,0.16985228684316572,0.17446355385838072,0.8301477131568343,1.3881947446951175,0.5924060256055013
BDQDMAC,toluene,stddft,S0S1,0.15076455495877059,0.797107453656825,0.18913956238537263,0.20289254634317513,0.8108604376146273,1.4216900502670409,0.5342608809502706
BDQDMAC,toluene,stddft,S0T1,0.13757562884958632,0.8299950950157138,0.16575474924581535,0.17000490498428644,0.8342452507541844,1.354381646871155,0.6115372498753497
PzTDBA,toluene,stda,S0S1,0.3693601138556728,0.7282231731591562,0.5072073060423574,0.27177682684084387,0.49279269395764247,2.39566844716242,0.6782588638057664
PzTDBA,toluene,stddft,S0S1,0.37115140697897975,0.731563531779128,0.5073399518376169,0.26843646822087197,0.4926600481623829,2.442222247521099,0.6704939783956793
PzTDBA,toluene,stddft,S0T1,0.3617093785884792,0.710938188797314,0.5087775340924909,0.2890618112026857,0.491222465907509,2.192513437948238,0.7111438100584329
PzTDBA,toluene,stda,S0T1,0.36309002175124677,0.7138935345338787,0.5086052810217963,0.2861064654661214,0.4913947189782039,2.228233749964405,0.7051676926677857
DV-3CzCN,toluene,stda,S0T1,0.24486917772262518,0.6153488547769586,0.39793553822633065,0.38465114522304134,0.6020644617736691,0.5234437037370289,0.6974331192621284
DV-3CzCN,toluene,stddft,S0T1,0.2411378397596941,0.6173868343733199,0.3905782020837255,0.3826131656266799,0.6094217979162745,0.494232446622078,0.7174911266890464
APDC-DTPA,toluene,stda,S0S1,0.1374721201286586,0.6971033199919553,0.19720479903932323,0.3028966800080447,0.8027952009606767,3.048765132782599,0.5757019367387459
DV-3CzCN,toluene,stda,S0S1,0.03202135191088568,0.9862455383004367,0.032467930821838735,0.013754461699563344,0.9675320691781613,1.0470369103280763,0.7404629027191642
DV-3CzCN,toluene,stddft,S0S1,0.16357517194826562,0.5885027175479506,0.2779514300797391,0.4114972824520494,0.7220485699202608,0.6227864279776623,0.6667340995986843
APDC-DTPA,toluene,stda,S0T1,0.14423830517541628,0.6938056775775385,0.20789438575803013,0.3061943224224614,0.7921056142419698,2.039860814705269,0.7495991445316248
m-ν-DABNA,toluene,stda,S0S1,0.08304253757649584,0.8220186737305621,0.10102268990998028,0.1779813262694377,0.8989773100900198,2.3685184290504724,0.6164292690522473
m-ν-DABNA,toluene,stddft,S0S1,0.08256695272441976,0.8243804979036492,0.10015636339576522,0.17561950209635074,0.8998436366042348,2.35470311219501,0.617793785587432
m-ν-DABNA,toluene,stddft,S0T1,0.09508241955839337,0.8421175574580418,0.11290872481676148,0.15788244254195807,0.8870912751832385,1.6227843930996046,0.6505883565029897
m-ν-DABNA,toluene,stda,S0T1,0.0941241161086029,0.8436180476421032,0.11157195649343687,0.1563819523578967,0.888428043506563,1.6543324895305402,0.6495133239745887
APDC-DTPA,toluene,stddft,S0S1,0.13686166961152305,0.6933387355278455,0.19739510083383546,0.3066612644721546,0.8026048991661645,3.001669012915099,0.5933973390946258
APDC-DTPA,toluene,stddft,S0T1,0.14603992815907446,0.6935845803940623,0.21055821061665095,0.30641541960593766,0.7894417893833491,1.8865410475333397,0.7683001069942959
CN-QP,toluene,stda,S0S1,0.32216398260836976,0.3293886077866264,0.9780665602650817,0.6706113922133733,0.02193343973491826,2.1629499030806816,0.6652016039825748
CN-QP,toluene,stda,S0T1,0.2977944380906653,0.302788021940691,0.9835079874757933,0.6972119780593089,0.016492012524207098,2.3222404273302106,0.7182034655179573
CN-QP,toluene,stddft,S0S1,0.32620067839045513,0.333739828520875,0.9774100976684947,0.6662601714791251,0.022589902331504857,2.1913671988950187,0.6579563813819291
CN-QP,toluene,stddft,S0T1,0.2935513288951612,0.29824460160252403,0.9842636792681411,0.7017553983974759,0.015736320731858773,2.2998932030182253,0.7262994814897249
Px2BP,toluene,stda,S0S1,0.049636989437541364,0.7055907035682141,0.07034813410455121,0.29440929643178576,0.9296518658954489,2.224904303582103,0.418473235014322
Px2BP,toluene,stda,S0T1,0.048113645472650984,0.7267676292093992,0.06620224063225068,0.27323237079060075,0.9337977593677493,1.9813053965470377,0.49172460030484894
FAC,toluene,stda,S0S1,0.052433571120188455,0.9665798694864711,0.05424649609974352,0.03342013051352898,0.9457535039002561,0.9540293461731478,0.6456284753540973
Px2BP,toluene,stddft,S0S1,0.04901621312535982,0.702501826083073,0.06977378749128477,0.2974981739169271,0.9302262125087151,2.2320821831804345,0.4211264513763237
Px2BP,toluene,stddft,S0T1,0.04738559701557313,0.7301717263145455,0.0648965103794778,0.2698282736854548,0.9351034896205221,1.9604067760885386,0.5036103279706792
FAC,toluene,stda,S0T1,0.02812443346412694,0.9691904197651607,0.0290184806727058,0.030809580234839186,0.9709815193272944,0.5484151439783527,0.7187868447319493
SiCz3Py1,toluene,stddft,S0S1,0.04031699296964679,0.9840211006431814,0.04097167524486474,0.0159788993568186,0.9590283247551351,0.7791940343556046,0.7175208720946116
FAC,toluene,stddft,S0T1,0.027389736454872013,0.96988547727122,0.02824017587306621,0.03011452272878011,0.9717598241269338,0.5452209947702693,0.7232894881498443
SiCz3Py1,toluene,stddft,S0T1,0.023869401988164056,0.02429896866609516,0.9823216086314607,0.9757010313339047,0.0176783913685394,1.8280300900157327,0.6876255690580786
pCzAnBzt,toluene,stda,S0S1,0.21222887001167146,0.6847660794363206,0.3099290055172885,0.31523392056367927,0.6900709944827115,0.08512680789097124,0.9922832586928132
pCzAnBzt,toluene,stda,S0T1,0.20914545654942918,0.70409683610325,0.29704075607969316,0.29590316389675,0.7029592439203067,0.07188674969821551,0.9963093336008843
FAC,toluene,stddft,S0S1,0.022090080359593343,0.9877202290068313,0.02236471392491908,0.012279770993168767,0.977635286075081,0.657706103375516,0.6212559043740944
pCzAnBzt,toluene,stddft,S0S1,0.2142563984992232,0.6831003864540582,0.3136528726201108,0.31689961354594187,0.6863471273798891,0.07557801645768956,0.9928023890248187
pCzAnBzt,toluene,stddft,S0T1,0.20766058071988064,0.7067961487260391,0.29380547855867256,0.29320385127396104,0.7061945214413273,0.07753576802116012,0.9964820237999035
PCTXO,toluene,stda,S0T1,0.17795156111194044,0.687240106396694,0.25893651935561207,0.3127598936033058,0.741063480644388,1.1779940041786738,0.7547588984242996
PCTXO,toluene,stda,S0S1,0.08358945366380997,0.8878340368501012,0.09414986381956307,0.1121659631498991,0.9058501361804369,0.7826771552482679,0.7604966169687343
PCTXO,toluene,stddft,S0S1,0.08349415015526142,0.8878995447045589,0.09403558167500063,0.11210045529544095,0.9059644183249993,0.7824748273928077,0.7603889565604662
PCTXO,toluene,stddft,S0T1,0.17700073741492778,0.6909268627949895,0.2561786882896853,0.30907313720501056,0.7438213117103146,1.1265464085847463,0.7650363680074705
SiCz3Py1,toluene,stda,S0S1,0.037414797813655046,0.9868127173603227,0.037914790877176634,0.013187282639677105,0.9620852091228231,0.8002558915048579,0.7197952084556284
SiCz3Py1,toluene,stda,S0T1,0.024700751890487684,0.02517288234593005,0.9812444817024023,0.97482711765407,0.01875551829759768,1.8484151065529073,0.6854866454559436
IDFL-2DPA,toluene,stda,S0S1,0.1609680877281688,0.7943133433442442,0.2026506152477002,0.20568665665575567,0.7973493847522999,1.8688635753291367,0.5783047963847237
IDFL-2DPA,toluene,stda,S0T1,0.17131408395652656,0.816872053313433,0.20971960451044286,0.18312794668656684,0.7902803954895572,1.5637827028837608,0.6366785550798699
BPCP-2CPC,toluene,stda,S0S1,0.2382678684557649,0.8997013202009406,0.264829964240299,0.10029867979905946,0.7351700357597011,0.8786446046437744,0.566528830911626
BPCP-2CPC,toluene,stda,S0T1,0.23815427329085317,0.877694227762829,0.27134082207409405,0.12230577223717101,0.7286591779259058,0.6431573750986274,0.7014322451828816
IDFL-2DPA,toluene,stddft,S0S1,0.16350926338322228,0.7986485549305842,0.2047324350288644,0.20135144506941588,0.7952675649711356,1.8794338367527164,0.5823396175156291
BPCP-2CPC,toluene,stddft,S0S1,0.2382302044418826,0.9003838177156858,0.26458739012689425,0.09961618228431424,0.7354126098731057,0.8681882405004411,0.5596310780388417
BPCP-2CPC,toluene,stddft,S0T1,0.23684134288218517,0.8736936863430833,0.2710805246556194,0.12630631365691672,0.728919475344381,0.6084465396966204,0.7194048768693149
IDFL-2DPA,toluene,stddft,S0T1,0.21073124909059415,0.8583229644138994,0.24551510075754607,0.14167703558610048,0.7544848992424538,1.0537973521164024,0.6389582699780271
TPADSO2,toluene,stda,S0S1,0.24215655150443266,0.7024407816515338,0.3447358949392,0.2975592183484663,0.6552641050608,1.3760267050092634,0.7102628376146234
TPADSO2,toluene,stda,S0T1,0.2189658529570952,0.7139569402685595,0.3066933600711687,0.28604305973144023,0.6933066399288311,1.1460612224315594,0.7692156673270866
TPADSO2,toluene,stddft,S0S1,0.24175870849972936,0.7031634495192989,0.3438158065027441,0.29683655048070107,0.6561841934972558,1.4169532181772242,0.7066736198626361
TPADSO2,toluene,stddft,S0T1,0.2156197848402057,0.7159879551013016,0.3011500169855493,0.2840120448986985,0.6988499830144508,1.0930209786461045,0.7794748970360981
tCbz-mPYRs,toluene,stda,S0T1,0.04418665184906484,0.9800209947098809,0.045087454337797706,0.019979005290118916,0.9549125456622024,0.6596601708503206,0.7180032780472085
tCbz-mPYRs,toluene,stda,S0S1,0.11424779426034723,0.8700107069567413,0.1313176876408578,0.12998929304325857,0.8686823123591421,0.7909006378361023,0.7210720040481273
tCbz-mPYRs,toluene,stddft,S0T1,0.04287632743637469,0.9800225192219207,0.04375034919648166,0.019977480778079103,0.9562496508035186,0.6591469276340817,0.7200291681710953
3BrBI,toluene,stda,S0S1,0.16125974542016297,0.7258113386965055,0.22217859769147663,0.2741886613034945,0.7778214023085231,0.274930310147717,0.9163704602844304
3BrBI,toluene,stda,S0T1,0.12198484105736787,0.8594336984930925,0.14193630209200866,0.14056630150690738,0.8580636979079912,0.03000200821209824,0.9831286164361683
3CzFTFP,toluene,stda,S0T1,0.0318672945689579,0.9615330980302915,0.03314217122035457,0.03846690196970856,0.9668578287796452,1.1397999468181343,0.6925054336477239
3BrBI,toluene,stddft,S0S1,0.1619143512667987,0.7204120629169608,0.22475241545957006,0.2795879370830392,0.7752475845404301,0.2726157158264872,0.9122827283427526
3CzFTFP,toluene,stda,S0S1,0.02778850868157088,0.9992263479215562,0.02781002396441252,0.0007736520784436467,0.9721899760355873,0.7401357059888322,0.7918295912779212
3BrBI,toluene,stddft,S0T1,0.11934062617075271,0.8664894024975488,0.1377288929636855,0.13351059750245126,0.8622711070363143,0.0379158117146183,0.9849290453283538
tCbz-mPYRs,toluene,stddft,S0S1,0.29485010670440054,0.7589012321199846,0.38852237185165595,0.24109876788001552,0.611477628148344,1.3572904065195976,0.7991895642973426
3CzFTFP,toluene,stddft,S0T1,0.03135532976784509,0.9624874792579046,0.03257738977760066,0.037512520742095455,0.967422610222399,1.1256631503074446,0.6955671611330875
25CzBPym,toluene,stda,S0S1,0.01101475943430763,0.30105117361930894,0.036587664820852774,0.6989488263806911,0.963412335179147,1.7700191621847803,0.44170629477125717
25CzBPym,toluene,stda,S0T1,0.016680592098229693,0.41511480110687615,0.040183082014305434,0.5848851988931238,0.9598169179856947,1.334607919702014,0.5218531000949043
25CzBPym,toluene,stddft,S0S1,0.011238280268742198,0.3080438519051609,0.03648272867397524,0.6919561480948387,0.9635172713260247,1.7483022098289498,0.4423834377161211
3CzFTFP,toluene,stddft,S0S1,0.025897241569637432,0.999281414325037,0.025915864338505366,0.0007185856749627929,0.9740841356614948,0.7434106728706615,0.7929044631805615
25CzBPym,toluene,stddft,S0T1,0.01763582032614956,0.43116995570927763,0.04090224769288136,0.5688300442907223,0.9590977523071186,1.27753848315298,0.5363810696891834
DAcIPN,toluene,stda,S0T1,0.2591115942169921,0.747417152680162,0.3466760072174478,0.25258284731983804,0.6533239927825522,1.5150133620472013,0.7057971381379571
B-dpa-Cz,toluene,stda,S0S1,0.08824198059068482,0.7984438584208622,0.1105174517406986,0.20155614157913782,0.8894825482593014,1.4569304337043134,0.5721984902464841
DAcIPN,toluene,stddft,S0T1,0.24662679697657422,0.746103214354776,0.33055318919897037,0.25389678564522394,0.66944681080103,1.4721817800500052,0.7134683743528785
DAcIPN,toluene,stda,S0S1,0.28038563992000093,0.6858067962240607,0.4088405677280512,0.3141932037759393,0.5911594322719487,2.05293899721624,0.6161124732267713
B-dpa-Cz,toluene,stda,S0T1,0.09284564716772017,0.7584580196920558,0.1224136929891212,0.2415419803079442,0.8775863070108789,1.0418971614801489,0.6137264108993636
B-dpa-Cz,toluene,stddft,S0T1,0.09402757663566995,0.7554151926643241,0.12447138679331804,0.24458480733567603,0.875528613206682,0.9950387776285098,0.6170886829192932
B-dpa-Cz,toluene,stddft,S0S1,0.08901975886773171,0.7957252140140525,0.11187248726060806,0.20427478598594737,0.8881275127393922,1.4504540277758031,0.5726004723107669
DphAn-Br,toluene,stda,S0S1,0.16212037739168422,0.8039501172214122,0.20165477175623747,0.19604988277858787,0.7983452282437625,0.25318783234585157,0.7724644326479313
DAcIPN,toluene,stddft,S0S1,0.20580903612662302,0.6200731531479821,0.3319108964511259,0.37992684685201783,0.6680891035488741,2.0162402869912093,0.5868179510919734
DphAn-Br,toluene,stda,S0T1,0.16301694913736078,0.7954887998561808,0.20492676850614763,0.20451120014381943,0.7950732314938528,0.25505995594718134,0.7747171404907767
DphAn-Br,toluene,stddft,S0S1,0.16209962222426502,0.803590157405095,0.201719272853848,0.19640984259490493,0.7982807271461517,0.2534403341853312,0.7723348921656629
DphAn-Br,toluene,stddft,S0T1,0.163162359110688,0.7941204502736441,0.2054629861936741,0.2058795497263563,0.7945370138063259,0.25507388814683496,0.775857989414766
CPPyC,toluene,stda,S0T1,0.3172749456409877,0.3536018646838113,0.8972660422045372,0.6463981353161888,0.10273395779546286,1.1891479055454794,0.6811089108933536
CPPyC,toluene,stddft,S0T1,0.3133023113899703,0.3488866503743025,0.8980060172948561,0.6511133496256974,0.10199398270514398,1.1822983241924545,0.6840296359128308
2BTCz2CzTPN,toluene,stda,S0S1,0.07700689380124537,0.6385390208087087,0.12059857157001345,0.3614609791912913,0.8794014284299867,1.43622482233065,0.5250642331806221
2BTCz2CzTPN,toluene,stda,S0T1,0.07571059808637111,0.676899451620359,0.11184910536584924,0.323100548379641,0.8881508946341506,1.2508232900717104,0.5714593185362264
2BTCz2CzTPN,toluene,stddft,S0S1,0.07641195137567548,0.6432574408783802,0.1187890672066436,0.3567425591216198,0.8812109327933563,1.4285082376809668,0.5265191163166684
2BTCz2CzTPN,toluene,stddft,S0T1,0.07591736212420243,0.6796036038803943,0.11170829832380255,0.3203963961196057,0.8882917016761975,1.2209327218614836,0.5784676772310674
DTPCZTZ,toluene,stda,S0T1,0.0315773777401272,0.9640552695569159,0.032754737967088034,0.03594473044308411,0.9672452620329118,1.326959831719935,0.6572136544583784
CPPyC,toluene,stddft,S0S1,0.02501289825244165,0.9998474121549377,0.025016715499150202,0.00015258784506254051,0.9749832845008499,1.5385711048799908,0.8062872599541305
CPPyC,toluene,stda,S0S1,0.05605964824352102,0.06749230949893012,0.8306079412560281,0.9325076905010697,0.1693920587439715,1.1487132080338975,0.7747266067489059
DTPCZTZ,toluene,stda,S0S1,0.016137244513299197,0.9993036357570969,0.0161484897441339,0.0006963642429030344,0.9838515102558663,0.22463941555723677,0.7688237466141663
DTPCZTZ,toluene,stddft,S0T1,0.03119432864278752,0.9650702621891984,0.03232337568046625,0.03492973781080138,0.9676766243195335,1.3033529817089158,0.6601519420110329
BDQC-2,toluene,stda,S0T1,0.3201101355386249,0.7485082454636245,0.4276641406139078,0.2514917545363755,0.5723358593860924,1.7306807042973518,0.741740252271333
DTPCZTZ,toluene,stddft,S0S1,0.015193854289878983,0.9993805850696982,0.015203271423187937,0.0006194149303018273,0.9847967285768123,0.2557898879633923,0.7696321772856276
BDQC-2,toluene,stddft,S0T1,0.315830791729064,0.7469582622121459,0.4228225427130544,0.2530417377878541,0.5771774572869457,1.6331331452794695,0.7549962441375846
BDQC-2,toluene,stda,S0S1,0.12851081657474825,0.7923473625188301,0.1621899972837913,0.2076526374811699,0.8378100027162086,1.236207751955477,0.7421932234201654
BTCZPZ1,toluene,stda,S0S1,0.26276560050310177,0.6968096596557616,0.37709810256205895,0.30319034034423853,0.6229018974379412,0.4556294128322225,0.7721231797226463
BTCZPZ1,toluene,stda,S0T1,0.252347063726868,0.6788096817576579,0.3717493584850761,0.3211903182423422,0.6282506415149239,0.10900184279949544,0.7920027713357541
BTCZPZ1,toluene,stddft,S0S1,0.2655548380080161,0.6987755191197117,0.3800288229080364,0.3012244808802882,0.6199711770919634,0.4537734263770728,0.7717216497318511
BDQC-2,toluene,stddft,S0S1,0.14485032583957644,0.7633652194836195,0.18975232581012907,0.23663478051638065,0.8102476741898711,1.4964714780269748,0.7348633707452723
4-SCZ,toluene,stda,S0T1,0.19350862047510187,0.391839082852851,0.4938471656942168,0.6081609171471488,0.5061528343057831,1.3564689817133104,0.7575891076336368
BTCZPZ1,toluene,stddft,S0T1,0.2538875235109323,0.6809426448506072,0.3728471486267878,0.31905735514939276,0.6271528513732122,0.1196166635274514,0.7935483036335668
4-SCZ,toluene,stda,S0S1,0.23859192461110254,0.3308807401602407,0.7210813312843654,0.6691192598397593,0.27891866871563437,1.0309488996286538,0.7712704556136482
4-SCZ,toluene,stddft,S0S1,0.24239926387206437,0.33588497197079636,0.7216734421007078,0.6641150280292036,0.2783265578992921,1.070914067768697,0.7734798017503257
δ-2CbPN,toluene,stda,S0S1,0.22729646655487407,0.7591504134513342,0.29940900054511405,0.2408495865486659,0.700590999454886,1.5757940763278253,0.6100871900224218
4-SCZ,toluene,stddft,S0T1,0.19718756796252035,0.4011904653244617,0.49150611743239075,0.5988095346755383,0.5084938825676091,1.345605956694219,0.7652949671940817
δ-2CbPN,toluene,stda,S0T1,0.2300750596067565,0.7614930987155051,0.3021367626244409,0.2385069012844949,0.697863237375559,1.3577528095706026,0.7233770578774185
δ-2CbPN,toluene,stddft,S0S1,0.22895598395412212,0.7595613625396488,0.3014318463864343,0.24043863746035113,0.6985681536135657,1.573494170976187,0.6066558858444441
δ-2CbPN,toluene,stddft,S0T1,0.22926630021255578,0.761320451268096,0.30114296789305683,0.23867954873190392,0.6988570321069434,1.3099375401647182,0.7398241862584238
DBTO-PTZ,toluene,stda,S0S1,0.29902143643659157,0.34603817122467473,0.8641284728164966,0.6539618287753252,0.13587152718350332,1.163290160098501,0.6895897617441777
DBTO-PTZ,toluene,stda,S0T1,0.26757399547022365,0.325815701397418,0.8212434033185121,0.674184298602582,0.17875659668148786,1.0480294091734903,0.733503091621082
DBTO-PTZ,toluene,stddft,S0S1,0.30264816882693363,0.34932594698518304,0.8663775807062242,0.6506740530148171,0.13362241929377575,1.1773344147672502,0.6837924735284517
2PyCNBCz,toluene,stda,S0S1,0.2072967163726417,0.8754000853907864,0.23680225742735972,0.12459991460921341,0.7631977425726406,2.041207433579023,0.7035136134583161
2PyCNBCz,toluene,stddft,S0T1,0.20835623069737544,0.801036174376964,0.2601083913088349,0.19896382562303605,0.7398916086911651,0.10181989892491364,0.8104976067751689
DBTO-PTZ,toluene,stddft,S0T1,0.26468261807383536,0.3224536041479652,0.8208393848573009,0.6775463958520348,0.17916061514269918,1.0371006044486442,0.7403080245100893
2PyCNBCz,toluene,stda,S0T1,0.20693747186313832,0.7993683148481111,0.25887625018319466,0.20063168515188895,0.7411237498168053,0.10352592398187353,0.8096655056076637
PhCzSPOTz,toluene,stda,S0T1,0.24320630016175057,0.3791183950960909,0.641504878970876,0.620881604903909,0.35849512102912373,1.0746748369016226,0.6580022594236252
PhCzSPOTz,toluene,stddft,S0T1,0.24322078354494042,0.3773970359387345,0.6444692469297086,0.6226029640612654,0.355530753070291,1.0523921491026536,0.6599444244743631
ACRXTN,toluene,stda,S0S1,0.1268453070795814,0.7374461458924372,0.17200619704382164,0.2625538541075625,0.8279938029561783,2.0271655682125727,0.6661543543681516
ACRXTN,toluene,stda,S0T1,0.12356360474167143,0.794753008439965,0.15547422083272971,0.20524699156003506,0.8445257791672705,1.4443778909495426,0.7026044285988972
2PyCNBCz,toluene,stddft,S0S1,0.1496101697863228,0.756627255629931,0.19773299028431726,0.24337274437006895,0.8022670097156828,0.6877637587975689,0.7163045326855414
ACRXTN,toluene,stddft,S0S1,0.12409303169294275,0.7422092550562431,0.16719413136870576,0.2577907449437569,0.8328058686312941,2.0700835733530507,0.6659311227597802
PhCzSPOTz,toluene,stda,S0S1,0.04655485590265726,0.0553562836051295,0.8410039993787323,0.9446437163948707,0.15899600062126779,0.9790781502923485,0.7395487741501446
PhCzSPOTz,toluene,stddft,S0S1,0.046154276995114964,0.05504829842444033,0.8384324005666884,0.9449517015755596,0.16156759943331173,0.9716374337379274,0.741501935904885
ACRXTN,toluene,stddft,S0T1,0.12280801134651596,0.7989741544225071,0.15370711388690755,0.2010258455774928,0.8462928861130926,1.3779750195527989,0.7088491556084703
m-DTPACO,toluene,stda,S0S1,0.14548228145573527,0.6384045621459538,0.2278841507126867,0.3615954378540463,0.7721158492873135,1.4719923991580008,0.670078145486722
m-DTPACO,toluene,stda,S0T1,0.12978547448081748,0.6690554648145884,0.19398313190190322,0.3309445351854115,0.8060168680980968,1.1973397904560732,0.7160128793458487
2TCz-DPS,toluene,stda,S0T1,0.2434061945099088,0.7615745579044283,0.3196091465813573,0.23842544209557173,0.6803908534186427,1.5646865771146974,0.7003118221154556
m-DTPACO,toluene,stddft,S0S1,0.1439871422732908,0.6381107216547293,0.22564601625860123,0.36188927834527057,0.774353983741399,1.4956449948079478,0.6661739814362477
m-DTPACO,toluene,stddft,S0T1,0.12931801600822132,0.6752221092015585,0.19151922640853425,0.3247778907984417,0.8084807735914658,1.1473411401844844,0.7260947764822286
2TCz-DPS,toluene,stddft,S0T1,0.2426321414514306,0.7592722502014342,0.31955881620467563,0.24072774979856593,0.6804411837953243,1.5440832771144422,0.7021848922355047
SBA,toluene,stda,S0S1,0.19118516939338026,0.48569209054246465,0.39363451272152167,0.5143079094575352,0.6063654872784783,1.3808988422353068,0.6514252330614844
SBA,toluene,stda,S0T1,0.2434553457645326,0.6030620558204288,0.4036986632052759,0.3969379441795712,0.5963013367947239,0.3447664243045706,0.7262119287953092
SBA,toluene,stddft,S0T1,0.2519217457684782,0.5504867240340937,0.4576345527869183,0.4495132759659064,0.5423654472130817,0.3251363952460432,0.7306358289376785
3CzAnBzt,toluene,stda,S0S1,0.2195343508640702,0.7241286198952226,0.3031703827640946,0.2758713801047774,0.6968296172359056,0.6447501286867048,0.9715905784598294
SBA,toluene,stddft,S0S1,0.1829140733828498,0.4136815181127019,0.4421615793167181,0.586318481887298,0.557838420683282,1.564391430429693,0.655202958675495
3CzAnBzt,toluene,stda,S0T1,0.20791212028123973,0.7185529694093653,0.289348355838177,0.28144703059063453,0.7106516441618228,0.07242687751632124,0.9937378730307178
3CzAnBzt,toluene,stddft,S0S1,0.21996273368615468,0.7145816184468119,0.3078203077267192,0.2854183815531879,0.6921796922732807,0.4561663296702929,0.9796157661110249
3CzAnBzt,toluene,stddft,S0T1,0.20593160634924873,0.7201858303235742,0.28594231888278776,0.27981416967642564,0.7140576811172121,0.047482795075490906,0.9944751968102636
2TCz-DPS,toluene,stddft,S0S1,0.21140902634961833,0.6786090398340655,0.3115328767228217,0.3213909601659344,0.6884671232771784,0.7379463304605262,0.7708450052535185
2TCz-DPS,toluene,stda,S0S1,0.21800609624543185,0.680297579148817,0.320456963139865,0.3197024208511831,0.6795430368601352,0.6431491171274546,0.7671373365960829
FSF4A,toluene,stda,S0T1,0.10327762203814175,0.9077878182174155,0.11376845994799054,0.09221218178258439,0.8862315400520093,0.9049871609590499,0.8128746448665836
FSF4A,toluene,stda,S0S1,0.047531876122798494,0.9299407874374399,0.05111279854040827,0.07005921256256019,0.9488872014595916,3.9483014883919205,0.5804369411567303
FSF4A,toluene,stddft,S0T1,0.10412984050308716,0.9054675801634946,0.11500118036725852,0.0945324198365054,0.8849988196327412,0.8638823408615569,0.8244177215944389
FSF4A,toluene,stddft,S0S1,0.047077768077210036,0.929855520522101,0.05062912144757341,0.070144479477899,0.9493708785524267,3.9907545521839114,0.5755483567592237
4CzIPN,toluene,stda,S0T1,0.21709439554001386,0.7289531823666513,0.29781665104360433,0.2710468176333486,0.7021833489563957,1.4546162139525052,0.4966799207104027
DMACMNPTO,toluene,stda,S0S1,0.33210598526305485,0.6594288564446341,0.5036267097160899,0.340571143555366,0.4963732902839103,1.4088127111178677,0.6191576242772753
DMACMNPTO,toluene,stda,S0T1,0.33901806040874305,0.6510849037615585,0.5206971601554732,0.3489150962384416,0.47930283984452693,0.39660942882483186,0.6877536695078096
DMACMNPTO,toluene,stddft,S0T1,0.3378388212969219,0.6494269219474617,0.5202106809551897,0.35057307805253857,0.4797893190448102,0.41315776488570755,0.6931660149438906
4CzIPN,toluene,stddft,S0T1,0.21792586704542424,0.732093596279891,0.2976748712907847,0.26790640372010915,0.7023251287092153,1.4623009338331732,0.5042524651723799
SpiroAc,toluene,stda,S0S1,0.055888867776169006,0.9649810446981646,0.05791706280992331,0.03501895530183574,0.9420829371900767,1.0666295141181859,0.6467706629457112
SpiroAc,toluene,stda,S0T1,0.030585506162164173,0.9679153383037908,0.03159936096866003,0.03208466169620931,0.96840063903134,0.5494243906845114,0.7158524688802533
4CzIPN,toluene,stda,S0S1,0.047072987574837036,0.7577517512131522,0.062121911957938335,0.24224824878684792,0.9378780880420614,0.15447267254568256,0.5774934723977013
DMACMNPTO,toluene,stddft,S0S1,0.2412157601315645,0.6494240319925503,0.37143029553660184,0.3505759680074496,0.628569704463398,1.2899405222334517,0.5970294275527128
4CzIPN,toluene,stddft,S0S1,0.05269680689792059,0.7723041713043185,0.06823322837804013,0.22769582869568167,0.93176677162196,0.39535389543856736,0.5791078463695509
SpiroAc,toluene,stddft,S0S1,0.05198718192966827,0.9648453186027014,0.05388136411850619,0.03515468139729873,0.9461186358814936,1.2076311239139608,0.6457311929130043
SpiroAc,toluene,stddft,S0T1,0.02959433882374278,0.9686722538272207,0.030551446794120148,0.031327746172779496,0.9694485532058797,0.5458974557307936,0.7205847740992801
3-AcBPdCN,toluene,stda,S0T1,0.3175672310958323,0.8303423983284082,0.38245334904629485,0.16965760167159177,0.6175466509537051,1.3721088126634817,0.6952983571902687
3-AcBPdCN,toluene,stda,S0S1,0.31909141652863326,0.8484929465489116,0.37606843737060947,0.1515070534510883,0.6239315626293906,2.501936749070628,0.5784810986123795
3-AcBPdCN,toluene,stddft,S0S1,0.31921014039201506,0.8485205483556237,0.3761961227817323,0.1514794516443763,0.6238038772182678,2.468641877792311,0.578089474729934
3-AcBPdCN,toluene,stddft,S0T1,0.314405477781742,0.8269823976719716,0.3801840023038231,0.17301760232802843,0.6198159976961768,1.257810206901271,0.7078666012461691
DBFDPO,toluene,stda,S0T1,0.25410888406543425,0.6135298951210908,0.4141752277862213,0.3864701048789093,0.5858247722137785,0.2789793520100951,0.8848249598368073
DBFDPO,toluene,stddft,S0T1,0.25135665250061173,0.616382998932233,0.4077929679047599,0.38361700106776686,0.5922070320952401,0.2605165667035093,0.8991221543593197
DBFDPO,toluene,stda,S0S1,0.15452051336385828,0.6348877399212032,0.2433824180996723,0.36511226007879666,0.7566175819003278,0.9875096957660917,0.7595163247563788
DBFDPO,toluene,stddft,S0S1,0.15318921289277126,0.6346164480455666,0.24138865824317873,0.3653835519544336,0.7586113417568212,1.0040733039090761,0.7634801615301581
p-PCzTPD,toluene,stda,S0S1,0.2024087348779664,0.7755297411603163,0.2609941619713135,0.22447025883968366,0.7390058380286864,0.668624748505458,0.7099488538756326
p-PCzTPD,toluene,stda,S0T1,0.21778966302385458,0.7890502012620639,0.27601496416261734,0.21094979873793604,0.7239850358373826,0.7741880407776125,0.8454135108827213
p-PCzTPD,toluene,stddft,S0S1,0.20162423568900767,0.7747569123599203,0.26024193198206835,0.22524308764007978,0.7397580680179318,0.6256938906144799,0.7100661684882115
4FBTPI,toluene,stda,S0T1,0.010812835188170196,0.9986016413016997,0.0108279765834106,0.0013983586983001414,0.9891720234165892,1.2953101599373236,0.818091797038392
4FBTPI,toluene,stddft,S0T1,0.010517404306701271,0.998670034269989,0.010531410722050268,0.001329965730010803,0.9894685892779499,1.3212320825664876,0.8254143243407299
p-PCzTPD,toluene,stddft,S0T1,0.20955884517102832,0.7815361309663902,0.26813711723334305,0.21846386903360981,0.7318628827666569,0.6435811323960542,0.8617980487063618
1G-F1,toluene,stda,S0T1,0.026391143630035134,0.9941862264863698,0.02654547299785686,0.0058137735136301995,0.973454527002143,0.08613553135929443,0.9012105999176521
1G-F1,toluene,stda,S0S1,0.09426306753261313,0.49903961251066015,0.18888894823073699,0.5009603874893397,0.811111051769263,0.9851123025496105,0.6057775976371367
1G-F1,toluene,stddft,S0T1,0.025725559899564134,0.994550490190659,0.02586651975268993,0.00544950980934101,0.9741334802473103,0.07705541064734248,0.9021763088258565
1G-F1,toluene,stddft,S0S1,0.09436481823228249,0.4992988847973243,0.18899465050995878,0.5007011152026758,0.811005349490041,0.9852488942864209,0.606038018596543
4FBTPI,toluene,stda,S0S1,0.10721699444366761,0.903696439455481,0.11864270983326085,0.09630356054451922,0.8813572901667391,0.4844657019612096,0.7453020266187768
4FBTPI,toluene,stddft,S0S1,0.049513970968047154,0.05237674834796203,0.9453425905538051,0.9476232516520381,0.054657409446194835,0.7128585875057799,0.7284244582369367
F2AcBO,toluene,stda,S0T1,0.14136001398550732,0.8215931641504047,0.1720559763075503,0.1784068358495954,0.8279440236924498,1.0425219789480087,0.5914557069464278
4F-m-ν-DABNA,toluene,stda,S0S1,0.10725986284534299,0.7993405670462489,0.13418543643004804,0.20065943295375116,0.8658145635699519,1.8597288405445864,0.6383690562034007
F2AcBO,toluene,stddft,S0T1,0.14139712069378488,0.821365875684532,0.1721487644905427,0.17863412431546805,0.8278512355094574,1.0105401835762724,0.5941318496594257
F2AcBO,toluene,stda,S0S1,0.08222974685165697,0.7653753900412174,0.10743714512068216,0.23462460995878262,0.892562854879318,2.4856704444363555,0.4896610453685323
4F-m-ν-DABNA,toluene,stda,S0T1,0.10578398616004321,0.8387813220673077,0.1261162872574726,0.1612186779326924,0.8738837127425275,1.2512332646910127,0.6502403402638317
4F-m-ν-DABNA,toluene,stddft,S0S1,0.10455137755634716,0.8036154955128196,0.13010124635492337,0.19638450448718026,0.8698987536450766,1.8693155801031078,0.6404642622950433
4F-m-ν-DABNA,toluene,stddft,S0T1,0.10578768751658404,0.8384842850600828,0.12616537888841134,0.16151571493991723,0.8738346211115888,1.2290216739456732,0.6521906266899652
SFCz,toluene,stda,S0S1,0.10195799507657885,0.5326472367355958,0.19141748617986437,0.4673527632644042,0.8085825138201358,1.4700090666435737,0.748302407795397
SFCz,toluene,stda,S0T1,0.3641836459624073,0.4443195330694226,0.8196435647259863,0.555680466930577,0.18035643527401402,1.041130576327709,0.6735249749438543
F2AcBO,toluene,stddft,S0S1,0.06325029839047024,0.9037265245140688,0.06998831690204041,0.09627347548593133,0.9300116830979597,0.8471366173244235,0.5325696074152906
SFCz,toluene,stddft,S0S1,0.33993138971537024,0.46373614359171605,0.7330275942749324,0.5362638564082838,0.2669724057250677,0.9482279744395268,0.7014196720457215
SFCz,toluene,stddft,S0T1,0.16198353307404922,0.7951531954402937,0.20371361644891006,0.20484680455970622,0.7962863835510898,0.48599316726346425,0.9527130609991957
UGH3,toluene,stda,S0T1,0.03732195157631671,0.9877036017725896,0.03778659054126824,0.01229639822741048,0.9622134094587314,0.367891762428391,0.9708603406820748
UGH3,toluene,stddft,S0T1,0.03495051511441645,0.9913416748713249,0.03525577104276686,0.00865832512867513,0.9647442289572331,0.28816511916306614,0.9768530486985462
BDQPCz,toluene,stda,S0S1,0.20667272720745747,0.537786048813797,0.3843028796736522,0.46221395118620284,0.615697120326348,1.0786311544454033,0.8645037394822376
BDQPCz,toluene,stda,S0T1,0.20797991599277327,0.8472142855442256,0.24548679069920673,0.15278571445577444,0.7545132093007935,0.9647241740060083,0.930597810321741
BDQPCz,toluene,stddft,S0S1,0.20892237304590294,0.547740437442759,0.3814258702923246,0.45225956255724087,0.6185741297076754,0.9785658887119483,0.8736841170088503
BDQPCz,toluene,stddft,S0T1,0.20135942650038402,0.8520498087819596,0.23632353933420353,0.14795019121804046,0.7636764606657966,0.9111197712139976,0.9356611853043657
UGH3,toluene,stda,S0S1,0.4220222579560484,0.8247712728678016,0.5116839926888339,0.17522872713219845,0.488316007311166,2.4324416416448758,0.6888159771015949
4CzMC,toluene,stda,S0S1,0.11750481295013018,0.9168945755319916,0.12815520571921007,0.08310542446800857,0.87184479428079,1.2710957021965859,0.6808321253726809
TATP-BP,toluene,stda,S0S1,0.013565544872985471,0.9964510353730589,0.013613859980492367,0.0035489646269411,0.9863861400195075,0.4532436498605749,0.7073308008142661
TATP-BP,toluene,stddft,S0S1,0.01311122471535652,0.9965808368509189,0.013156207936715385,0.0034191631490809926,0.9868437920632847,0.4579291629561914,0.7058265631806836
UGH3,toluene,stddft,S0S1,0.42199651447970704,0.8251958719474081,0.5113895122667337,0.17480412805259216,0.48861048773326654,2.4371203454536747,0.6890116207190442
4CzMC,toluene,stda,S0T1,0.05901852919168096,0.7833428316787892,0.07534188966176893,0.21665716832121104,0.9246581103382311,0.8566240395005085,0.8042096250921354
4CzMC,toluene,stddft,S0S1,0.12152127678665717,0.922429421290634,0.13174046055103972,0.07757057870936596,0.8682595394489603,1.1634063528783378,0.6809891043386562
TATP-BP,toluene,stda,S0T1,0.2578423639044195,0.4568538438049931,0.5643869859054504,0.543146156195007,0.43561301409454956,1.0865006022803996,0.784177880245034
4CzMC,toluene,stddft,S0T1,0.056678270042702934,0.787844668531827,0.07194091970987714,0.21215533146817298,0.9280590802901227,0.7947564410626391,0.8099405311699122
DPPSPF,toluene,stda,S0S1,0.22055024522603717,0.6128120210578825,0.3598986926615876,0.38718797894211765,0.6401013073384124,0.4029612662034887,0.9486602638826871
DPPSPF,toluene,stda,S0T1,0.22647905292668272,0.6081423810520808,0.37241123128908726,0.39185761894791904,0.6275887687109126,0.15137510652357436,0.9775977619507624
DPPSPF,toluene,stddft,S0S1,0.22059807449594876,0.6113767813742141,0.36082180615381293,0.38862321862578597,0.6391781938461873,0.4158405213292589,0.9474901637757702
TATP-BP,toluene,stddft,S0T1,0.24327822222684847,0.4718351997188266,0.515599985698018,0.5281648002811734,0.484400014301982,1.0648063808045327,0.8024495049552688
CNPP-TPA,toluene,stda,S0S1,0.20872769658193213,0.7842601234240069,0.2661460022608907,0.2157398765759931,0.7338539977391096,1.125430736201189,0.7332548969783471
CNPP-TPA,toluene,stddft,S0S1,0.20935525229591337,0.7841222151769943,0.26699313990059204,0.2158777848230057,0.7330068600994081,1.1609431274090012,0.7293770813800821
CNPP-TPA,toluene,stda,S0T1,0.1896669175281128,0.8176059055333985,0.23197840945678572,0.18239409446660151,0.7680215905432141,1.2776679313178725,0.7818550853886851
DPPSPF,toluene,stddft,S0T1,0.22618302644932617,0.6103989835430071,0.3705494808272234,0.38960101645699297,0.6294505191727766,0.15402442042817516,0.9782453563097511
CNPP-TPA,toluene,stddft,S0T1,0.18426579307096908,0.8206930220211852,0.22452462507499238,0.17930697797881467,0.7754753749250077,1.2090517280340032,0.7870417575777447
p-TPA-AP-TPA,toluene,stda,S0T1,0.2125974035148204,0.7038467879426726,0.3020506836952933,0.29615321205732714,0.6979493163047068,0.09117294570740785,0.9935801421240779
p-TPA-AP-TPA,toluene,stddft,S0T1,0.21067739360985535,0.7063403341835738,0.2982661238698306,0.2936596658164262,0.7017338761301692,0.10371910035996756,0.9934414062109076
p-TPA-AP-TPA,toluene,stda,S0S1,0.23043294359205335,0.6761484587952166,0.3408022906724454,0.32385154120478343,0.6591977093275545,0.16853743551106334,0.9847079051488621
p-TPA-AP-TPA,toluene,stddft,S0S1,0.22995145944716497,0.6729183148850094,0.34172269406348355,0.3270816851149907,0.6582773059365163,0.10233987396139797,0.9883667950809201
m-CZ-DPS-DMAC,toluene,stda,S0T1,0.37467172978451796,0.5906496531991331,0.634338355665131,0.40935034680086685,0.365661644334869,1.1036451496882376,0.7249231485506108
m-CZ-DPS-DMAC,toluene,stddft,S0T1,0.37282099853385237,0.5874466226830637,0.6346465944957775,0.41255337731693636,0.3653534055042222,1.0795029548540471,0.7277646055160064
STAC-BP-STAC,toluene,stda,S0S1,0.11008164526798234,0.726961751366179,0.15142701120259205,0.27303824863382103,0.8485729887974078,1.3520393840200313,0.5150933932426744
STAC-BP-STAC,toluene,stddft,S0S1,0.0385528974223894,0.9807333649904899,0.03931027412610077,0.019266635009510102,0.9606897258738989,3.242096038677503,0.3867048438109876
TCz1,toluene,stda,S0T1,0.2364039999030615,0.8701297402811324,0.2716882195368717,0.12987025971886745,0.7283117804631282,0.8482215027251399,0.6632822822169856
m-CZ-DPS-DMAC,toluene,stda,S0S1,0.02675152575391162,0.9996769590974168,0.026760170383505585,0.00032304090258303443,0.9732398296164945,0.9745232202065903,0.7851879485478109
STAC-BP-STAC,toluene,stda,S0T1,0.09901009961886303,0.810335206317453,0.12218412682427043,0.1896647936825471,0.8778158731757298,0.6179523682972661,0.5182837997854854
TCz1,toluene,stda,S0S1,0.18548785661119824,0.7423683290429043,0.2498596038577478,0.2576316709570956,0.7501403961422521,0.7323544283053491,0.749081163732885
m-CZ-DPS-DMAC,toluene,stddft,S0S1,0.028670689261851522,0.9972343326801018,0.028750202758059937,0.0027656673198983017,0.9712497972419402,0.9766601815800701,0.7877478562458307
STAC-BP-STAC,toluene,stddft,S0T1,0.09869384700849396,0.8129600103381588,0.12140061719326302,0.18703998966184107,0.8785993828067367,0.6077916641094294,0.5382794189311567
TCz1,toluene,stddft,S0T1,0.23489872671385992,0.8685317774683422,0.2704549595163453,0.13146822253165769,0.7295450404836548,0.8470994971678918,0.6669195594166347
mCz-TAn-CN,toluene,stda,S0S1,0.15491066060654213,0.8547477386510736,0.18123553137562615,0.14525226134892658,0.818764468624374,0.32255977604177904,0.9759305292252105
mCz-TAn-CN,toluene,stda,S0T1,0.12253750565449816,0.8746098119668957,0.14010534066491384,0.12539018803310434,0.859894659335086,0.1113390290059465,0.9885128667274676
mCz-TAn-CN,toluene,stddft,S0S1,0.15240794681895856,0.8549606220828867,0.17826311865411612,0.14503937791711335,0.8217368813458837,0.3131935926414865,0.9770114549480627
TCz1,toluene,stddft,S0S1,0.18503471238663832,0.7469305847553676,0.24772678500939993,0.25306941524463256,0.7522732149906001,0.7574229927577856,0.7536799184135075
mCz-TAn-CN,toluene,stddft,S0T1,0.1202450388856002,0.876906276725165,0.1371241626125191,0.12309372327483517,0.862875837387481,0.10027766376794937,0.9887338797821068
D5,toluene,stda,S0T1,0.02810931891982124,0.9952804011798445,0.02824261272149974,0.004719598820155641,0.9717573872785005,0.6862625518195347,0.6946016368347205
D5,toluene,stddft,S0T1,0.027934886012141086,0.9954531399044669,0.028062482192604245,0.00454686009553306,0.9719375178073957,0.6946843241953403,0.6972013130490329
D5,toluene,stda,S0S1,0.026204321119304187,0.999861197099049,0.026207958860021963,0.0001388029009510456,0.973792041139978,1.6684282057062045,0.7823665326113867
D5,toluene,stddft,S0S1,0.024635977445646464,0.9998582908879952,0.024639469082930476,0.000141709112004868,0.9753605309170694,1.6775118602925692,0.7854616595839432
DPE,toluene,stda,S0S1,0.01806015224826199,0.9952169671482297,0.018146949704859756,0.004783032851770088,0.9818530502951403,0.5073206426254571,0.6673146907927735
DPE,toluene,stddft,S0S1,0.01816003274602439,0.9951417346153074,0.018248689723624673,0.0048582653846924685,0.9817513102763751,0.5002693919419299,0.6605413135521714
DPE,toluene,stda,S0T1,0.019387598954198046,0.9956166476038812,0.01947295578158276,0.004383352396118616,0.9805270442184174,0.9819157278189171,0.71027617813391
DPE,toluene,stddft,S0T1,0.01956568855603764,0.9956913595718379,0.019650354869455912,0.004308640428162057,0.9803496451305441,0.9988936609560384,0.7180656574022843
2DPA-DPQ,toluene,stda,S0S1,0.2552808222586828,0.8052009277366925,0.31703990080617717,0.19479907226330767,0.682960099193823,1.599023789333261,0.7696206220742692
2DPA-DPQ,toluene,stda,S0T1,0.2473387438061155,0.7948693757601223,0.3111690440578227,0.20513062423987777,0.6888309559421775,1.3572038448228465,0.8101571538762091
2DPA-DPQ,toluene,stddft,S0S1,0.2552711693324327,0.8024084240379443,0.31813121807450195,0.1975915759620558,0.6818687819254978,1.5757054611284478,0.7649596654344193
2DPA-DPQ,toluene,stddft,S0T1,0.24624378378655018,0.7915755114937473,0.3110805983902589,0.20842448850625278,0.6889194016097411,1.3082990536244663,0.8165998501066272
4F-ν-DABNA,toluene,stda,S0S1,0.14095354441109775,0.7111324025667942,0.19820998720116464,0.2888675974332058,0.8017900127988352,0.5366028871739726,0.6243913286802166
4F-ν-DABNA,toluene,stda,S0T1,0.1612988777751137,0.7420450374319096,0.21737073848420496,0.25795496256809025,0.7826292615157953,0.16336783314917364,0.6488449890962344
36DTPAFM,toluene,stda,S0S1,0.062371305002443936,0.7013794039640888,0.08892662751419686,0.29862059603591135,0.911073372485803,3.413589809970001,0.5572296176346003
4F-ν-DABNA,toluene,stddft,S0S1,0.14026654662797566,0.7129889046670279,0.19673033578759738,0.2870110953329721,0.8032696642124028,0.5320438665971255,0.6258691820617176
36DTPAFM,toluene,stda,S0T1,0.08141673255606542,0.8529522515119615,0.0954528608274899,0.1470477484880383,0.9045471391725103,1.4671496914144515,0.8083486874890179
36DTPAFM,toluene,stddft,S0T1,0.08043555123824792,0.8591150417835415,0.09362605393482806,0.14088495821645883,0.906373946065172,1.235695280136827,0.8300636443610284
36DTPAFM,toluene,stddft,S0S1,0.061481288481861615,0.70184502631708,0.08759952151329424,0.29815497368292004,0.9124004784867058,3.4304458897536634,0.5460187308936832
4F-ν-DABNA,toluene,stddft,S0T1,0.1631333592373403,0.7419336414327752,0.21987594324784557,0.2580663585672247,0.7801240567521545,0.15906567111809425,0.650697203186142
TCPZ,toluene,stda,S0S1,0.0863927988841016,0.8846523575978055,0.09765734318359083,0.11534764240219465,0.9023426568164091,3.059898546009623,0.8332376471631792
TPA-AN-NA,toluene,stda,S0S1,0.21842994613051003,0.6867004524005434,0.318086212652009,0.31329954759945666,0.6819137873479911,0.011272354637084469,0.995235100587503
TCPZ,toluene,stddft,S0S1,0.08746706860801032,0.8837904260355341,0.09896811057386762,0.11620957396446552,0.9010318894261324,3.122322761987166,0.8260906065752245
TCPZ,toluene,stda,S0T1,0.10030678851075127,0.8781155574164051,0.11422959958239924,0.12188444258359467,0.8857704004176006,2.9278133900361953,0.8637649300678024
TPA-AN-NA,toluene,stda,S0T1,0.2116694199571102,0.703897309928184,0.30071065334616215,0.29610269007181594,0.6992893466538379,0.042920479611886504,0.994277639751242
TPA-AN-NA,toluene,stddft,S0S1,0.22063405865339936,0.6840774935699162,0.32252787253970583,0.315922506430084,0.6774721274602942,0.02412838387901554,0.9949145126408453
TCPZ,toluene,stddft,S0T1,0.10257300119994266,0.8772223182242773,0.11692931092721932,0.12277768177572246,0.8830706890727805,2.871907889172043,0.8704418002430708
TPA-AN-NA,toluene,stddft,S0T1,0.20980633086400277,0.7064958533024893,0.2969675333312583,0.2935041466975107,0.7030324666687418,0.053183437411563866,0.9940748001476973
PX-TRZ,toluene,stda,S0T1,0.03564872358021551,0.9827447017483425,0.03627465354612952,0.01725529825165751,0.9637253464538705,0.2893398670678358,0.8723759856933203
4CzTPN,toluene,stda,S0S1,0.07434332740741847,0.6815917999140618,0.10907309538757952,0.3184082000859382,0.8909269046124206,1.1237241492006727,0.5431825171563449
4CzTPN,toluene,stddft,S0S1,0.07404932753450688,0.68232018954289,0.10852577524360682,0.31767981045711013,0.8914742247563928,1.1163630815347325,0.5457198585258697
4CzTPN,toluene,stddft,S0T1,0.074496489824445,0.6925030318881803,0.10757568760576067,0.3074969681118198,0.8924243123942396,0.9539534967042885,0.5918146687080887
PX-TRZ,toluene,stda,S0S1,0.048124384066195125,0.9900705602797434,0.0486070245868109,0.009929439720256616,0.9513929754131889,1.9099073894619598,0.609247075455787
PX-TRZ,toluene,stddft,S0T1,0.03382770627011552,0.9842004108173131,0.03437075000001662,0.015799589182686875,0.9656292499999837,0.26742846879318505,0.8818457552299026
4CzTPN,toluene,stda,S0T1,0.07439253407679941,0.6908211277974834,0.10768711477308471,0.3091788722025165,0.8923128852269147,0.9805672187094936,0.5851742331414863
CzB-FMPPI,toluene,stda,S0T1,0.1578853984164657,0.2715020426705632,0.5815256373891877,0.7284979573294367,0.4184743626108122,0.9929027717215095,0.8329157020089968
BAPCN,toluene,stda,S0S1,0.29071975238430275,0.7751889867826096,0.37503080841089254,0.2248110132173903,0.6249691915891077,2.8163064405854965,0.6631558563185307
PX-TRZ,toluene,stddft,S0S1,0.04772950326961451,0.9906849366463739,0.048178287065902575,0.009315063353625835,0.9518217129340976,1.898190444450628,0.6106830471534539
CzB-FMPPI,toluene,stddft,S0T1,0.15890339925411878,0.270036306269888,0.5884519805840577,0.729963693730112,0.41154801941594227,0.9895056256495984,0.8409227606131272
BAPCN,toluene,stda,S0T1,0.2544737357810695,0.7035897477583791,0.3616791412777361,0.2964102522416209,0.6383208587222639,2.189568676597798,0.7764137611726276
BAPCN,toluene,stddft,S0T1,0.25116284653919835,0.694105914445215,0.36185089524838265,0.305894085554785,0.6381491047516177,2.0685865335362283,0.7920043121745093
BAPCN,toluene,stddft,S0S1,0.17366973096133728,0.6444443022590348,0.2694875730184214,0.3555556977409651,0.7305124269815785,0.5748545189833423,0.7180656799404755
CzB-FMPPI,toluene,stda,S0S1,0.034645608005721265,0.9892329182277996,0.0350227002835576,0.010767081772200347,0.9649772997164426,0.887921074257288,0.7094664067230652
CzB-FMPPI,toluene,stddft,S0S1,0.04923175024042335,0.051244778636049246,0.9607173950360323,0.9487552213639507,0.0392826049639676,0.8825939732727168,0.7314987358922438
DTPCZPYTZ,toluene,stda,S0T1,0.2339136219872712,0.6407531681940667,0.3650604220132785,0.3592468318059333,0.6349395779867215,0.048258187145944376,0.9947736532009097
DTPCZPYTZ,toluene,stddft,S0T1,0.23425791210181227,0.6397016804623916,0.366198681755041,0.3602983195376085,0.6338013182449592,0.05398984479355677,0.9947238364129899
BFDMAc-NAI,toluene,stda,S0S1,0.3112695604490775,0.9099155905221952,0.3420861931494566,0.09008440947780483,0.6579138068505435,4.334447174472951,0.39426063116810844
HDP,toluene,stda,S0S1,0.12045864334372422,0.6530003239745095,0.18446950012298377,0.3469996760254906,0.8155304998770164,0.3077483384071081,0.8051512714669323
BFDMAc-NAI,toluene,stda,S0T1,0.3013426393475676,0.8405797016179071,0.35849383320529615,0.1594202983820928,0.641506166794704,3.4884837043934125,0.5644989734482799
HDP,toluene,stda,S0T1,0.1284217130554593,0.5689419793482344,0.22572022757500856,0.43105802065176557,0.7742797724249912,2.2683105337450526,0.712621135027539
HDP,toluene,stddft,S0S1,0.12047198885077001,0.6529828953120784,0.18449486152802386,0.34701710468792163,0.8155051384719759,0.30778047708161144,0.8051619518183539
BFDMAc-NAI,toluene,stddft,S0S1,0.31002972393397277,0.9087489045281575,0.34116104282397686,0.09125109547184272,0.6588389571760233,4.317120144132011,0.3948630613766662
DTPCZPYTZ,toluene,stddft,S0S1,0.24909673473430854,0.4715130579058465,0.5282923358276307,0.5284869420941536,0.47170766417236926,0.20948532064271647,0.9529941855700927
BFDMAc-NAI,toluene,stddft,S0T1,0.2971820550222993,0.8204556106893092,0.3622158848698963,0.17954438931069078,0.6377841151301037,3.2193981262339135,0.6074257122093791
HDP,toluene,stddft,S0T1,0.14215161558206288,0.5655130486706944,0.2513675253227262,0.4344869513293055,0.7486324746772741,2.0080947599280212,0.7410931384432863
PPZPPI,toluene,stda,S0S1,0.36261170408697807,0.7217669241084204,0.5023944600050809,0.2782330758915795,0.4976055399949193,1.388166577788978,0.6304960038874273
DTPCZPYTZ,toluene,stda,S0S1,0.2618761967517252,0.5199789068104218,0.5036284997752845,0.4800210931895783,0.4963715002247156,0.3661194640978077,0.8677498157911985
PPZPPI,toluene,stddft,S0S1,0.36454704838734536,0.7253702609483628,0.5025668517354567,0.27462973905163685,0.4974331482645431,1.417749997793753,0.6222930801930652
PPZPPI,toluene,stda,S0T1,0.35305115642718843,0.706650593436295,0.49961205680218,0.29334940656370506,0.5003879431978198,1.2525788503546016,0.6651198271412875
PxCYP,toluene,stda,S0T1,0.0958172531508542,0.09584115910196142,0.999750566965892,0.9041588408980386,0.00024943303410805906,1.9372345574395113,0.7827381437463938
PPZPPI,toluene,stddft,S0T1,0.351136686462277,0.7032875169661973,0.49927899755279465,0.2967124830338028,0.5007210024472051,1.2231608065438258,0.6729665873112186
PxCYP,toluene,stddft,S0S1,0.103440419381401,0.10353117332128345,0.9991234143594527,0.8964688266787167,0.0008765856405473921,1.9319283810142833,0.7384876790168933
PxCYP,toluene,stda,S0S1,0.05039725139996469,0.16083120248075808,0.3133549374910272,0.839168797519242,0.6866450625089727,1.2834392904401668,0.5927502044493451
PxCYP,toluene,stddft,S0T1,0.0944313929931178,0.09445337323768159,0.9997672899991779,0.9055466267623183,0.00023271000082215863,1.9083665271984442,0.7897437479220566
SFI23pPM,toluene,stda,S0T1,0.037512835231843206,0.9239035178329937,0.04060254616177799,0.07609648216700614,0.9593974538382221,1.7880302733093558,0.6986394688845913
SFI23pPM,toluene,stddft,S0T1,0.038340719912365026,0.9248373181204912,0.0414567180207253,0.0751626818795086,0.9585432819792749,1.7497395426681646,0.703662903464554
TPA-2,toluene,stda,S0S1,0.038317614353395896,0.7750739741103555,0.0494373642172382,0.22492602588964453,0.9505626357827616,1.296855371703238,0.8581926293468951
TPA-2,toluene,stda,S0T1,0.06659222551643869,0.6265300822776367,0.10628735538819574,0.3734699177223631,0.893712644611804,3.6961764042020993,0.6369763242258467
SFI23pPM,toluene,stda,S0S1,0.09706873066590602,0.9961663752301215,0.09744228783418075,0.0038336247698781355,0.9025577121658193,1.4021399305222493,0.7349012990066829
TPA-2,toluene,stddft,S0S1,0.038072308250730005,0.7692357051294866,0.04949368314139973,0.2307642948705133,0.9505063168586004,1.3227754742037194,0.8545830819166557
TPA-2,toluene,stddft,S0T1,0.06991565555137956,0.6359994027627571,0.10993037925455373,0.3640005972372428,0.8900696207454464,3.56748451495698,0.6472405930214892
SFI23pPM,toluene,stddft,S0S1,0.07973916354498613,0.9965391869886439,0.08001608425047795,0.0034608130113561167,0.9199839157495221,1.240279336925509,0.7459311605128647
OPDPO,toluene,stda,S0S1,0.14590708667425453,0.9860214175674362,0.1479755754537407,0.013978582432563925,0.8520244245462593,2.523656138539153,0.3023870769610983
2PyCNICz,toluene,stda,S0T1,0.09665000570716803,0.8768392690038087,0.11022545308329275,0.12316073099619151,0.8897745469167072,0.5364265685678042,0.7137169766889798
OPDPO,toluene,stda,S0T1,0.1453363731083054,0.9858482845526757,0.1474226565949254,0.014151715447324548,0.8525773434050747,2.5106124159561105,0.302937087601599
OPDPO,toluene,stddft,S0S1,0.14596632360539907,0.9857793665243845,0.14807200126336628,0.014220633475615597,0.8519279987366338,2.523447369370704,0.3021036668621321
2PyCNICz,toluene,stda,S0S1,0.2239732959925481,0.9665142566948575,0.23173304940007697,0.03348574330514262,0.7682669505999231,1.2005891040744412,0.6203481632882198
OPDPO,toluene,stddft,S0T1,0.14536616678074238,0.9847707501534537,0.14761422062758306,0.01522924984654602,0.852385779372417,2.4998605843156736,0.30560954292559295
2PyCNICz,toluene,stddft,S0S1,0.21572516645778775,0.9679760972517116,0.22286208003511349,0.03202390274828841,0.7771379199648868,1.1451019435433207,0.6409093137402209
2PyCNICz,toluene,stddft,S0T1,0.08057577723874854,0.9221904698171879,0.08737433304284918,0.07780953018281213,0.9126256669571506,0.47995490174384,0.7211585263327868
DPQ-PXZ,toluene,stda,S0S1,0.41307644318090814,0.9399693328960265,0.43945736177182293,0.0600306671039734,0.5605426382281768,4.624121515423411,0.4500727843927681
DPQ-PXZ,toluene,stda,S0T1,0.38564665756624,0.9119343848647385,0.42288860247707466,0.08806561513526105,0.5771113975229251,4.1780631575959735,0.5246940240704305
DPQ-PXZ,toluene,stddft,S0T1,0.38134999530021263,0.9053349840621737,0.4212252945192975,0.09466501593782613,0.5787747054807024,4.0810817465203675,0.542207822363505
DPQ-PXZ,toluene,stddft,S0S1,0.4131297097204341,0.9399306205694221,0.43953213213774733,0.060069379430578065,0.5604678678622526,4.624721797806245,0.44985501396429156
Cz-SO,toluene,stda,S0T1,0.33285214661540746,0.5795792683932067,0.5742996079521412,0.42042073160679344,0.4257003920478586,1.0105881687822003,0.7187993345138909
Cz-SO,toluene,stddft,S0T1,0.3326357402675922,0.5779113098376533,0.5755826795655481,0.4220886901623466,0.4244173204344517,1.005587361391629,0.7216348266397821
Cz-SO,toluene,stda,S0S1,0.20704067503970414,0.3735386685845099,0.5542683862537325,0.6264613314154901,0.4457316137462675,1.6810961346668727,0.7830984565781715
Cz-SO,toluene,stddft,S0S1,0.20870699838914744,0.37404532430092013,0.5579724830920284,0.6259546756990799,0.4420275169079716,1.7061946278051576,0.7862247713393016
D6,toluene,stda,S0T1,0.3524894051624139,0.4334822756933549,0.8131575958869531,0.5665177243066453,0.18684240411304665,1.253198158051347,0.7354703595040486
D6,toluene,stddft,S0T1,0.35008983738919036,0.43014087544195184,0.8138957661940117,0.5698591245580482,0.18610423380598812,1.2427539960479563,0.7385180866585078
D6,toluene,stda,S0S1,0.10056922103196114,0.13052188275087043,0.7705161687248988,0.8694781172491295,0.2294838312751013,0.9914498416193067,0.8061216007027003
D6,toluene,stddft,S0S1,0.0996659405833286,0.12957829455547584,0.7691561378025316,0.8704217054445241,0.2308438621974685,1.009783856908383,0.8081866669472703
"2,7-MeCzOXD",toluene,stda,S0T1,0.2686087073324709,0.8438240525890083,0.3183231225850101,0.15617594741099147,0.6816768774149897,1.2780559137862642,0.8245563432404109
"2,7-MeCzOXD",toluene,stda,S0S1,0.06012986046932906,0.8173016156150129,0.07357119981230163,0.1826983843849871,0.9264288001876984,2.457153448400506,0.5096450295671093
"2,7-MeCzOXD",toluene,stddft,S0S1,0.0647427236604429,0.8303452313585125,0.07797085021433618,0.1696547686414877,0.9220291497856637,2.3913180029423056,0.5239459393644509
NPE-AcDPS,toluene,stda,S0T1,0.3354741378991727,0.5407772363832651,0.6203555093088498,0.45922276361673464,0.37964449069115014,1.8123722893116734,0.7154225409212576
"2,7-MeCzOXD",toluene,stddft,S0T1,0.2528559714509355,0.8420235880113256,0.3002955915381488,0.15797641198867463,0.6997044084618514,1.1495822077228328,0.8352181405021222
NPE-AcDPS,toluene,stddft,S0T1,0.33339611103428196,0.5393248239944067,0.6181731235084769,0.46067517600559327,0.38182687649152325,1.7956077349892172,0.7203517758577402
NPE-AcDPS,toluene,stda,S0S1,0.17609303861934808,0.7720004636577501,0.22809965396266285,0.22799953634224987,0.7719003460373371,1.4843462008269097,0.5496244639641377
BP-mDTC,toluene,stda,S0S1,0.18031485972929895,0.9429448666680049,0.19122524137223473,0.05705513333199531,0.8087747586277652,4.607708167715197,0.4582563035682822
NPE-AcDPS,toluene,stddft,S0S1,0.15169812364671365,0.7683996817289681,0.1974208569495751,0.23160031827103159,0.8025791430504248,2.0563414170856062,0.577730770056115
BP-mDTC,toluene,stda,S0T1,0.10525461806146663,0.8879994405326507,0.11853004997202647,0.11200055946734941,0.8814699500279732,0.8989044310498544,0.7038765531681106
PyDCN,toluene,stda,S0S1,0.12420854709097721,0.8210474824117293,0.15128058943208667,0.17895251758827055,0.8487194105679134,1.4977224624901124,0.6367127977163849
BP-mDTC,toluene,stddft,S0S1,0.032917138208165254,0.6981978533069211,0.047145859948233323,0.30180214669307903,0.9528541400517667,4.698539353537908,0.6484722781449023
BP-mDTC,toluene,stddft,S0T1,0.12492132198893578,0.8902347593382679,0.14032402203862798,0.10976524066173203,0.8596759779613722,2.0785582081609784,0.6972045392418573
Oxd-bCZ,toluene,stddft,S0T1,0.14163610468470028,0.8048852319788276,0.17597055959951569,0.1951147680211725,0.8240294404004844,0.463117510949475,0.9518881876007595
PyDCN,toluene,stddft,S0S1,0.10883535349529057,0.8005365081409923,0.1359530169936013,0.19946349185900802,0.8640469830063988,1.356517916640672,0.6417372056176543
PyDCN,toluene,stda,S0T1,0.2578488224354095,0.5629728091368118,0.45801292398252924,0.43702719086318853,0.5419870760174708,0.1234792460650832,0.9651572202363687
Oxd-bCZ,toluene,stda,S0S1,0.23078650279235885,0.8288685291984014,0.2784355958303212,0.17113147080159857,0.721564404169679,1.1615650664356518,0.8579757500421037
PyDCN,toluene,stddft,S0T1,0.2541659271662978,0.5566279250327568,0.45661727652514106,0.4433720749672431,0.5433827234748592,0.1072399940313711,0.9670412209904988
Oxd-bCZ,toluene,stda,S0T1,0.19536554499423625,0.8318721974186774,0.2348504320741347,0.16812780258132284,0.7651495679258656,0.7202568175873153,0.7376396627678566
CzmPPC,toluene,stddft,S0S1,0.04615578302842877,0.5036065695175618,0.09165047841342591,0.49639343048243795,0.9083495215865739,2.709280489746606,0.6499821636336522
CzmPPC,toluene,stda,S0S1,0.046107024212628675,0.5029691688499198,0.09166968289141093,0.4970308311500802,0.908330317108589,2.717099845641,0.6494997383617854
Oxd-bCZ,toluene,stddft,S0S1,0.15631128983042014,0.24902193914553675,0.6277008779498203,0.7509780608544632,0.3722991220501795,1.1660447829627896,0.7784773001228463
1CzSO,toluene,stda,S0T1,0.023545911895799028,0.9942556437494559,0.023681949450148055,0.00574435625054402,0.9763180505498522,1.0829194223133682,0.7416917324949542
CzmPPC,toluene,stda,S0T1,0.1608635853201256,0.8828878805768713,0.18220160097227603,0.11711211942312892,0.817798399027724,0.9159745236619612,0.9072304534393159
1CzSO,toluene,stddft,S0T1,0.023525534751092418,0.9943662679545185,0.02365882221596887,0.005633732045481392,0.976341177784031,1.0895288434455894,0.7431314801285297
CzPh-PPO,toluene,stda,S0T1,0.28199920935045997,0.5322626640400985,0.5298121179681604,0.4677373359599015,0.47018788203183925,0.698428224037342,0.8849775851162548
CzPh-PPO,toluene,stddft,S0T1,0.28535736507985204,0.5345192498890695,0.5338579763761047,0.46548075011093054,0.46614202362389534,0.6679300921226964,0.8894517118130525
CzPh-PPO,toluene,stda,S0S1,0.10380954196222453,0.9409826057356591,0.11032036227818086,0.059017394264340856,0.889679637721819,0.9125806368602335,0.7531876881434113
CzPh-PPO,toluene,stddft,S0S1,0.098945968830524,0.9442981043205839,0.1047825558240583,0.0557018956794163,0.8952174441759416,0.8903127075259326,0.7526903627310326
1CzSO,toluene,stda,S0S1,0.01702032507474044,0.9992942913492789,0.017032344947912247,0.0007057086507211536,0.9829676550520879,0.24219097071016035,0.8119161945224596
CzmPPC,toluene,stddft,S0T1,0.1487452489167526,0.887028519483099,0.16768936471561408,0.11297148051690087,0.8323106352843861,0.8088457107641047,0.9266737846909955
1CzSO,toluene,stddft,S0S1,0.015978856412203892,0.9993505366182133,0.015989240838631152,0.0006494633817865949,0.9840107591613688,0.24286919084727127,0.815459308992782
mCP-Ph,toluene,stda,S0T1,0.03387756979148969,0.9635477875570185,0.03515920043507439,0.03645221244298136,0.9648407995649256,1.3978540933295205,0.7286389198738784
1PCTRz,toluene,stda,S0T1,0.2335728396459523,0.8446558499831188,0.27653018640742316,0.15534415001688104,0.7234698135925771,1.4920291394471454,0.7363607679596229
1PCTRz,toluene,stddft,S0T1,0.232957998865225,0.8435763353943966,0.2761552085933164,0.1564236646056034,0.7238447914066836,1.4658756773236326,0.7398401323132836
ANOP-DMAC,toluene,stda,S0S1,0.08997940294597105,0.721168830726626,0.12476884622885152,0.27883116927337387,0.8752311537711484,3.443583705722121,0.4339248672894769
mCP-Ph,toluene,stddft,S0T1,0.0334736907665711,0.9663999281666753,0.034637513715541045,0.03360007183332492,0.9653624862844591,1.4263016292204191,0.7314564394881428
ANOP-DMAC,toluene,stda,S0T1,0.14638611868143886,0.7415075536167156,0.19741689476720511,0.25849244638328434,0.802583105232795,2.512026599927209,0.5651157308519914
ANOP-DMAC,toluene,stddft,S0S1,0.09059531735220551,0.7210831647939974,0.12563782067785098,0.27891683520600263,0.8743621793221488,3.44022280450286,0.43473227405627995
1PCTRz,toluene,stda,S0S1,0.2064424581743601,0.7566471798856429,0.2728384690544424,0.24335282011435702,0.7271615309455577,0.13717373762276344,0.8065787383995853
ANOP-DMAC,toluene,stddft,S0T1,0.1540853885169487,0.7488222438814734,0.20577031435158322,0.2511777561185266,0.7942296856484167,2.3130057525311587,0.599297145523838
1PCTRz,toluene,stddft,S0S1,0.2229800868485998,0.8134365648191579,0.274121051957103,0.18656343518084217,0.7258789480428971,2.1847827110645834,0.644184394391846
mCP-Ph,toluene,stda,S0S1,0.01986512310341452,0.9995537968411863,0.019873990940950607,0.0004462031588138808,0.9801260090590495,1.0612285974562081,0.7937719912044213
mCP-Ph,toluene,stddft,S0S1,0.01844773526987138,0.9995701427503694,0.018455668572804177,0.0004298572496305177,0.9815443314271958,1.0473699934873237,0.7969303795374991
TPAPyPI,toluene,stda,S0T1,0.22054954170074179,0.3235307717045369,0.681695717964527,0.6764692282954629,0.31830428203547306,0.05896293328044236,0.994302551271076
TPAPyPI,toluene,stddft,S0T1,0.21942714556709234,0.320738800910628,0.6841303420231792,0.6792611990893721,0.31586965797682065,0.06051269611910713,0.9943249684337476
TPAPyPI,toluene,stda,S0S1,0.17093514860942086,0.2569695740119138,0.6651960616998799,0.7430304259880861,0.3348039383001201,0.7136395397240315,0.7144927657714956
PICNAnCz,toluene,stda,S0S1,0.18963899045333263,0.3245584664076055,0.5842983932983261,0.6754415335923943,0.41570160670167355,0.832720473533531,0.7120054255717876
TPAPyPI,toluene,stddft,S0S1,0.19572183547196484,0.27237918646649906,0.7185638448040427,0.7276208135335008,0.2814361551959571,0.05359868704699211,0.9660274837327723
PICNAnCz,toluene,stda,S0T1,0.26165403307739776,0.5647374146729128,0.4633198124989536,0.43526258532708717,0.5366801875010465,0.6991507885539714,0.8356202436818849
TPA–2PPITPA,toluene,stda,S0T1,0.15021150935624256,0.8226641381701104,0.18259153691853508,0.1773358618298895,0.8174084630814649,0.6834159162269402,0.9167797103102621
PICNAnCz,toluene,stddft,S0S1,0.18893270311020885,0.32546708395652985,0.5804971145267739,0.67453291604347,0.41950288547322623,0.8152841706974951,0.7160805584466583
TPA–2PPITPA,toluene,stddft,S0T1,0.14315331598350947,0.8358216288682981,0.17127256706354793,0.16417837113170197,0.828727432936452,0.7279567300475748,0.9240430004109194
PICNAnCz,toluene,stddft,S0T1,0.2642595942800685,0.5644173070555656,0.46819895665256905,0.43558269294443464,0.5318010433474311,0.7028105383461879,0.8456533178516195
2PXZP,toluene,stda,S0S1,0.08853183454652226,0.987622643002585,0.0896413576316623,0.012377356997415141,0.9103586423683375,3.085208150614784,0.5122614273471022
2PXZP,toluene,stddft,S0S1,0.08852191038517238,0.9878265899491901,0.08961280379152943,0.012173410050809713,0.9103871962084705,3.0942170384221894,0.5145010815753557
2PXZP,toluene,stda,S0T1,0.019411387004800516,0.9943315337842419,0.019522047069074,0.0056684662157581575,0.9804779529309261,0.8193084601008485,0.7490490505169569
TPA–2PPITPA,toluene,stda,S0S1,0.11057941947639295,0.8316971108978763,0.13295635878428697,0.16830288910212352,0.867043641215713,0.26083014962585416,0.7328967909424282
TPA–2PPITPA,toluene,stddft,S0S1,0.10777126130429625,0.8273410327084594,0.13026219786475038,0.1726589672915407,0.8697378021352495,0.25144482847245353,0.7230926884809086
2PXZP,toluene,stddft,S0T1,0.019648147638130612,0.994449992104942,0.019757803604122496,0.00555000789505745,0.9802421963958774,0.8379826216088443,0.7558665969914656
DHPZ-2BN,toluene,stda,S0S1,0.3626726449315774,0.7248813366113448,0.5003200201387298,0.27511866338865515,0.49967997986127,0.8222217788271179,0.6533383448726705
DHPZ-2BN,toluene,stddft,S0S1,0.3671056781948706,0.7283270787915517,0.5040395845283913,0.2716729212084483,0.4959604154716088,0.8454988984072781,0.6396278169101102
DHPZ-2BN,toluene,stda,S0T1,0.3293801515690954,0.7098485667824991,0.4640146743721172,0.2901514332175007,0.5359853256278828,0.6628366887727273,0.7033932475787426
DHPZ-2BN,toluene,stddft,S0T1,0.3571721442968385,0.7046763568016097,0.5068598383490176,0.2953236431983905,0.49314016165098257,0.7572943543040614,0.6821983479180088
CBPTZ,toluene,stda,S0T1,0.02826812768816666,0.9946215295671548,0.02842098913791716,0.005378470432845243,0.9715790108620829,1.2041798514901558,0.6930553601733075
IpCm-PhBzAc,toluene,stda,S0S1,0.21343362733206983,0.9250886953497482,0.23071693385181513,0.07491130465025189,0.7692830661481849,1.5661372026703821,0.6795224034876918
IpCm-PhBzAc,toluene,stda,S0T1,0.1787756431465453,0.9170415877988143,0.19494823956202748,0.08295841220118558,0.8050517604379727,1.4805397172448838,0.7369565992809721
IpCm-PhBzAc,toluene,stddft,S0S1,0.2128823942240249,0.9262148748314485,0.22984126039086233,0.0737851251685516,0.7701587396091377,1.5946469938757544,0.6757332041315423
CBPTZ,toluene,stda,S0S1,0.03168452498913981,0.9932696245200479,0.03189921870856557,0.0067303754799519595,0.9681007812914344,1.274292916040625,0.6561581787234212
CBPTZ,toluene,stddft,S0T1,0.02816723651205177,0.99478578922982,0.02831487624472332,0.0052142107701800946,0.9716851237552765,1.1936400759529833,0.6953811269754689
IpCm-PhBzAc,toluene,stddft,S0T1,0.17469127502000056,0.9158717196351319,0.19073771061475145,0.08412828036486793,0.8092622893852482,1.4601235914791244,0.7448685276828985
CBPTZ,toluene,stddft,S0S1,0.001126102070342397,0.0011297311348158485,0.9967876741982126,0.9988702688651839,0.0032123258017873004,1.0557336901056031,0.7825740935926447
DMACN-B,toluene,stda,S0T1,0.06160387564665308,0.9286772855159066,0.06633507312761545,0.07132271448409352,0.9336649268723847,0.6020894455896416,0.7696163524651713
CDBP-BP-DMAC,toluene,stda,S0S1,0.11809149758784038,0.6754823566459963,0.1748254361138395,0.3245176433540038,0.8251745638861606,1.6400797911437415,0.3812977760767937
DMACN-B,toluene,stda,S0S1,0.12229397321559701,0.8991826710835499,0.13600570512355187,0.10081732891645023,0.863994294876448,0.6046076438125423,0.801521634475422
CDBP-BP-DMAC,toluene,stda,S0T1,0.20949129776302272,0.7991250863253863,0.26215082137682066,0.20087491367461358,0.7378491786231794,1.7216079367831159,0.684621634883987
CDBP-BP-DMAC,toluene,stddft,S0S1,0.11839019937555786,0.6767576043723483,0.17493737582063462,0.3232423956276516,0.8250626241793653,1.6003699849958553,0.38396783711731103
DMACN-B,toluene,stddft,S0S1,0.12400076723560861,0.8974179704599976,0.13817504364443295,0.10258202954000228,0.8618249563555673,0.5563249656881334,0.7951105227705333
DMACN-B,toluene,stddft,S0T1,0.07838166957839389,0.9245364220701678,0.08477942859502088,0.07546357792983222,0.9152205714049791,0.21366254549969618,0.8212214816015106
CDBP-BP-DMAC,toluene,stddft,S0T1,0.21350965625421509,0.7969858205308299,0.267896430217551,0.20301417946917028,0.7321035697824488,1.5724190538313412,0.6941560035779439
2SBFN,toluene,stda,S0S1,0.10927017793440356,0.16435277802905562,0.6648514204918756,0.8356472219709445,0.3351485795081246,0.669151948347267,0.6138365571044645
2SBFN,toluene,stda,S0T1,0.1942544420936318,0.7525900040587313,0.25811456576092445,0.24740999594126867,0.7418854342390753,0.11424595290290113,0.9780467686233236
2SBFN,toluene,stddft,S0S1,0.11833738802064057,0.17507483882769617,0.6759245863827695,0.8249251611723037,0.32407541361723047,0.5965422849273113,0.6376329841276145
2SBFN,toluene,stddft,S0T1,0.20069770178117807,0.7447211280452504,0.2694937664894387,0.2552788719547497,0.7305062335105612,0.10857230915233154,0.9797077171836968
BIPOCz,toluene,stda,S0T1,0.30963405569556823,0.6493138397911034,0.476863477598419,0.3506861602088967,0.5231365224015808,0.7442692617793919,0.8778238415205288
BIPOCz,toluene,stda,S0S1,0.031237147893545255,0.9971390540399402,0.031326772095613915,0.0028609459600599436,0.968673227904386,0.4539677603525641,0.7841852522736017
BIPOCz,toluene,stddft,S0S1,0.029210906558363003,0.9971501852877038,0.029294390142378498,0.0028498147122960117,0.9707056098576213,0.46827865611213404,0.7873183768195275
BIPOCz,toluene,stddft,S0T1,0.10288484063953456,0.9016955315465656,0.11410153099358168,0.09830446845343474,0.8858984690064181,0.13107113200098333,0.9476240252778614
"3,6-MeCzOXD",toluene,stda,S0S1,0.09100829252845402,0.800791948011059,0.11364786166306107,0.19920805198894082,0.8863521383369389,0.8179247298522617,0.6093087760323538
"3,6-MeCzOXD",toluene,stda,S0T1,0.3304399337759439,0.45842714097468773,0.7208123259748036,0.5415728590253123,0.2791876740251963,1.2764912946534381,0.6784671813307772
"3,6-MeCzOXD",toluene,stddft,S0S1,0.10909641248366178,0.7970633345771856,0.1368729531907695,0.2029366654228145,0.8631270468092306,0.5863538063023724,0.6388954759447718
"3,6-MeCzOXD",toluene,stddft,S0T1,0.3349442420037645,0.44795370163949194,0.7477206701895363,0.5520462983605079,0.25227932981046375,1.279724564561288,0.6796205165252951
3DCPO,toluene,stda,S0T1,0.19986428694440714,0.3298921110242132,0.6058474278875303,0.6701078889757869,0.3941525721124699,1.0338868847695233,0.6746258598801511
3DCPO,toluene,stddft,S0T1,0.20107393263525633,0.332513433221271,0.6047092013315796,0.6674865667787291,0.39529079866842054,1.025775398093426,0.6777062227724516
3DCPO,toluene,stda,S0S1,0.025391918861105492,0.9896646505292696,0.025657093892891874,0.010335349470730202,0.9743429061071078,0.9595449987967846,0.7979349279347684
SF-DPSO,toluene,stda,S0S1,0.2048786390556046,0.6206735801986483,0.33009080069113406,0.37932641980135173,0.6699091993088659,0.31930752138101187,0.9340079164813785
SF-DPSO,toluene,stda,S0T1,0.23505647002800012,0.5830087504709243,0.40317828821288476,0.4169912495290758,0.5968217117871153,0.07791719853488153,0.9719827987099117
DCzIPN,toluene,stda,S0S1,0.05877439739668771,0.6957632962529883,0.08447470240700453,0.30423670374701167,0.9155252975929955,0.9089082449019629,0.6355464849521949
SF-DPSO,toluene,stddft,S0S1,0.2068775251966782,0.6096302450067809,0.33934918237919304,0.3903697549932192,0.6606508176208067,0.3591074341676039,0.9309834698285999
DCzIPN,toluene,stda,S0T1,0.21970914229776195,0.6993967116403464,0.3141409426739539,0.3006032883596536,0.6858590573260461,0.42353706497498794,0.7270645365337843
SF-DPSO,toluene,stddft,S0T1,0.23544021375103635,0.586755765853488,0.4012576057238531,0.41324423414651196,0.5987423942761468,0.09491774014857846,0.973153914727602
DCzIPN,toluene,stddft,S0S1,0.061079503310568814,0.7146592598564782,0.08546660869242097,0.2853407401435221,0.9145333913075787,0.9236780383171934,0.6349667270475247
DCzIPN,toluene,stddft,S0T1,0.21861315073999898,0.7002743771386413,0.3121821358554686,0.2997256228613587,0.6878178641445314,0.44083480971112954,0.731233747398103
3TCPM,toluene,stda,S0S1,0.16527025908386989,0.751142496281873,0.2200251748529093,0.24885750371812715,0.7799748251470906,0.6501711367273831,0.661641015943195
3TCPM,toluene,stddft,S0S1,0.17325769472776595,0.7514706280035454,0.23055817256366345,0.24852937199645447,0.7694418274363365,0.8130171132116399,0.6683403327201772
3TCPM,toluene,stddft,S0T1,0.15791480402365665,0.8178854972530871,0.19307690936447963,0.18211450274691285,0.8069230906355203,1.1517772252197707,0.67721362114131
3DCPO,toluene,stddft,S0S1,0.030106441177022273,0.982517600411727,0.030642139300513373,0.017482399588272787,0.9693578606994867,0.9585769407030863,0.7979568122240226
3TCPM,toluene,stda,S0T1,0.14755661034780232,0.8033647839166963,0.18367323699255278,0.1966352160833038,0.8163267630074473,0.8460746329572585,0.6686870668735652
oDTBPZ-DPXZ,toluene,stda,S0S1,0.21389610048730198,0.8480537389117367,0.2522199840328323,0.15194626108826342,0.7477800159671679,2.4084656325907012,0.5110588110679875
oDTBPZ-DPXZ,toluene,stda,S0T1,0.19801136575165562,0.8503088972793792,0.23286992101953347,0.14969110272062075,0.7671300789804665,1.8587519283990923,0.5501419609859686
PCBP,toluene,stda,S0T1,0.28353681310058043,0.7128093743631113,0.3977736871851861,0.28719062563688874,0.602226312814814,1.0802312531509175,0.673041618610338
PCBP,toluene,stda,S0S1,0.2982651049795938,0.6247650986310125,0.4774035963807091,0.37523490136898746,0.5225964036192909,1.516897530737616,0.7522718261391261
oDTBPZ-DPXZ,toluene,stddft,S0S1,0.20941151695007987,0.8544420288615919,0.24508569320856957,0.1455579711384078,0.7549143067914303,2.2963472407177097,0.5271853016865691
PCBP,toluene,stddft,S0T1,0.2824690236210662,0.7098494668537851,0.3979280633583249,0.290150533146215,0.6020719366416751,1.080068708094588,0.6754373474979761
oDTBPZ-DPXZ,toluene,stddft,S0T1,0.19657194629894884,0.8512126158106877,0.2309316646014878,0.14878738418931212,0.7690683353985123,1.8021146635684064,0.5634573919466398
PCBP,toluene,stddft,S0S1,0.2953131786291649,0.6246017603938798,0.47280234759975315,0.37539823960612045,0.5271976524002469,1.535897950284251,0.7549025062133595
C-O,toluene,stda,S0T1,0.029043193465760387,0.9857850822757023,0.029461993276175026,0.01421491772429785,0.9705380067238252,0.6327008198296473,0.7223680461662363
C-O,toluene,stddft,S0T1,0.028660446326530278,0.986198182555743,0.029061548513764676,0.013801817444257035,0.9709384514862354,0.620300043998117,0.7245489155140247
C-O,toluene,stda,S0S1,0.021531558105920202,0.9983962830598198,0.021566144096542197,0.0016037169401803989,0.978433855903458,0.2706944310897747,0.7779345660339257
C-O,toluene,stddft,S0S1,0.01961658258003495,0.9988399446855869,0.0196393653301579,0.0011600553144130903,0.980360634669842,0.23766770739623333,0.7780450258570999
NAI–PhBiFA,toluene,stda,S0S1,0.2628138528878997,0.8049735588900255,0.32648755972841215,0.1950264411099745,0.6735124402715879,5.054609586208077,0.674700797568934
NAI–PhBiFA,toluene,stddft,S0T1,0.2307586668139038,0.6187026549617874,0.37297183867451805,0.3812973450382126,0.6270281613254818,0.7832212873826029,0.8837568707105312
NAI–PhBiFA,toluene,stda,S0T1,0.23272844479649565,0.6262929051173771,0.37159680860966915,0.37370709488262294,0.6284031913903311,1.0535443614204425,0.8728045456852702
NAI–PhBiFA,toluene,stddft,S0S1,0.1521218717635144,0.7251953542762314,0.20976674887187743,0.2748046457237686,0.7902332511281227,1.5605441016178174,0.7721874123376031
TPA-PyF2,toluene,stddft,S0T1,0.1394955507579382,0.8389274416033252,0.16627844535796776,0.16107255839667478,0.8337215546420321,0.7346725001315142,0.7215106042565274
TPA-PyF2,toluene,stddft,S0S1,0.28680931167006074,0.8418228594064248,0.3407003129759294,0.1581771405935753,0.6592996870240706,0.5627879373048281,0.6197616856834669
TPA-PyF2,toluene,stda,S0T1,0.13979998531128637,0.8396650906435119,0.16649493574175497,0.1603349093564881,0.8335050642582452,0.7429440050257069,0.7142670264992924
TPA-PyF2,toluene,stda,S0S1,0.27258067469324887,0.8421454701155482,0.3236740971317567,0.15785452988445195,0.6763259028682435,0.4866763016266137,0.6259297403412561
DPNC,toluene,stda,S0S1,0.16831727945802294,0.916478636729909,0.18365652259892984,0.0835213632700909,0.8163434774010702,0.6991914045626787,0.6582559442092001
DPNC,toluene,stda,S0T1,0.09564738428059522,0.8819139119235505,0.10845433209232161,0.11808608807644935,0.8915456679076784,1.7371456524075741,0.6505945553791954
DPNC,toluene,stddft,S0T1,0.09666740104689413,0.8735614174706031,0.11065896354121793,0.12643858252939683,0.8893410364587822,1.6074310178380555,0.6780806664207537
CPzPC,toluene,stda,S0S1,0.2925177174959925,0.39205885651821415,0.7461066435120891,0.6079411434817857,0.2538933564879109,1.1662965497812634,0.7150219293767862
2Cz-DMAC-TTR,toluene,stda,S0T1,0.1626375644448693,0.8303823912817481,0.19585863832423983,0.16961760871825193,0.8041413616757599,0.5828523373039964,0.7848518178048337
CPzPC,toluene,stda,S0T1,0.03363226254927257,0.9519419034032958,0.03533016293224783,0.04805809659670413,0.9646698370677522,0.8778445386629711,0.7954858437853468
DPNC,toluene,stddft,S0S1,0.17045717165052895,0.9301375363298172,0.18326017926674296,0.06986246367018285,0.8167398207332571,0.41970399650691126,0.7159327199455815
2Cz-DMAC-TTR,toluene,stda,S0S1,0.026717511118629016,0.9998371367800353,0.026721863127301383,0.00016286321996494656,0.9732781368726988,1.4058632770332915,0.7797350900790153
CPzPC,toluene,stddft,S0S1,0.2980817267040447,0.3812405825289145,0.781873022873784,0.6187594174710854,0.2181269771262162,1.1869685169040531,0.7074242819828004
FlCz,toluene,stda,S0S1,0.09950328530205543,0.5267199570320121,0.1889111737150449,0.47328004296798776,0.8110888262849549,0.7749664387681826,0.7132877101515762
CPzPC,toluene,stddft,S0T1,0.0321664705436639,0.9567773761490532,0.03361959777219146,0.04322262385094653,0.9663804022278085,0.8089193228512902,0.7863555276049373
2Cz-DMAC-TTR,toluene,stddft,S0T1,0.14296248617856722,0.8628191991387952,0.16569228677486803,0.13718080086120477,0.8343077132251316,0.5341796807364216,0.7917883001964853
FlCz,toluene,stda,S0T1,0.21907327811233432,0.7494122175365104,0.292326803574778,0.25058778246348945,0.7076731964252219,1.022909353108367,0.7867412995704853
CNDSB,toluene,stda,S0S1,0.15469247896982127,0.6464906567582566,0.2392803010417917,0.35350934324174343,0.7607196989582082,0.6291025296067607,0.9259792693226102
FlCz,toluene,stddft,S0T1,0.15576902801758324,0.7807731926022402,0.19950611713296712,0.21922680739775985,0.800493882867033,0.7971295813897611,0.892188994360997
2Cz-DMAC-TTR,toluene,stddft,S0S1,0.02533271310393908,0.9998390325177502,0.025336791503475682,0.00016096748224973286,0.9746632084965242,1.4065528312310327,0.782409398991047
CNDSB,toluene,stda,S0T1,0.1446713069763775,0.757747730122254,0.19092278501848686,0.24225226987774576,0.8090772149815132,0.33737124011556385,0.9520390785554533
FlCz,toluene,stddft,S0S1,0.24925616958244434,0.7195504149055524,0.3464054281938834,0.28044958509444756,0.6535945718061164,1.1172384471457428,0.7221091997556647
CNDSB,toluene,stddft,S0S1,0.15512649441646237,0.6374255308000158,0.24336410595566704,0.3625744691999844,0.7566358940443331,0.6458645003957314,0.9220904669733349
CNDSB,toluene,stddft,S0T1,0.14377818081100283,0.76758974516258,0.18731123196617191,0.23241025483741995,0.8126887680338281,0.3118859480724335,0.9547127529944492
ethylacetate,toluene,stda,S0S1,0.02449283131719141,0.9911280554759895,0.024712075479922446,0.008871944524010605,0.9752879245200777,1.666153764490034,0.481074562291426
DMAC-BPP,toluene,stddft,S0S1,0.18385851506297218,0.6923257017775122,0.2655665022848704,0.3076742982224878,0.7344334977151298,4.59442587360381,0.3441878356207907
ethylacetate,toluene,stda,S0T1,0.02560494715548601,0.9922060150693925,0.02580607934905057,0.007793984930607578,0.9741939206509495,1.2533634099807387,0.6609795925717812
ethylacetate,toluene,stddft,S0S1,0.024432097686952915,0.9911228763847186,0.02465092701328109,0.008877123615281467,0.9753490729867188,1.676265724100135,0.47564246363807616
DMAC-BPP,toluene,stda,S0S1,0.18329921564917134,0.6900633218647211,0.265626660396689,0.30993667813527914,0.734373339603311,4.5846071695218535,0.34060074806437535
ethylacetate,toluene,stddft,S0T1,0.025901915137475084,0.9924934501585069,0.026097819721972372,0.007506549841493176,0.9739021802780279,1.1664515504068067,0.6904317478833015
DMAC-BPP,toluene,stda,S0T1,0.32440216361777946,0.6671945091344292,0.4862182754450959,0.33280549086557093,0.5137817245549041,1.2355879541203578,0.7403951665449457
DMAC-BPP,toluene,stddft,S0T1,0.326598379999777,0.6639977444274047,0.49186670096510277,0.3360022555725954,0.5081332990348972,1.2182923918116202,0.7436317757463944
3BPy-mDTC,toluene,stda,S0S1,0.16564877159311936,0.9546707352049829,0.17351403524226805,0.045329264795016894,0.826485964757732,4.436906883752577,0.47080965012496767
3BPy-mDTC,toluene,stda,S0T1,0.18905408703781187,0.9638620147663732,0.19614227362579068,0.036137985233626775,0.8038577263742095,4.413418727153065,0.48964970624855597
APDC-tPh,toluene,stddft,S0S1,0.20546377569056493,0.6142712618334448,0.33448378339775714,0.3857287381665553,0.6655162166022429,1.269976196469022,0.7042044371044107
3BPy-mDTC,toluene,stddft,S0T1,0.19094256727006872,0.9650162890238237,0.19786460543916773,0.034983710976176204,0.8021353945608322,4.389807518920996,0.4957001188839992
APDC-tPh,toluene,stddft,S0T1,0.22117371727887855,0.6699522808684749,0.3301335387531868,0.3300477191315249,0.6698664612468134,0.9657503836876344,0.8920950612849016
APDC-tPh,toluene,stda,S0S1,0.19961809442444514,0.6048242827540751,0.3300431218063561,0.3951757172459252,0.6699568781936439,1.2366100970210994,0.711541824841155
APDC-tPh,toluene,stda,S0T1,0.22232809043423352,0.6792589371846846,0.32730977579141435,0.3207410628153154,0.6726902242085857,1.03995570868198,0.8824252949690781
DPE-DDMAc,toluene,stda,S0T1,0.048327254131035356,0.9770970377634649,0.04946003545528545,0.022902962236535117,0.9505399645447143,1.754523684861176,0.7038636695401964
3BPy-mDTC,toluene,stddft,S0S1,0.02285724373708882,0.6890885088516573,0.0331702581649194,0.3109114911483429,0.9668297418350804,4.845482345562134,0.630745295072337
DPE-DDMAc,toluene,stddft,S0T1,0.047904292137542256,0.9775891934567034,0.04900247717362262,0.02241080654329672,0.9509975228263774,1.7396172947538489,0.7084227004491819
DPE-DDMAc,toluene,stda,S0S1,0.14275158297249396,0.8268832082285041,0.17263814472459987,0.1731167917714958,0.8273618552754001,1.3340825561331935,0.3155904534888486
DPE-DDMAc,toluene,stddft,S0S1,0.14298502661451445,0.8282689989783467,0.17263114615044584,0.17173100102165334,0.8273688538495542,1.2964996244139617,0.31539848738651455
TRZ3DPA,toluene,stda,S0S1,0.1373716328127634,0.6990830208365655,0.19650260229232305,0.3009169791634346,0.8034973977076768,1.0040737346965651,0.6986947004737585
BPy-TP2,toluene,stda,S0S1,0.3356378529027874,0.583087625139575,0.5756216363234342,0.41691237486042504,0.42437836367656573,2.0971880129714977,0.6812835513355583
TRZ3DPA,toluene,stddft,S0S1,0.13566442623448538,0.699826552049861,0.19385435696475206,0.30017344795013895,0.806145643035248,1.0099186619537404,0.6949829619695204
BPy-TP2,toluene,stddft,S0S1,0.335074562537407,0.5816655011183566,0.5760605741498608,0.41833449888164354,0.4239394258501392,2.1016233837367784,0.6813674268554193
BPy-TP2,toluene,stda,S0T1,0.16822828379769358,0.7960262680777543,0.21133509099383307,0.2039737319222457,0.7886649090061669,0.0801390419939827,0.922025559806208
NIDPA-2,toluene,stda,S0S1,0.25793981906533947,0.7537785102479511,0.3421957717798185,0.246221489752049,0.6578042282201815,2.0889103073040247,0.5843523106384647
TRZ3DPA,toluene,stda,S0T1,0.13875840549568855,0.8109673820765743,0.1711023261384223,0.1890326179234257,0.8288976738615776,1.04637927821262,0.7937859820535919
NIDPA-2,toluene,stda,S0T1,0.2366689123229015,0.7221360358000672,0.32773452727738733,0.2778639641999326,0.6722654727226125,1.854915654056825,0.614592332028811
NIDPA-2,toluene,stddft,S0S1,0.2512947809012435,0.7439099193274763,0.3378027021449369,0.2560900806725237,0.6621972978550631,2.0395485491887837,0.5845448970331146
BPy-TP2,toluene,stddft,S0T1,0.16966242084502622,0.7914914107237606,0.21435788000514425,0.20850858927623936,0.7856421199948559,0.10131430856953602,0.9253377879192782
TRZ3DPA,toluene,stddft,S0T1,0.13743282042282373,0.8117605342115293,0.1693021705672271,0.18823946578847064,0.830697829432773,1.0505481654906945,0.8008599247439976
NIDPA-2,toluene,stddft,S0T1,0.23439526633225577,0.7160666811298131,0.3273372054714596,0.28393331887018686,0.6726627945285404,1.8099990146284037,0.6188273762101053
ANQDC-PSTA,toluene,stda,S0S1,0.19377900946920448,0.5746451874217454,0.3372150567180955,0.42535481257825436,0.6627849432819044,1.8559795962307861,0.418649330440366
ANQDC-PSTA,toluene,stda,S0T1,0.19452511180871587,0.6174692324464655,0.31503612097074196,0.3825307675535344,0.6849638790292581,1.76967990678217,0.5194081819705119
ANQDC-PSTA,toluene,stddft,S0S1,0.1948530927581878,0.5737717950856277,0.3396003331413469,0.4262282049143721,0.660399666858653,1.8572138305718788,0.4193776106301622
ANQDC-PSTA,toluene,stddft,S0T1,0.19446963040511808,0.6252631332394423,0.3110204649322362,0.37473686676055756,0.6889795350677635,1.7300173551068416,0.5488014990205983
2PN,toluene,stda,S0S1,0.22513955470864772,0.9725193108707587,0.23150137194403458,0.027480689129241034,0.7684986280559655,3.599658833494785,0.3699786806114559
2PN,toluene,stda,S0T1,0.23856786476925337,0.8451259889401905,0.28228674527974645,0.1548740110598094,0.7177132547202536,2.0513831400433,0.5244579327388073
SiCN2Cz,toluene,stda,S0T1,0.01971952122346705,0.9987818897198775,0.01974357107035418,0.0012181102801226908,0.9802564289296462,0.280504641754206,0.7152587162638563
2PN,toluene,stddft,S0S1,0.22817419891287585,0.973079361292938,0.23448673149299873,0.026920638707062093,0.7655132685070014,3.5534212100158635,0.3751827487888381
PXZ-PPO,toluene,stda,S0S1,0.35546690567931594,0.7295175705520405,0.48726298039720556,0.2704824294479594,0.5127370196027945,1.789851479060368,0.6542900698999011
2PN,toluene,stddft,S0T1,0.23567990081692153,0.843099560147094,0.2795398218163023,0.15690043985290594,0.7204601781836976,1.9808336874285775,0.555339699249539
SiCN2Cz,toluene,stddft,S0T1,0.01929709200918749,0.9988208953207318,0.019319872160855216,0.0011791046792682402,0.9806801278391445,0.26039236682833095,0.7136934073124198
PXZ-PPO,toluene,stda,S0T1,0.30332238582058135,0.6328742558504403,0.4792774915658158,0.3671257441495597,0.5207225084341843,1.3613379226440432,0.7011837430291619
SiCN2Cz,toluene,stda,S0S1,0.028019621098363753,0.9997298081953333,0.02802719381644076,0.00027019180466652154,0.9719728061835593,0.23500420984250547,0.7829599174415067
PXZ-PPO,toluene,stddft,S0T1,0.29886599719017193,0.6233898457588856,0.47942070154567,0.37661015424111466,0.5205792984543303,1.2933120725258382,0.7076466275145052
PXZ-PPO,toluene,stddft,S0S1,0.3518252309529184,0.7208868662572351,0.4880450004305892,0.27911313374276503,0.5119549995694107,1.7715226900465728,0.648421650358811
SiCN2Cz,toluene,stddft,S0S1,0.030153078428779796,0.9966922359918754,0.030253148705199295,0.003307764008124692,0.9697468512948009,0.896276533789708,0.6977913265277765
PxPYM,toluene,stda,S0T1,0.019218412434093855,0.9779335972404796,0.019652062766147033,0.022066402759520355,0.9803479372338529,0.8451115314998942,0.700337288155169
PxPYM,toluene,stddft,S0T1,0.019383893527892087,0.9783759091267217,0.01981231686826156,0.021624090873278247,0.9801876831317383,0.8219770343134619,0.7081881469098981
PxPYM,toluene,stddft,S0S1,0.1253834539743931,0.5750609766928423,0.21803505898708245,0.4249390233071576,0.7819649410129174,2.9265903450856214,0.44698168600640775
DMBFTX,toluene,stda,S0T1,0.44485115386517216,0.7387816108756439,0.6021416171118695,0.2612183891243561,0.3978583828881304,2.449578755920097,0.6948485407692782
PxPYM,toluene,stda,S0S1,0.17616272635537408,0.9285885989391328,0.18971019734318448,0.07141140106086731,0.8102898026568154,3.1985958492667463,0.5728987175307898
DMBFTX,toluene,stddft,S0T1,0.4386588422229675,0.7317302041514626,0.5994816665134797,0.2682697958485376,0.40051833348652044,2.3728350106248035,0.6997208966759212
DMBFTX,toluene,stda,S0S1,0.08374071598773092,0.46270912936298847,0.18097917389919826,0.5372908706370116,0.8190208261008017,2.7056448870118595,0.7370127504363727
PFBP-2a,toluene,stda,S0S1,0.21743312266494197,0.9474594716138243,0.22949068448762705,0.05254052838617584,0.7705093155123731,3.4506880369991992,0.5066064761270475
PFBP-2a,toluene,stda,S0T1,0.20704464406309214,0.9321448273703096,0.22211639005409653,0.06785517262969025,0.7778836099459038,3.1383028686453796,0.5774495762057674
DMBFTX,toluene,stddft,S0S1,0.08205214712944515,0.454549075714757,0.18051328561260854,0.545450924285243,0.8194867143873917,2.758454248437537,0.7400286518850895
PFBP-2a,toluene,stddft,S0S1,0.21811110111980217,0.9479191842941774,0.23009461643315948,0.052080815705822715,0.7699053835668405,3.4743280089360287,0.5033072545353233
PFBP-2a,toluene,stddft,S0T1,0.20541044215954052,0.928877626418262,0.2211383247022539,0.07112237358173788,0.7788616752977463,3.070527475738295,0.593163170674677
TFM-QP,toluene,stda,S0T1,0.0470821590457333,0.04826690926034796,0.975454193509176,0.9517330907396517,0.02454580649082413,2.1747962586975866,0.7252385853960813
TFM-QP,toluene,stda,S0S1,0.121126015468013,0.37933245087345346,0.3193136131356741,0.6206675491265466,0.6806863868643261,0.5544346781793381,0.6249255198368695
TFM-QP,toluene,stddft,S0S1,0.06603049824375472,0.06970048957818474,0.9473462617459335,0.9302995104218152,0.05265373825406676,1.9667296408058526,0.6778494679172601
DDMA-TXO2,toluene,stda,S0S1,0.031546363825332664,0.9879658158755557,0.03193062281955133,0.012034184124444293,0.9680693771804485,1.2634452440491624,0.6224007540606609
TPA–2SPPITPA,toluene,stddft,S0T1,0.17310476503194563,0.7883222983080089,0.21958628520781878,0.2116777016919911,0.7804137147921812,0.8259705552889536,0.9100758881938718
TFM-QP,toluene,stddft,S0T1,0.045530104326372646,0.04659900536001592,0.9770617199791042,0.9534009946399838,0.022938280020895693,2.156627871875121,0.7326147505917379
DDMA-TXO2,toluene,stda,S0T1,0.025463352156076497,0.9891191235820513,0.025743463602100915,0.010880876417948588,0.9742565363978991,0.7985475445278655,0.7106283011742038
TPA–2SPPITPA,toluene,stda,S0T1,0.17285350227358878,0.7858122834442288,0.21996793116540364,0.21418771655577112,0.7800320688345963,0.8909276454281939,0.9026240057670859
TPA-NZP,toluene,stda,S0S1,0.27789835320349726,0.780388627007939,0.35610251557480754,0.21961137299206118,0.6438974844251926,2.6514654325453586,0.8598059305676841
DDMA-TXO2,toluene,stddft,S0T1,0.02519579498206864,0.9894360822694455,0.025464803066689926,0.010563917730554586,0.97453519693331,0.7884435671301506,0.7157232365360152
TPA-NZP,toluene,stddft,S0S1,0.2852299690039709,0.7725796867317478,0.3691916496155656,0.22742031326825207,0.6308083503844344,2.136658293939575,0.878182028250679
TPA-NZP,toluene,stda,S0T1,0.26389019252341334,0.7549439208210653,0.3495493973067701,0.24505607917893468,0.6504506026932302,1.0684820149905303,0.9097184488880778
TPA-NZP,toluene,stddft,S0T1,0.26145085456166994,0.7504582610186948,0.34838826906478265,0.2495417389813054,0.6516117309352172,0.9741267644642853,0.9109142212805652
DPhBCz,toluene,stda,S0T1,0.1533476052834684,0.880507252740215,0.17415825344565572,0.11949274725978482,0.8258417465543441,0.6859221252258794,0.7009578138904432
DDMA-TXO2,toluene,stddft,S0S1,0.032992146429618736,0.9945752112690117,0.033172098053321636,0.005424788730988283,0.9668279019466783,0.9275120192287877,0.6113758654882375
DPhBCz,toluene,stda,S0S1,0.19620822625858583,0.7416608743973869,0.2645524835296302,0.2583391256026129,0.7354475164703699,0.7673786824841689,0.7677883958175185
DPhBCz,toluene,stddft,S0T1,0.15323489624902403,0.8811997602731111,0.17389348381294586,0.11880023972688894,0.8261065161870542,0.6741393859391124,0.7055366553597043
TPA–2SPPITPA,toluene,stddft,S0S1,0.10987353446059711,0.8965614752210727,0.12254991709687801,0.10343852477892734,0.8774500829031218,0.6640983657008834,0.8678422243837084
DPhBCz,toluene,stddft,S0S1,0.07232143956842563,0.9403695231808668,0.0769074685914886,0.05963047681913314,0.9230925314085117,0.87882961840957,0.7774998510113295
TPA–2SPPITPA,toluene,stda,S0S1,0.10995690155772982,0.8952604157433234,0.12282113631309612,0.1047395842566766,0.877178863686904,0.696472306191693,0.8413006522247228
2BrCPT,toluene,stda,S0S1,0.009225772876229636,0.9998408172216937,0.009227241694198623,0.00015918277830608073,0.9907727583058012,0.17430455949375184,0.7764826655963614
2BrCPT,toluene,stda,S0T1,0.05555695853309401,0.956503882498993,0.05808335914742353,0.04349611750100719,0.9419166408525768,0.34997484896581227,0.6967108349138479
TCz-3PA-TCz,toluene,stda,S0S1,0.0396003448203143,0.9448807411234983,0.041910415882990715,0.05511925887650178,0.9580895841170093,0.6460302966553472,0.7787189751578157
2BrCPT,toluene,stddft,S0T1,0.05372115434788765,0.9575100607549801,0.05610505471402509,0.04248993924501985,0.943894945285975,0.36284466501768653,0.699372060665367
2BrCPT,toluene,stddft,S0S1,0.008528423525816039,0.9998528448566082,0.008529678711909976,0.0001471551433920824,0.9914703212880901,0.16232200825803003,0.7796263419595195
TCz-3PA-TCz,toluene,stda,S0T1,0.023185292629854297,0.9698904704439609,0.02390506282553883,0.030109529556039124,0.9760949371744612,0.7073421121389202,0.8333780957390533
TCz-3PA-TCz,toluene,stddft,S0S1,0.03922856210223973,0.9443882916039271,0.04153859429537701,0.05561170839607287,0.9584614057046231,0.6388336533688069,0.7737403526513909
TCz-3PA-TCz,toluene,stddft,S0T1,0.02206036650541197,0.9721798640043311,0.02269165133141833,0.027820135995668707,0.9773083486685815,0.7063288387502847,0.8455100461158833
p-DTPACO,toluene,stda,S0S1,0.10046901110136865,0.8219131854320916,0.12223798435421211,0.1780868145679083,0.8777620156457877,0.8291318399313415,0.7003073892154139
PFBP-2b,toluene,stda,S0S1,0.1788443575422591,0.9049747768615828,0.1976235825737424,0.09502522313841723,0.8023764174262578,0.7300767350505196,0.4768858893134606
PFBP-2b,toluene,stda,S0T1,0.17358220317919826,0.8938759595665324,0.19419048171222048,0.1061240404334674,0.8058095182877796,0.5755201230497144,0.6025001021878214
p-DTPACO,toluene,stda,S0T1,0.02918447074782482,0.9699333268912622,0.030089151427927632,0.030066673108737736,0.9699108485720724,1.8129392272133245,0.7285389812946832
p-DTPACO,toluene,stddft,S0S1,0.09732682110529246,0.8276922372646389,0.11758817676838264,0.1723077627353609,0.8824118232316172,0.8986797385720214,0.6955446832223477
PFBP-2b,toluene,stddft,S0S1,0.1784123533865495,0.9040386256730879,0.19735036570336292,0.09596137432691204,0.8026496342966372,0.7031743517705137,0.47200349820292603
PFBP-2b,toluene,stddft,S0T1,0.17275424621569252,0.8922010259644478,0.1936270427720584,0.10779897403555207,0.8063729572279417,0.5640136200971663,0.6152211240104525
p-DTPACO,toluene,stddft,S0T1,0.026375458569075663,0.9741670808275137,0.027074881802278544,0.025832919172486223,0.9729251181977214,1.7728008397301664,0.7355268915419744
thio-ether,toluene,stda,S0S1,0.03870538570124683,0.9887320078799811,0.03914648801978013,0.01126799212001893,0.9608535119802198,2.5579967280142117,0.5962686442574476
PPI-PIM-1,toluene,stda,S0T1,0.1526061395826951,0.2451857855424654,0.6224102235170733,0.7548142144575347,0.3775897764829267,0.38603651611291884,0.8340861420837793
thio-ether,toluene,stda,S0T1,0.03516824408319776,0.9893002840773721,0.03554860404795688,0.010699715922627917,0.9644513959520429,2.1067663371272283,0.7211028151740626
PPI-PIM-1,toluene,stddft,S0T1,0.15307442558584186,0.2438385456175208,0.627769597288981,0.7561614543824792,0.3722304027110188,0.40726465033958953,0.8425911483923152
thio-ether,toluene,stddft,S0S1,0.0389669298231377,0.9884620066470389,0.0394217780360799,0.011537993352961254,0.9605782219639201,2.6476184391804294,0.564958766419839
thio-ether,toluene,stddft,S0T1,0.033930012751899497,0.9897303535085012,0.034282077569532735,0.010269646491498693,0.9657179224304672,1.9358990188861327,0.7670082941283574
PPI-PIM-1,toluene,stda,S0S1,0.049863090077732,0.05202663751470042,0.958414621041825,0.9479733624852997,0.04158537895817481,0.8708709528121978,0.732495314761841
PPI-PIM-1,toluene,stddft,S0S1,0.04859435465519043,0.05066185898344015,0.9591901211338192,0.9493381410165599,0.04080987886618073,0.8346040903525915,0.7341807282582256
9CzFDPESPO,toluene,stda,S0T1,0.06447815091050145,0.9555393967054617,0.06747827576006935,0.04446060329453833,0.932521724239931,1.1703882542791852,0.7197987174199078
9CzFDPESPO,toluene,stddft,S0T1,0.06459975657699957,0.9561481508140247,0.06756249700634993,0.04385184918597528,0.9324375029936499,1.1456055387185304,0.7225506810022446
2F,toluene,stda,S0S1,0.020944792720829098,0.9914136741781961,0.02112618906350135,0.008586325821803848,0.9788738109364987,0.4375429690352982,0.6850157704035909
9CzFDPESPO,toluene,stddft,S0S1,0.17146903346743653,0.939841373179783,0.18244465327941684,0.06015862682021712,0.8175553467205829,0.49861267171793494,0.7893698949818955
DPE-DPXZ,toluene,stda,S0S1,0.01830737765000226,0.9949041542795932,0.0184011470564806,0.005095845720406861,0.9815988529435195,0.48132283830801786,0.6641245120582235
2F,toluene,stddft,S0T1,0.0393711332692413,0.9762159618556612,0.04033035189713742,0.023784038144338913,0.959669648102862,1.4635077462140516,0.6443346845295111
2F,toluene,stddft,S0S1,0.016931567828992775,0.9951987261697813,0.01701325311594525,0.004801273830218688,0.9829867468840549,0.3530318529299055,0.7223761391218588
DPE-DPXZ,toluene,stda,S0T1,0.019576565078502504,0.9954564783332974,0.019665917601219232,0.004543521666702652,0.9803340823987806,0.9838513913625065,0.7078687512018035
9CzFDPESPO,toluene,stda,S0S1,0.17036789133871197,0.9378760459392184,0.1816528869421121,0.062123954060781604,0.8183471130578881,0.5068723290398068,0.7874049887474467
DPE-DPXZ,toluene,stddft,S0S1,0.018378499612189368,0.994851168513353,0.018473617153863444,0.005148831486647048,0.9815263828461369,0.46793229019105065,0.6566942089228482
2F,toluene,stda,S0T1,0.0412196204271546,0.9739438045729089,0.04232238064826555,0.026056195427091172,0.9576776193517345,1.6053262958696282,0.6157009988755376
2PS-2FPh,toluene,stda,S0S1,0.25251427030259915,0.2927109570071298,0.8626744720610116,0.7072890429928703,0.13732552793898828,1.0561056783472293,0.6741887175612068
2PS-2FPh,toluene,stda,S0T1,0.2501649921025783,0.3018426017431329,0.8287928564685112,0.6981573982568672,0.17120714353148903,1.353637608677364,0.7219621442095042
2PS-2FPh,toluene,stddft,S0S1,0.25385657698350045,0.2943344844475088,0.8624765034243647,0.7056655155524917,0.13752349657563484,1.0741765344090115,0.6671601586972943
DPE-DPXZ,toluene,stddft,S0T1,0.019744905665506917,0.9955304807690109,0.019833552108072774,0.004469519230989077,0.980166447891927,1.002068898569403,0.7155036161102857
2PS-2FPh,toluene,stddft,S0T1,0.2502826238558604,0.30210337479074323,0.8284668254011486,0.6978966252092571,0.17153317459885145,1.3313836939039274,0.7297674114730641
LiPr,toluene,stda,S0T1,0.03487709474854489,0.9879895168659988,0.035301077747442615,0.01201048313400104,0.9646989222525574,0.4220609860393169,0.9042210435899342
LiPr,toluene,stddft,S0T1,0.03418095478816708,0.9887142199433372,0.03457111680878422,0.011285780056662927,0.9654288831912158,0.37255545414068275,0.9199445967881589
DMAC-Cz-TTR,toluene,stda,S0T1,0.021789894825984837,0.9896583757415409,0.022017592494640276,0.010341624258459001,0.9779824075053598,1.056383140650662,0.6900982381911
DMAC-Cz-TTR,toluene,stddft,S0T1,0.021562365489594157,0.9899123068641403,0.021782096595909343,0.010087693135859858,0.9782179034040904,1.0491233385031873,0.6922560379331704
LiPr,toluene,stda,S0S1,0.03364368383306471,0.993866303214429,0.033851317550712856,0.006133696785571227,0.966148682449287,0.3648711444967843,0.6695814204897765
LiPr,toluene,stddft,S0S1,0.03331707188911706,0.9942165352340528,0.033510880888008715,0.005783464765946993,0.9664891191119911,0.3729253194258587,0.6707112528469821
2C,toluene,stddft,S0S1,0.1967336740132544,0.7901214939939074,0.24899167470916997,0.20987850600609262,0.7510083252908303,0.2489322395384373,0.806229946513386
2C,toluene,stddft,S0T1,0.12570103532440705,0.8568479886850221,0.1467016751913213,0.14315201131497804,0.8532983248086788,0.08535778095304959,0.9034447007920338
2C,toluene,stda,S0S1,0.19347693914409067,0.7900979079680546,0.24487716926332295,0.2099020920319455,0.7551228307366769,0.49087965389081434,0.7899975331388769
N-B,toluene,stda,S0T1,0.028043272391210645,0.9217004516123767,0.030425581697560357,0.07829954838762343,0.9695744183024396,0.7182480794114792,0.7283832522210119
N-B,toluene,stda,S0S1,0.02445030765873354,0.8955291708750496,0.02730263675815538,0.10447082912495054,0.9726973632418446,1.7903220373738538,0.5614966134016159
2C,toluene,stda,S0T1,0.1257564573830801,0.8539717100823765,0.14726068310968907,0.1460282899176236,0.8527393168903111,0.09441487536332241,0.8929535488381161
N-B,toluene,stddft,S0S1,0.0243594980281083,0.8939856520230044,0.02724819796938024,0.10601434797699577,0.9727518020306198,1.7956614140783778,0.557412466859686
DMAC-Cz-TTR,toluene,stda,S0S1,0.01907380904162754,0.9990114729325695,0.019092682675241876,0.0009885270674305016,0.9809073173247583,0.6275613887793191,0.7443837968437002
DMAC-Cz-TTR,toluene,stddft,S0S1,0.01770315098383252,0.9992432236036161,0.01771655845709801,0.0007567763963838415,0.982283441542902,0.6401672854694078,0.7472072354127887
N-B,toluene,stddft,S0T1,0.06735450533703724,0.8828636727708619,0.07629094662559346,0.11713632722913805,0.9237090533744066,0.14913101951379637,0.9570188881860028
PID-3,toluene,stda,S0T1,0.0604554419248854,0.9171826323386334,0.06591428990618373,0.08281736766136662,0.9340857100938164,0.7333918604369676,0.9260904128173998
PID-3,toluene,stddft,S0S1,0.25976886874838034,0.7205699669656627,0.36050471246015603,0.2794300330343373,0.6394952875398437,0.609875173211853,0.7937431894769411
CzTPA-m-Trz,toluene,stda,S0S1,0.2604118895005159,0.8322662356670165,0.31289493474622315,0.1677337643329834,0.6871050652537769,4.770084846005008,0.4781185141271725
PID-3,toluene,stda,S0S1,0.25997107117826007,0.7282149627572945,0.3569977059986687,0.2717850372427054,0.6430022940013314,0.6527237587932398,0.8004173995576056
DFPFPhe,toluene,stda,S0S1,0.42552282489883114,0.6871483600745988,0.6192590270500467,0.3128516399254014,0.380740972949953,2.00738478619436,0.542589192629067
PID-3,toluene,stddft,S0T1,0.10266071517879675,0.8377954220050856,0.12253673448477446,0.16220457799491445,0.8774632655152254,0.28585431956770735,0.8618121359093177
CzTPA-m-Trz,toluene,stddft,S0T1,0.19114296631678396,0.8405682381218631,0.22739732201143747,0.1594317618781368,0.7726026779885625,3.9705719387843432,0.607577497503043
DFPFPhe,toluene,stda,S0T1,0.34444108993937195,0.720990617403918,0.47773311000856883,0.2790093825960819,0.5222668899914311,1.3061429046001918,0.8177852434598603
DFPFPhe,toluene,stddft,S0S1,0.43325432958762017,0.6898466562960388,0.6280444003510465,0.3101533437039612,0.37195559964895347,2.047460699118205,0.5330493924924297
CzTPA-m-Trz,toluene,stda,S0T1,0.198005560619466,0.8388281110453489,0.23605022055437694,0.1611718889546511,0.7639497794456233,4.089100679277545,0.590844103989112
CzTPA-m-Trz,toluene,stddft,S0S1,0.2609767237026271,0.8320269168807468,0.3136637991004232,0.16797308311925305,0.6863362008995768,4.77842537564422,0.4749688206236309
DFPFPhe,toluene,stddft,S0T1,0.33048706080704404,0.7179305864948576,0.4603328887554107,0.2820694135051425,0.5396671112445895,1.1520511951422203,0.8453772807100651
TPA-PyI,toluene,stda,S0S1,0.1269957797856863,0.7525389364339798,0.1687564239366472,0.24746106356602013,0.831243576063353,1.6362620358841726,0.7584590358361909
TPA-PyI,toluene,stddft,S0S1,0.12836588680470357,0.7523855468272571,0.1706118456767426,0.24761445317274292,0.8293881543232573,1.6213469435246002,0.7547552535188726
TPA-PyI,toluene,stddft,S0T1,0.20190230909884352,0.7131304811639646,0.2831211320112142,0.2868695188360355,0.7168788679887859,1.2388964248521768,0.8512937708237029
BICFOCz,toluene,stda,S0T1,0.03089685223149793,0.982963329080402,0.03143235491847195,0.01703667091959799,0.9685676450815282,1.2440527725792854,0.6923621265803475
BICFOCz,toluene,stda,S0S1,0.02806988309519576,0.9997169765086323,0.028077829780610297,0.0002830234913674633,0.9719221702193895,1.1054324366640451,0.7988565081677679
DPP-PXZ,toluene,stda,S0S1,0.33668229078326106,0.9344808150811804,0.3602880715683957,0.06551918491881975,0.6397119284316042,4.663021842209129,0.5238894573610027
TPA-PyI,toluene,stda,S0T1,0.20331756468771012,0.7079473569404726,0.2871930556621966,0.29205264305952744,0.7128069443378034,1.2819545114617465,0.8452596341119871
DPP-PXZ,toluene,stda,S0T1,0.3364116973053502,0.9251374850759523,0.3636342735347399,0.07486251492404751,0.6363657264652602,4.271975617912435,0.5727957308973114
DPP-PXZ,toluene,stddft,S0T1,0.33489176660783593,0.9202610412877515,0.3639095339070432,0.07973895871224815,0.6360904660929567,4.1729076132503575,0.5869539204601225
DPP-PXZ,toluene,stddft,S0S1,0.3376388307330911,0.9333448501291319,0.3617514262669124,0.0666551498708679,0.6382485737330874,4.686298925857146,0.5215400766399612
BICFOCz,toluene,stddft,S0S1,0.026467873343323022,0.9997126290218651,0.026475481628375163,0.00028737097813491227,0.9735245183716249,1.1103939972502528,0.7996447599337738
BICFOCz,toluene,stddft,S0T1,0.030671820369179863,0.9834001713669016,0.03118956174936069,0.016599828633098435,0.9688104382506391,1.228512529299142,0.6964830138815608
B-O-dpa,toluene,stda,S0S1,0.20117851353016467,0.8646847208021844,0.23266111761929545,0.13531527919781566,0.7673388823807047,1.7402564952813737,0.6034378184156484
B-O-dpa,toluene,stda,S0T1,0.1550994425391158,0.8893416242471435,0.17439804717384336,0.11065837575285645,0.8256019528261563,1.495756716357351,0.6379584702775467
B-O-dpa,toluene,stddft,S0T1,0.1505025188382415,0.8910718703326348,0.16890053860869753,0.10892812966736509,0.8310994613913029,1.4601478588763834,0.6417065759147379
ACRF,toluene,stda,S0S1,0.011260654551858925,0.6574154840223597,0.017128672545041444,0.3425845159776402,0.9828713274549588,3.3073660563484735,0.28421191930287126
ACRF,toluene,stda,S0T1,0.016982912207465475,0.6577864310135373,0.025818276885550356,0.3422135689864626,0.9741817231144494,3.2862126809186343,0.3370781082930093
ACRF,toluene,stddft,S0S1,0.011276270103959605,0.6574171517479257,0.01715238197539951,0.3425828482520741,0.9828476180246002,3.3069469961843745,0.28440201902252027
B-O-dpa,toluene,stddft,S0S1,0.06125947474007826,0.938907477066824,0.06524548609566382,0.06109252293317585,0.9347545139043361,0.5923143421714564,0.684991186835486
Perylene,toluene,stda,S0S1,0.21701431204940738,0.7082812405837524,0.3063956795898592,0.29171875941624753,0.6936043204101409,0.02836429300812303,0.9919744082855985
Perylene,toluene,stda,S0T1,0.21431795447988441,0.7104700430112885,0.30165656749088177,0.28952995698871137,0.6983434325091181,0.023411968324414507,0.9926171572839364
9PhCzFDBFSPO,toluene,stda,S0T1,0.06591776936673192,0.955447080047896,0.06899154410878257,0.04455291995210404,0.9310084558912174,1.7325681423656265,0.6659098251392601
Perylene,toluene,stddft,S0T1,0.21356233481925857,0.7116621618189514,0.3000894894754702,0.28833783818104847,0.6999105105245298,0.02262963084394584,0.9926950950334028
ACRF,toluene,stddft,S0T1,0.3487079528805812,0.7346584116886399,0.47465318212182844,0.26534158831136007,0.5253468178781717,0.4592171976018873,0.7746901394791001
Perylene,toluene,stddft,S0S1,0.2166654873271637,0.7096097732688507,0.305330472449786,0.29039022673114934,0.694669527550214,0.029161115248836158,0.9918330540202922
9PhCzFDBFSPO,toluene,stddft,S0T1,0.0660503788170611,0.9559136332884447,0.06909659671851397,0.04408636671155518,0.9309034032814859,1.697367706089816,0.6687538142604998
9PhCzFDBFSPO,toluene,stda,S0S1,0.18168197028024624,0.9362973004500436,0.19404303546845475,0.06370269954995658,0.8059569645315454,0.5636936655276984,0.771082380642667
TPA-PZCN,toluene,stda,S0S1,0.1966633511418301,0.5249099202987271,0.3746611438204648,0.475090079701273,0.6253388561795351,0.4181714910110798,0.8764020004066976
9PhCzFDBFSPO,toluene,stddft,S0S1,0.18285601615817632,0.9384489828108875,0.19484918147652225,0.06155101718911241,0.8051508185234777,0.561041761882425,0.7734310409009988
TPA-PZCN,toluene,stda,S0T1,0.24502834207268595,0.7542971098053157,0.32484327314462047,0.24570289019468433,0.6751567268553796,1.7503397198338577,0.8174697379030152
TPA-PZCN,toluene,stddft,S0S1,0.19719651131296662,0.5267624081321448,0.37435570243557975,0.47323759186785525,0.6256442975644202,0.4290932416641971,0.8804661845284586
BTITrz,toluene,stda,S0S1,0.059435009594878185,0.34226377402534847,0.1736526448471767,0.6577362259746514,0.8263473551528231,2.3727754936246566,0.545064718288715
BTITrz,toluene,stddft,S0S1,0.06279065385813976,0.34817689908015104,0.18034124039827587,0.651823100919849,0.819658759601724,2.379943022755226,0.5480888125689936
TPA-CN-N4,toluene,stda,S0S1,0.21223125664089693,0.4896545200719865,0.4334306086048093,0.5103454799280134,0.5665693913951908,0.5147328491986731,0.7199322627095976
TPA-CN-N4,toluene,stda,S0T1,0.24934954299760978,0.6054896814082651,0.4118146859541281,0.39451031859173497,0.5881853140458718,0.6075063773869066,0.9334597829440421
BTITrz,toluene,stda,S0T1,0.29038966324922544,0.4562075793277977,0.636529677295371,0.5437924206722023,0.3634703227046289,1.0138713665604335,0.8524735569340122
TPA-CN-N4,toluene,stddft,S0S1,0.21224424391345442,0.4896638737373399,0.4334488519512553,0.5103361262626601,0.5665511480487445,0.5146511442924442,0.7199309799322591
TPA-PZCN,toluene,stddft,S0T1,0.24126826550695638,0.7301037704449483,0.3304574983360514,0.26989622955505166,0.6695425016639487,1.3658773751781736,0.8463488168225216
TPA-CN-N4,toluene,stddft,S0T1,0.24833762597786835,0.6047556133250267,0.41064129130191135,0.39524438667497336,0.5893587086980886,0.5775126618132705,0.9408345612328661
BTITrz,toluene,stddft,S0T1,0.29174190201280553,0.4948151237544258,0.5895977871476611,0.5051848762455743,0.4104022128523387,0.8480672867846711,0.8637412203068395
PIAnTPh,toluene,stda,S0S1,0.2216067169439565,0.6967145643869374,0.31807389750629905,0.30328543561306265,0.6819261024937011,0.026428505426923737,0.9935201062167085
PIAnTPh,toluene,stda,S0T1,0.21241850201566725,0.707387645467066,0.3002858522860036,0.2926123545329339,0.6997141477139965,0.08203664074780088,0.9943118182850038
PIAnTPh,toluene,stddft,S0S1,0.22369132104581005,0.693245489703593,0.32267259487177113,0.30675451029640705,0.6773274051282288,0.02657018406951959,0.9940347627738046
PIAnTPh,toluene,stddft,S0T1,0.21048387621877446,0.7095633495013192,0.29663859663369374,0.2904366504986809,0.7033614033663061,0.09431826993530579,0.9941155755643082
TPA-APy,toluene,stda,S0S1,0.07963833948388954,0.9403483673992049,0.084690251235456,0.059651632600795285,0.9153097487645441,0.8838170449556243,0.8512981473925327
TPA-APy,toluene,stda,S0T1,0.07996873890455393,0.9401173804246789,0.08506250450175666,0.05988261957532141,0.9149374954982434,0.8870492559443465,0.8517253567131626
TPA-APy,toluene,stddft,S0S1,0.079636706900464,0.9403645527891835,0.0846870574441117,0.05963544721081635,0.9153129425558882,0.88360498423481,0.8513053848573943
TPA-APy,toluene,stddft,S0T1,0.08003821934623886,0.9400366820322538,0.08514371925700306,0.059963317967746343,0.914856280742997,0.8878773690181092,0.8519584153537645
c-D2T,toluene,stda,S0S1,0.1456490570215944,0.7028772272782168,0.2072183467738709,0.2971227727217832,0.7927816532261289,0.5270072257205022,0.5222228348427588
c-D2T,toluene,stda,S0T1,0.03752667897435695,0.9599149097406741,0.03909375570017448,0.04008509025932605,0.9609062442998255,0.926918112841826,0.6681672015636125
c-D2T,toluene,stddft,S0S1,0.14509959299304467,0.7021756824094284,0.20664286250294725,0.2978243175905713,0.7933571374970527,0.5354769196870899,0.5190839787411816
c-D2T,toluene,stddft,S0T1,0.036948882013883674,0.9608726899188005,0.03845346256745634,0.03912731008119933,0.9615465374325434,0.9115747149978548,0.6706346051928235
DMAC-AQ,toluene,stda,S0S1,0.20729867879210453,0.8416886285241106,0.24628903345837036,0.15831137147588925,0.7537109665416296,2.6692395909169013,0.6007032713990158
3DMACIPN,toluene,stda,S0S1,0.19764783186145835,0.8203437138242524,0.24093295106763227,0.17965628617574758,0.7590670489323678,0.49973477754320633,0.4722430531771849
3DMACIPN,toluene,stddft,S0S1,0.19795531435392716,0.8208782367908402,0.24115064266756311,0.1791217632091598,0.7588493573324371,0.4999430155446674,0.4717100594352964
3DMACIPN,toluene,stda,S0T1,0.19413552211656548,0.8075815696759305,0.24039122412670827,0.19241843032406908,0.7596087758732919,0.4750983138393443,0.514218764515118
3DMACIPN,toluene,stddft,S0T1,0.19324148576039238,0.8047440919054386,0.24012787133713956,0.19525590809456136,0.7598721286628605,0.4688769845208322,0.5286075829254177
DMAC-AQ,toluene,stddft,S0S1,0.20625685551544928,0.8423036154587982,0.24487233787201815,0.15769638454120186,0.755127662127982,2.701878377066738,0.5936025048507937
DMAC-AQ,toluene,stda,S0T1,0.23164173667939514,0.8485933268348458,0.272971433258133,0.15140667316515413,0.7270285667418671,1.917966719289712,0.6570113821525568
DMAC-AQ,toluene,stddft,S0T1,0.23301818505924554,0.8490999736819996,0.2744296222844005,0.15090002631800034,0.7255703777155996,1.7757174426543947,0.667457544967092
E-o-DHMPA,toluene,stda,S0S1,0.22722039082109854,0.7025014593629899,0.323444724267386,0.29749854063701026,0.676555275732614,0.04773285377775003,0.9912279326062119
E-o-DHMPA,toluene,stda,S0T1,0.21154975643999266,0.7182654674650374,0.2945286471680335,0.28173453253496245,0.7054713528319665,0.0293346145375425,0.9922622538693556
E-o-DHMPA,toluene,stddft,S0S1,0.22863512816898188,0.7015401670228885,0.3259045439112005,0.29845983297711143,0.6740954560887993,0.053035707576145875,0.991048493967812
E-o-DHMPA,toluene,stddft,S0T1,0.20894942527106564,0.7204680081507144,0.2900190194529159,0.2795319918492856,0.7099809805470841,0.034800155964761346,0.9922868630801142
Me-DOC,toluene,stda,S0T1,0.040825665104021996,0.956034101709003,0.04270314733652512,0.04396589829099705,0.957296852663475,0.4618386966547912,0.7187763206396998
t–BuCz2BP,toluene,stda,S0T1,0.15208227455300966,0.8774380448398198,0.17332537088789324,0.12256195516018006,0.8266746291121068,0.7341607195095086,0.7231565358284392
Me-DOC,toluene,stddft,S0T1,0.03953477253282861,0.9572199425708056,0.041301659915954185,0.04278005742919445,0.9586983400840458,0.4657131353973439,0.721521354896097
t–BuCz2BP,toluene,stda,S0S1,0.16604345453142616,0.8602855558458335,0.19300969707456275,0.13971444415416645,0.8069903029254374,1.0988108046308844,0.721367962370137
Me-DOC,toluene,stda,S0S1,0.016848844886721635,0.9991260711359297,0.016863582458183472,0.0008739288640706393,0.9831364175418166,0.20713164718899713,0.7364279485170098
Me-DOC,toluene,stddft,S0S1,0.015564838254152625,0.9991689200469446,0.015577784638678847,0.0008310799530553589,0.9844222153613212,0.19227758071796638,0.7400979769630067
t–BuCz2BP,toluene,stddft,S0T1,0.15170868606925866,0.8774773434903615,0.17289185549316133,0.12252265650963859,0.8271081445068387,0.72221488640222,0.7275373272536834
Ac-BPCN,toluene,stda,S0S1,0.21163193297815167,0.6068512380605562,0.3487377460982183,0.3931487619394441,0.6512622539017816,3.064571376537953,0.6306792308242052
Ac-BPCN,toluene,stda,S0T1,0.21487615667152346,0.6266616243691259,0.3428902430204563,0.37333837563087413,0.6571097569795439,2.262210468194607,0.7277043993915369
Ac-BPCN,toluene,stddft,S0S1,0.21141085578189434,0.6074401247144968,0.3480357111431512,0.39255987528550346,0.6519642888568488,3.0569828048017125,0.6246548136421796
Ac-BPCN,toluene,stddft,S0T1,0.21428557895145012,0.6289682514319217,0.34069379251433324,0.3710317485680784,0.6593062074856668,2.138903628728401,0.7419077626817886
t–BuCz2BP,toluene,stddft,S0S1,0.015614973674388136,0.9993302352132478,0.01562543904323684,0.000669764786752011,0.9843745609567632,0.4069203232847323,0.7457344366666043
DMIC-TRZ,toluene,stda,S0S1,0.4448805007117243,0.571673079139453,0.7782078900433947,0.428326920860547,0.2217921099566052,2.240693542364226,0.6449298847156142
DMIC-TRZ,toluene,stda,S0T1,0.41827196729247196,0.6128233244445981,0.682532714745399,0.3871766755554021,0.3174672852546009,2.2129728993616338,0.6971415158395889
DMIC-TRZ,toluene,stddft,S0S1,0.45306561209177,0.5732120897103361,0.7903978653358824,0.4267879102896636,0.2096021346641176,2.3475191027944695,0.6214280431264849
DMIC-TRZ,toluene,stddft,S0T1,0.38496576442843927,0.5944000201884498,0.6476543596118804,0.40559997981155016,0.3523456403881193,2.026099265672284,0.7487394075609742
3CP-DPS-DMAC,toluene,stda,S0T1,0.03712529740794972,0.9544951011868636,0.038895220480216604,0.04550489881313633,0.9611047795197833,1.546637037850644,0.7380186605764154
3CP-DPS-DMAC,toluene,stddft,S0T1,0.0364073422098188,0.956000912695924,0.03808295758541698,0.04399908730407595,0.9619170424145831,1.5328910861514091,0.7405852565704714
3CP-DPS-DMAC,toluene,stda,S0S1,0.01914266206502277,0.9998463907984827,0.01914560300581306,0.00015360920151723714,0.9808543969941868,1.0229609939971702,0.8084031468754208
3CP-DPS-DMAC,toluene,stddft,S0S1,0.017656779074559373,0.999843239770493,0.017659547389261104,0.00015676022950688993,0.9823404526107389,1.0221336198289281,0.8105767665372139
"3,6-TC",toluene,stda,S0T1,0.2489924920703789,0.7023221657134749,0.3545274579472121,0.29767783428652494,0.6454725420527879,0.9290451883666623,0.7970531181994216
CzBroB,toluene,stda,S0S1,0.07117911861368184,0.9698440991008818,0.07339233045772019,0.030155900899118095,0.9266076695422798,2.085042190958855,0.42457433657357
CzBroB,toluene,stda,S0T1,0.06161789492947157,0.9731867415832093,0.0633155922667316,0.02681325841679083,0.9366844077332681,1.8201346238460958,0.5054057014158655
CzBroB,toluene,stddft,S0S1,0.07082590950971904,0.9703799442125975,0.0729878125904486,0.029620055787402497,0.927012187409551,2.0881726855867058,0.42560735744224604
CzBroB,toluene,stddft,S0T1,0.06000015540293369,0.9736022156658083,0.061626970889648136,0.02639778433419166,0.9383730291103519,1.7679530288051872,0.5212978721832258
"3,6-TC",toluene,stddft,S0S1,0.17658790315471468,0.7866282592213378,0.22448710821743714,0.21337174077866222,0.7755128917825631,1.5699150274199183,0.7234943381184572
oDTPA-DTPZ,toluene,stda,S0S1,0.03535112397555739,0.16404526353404542,0.215496157670049,0.8359547364659544,0.7845038423299507,2.346307848929358,0.7622845346586531
"3,6-TC",toluene,stddft,S0T1,0.19720280677261476,0.7407232148252343,0.2662300881431705,0.2592767851747657,0.7337699118568295,0.26216910187010284,0.8712954201853952
oDTPA-DTPZ,toluene,stddft,S0S1,0.03548858815239527,0.1692052014383731,0.20973698119629444,0.8307947985616269,0.7902630188037056,2.3465848150951945,0.7590312335114768
MBF,toluene,stda,S0S1,0.16151356254202637,0.5855018540746596,0.2758549121885977,0.4144981459253404,0.7241450878114021,4.374110259915024,0.4756748031955925
oDTPA-DTPZ,toluene,stda,S0T1,0.08496078949078396,0.2856716707672032,0.2974071221784515,0.7143283292327969,0.7025928778215483,1.5634892229647948,0.872034291336748
"3,6-TC",toluene,stda,S0S1,0.2073509086944829,0.6668064726183384,0.31096115171210226,0.33319352738166175,0.6890388482878977,0.3545597572915427,0.703043956666338
oDTPA-DTPZ,toluene,stddft,S0T1,0.09437192027874748,0.3046841696373511,0.30973686749486595,0.6953158303626489,0.6902631325051342,1.4408106142594748,0.8837157228909963
MBF,toluene,stda,S0T1,0.16839777809035128,0.6180791934736289,0.2724534005811606,0.38192080652637117,0.7275465994188396,4.061167931566379,0.5157102217410648
MBF,toluene,stddft,S0S1,0.1608018674450879,0.5838023745148153,0.2754388718934667,0.4161976254851848,0.7245611281065334,4.388314605270511,0.4734636929078741
Z-o-DHMPA,toluene,stda,S0S1,0.22698923668054014,0.7022589853496488,0.32322724438694667,0.2977410146503513,0.6767727556130535,0.04730255543313482,0.9910991150830971
Z-o-DHMPA,toluene,stda,S0T1,0.21142561191858866,0.7182144465515112,0.29437671844912544,0.28178555344848866,0.7056232815508746,0.029992688093196575,0.992152378405236
Z-o-DHMPA,toluene,stddft,S0S1,0.22841959048989405,0.7012875203329056,0.3257146090115247,0.29871247966709424,0.6742853909884753,0.05248289534604579,0.9909178370451399
Z-o-DHMPA,toluene,stddft,S0T1,0.20883279540665092,0.7204247923845204,0.28987452627142274,0.27957520761547944,0.7101254737285773,0.03541268955963657,0.9921798152375062
MBF,toluene,stddft,S0T1,0.11411296186245638,0.8646425486950793,0.1319770372562349,0.1353574513049206,0.868022962743765,0.6229121373147657,0.725445841294599
PXZ-11-DPPZ,toluene,stda,S0S1,0.4181317856181816,0.9399470776511295,0.4448460935301458,0.06005292234887059,0.555153906469854,3.055635764385043,0.4243375668717322
PXZ-11-DPPZ,toluene,stda,S0T1,0.39799706356532405,0.9068757605481308,0.43886613897891374,0.093124239451869,0.5611338610210862,2.854185560495379,0.5016185501868123
25tCzBPym,toluene,stda,S0T1,0.366372141308801,0.9640638548528588,0.3800289155791645,0.035936145147141066,0.6199710844208353,3.984168440168181,0.5379728835341213
25tCzBPym,toluene,stda,S0S1,0.4384724275025417,0.9652349641856426,0.4542649652900584,0.03476503581435745,0.5457350347099416,5.299235171602385,0.45141483500672064
25tCzBPym,toluene,stddft,S0T1,0.3563029796804182,0.9633717365033818,0.36984994076496597,0.03662826349661784,0.630150059235034,3.8235446843316376,0.5532718026127516
PXZ-11-DPPZ,toluene,stddft,S0T1,0.3937802511937125,0.8984792110262853,0.43827419305997983,0.10152078897371462,0.5617258069400202,2.788599327602748,0.5221665272148589
25tCzBPym,toluene,stddft,S0S1,0.43565563161709725,0.9644342282210395,0.45172145374878686,0.035565771778960684,0.5482785462512132,5.219423826086603,0.45044006145063253
PXZ-11-DPPZ,toluene,stddft,S0S1,0.4179600482071518,0.9396522831609777,0.44480288687336533,0.06034771683902207,0.5551971131266347,3.0686208148528413,0.4241095422242477
XPhos,toluene,stda,S0S1,0.04537315788999235,0.9388967818822999,0.048326034091871375,0.0611032181177001,0.9516739659081289,0.4395070457478812,0.953176835864366
XPhos,toluene,stda,S0T1,0.043914805790960826,0.9546610616113637,0.046000415809185125,0.04533893838863619,0.953999584190815,0.06785869199996897,0.9845724864664586
XPhos,toluene,stddft,S0S1,0.047075855723449335,0.9346648308044737,0.05036656368350862,0.0653351691955264,0.9496334363164916,0.416986276249295,0.9544043063761402
XPhos,toluene,stddft,S0T1,0.04329212449773975,0.9569366389274117,0.04524032494592745,0.04306336107258826,0.9547596750540726,0.061003837356714344,0.9852347249500893
DMAC-BP,toluene,stda,S0T1,0.12922053895738175,0.788532834074108,0.16387464589107692,0.211467165925892,0.8361253541089229,1.9556641812803284,0.7211930504389393
DMAC-BP,toluene,stddft,S0S1,0.15028761176746744,0.7726651707337893,0.19450548240027618,0.22733482926621085,0.8054945175997237,2.198381780512023,0.6765342813049265
DMAC-BP,toluene,stddft,S0T1,0.12764651602942778,0.7912012004774028,0.16133256111392041,0.20879879952259733,0.8386674388860795,1.8765216934455373,0.7291821343022056
tBuCzDBA,toluene,stda,S0S1,0.2189208530852111,0.895051823346289,0.24459014257603742,0.10494817665371092,0.7554098574239625,0.6389516507926578,0.36440664492616653
DMAC-BP,toluene,stda,S0S1,0.21303785517138527,0.881947009957032,0.241554030759472,0.11805299004296792,0.7584459692405281,2.2604875683567394,0.6916750850176956
tBuCzDBA,toluene,stda,S0T1,0.13487764759570475,0.502880367861382,0.2682102070703295,0.49711963213861804,0.7317897929296703,3.2187507032843765,0.6741534695500082
tBuCzDBA,toluene,stddft,S0S1,0.21890202775311599,0.8949633332240575,0.24459329184418444,0.10503666677594264,0.7554067081558155,0.6440334117049188,0.36442526227274297
PLQYs,toluene,stda,S0T1,0.25478361983564496,0.5002178597248796,0.5093453080139446,0.49978214027512036,0.4906546919860554,0.08331265870299077,0.9930588230536264
tBuCzDBA,toluene,stddft,S0T1,0.13831966075537386,0.5028946812380052,0.2750469748752647,0.4971053187619949,0.7249530251247353,3.1247575471183944,0.6854928768542976
PLQYs,toluene,stda,S0S1,0.19394840680703399,0.49995714748668457,0.3879300611702915,0.5000428525133155,0.6120699388297084,0.5150272942029611,0.6012576165416448
PLQYs,toluene,stddft,S0S1,0.19530098735379461,0.4999351069714494,0.3906526759781005,0.5000648930285506,0.6093473240218995,0.5093675522491654,0.6046128337154693
PLQYs,toluene,stddft,S0T1,0.2547746565175336,0.5002063496086537,0.5093391091833632,0.4997936503913464,0.4906608908166369,0.0839308667668104,0.9930770281232214
BFCZPZ2,toluene,stddft,S0S1,0.26605896780653787,0.6811994301499122,0.3905742665521402,0.3188005698500878,0.6094257334478602,0.9990415713372734,0.726544358074608
BFCZPZ2,toluene,stda,S0S1,0.26734581988478595,0.6780334379132805,0.3942959224954612,0.3219665620867195,0.6057040775045388,1.047820597432593,0.7259922620199166
BFCZPZ2,toluene,stddft,S0T1,0.2772398377600253,0.6815311494774468,0.406789679345683,0.31846885052255314,0.5932103206543171,1.0473541341731498,0.7536439425169865
BFCZPZ2,toluene,stda,S0T1,0.2769325870321528,0.6853604552026114,0.4040685232565452,0.3146395447973884,0.5959314767434545,1.0296887185642825,0.7496589549658398
PXZ-QL,toluene,stda,S0S1,0.4045308686492019,0.8187900737257646,0.49405932195593577,0.1812099262742355,0.505940678044064,2.12144517774951,0.5684317472260206
PXZ-QL,toluene,stda,S0T1,0.3635152449027241,0.7590708435090854,0.4788950175220017,0.2409291564909145,0.5211049824779985,1.7969859700030228,0.626677875476311
PXZ-QL,toluene,stddft,S0S1,0.40223511078043295,0.810454909571091,0.49630782173101257,0.18954509042890913,0.5036921782689874,2.133262352893231,0.5640611695121606
3DPA3CN,toluene,stda,S0T1,0.047869196390623786,0.9891931952626088,0.04839216102564836,0.010806804737391058,0.9516078389743517,2.016282129681228,0.7105069340063406
PXZ-QL,toluene,stddft,S0T1,0.3573217270530842,0.7461239528077106,0.478903975282472,0.25387604719228934,0.5210960247175278,1.748435839533747,0.6365974842206612
3DPA3CN,toluene,stddft,S0T1,0.046424067311542146,0.9890399202935539,0.04693851720137157,0.010960079706445911,0.9530614827986285,1.9053773060069297,0.7236265323119161
[BMIM][PF6],toluene,stda,S0T1,0.02583450660919096,0.9977935342791844,0.025891635615632704,0.0022064657208157577,0.9741083643843674,0.2369676501313443,0.9620365385480957
[BMIM][PF6],toluene,stddft,S0T1,0.02561666734258845,0.9978990383703717,0.025670600288804753,0.0021009616296281245,0.9743293997111953,0.2218510693029075,0.9637223222408304
[BMIM][PF6],toluene,stda,S0S1,0.03611843048816092,0.9971861760093298,0.036220348172799975,0.0028138239906702195,0.9637796518272002,0.8652479533471112,0.7479830532553913
[BMIM][PF6],toluene,stddft,S0S1,0.04063095133660231,0.9962958461314079,0.04078201419224148,0.0037041538685918533,0.9592179858077585,0.7648520135004148,0.783318126718137
3DPA3CN,toluene,stda,S0S1,0.19524669455278312,0.48725211860421735,0.4007097908821554,0.5127478813957826,0.5992902091178447,2.141180378654968,0.6879623181254841
ANQDC,toluene,stda,S0S1,0.0781308915097747,0.9158346372076493,0.0853111340579925,0.08416536279235062,0.9146888659420075,0.45696796572467613,0.8496565400436842
TPA-PPO,toluene,stda,S0S1,0.21198006901770722,0.7292156715348137,0.29069598651321227,0.2707843284651863,0.7093040134867874,0.7730186171382344,0.7758441891252442
ANQDC,toluene,stda,S0T1,0.08504658454664905,0.10923487334559312,0.7785662393508886,0.8907651266544069,0.22143376064911144,0.3794722899470981,0.9310886229919886
ANQDC,toluene,stddft,S0S1,0.07812400281600904,0.9158670906825722,0.08530058958422146,0.08413290931742787,0.9146994104157784,0.4567745965528285,0.8496614214451224
3DPA3CN,toluene,stddft,S0S1,0.19295556484536258,0.49327126106786484,0.39117536348588433,0.5067287389321351,0.6088246365141156,2.175797710301469,0.6850217641459184
TPA-PPO,toluene,stda,S0T1,0.17483322356148168,0.8491694733283136,0.20588731584547443,0.15083052667168628,0.7941126841545256,1.3019627287025866,0.8943909609208409
TPA-PPO,toluene,stddft,S0S1,0.21264988807570961,0.7380090080613075,0.28813996272799486,0.26199099193869235,0.7118600372720052,0.6448454898966431,0.7686511386254566
TPA-PPO,toluene,stddft,S0T1,0.1759822529789088,0.8407155770642399,0.20932436341126795,0.15928442293575995,0.7906756365887323,1.1799213687193606,0.9046192057895461
ANQDC,toluene,stddft,S0T1,0.08267922324036178,0.10435390518736368,0.7922963984137845,0.8956460948126365,0.20770360158621554,0.3672326745901755,0.9369304211805636
ADN,toluene,stda,S0T1,0.20179316981814405,0.7304719667940005,0.2762503956227132,0.2695280332059995,0.7237496043772867,0.05157831186291844,0.9963171662986665
ADN,toluene,stddft,S0S1,0.21038110137481472,0.7106199116345507,0.2960529221463851,0.28938008836544943,0.7039470778536148,0.04479140998830138,0.9955681591873085
ADN,toluene,stddft,S0T1,0.19979291087979925,0.7331941967015883,0.27249657973099783,0.2668058032984119,0.727503420269002,0.057182074388956346,0.9964057713126812
ADN,toluene,stda,S0S1,0.20795088665632216,0.7126030226607395,0.29181869855093884,0.2873969773392607,0.7081813014490612,0.05385485304807806,0.9956750804187708
TPA-APm,toluene,stda,S0S1,0.07284191604870661,0.9548498772555698,0.07628624958100105,0.045150122744430185,0.9237137504189988,1.50792035209196,0.8499944510915671
TPA-APm,toluene,stddft,S0S1,0.07283781146690824,0.9548575039926658,0.07628134162672685,0.045142496007334054,0.9237186583732732,1.5080641241189112,0.8500133129514253
TPA-APm,toluene,stda,S0T1,0.0974921145632844,0.8436449145859194,0.11556060242612355,0.15635508541408066,0.8844393975738768,0.37864933205769163,0.7223971496454936
CMP,toluene,stda,S0T1,0.1034968211674406,0.9120391417127037,0.1134784862117711,0.0879608582872963,0.886521513788229,0.09754219661860228,0.9669159139656626
TABD-COOH,toluene,stda,S0T1,0.1339727120468886,0.8448709323922258,0.1585718089123377,0.15512906760777428,0.8414281910876624,0.10608009047286503,0.9904410991318151
TABD-COOH,toluene,stda,S0S1,0.1359279925400045,0.8255484345017671,0.16465174768581498,0.17445156549823293,0.8353482523141851,0.31596174624021983,0.9784184455391474
TABD-COOH,toluene,stddft,S0S1,0.13711310014055994,0.8233035788630759,0.16654014832524286,0.17669642113692394,0.8334598516747572,0.32931935664184253,0.9777255736043434
TPA-APm,toluene,stddft,S0T1,0.09904328403064976,0.8423274352545852,0.11758287797038797,0.15767256474541486,0.8824171220296121,0.37532449606974355,0.7319784671421021
TABD-COOH,toluene,stddft,S0T1,0.13192454953429325,0.8489992343307403,0.1553883021323198,0.15100076566925957,0.8446116978676803,0.09225896641563075,0.9910243766954371
CzSO-1CO,toluene,stda,S0S1,0.06798795301909412,0.9639459200473137,0.07053087896855981,0.03605407995268617,0.9294691210314403,0.45984864740687137,0.8108046170371792
CzSO-1CO,toluene,stda,S0T1,0.060452181725244185,0.9744903602720353,0.062034663645486,0.025509639727964727,0.9379653363545138,0.5365660351351906,0.9227643912291988
CMP,toluene,stddft,S0T1,0.10548251551431365,0.9084545857721618,0.1161120403444894,0.0915454142278384,0.8838879596555108,0.09878910822272,0.9714251222288418
ImPy-1,toluene,stda,S0S1,0.5331792501309818,0.6725633642712435,0.7927569035948138,0.32743663572875653,0.20724309640518615,1.3240969785516927,0.6876943527435054
CzSO-1CO,toluene,stddft,S0S1,0.07004239989885189,0.9635713850109348,0.07269041089058186,0.03642861498906532,0.9273095891094181,0.4436499484128984,0.8160236753280246
ImPy-1,toluene,stda,S0T1,0.423239663640839,0.6023329457535339,0.7026672982520579,0.39766705424646603,0.2973327017479422,1.0523125947022307,0.7945865324267245
CMP,toluene,stddft,S0S1,0.2781493004079722,0.7404709637701659,0.37563836263309136,0.25952903622983414,0.6243616373669089,0.759499762809122,0.7095011277175957
ImPy-1,toluene,stddft,S0S1,0.5371186098528953,0.6760913589025546,0.7944467900384902,0.3239086410974453,0.20555320996150991,1.338340504847606,0.683465525378837
CzSO-1CO,toluene,stddft,S0T1,0.05854728737763538,0.9756359328958362,0.06000935943785722,0.02436406710416386,0.9399906405621428,0.5293166533520293,0.9271338009951684
CMP,toluene,stda,S0S1,0.24932777015179122,0.7483492478838012,0.3331703357180433,0.2516507521161988,0.6668296642819566,0.30687510957322167,0.717962826711848
ImPy-1,toluene,stddft,S0T1,0.40972377512329855,0.5886060560105175,0.696091674455992,0.41139394398948254,0.30390832554400804,1.0149457932292725,0.8048376485324936
DMAC-DPS,toluene,stda,S0S1,0.08706284109678931,0.9466627713669064,0.09196816831729576,0.05333722863309385,0.9080318316827043,1.6955718331754115,0.7106048273079648
BCZ-DPS-AD,toluene,stda,S0T1,0.07374297563648777,0.6562401172084118,0.11237194085327173,0.3437598827915884,0.8876280591467284,1.6361407460533792,0.6706136095177424
DMAC-DPS,toluene,stddft,S0S1,0.08806850810082796,0.9458262342331141,0.09311277792187149,0.0541737657668857,0.9068872220781286,1.692160082348212,0.7046042297517802
BCZ-DPS-AD,toluene,stddft,S0T1,0.07432671644324396,0.662127373069153,0.11225440823978927,0.3378726269308469,0.887745591760211,1.613129736350802,0.6734571510329419
DMAC-DPS,toluene,stda,S0T1,0.05987995845822078,0.9520475868307385,0.06289597209899409,0.04795241316926146,0.9371040279010058,0.7288652156381484,0.8675630928426883
DMAC-DPS,toluene,stddft,S0T1,0.05708503846662602,0.9534109687738348,0.059874535049709035,0.04658903122616514,0.940125464950291,0.6662469127792939,0.8748504284969414
BCZ-DPS-AD,toluene,stda,S0S1,0.17204407071306757,0.9330788094624957,0.18438321497427893,0.06692119053750442,0.8156167850257211,0.5292862400649222,0.7797366631517296
BCZ-DPS-AD,toluene,stddft,S0S1,0.17218853483053456,0.9356650387556926,0.18402796695227805,0.06433496124430747,0.8159720330477223,0.5176646707953602,0.7812231613988815
DMAC-PCN,toluene,stda,S0S1,0.14445065687828287,0.6970857190172788,0.20722079500053903,0.30291428098272116,0.792779204999461,4.297423252289429,0.3672659201190316
DMAC-PCN,toluene,stddft,S0S1,0.14423296465226634,0.6970931409959983,0.20690630300305066,0.3029068590040017,0.7930936969969494,4.3040741982926445,0.3653627377477955
DMAC-PCN,toluene,stddft,S0T1,0.34268504080338286,0.6689701830366328,0.5122575706556078,0.3310298169633673,0.4877424293443923,0.6940649155363969,0.7739454902676735
DMAC-PCN,toluene,stda,S0T1,0.3441331509885388,0.6715953999198719,0.5124114176922554,0.3284046000801279,0.48758858230774454,0.710499479493013,0.7690361799093937
CzS2,toluene,stda,S0T1,0.04380945770672523,0.9768279738831886,0.044848692787297334,0.023172026116811226,0.9551513072127027,1.0101678888087422,0.7072385734726641
2MeCZ-TRZ,toluene,stddft,S0T1,0.36451347280303137,0.5127367749466266,0.7109173568464549,0.48726322505337316,0.28908264315354504,1.315453195684234,0.6733666667507191
2MeCZ-TRZ,toluene,stda,S0T1,0.3652551334661213,0.5146266308379316,0.7097478279960001,0.4853733691620684,0.29025217200399955,1.3503055436403002,0.6707821599684619
CzS2,toluene,stddft,S0S1,0.02621943888717985,0.9995696915394275,0.026230726190586622,0.0004303084605723691,0.9737692738094135,0.5885430067580567,0.790080104242617
CzTPA,toluene,stda,S0S1,0.23263080652132592,0.8265698507441795,0.28144119497206815,0.17343014925582004,0.7185588050279318,0.6543367681379292,0.7091223809089111
CzS2,toluene,stddft,S0T1,0.04329259065277664,0.9775407179269942,0.04428725050408577,0.022459282073005717,0.9557127494959143,0.9998955165993695,0.7097163138188475
2MeCZ-TRZ,toluene,stda,S0S1,0.044538593482501776,0.9988562941572331,0.04458959085809276,0.001143705842767032,0.9554104091419072,0.40878228186903814,0.7732322936623071
2MeCZ-TRZ,toluene,stddft,S0S1,0.042766520108668375,0.9989042922165257,0.04281343111838203,0.001095707783474169,0.9571865688816178,0.4127114187137122,0.7778865994134381
CzTPA,toluene,stda,S0T1,0.32434397154593037,0.6662837159904016,0.48679558536682416,0.3337162840095985,0.5132044146331759,1.167575937234186,0.6694255790714446
CzTPA,toluene,stddft,S0T1,0.0756655875555111,0.9186641162847354,0.08236480147011525,0.08133588371526443,0.9176351985298847,1.3334162765170068,0.749894858181702
CzS2,toluene,stda,S0S1,0.028415984428271004,0.9993933469932017,0.02843323353488794,0.000606653006798467,0.9715667664651121,0.5835925143892515,0.7882836475872019
CzTPA,toluene,stddft,S0S1,0.2562917063519843,0.49825307184250356,0.514380584557635,0.5017469281574964,0.48561941544236514,0.6671461170851267,0.7801274893738916
Spiro-CN,toluene,stda,S0S1,0.223563802440346,0.7299140643022218,0.30628784041045565,0.27008593569777806,0.6937121595895445,0.46744703757117345,0.7334258973921025
CzPm,toluene,stda,S0S1,0.17625158431208207,0.6168968273740425,0.2857067446145506,0.3831031726259575,0.7142932553854495,0.26492894372543563,0.6781072760078443
Spiro-CN,toluene,stddft,S0S1,0.22442949139976984,0.7308100456969642,0.30709688888544806,0.2691899543030358,0.692903111114552,0.46920646494541834,0.7321309270870271
Spiro-CN,toluene,stda,S0T1,0.20404424639773494,0.7304514856997495,0.279339901954292,0.2695485143002505,0.720660098045708,0.5905340785330512,0.7508033818705453
CzPm,toluene,stddft,S0S1,0.18684592379167483,0.6538891724710916,0.2857455539224964,0.34611082752890815,0.7142544460775034,0.2939083828779341,0.6863543450079623
CzPm,toluene,stda,S0T1,0.14741509154194476,0.656177410304961,0.22465737044107176,0.3438225896950391,0.7753426295589284,0.38107296818669684,0.744740160280078
CzPm,toluene,stddft,S0T1,0.24457200248950547,0.7810539182040102,0.31313075421461956,0.21894608179598996,0.6868692457853802,0.5444559914667091,0.7877339131639419
Spiro-CN,toluene,stddft,S0T1,0.2015118547072736,0.7278765222950098,0.27684895519353,0.2721234777049901,0.72315104480647,0.6131431325912556,0.7651316150708143
SAF-2NP,toluene,stda,S0S1,0.3036578246211575,0.6873607119609428,0.44177361222008843,0.31263928803905694,0.5582263877799117,3.625238001362498,0.42254165567734137
Cbz-MI,toluene,stda,S0S1,0.30623742712746355,0.9166366783571317,0.3340881227623646,0.08336332164286851,0.6659118772376358,1.2328260173447028,0.5873942070784518
Cbz-MI,toluene,stda,S0T1,0.27871204114456666,0.9294940741460493,0.2998534890075838,0.0705059258539505,0.700146510992416,1.1263290254124863,0.6186160644488798
Cbz-MI,toluene,stddft,S0T1,0.2705540588343224,0.9327102127963474,0.29007300994719193,0.06728978720365283,0.7099269900528079,1.10228904322352,0.6283466058329834
SAF-2NP,toluene,stda,S0T1,0.2944935456834469,0.6744708945249098,0.4366289903300943,0.3255291054750901,0.5633710096699057,2.9708442106794877,0.5751878078602151
Cbz-MI,toluene,stddft,S0S1,0.3128087432784272,0.9166301341426402,0.3412595021993352,0.08336986585735992,0.6587404978006648,1.328598692861977,0.5807386789769662
SAF-2NP,toluene,stddft,S0S1,0.30353775049630805,0.6875700288729888,0.4414644876156738,0.3124299711270114,0.5585355123843261,3.6110759492140168,0.4273856606512106
SAF-2NP,toluene,stddft,S0T1,0.29261523665297645,0.672183849897476,0.4353202426651685,0.32781615010252413,0.5646797573348317,2.805543968179585,0.6058479077972003
MCZ-P2-DTM,toluene,stda,S0T1,0.10288539676965622,0.9217328369577291,0.11162171145951542,0.07826716304227085,0.8883782885404845,2.2051779161925227,0.6330636175212373
DPimdPPA,toluene,stda,S0T1,0.2012581901779783,0.8170079971614509,0.24633564282995285,0.18299200283854908,0.7536643571700471,0.9602164157723149,0.8330319864430652
MCZ-P2-DTM,toluene,stddft,S0T1,0.10248783710909733,0.9205073608451629,0.11133842212298903,0.07949263915483712,0.888661577877011,2.1341086037092367,0.6391883004111343
DPimdPPA,toluene,stda,S0S1,0.20032288719719687,0.6975005566686687,0.28720104275465913,0.3024994433313311,0.7127989572453407,0.39721539861928845,0.8257728468149224
MCZ-P2-DTM,toluene,stda,S0S1,0.10793430329615035,0.5339306802227383,0.20215040508839785,0.4660693197772617,0.7978495949116022,1.2665951696175763,0.6959013742693956
MCZ-P2-DTM,toluene,stddft,S0S1,0.10118196383514468,0.5614953511245455,0.18020089326207345,0.4385046488754545,0.8197991067379264,1.3255903598604004,0.6620793939364054
DPimdPPA,toluene,stddft,S0S1,0.20027073361622733,0.7006767200493417,0.2858247289878908,0.29932327995065844,0.7141752710121094,0.4845112131759294,0.8186224699978162
CDBP-BP-PXZ,toluene,stda,S0S1,0.33503118478562166,0.4337896534437468,0.772335582755129,0.5662103465562532,0.2276644172448708,1.9139920509222634,0.6667954121464429
TPB-AC,toluene,stda,S0S1,0.13884265438984944,0.8763411043283252,0.15843448824218498,0.12365889567167478,0.8415655117578149,1.0667121339750325,0.6984097564016254
TPB-AC,toluene,stda,S0T1,0.14228970337817223,0.8673995619214073,0.16404170537391247,0.13260043807859265,0.8359582946260876,0.8906055645336051,0.7392262876543249
DPimdPPA,toluene,stddft,S0T1,0.20152108727812126,0.8256671638662911,0.24407060871171532,0.174332836133709,0.7559293912882847,0.9795145279110166,0.8325611329432744
CDBP-BP-PXZ,toluene,stddft,S0T1,0.3116586916742077,0.4147112316738284,0.7515077187958299,0.5852887683261718,0.24849228120417,2.142519155978596,0.7149453406617288
CDBP-BP-PXZ,toluene,stda,S0T1,0.31379535712462364,0.4172287805959135,0.7520942267607726,0.5827712194040866,0.24790577323922758,2.1552846793750855,0.7067828003337259
TPB-AC,toluene,stddft,S0S1,0.13936076690218194,0.8770959841230682,0.15888884389490918,0.12290401587693203,0.8411111561050906,1.0880682456086748,0.6927136960048492
CDBP-BP-PXZ,toluene,stddft,S0S1,0.33757881576377696,0.43671978637535597,0.7729872249791577,0.5632802136246442,0.22701277502084236,1.9298096723762383,0.6600834052979101
TPB-AC,toluene,stddft,S0T1,0.14237537770659503,0.8652832555765363,0.16454193096771605,0.13471674442346357,0.8354580690322841,0.8508685946674558,0.7490886649797363
CTM,toluene,stda,S0S1,0.10470320519273102,0.6009735671458739,0.17422264624712933,0.3990264328541259,0.8257773537528706,1.7210070800744313,0.7006345600628161
CTM,toluene,stda,S0T1,0.047622798262358934,0.9954077773917955,0.047842501680207844,0.004592222608204511,0.9521574983197925,0.6620362384158458,0.7721605962691189
CTM,toluene,stddft,S0T1,0.04442867358546962,0.9958428278172068,0.044614142256618014,0.0041571721827931415,0.9553858577433819,0.6455476189145241,0.786685316198484
PPZTPI,toluene,stda,S0S1,0.01781270888893868,0.9917915904544657,0.01796013301622815,0.00820840954553418,0.9820398669837717,1.7678468986607894,0.6407383950167509
PPZTPI,toluene,stda,S0T1,0.019349089679220145,0.9923896284985517,0.01949747268972832,0.007610371501448363,0.9805025273102714,1.6405743738092244,0.6732609215417208
PPZTPI,toluene,stddft,S0T1,0.019519535419222602,0.9925015237152194,0.019667008012396146,0.0074984762847803196,0.9803329919876039,1.6109214730025883,0.6806236668943118
CTM,toluene,stddft,S0S1,0.10286504665964546,0.6381335832523456,0.1611967295865828,0.36186641674765435,0.8388032704134172,1.5202608570419798,0.6808287454768545
PPI-An-NPIM,toluene,stda,S0S1,0.21876802670407394,0.6916510759493055,0.31629825256009364,0.3083489240506946,0.6837017474399062,0.14219472009220996,0.9949310922476221
PPZTPI,toluene,stddft,S0S1,0.017796574856124507,0.9916709005092889,0.017946049286093585,0.008329099490711032,0.9820539507139066,1.798338778455583,0.6322567646920492
PPI-An-NPIM,toluene,stda,S0T1,0.21118404786404124,0.706125503312479,0.29907438107441753,0.2938744966875212,0.7009256189255823,0.1050791654942578,0.9964928650043768
PPI-An-NPIM,toluene,stddft,S0S1,0.22088357912992662,0.6889073725460996,0.3206288507460352,0.31109262745390065,0.6793711492539649,0.12902617254810947,0.9947462192947053
CzDCbTrz,toluene,stda,S0S1,0.1710008756136653,0.818792055136327,0.208845303933969,0.18120794486367292,0.7911546960660312,3.2913542294710396,0.5832222593993198
PPI-An-NPIM,toluene,stddft,S0T1,0.20935446255180087,0.7085205948410072,0.295481125144683,0.2914794051589928,0.7045188748553173,0.11407277022664664,0.9966126492015315
PAB,toluene,stda,S0S1,0.15494730820926175,0.746152806298908,0.207661630300416,0.25384719370109216,0.7923383696995837,2.096615909020634,0.5411537801403471
PxCN,toluene,stda,S0T1,0.019594004651204314,0.9959295995940899,0.019674086059085126,0.004070400405910152,0.9803259139409148,0.8778644803748479,0.7595091548065809
PxCN,toluene,stddft,S0S1,0.018500897725969155,0.9952936148351639,0.018588381810359742,0.004706385164836108,0.9814116181896402,0.5618033060920493,0.7174949229676211
PxCN,toluene,stddft,S0T1,0.019752393325679643,0.9960180487754454,0.019831360837250116,0.00398195122455464,0.9801686391627497,0.8917089026114512,0.7656576105396047
PAB,toluene,stda,S0T1,0.14629648543964038,0.7348045353184667,0.1990957845357269,0.26519546468153343,0.8009042154642728,1.6589945302655211,0.56421401498249
CzDCbTrz,toluene,stda,S0T1,0.25520900548853825,0.7225106090333221,0.3532252707403055,0.27748939096667785,0.6467747292596944,2.6195381648624454,0.6884954585719301
PAB,toluene,stddft,S0T1,0.1458019872731454,0.7333496399115508,0.1988164708047454,0.26665036008844945,0.8011835291952547,1.604677002728736,0.566897642535916
PxCN,toluene,stda,S0S1,0.018409620906482235,0.9953768336708647,0.018495126954672158,0.004623166329135487,0.9815048730453276,0.5626140352833213,0.7236745056365342
CzDCbTrz,toluene,stddft,S0T1,0.2242629210476189,0.7757663081261981,0.2890856675502036,0.22423369187380188,0.7109143324497965,2.758097276028451,0.6941048326803271
PAB,toluene,stddft,S0S1,0.12356016713467198,0.8619772857626972,0.1433450384082257,0.13802271423730286,0.8566549615917745,1.3500150645756863,0.5611182572295882
CzDCbTrz,toluene,stddft,S0S1,0.25580886218842763,0.5050836730798879,0.5064682859942039,0.4949163269201121,0.49353171400579604,0.6920035139947007,0.772212606031644
tBuCz2,toluene,stda,S0T1,0.38367705763924825,0.7697975754501664,0.49841292032503415,0.2302024245498337,0.5015870796749659,2.066280350634888,0.6779667576049146
tBuCz2,toluene,stda,S0S1,0.11833415717694964,0.5732190218483852,0.20643794547391814,0.42678097815161486,0.793562054526082,2.5132962212581065,0.7547795249265306
SFX-bPy,toluene,stda,S0T1,0.024722673677911075,0.9877527412401826,0.025029212925160076,0.012247258759817439,0.9749707870748399,0.639606759222724,0.8968135797444087
SFX-bPy,toluene,stda,S0S1,0.021701623064363445,0.9987116633458739,0.021729618127877753,0.0012883366541259313,0.9782703818721222,0.34076823999192457,0.6597388524550384
SFX-bPy,toluene,stddft,S0S1,0.02067104933790544,0.998813269299704,0.020695609453004655,0.0011867307002959937,0.9793043905469953,0.33894794580236204,0.6356372756154687
SFX-bPy,toluene,stddft,S0T1,0.02423918401201811,0.9889694825580381,0.024509536886135032,0.01103051744196205,0.9754904631138652,0.5624333078209638,0.9184895842655265
tBuCz2,toluene,stddft,S0S1,0.1150787004627794,0.5534076956711662,0.20794560929119957,0.4465923043288337,0.7920543907088005,2.6456364695640846,0.7600003869001036
tBuCz2,toluene,stddft,S0T1,0.3262407316534671,0.851992799957658,0.38291489278979884,0.14800720004234197,0.6170851072102012,1.500736687824577,0.7265391892137727
IP-PPI,toluene,stda,S0T1,0.02847318271948523,0.9981996588781167,0.02852453661573721,0.001800341121883557,0.9714754633842625,0.5757562407898739,0.8072768320021875
IP-PPI,toluene,stddft,S0T1,0.02827528284697358,0.9982204312184294,0.028325690361256907,0.0017795687815707999,0.9716743096387433,0.5596170735743725,0.8162750111973032
DNFPh,toluene,stda,S0S1,0.37233560651002784,0.6384570658736834,0.5831803364890524,0.36154293412631655,0.4168196635109478,2.1900769815978607,0.5556281025283563
DNFPh,toluene,stda,S0T1,0.3272831191854251,0.6686622646301242,0.48945953210992743,0.3313377353698759,0.5105404678900725,0.7829692509011567,0.9238280979068616
IP-PPI,toluene,stda,S0S1,0.06971700467556952,0.9539506851612686,0.073082399079973,0.04604931483873137,0.9269176009200272,0.8528104566842689,0.7695071267501411
DNFPh,toluene,stddft,S0T1,0.31616368781529525,0.6537712671991993,0.4835998516266431,0.3462287328008006,0.5164001483733569,0.6626578991565505,0.9408716491004827
IP-PPI,toluene,stddft,S0S1,0.09995457761471326,0.9158571473482682,0.10913773824238558,0.0841428526517318,0.8908622617576143,0.7048466679088206,0.7242925191052386
DNFPh,toluene,stddft,S0S1,0.3899393205009293,0.6560807820682479,0.5943465060379811,0.34391921793175206,0.4056534939620188,2.1775664710457656,0.5565383613451449
PhCz-Pyr,toluene,stda,S0T1,0.033678773314835805,0.9575080547079287,0.03517335770622727,0.04249194529207115,0.9648266422937727,0.9295643618371146,0.643587189580312
PhCz-Pyr,toluene,stddft,S0T1,0.03314103475942287,0.95857244755544,0.03457332290734981,0.04142755244455982,0.9654266770926502,0.9164871288198901,0.6461888662326558
BTZPP,toluene,stda,S0S1,0.07768247195007853,0.9959211876790868,0.07800062184750904,0.004078812320913354,0.921999378152491,0.6400485669859538,0.8571627203979192
PhCz-Pyr,toluene,stda,S0S1,0.02660115148333391,0.9991994824046458,0.026622463233584064,0.0008005175953542731,0.9733775367664158,0.18969073570590259,0.745026119233776
PhCz-Pyr,toluene,stddft,S0S1,0.023762991426132356,0.9992493271309383,0.023780843059820776,0.0007506728690617619,0.9762191569401791,0.13291195496492073,0.7505989426261916
BTZPP,toluene,stda,S0T1,0.05846609034754665,0.9863348613446872,0.05927610656267267,0.013665138655312796,0.9407238934373274,0.46201138473115577,0.8988312564191024
Cbz-PYR,toluene,stda,S0S1,0.20746580113532911,0.7282055366589578,0.28490006006709623,0.271794463341042,0.7150999399329037,0.28178630142495015,0.7083315468900955
Cbz-PYR,toluene,stda,S0T1,0.32721778481435115,0.5723952312657834,0.5716640652137305,0.4276047687342168,0.4283359347862696,0.9831756953197317,0.7279961489127836
BTZPP,toluene,stddft,S0S1,0.07661731591472114,0.9956979957615818,0.07694834803410312,0.00430200423841828,0.9230516519658969,0.6588526370812868,0.8592826039329656
BTZPP,toluene,stddft,S0T1,0.0619231950284502,0.985743431495685,0.06281877520045262,0.01425656850431508,0.9371812247995475,0.4463355170826243,0.8981022980468338
Cbz-PYR,toluene,stddft,S0S1,0.21170521911913215,0.7304516889864267,0.289827817925774,0.2695483110135734,0.710172182074226,0.2956431020965767,0.7115729980543851
Cbz-PYR,toluene,stddft,S0T1,0.32583005636505374,0.5725628232065656,0.5690730224856091,0.4274371767934344,0.43092697751439074,0.9935288279438302,0.7291507870133124
IABTCN,toluene,stda,S0S1,0.045512134495217633,0.882844069868918,0.05155172475924898,0.11715593013108204,0.9484482752407507,2.4006215901998544,0.684288490094251
IABTCN,toluene,stda,S0T1,0.04703060251146811,0.9069079034231191,0.05185819015795468,0.09309209657688103,0.9481418098420457,1.2113089413087264,0.8191093234220905
IABTCN,toluene,stddft,S0S1,0.044901904526239635,0.8825810413128365,0.0508756730820415,0.11741895868716347,0.9491243269179588,2.361136951258954,0.6808848701727234
IABTCN,toluene,stddft,S0T1,0.04667952187757712,0.9109646763509905,0.051241857219490816,0.08903532364900937,0.9487581427805093,1.044874736934302,0.8336288604284007
2TDBA-SBA,toluene,stda,S0S1,0.07125122864357224,0.6976899310518333,0.10212449036802682,0.30231006894816664,0.897875509631973,0.9311008387313469,0.5801221392748013
Tri-PXZ-PCN,toluene,stda,S0T1,0.028515363611041473,0.9930162390007239,0.028715908653957758,0.0069837609992766305,0.9712840913460424,1.0790942518898798,0.5810445465127911
Tri-PXZ-PCN,toluene,stddft,S0T1,0.02789662669935032,0.9932313030625534,0.02808673731217813,0.006768696937446615,0.971913262687822,1.0620228816656614,0.5953897080008199
2TDBA-SBA,toluene,stddft,S0S1,0.20342718699301737,0.5128451598202121,0.396663950312669,0.48715484017978816,0.6033360496873311,0.7694692433578281,0.6226524150660548
2TDBA-SBA,toluene,stda,S0T1,0.13844957264443358,0.8215126264680199,0.16853006050519076,0.17848737353198002,0.8314699394948092,1.9147589315347053,0.5959121181933815
CBZ,toluene,stda,S0S1,0.24387584671079765,0.8917307457858317,0.27348596856541457,0.10826925421416826,0.7265140314345853,1.123508186519796,0.7578879891110282
2TDBA-SBA,toluene,stddft,S0T1,0.13832405997393415,0.821500536878472,0.16837975602491542,0.17849946312152803,0.8316202439750847,1.8535633250199004,0.5980568929483355
Tri-PXZ-PCN,toluene,stddft,S0S1,0.04867035572842333,0.058551244960332025,0.8312437380519763,0.9414487550396679,0.1687562619480236,2.99932638531469,0.5546447151551634
CBZ,toluene,stda,S0T1,0.08885272158704419,0.8299711339175686,0.10705519500135881,0.17002886608243117,0.892944804998641,2.2861144329144447,0.5598026396723973
DPF-AnCN,toluene,stda,S0S1,0.20438831602497565,0.6954184991824306,0.2939069298059585,0.3045815008175695,0.7060930701940412,0.049602994017539814,0.9902689813933051
DPF-AnCN,toluene,stda,S0T1,0.2029961955227748,0.7140960937997727,0.2842701385504196,0.2859039062002272,0.7157298614495802,0.04711460427781219,0.9956424642736269
Tri-PXZ-PCN,toluene,stda,S0S1,0.05940452629496901,0.07203813349571284,0.8246261169232586,0.9279618665042869,0.17537388307674134,3.0474470901485406,0.5415825758319792
CBZ,toluene,stddft,S0T1,0.1975822235494353,0.8696815939771074,0.22718915165937875,0.1303184060228926,0.7728108483406213,0.6878766783184626,0.819674615904409
CBZ,toluene,stddft,S0S1,0.24611135364174877,0.891799606941192,0.2759715879286972,0.10820039305880788,0.7240284120713029,1.1607413558581328,0.7603343846241857
DPF-AnCN,toluene,stddft,S0S1,0.20632132381838456,0.6930445229934238,0.2977028415537198,0.3069554770065761,0.7022971584462803,0.047192330196601476,0.9905822357696157
DPF-AnCN,toluene,stddft,S0T1,0.20174546910533012,0.7168062751164567,0.28145047847488963,0.28319372488354344,0.7185495215251102,0.05654148294306856,0.9959432278642154
mTPA–PPI,toluene,stda,S0T1,0.14587734366724758,0.8386054555918766,0.17395229508051469,0.16139454440812337,0.8260477049194853,2.3493391970116635,0.7658126894393993
BSBFB,toluene,stda,S0S1,0.23120543026400467,0.6192276273130514,0.3733771234775971,0.3807723726869486,0.626622876522403,0.4250211411400026,0.9569770346395361
BSBFB,toluene,stddft,S0S1,0.22896121978121653,0.6214489370748296,0.3684312678350385,0.3785510629251703,0.6315687321649617,0.4088810272462202,0.9578962576211772
BSBFB,toluene,stddft,S0T1,0.2373460303015467,0.6189260058477396,0.38348046141065784,0.3810739941522605,0.6165195385893423,0.1897596258361564,0.9804168268193474
mTPA–PPI,toluene,stddft,S0T1,0.1456644438167084,0.837684477547352,0.1738893911979817,0.16231552245264796,0.8261106088020188,2.2931174886860206,0.7754535584548603
BSBFB,toluene,stda,S0T1,0.2385029670610549,0.6136050186319081,0.3886913565225076,0.3863949813680919,0.6113086434774926,0.1936589419615046,0.9794547748405952
Cz2ICz,toluene,stda,S0S1,0.1087069531372037,0.654629459027337,0.16605875528229802,0.3453705409726631,0.833941244717702,2.150532963793153,0.5920588962777026
Cz2ICz,toluene,stda,S0T1,0.11264541986604446,0.6827407239447814,0.16499004075104062,0.31725927605521853,0.835009959248959,1.7280152544059815,0.6044735413000484
mTPA–PPI,toluene,stda,S0S1,0.1821690791166666,0.8566208268259307,0.21266010983139944,0.1433791731740692,0.7873398901686006,0.5344966814245095,0.7696370675050119
mTPA–PPI,toluene,stddft,S0S1,0.1786184073502455,0.8528623707409109,0.20943403470254357,0.1471376292590892,0.7905659652974563,0.5337761621544972,0.770523893569414
Cz2ICz,toluene,stddft,S0T1,0.11349479890834449,0.6860327424040584,0.16543641708794493,0.31396725759594174,0.8345635829120552,1.6724787639932672,0.6062269347142043
Cz2ICz,toluene,stddft,S0S1,0.32291907239797246,0.8759729276944122,0.36864047071398137,0.1240270723055881,0.6313595292860189,2.546786837105803,0.6129195332963134
mTPA-PPI,toluene,stddft,S0T1,0.14208109757611706,0.8369932777552025,0.1697517786011083,0.1630067222447974,0.8302482213988915,2.335220741830418,0.781711145591429
mTPA-PPI,toluene,stda,S0T1,0.14220441006523368,0.8379713073080463,0.16970081054691527,0.16202869269195364,0.8302991894530849,2.3925151841879373,0.7722646157635148
POZDBPHZ,toluene,stda,S0S1,0.24584855206559095,0.7353468409360593,0.3343300581160289,0.2646531590639409,0.6656699418839712,2.0072923732638066,0.4254029437132277
POZDBPHZ,toluene,stddft,S0S1,0.2483741112689982,0.7326610363656209,0.33900275699259613,0.26733896363437937,0.660997243007404,2.002440413181147,0.42868768516524214
POZDBPHZ,toluene,stda,S0T1,0.3059043077659523,0.42217429232699105,0.7245924570154002,0.5778257076730089,0.2754075429845995,1.2253848671448317,0.7509905817848356
mTPA-PPI,toluene,stddft,S0S1,0.1662193691996358,0.8429334452105804,0.19719156968331128,0.15706655478941944,0.8028084303166889,0.9257924053701826,0.7616651609638412
mTPA-PPI,toluene,stda,S0S1,0.1824640161822192,0.8571559268349319,0.21287143968772612,0.14284407316506811,0.787128560312274,0.5255749233095889,0.7737596437836723
POZDBPHZ,toluene,stddft,S0T1,0.30425584276989787,0.4206651749870986,0.7232731893702138,0.5793348250129016,0.2767268106297861,1.2059694297329806,0.7571419294898466
DBT-SADF,toluene,stda,S0S1,0.2776224414297823,0.6781045545910312,0.4094094923123146,0.32189544540896886,0.5905905076876855,3.4053648299631933,0.38576846806319665
DBT-SADF,toluene,stda,S0T1,0.32881270051781103,0.6584394204509981,0.49938185701668764,0.34156057954900176,0.5006181429833123,1.129125651498217,0.7125498276145181
DBT-SADF,toluene,stddft,S0S1,0.27533372217589974,0.677320476687779,0.4065043530388037,0.32267952331222105,0.5934956469611963,3.3543220755855496,0.4001892450610315
DBT-SADF,toluene,stddft,S0T1,0.32835456765806803,0.6562076751873744,0.5003820895028532,0.34379232481262556,0.4996179104971469,1.1257887188567313,0.7167503676796664
N-BPyIA,toluene,stda,S0S1,0.21763889971758923,0.6891093123518076,0.3158263802513804,0.3108906876481928,0.6841736197486199,0.07474975106852766,0.9952444253286635
DPCN,toluene,stddft,S0T1,0.34188752671893924,0.6689009695193366,0.5111183004632436,0.3310990304806633,0.48888169953675664,0.795191635806364,0.766989071708763
N-BPyIA,toluene,stda,S0T1,0.21027987541576382,0.7056500849945873,0.297994544161894,0.29434991500541285,0.7020054558381061,0.09049428465254862,0.9961160403098092
N-BPyIA,toluene,stddft,S0S1,0.2193987266222183,0.6866584554448707,0.3195165294805476,0.31334154455512936,0.6804834705194526,0.061173928385883265,0.9951222843721117
N-BPyIA,toluene,stddft,S0T1,0.20862631113117816,0.7081361713117572,0.2946132673108861,0.2918638286882429,0.7053867326891142,0.10235993690624753,0.9962028838601755
DPCN,toluene,stda,S0T1,0.34322915786061237,0.6712943458007461,0.5112945759303175,0.32870565419925385,0.48870542406968265,0.8058428106248093,0.7625233876494928
DPCN,toluene,stddft,S0S1,0.024911655149532884,0.9944806819168663,0.025049913590594386,0.005519318083133518,0.9749500864094057,0.4329978176995248,0.7439211693909945
2Cz-DMAC-BTB,toluene,stda,S0S1,0.025437567908666463,0.8088387127983433,0.031449493584029854,0.19116128720165682,0.9685505064159701,4.765892959073949,0.37911907890363705
"NAP-1,5-DPA",toluene,stda,S0S1,0.23655536665220298,0.8227703687650344,0.2875107996502948,0.1772296312349657,0.7124892003497052,1.1453574567629543,0.683138552077252
2Cz-DMAC-BTB,toluene,stddft,S0S1,0.02800657868673554,0.810075382808481,0.03457280554513146,0.1899246171915191,0.9654271944548685,4.604956662251753,0.40652442450537807
DPCN,toluene,stda,S0S1,0.026354711707880833,0.9939552408151108,0.026514988427716504,0.006044759184889078,0.9734850115722835,0.44322778255741946,0.7423600183771247
"NAP-1,5-DPA",toluene,stddft,S0S1,0.23697701302729116,0.8216450170175257,0.2884177572055262,0.17835498298247449,0.711582242794474,1.1392344432974026,0.683869965729545
2Cz-DMAC-BTB,toluene,stda,S0T1,0.22473314116102297,0.7611982598157137,0.2952360154047527,0.23880174018428607,0.7047639845952473,1.6804740293393634,0.8011924294776737
"NAP-1,5-DPA",toluene,stda,S0T1,0.22733384936529633,0.7780273942104359,0.2921926028016033,0.22197260578956385,0.7078073971983971,0.7232787890543072,0.8190272038894425
2Cz-DMAC-BTB,toluene,stddft,S0T1,0.2216384568837016,0.6466959049155073,0.3427243859115813,0.35330409508449295,0.6572756140884187,0.7213863066038814,0.8077342999436842
"NAP-1,5-DPA",toluene,stddft,S0T1,0.22574431059224215,0.770767041298711,0.2928826720611616,0.229232958701289,0.7071173279388384,0.6588901267902992,0.8376318483489145
α-2DMAC-DBP,toluene,stda,S0S1,0.22879896789995177,0.7957742264986517,0.2875174393453913,0.20422577350134835,0.7124825606546087,1.4659595558810437,0.5183523986440879
α-2DMAC-DBP,toluene,stda,S0T1,0.2189910305153191,0.8222182318592649,0.2663417351134616,0.17778176814073496,0.7336582648865384,1.4101762836651135,0.5954325016073178
α-2DMAC-DBP,toluene,stddft,S0T1,0.21554068724478406,0.8265422617878975,0.2607739461241183,0.17345773821210253,0.7392260538758817,1.3731962135908196,0.6177376285900515
MPAc,toluene,stda,S0T1,0.19606817933862897,0.4435651123034932,0.44202795463426003,0.5564348876965067,0.5579720453657397,0.5386688647876311,0.7496254704056765
2CzBN,toluene,stddft,S0S1,0.3093221052848727,0.6242932948322655,0.4954756167419371,0.3757067051677344,0.5045243832580628,1.125989636040032,0.7281764651947877
2CzBN,toluene,stddft,S0T1,0.20951533940644523,0.709917676670578,0.2951262467347553,0.2900823233294222,0.7048737532652447,1.2315807175467042,0.7482643019755768
α-2DMAC-DBP,toluene,stddft,S0S1,0.229987513238088,0.7962015183111277,0.28885590889845164,0.20379848168887205,0.7111440911015482,1.4784222531206026,0.5176315161628142
2CzBN,toluene,stda,S0S1,0.31238864469747907,0.6329091759401606,0.49357578713160316,0.3670908240598393,0.5064242128683967,1.1543064973368737,0.7301567165889167
MPAc,toluene,stda,S0S1,0.3702368805076493,0.7027359653634284,0.5268506220770653,0.2972640346365715,0.4731493779229347,1.3557620121935572,0.6382940516351145
2CzBN,toluene,stda,S0T1,0.20579312605788994,0.7086523586746886,0.29040067889248444,0.2913476413253113,0.7095993211075156,1.3204917404267864,0.7421671496490986
MPAc,toluene,stddft,S0S1,0.3735716577636983,0.6936229574408638,0.5385802960472915,0.3063770425591362,0.4614197039527084,1.38317376138296,0.6355894274047948
MPAc,toluene,stddft,S0T1,0.2774876989329733,0.5601145702458001,0.4954123918097701,0.43988542975419986,0.50458760819023,0.3151978129673602,0.9038254763808902
DMF-AnCN,toluene,stda,S0S1,0.2135993152153398,0.6946297215790677,0.30750097293529993,0.30537027842093234,0.6924990270647001,0.2439817043333342,0.9896964443626992
DMF-AnCN,toluene,stddft,S0S1,0.2156032335896456,0.6916971161954864,0.31170179626527766,0.3083028838045134,0.688298203734722,0.22554923071644187,0.9900744497220102
Me-DMAC,toluene,stda,S0S1,0.1618505539575441,0.7802885214376356,0.20742398421976527,0.2197114785623644,0.792576015780235,2.9010469910352743,0.3413040806817763
DMF-AnCN,toluene,stddft,S0T1,0.2073240854542762,0.7097722098986877,0.2920994687631817,0.29022779010131217,0.7079005312368186,0.08576973543952943,0.9957403115052382
DMF-AnCN,toluene,stda,S0T1,0.20888434100091627,0.7074306452089916,0.2952718297059452,0.2925693547910085,0.7047281702940545,0.09047721630204436,0.9954008980166371
TDPA–TRZ,toluene,stda,S0S1,0.09009081174983935,0.9273719164815019,0.0971463661436381,0.07262808351849827,0.9028536338563617,1.5512681536135382,0.696190961393017
Me-DMAC,toluene,stddft,S0S1,0.16167219810889524,0.7803510643857542,0.20717880129522723,0.2196489356142459,0.7928211987047726,2.9045672560085554,0.3398047205111188
Me-DMAC,toluene,stddft,S0T1,0.3220389374560226,0.7704656582240625,0.4179796127426733,0.22953434177593723,0.5820203872573266,0.6139508922425345,0.7135252556979996
Me-DMAC,toluene,stda,S0T1,0.3227702619795871,0.7736946455524631,0.4171804261991632,0.22630535444753677,0.5828195738008368,0.6099767057130691,0.7084253900190989
TDPA–TRZ,toluene,stddft,S0S1,0.09078048762239822,0.9277240258533024,0.09785290139370931,0.07227597414669759,0.9021470986062907,1.5881905508038223,0.6921009059140963
TDPA–TRZ,toluene,stda,S0T1,0.12863966208712746,0.8309020288654826,0.15481928990205096,0.16909797113451744,0.8451807100979494,1.0275602215219952,0.7832974327853898
TDPA–TRZ,toluene,stddft,S0T1,0.12685432124499268,0.8325204509310516,0.15237381989009974,0.1674795490689483,0.8476261801099003,1.027192518849091,0.7914480682054539
DFPBI,toluene,stda,S0S1,0.16401271340038157,0.8624828491078215,0.1901634491283407,0.13751715089217859,0.8098365508716593,1.7788384672244961,0.7955854307110151
2BTPA-INN,toluene,stda,S0S1,0.11785137315087633,0.8271600222029973,0.1424771144487854,0.17283997779700247,0.8575228855512145,0.7384636412962634,0.7124807400534191
DFPBI,toluene,stddft,S0S1,0.16778525860879498,0.8594208337797069,0.1952306157984098,0.14057916622029293,0.8047693842015903,1.7061516881339582,0.7966611342587353
2BTPA-INN,toluene,stda,S0T1,0.015057940306466991,0.9936229992651318,0.015154581081158157,0.006377000734868185,0.9848454189188419,1.9759419654442953,0.7753909710902173
2BTPA-INN,toluene,stddft,S0S1,0.1115430874396065,0.8405587973231723,0.1327011123966872,0.15944120267682765,0.8672988876033125,0.9052753037098883,0.7135597994877704
2BTPA-INN,toluene,stddft,S0T1,0.014834558114154708,0.9940554472349624,0.014923270281771617,0.005944552765037374,0.9850767297182286,1.893501166100265,0.7856652271244319
DFPBI,toluene,stda,S0T1,0.13207447572612713,0.8785941059732905,0.15032479142324479,0.12140589402670962,0.8496752085767553,1.6400778483688105,0.8292055251647734
DFPBI,toluene,stddft,S0T1,0.12830943287263943,0.88066601384423,0.14569590611604374,0.11933398615576984,0.8543040938839565,1.5790034662809083,0.8344060657209158
ECDPTT,toluene,stda,S0S1,0.08254551996756887,0.8641834680425847,0.09551851316311138,0.1358165319574155,0.9044814868368888,2.219615018315943,0.8710393609476678
PSPSF,toluene,stda,S0S1,0.2296790750265,0.6207761548189153,0.36998694818343814,0.3792238451810846,0.6300130518165619,0.8278557642132243,0.9097133403349956
PSPSF,toluene,stda,S0T1,0.23248795918714107,0.607360883473698,0.38278388601100793,0.3926391165263018,0.617216113988992,0.1229118381763213,0.9759670959696187
ECDPTT,toluene,stda,S0T1,0.08684389339978862,0.8811298848208867,0.09855969579041343,0.11887011517911325,0.9014403042095864,1.0336858768298336,0.956402694530418
PSPSF,toluene,stddft,S0S1,0.22958546461472357,0.6180291094875122,0.37148001783460094,0.38197089051248784,0.6285199821653991,0.8246866585718767,0.9120551367378533
ECDPTT,toluene,stddft,S0T1,0.08644590713693591,0.8831545134657262,0.09788310631816834,0.11684548653427368,0.9021168936818315,0.947571229881084,0.9609454712720601
PSPSF,toluene,stddft,S0T1,0.2321236334973031,0.6097875901763032,0.38066309849006763,0.39021240982369687,0.6193369015099324,0.10726304211901015,0.9771893330940117
ECDPTT,toluene,stddft,S0S1,0.0818827787255182,0.8626185053380898,0.09492351279135326,0.1373814946619103,0.9050764872086465,2.2304374142677537,0.8682310316404954
C2MPI,toluene,stda,S0S1,0.17456837211141654,0.8928386483045918,0.1955206267592737,0.10716135169540815,0.8044793732407262,0.11006892357311103,0.6506517797641334
12BTCzTPN,toluene,stda,S0S1,0.0706586209987966,0.7692282399895107,0.0918565093238908,0.23077176001048919,0.9081434906761092,1.2237175575613208,0.49925504480501387
C2MPI,toluene,stda,S0T1,0.10506763489181013,0.8816565370790433,0.11917070931034279,0.1183434629209564,0.8808292906896573,0.47039013722238154,0.7436906822077418
C2MPI,toluene,stddft,S0S1,0.18569040263416467,0.8943453852488429,0.2076271714450655,0.10565461475115688,0.7923728285549345,0.09367650003208476,0.6451621863028616
12BTCzTPN,toluene,stddft,S0S1,0.07417355323938515,0.7861167049220087,0.09435437865010639,0.2138832950779913,0.9056456213498936,1.2894616776266743,0.5040024406726654
12BTCzTPN,toluene,stddft,S0T1,0.07044999692241673,0.7900420002012336,0.0891724704565988,0.20995799979876625,0.9108275295434012,1.1590309702251633,0.6040142604490013
12BTCzTPN,toluene,stda,S0T1,0.07134065237084024,0.7901281969523212,0.09028997148312777,0.20987180304767897,0.909710028516872,1.1878245429623877,0.5920308050506193
C2MPI,toluene,stddft,S0T1,0.10493093913898197,0.8815161690240613,0.1190346165234297,0.1184838309759387,0.8809653834765705,0.45664995150428356,0.7507939291541186
p-PO15NCzDPA,toluene,stda,S0S1,0.22290870665664803,0.6927061306604182,0.32179404337612744,0.30729386933958186,0.6782059566238725,0.28209464808889345,0.9899903087252057
p-PO15NCzDPA,toluene,stda,S0T1,0.21171772773775174,0.7062514829866186,0.299776684138677,0.2937485170133815,0.7002233158613232,0.021190861368016223,0.995834146718565
p-PO15NCzDPA,toluene,stddft,S0S1,0.2244663876400604,0.6903430135209705,0.32515196539066854,0.30965698647902956,0.6748480346093317,0.2772919188624286,0.9904167686734408
Diphenylsulfane,toluene,stda,S0S1,0.09783067969217325,0.6580218911967274,0.14867389824106175,0.3419781088032727,0.8513261017589384,1.6778609337645027,0.5933885313685308
Diphenylsulfane,toluene,stddft,S0S1,0.0963806150571655,0.6541449405167058,0.14733831768389882,0.34585505948329404,0.8526616823161012,1.7225678686280825,0.5940110156053645
p-PO15NCzDPA,toluene,stddft,S0T1,0.209779290196652,0.708615296931937,0.29604115393066577,0.2913847030680629,0.7039588460693341,0.020420043302893737,0.9961002461668601
Diphenylsulfane,toluene,stddft,S0T1,0.15447914588404954,0.8447332349439723,0.1828732900443955,0.1552667650560276,0.8171267099556044,0.4765913319092743,0.9620660645450327
Diphenylsulfane,toluene,stda,S0T1,0.16164675877854656,0.8299197857285802,0.1947739547342375,0.17008021427141984,0.8052260452657625,0.5646369135020711,0.9560056288099203
DQP,toluene,stda,S0S1,0.11217515551999102,0.13825569739001994,0.8113600932013991,0.8617443026099798,0.18863990679860126,0.8255204543209058,0.8889536253438288
CAPI,toluene,stda,S0S1,0.014875823770706141,0.9896685386258948,0.015031117177232368,0.01033146137410531,0.9849688828227674,3.4805307577794697,0.5862492287440065
CAPI,toluene,stda,S0T1,0.014202183337012161,0.9959328356795045,0.014260181839794751,0.004067164320495411,0.9857398181602055,0.3464594826009136,0.9760632549879231
CAPI,toluene,stddft,S0S1,0.015267511128586918,0.9901412607916119,0.015419528236183831,0.009858739208388052,0.9845804717638164,3.046384310627817,0.669232242507401
CAPI,toluene,stddft,S0T1,0.013909022351825359,0.9962128914044562,0.01396189757413848,0.0037871085955440494,0.9860381024258615,0.2602785813640778,0.9816190151695063
DQP,toluene,stda,S0T1,0.2725468218334639,0.7702358397910088,0.35384853281744866,0.22976416020899137,0.6461514671825517,0.4972330728558052,0.9227261140453514
DQP,toluene,stddft,S0S1,0.11648323660479812,0.1446374281230259,0.8053464315316755,0.8553625718769744,0.1946535684683243,0.8263098131290393,0.8881483323503425
PSPCz,toluene,stda,S0T1,0.32826293079480534,0.48409187708934676,0.6781004729278266,0.515908122910653,0.3218995270721732,0.267560467504225,0.7163413685404277
PSPCz,toluene,stddft,S0T1,0.32625074718608543,0.47986205228179013,0.6798844493635865,0.5201379477182099,0.32011555063641345,0.263643477557542,0.7190364519943437
PSPCz,toluene,stda,S0S1,0.18580604162434758,0.24624264472115273,0.7545648392249682,0.753757355278847,0.2454351607750317,0.8248082207228891,0.7801248190024012
PSPCz,toluene,stddft,S0S1,0.1848655382663163,0.24575507936967367,0.7522348622069979,0.7542449206303264,0.24776513779300222,0.8446723733020978,0.783371813628699
DQP,toluene,stddft,S0T1,0.26869344556203467,0.7344838856946931,0.3658261955031154,0.26551611430530686,0.6341738044968843,0.3219811252281957,0.9322707134801379
1PXZ-BP,toluene,stda,S0S1,0.38731116175675434,0.9680774645332162,0.4000828197602002,0.03192253546678372,0.5999171802397998,2.6504178584315,0.4353758556597104
1PXZ-BP,toluene,stda,S0T1,0.019301928523711657,0.9907104661423073,0.01948291572902299,0.00928953385769248,0.9805170842709767,0.7554546726932582,0.7031579087707054
1PXZ-BP,toluene,stddft,S0S1,0.3871784909633215,0.9681398976768091,0.3999199825277442,0.031860102323190635,0.6000800174722558,2.627993368759612,0.4387499097531844
CBPPY,toluene,stda,S0T1,0.028595403621236287,0.9942973467430514,0.028759408556106685,0.005702653256948853,0.971240591443893,0.7467196420760974,0.6852028857388577
1PXZ-BP,toluene,stddft,S0T1,0.019439734183228936,0.990851243376625,0.019619225704336978,0.009148756623375385,0.9803807742956628,0.733958911953177,0.7108946813896254
CBPPY,toluene,stddft,S0T1,0.02837989803707359,0.9944280086434057,0.028538916633884158,0.005571991356594486,0.9714610833661159,0.7527094302680674,0.687606509601655
BuCzCF3oB,toluene,stda,S0S1,0.06389769183443883,0.9749732405938428,0.06553789291234252,0.025026759406157284,0.9344621070876576,2.737825551562596,0.4407822107355306
CzCNoB,toluene,stda,S0S1,0.07155616256633204,0.9771850705229168,0.07322682747091143,0.022814929477083315,0.9267731725290889,2.326546807818753,0.42795312178407374
CBPPY,toluene,stda,S0S1,0.027044114787358377,0.9998302931961791,0.027048705136654614,0.0001697068038209372,0.9729512948633456,1.2377195447497213,0.7794465922699128
BuCzCF3oB,toluene,stddft,S0S1,0.06373780801089221,0.9753222774834162,0.06535050975699258,0.024677722516583678,0.9346494902430076,2.7432595504299613,0.4400234351695901
BuCzCF3oB,toluene,stda,S0T1,0.05453243859496022,0.9798475909373993,0.0556540007847447,0.020152409062600636,0.9443459992152554,2.5600400832584613,0.5033743429793511
BuCzCF3oB,toluene,stddft,S0T1,0.05320059468772404,0.9801559399782458,0.05427768431307452,0.019844060021754276,0.9457223156869252,2.519726033593486,0.5157361706896624
CzCNoB,toluene,stda,S0T1,0.06058336833807434,0.98020637576959,0.06180674788052514,0.01979362423041004,0.9381932521194747,2.1834984636700523,0.5050541578729013
CBPPY,toluene,stddft,S0S1,0.02547665369811292,0.9998242629290868,0.02548113167755749,0.00017573707091300708,0.9745188683224426,1.2369181521837567,0.7828625662819495
CzCNoB,toluene,stddft,S0S1,0.07123650766039286,0.9775505973486399,0.07287245064716237,0.022449402651360056,0.9271275493528378,2.3318025259371007,0.428411512406164
1CM,toluene,stda,S0T1,0.28494535113524955,0.8129553158316302,0.3505055512722228,0.18704468416836975,0.6494944487277767,0.8446285826418032,0.7087173887198397
1CM,toluene,stddft,S0T1,0.28396821446920345,0.8100792839386434,0.35054373084142665,0.1899207160613567,0.6494562691585734,0.8293226389382243,0.7122397562767542
CzCNoB,toluene,stddft,S0T1,0.059074035131149415,0.9804198990733,0.06025381082838754,0.01958010092669984,0.9397461891716125,2.149812032501289,0.5196138270309524
BMZ-TZ,toluene,stda,S0S1,0.2918562072151402,0.9485854370085803,0.30767519279604993,0.05141456299141958,0.6923248072039503,1.3056284006632894,0.8545771864053324
1CM,toluene,stda,S0S1,0.19236288878882207,0.6601984867163122,0.29137129614700336,0.3398015132836876,0.7086287038529966,0.7947068403695516,0.7138024019952148
1CM,toluene,stddft,S0S1,0.1965846530938623,0.6529729805325225,0.3010609304745513,0.3470270194674774,0.6989390695254487,0.7991467827575296,0.7151212335813527
BMZ-TZ,toluene,stda,S0T1,0.3022135431900705,0.9091146017609839,0.33242623383748676,0.09088539823901608,0.6675737661625132,1.2749325665785518,0.8811938394448888
BMZ-TZ,toluene,stddft,S0S1,0.2919379013512365,0.9480168736264115,0.3079458915477928,0.051983126373588685,0.6920541084522073,1.3074074372753495,0.8551107769348703
BMZ-TZ,toluene,stddft,S0T1,0.30322033526684733,0.8987629895728442,0.337375190995525,0.10123701042715585,0.662624809004475,1.254015219131203,0.8858737269573886
DMAC-FO,toluene,stddft,S0S1,0.24706836193648504,0.5580644235987842,0.44272372774314817,0.44193557640121567,0.5572762722568518,1.3256637764286707,0.707413438113897
DMAC-FO,toluene,stda,S0S1,0.2470291928545323,0.5595400416606398,0.4414861751830714,0.44045995833936014,0.5585138248169288,1.2573465613889216,0.7129044404143381
DMAC-FO,toluene,stddft,S0T1,0.252906650615393,0.5373259248487743,0.47067643476642484,0.462674075151226,0.529323565233575,1.6398389464972842,0.7462857689546298
DMAC-FO,toluene,stda,S0T1,0.2515979619016198,0.5399962557553392,0.4659253822967497,0.4600037442446608,0.5340746177032503,1.676327754252986,0.7429734787155171
3ai,toluene,stda,S0S1,0.018073937528960183,0.9822891357830854,0.018399814138788734,0.01771086421691464,0.9816001858612113,0.40043494760266996,0.9082164739504377
DC–TC,toluene,stda,S0S1,0.12750972468787597,0.8527845458420769,0.1495216175170802,0.14721545415792317,0.8504783824829196,1.094396312145223,0.6396683297122805
DC–TC,toluene,stda,S0T1,0.11027681753529404,0.8490302459577228,0.12988561722073827,0.15096975404227725,0.8701143827792616,0.8511571899930404,0.6844991412580869
DC–TC,toluene,stddft,S0S1,0.13139881879566326,0.8532376021449065,0.15400026729406566,0.14676239785509362,0.8459997327059342,1.125953587446741,0.630441519745567
3ai,toluene,stddft,S0S1,0.018886731680880217,0.9816546692451126,0.01923969016049607,0.018345330754887455,0.9807603098395037,0.40267176544840383,0.9053655348985201
3ai,toluene,stda,S0T1,0.01397485606481318,0.984807096626373,0.014190450203584505,0.015192903373627022,0.9858095497964152,0.4001300452467084,0.9115721151076491
DC–TC,toluene,stddft,S0T1,0.10958819497666007,0.8496416540311067,0.12898166474856926,0.1503583459688933,0.8710183352514308,0.8244013395412056,0.6916318596676525
3ai,toluene,stddft,S0T1,0.013557772437543221,0.9851657749176406,0.013761919854226205,0.014834225082359341,0.9862380801457737,0.40095172592364847,0.9118686291976305
trimesitylboron,toluene,stddft,S0S1,0.036519914068905736,0.8923772034294822,0.040924301885521694,0.10762279657051751,0.9590756981144783,1.5226792420824902,0.6549475319410071
trimesitylboron,toluene,stda,S0S1,0.036636243600126475,0.893758198248007,0.04099122522393956,0.10624180175199306,0.9590087747760606,1.5741082865025773,0.6587114971332267
trimesitylboron,toluene,stda,S0T1,0.040951819668980385,0.9183657117336539,0.04459206081602631,0.08163428826634597,0.9554079391839737,1.1187112676410391,0.7333962131743494
t3Cz-SO,toluene,stda,S0T1,0.04273110731871924,0.9550015683957486,0.04474454150949798,0.044998431604251404,0.9552554584905019,1.1457080755470674,0.6721537037541947
t3Cz-SO,toluene,stddft,S0T1,0.041791852071201355,0.9559091014184733,0.04371948337889705,0.04409089858152673,0.9562805166211032,1.1672472172505368,0.6758716649424302
t3Cz-SO,toluene,stda,S0S1,0.01240235276431891,0.9995029457618294,0.012408520472008949,0.0004970542381705651,0.9875914795279911,0.42624095725829514,0.7568506801905426
trimesitylboron,toluene,stddft,S0T1,0.05803992001369289,0.9422854254427085,0.06159483999916939,0.05771457455729138,0.9384051600008306,0.7047989299375844,0.9557925711545845
BPPyA,toluene,stda,S0T1,0.04369001141125784,0.9238822830471346,0.047289586793633605,0.07611771695286554,0.9527104132063667,0.14526421418470425,0.9174685117495848
t3Cz-SO,toluene,stddft,S0S1,0.011179696026398074,0.9995652319596989,0.011184558715072259,0.0004347680403009835,0.9888154412849276,0.4547244400813872,0.7592673875734004
BPPyA,toluene,stddft,S0T1,0.04151770587956258,0.930814662749308,0.04460362254815957,0.06918533725069223,0.9553963774518404,0.11607307361348924,0.930684667225812
DFDBQPXZ,toluene,stda,S0S1,0.07318325175796732,0.9555316036244236,0.0765890437117686,0.044468396375576,0.9234109562882313,0.35187906837582317,0.718565865717204
DFDBQPXZ,toluene,stda,S0T1,0.15127107522890976,0.8748630681420148,0.17290828786517506,0.12513693185798525,0.8270917121348247,0.7686673306992481,0.7638207701073177
3-ACBPmCN,toluene,stda,S0S1,0.24194184808229072,0.5293149746579131,0.45708483543027184,0.4706850253420869,0.5429151645697281,0.4988241189096728,0.695285863704406
BPPyA,toluene,stddft,S0S1,0.170110930729397,0.8124315707856463,0.20938493387805512,0.18756842921435388,0.7906150661219449,0.8805895524364263,0.7008935306317616
DFDBQPXZ,toluene,stddft,S0S1,0.10222048892070937,0.9335255436176576,0.10949940215302308,0.06647445638234258,0.8905005978469772,0.3277791785910679,0.7137965702508903
BPPyA,toluene,stda,S0S1,0.17248977584334152,0.8113494946879558,0.2125961462633078,0.18865050531204391,0.7874038537366922,0.8417086735696657,0.7046441474850725
DFDBQPXZ,toluene,stddft,S0T1,0.1555081605565554,0.8693579940290119,0.17887701226034372,0.1306420059709883,0.8211229877396563,0.7745810300492247,0.771207484629603
3-ACBPmCN,toluene,stda,S0T1,0.07151510786834371,0.611737690307618,0.11690485808121724,0.38826230969238196,0.8830951419187828,3.112944187590575,0.5472680004574139
3-ACBPmCN,toluene,stddft,S0S1,0.2420696124486385,0.5297022287017566,0.45699187077601156,0.4702977712982436,0.5430081292239886,0.4904470144532904,0.6947522948789298
CDDPI,toluene,stda,S0T1,0.13139048917418344,0.8806679147690377,0.14919413659874467,0.11933208523096234,0.8508058634012556,0.7034267251854045,0.8895115368469501
3-ACBPmCN,toluene,stddft,S0T1,0.09001549924707582,0.6737350056400946,0.13360668288499408,0.3262649943599054,0.8663933171150059,2.4141471557732896,0.680869234675734
pDPBPZ-PXZ,toluene,stda,S0S1,0.2634251155292322,0.981812309936988,0.26830496303935997,0.018187690063012102,0.73169503696064,4.085906354597684,0.4096023981603453
pDPBPZ-PXZ,toluene,stddft,S0S1,0.2651523657163466,0.9812300939984712,0.2702244533041806,0.01876990600152878,0.7297755466958192,4.0779648149244405,0.41138559223074
pDPBPZ-PXZ,toluene,stda,S0T1,0.024967283829457412,0.9919030611357095,0.02517109262761057,0.00809693886429078,0.9748289073723894,0.7030245080693763,0.7234359182826084
CDDPI,toluene,stddft,S0S1,0.1352007327290205,0.7645610315859342,0.17683445420775984,0.23543896841406559,0.8231655457922402,0.7082776549831944,0.7097536951776386
CDDPI,toluene,stddft,S0T1,0.13119001159521165,0.8778377424085428,0.1494467659083132,0.12216225759145703,0.8505532340916865,0.6219021900661997,0.9063900467680494
pDPBPZ-PXZ,toluene,stddft,S0T1,0.020906849501166624,0.9922528220528387,0.021070083184962014,0.007747177947161268,0.9789299168150382,0.7441479961214517,0.7234907636796432
BN-DBC-Ph2,toluene,stda,S0T1,0.10778454228951423,0.7407123950735655,0.14551470045105613,0.2592876049264345,0.854485299548944,1.2825942132007029,0.6147995694643306
BN-DBC-Ph2,toluene,stda,S0S1,0.09809174279902329,0.7131478791827827,0.1375475489199092,0.2868521208172173,0.8624524510800906,2.206076606290827,0.5537202458648676
BN-DBC-Ph2,toluene,stddft,S0S1,0.09840404271777996,0.7104294198835303,0.13851346800068132,0.2895705801164695,0.8614865319993187,2.1297391678052975,0.562913114742269
CDDPI,toluene,stda,S0S1,0.1376857984866298,0.7607541115553245,0.1809859406545144,0.23924588844467556,0.8190140593454854,0.7785684522189117,0.7078433680915045
BN-DBC-Ph2,toluene,stddft,S0T1,0.10870246563137442,0.7455780361590657,0.14579622837519216,0.2544219638409343,0.8542037716248084,1.2196102911387918,0.6214083667717779
TPXZ-as-TAZ,toluene,stda,S0S1,0.14644798249082333,0.9609933624703434,0.15239229344348648,0.039006637529656586,0.8476077065565134,4.981492221823727,0.4529601306263311
TPXZ-as-TAZ,toluene,stda,S0T1,0.14701990336271445,0.9533191608409962,0.1542189745069394,0.0466808391590037,0.8457810254930606,4.6357270950823,0.5039414813078427
TPXZ-as-TAZ,toluene,stddft,S0T1,0.14699537629098164,0.9515448939803659,0.15448075778757184,0.04845510601963393,0.8455192422124279,4.558175404716376,0.5168165955389402
CBPBM,toluene,stddft,S0T1,0.2806090086107302,0.7084292146704758,0.3961002776279558,0.2915707853295242,0.6038997223720441,1.106850600740272,0.6883320266318431
PhQLPXZ,toluene,stda,S0S1,0.25476896862946996,0.7786573867616441,0.32719007481458295,0.22134261323835583,0.6728099251854172,4.037819641880778,0.427264271670844
TPXZ-as-TAZ,toluene,stddft,S0S1,0.14648067213253782,0.9610740458261756,0.15241351357752825,0.03892595417382427,0.847586486422472,5.010056254999875,0.45107189519700647
PhQLPXZ,toluene,stda,S0T1,0.29150861748591717,0.7857003551790258,0.3710175457658988,0.21429964482097433,0.6289824542341012,0.5701449297847703,0.7564795594124544
CBPBM,toluene,stda,S0T1,0.28201322575135934,0.7113148241780182,0.3964675220669672,0.2886851758219819,0.6035324779330328,1.1353130333750754,0.6850837926149167
PhQLPXZ,toluene,stddft,S0S1,0.25607000442013994,0.7780840429457115,0.3291032719944964,0.22191595705428854,0.6708967280055035,4.04693109114509,0.4272282856043062
PhQLPXZ,toluene,stddft,S0T1,0.29321181957172776,0.7820520672776117,0.37492621251219566,0.21794793272238858,0.6250737874878043,0.5690840295497089,0.7608209939147914
CBPBM,toluene,stda,S0S1,0.2846938089556954,0.6345600795954074,0.44864752465552965,0.3654399204045927,0.5513524753444704,0.6642111963062606,0.7832883900153491
2Cz-DMAC-TXO,toluene,stda,S0S1,0.020251794453437437,0.8130787807196228,0.02490754270516493,0.1869212192803774,0.9750924572948351,2.2657895393774976,0.36257603925096965
2Cz-DMAC-TXO,toluene,stddft,S0S1,0.01963879873271818,0.8781313815556412,0.0223643057806764,0.1218686184443588,0.9776356942193235,1.2746272075151954,0.5153740761834967
2Cz-DMAC-TXO,toluene,stddft,S0T1,0.014719422373520825,0.9950511930020854,0.014792628235650963,0.004948806997914686,0.9852073717643488,2.435090644200777,0.6803567508388804
CBPBM,toluene,stddft,S0S1,0.2821018175177593,0.633992174077024,0.44496104061291875,0.3660078259229761,0.5550389593870809,0.6580318427337659,0.785450771590687
2Cz-DMAC-TXO,toluene,stda,S0T1,0.015072127889756448,0.9943894875843345,0.015157167365446606,0.005610512415665514,0.9848428326345533,2.5044557596847867,0.6752030619683279
SBDBQ-PXZ,toluene,stda,S0S1,0.2528686588580159,0.982661276544732,0.25733044019721785,0.017338723455267883,0.7426695598027819,4.631916283090508,0.4356598043830904
PABP,toluene,stda,S0S1,0.01690724989560074,0.9955573103260028,0.016982698756000628,0.004442689673997072,0.9830173012439991,0.015636724769586514,0.9952070176360074
SBDBQ-PXZ,toluene,stda,S0T1,0.23554823882985806,0.9767051032652339,0.24116618009099583,0.023294896734766046,0.7588338199090041,4.213080545384398,0.5220535510522339
PABP,toluene,stda,S0T1,0.014738549506149567,0.996617326324595,0.01478857442756245,0.0033826736754051043,0.9852114255724375,0.007464827172920045,0.9961617887408816
PABP,toluene,stddft,S0S1,0.017197428176102737,0.9953992653228924,0.017276914676568656,0.004600734677107682,0.9827230853234313,0.021383615878954244,0.9950380514075551
SBDBQ-PXZ,toluene,stddft,S0S1,0.2542922809471242,0.9821715058046737,0.25890822472882424,0.017828494195326266,0.7410917752711759,4.6334086736524,0.43561109138615933
SBDBQ-PXZ,toluene,stddft,S0T1,0.23341614566167274,0.9749220362497167,0.23942031976173886,0.025077963750283497,0.7605796802382612,4.118233465508117,0.5409626774355559
PABP,toluene,stddft,S0T1,0.014491770964526236,0.9967581388385597,0.014538904072970305,0.003241861161440287,0.9854610959270301,0.012775516674466397,0.996276917889256
BTD-PXZ,toluene,stda,S0S1,0.7500490136181137,0.911823303037265,0.8225815364881722,0.08817669696273499,0.17741846351182775,2.4152636257190783,0.4073554234667812
BTD-PXZ,toluene,stddft,S0T1,0.6158032950945495,0.7585258647110097,0.8118421846157665,0.24147413528899045,0.18815781538423332,1.8157054611227592,0.6307086668858802
BTD-PXZ,toluene,stda,S0T1,0.6424363309508713,0.7921770405305487,0.8109757012404818,0.20782295946945145,0.1890242987595182,1.9344671068456667,0.5940716722191742
BTD-PXZ,toluene,stddft,S0S1,0.7503898856674803,0.9091813617364781,0.8253467539570805,0.09081863826352171,0.17465324604291957,2.4190980330159864,0.41131225813058275
TPBPPI-PBI,toluene,stda,S0T1,0.01440148403680269,0.9969711446137911,0.014445236569390951,0.0030288553862088726,0.9855547634306091,0.9627092007028568,0.8409571290381274
TPBPPI-PBI,toluene,stddft,S0T1,0.014096077271004604,0.9970808613523091,0.014137346144510829,0.0029191386476908714,0.9858626538554891,0.9891037164893531,0.8571489661045375
TPBPPI-PBI,toluene,stda,S0S1,0.01885719360090007,0.9993772026518966,0.018868945129888473,0.0006227973481034089,0.9811310548701115,1.1257998317559639,0.7469271397239984
TPBPPI-PBI,toluene,stddft,S0S1,0.018356614391826065,0.9994368128945598,0.01836695842597773,0.0005631871054404178,0.9816330415740224,1.1034080060318798,0.7508563949572057
TCB,toluene,stda,S0S1,0.15754421475881988,0.7551501316165241,0.20862634880506525,0.24484986838347614,0.7913736511949345,0.7143738995579069,0.6499359687132926
TPM2CN,toluene,stda,S0T1,0.1197081115569167,0.8627300795839971,0.1387549992630826,0.13726992041600286,0.8612450007369176,1.170157960046413,0.7929661711181162
TCB,toluene,stda,S0T1,0.1649124128818262,0.821361547583977,0.20077931985848824,0.17863845241602297,0.7992206801415117,1.3101806037904111,0.6682261518727322
TPM2CN,toluene,stda,S0S1,0.1473005666880514,0.7978742082665184,0.18461627805726458,0.20212579173348164,0.8153837219427352,1.1015487275484135,0.6281113162963909
TPM2CN,toluene,stddft,S0T1,0.1209186656507457,0.8457593223744561,0.14297053836931817,0.15424067762554433,0.8570294616306818,0.9583492650321335,0.7954383658680237
TCB,toluene,stddft,S0S1,0.1653538838343219,0.7521395548425738,0.2198446854306595,0.24786044515742592,0.7801553145693403,0.7325843341221221,0.6606687861256096
TPA-AP,toluene,stda,S0T1,0.20280410140110522,0.3400468608659693,0.5964004516455195,0.6599531391340305,0.4035995483544804,0.10645623568556696,0.9363938870618752
TCB,toluene,stddft,S0T1,0.17854516923781713,0.8250330512167179,0.21640971713134105,0.17496694878328203,0.7835902828686592,1.4310629324642923,0.6825661000176773
TPA-AP,toluene,stda,S0S1,0.10540387496779481,0.6970397435408373,0.15121644919751917,0.30296025645916236,0.8487835508024808,1.1299422990014385,0.7873962536660758
TPA-AP,toluene,stddft,S0S1,0.13524950947050549,0.6413011504946536,0.2108985916619419,0.35869884950534664,0.7891014083380581,0.7590484507915104,0.7716347144904324
4-Ac,toluene,stda,S0S1,0.08160256069105569,0.8743161142757356,0.09333301692449472,0.1256838857242643,0.9066669830755053,0.7870525216154617,0.7040290546603963
TPM2CN,toluene,stddft,S0S1,0.17674792596496802,0.7106770353608284,0.24870358428738126,0.2893229646391716,0.7512964157126186,0.5794617845407438,0.68531996499209
4-Ac,toluene,stddft,S0S1,0.08329197524072723,0.8737998915162897,0.09532156738563119,0.12620010848371038,0.9046784326143688,0.754112020154919,0.7019494791181696
4-Ac,toluene,stda,S0T1,0.1092634070653744,0.8591657563099924,0.12717383841582192,0.14083424369000763,0.8728261615841781,0.287765524011618,0.7539612238261362
TPA-AP,toluene,stddft,S0T1,0.1798870310878573,0.5869504701722243,0.30647736091782063,0.41304952982777554,0.6935226390821796,1.3951221806959075,0.869479051005884
4-Ac,toluene,stddft,S0T1,0.1110699471139359,0.856936363306545,0.1296128299251595,0.1430636366934551,0.8703871700748403,0.3464320248095812,0.7616204582866152
dpmt,toluene,stda,S0T1,0.06359310271317889,0.9245093289737757,0.06878578800688635,0.07549067102622412,0.9312142119931136,0.5175112337226909,0.907316976318998
dpmt,toluene,stddft,S0T1,0.06204102003962986,0.9265590279629558,0.06695851874221907,0.07344097203704406,0.9330414812577807,0.5166702774753774,0.9067150371359965
VBN0,toluene,stda,S0S1,0.1012853763916119,0.8933307057337643,0.11337948616511294,0.10666929426623595,0.8866205138348874,0.6117317964983572,0.6874646493026195
VBN0,toluene,stda,S0T1,0.08364919433855335,0.9543000863877379,0.087655021236754,0.045699913612262034,0.9123449787632459,0.8952872586145445,0.70554049219997
VBN0,toluene,stddft,S0S1,0.11942018038181137,0.8935388823732978,0.1336485549063333,0.1064611176267023,0.8663514450936667,0.4749275282785862,0.6968356310394521
VBN0,toluene,stddft,S0T1,0.08045643272692048,0.9535377685527162,0.08437676553602863,0.046462231447283765,0.9156232344639712,0.8857742300294054,0.7094684384969183
SpiroAC-TRZ,toluene,stda,S0S1,0.1342817258302449,0.6855216782387101,0.19588253747897633,0.31447832176129,0.8041174625210236,2.3928787616481544,0.33716299561049345
SpiroAC-TRZ,toluene,stda,S0T1,0.13798800155868488,0.6961192386548007,0.19822466309843204,0.3038807613451993,0.8017753369015679,2.260828469962803,0.45692723937577917
SpiroAC-TRZ,toluene,stddft,S0S1,0.13415540403632825,0.6854342014879389,0.19572324191746493,0.3145657985120611,0.8042767580825351,2.3961640784932174,0.33571787434737255
dpmt,toluene,stddft,S0S1,0.033659734529593185,0.996510060762257,0.033777616358279375,0.003489939237743,0.9662223836417205,1.1223720590353858,0.6519864234839926
dpmt,toluene,stda,S0S1,0.034058890988973786,0.9963105644281735,0.034185014397113904,0.003689435571826675,0.965814985602886,1.1272776981352859,0.6568394830304785
DCz-DPPZ,toluene,stda,S0S1,0.3196744963073746,0.7723252278430317,0.41391176253580264,0.22767477215696835,0.5860882374641976,3.757353097632966,0.6058566641028852
SpiroAC-TRZ,toluene,stddft,S0T1,0.13744170410506446,0.6990644913050079,0.19660804663170545,0.3009355086949921,0.8033919533682944,2.210898799511656,0.47770726986584555
Cz–AQ,toluene,stda,S0S1,0.08759753444076311,0.6035198917842605,0.14514440308137597,0.3964801082157392,0.8548555969186242,3.1024942936803273,0.6314575812717306
Cz–AQ,toluene,stda,S0T1,0.10865877209289714,0.5733670843809027,0.18950995802317855,0.4266329156190974,0.8104900419768216,2.893865522598783,0.631159077713442
DCz-DPPZ,toluene,stddft,S0T1,0.3087706338762885,0.7430018745340652,0.4155718100575693,0.25699812546593476,0.5844281899424307,2.9539760107419917,0.6749319283356052
DCz-DPPZ,toluene,stda,S0T1,0.31051754863729203,0.7475042347500296,0.4154057384586338,0.25249576524997036,0.5845942615413663,3.0735887105960167,0.6669352628792304
Cz–AQ,toluene,stddft,S0T1,0.11238541436038157,0.5696637572586271,0.19728377122183438,0.43033624274137294,0.8027162287781654,2.7896372551418596,0.6414136086815729
Cz–AQ,toluene,stddft,S0S1,0.08552378665705927,0.6005398577284194,0.1424115078398934,0.39946014227158066,0.8575884921601065,3.1099943414413636,0.6240113274291262
DCz-DPPZ,toluene,stddft,S0S1,0.20040038509289052,0.5818701036655567,0.34440742672710895,0.41812989633444336,0.6555925732728912,0.6360200995442054,0.5623936460020786
CzoB,toluene,stda,S0T1,0.059784614065373005,0.9758190176564258,0.06126608826394328,0.024180982343574287,0.9387339117360567,1.5463972782610276,0.5329829686383198
CzoB,toluene,stda,S0S1,0.07049020462193904,0.9711907619297392,0.0725812140983263,0.028809238070260725,0.9274187859016737,1.8646362135807533,0.4083359952562286
CzoB,toluene,stddft,S0T1,0.05707927198337987,0.9771099794187447,0.05841642515751884,0.02289002058125537,0.9415835748424812,1.4652600751258948,0.5586502048496005
DBBPZ-DPXZ,toluene,stda,S0S1,0.18377957365676661,0.8880788168838085,0.20694061175970077,0.11192118311619137,0.7930593882402991,1.9303395888382588,0.4974620239688691
CzoB,toluene,stddft,S0S1,0.06994688725339916,0.9717118852437969,0.07198315500262703,0.02828811475620279,0.9280168449973728,1.8600654290374856,0.41294050278622707
DBBPZ-DPXZ,toluene,stda,S0T1,0.181724149407795,0.8664064494844549,0.2097446868221351,0.13359355051554528,0.7902553131778649,1.8614925491150887,0.5501115415109427
DBBPZ-DPXZ,toluene,stddft,S0S1,0.18295699104914345,0.888651653849052,0.20588156254106388,0.11134834615094798,0.7941184374589358,1.9114814775354192,0.5133854554788727
pDPAPQ-PXZ,toluene,stda,S0S1,0.08997637493429421,0.9879670281320856,0.09107224469262842,0.012032971867914754,0.9089277553073719,3.711165727209015,0.4393064653120282
DBBPZ-DPXZ,toluene,stddft,S0T1,0.1811075101508006,0.8654770180464805,0.2092574457489225,0.13452298195351964,0.7907425542510775,1.8010534457020535,0.5642095793628064
pDPAPQ-PXZ,toluene,stddft,S0S1,0.09037022098931695,0.9879047229786646,0.09147665649055575,0.01209527702133502,0.9085233435094443,3.73139995708241,0.4377598726219949
pDPAPQ-PXZ,toluene,stddft,S0T1,0.09424619712413829,0.9833730476444138,0.09583971957528936,0.0166269523555864,0.9041602804247106,3.282736867650534,0.5052313304853857
pDPAPQ-PXZ,toluene,stda,S0T1,0.09388140059785377,0.9844671609167754,0.09536265334683955,0.015532839083224698,0.9046373466531602,3.3794481263973917,0.4858448712694053
SFI34pPM,toluene,stda,S0T1,0.03949428495025923,0.9669092741157719,0.04084590561650815,0.03309072588422801,0.9591540943834919,1.3656821737625426,0.6759805783329619
SFI34pPM,toluene,stddft,S0T1,0.038629502927035625,0.9679821599740406,0.03990724676999377,0.03201784002595935,0.9600927532300063,1.3353314822214934,0.6797229228162256
tCTM,toluene,stda,S0S1,0.09260306917457524,0.8240414146102283,0.11237671739881727,0.17595858538977177,0.887623282601183,0.8974640447076371,0.6676524854023548
SFI34pPM,toluene,stddft,S0S1,0.01999742633768753,0.9926564467134611,0.020145364898294927,0.007343553286539133,0.979854635101705,0.39552974956942366,0.7463087441746803
tCTM,toluene,stda,S0T1,0.07165527595311287,0.9012443150524635,0.07950704903912947,0.09875568494753642,0.9204929509608706,0.9103306417596293,0.7224639971440857
DTPTCzDP-CN,toluene,stda,S0S1,0.2389097617704302,0.8975807817876175,0.2661707632538864,0.10241921821238252,0.7338292367461134,3.0960731639548427,0.6105893477176645
DTPTCzDP-CN,toluene,stda,S0T1,0.22827281636803404,0.8946900242092319,0.25514179234287543,0.10530997579076806,0.7448582076571247,2.1474378433654415,0.6539916145500738
SFI34pPM,toluene,stda,S0S1,0.022080068609599428,0.9921456519522939,0.02225486607349575,0.007854348047705958,0.9777451339265042,0.40691493028746933,0.738385217200282
tCTM,toluene,stddft,S0S1,0.0895706634515468,0.827657353871074,0.1082219145792782,0.17234264612892597,0.8917780854207218,0.8377476504774244,0.6324545883673774
DTPTCzDP-CN,toluene,stddft,S0T1,0.22696933917813364,0.8933214080512072,0.25407354747410604,0.1066785919487926,0.7459264525258938,2.0743541208122624,0.6597558005146
tCTM,toluene,stddft,S0T1,0.07184557612421609,0.9031185250953734,0.07955276536557467,0.09688147490462683,0.9204472346344251,0.8852716368323553,0.7392136490602436
DTPTCzDP-CN,toluene,stddft,S0S1,0.1606545627319776,0.803936447586026,0.19983490388372593,0.19606355241397413,0.8001650961162741,1.4562161335267925,0.7097476233725121
OCzBN,toluene,stda,S0T1,0.13747197932765437,0.19347902860375954,0.7105265119414762,0.8065209713962405,0.28947348805852413,0.587650603525688,0.751882605747662
DIC-TRZ,toluene,stda,S0T1,0.143676706976056,0.5384043240350883,0.266856525035435,0.46159567596491197,0.7331434749645648,0.9029756460644763,0.7924610688123708
DIC-TRZ,toluene,stda,S0S1,0.289487840855086,0.8464430423813194,0.34200510413631924,0.15355695761868057,0.6579948958636809,1.5482546114468247,0.7399937424543984
HPVAnt,toluene,stda,S0S1,0.12356474361803976,0.8726336493405606,0.1415997924345643,0.12736635065943933,0.8584002075654358,0.15425996846756826,0.994108769644664
HPVAnt,toluene,stda,S0T1,0.11786611400438797,0.8828455752846093,0.13350705639136337,0.11715442471539089,0.8664929436086366,0.07849075649978206,0.9943331145938802
DIC-TRZ,toluene,stddft,S0S1,0.3027787762417386,0.8449674073281429,0.3583318996872912,0.15503259267185718,0.6416681003127088,1.7297332481212464,0.7389681154931734
HPVAnt,toluene,stddft,S0S1,0.12271354333633316,0.8756744269892213,0.140136036355717,0.12432557301077858,0.8598639636442829,0.12587915462928878,0.9940172501762068
DIC-TRZ,toluene,stddft,S0T1,0.14533089001638508,0.5396885604322136,0.26928658613774537,0.4603114395677864,0.7307134138622546,0.9049624959629766,0.7966512192917165
HPVAnt,toluene,stddft,S0T1,0.11708637053046853,0.8834816643733538,0.13252835373048394,0.11651833562664628,0.8674716462695162,0.07473796350665174,0.9943712456511185
OCzBN,toluene,stda,S0S1,0.022034840753259028,0.9981119425302168,0.022076522496465315,0.001888057469782976,0.9779234775035347,0.43738109074722104,0.7644747906706836
OCzBN,toluene,stddft,S0T1,0.1384969727827557,0.867061286014347,0.15973146883237044,0.1329387139856531,0.8402685311676292,0.43490921231808766,0.7709791281168604
OCzBN,toluene,stddft,S0S1,0.14727477354661422,0.5463326663734069,0.2695697742626925,0.45366733362659284,0.7304302257373074,0.1914739523367707,0.7089884706579593
mPXTMP,toluene,stda,S0S1,0.2077037323829931,0.6598256080991602,0.3147858007229372,0.34017439190083965,0.6852141992770626,1.2606258754879227,0.7056707260729467
mPXTMP,toluene,stda,S0T1,0.21998105734456674,0.59609747437362,0.3690353789465777,0.4039025256263803,0.6309646210534224,0.9547670474613429,0.7625581920372017
TCZ1,toluene,stda,S0T1,0.2348513130455354,0.8693318639552488,0.2701515069021156,0.13066813604475142,0.7298484930978845,0.7847829407928785,0.6625818689813738
TCZ1,toluene,stddft,S0T1,0.23338402923519486,0.8678487225187383,0.2689224782838298,0.13215127748126163,0.7310775217161704,0.7803026735525846,0.6662471440039613
3CzAnN,toluene,stda,S0S1,0.22830116835449674,0.6999188745847266,0.3261823286162294,0.30008112541527343,0.6738176713837707,0.4369592450150374,0.9709006408816695
TCZ1,toluene,stda,S0S1,0.18576291434188313,0.7427869576689683,0.25008909004655755,0.2572130423310315,0.7499109099534426,0.8689853275490825,0.7495722223014821
mPXTMP,toluene,stddft,S0S1,0.2051542992149998,0.6682388753737489,0.30700742919252655,0.331761124626251,0.6929925708074736,1.289514724824059,0.6992131207710377
mPXTMP,toluene,stddft,S0T1,0.22209027098150533,0.5863613322042996,0.37876009003971084,0.4136386677957002,0.6212399099602897,0.9383338200370968,0.7703510735495281
3CzAnN,toluene,stda,S0T1,0.21281643618847051,0.7033734440737789,0.3025653555469569,0.2966265559262209,0.6974346444530429,0.08995333426368089,0.9940377606205724
TCZ1,toluene,stddft,S0S1,0.18460175157391637,0.7473171722868599,0.24701928233365475,0.25268282771314043,0.7529807176663451,0.9097092381028649,0.754436874093505
3CzAnN,toluene,stddft,S0S1,0.22815652988952745,0.6934310330135403,0.3290255541318878,0.3065689669864597,0.6709744458681124,0.306380120481127,0.9788466444820221
3CzAnN,toluene,stddft,S0T1,0.21073736037959753,0.705731245506655,0.29860851665750754,0.2942687544933451,0.7013914833424924,0.09139177417386475,0.9944315980038764
BACN,toluene,stda,S0S1,0.2911459502973413,0.7062530000174139,0.4122403023989457,0.29374699998258585,0.5877596976010544,3.129909044617507,0.6555185408652955
TRZ-3SO2,toluene,stda,S0S1,0.18970708443087358,0.8368072491090689,0.22670344291693306,0.16319275089093105,0.7732965570830668,0.5541206805378954,0.6014311162111636
BACN,toluene,stda,S0T1,0.2551136466898468,0.6302799350749089,0.40476244362677755,0.36972006492509135,0.5952375563732226,2.5772121803460815,0.7675314731354858
BACN,toluene,stddft,S0S1,0.28868328782129843,0.7017339456922116,0.41138566773555824,0.2982660543077884,0.5886143322644417,3.142450577465811,0.6547296808661299
BACN,toluene,stddft,S0T1,0.25043409538407674,0.6181554456219609,0.40513126133201166,0.3818445543780392,0.5948687386679884,2.4716673096073145,0.7832965047683603
TRZ-3SO2,toluene,stddft,S0S1,0.1897227955123646,0.8362491241088665,0.22687353569971053,0.16375087589113335,0.7731264643002894,0.5467595513535873,0.6026820602134194
B-dpa-SpiroAC,toluene,stda,S0S1,0.1926570879533086,0.7671545998700383,0.2511320247391414,0.2328454001299617,0.7488679752608585,2.0247551791934066,0.5889094289429406
B-dpa-SpiroAC,toluene,stda,S0T1,0.16832714938540785,0.7408104426756984,0.22722027078537788,0.25918955732430154,0.7727797292146218,1.6171237006123,0.6095358325583702
ADO-TPA,toluene,stda,S0S1,0.10938914550926976,0.8864033588623407,0.12340786439445116,0.11359664113765887,0.876592135605549,0.7661607483340322,0.8627212741600397
TRZ-3SO2,toluene,stda,S0T1,0.1488857034771222,0.8638761930835741,0.17234611240492714,0.1361238069164258,0.8276538875950731,0.5380027235468268,0.9267420374131455
B-dpa-SpiroAC,toluene,stddft,S0T1,0.16632936708750162,0.737512285211827,0.22552758838414302,0.2624877147881733,0.7744724116158573,1.5662540833113698,0.611873929674406
B-dpa-SpiroAC,toluene,stddft,S0S1,0.19212827705481947,0.763394729337749,0.25167619014280107,0.23660527066225095,0.7483238098571986,2.002595120247496,0.5879114146227856
ADO-TPA,toluene,stda,S0T1,0.10948292107546903,0.8861504578480287,0.12354890764412935,0.11384954215197131,0.8764510923558705,0.7654988372810572,0.8628044197653257
ADO-TPA,toluene,stddft,S0T1,0.10948939988162226,0.8861024482944931,0.12356291317370768,0.11389755170550667,0.8764370868262922,0.7652883021921997,0.8628675006011975
ADO-TPA,toluene,stddft,S0S1,0.10938912308242116,0.8864088855748664,0.12340706965214883,0.11359111442513357,0.8765929303478511,0.7663089689606809,0.8627229383696577
SPBAC-PH,toluene,stda,S0T1,0.36721046285365233,0.4380021859698426,0.8383758680120733,0.5619978140301575,0.16162413198792672,1.980680746619322,0.7462793408885955
TRZ-3SO2,toluene,stddft,S0T1,0.15327829902947976,0.8566541783661801,0.17892669282465154,0.14334582163381976,0.8210733071753484,0.5270651002687273,0.9391485637771341
SPBAC-PH,toluene,stda,S0S1,0.21449573631419622,0.26552992967247585,0.8078024822993439,0.7344700703275242,0.1921975177006561,1.3455035916119753,0.6316859961489962
DDPA-Ph-Bz,toluene,stda,S0S1,0.05307410383378499,0.575492571295739,0.09222378616336789,0.424507428704261,0.9077762138366322,2.3761389879818524,0.606847150819662
DDPA-Ph-Bz,toluene,stda,S0T1,0.362833605263674,0.5703013524189928,0.6362138257689155,0.42969864758100706,0.3637861742310844,1.8032030878318837,0.7482113100007027
DDPA-Ph-Bz,toluene,stddft,S0S1,0.04881275179496429,0.5859084147777268,0.08331123186459465,0.41409158522227313,0.9166887681354056,2.359885833244561,0.6128172395167368
SPBAC-PH,toluene,stddft,S0T1,0.350158779458531,0.4151317029148545,0.8434884086180001,0.5848682970851454,0.15651159138199988,1.8644357231341397,0.7674134224573349
DDPA-Ph-Bz,toluene,stddft,S0T1,0.3490469924074013,0.5584710931800605,0.625004582457167,0.44152890681993934,0.37499541754283294,1.7002107754245026,0.7559944224592077
pzpy,toluene,stda,S0T1,0.21164080701494714,0.7073404075938466,0.2992064425315157,0.29265959240615314,0.7007935574684843,0.06275815460262114,0.989955730457233
SPBAC-PH,toluene,stddft,S0S1,0.22218250510219614,0.2719391993707013,0.8170300773715304,0.7280608006292988,0.18296992262846956,1.3874577139102162,0.6322845698756113
pzpy,toluene,stddft,S0S1,0.22455101463240462,0.6925954700973445,0.32421669549880816,0.30740452990265577,0.675783304501192,0.07563656566111314,0.9896360310940918
pzpy,toluene,stddft,S0T1,0.20967894480958243,0.7096041243404447,0.2954872126828076,0.2903958756595553,0.7045127873171926,0.07421119877870809,0.9895789035030144
pzpy,toluene,stda,S0S1,0.2229351732015831,0.695315873352362,0.3206243115474041,0.3046841266476382,0.6793756884525961,0.06723582197451487,0.9893390773443719
6AcBIQ,toluene,stda,S0T1,0.08617721301359797,0.7554806378543083,0.11406938668654132,0.2445193621456915,0.8859306133134588,3.3871363935519354,0.5215281763521677
6AcBIQ,toluene,stddft,S0S1,0.07859615849621797,0.7139512662335031,0.11008616724059776,0.28604873376649687,0.8899138327594024,4.051427341758993,0.3505589686895525
6AcBIQ,toluene,stda,S0S1,0.07852332385913192,0.713697971355177,0.11002318489154597,0.28630202864482307,0.8899768151084538,4.0493299419893445,0.34979348690864825
BANE,toluene,stda,S0S1,0.19854077653977148,0.7473323000097022,0.26566599160399457,0.252667699990298,0.7343340083960055,0.05427008485418989,0.9959032716970716
BANE,toluene,stddft,S0S1,0.20066171687245582,0.743550663325459,0.2698695956708794,0.2564493366745409,0.7301304043291207,0.03916405800673237,0.9958289188349569
BANE,toluene,stda,S0T1,0.21142487896527853,0.7058661308435666,0.29952546202012675,0.2941338691564336,0.7004745379798734,0.05964073752549302,0.9936956932926251
6AcBIQ,toluene,stddft,S0T1,0.0882356138403939,0.7691020214235583,0.11472549984600933,0.23089797857644156,0.8852745001539907,3.1516691138915776,0.569718981726367
BANE,toluene,stddft,S0T1,0.20952438321606087,0.7083850902119302,0.2957775172164856,0.29161490978806975,0.7042224827835144,0.07047094412252335,0.9935328750714264
TX-CzPh,toluene,stddft,S0T1,0.10855200329975434,0.900566537170174,0.12053746038671877,0.09943346282982594,0.8794625396132811,1.0856840287492058,0.6786979163788319
TX-CzPh,toluene,stda,S0S1,0.08126012935943641,0.6198660482186413,0.13109304759142745,0.3801339517813588,0.8689069524085725,0.8931097027267643,0.7236772944605937
TX-CzPh,toluene,stda,S0T1,0.10960318176572456,0.9013669944452736,0.12159662206533024,0.09863300555472658,0.8784033779346698,1.1163271876359564,0.6733112827868906
2PCzBN,toluene,stda,S0S1,0.18386643486274432,0.7746110460260484,0.23736614111821136,0.22538895397395164,0.7626338588817886,0.41284292318522847,0.6856390137656614
2PCzBN,toluene,stddft,S0T1,0.294100168402942,0.5682859830883807,0.5175214190655184,0.4317140169116192,0.48247858093448165,1.5991358075399968,0.6972441184773351
2PCzBN,toluene,stda,S0T1,0.2899752349358831,0.5973715091917455,0.48541858872416743,0.40262849080825447,0.5145814112758326,1.4158064160362596,0.6998185756250788
TX-CzPh,toluene,stddft,S0S1,0.078449422130792,0.6184991703190514,0.12683836275855315,0.38150082968094884,0.8731616372414468,0.8810201983018517,0.7292482342226294
3PCzPFP,toluene,stda,S0T1,0.24014321519111867,0.8450847153441535,0.2841646651878237,0.1549152846558465,0.7158353348121763,0.2477274562950607,0.6785001540514999
2PCzBN,toluene,stddft,S0S1,0.20059683246440532,0.7717675733048839,0.2599187105068488,0.22823242669511634,0.7400812894931513,0.3271755656267229,0.6960805109484388
9CzTPE,toluene,stda,S0S1,0.11076121988886757,0.8837788491245194,0.12532685071450714,0.11622115087548043,0.8746731492854929,0.940994368033885,0.8388280042737144
9CzTPE,toluene,stda,S0T1,0.16031232204568818,0.8072183038190064,0.1985984724172375,0.19278169618099367,0.8014015275827624,0.16751352160117583,0.9823410897557667
3PCzPFP,toluene,stda,S0S1,0.22268014607086217,0.7291249988858861,0.3054073669276472,0.27087500111411367,0.6945926330723529,0.38146095104920263,0.7493765665893214
9CzTPE,toluene,stddft,S0T1,0.1550988423605674,0.8138214257669191,0.1905809277685301,0.18617857423308093,0.8094190722314698,0.12181708850264768,0.9852099303220331
3PCzPFP,toluene,stddft,S0T1,0.2391453181056272,0.8433256008463448,0.28357412352432526,0.1566743991536553,0.7164258764756746,0.23869232636051352,0.681621380327925
9CzTPE,toluene,stddft,S0S1,0.10750296145513111,0.8878310916561176,0.12108492534835678,0.11216890834388232,0.8789150746516431,0.9071193399087543,0.8337553660048268
6-Cz-Sac,toluene,stda,S0T1,0.18285808628946454,0.8457919947698805,0.21619746630401224,0.15420800523011946,0.783802533695988,1.1309642924554488,0.6901943193728365
3PCzPFP,toluene,stddft,S0S1,0.22272274011449805,0.7317270128171511,0.3043795516814595,0.2682729871828488,0.6956204483185404,0.2987234557103404,0.7548693448113546
6-Cz-Sac,toluene,stddft,S0T1,0.19856557705093553,0.8371407169914934,0.23719498170455522,0.16285928300850666,0.7628050182954447,0.6755379346087524,0.8007111234817716
6-Cz-Sac,toluene,stddft,S0S1,0.20354404778461668,0.7585342080384792,0.26833865319135514,0.24146579196152082,0.7316613468086448,1.0853265887598975,0.7446576476225094
6-Cz-Sac,toluene,stda,S0S1,0.20290843282518697,0.7595457921508657,0.2671444367436954,0.24045420784913438,0.7328555632563046,1.080936237441715,0.7392018248512793
PTPC,toluene,stda,S0T1,0.03084085049907687,0.9648577271322252,0.03196414313926141,0.03514227286777471,0.9680358568607386,1.3554822970884923,0.6445045246030507
NAQ3,toluene,stddft,S0S1,0.35347677791440174,0.5981938174760787,0.5909067723330942,0.40180618252392125,0.40909322766690615,2.654838552743411,0.569619892972347
NAQ3,toluene,stda,S0S1,0.34290975661711404,0.5992656270575536,0.57221662837702,0.40073437294244635,0.42778337162297975,2.6803035878120918,0.5731415204043023
PTPC,toluene,stddft,S0T1,0.03056031457551882,0.9658816877223528,0.03163981154626003,0.034118312277647264,0.9683601884537401,1.3277608494804214,0.6474479901671308
NAQ3,toluene,stda,S0T1,0.16482623160441298,0.4485620865520421,0.36745466579973624,0.551437913447958,0.6325453342002637,3.8404883355932316,0.7124806684947468
PTPC,toluene,stda,S0S1,0.031195108648262266,0.9932351356255452,0.03140757664459323,0.006764864374454908,0.9685924233554065,0.5570999769092793,0.7118395439595586
PTPC,toluene,stddft,S0S1,0.029309244480216424,0.9939895943536073,0.029486470126758483,0.006010405646392628,0.9705135298732415,0.5505799427573227,0.7156669464931518
NAQ3,toluene,stddft,S0T1,0.16535383335101142,0.4548220372209952,0.3635572153920656,0.5451779627790047,0.6364427846079346,3.7100872809536583,0.7298029863982136
Ph-OBNA,toluene,stda,S0T1,0.38668390246606793,0.7518028518721505,0.5143421596541461,0.24819714812784963,0.485657840345854,1.766041885734476,0.6128129819904651
Ph-OBNA,toluene,stda,S0S1,0.09929487515517921,0.8948577966534891,0.11096162488220307,0.10514220334651109,0.8890383751177969,0.19615154435170065,0.6877220972246025
9ArFDBFxPO,toluene,stddft,S0T1,0.2873770414495507,0.7110251427479815,0.40417282620821426,0.2889748572520185,0.5958271737917857,1.488490730812138,0.7217803531896118
9ArFDBFxPO,toluene,stda,S0T1,0.2889911662967476,0.7142833719092732,0.40458895959495284,0.2857166280907266,0.5954110404050471,1.5108400445360046,0.7187625497099238
9ArFDBFxPO,toluene,stda,S0S1,0.2964429763513875,0.6216569416940843,0.47685943238009604,0.37834305830591586,0.523140567619904,0.6872042263188672,0.7923673589374616
Ph-OBNA,toluene,stddft,S0S1,0.10443895192330724,0.8957765497681894,0.11659040633552432,0.10422345023181052,0.8834095936644757,0.15658580746020914,0.6794582115391775
Ph-OBNA,toluene,stddft,S0T1,0.3781717996023539,0.748567138631167,0.5051942305320541,0.2514328613688329,0.49480576946794586,1.7152435425809034,0.6190084875415768
DBT-BZ-DMAC,toluene,stda,S0S1,0.15793702804678802,0.7104315011630915,0.2223114090355221,0.2895684988369085,0.777688590964478,1.12041261137938,0.7031223080424223
DBT-BZ-DMAC,toluene,stda,S0T1,0.13046979667977437,0.7220121197679458,0.18070305623360905,0.2779878802320543,0.8192969437663911,0.6732618738019746,0.8713378091895227
DBT-BZ-DMAC,toluene,stddft,S0T1,0.14231503598020628,0.7518861959206409,0.1892773623885325,0.2481138040793592,0.8107226376114676,0.49146731300300117,0.9029723893860615
DBT-BZ-DMAC,toluene,stddft,S0S1,0.15189794777225815,0.6554351640997366,0.2317512945477916,0.3445648359002633,0.7682487054522085,1.1036544965488968,0.7634046173252004
PY-TPA,toluene,stda,S0S1,0.01295358472444016,0.9552615050480817,0.01356024989595719,0.04473849495191844,0.9864397501040427,0.43052609866630676,0.8986112883583518
PY-TPA,toluene,stda,S0T1,0.029389148098838542,0.8730131231938868,0.03366403931171093,0.126986876806113,0.9663359606882892,2.6038594691892283,0.7884748220645966
9ArFDBFxPO,toluene,stddft,S0S1,0.2920605862231509,0.621271026437395,0.470101733051898,0.37872897356260515,0.529898266948102,0.6854818591358645,0.7939287040168748
PY-TPA,toluene,stddft,S0T1,0.029148410491887284,0.8851581550697062,0.03293017222395906,0.11484184493029398,0.9670698277760409,2.324361180322709,0.8064234675773182
PY-TPA,toluene,stddft,S0S1,0.017720028396575358,0.8942716086422934,0.019815040783278774,0.10572839135770656,0.9801849592167212,1.990426415796468,0.8355477850665922
TPD4PA,toluene,stda,S0T1,0.040128081199224806,0.9703179412435028,0.04135560056510859,0.02968205875649703,0.9586443994348913,1.0597106450430778,0.6178016626417914
TPD4PA,toluene,stddft,S0T1,0.03888999550005927,0.970835488812706,0.040058275524744384,0.029164511187293962,0.9599417244752557,1.0174856209146397,0.620375449518185
PXZ-BOO,toluene,stda,S0S1,0.3828776349283387,0.843281585432607,0.4540329606888319,0.156718414567393,0.5459670393111682,3.4425283764789825,0.4630234596542552
TPD4PA,toluene,stda,S0S1,0.23300741710048453,0.7978758166998079,0.29203469039111263,0.20212418330019216,0.7079653096088875,1.4029667190085529,0.6181207582456099
4-DBFBI,toluene,stddft,S0S1,0.1902064477310489,0.23204237696909197,0.8197056512500058,0.7679576230309081,0.1802943487499939,0.8360669518257725,0.7350594278296865
4-DBFBI,toluene,stda,S0T1,0.27388610320588197,0.5798746985561002,0.4723194577860768,0.42012530144389987,0.5276805422139232,0.5022539073363526,0.7936846731790489
4-DBFBI,toluene,stddft,S0T1,0.2749660274087435,0.5900067017008434,0.46603882060336677,0.40999329829915643,0.533961179396633,0.491812283692037,0.8159374058398667
PXZ-BOO,toluene,stda,S0T1,0.3666216991877415,0.8160340269172682,0.4492725635139607,0.18396597308273188,0.5507274364860393,3.1193479094624252,0.5142736654608167
4-DBFBI,toluene,stda,S0S1,0.200398159058379,0.24857049482532856,0.8062025189240564,0.7514295051746714,0.19379748107594366,0.8633997363184247,0.73784805339591
PXZ-BOO,toluene,stddft,S0T1,0.3620954486817068,0.8107041433464197,0.44664314553401857,0.1892958566535805,0.5533568544659814,3.04256432220964,0.5274177439122028
PXZ-BOO,toluene,stddft,S0S1,0.38339933955965394,0.8436470358682194,0.4544546750704666,0.15635296413178043,0.5455453249295333,3.447047684614127,0.46180755280119584
TPD4PA,toluene,stddft,S0S1,0.14707482449282164,0.8854260605060917,0.16610627476760356,0.11457393949390815,0.8338937252323964,1.2864227786100966,0.6190009896240442
P3C,toluene,stda,S0T1,0.23691103115534717,0.6543938892307664,0.36203123998274767,0.34560611076923364,0.6379687600172524,0.10922032091204742,0.9911577417927315
P3C,toluene,stddft,S0T1,0.2367841351395797,0.6525875366713259,0.3628388864846425,0.34741246332867387,0.6371611135153578,0.1023865670817111,0.9913081244850931
P3C,toluene,stda,S0S1,0.13431949125080136,0.8503054975299373,0.15796615644728593,0.1496945024700626,0.842033843552714,0.08102234781770216,0.7457061331111057
P3C,toluene,stddft,S0S1,0.13267066823008827,0.8495764952280777,0.15616094486520776,0.1504235047719224,0.8438390551347922,0.11182321744670383,0.7484285772380459
TBTAC,toluene,stda,S0T1,0.14363211974741558,0.9226036819492063,0.15568127740825904,0.07739631805079372,0.844318722591741,1.0060455468033247,0.921824193717012
teracridan,toluene,stda,S0T1,0.16153958193598428,0.3327769863855231,0.4854289465463221,0.6672230136144769,0.514571053453678,0.711579381270445,0.7505206040014314
teracridan,toluene,stda,S0S1,0.17156192204005496,0.8828248653233365,0.1943329065354543,0.11717513467666354,0.8056670934645458,0.892237751824496,0.6026693152096492
TBTAC,toluene,stddft,S0T1,0.13682626276696144,0.9226799142252691,0.1482922307698093,0.07732008577473087,0.8517077692301908,0.9022194086151434,0.9308196528526786
TBTAC,toluene,stddft,S0S1,0.030380821763719378,0.9949892413149833,0.030533819364285703,0.005010758685016459,0.9694661806357143,0.2196222399625297,0.84688057551022
teracridan,toluene,stddft,S0S1,0.16640741302826353,0.8874676069201887,0.1875081543604203,0.11253239307981133,0.8124918456395795,0.9054545256751603,0.5991836454371053
teracridan,toluene,stddft,S0T1,0.2915845713352181,0.5016009339839778,0.581307871616786,0.4983990660160223,0.418692128383214,0.3336848203808374,0.9029347134848219
LEt,toluene,stda,S0T1,0.03323136596681939,0.9878435105884434,0.03364031408884183,0.012156489411556557,0.9663596859111582,0.610166694826556,0.9198094980929419
LEt,toluene,stda,S0S1,0.03362180949556208,0.9973765360707153,0.033710247112910076,0.0026234639292843833,0.9662897528870897,0.6086716945010874,0.7047531416277464
TBTAC,toluene,stda,S0S1,0.03490828294282958,0.990831642498669,0.035231296060346064,0.009168357501330984,0.9647687039396541,0.2967206010803895,0.8312115318028315
t-BuPCz,toluene,stda,S0T1,0.23432512340582154,0.8699836735625334,0.26934427682564843,0.13001632643746663,0.7306557231743516,2.038287101861205,0.6712496078950329
t-BuPCz,toluene,stda,S0S1,0.0951431796267768,0.7624328586142479,0.12478892869295183,0.23756714138575213,0.8752110713070482,2.377298463051219,0.7632813940244914
LEt,toluene,stddft,S0T1,0.03280849613451269,0.9889395806503949,0.03317543030579842,0.01106041934960508,0.9668245696942015,0.55497539279736,0.9287692945889683
t-BuPCz,toluene,stddft,S0S1,0.0947633411464088,0.7599044501068128,0.12470428503621578,0.2400955498931871,0.8752957149637842,2.4361548171583065,0.7688118015860319
t-BuPCz,toluene,stddft,S0T1,0.20654669477659787,0.9158913669659173,0.22551440293713787,0.08410863303408277,0.7744855970628619,1.7215918868933908,0.7508824380660077
LEt,toluene,stddft,S0S1,0.05227060216619154,0.9883823555951436,0.05288500130571166,0.011617644404856263,0.9471149986942883,1.256498366587402,0.6450763651339191
Pra-2DMAC,toluene,stddft,S0S1,0.4048997463621334,0.6627619594421659,0.6109278611930742,0.3372380405578343,0.38907213880692565,1.2125856409923175,0.6547277632274998
Pra-2DMAC,toluene,stda,S0T1,0.34665322791857034,0.6722890354403295,0.5156312384174505,0.3277109645596704,0.4843687615825495,0.7659621420861175,0.7711065865578033
Pra-2DMAC,toluene,stda,S0S1,0.3963287367914481,0.6660567852770586,0.5950374585953476,0.33394321472294125,0.4049625414046526,1.1618268489454855,0.6630876269056052
Pra-2DMAC,toluene,stddft,S0T1,0.3451756867010376,0.6696348655161047,0.5154685104919109,0.3303651344838953,0.4845314895080891,0.7534992098850062,0.7755363801715598
2CzP-INN,toluene,stda,S0T1,0.04164870474975222,0.9851946776704371,0.042274593736370505,0.014805322329562887,0.9577254062636292,0.5126051241807598,0.6923958418496926
2CzP-INN,toluene,stddft,S0T1,0.04070959012894827,0.9858859328145851,0.041292393748562084,0.014114067185414756,0.958707606251438,0.516247750992063,0.6947221604321485
2CzP-INN,toluene,stda,S0S1,0.030320896971373267,0.9965911970342183,0.030424608466948146,0.0034088029657818584,0.9695753915330518,1.4368363977180294,0.7625157836504697
3-AcBPtCN,toluene,stda,S0S1,0.28390936721121185,0.8471973287076109,0.3351159848961187,0.15280267129238917,0.6648840151038814,3.182392925004507,0.5255936486924685
2CzP-INN,toluene,stddft,S0S1,0.026693799325834003,0.9985074149823436,0.026733701648380872,0.0014925850176564133,0.9732662983516192,1.4447752900696913,0.7658790522527498
3-AcBPtCN,toluene,stda,S0T1,0.30331825324754363,0.833114475752245,0.3640775212478071,0.1668855242477551,0.6359224787521929,1.7898891651675093,0.6741337894971249
4-DPM,toluene,stda,S0T1,0.09817658271393277,0.8330857420798647,0.11784691269451705,0.16691425792013523,0.882153087305483,0.6603573488417148,0.7978089770802934
4-DPM,toluene,stda,S0S1,0.1531293602558526,0.8003205521898205,0.1913350342395472,0.19967944781017932,0.8086649657604528,0.5375883233107107,0.7274396851348749
4-DPM,toluene,stddft,S0S1,0.14988108644024956,0.7957571174972098,0.18835029325487007,0.20424288250279007,0.8116497067451298,0.6191385984379781,0.7253877571083895
3-AcBPtCN,toluene,stddft,S0S1,0.28495483643301345,0.8472693690196818,0.33632141896350565,0.15273063098031814,0.6636785810364945,3.1350965480014303,0.52743873092212
4-DPM,toluene,stddft,S0T1,0.09286140054513138,0.837744366423733,0.11084694122331093,0.162255633576267,0.8891530587766889,0.6339688598978872,0.8041662059632759
DCA,toluene,stda,S0S1,0.2118298315824676,0.6763253811627012,0.3132069821456374,0.32367461883729876,0.6867930178543626,0.12934290081601693,0.9895923290661337
DCA,toluene,stddft,S0S1,0.21293328712680223,0.6757667540667139,0.31509879088514725,0.32423324593328606,0.6849012091148526,0.12030368465435644,0.9901821031109603
3-AcBPtCN,toluene,stddft,S0T1,0.3018191872372495,0.8297893537028146,0.36372988625417424,0.17021064629718538,0.6362701137458259,1.6452924676361136,0.6882848221223122
DCA,toluene,stddft,S0T1,0.20645281639035304,0.7038823069147033,0.2933058756587997,0.29611769308529673,0.7066941243412003,0.06842613319724808,0.9926560789679804
DCA,toluene,stda,S0T1,0.20777352384609496,0.7006686255406495,0.2965360746469458,0.29933137445935043,0.7034639253530541,0.069921015078336,0.9926972671360621
BZC-PXZ,toluene,stda,S0S1,0.10177554520500856,0.562474063963113,0.18094264558246903,0.4375259360368869,0.8190573544175311,2.1398281165676925,0.5101166513031647
BZC-PXZ,toluene,stddft,S0S1,0.10110233123203295,0.5610659327714242,0.1801968811983129,0.4389340672285759,0.8198031188016871,2.1505953023646978,0.5076053521048528
BZC-PXZ,toluene,stda,S0T1,0.10473232769055402,0.5865607351937965,0.17855325357901944,0.41343926480620363,0.8214467464209806,2.0273307181273466,0.5600436498120956
BZC-PXZ,toluene,stddft,S0T1,0.10562792662952715,0.591684087818336,0.17852081677403153,0.408315912181664,0.8214791832259686,1.9939276411581994,0.5735771845460992
TPA-DPPI,toluene,stda,S0T1,0.17210385600055617,0.24982309393698116,0.6889029084075391,0.7501769060630188,0.31109709159246096,1.1788257078341065,0.8375902794482806
tDPAC-BN,toluene,stda,S0T1,0.07438970109831246,0.803122939190898,0.09262554643658413,0.19687706080910206,0.9073744535634158,1.5004207607810662,0.5850461047702248
TPA-DPPI,toluene,stddft,S0T1,0.16579185287334042,0.2350932484120316,0.7052174147628798,0.7649067515879684,0.29478258523712014,1.1664437370441219,0.8481530129162937
TPA-DPPI,toluene,stda,S0S1,0.12077897203903792,0.9310840741790123,0.12971865311468822,0.06891592582098771,0.8702813468853117,0.5706234404663552,0.7138489793795952
tDPAC-BN,toluene,stda,S0S1,0.053115349260703715,0.7942076893783069,0.06687841224791158,0.205792310621693,0.9331215877520885,2.5259500141597884,0.5606039699870197
TPA-DPPI,toluene,stddft,S0S1,0.10708413233460366,0.9412999187961053,0.11376196916234849,0.05870008120389478,0.8862380308376513,0.5857586905619286,0.7197760528163892
tDPAC-BN,toluene,stddft,S0T1,0.07692623701863831,0.8038002270583496,0.09570317901024189,0.1961997729416503,0.904296820989758,1.3878555316132852,0.5880741963208411
mCBP,toluene,stda,S0T1,0.3698895596483842,0.46949222413496183,0.7878502361352304,0.5305077758650382,0.21214976386476944,1.0865073673391712,0.6832128511786228
mCBP,toluene,stddft,S0T1,0.3670608377371247,0.4613673761043294,0.7955933963872663,0.5386326238956707,0.20440660361273366,1.0812773951223627,0.6857520623577122
CzBPDCb,toluene,stda,S0T1,0.02219319383236133,0.9974900475592559,0.022249037859240338,0.002509952440744113,0.97775096214076,0.42870535585398084,0.7366829209636512
mCBP,toluene,stda,S0S1,0.07278802542248394,0.09310026368708851,0.7818240522618246,0.9068997363129117,0.21817594773817536,0.9266883133909578,0.7758983028392883
CzBPDCb,toluene,stda,S0S1,0.055364204289916896,0.06613200989489446,0.8371771004375771,0.9338679901051052,0.1628228995624229,0.9203650693912955,0.7754951865765584
mCBP,toluene,stddft,S0S1,0.07146006114665183,0.0915452618349586,0.7805981403546897,0.9084547381650413,0.21940185964531014,0.947262959728406,0.7781260969135999
CzBPDCb,toluene,stddft,S0T1,0.02198921950607316,0.9975611014193569,0.02204298009894963,0.002438898580643224,0.9779570199010504,0.4323285036539107,0.7401749709998195
26DAcBPy,toluene,stda,S0T1,0.12177532815920816,0.8556389796836975,0.14232092161605894,0.1443610203163028,0.8576790783839409,2.0920839528850497,0.5568605664338342
tDPAC-BN,toluene,stddft,S0S1,0.1746083404868909,0.5761847702817421,0.3030422695856941,0.42381522971825825,0.6969577304143059,1.9740005391237245,0.6131649241899949
26DAcBPy,toluene,stddft,S0S1,0.11944180592045155,0.8565150163115683,0.13945091871804738,0.14348498368843168,0.8605490812819527,2.403006038911957,0.4635378924296717
26DAcBPy,toluene,stddft,S0T1,0.1219972571190642,0.8554980423422132,0.14260378292047957,0.14450195765778698,0.8573962170795203,2.0341090248727545,0.5733762876462627
26DAcBPy,toluene,stda,S0S1,0.12986256012925865,0.7126971201055086,0.18221283132171717,0.2873028798944914,0.8177871686782828,3.9762373418907497,0.540377443885984
CzBPDCb,toluene,stddft,S0S1,0.021446689657969805,0.9996245401260336,0.0214547450538437,0.00037545987396632197,0.9785452549461561,1.1847463625519197,0.8196086069679862
TDBA-TPDICz,toluene,stda,S0T1,0.12601085192133452,0.7151661468917436,0.17619801002746438,0.2848338531082564,0.8238019899725357,1.7255534405010127,0.6724734174991827
XCBP,toluene,stda,S0S1,0.027614785306819708,0.9998489676309964,0.02761895666327397,0.00015103236900349296,0.9723810433367261,0.8298287446036816,0.7671086928007788
XCBP,toluene,stda,S0T1,0.029982192238240026,0.9956748851049239,0.030112431966264282,0.004325114895076171,0.9698875680337357,0.5962986496962409,0.6932373427399551
TDBA-TPDICz,toluene,stda,S0S1,0.14015249677526304,0.8361300039511308,0.16762046106822226,0.16386999604886912,0.8323795389317779,1.0743386585381023,0.7803465215122378
XCBP,toluene,stddft,S0S1,0.025956336115816443,0.999843211015926,0.02596040642156543,0.0001567889840741175,0.9740395935784345,0.8344350562144175,0.7688480176904868
XCBP,toluene,stddft,S0T1,0.029669798185049695,0.9958041098814184,0.02979481395048953,0.004195890118581632,0.9702051860495107,0.6028059486981718,0.696332116887442
TDBA-TPDICz,toluene,stddft,S0T1,0.1252532602339472,0.7212955939642731,0.17365038866458288,0.27870440603572694,0.8263496113354173,1.671821350179472,0.6717013874538733
TDBA-TPDICz,toluene,stddft,S0S1,0.1283870176190278,0.84612954695974,0.15173446912513577,0.15387045304025998,0.8482655308748644,1.1413994083514132,0.7760450503965526
PTZ-mPYR,toluene,stda,S0S1,0.019487101174159843,0.9956961298222166,0.019571333653410204,0.00430387017778345,0.9804286663465901,0.6842976201507278,0.7098185760281703
PTZ-mPYR,toluene,stddft,S0T1,0.02188725729565316,0.995849761414966,0.021978473203181137,0.0041502385850336896,0.9780215267968191,0.939224569518352,0.7613487545523352
TPXZ–as-TAZ,toluene,stda,S0T1,0.020703217091645076,0.9932641819967272,0.020843615894842862,0.006735818003273027,0.9791563841051569,1.4218409090510693,0.7005106616350906
PTZ-mPYR,toluene,stda,S0T1,0.021858239553852556,0.9958045910111256,0.021950330166341184,0.004195408988874188,0.978049669833659,0.953031646919157,0.7550290287929369
PTZ-mPYR,toluene,stddft,S0S1,0.019588392058037606,0.9956396500424723,0.019674178360817588,0.004360349957527462,0.9803258216391825,0.7136274779841155,0.7018330647911301
TPXZ–as-TAZ,toluene,stddft,S0T1,0.020576220392099217,0.9934204516025404,0.020712499283567797,0.006579548397459618,0.9792875007164322,1.4042187258202254,0.7090738748520451
TPXZ–as-TAZ,toluene,stda,S0S1,0.24221721557392334,0.8589099083499526,0.2820053805634232,0.14109009165004718,0.7179946194365768,3.782429684113629,0.5150777746925779
TPXZ–as-TAZ,toluene,stddft,S0S1,0.24865749055468536,0.8109135737532928,0.30663870799915277,0.18908642624670746,0.6933612920008472,3.6647683038664294,0.5356562111767386
TPACzPI,toluene,stda,S0T1,0.18066241441904085,0.36853287044998245,0.49022062590631377,0.6314671295500176,0.5097793740936862,2.0511540401370865,0.6718387712761652
DPS-PXZ,toluene,stda,S0T1,0.03893834605704408,0.9798950469977912,0.03973726183874859,0.020104953002208777,0.9602627381612511,0.8128398482592994,0.7178849408906763
TPACzPI,toluene,stddft,S0S1,0.24277913185977124,0.5876290975235539,0.4131502896689692,0.4123709024764463,0.5868497103310308,0.4540859697763881,0.7693925832250168
DPS-PXZ,toluene,stddft,S0S1,0.04201751724274277,0.9776634761149785,0.04297748485983257,0.02233652388502159,0.9570225151401677,0.5216401322801263,0.6651314713872437
DPS-PXZ,toluene,stddft,S0T1,0.04007841477145084,0.9790054525233985,0.04093788718760272,0.020994547476601427,0.9590621128123971,0.8192125825670722,0.7245965947267589
DPS-PXZ,toluene,stda,S0S1,0.041366808528091555,0.9779741355055047,0.04229846887178614,0.022025864494495388,0.9577015311282135,0.5260772695106218,0.6714772011147345
TPACzPI,toluene,stddft,S0T1,0.18190927497539533,0.3715914124584138,0.4895411166041235,0.6284085875415861,0.5104588833958768,2.0145557884835843,0.6744421132534469
NIDPA-1,toluene,stda,S0S1,0.2033576256919902,0.6918335679043811,0.29394009647143404,0.3081664320956189,0.706059903528566,1.2562911591275205,0.6446709316705446
NIDPA-1,toluene,stda,S0T1,0.18181625861179956,0.6313667837128332,0.2879724801843483,0.36863321628716683,0.7120275198156516,1.9271835984694916,0.7437137659563058
NIDPA-1,toluene,stddft,S0T1,0.18107792843643966,0.6258553266192985,0.2893287325915619,0.37414467338070134,0.7106712674084379,1.9287868139480373,0.753363168243896
TPACzPI,toluene,stda,S0S1,0.030746255738926392,0.9837511303691597,0.031254099527579335,0.016248869630840483,0.9687459004724207,0.32655685820365804,0.73396028828065
dpmb,toluene,stddft,S0T1,0.17598248799483077,0.7126776388846806,0.2469314012296473,0.2873223611153193,0.7530685987703525,0.22056812083595662,0.9621409128239862
APPT-PXZ,toluene,stda,S0S1,0.12969636810761134,0.9844990344036862,0.1317384411516145,0.015500965596313641,0.8682615588483855,3.5951154948511266,0.4469769128733086
dpmb,toluene,stda,S0T1,0.1708205274394508,0.7082302941491961,0.24119347739093702,0.2917697058508038,0.7588065226090629,0.2645897652429853,0.9566022926797731
dpmb,toluene,stda,S0S1,0.23558230034715213,0.6568667041099132,0.3586455195143096,0.3431332958900866,0.6413544804856903,0.8842297951423677,0.6843779818221883
NIDPA-1,toluene,stddft,S0S1,0.219328420829882,0.7974283945742604,0.275044658958977,0.20257160542573938,0.7249553410410229,1.3968556995123986,0.6957840304303526
APPT-PXZ,toluene,stda,S0T1,0.1292450804941051,0.9800948656119242,0.13186996996807107,0.019905134388075993,0.8681300300319289,3.2993935922969673,0.4893424889500357
APPT-PXZ,toluene,stddft,S0S1,0.13048254042493546,0.9843588900259054,0.13255586122811522,0.01564110997409484,0.8674441387718849,3.609438490545884,0.445539519742929
APPT-PXZ,toluene,stddft,S0T1,0.12878886972096593,0.9787502987596806,0.13158501191179545,0.02124970124031949,0.8684149880882047,3.2056530691841827,0.5069471355392523
dpmb,toluene,stddft,S0S1,0.2353207945434035,0.656081664399959,0.35867607237374,0.3439183356000411,0.6413239276262597,0.893819050711122,0.6841358433556669
NyDPAc,toluene,stda,S0S1,0.1896700127571656,0.5148117753768754,0.3684259409534969,0.48518822462312494,0.6315740590465032,0.7633733405346741,0.7603436141031071
NyDPAc,toluene,stddft,S0S1,0.19085746385785907,0.5178699347157921,0.36854324042310344,0.4821300652842079,0.6314567595768964,0.743733370160207,0.7660153528579253
NyDPAc,toluene,stddft,S0T1,0.2424347296183488,0.6960417425834378,0.3483048713695314,0.3039582574165624,0.6516951286304684,0.5465869109834429,0.826059149808479
NyDPAc,toluene,stda,S0T1,0.24397957558233904,0.6965653205062702,0.3502608705885794,0.30343467949372965,0.6497391294114204,0.5732114226525232,0.8158986261282749
pCbz-PYR,toluene,stda,S0S1,0.1687098177340679,0.743918636770498,0.2267853087623554,0.25608136322950203,0.7732146912376445,0.2815496836077302,0.6894119725350053
DDPhCz-DPPZ,toluene,stda,S0S1,0.01894743147272569,0.7912789352990575,0.023945325254443504,0.20872106470094254,0.9760546747455566,3.606738509341224,0.5490968602868918
pCbz-PYR,toluene,stddft,S0S1,0.17049858350304145,0.7480337809545263,0.2279289890965582,0.25196621904547345,0.7720710109034418,0.3159208927846744,0.69394049671681
pCbz-PYR,toluene,stda,S0T1,0.23440373971672218,0.6975304104076584,0.3360480578613474,0.30246958959234155,0.6639519421386527,0.8879824490417461,0.6839306859361896
DDPhCz-DPPZ,toluene,stda,S0T1,0.01636368360589246,0.865827262531055,0.01889947835328821,0.134172737468945,0.9811005216467118,2.460326524652095,0.6368043995469803
DDPhCz-DPPZ,toluene,stddft,S0S1,0.018805906155778002,0.7978571842572191,0.023570516787770397,0.20214281574278092,0.9764294832122296,3.5029764257656044,0.5568835466076236
pCbz-PYR,toluene,stddft,S0T1,0.229438063273401,0.7019989343533359,0.326835344108825,0.29800106564666407,0.673164655891175,0.8213145442166736,0.6850005373411235
DDPhCz-DPPZ,toluene,stddft,S0T1,0.015745851728193004,0.8760166916328777,0.01797437409422308,0.12398330836712222,0.9820256259057769,2.300378865242636,0.6456226027856484
s-triazine,toluene,stda,S0T1,0.031889162253711675,0.9932817276286577,0.032104851389789746,0.0067182723713421245,0.9678951486102102,0.4372351246886513,0.7524023531614008
s-triazine,toluene,stddft,S0T1,0.031213459230776997,0.9931364062916688,0.03142917632767768,0.006863593708331405,0.9685708236723225,0.47392322876125087,0.8496716658264942
s-triazine,toluene,stddft,S0S1,0.041282146582802666,0.996092101024629,0.04144410596202684,0.00390789897537075,0.9585558940379731,0.19963824679083003,0.5914444850499174
s-triazine,toluene,stda,S0S1,0.04161031242177689,0.9959719166802923,0.04177860010397645,0.004028083319707726,0.9582213998960236,0.20234495560169183,0.5911051219855552
