molecule,environment,method,S1_energy_eV,S1_wavelength_nm,S1_osc_strength,T1_energy_eV,T1_wavelength_nm,Delta_E_ST_eV,HOMO_eV,LUMO_eV,HOMO_LUMO_gap_eV
-ph-pCzAnBzt,gas,stda,3.217,385.4,0.6059,2.259,548.9,0.9580000000000002,-14.217,-8.066,6.151
-ph-pCzAnBzt,gas,stddft,3.047,406.8,0.4232,2.188,566.7,0.859,-14.217,-8.066,6.151
-ph-pCzAnBzt,toluene,stda,3.211,386.2,0.6039,2.256,549.5,0.9550000000000001,-14.123,-7.91,6.212999999999999
-ph-pCzAnBzt,toluene,stddft,3.044,407.2,0.4253,2.186,567.2,0.8580000000000001,-14.123,-7.91,6.212999999999999
11-AcBPdCN,gas,stda,2.649,468.1,0.4625,2.066,600.0,0.5830000000000002,-14.094,-8.492,5.6019999999999985
11-AcBPdCN,gas,stddft,2.56,484.4,0.374,2.027,611.8,0.5329999999999999,-14.094,-8.492,5.6019999999999985
11-AcBPdCN,toluene,stda,2.502,495.5,0.4468,1.915,647.3,0.5869999999999997,-13.843,-8.43,5.413
11-AcBPdCN,toluene,stddft,2.411,514.2,0.3584,1.873,661.8,0.538,-13.843,-8.43,5.413
12AcCz-PM,gas,stda,3.644,340.3,0.9239,3.231,383.7,0.41300000000000026,-13.739,-7.165,6.574000000000001
12AcCz-PM,gas,stddft,3.61,343.4,0.8212,3.205,386.8,0.4049999999999998,-13.739,-7.165,6.574000000000001
12AcCz-PM,toluene,stda,3.557,348.6,1.0864,3.082,402.3,0.4750000000000001,-13.565,-7.178,6.387
12AcCz-PM,toluene,stddft,3.523,351.9,0.9838,3.054,406.0,0.4690000000000003,-13.565,-7.178,6.387
12BTCzTPN,gas,stda,3.001,413.1,0.3597,2.722,455.5,0.2789999999999999,-14.076,-7.934,6.142
12BTCzTPN,gas,stddft,2.961,418.8,0.3115,2.709,457.7,0.2519999999999998,-14.076,-7.934,6.142
12BTCzTPN,toluene,stda,3.136,395.3,0.2972,2.866,432.7,0.27,-13.664,-7.524,6.14
12BTCzTPN,toluene,stddft,3.105,399.3,0.2776,2.853,434.6,0.2519999999999998,-13.664,-7.524,6.14
19a,gas,stda,3.408,363.8,0.2574,2.324,533.5,1.084,-14.338,-7.998,6.339999999999999
19a,gas,stddft,3.233,383.5,0.1726,2.254,550.0,0.9790000000000001,-14.338,-7.998,6.339999999999999
19a,toluene,stda,3.408,363.8,0.2529,2.325,533.4,1.0829999999999997,-14.321,-7.976,6.345
19a,toluene,stddft,3.233,383.5,0.1699,2.255,549.9,0.9780000000000002,-14.321,-7.976,6.345
1CM,gas,stda,3.575,346.8,0.0827,3.044,407.3,0.5310000000000001,-13.713,-6.48,7.232999999999999
1CM,gas,stddft,3.482,356.1,0.0642,3.018,410.8,0.4640000000000004,-13.713,-6.48,7.232999999999999
1CM,toluene,stda,3.57,347.3,0.0823,3.059,405.3,0.5109999999999997,-13.703,-6.438,7.265
1CM,toluene,stddft,3.477,356.6,0.0641,3.034,408.7,0.44300000000000006,-13.703,-6.438,7.265
1CzSO,gas,stda,3.874,320.0,0.2933,3.426,361.9,0.44799999999999995,-14.233,-7.337,6.896000000000001
1CzSO,gas,stddft,3.818,324.8,0.2522,3.405,364.1,0.41300000000000026,-14.233,-7.337,6.896000000000001
1CzSO,toluene,stda,3.879,319.6,0.3875,3.441,360.4,0.43800000000000017,-14.083,-7.413,6.67
1CzSO,toluene,stddft,3.827,324.0,0.3347,3.42,362.5,0.40700000000000003,-14.083,-7.413,6.67
1G-F1,gas,stda,5.137,241.4,0.0,4.331,286.3,0.8059999999999992,-14.833,-5.9,8.933
1G-F1,gas,stddft,5.108,242.7,0.0,4.284,289.4,0.8239999999999998,-14.833,-5.9,8.933
1G-F1,toluene,stda,5.152,240.6,0.0004,4.336,285.9,0.8159999999999998,-14.781,-5.864,8.917000000000002
1G-F1,toluene,stddft,5.124,242.0,0.0004,4.289,289.1,0.835,-14.781,-5.864,8.917000000000002
1MOBI,gas,stda,3.147,394.0,2.6385,2.394,518.0,0.7529999999999997,-14.067,-8.007,6.0600000000000005
1MOBI,gas,stddft,3.072,403.6,2.1421,2.34,529.9,0.7320000000000002,-14.067,-8.007,6.0600000000000005
1MOBI,toluene,stda,3.141,394.7,2.5266,2.39,518.9,0.7509999999999999,-13.935,-7.865,6.07
1MOBI,toluene,stddft,3.063,404.8,2.0381,2.337,530.4,0.726,-13.935,-7.865,6.07
1MPA,gas,stda,4.09,303.1,0.4386,3.698,335.3,0.3919999999999999,-13.769,-6.105,7.664
1MPA,gas,stddft,4.066,304.9,0.3925,3.681,336.8,0.3849999999999998,-13.769,-6.105,7.664
1MPA,toluene,stda,4.137,299.7,0.5543,3.745,331.1,0.39199999999999946,-13.534,-5.873,7.6610000000000005
1MPA,toluene,stddft,4.116,301.3,0.4982,3.726,332.7,0.3899999999999997,-13.534,-5.873,7.6610000000000005
1PCTRz,gas,stda,3.823,324.3,0.5689,3.384,366.4,0.43900000000000006,-13.9,-7.73,6.17
1PCTRz,gas,stddft,3.766,329.2,0.3981,3.36,369.0,0.40600000000000014,-13.9,-7.73,6.17
1PCTRz,toluene,stda,3.808,325.6,0.3658,3.345,370.6,0.46299999999999963,-13.783,-7.639,6.143999999999999
1PCTRz,toluene,stddft,3.745,331.0,0.2509,3.321,373.3,0.42399999999999993,-13.783,-7.639,6.143999999999999
1PXZ-BP,gas,stda,3.062,405.0,0.3217,2.742,452.1,0.31999999999999984,-13.161,-8.287,4.873999999999999
1PXZ-BP,gas,stddft,3.046,407.0,0.2915,2.712,457.2,0.33399999999999963,-13.161,-8.287,4.873999999999999
1PXZ-BP,toluene,stda,3.059,405.3,0.3099,2.756,449.9,0.3030000000000004,-13.17,-8.309,4.861000000000001
1PXZ-BP,toluene,stddft,3.044,407.2,0.2853,2.725,455.0,0.31899999999999995,-13.17,-8.309,4.861000000000001
1PXZP,gas,stda,2.979,416.1,0.3726,2.742,452.2,0.2370000000000001,-13.066,-7.637,5.429000000000001
1PXZP,gas,stddft,2.96,418.8,0.335,2.71,457.6,0.25,-13.066,-7.637,5.429000000000001
1PXZP,toluene,stda,2.958,419.2,0.3802,2.72,455.7,0.238,-13.159,-7.73,5.429
1PXZP,toluene,stddft,2.938,422.0,0.3406,2.708,457.8,0.22999999999999998,-13.159,-7.73,5.429
1SBFN,gas,stda,4.197,295.4,0.9304,3.324,373.0,0.8730000000000002,-14.74,-7.284,7.456
1SBFN,gas,stddft,4.124,300.6,0.7501,3.273,378.9,0.8509999999999995,-14.74,-7.284,7.456
1SBFN,toluene,stda,4.217,294.0,0.9185,3.339,371.3,0.8779999999999997,-14.747,-7.275,7.4719999999999995
1SBFN,toluene,stddft,4.145,299.1,0.7499,3.287,377.1,0.8579999999999997,-14.747,-7.275,7.4719999999999995
"2,4,6-CzPyCl2",gas,stda,3.848,322.2,0.5648,3.453,359.1,0.395,-14.355,-6.94,7.415
"2,4,6-CzPyCl2",gas,stddft,3.801,326.2,0.4755,3.427,361.8,0.3740000000000001,-14.355,-6.94,7.415
"2,4,6-CzPyCl2",toluene,stda,3.842,322.7,0.5447,3.452,359.2,0.3900000000000001,-14.24,-6.803,7.437
"2,4,6-CzPyCl2",toluene,stddft,3.801,326.2,0.4792,3.428,361.7,0.3730000000000002,-14.24,-6.803,7.437
"2,4-CzPyCl3",gas,stda,3.849,322.2,0.6155,3.467,357.6,0.3820000000000001,-14.472,-6.985,7.486999999999999
"2,4-CzPyCl3",gas,stddft,3.804,325.9,0.5247,3.446,359.8,0.35799999999999965,-14.472,-6.985,7.486999999999999
"2,4-CzPyCl3",toluene,stda,3.845,322.5,0.6096,3.446,359.8,0.399,-14.36,-6.918,7.441999999999999
"2,4-CzPyCl3",toluene,stddft,3.796,326.6,0.5156,3.424,362.1,0.3719999999999999,-14.36,-6.918,7.441999999999999
"2,7-MeCzOXD",gas,stda,3.732,332.2,0.1096,3.491,355.2,0.2410000000000001,-13.934,-7.321,6.6129999999999995
"2,7-MeCzOXD",gas,stddft,3.717,333.6,0.1052,3.473,356.9,0.24400000000000022,-13.934,-7.321,6.6129999999999995
"2,7-MeCzOXD",toluene,stda,3.756,330.1,0.1761,3.48,356.2,0.2759999999999998,-13.969,-7.345,6.624
"2,7-MeCzOXD",toluene,stddft,3.739,331.6,0.1618,3.46,358.3,0.2789999999999999,-13.969,-7.345,6.624
2-TA-AN,gas,stda,3.404,364.2,0.3916,2.318,534.9,1.0859999999999999,-14.098,-7.902,6.196000000000001
2-TA-AN,gas,stddft,3.225,384.5,0.271,2.245,552.2,0.98,-14.098,-7.902,6.196000000000001
2-TA-AN,toluene,stda,3.41,363.6,0.3893,2.309,537.0,1.101,-14.175,-7.896,6.279000000000001
2-TA-AN,toluene,stddft,3.23,383.9,0.2711,2.236,554.5,0.9939999999999998,-14.175,-7.896,6.279000000000001
23AcCz-PM,gas,stda,3.568,347.5,0.1713,3.234,383.4,0.3340000000000001,-13.461,-7.483,5.978000000000001
23AcCz-PM,gas,stddft,3.556,348.6,0.1735,3.206,386.8,0.3500000000000001,-13.461,-7.483,5.978000000000001
23AcCz-PM,toluene,stda,3.601,344.3,0.267,3.198,387.7,0.403,-13.315,-7.34,5.975
23AcCz-PM,toluene,stddft,3.586,345.8,0.2758,3.17,391.2,0.4159999999999999,-13.315,-7.34,5.975
24PQ-Cz,gas,stda,3.788,327.3,0.0519,3.307,374.9,0.48099999999999987,-14.21,-7.982,6.228000000000001
24PQ-Cz,gas,stddft,3.769,329.0,0.4628,3.269,379.2,0.5,-14.21,-7.982,6.228000000000001
24PQ-Cz,toluene,stda,3.74,331.5,0.0291,3.305,375.2,0.43500000000000005,-14.19,-7.891,6.2989999999999995
24PQ-Cz,toluene,stddft,3.734,332.0,0.0443,3.266,379.6,0.46799999999999997,-14.19,-7.891,6.2989999999999995
25CzBPym,gas,stda,3.221,385.0,0.066,3.084,402.0,0.137,-14.166,-7.961,6.205
25CzBPym,gas,stddft,3.207,386.6,0.0602,3.076,403.0,0.13099999999999978,-14.166,-7.961,6.205
25CzBPym,toluene,stda,3.038,408.1,0.0654,2.891,428.8,0.1469999999999998,-13.917,-7.916,6.0009999999999994
25CzBPym,toluene,stddft,3.022,410.2,0.0585,2.884,430.0,0.1379999999999999,-13.917,-7.916,6.0009999999999994
25DAcBPy,gas,stda,3.243,382.3,0.1461,3.11,398.7,0.133,-13.607,-8.603,5.004
25DAcBPy,gas,stddft,3.235,383.2,0.1416,3.103,399.6,0.13199999999999967,-13.607,-8.603,5.004
25DAcBPy,toluene,stda,3.233,383.4,0.2402,2.561,484.1,0.6720000000000002,-13.497,-8.247,5.25
25DAcBPy,toluene,stddft,3.203,387.0,0.3277,2.524,491.1,0.6789999999999998,-13.497,-8.247,5.25
25tCzBPym,gas,stda,3.097,400.3,0.0614,2.961,418.7,0.13600000000000012,-13.968,-7.933,6.035
25tCzBPym,gas,stddft,3.083,402.1,0.0556,2.954,419.8,0.129,-13.968,-7.933,6.035
25tCzBPym,toluene,stda,2.939,421.9,0.0682,2.79,444.3,0.14900000000000002,-13.762,-7.875,5.8870000000000005
25tCzBPym,toluene,stddft,2.923,424.1,0.0612,2.783,445.5,0.14000000000000012,-13.762,-7.875,5.8870000000000005
26DAcBPy,gas,stda,3.225,384.4,0.3054,2.899,427.7,0.32600000000000007,-13.531,-8.203,5.328000000000001
26DAcBPy,gas,stddft,3.203,387.1,0.278,2.885,429.7,0.31800000000000006,-13.531,-8.203,5.328000000000001
26DAcBPy,toluene,stda,3.137,395.3,0.253,2.816,440.3,0.3210000000000002,-13.307,-8.106,5.2010000000000005
26DAcBPy,toluene,stddft,3.115,398.0,0.2345,2.802,442.4,0.31300000000000017,-13.307,-8.106,5.2010000000000005
26DCzPPy,gas,stda,3.825,324.2,0.2792,3.406,364.0,0.41900000000000004,-14.186,-7.196,6.99
26DCzPPy,gas,stddft,3.757,330.0,0.2369,3.382,366.5,0.375,-14.186,-7.196,6.99
26DCzPPy,toluene,stda,3.869,320.4,0.0019,3.41,363.6,0.4590000000000001,-14.006,-7.114,6.892
26DCzPPy,toluene,stddft,3.808,325.6,0.0017,3.387,366.1,0.4209999999999998,-14.006,-7.114,6.892
26DPXZBPy,gas,stda,2.86,433.5,0.0038,2.541,487.8,0.31899999999999995,-12.985,-8.254,4.731
26DPXZBPy,gas,stddft,2.845,435.8,0.0039,2.531,489.8,0.31400000000000006,-12.985,-8.254,4.731
26DPXZBPy,toluene,stda,2.813,440.7,0.0138,2.521,491.8,0.29200000000000026,-12.88,-8.155,4.725000000000001
26DPXZBPy,toluene,stddft,2.798,443.2,0.0149,2.511,493.8,0.2869999999999999,-12.88,-8.155,4.725000000000001
2BFCzPy,gas,stda,3.832,323.6,0.6687,3.46,358.3,0.3719999999999999,-14.139,-7.079,7.06
2BFCzPy,gas,stddft,3.785,327.6,0.5921,3.437,360.8,0.3480000000000003,-14.139,-7.079,7.06
2BFCzPy,toluene,stda,3.846,322.4,0.4321,3.429,361.6,0.41700000000000026,-14.024,-6.97,7.053999999999999
2BFCzPy,toluene,stddft,3.797,326.6,0.3793,3.405,364.2,0.39200000000000035,-14.024,-6.97,7.053999999999999
2BPy-mDTC,gas,stda,3.368,368.1,0.0351,3.218,385.3,0.1499999999999999,-14.043,-8.127,5.915999999999999
2BPy-mDTC,gas,stddft,3.358,369.2,0.036,3.21,386.3,0.14800000000000013,-14.043,-8.127,5.915999999999999
2BPy-mDTC,toluene,stda,3.328,372.6,0.0344,3.172,390.9,0.1559999999999997,-13.968,-8.082,5.885999999999999
2BPy-mDTC,toluene,stddft,3.319,373.6,0.0365,3.163,392.0,0.15600000000000014,-13.968,-8.082,5.885999999999999
2BTCz2CzTPN,gas,stda,3.208,386.5,0.5055,2.947,420.8,0.2610000000000001,-14.184,-8.013,6.170999999999999
2BTCz2CzTPN,gas,stddft,3.176,390.3,0.4538,2.935,422.4,0.2410000000000001,-14.184,-8.013,6.170999999999999
2BTCz2CzTPN,toluene,stda,2.875,431.3,0.5785,2.568,482.7,0.30699999999999994,-13.642,-7.571,6.071
2BTCz2CzTPN,toluene,stddft,2.829,438.3,0.4998,2.554,485.4,0.27500000000000036,-13.642,-7.571,6.071
2BTPA-INN,gas,stda,3.707,334.5,1.9904,3.183,389.6,0.524,-13.732,-7.578,6.153999999999999
2BTPA-INN,gas,stddft,3.691,335.9,1.8536,3.159,392.5,0.532,-13.732,-7.578,6.153999999999999
2BTPA-INN,toluene,stda,3.633,341.2,1.983,3.138,395.1,0.4950000000000001,-13.624,-7.592,6.032000000000001
2BTPA-INN,toluene,stddft,3.619,342.6,1.8661,3.115,398.1,0.504,-13.624,-7.592,6.032000000000001
2BrCPT,gas,stda,3.815,325.0,0.4898,3.38,366.8,0.43500000000000005,-14.456,-7.73,6.725999999999999
2BrCPT,gas,stddft,3.747,330.9,0.3918,3.357,369.3,0.3899999999999997,-14.456,-7.73,6.725999999999999
2BrCPT,toluene,stda,3.811,325.3,0.4827,3.365,368.4,0.44599999999999973,-14.411,-7.651,6.76
2BrCPT,toluene,stddft,3.741,331.4,0.3833,3.342,371.0,0.399,-14.411,-7.651,6.76
2C,gas,stda,3.542,350.1,1.2876,2.682,462.4,0.8599999999999999,-14.72,-8.792,5.928000000000001
2C,gas,stddft,3.473,357.0,1.1036,2.614,474.4,0.859,-14.72,-8.792,5.928000000000001
2C,toluene,stda,3.441,360.3,1.2741,2.65,467.8,0.7909999999999999,-14.544,-8.886,5.658000000000001
2C,toluene,stddft,3.38,366.8,1.1073,2.585,479.7,0.7949999999999999,-14.544,-8.886,5.658000000000001
2CM,gas,stda,3.565,347.7,0.0867,3.041,407.7,0.524,-13.642,-6.592,7.05
2CM,gas,stddft,3.473,357.0,0.066,3.015,411.2,0.45799999999999974,-13.642,-6.592,7.05
2CM,toluene,stda,3.562,348.1,0.155,3.061,405.1,0.5009999999999999,-13.595,-6.441,7.154000000000001
2CM,toluene,stddft,3.473,356.9,0.1188,3.035,408.5,0.4379999999999997,-13.595,-6.441,7.154000000000001
2Cz-DMAC-BTB,gas,stda,3.743,331.2,0.0795,3.362,368.8,0.3809999999999998,-13.53,-7.461,6.068999999999999
2Cz-DMAC-BTB,gas,stddft,3.733,332.1,0.0982,3.333,372.0,0.3999999999999999,-13.53,-7.461,6.068999999999999
2Cz-DMAC-BTB,toluene,stda,3.553,348.9,0.0257,3.358,369.3,0.19499999999999984,-13.28,-7.405,5.874999999999999
2Cz-DMAC-BTB,toluene,stddft,3.547,349.5,0.0257,3.329,372.5,0.21799999999999997,-13.28,-7.405,5.874999999999999
2Cz-DMAC-TTR,gas,stda,3.917,316.5,0.4315,3.482,356.1,0.4349999999999996,-13.833,-6.68,7.1530000000000005
2Cz-DMAC-TTR,gas,stddft,3.864,320.9,0.3655,3.46,358.4,0.4039999999999999,-13.833,-6.68,7.1530000000000005
2Cz-DMAC-TTR,toluene,stda,3.975,311.9,0.1344,3.404,364.2,0.5710000000000002,-13.672,-6.602,7.07
2Cz-DMAC-TTR,toluene,stddft,3.911,317.0,0.0418,3.383,366.5,0.528,-13.672,-6.602,7.07
2Cz-DMAC-TXO,gas,stda,3.397,365.0,0.0209,2.864,432.9,0.5329999999999999,-13.409,-7.861,5.548000000000001
2Cz-DMAC-TXO,gas,stddft,3.37,367.9,0.0549,2.838,436.8,0.532,-13.409,-7.861,5.548000000000001
2Cz-DMAC-TXO,toluene,stda,3.335,371.8,0.015,2.848,435.3,0.4870000000000001,-13.21,-7.692,5.518000000000001
2Cz-DMAC-TXO,toluene,stddft,3.318,373.7,0.0312,2.821,439.5,0.4969999999999999,-13.21,-7.692,5.518000000000001
2Cz2tCzBn,gas,stda,3.409,363.7,0.4382,3.156,392.9,0.25299999999999967,-13.991,-7.225,6.766
2Cz2tCzBn,gas,stddft,3.374,367.5,0.3864,3.145,394.3,0.2290000000000001,-13.991,-7.225,6.766
2Cz2tCzBn,toluene,stda,3.269,379.3,0.4651,2.992,414.3,0.27700000000000014,-13.497,-6.833,6.664
2Cz2tCzBn,toluene,stddft,3.229,383.9,0.4065,2.98,416.0,0.2490000000000001,-13.497,-6.833,6.664
2CzBN,gas,stda,3.746,331.0,0.1845,3.409,363.7,0.3370000000000002,-14.281,-7.289,6.992000000000001
2CzBN,gas,stddft,3.71,334.2,0.1595,3.388,365.9,0.32200000000000006,-14.281,-7.289,6.992000000000001
2CzBN,toluene,stda,3.683,336.6,0.2305,3.329,372.4,0.35399999999999965,-14.014,-7.107,6.906999999999999
2CzBN,toluene,stddft,3.648,339.8,0.2028,3.309,374.7,0.33899999999999997,-14.014,-7.107,6.906999999999999
2CzCbPy,gas,stda,3.724,332.9,0.377,3.287,377.1,0.4370000000000003,-13.953,-7.061,6.8919999999999995
2CzCbPy,gas,stddft,3.666,338.2,0.3071,3.266,379.6,0.3999999999999999,-13.953,-7.061,6.8919999999999995
2CzCbPy,toluene,stda,3.703,334.8,0.3323,3.246,382.0,0.45699999999999985,-13.922,-6.957,6.965000000000001
2CzCbPy,toluene,stddft,3.641,340.6,0.2662,3.224,384.6,0.4169999999999998,-13.922,-6.957,6.965000000000001
2CzMC,gas,stda,3.77,328.9,0.135,3.204,386.9,0.5659999999999998,-14.317,-7.125,7.192
2CzMC,gas,stddft,3.708,334.4,0.1216,3.167,391.5,0.5410000000000004,-14.317,-7.125,7.192
2CzMC,toluene,stda,3.686,336.4,0.1907,3.072,403.6,0.6139999999999999,-14.323,-7.297,7.026000000000001
2CzMC,toluene,stddft,3.618,342.6,0.1678,3.032,408.9,0.5859999999999999,-14.323,-7.297,7.026000000000001
2CzP-INN,gas,stda,3.914,316.8,0.7154,3.461,358.2,0.4530000000000003,-14.253,-7.722,6.531
2CzP-INN,gas,stddft,3.857,321.5,0.5641,3.439,360.5,0.41800000000000015,-14.253,-7.722,6.531
2CzP-INN,toluene,stda,3.903,317.7,0.6819,3.443,360.1,0.45999999999999996,-14.182,-7.694,6.488
2CzP-INN,toluene,stddft,3.844,322.6,0.5343,3.421,362.4,0.42300000000000004,-14.182,-7.694,6.488
2CzPN,gas,stda,3.443,360.1,0.2048,3.123,397.0,0.31999999999999984,-14.461,-7.926,6.535
2CzPN,gas,stddft,3.414,363.2,0.182,3.103,399.5,0.31099999999999994,-14.461,-7.926,6.535
2CzPN,toluene,stda,3.259,380.4,0.245,2.914,425.5,0.34499999999999975,-14.121,-7.813,6.308000000000001
2CzPN,toluene,stddft,3.226,384.3,0.2156,2.894,428.4,0.33199999999999985,-14.121,-7.813,6.308000000000001
2CzPy,gas,stda,3.902,317.8,0.1724,3.443,360.1,0.4590000000000001,-14.217,-6.97,7.247000000000001
2CzPy,gas,stddft,3.839,323.0,0.1486,3.42,362.6,0.41900000000000004,-14.217,-6.97,7.247000000000001
2CzPy,toluene,stda,3.883,319.3,0.1365,3.402,364.5,0.48099999999999987,-14.076,-6.875,7.2010000000000005
2CzPy,toluene,stddft,3.816,324.9,0.1119,3.378,367.1,0.4379999999999997,-14.076,-6.875,7.2010000000000005
2CzTPE,gas,stda,3.598,344.6,2.3964,2.881,430.3,0.7170000000000001,-14.224,-7.755,6.469
2CzTPE,gas,stddft,3.559,348.4,2.0956,2.833,437.6,0.726,-14.224,-7.755,6.469
2CzTPE,toluene,stda,3.614,343.1,2.6157,2.89,429.0,0.7239999999999998,-14.177,-7.712,6.465
2CzTPE,toluene,stddft,3.574,346.9,2.2891,2.842,436.2,0.7319999999999998,-14.177,-7.712,6.465
2CzTPEPCz,gas,stda,3.861,321.1,1.5194,3.292,376.6,0.5690000000000004,-14.122,-7.571,6.551
2CzTPEPCz,gas,stddft,3.831,323.6,1.3309,3.254,381.0,0.577,-14.122,-7.571,6.551
2CzTPEPCz,toluene,stda,3.848,322.2,1.5521,3.278,378.2,0.5699999999999998,-13.994,-7.354,6.64
2CzTPEPCz,toluene,stddft,3.81,325.4,1.3307,3.24,382.6,0.5699999999999998,-13.994,-7.354,6.64
2DMAC-BP-F,gas,stda,3.125,396.8,0.8952,2.54,488.1,0.585,-13.691,-7.988,5.703
2DMAC-BP-F,gas,stddft,3.055,405.9,0.7569,2.512,493.6,0.5430000000000001,-13.691,-7.988,5.703
2DMAC-BP-F,toluene,stda,3.004,412.7,0.9316,2.386,519.6,0.6179999999999999,-13.545,-8.062,5.4830000000000005
2DMAC-BP-F,toluene,stddft,2.929,423.3,0.7792,2.355,526.4,0.5739999999999998,-13.545,-8.062,5.4830000000000005
2DN,gas,stda,2.682,462.3,0.0984,2.527,490.6,0.1549999999999998,-13.72,-8.602,5.118
2DN,gas,stddft,2.671,464.2,0.0905,2.51,494.0,0.16100000000000003,-13.72,-8.602,5.118
2DN,toluene,stda,2.361,525.2,0.1778,1.8,688.8,0.5610000000000002,-13.441,-8.27,5.171000000000001
2DN,toluene,stddft,2.265,547.4,0.1295,1.762,703.8,0.5030000000000001,-13.441,-8.27,5.171000000000001
2DPA-DPQ,gas,stda,3.061,405.0,0.8164,2.431,510.1,0.6299999999999999,-13.696,-7.393,6.303
2DPA-DPQ,gas,stddft,2.975,416.8,0.6671,2.401,516.4,0.5740000000000003,-13.696,-7.393,6.303
2DPA-DPQ,toluene,stda,3.053,406.1,0.8511,2.412,514.0,0.641,-13.525,-7.241,6.284000000000001
2DPA-DPQ,toluene,stddft,2.966,418.0,0.6927,2.381,520.7,0.5850000000000004,-13.525,-7.241,6.284000000000001
2F,gas,stda,3.334,371.9,0.1122,2.884,429.9,0.4500000000000002,-13.222,-7.951,5.271
2F,gas,stddft,3.259,380.4,0.09,2.864,433.0,0.395,-13.222,-7.951,5.271
2F,toluene,stda,3.329,372.4,0.1368,2.883,430.1,0.4460000000000002,-13.071,-7.962,5.109
2F,toluene,stddft,3.254,381.0,0.1087,2.862,433.2,0.3919999999999999,-13.071,-7.962,5.109
2H-Qz,gas,stda,3.098,400.2,0.0157,2.737,453.0,0.36099999999999977,-13.172,-7.958,5.214
2H-Qz,gas,stddft,3.06,405.2,0.0133,2.706,458.2,0.3540000000000001,-13.172,-7.958,5.214
2H-Qz,toluene,stda,3.105,399.3,0.0151,2.741,452.3,0.3639999999999999,-13.12,-7.931,5.188999999999999
2H-Qz,toluene,stddft,3.066,404.3,0.0127,2.71,457.5,0.35599999999999987,-13.12,-7.931,5.188999999999999
2ICz-OXD,gas,stda,3.804,325.9,0.3227,3.4,364.7,0.4039999999999999,-13.979,-7.649,6.329999999999999
2ICz-OXD,gas,stddft,3.753,330.3,0.2991,3.376,367.3,0.3770000000000002,-13.979,-7.649,6.329999999999999
2ICz-OXD,toluene,stda,3.796,326.7,0.3122,3.371,367.8,0.4249999999999998,-13.882,-7.665,6.217
2ICz-OXD,toluene,stddft,3.744,331.1,0.2901,3.347,370.4,0.39700000000000024,-13.882,-7.665,6.217
2MeCZ-TRZ,gas,stda,3.909,317.2,0.6203,3.489,355.3,0.41999999999999993,-14.104,-7.674,6.429999999999999
2MeCZ-TRZ,gas,stddft,3.86,321.2,0.4711,3.466,357.7,0.3939999999999997,-14.104,-7.674,6.429999999999999
2MeCZ-TRZ,toluene,stda,3.934,315.2,0.7384,3.488,355.5,0.4460000000000002,-14.031,-7.575,6.456
2MeCZ-TRZ,toluene,stddft,3.886,319.1,0.576,3.466,357.8,0.41999999999999993,-14.031,-7.575,6.456
2Mi2SB,gas,stda,4.695,264.1,0.1294,4.176,296.9,0.5190000000000001,-14.919,-6.698,8.221
2Mi2SB,gas,stddft,4.649,266.7,0.1174,4.149,298.8,0.5,-14.919,-6.698,8.221
2Mi2SB,toluene,stda,4.683,264.8,0.1347,4.115,301.3,0.5679999999999996,-14.687,-6.512,8.175
2Mi2SB,toluene,stddft,4.632,267.7,0.1234,4.089,303.2,0.5429999999999993,-14.687,-6.512,8.175
2PBCzPy,gas,stda,4.021,308.4,0.1445,3.532,351.0,0.4889999999999999,-13.906,-7.049,6.857
2PBCzPy,gas,stddft,3.961,313.0,0.1508,3.511,353.1,0.44999999999999973,-13.906,-7.049,6.857
2PBCzPy,toluene,stda,3.974,312.0,0.172,3.488,355.4,0.4860000000000002,-13.786,-6.851,6.935
2PBCzPy,toluene,stddft,3.913,316.9,0.1413,3.467,357.6,0.44599999999999973,-13.786,-6.851,6.935
2PCzBN,gas,stda,3.832,323.5,0.7246,3.426,361.9,0.4059999999999997,-14.218,-7.273,6.945
2PCzBN,gas,stddft,3.804,325.9,0.661,3.405,364.2,0.399,-14.218,-7.273,6.945
2PCzBN,toluene,stda,3.826,324.0,0.742,3.404,364.2,0.42200000000000015,-14.096,-7.139,6.957
2PCzBN,toluene,stddft,3.794,326.8,0.6559,3.383,366.5,0.41100000000000003,-14.096,-7.139,6.957
2PCzBN-tPh,gas,stda,3.766,329.2,0.6166,3.446,359.8,0.31999999999999984,-14.195,-7.54,6.655
2PCzBN-tPh,gas,stddft,3.74,331.5,0.5681,3.424,362.1,0.3160000000000003,-14.195,-7.54,6.655
2PCzBN-tPh,toluene,stda,3.755,330.2,0.6611,3.411,363.5,0.34399999999999986,-14.1,-7.426,6.6739999999999995
2PCzBN-tPh,toluene,stddft,3.727,332.6,0.6087,3.389,365.8,0.3380000000000001,-14.1,-7.426,6.6739999999999995
2PN,gas,stda,2.201,563.4,0.0926,2.007,617.6,0.19399999999999995,-13.28,-8.596,4.683999999999999
2PN,gas,stddft,2.182,568.2,0.0673,1.995,621.4,0.18699999999999983,-13.28,-8.596,4.683999999999999
2PN,toluene,stda,2.159,574.4,0.2118,1.961,632.4,0.19799999999999973,-13.158,-8.494,4.664
2PN,toluene,stddft,2.141,579.0,0.1833,1.949,636.0,0.19199999999999995,-13.158,-8.494,4.664
2PS-2FPh,gas,stda,3.225,384.4,0.0318,2.878,430.8,0.347,-13.101,-6.414,6.687000000000001
2PS-2FPh,gas,stddft,3.184,389.4,0.0269,2.85,435.1,0.3340000000000001,-13.101,-6.414,6.687000000000001
2PS-2FPh,toluene,stda,3.204,387.0,0.051,2.833,437.6,0.371,-13.108,-6.349,6.759
2PS-2FPh,toluene,stddft,3.161,392.3,0.0432,2.803,442.3,0.3580000000000001,-13.108,-6.349,6.759
2PXZ-OXD,gas,stda,3.099,400.0,0.8673,2.812,440.9,0.28700000000000037,-13.213,-7.733,5.4799999999999995
2PXZ-OXD,gas,stddft,3.088,401.5,0.8117,2.802,442.5,0.28600000000000003,-13.213,-7.733,5.4799999999999995
2PXZ-OXD,toluene,stda,3.097,400.3,0.8694,2.835,437.3,0.262,-13.165,-7.716,5.448999999999999
2PXZ-OXD,toluene,stddft,3.087,401.7,0.815,2.826,438.7,0.2610000000000001,-13.165,-7.716,5.448999999999999
2PXZP,gas,stda,3.076,403.0,0.4548,2.741,452.4,0.33499999999999996,-13.071,-7.698,5.372999999999999
2PXZP,gas,stddft,3.06,405.1,0.4195,2.709,457.6,0.351,-13.071,-7.698,5.372999999999999
2PXZP,toluene,stda,3.118,397.6,0.0208,2.749,451.1,0.3689999999999998,-13.118,-7.655,5.463
2PXZP,toluene,stddft,3.081,402.4,0.0182,2.718,456.2,0.363,-13.118,-7.655,5.463
2PyCNBCz,gas,stda,3.824,324.2,1.3419,3.387,366.1,0.43699999999999983,-13.98,-8.058,5.922000000000001
2PyCNBCz,gas,stddft,3.78,328.0,1.1088,3.365,368.5,0.4149999999999996,-13.98,-8.058,5.922000000000001
2PyCNBCz,toluene,stda,3.794,326.8,1.5588,3.36,369.0,0.43400000000000016,-13.892,-8.13,5.761999999999999
2PyCNBCz,toluene,stddft,3.759,329.8,1.3444,3.336,371.7,0.42300000000000004,-13.892,-8.13,5.761999999999999
2PyCNICz,gas,stda,3.743,331.2,0.2141,3.366,368.4,0.3769999999999998,-13.985,-8.042,5.943
2PyCNICz,gas,stddft,3.692,335.8,0.2003,3.34,371.2,0.3520000000000003,-13.985,-8.042,5.943
2PyCNICz,toluene,stda,3.726,332.8,0.1406,3.35,370.1,0.3759999999999999,-13.884,-8.118,5.766
2PyCNICz,toluene,stddft,3.679,337.0,0.1296,3.324,373.0,0.355,-13.884,-8.118,5.766
2SBFN,gas,stda,4.207,294.7,0.048,3.39,365.7,0.8169999999999997,-14.779,-7.318,7.461
2SBFN,gas,stddft,4.172,297.2,0.0886,3.338,371.5,0.8339999999999996,-14.779,-7.318,7.461
2SBFN,toluene,stda,4.2,295.2,0.0909,3.388,365.9,0.8120000000000003,-14.763,-7.318,7.445
2SBFN,toluene,stddft,4.163,297.8,0.1483,3.335,371.7,0.8280000000000003,-14.763,-7.318,7.445
2SPBAC-BP,gas,stda,3.647,340.0,0.1859,3.064,404.7,0.5829999999999997,-13.621,-7.394,6.227
2SPBAC-BP,gas,stddft,3.605,343.9,0.2351,3.03,409.2,0.5750000000000002,-13.621,-7.394,6.227
2SPBAC-BP,toluene,stda,3.396,365.1,0.0899,2.812,441.0,0.5840000000000001,-13.514,-7.606,5.9079999999999995
2SPBAC-BP,toluene,stddft,3.345,370.7,0.1145,2.78,446.1,0.5650000000000004,-13.514,-7.606,5.9079999999999995
2TCz-DPS,gas,stda,3.854,321.7,0.0404,3.389,365.9,0.4650000000000003,-14.071,-7.099,6.9719999999999995
2TCz-DPS,gas,stddft,3.805,325.9,0.0326,3.368,368.1,0.4370000000000003,-14.071,-7.099,6.9719999999999995
2TCz-DPS,toluene,stda,3.875,320.0,0.0961,3.431,361.4,0.44399999999999995,-13.952,-6.816,7.136
2TCz-DPS,toluene,stddft,3.817,324.8,0.0841,3.41,363.6,0.40700000000000003,-13.952,-6.816,7.136
2TDBA-SBA,gas,stda,3.572,347.1,0.2263,3.074,403.3,0.4980000000000002,-13.557,-7.744,5.813000000000001
2TDBA-SBA,gas,stddft,3.497,354.6,0.1905,3.054,405.9,0.44300000000000006,-13.557,-7.744,5.813000000000001
2TDBA-SBA,toluene,stda,3.559,348.3,0.2436,3.074,403.3,0.4850000000000003,-13.506,-7.716,5.79
2TDBA-SBA,toluene,stddft,3.486,355.7,0.2027,3.055,405.8,0.43100000000000005,-13.506,-7.716,5.79
2Trz6CNDBT,gas,stda,3.909,317.2,0.1548,3.568,347.5,0.34099999999999975,-15.085,-7.679,7.406000000000001
2Trz6CNDBT,gas,stddft,3.86,321.2,0.1422,3.549,349.3,0.31099999999999994,-15.085,-7.679,7.406000000000001
2Trz6CNDBT,toluene,stda,3.892,318.6,0.157,3.545,349.7,0.347,-15.078,-7.644,7.433999999999999
2Trz6CNDBT,toluene,stddft,3.842,322.7,0.1427,3.527,351.5,0.31499999999999995,-15.078,-7.644,7.433999999999999
2tCz2CzBn,gas,stda,3.425,362.0,0.3948,3.162,392.1,0.2629999999999999,-14.009,-7.228,6.781000000000001
2tCz2CzBn,gas,stddft,3.388,365.9,0.3491,3.151,393.5,0.2370000000000001,-14.009,-7.228,6.781000000000001
2tCz2CzBn,toluene,stda,3.303,375.4,0.4316,3.011,411.7,0.2919999999999998,-13.518,-6.853,6.665000000000001
2tCz2CzBn,toluene,stddft,3.261,380.2,0.376,2.999,413.4,0.262,-13.518,-6.853,6.665000000000001
2tPAB,gas,stda,3.149,393.7,0.4192,2.709,457.6,0.43999999999999995,-13.428,-6.96,6.468000000000001
2tPAB,gas,stddft,3.076,403.1,0.3396,2.688,461.3,0.3879999999999999,-13.428,-6.96,6.468000000000001
2tPAB,toluene,stda,3.125,396.7,0.417,2.682,462.2,0.44300000000000006,-13.266,-6.832,6.434
2tPAB,toluene,stddft,3.052,406.3,0.3366,2.66,466.0,0.3919999999999999,-13.266,-6.832,6.434
"3,3−NHC",gas,stda,4.23,293.1,0.0508,3.282,377.8,0.9480000000000004,-14.902,-7.289,7.6129999999999995
"3,3−NHC",gas,stddft,4.17,297.4,0.1332,3.242,382.5,0.9279999999999999,-14.902,-7.289,7.6129999999999995
"3,3−NHC",toluene,stda,4.179,296.7,0.466,3.239,382.8,0.9400000000000004,-15.153,-7.475,7.678000000000001
"3,3−NHC",toluene,stddft,4.093,302.9,0.4144,3.192,388.4,0.9009999999999998,-15.153,-7.475,7.678000000000001
"3,6-MeCzOXD",gas,stda,3.709,334.3,0.3064,3.422,362.3,0.2869999999999999,-13.939,-7.404,6.535
"3,6-MeCzOXD",gas,stddft,3.689,336.1,0.2812,3.4,364.6,0.28900000000000015,-13.939,-7.404,6.535
"3,6-MeCzOXD",toluene,stda,3.684,336.5,0.247,3.364,368.6,0.3200000000000003,-13.901,-7.309,6.592
"3,6-MeCzOXD",toluene,stddft,3.664,338.4,0.2237,3.341,371.1,0.32299999999999995,-13.901,-7.309,6.592
"3,6-T2C",gas,stda,3.748,330.8,1.2761,3.309,374.7,0.43900000000000006,-13.685,-7.824,5.861000000000001
"3,6-T2C",gas,stddft,3.716,333.7,1.1061,3.282,377.8,0.43400000000000016,-13.685,-7.824,5.861000000000001
"3,6-T2C",toluene,stda,3.735,332.0,1.268,3.286,377.3,0.44899999999999984,-13.5,-7.637,5.863
"3,6-T2C",toluene,stddft,3.699,335.2,1.0969,3.26,380.3,0.43900000000000006,-13.5,-7.637,5.863
"3,6-TC",gas,stda,3.743,331.2,1.232,3.311,374.5,0.43199999999999994,-13.627,-7.619,6.008000000000001
"3,6-TC",gas,stddft,3.708,334.3,1.065,3.284,377.6,0.4240000000000004,-13.627,-7.619,6.008000000000001
"3,6-TC",toluene,stda,3.722,333.1,1.3371,3.286,377.3,0.43599999999999994,-13.499,-7.548,5.9510000000000005
"3,6-TC",toluene,stddft,3.687,336.3,1.1542,3.261,380.2,0.4259999999999997,-13.499,-7.548,5.9510000000000005
3-ACBPmCN,gas,stda,3.221,385.0,0.0099,3.089,401.4,0.13200000000000012,-13.674,-8.57,5.103999999999999
3-ACBPmCN,gas,stddft,3.219,385.1,0.0104,3.057,405.5,0.16199999999999992,-13.674,-8.57,5.103999999999999
3-ACBPmCN,toluene,stda,3.2,387.5,0.0166,3.071,403.8,0.129,-13.535,-8.544,4.991
3-ACBPmCN,toluene,stddft,3.198,387.7,0.0181,3.038,408.1,0.16000000000000014,-13.535,-8.544,4.991
3-AcBPdCN,gas,stda,2.858,433.8,0.6375,2.357,526.1,0.5009999999999999,-14.097,-8.767,5.33
3-AcBPdCN,gas,stddft,2.797,443.3,0.5488,2.327,532.8,0.4700000000000002,-14.097,-8.767,5.33
3-AcBPdCN,toluene,stda,2.62,473.3,0.6129,2.097,591.2,0.5230000000000001,-13.858,-8.842,5.016
3-AcBPdCN,toluene,stddft,2.553,485.6,0.5223,2.063,600.9,0.48999999999999977,-13.858,-8.842,5.016
3-AcBPtCN,gas,stda,2.995,413.9,0.2684,2.805,442.1,0.18999999999999995,-13.856,-9.245,4.611000000000001
3-AcBPtCN,gas,stddft,2.982,415.8,0.2555,2.791,444.3,0.19100000000000028,-13.856,-9.245,4.611000000000001
3-AcBPtCN,toluene,stda,2.501,495.7,0.4351,2.023,613.0,0.47799999999999976,-13.915,-9.041,4.873999999999999
3-AcBPtCN,toluene,stddft,2.442,507.8,0.3809,1.989,623.3,0.45300000000000007,-13.915,-9.041,4.873999999999999
3-BHH,gas,stda,4.176,296.9,0.1321,3.233,383.5,0.9430000000000001,-14.712,-7.329,7.383
3-BHH,gas,stddft,4.087,303.3,0.117,3.191,388.5,0.8959999999999999,-14.712,-7.329,7.383
3-BHH,toluene,stda,4.15,298.8,0.1464,3.172,390.8,0.9780000000000002,-14.942,-7.485,7.457
3-BHH,toluene,stddft,4.056,305.7,0.1287,3.129,396.3,0.927,-14.942,-7.485,7.457
3-DPM,gas,stda,2.99,414.6,0.0312,2.719,456.0,0.27100000000000035,-13.798,-8.325,5.473000000000001
3-DPM,gas,stddft,2.96,418.8,0.0246,2.707,458.0,0.2530000000000001,-13.798,-8.325,5.473000000000001
3-DPM,toluene,stda,2.755,450.0,0.02,2.514,493.1,0.2410000000000001,-13.68,-8.44,5.24
3-DPM,toluene,stddft,2.732,453.9,0.0167,2.502,495.5,0.23000000000000043,-13.68,-8.44,5.24
3-DTPA-BBI,gas,stda,3.05,406.6,1.7982,2.414,513.6,0.6359999999999997,-13.719,-8.58,5.138999999999999
3-DTPA-BBI,gas,stddft,2.99,414.7,1.4974,2.372,522.8,0.6180000000000003,-13.719,-8.58,5.138999999999999
3-DTPA-BBI,toluene,stda,2.868,432.3,1.7895,2.289,541.6,0.5789999999999997,-13.41,-8.544,4.866
3-DTPA-BBI,toluene,stddft,2.813,440.8,1.518,2.25,551.1,0.5630000000000002,-13.41,-8.544,4.866
35CzBPym,gas,stda,3.536,350.7,0.0641,3.276,378.5,0.26000000000000023,-14.331,-8.208,6.122999999999999
35CzBPym,gas,stddft,3.506,353.7,0.0558,3.266,379.7,0.23999999999999977,-14.331,-8.208,6.122999999999999
35CzBPym,toluene,stda,3.474,356.8,0.0608,3.215,385.6,0.25900000000000034,-14.216,-8.181,6.035
35CzBPym,toluene,stddft,3.444,360.0,0.0525,3.205,386.8,0.23899999999999988,-14.216,-8.181,6.035
35tCzBPym,gas,stda,3.465,357.8,0.0634,3.207,386.6,0.258,-14.18,-8.183,5.997
35tCzBPym,gas,stddft,3.437,360.7,0.0553,3.197,387.8,0.23999999999999977,-14.18,-8.183,5.997
35tCzBPym,toluene,stda,3.35,370.1,0.0663,3.082,402.3,0.26800000000000024,-14.028,-8.15,5.878
35tCzBPym,toluene,stddft,3.32,373.4,0.0574,3.071,403.7,0.24899999999999967,-14.028,-8.15,5.878
36DTPAFM,gas,stda,2.775,446.9,0.1287,2.426,511.1,0.34899999999999975,-13.81,-9.105,4.705
36DTPAFM,gas,stddft,2.755,450.1,0.1242,2.385,519.8,0.3700000000000001,-13.81,-9.105,4.705
36DTPAFM,toluene,stda,2.648,468.2,0.3422,2.243,552.7,0.40500000000000025,-13.625,-9.167,4.458
36DTPAFM,toluene,stddft,2.629,471.6,0.3248,2.205,562.4,0.42399999999999993,-13.625,-9.167,4.458
3BPy-mDTC,gas,stda,3.559,348.4,0.0907,3.299,375.8,0.26000000000000023,-14.119,-7.984,6.135
3BPy-mDTC,gas,stddft,3.53,351.3,0.0826,3.289,377.0,0.24099999999999966,-14.119,-7.984,6.135
3BPy-mDTC,toluene,stda,3.49,355.2,0.0838,3.235,383.3,0.25500000000000034,-14.003,-7.956,6.047
3BPy-mDTC,toluene,stddft,3.462,358.1,0.0753,3.225,384.5,0.2370000000000001,-14.003,-7.956,6.047
3BrBI,gas,stda,3.476,356.7,3.9069,2.723,455.4,0.7530000000000001,-14.563,-8.27,6.293000000000001
3BrBI,gas,stddft,3.433,361.2,3.4225,2.667,465.0,0.766,-14.563,-8.27,6.293000000000001
3BrBI,toluene,stda,3.502,354.1,3.8849,2.747,451.3,0.7549999999999999,-14.444,-8.091,6.3530000000000015
3BrBI,toluene,stddft,3.459,358.5,3.403,2.692,460.6,0.7669999999999999,-14.444,-8.091,6.3530000000000015
3CP-DPS-DMAC,gas,stda,3.82,324.6,0.2009,3.385,366.3,0.43500000000000005,-13.628,-6.835,6.793
3CP-DPS-DMAC,gas,stddft,3.747,330.9,0.1636,3.361,368.9,0.3859999999999997,-13.628,-6.835,6.793
3CP-DPS-DMAC,toluene,stda,3.804,325.9,0.158,3.359,369.1,0.44499999999999984,-13.501,-6.775,6.725999999999999
3CP-DPS-DMAC,toluene,stddft,3.729,332.5,0.1274,3.335,371.8,0.39400000000000013,-13.501,-6.775,6.725999999999999
3CP-DPS-PXZ,gas,stda,3.098,400.1,0.0149,2.733,453.6,0.36499999999999977,-13.196,-6.836,6.359999999999999
3CP-DPS-PXZ,gas,stddft,3.061,405.1,0.0128,2.702,458.9,0.359,-13.196,-6.836,6.359999999999999
3CP-DPS-PXZ,toluene,stda,3.129,396.2,0.0132,2.761,449.0,0.3679999999999999,-13.143,-6.775,6.368
3CP-DPS-PXZ,toluene,stddft,3.091,401.1,0.0111,2.73,454.2,0.3610000000000002,-13.143,-6.775,6.368
3CzAnBzt,gas,stda,3.25,381.5,0.7323,2.243,552.8,1.0070000000000001,-14.18,-8.033,6.147
3CzAnBzt,gas,stddft,3.101,399.8,0.5288,2.173,570.6,0.9279999999999999,-14.18,-8.033,6.147
3CzAnBzt,toluene,stda,3.258,380.5,0.7095,2.253,550.3,1.005,-14.041,-7.907,6.134
3CzAnBzt,toluene,stddft,3.108,399.0,0.5126,2.183,568.1,0.9250000000000003,-14.041,-7.907,6.134
3CzAnN,gas,stda,3.252,381.3,0.7743,2.248,551.6,1.0039999999999996,-14.063,-7.843,6.220000000000001
3CzAnN,gas,stddft,3.107,399.1,0.5617,2.178,569.3,0.9290000000000003,-14.063,-7.843,6.220000000000001
3CzAnN,toluene,stda,3.259,380.4,0.7568,2.25,551.1,1.009,-14.017,-7.827,6.1899999999999995
3CzAnN,toluene,stddft,3.112,398.4,0.547,2.18,568.8,0.9319999999999999,-14.017,-7.827,6.1899999999999995
3CzBN,gas,stda,3.844,322.5,0.3168,3.396,365.1,0.44799999999999995,-14.329,-7.287,7.042000000000001
3CzBN,gas,stddft,3.819,324.7,0.2858,3.371,367.8,0.44799999999999995,-14.329,-7.287,7.042000000000001
3CzBN,toluene,stda,3.75,330.6,0.3467,3.344,370.8,0.40600000000000014,-14.23,-7.199,7.031000000000001
3CzBN,toluene,stddft,3.724,333.0,0.3206,3.319,373.6,0.40500000000000025,-14.23,-7.199,7.031000000000001
3CzFTFP,gas,stda,3.863,321.0,0.1636,3.411,363.5,0.45199999999999996,-14.214,-7.1,7.114000000000001
3CzFTFP,gas,stddft,3.791,327.1,0.1359,3.388,366.0,0.403,-14.214,-7.1,7.114000000000001
3CzFTFP,toluene,stda,3.824,324.2,0.1553,3.366,368.4,0.45799999999999974,-14.111,-7.191,6.920000000000001
3CzFTFP,toluene,stddft,3.749,330.7,0.1285,3.343,370.9,0.40600000000000014,-14.111,-7.191,6.920000000000001
3CzPhpPM,gas,stda,3.825,324.1,0.4495,3.422,362.3,0.403,-14.203,-7.471,6.731999999999999
3CzPhpPM,gas,stddft,3.764,329.4,0.356,3.4,364.6,0.3639999999999999,-14.203,-7.471,6.731999999999999
3CzPhpPM,toluene,stda,3.82,324.6,0.4297,3.411,363.5,0.4089999999999998,-14.134,-7.406,6.728000000000001
3CzPhpPM,toluene,stddft,3.757,330.0,0.3389,3.389,365.8,0.3680000000000003,-14.134,-7.406,6.728000000000001
3DCPO,gas,stda,3.866,320.7,0.047,3.406,364.0,0.45999999999999996,-14.172,-6.598,7.574000000000001
3DCPO,gas,stddft,3.792,327.0,0.0385,3.384,366.4,0.4079999999999999,-14.172,-6.598,7.574000000000001
3DCPO,toluene,stda,3.897,318.2,0.1917,3.397,365.0,0.5,-14.191,-6.628,7.563000000000001
3DCPO,toluene,stddft,3.827,324.0,0.1598,3.374,367.5,0.45299999999999985,-14.191,-6.628,7.563000000000001
3DMAC-BP-Br,gas,stda,2.822,439.3,0.0817,2.768,447.9,0.05400000000000027,-13.628,-8.519,5.109
3DMAC-BP-Br,gas,stddft,2.818,440.0,0.0797,2.762,448.9,0.05600000000000005,-13.628,-8.519,5.109
3DMAC-BP-Br,toluene,stda,2.894,428.4,0.3445,2.419,512.5,0.4750000000000001,-13.454,-8.253,5.2010000000000005
3DMAC-BP-Br,toluene,stddft,2.846,435.7,0.4186,2.39,518.8,0.45599999999999996,-13.454,-8.253,5.2010000000000005
3DMAC-BP-CN,gas,stda,2.905,426.8,0.0185,2.46,504.0,0.44499999999999984,-13.546,-8.337,5.209
3DMAC-BP-CN,gas,stddft,2.897,427.9,0.0035,2.431,510.0,0.46599999999999975,-13.546,-8.337,5.209
3DMAC-BP-CN,toluene,stda,2.803,442.3,0.0982,2.31,536.8,0.4929999999999999,-13.479,-8.511,4.968
3DMAC-BP-CN,toluene,stddft,2.752,450.5,0.5258,2.28,543.9,0.472,-13.479,-8.511,4.968
3DMACIPN,gas,stda,2.868,432.3,0.1368,2.707,458.1,0.16100000000000003,-13.831,-7.851,5.9799999999999995
3DMACIPN,gas,stddft,2.858,433.9,0.1266,2.697,459.6,0.16100000000000003,-13.831,-7.851,5.9799999999999995
3DMACIPN,toluene,stda,2.771,447.4,0.1096,2.568,482.8,0.20299999999999985,-13.578,-7.711,5.866999999999999
3DMACIPN,toluene,stddft,2.754,450.2,0.0982,2.559,484.6,0.19499999999999984,-13.578,-7.711,5.866999999999999
3DPA3CN,gas,stda,3.314,374.1,1.4124,2.982,415.7,0.33199999999999985,-13.788,-7.88,5.908
3DPA3CN,gas,stddft,3.295,376.3,1.2987,2.961,418.8,0.3340000000000001,-13.788,-7.88,5.908
3DPA3CN,toluene,stda,3.203,387.1,1.4,2.867,432.4,0.33599999999999985,-13.72,-7.913,5.807
3DPA3CN,toluene,stddft,3.183,389.5,1.283,2.846,435.6,0.33699999999999974,-13.72,-7.913,5.807
3DPTIA,gas,stda,3.697,335.3,0.1633,3.255,380.9,0.44200000000000017,-13.858,-7.388,6.470000000000001
3DPTIA,gas,stddft,3.624,342.1,0.1337,3.234,383.4,0.3900000000000001,-13.858,-7.388,6.470000000000001
3DPTIA,toluene,stda,3.682,336.7,0.1407,3.244,382.1,0.4379999999999997,-13.737,-7.328,6.409
3DPTIA,toluene,stddft,3.609,343.6,0.1152,3.222,384.8,0.387,-13.737,-7.328,6.409
3PCzPFP,gas,stda,3.827,324.0,0.1674,3.381,366.8,0.4460000000000002,-14.26,-7.316,6.944
3PCzPFP,gas,stddft,3.754,330.2,0.1385,3.358,369.2,0.3959999999999999,-14.26,-7.316,6.944
3PCzPFP,toluene,stda,3.815,325.0,0.1491,3.368,368.1,0.44700000000000006,-14.156,-7.41,6.746
3PCzPFP,toluene,stddft,3.741,331.4,0.1237,3.345,370.7,0.3959999999999999,-14.156,-7.41,6.746
3Py-DMAC,gas,stda,3.566,347.7,0.2549,3.43,361.5,0.13599999999999968,-13.607,-8.421,5.186
3Py-DMAC,gas,stddft,3.558,348.4,0.2397,3.398,364.9,0.1599999999999997,-13.607,-8.421,5.186
3Py-DMAC,toluene,stda,3.165,391.8,1.1284,2.662,465.8,0.5030000000000001,-13.79,-8.404,5.385999999999999
3Py-DMAC,toluene,stddft,3.117,397.8,0.9842,2.636,470.3,0.48099999999999987,-13.79,-8.404,5.385999999999999
3TCPM,gas,stda,3.732,332.2,1.5291,3.34,371.2,0.39200000000000035,-13.611,-7.758,5.853000000000001
3TCPM,gas,stddft,3.703,334.8,1.3257,3.315,374.0,0.3879999999999999,-13.611,-7.758,5.853000000000001
3TCPM,toluene,stda,3.643,340.3,0.006,3.345,370.7,0.2979999999999996,-13.5,-7.745,5.755
3TCPM,toluene,stddft,3.641,340.5,0.0186,3.323,373.1,0.31800000000000006,-13.5,-7.745,5.755
3TPAFM,gas,stda,2.624,472.6,0.0879,2.378,521.5,0.246,-13.834,-9.131,4.702999999999999
3TPAFM,gas,stddft,2.599,477.1,0.084,2.349,527.8,0.25,-13.834,-9.131,4.702999999999999
3TPAFM,toluene,stda,2.475,501.0,0.2308,2.173,570.7,0.30200000000000005,-13.65,-9.197,4.453000000000001
3TPAFM,toluene,stddft,2.447,506.7,0.2204,2.144,578.3,0.30299999999999994,-13.65,-9.197,4.453000000000001
3ai,gas,stda,3.637,340.9,0.7973,2.539,488.3,1.0979999999999999,-13.627,-6.68,6.947000000000001
3ai,gas,stddft,3.458,358.6,0.547,2.482,499.5,0.976,-13.627,-6.68,6.947000000000001
3ai,toluene,stda,3.593,345.1,0.7992,2.518,492.4,1.0750000000000002,-13.682,-6.716,6.966
3ai,toluene,stddft,3.408,363.8,0.546,2.46,503.9,0.948,-13.682,-6.716,6.966
3ca,gas,stda,3.513,352.9,1.4542,2.679,462.8,0.8340000000000001,-14.187,-7.568,6.619
3ca,gas,stddft,3.425,362.0,1.1614,2.63,471.5,0.7949999999999999,-14.187,-7.568,6.619
3ca,toluene,stda,3.501,354.1,1.3956,2.676,463.3,0.8249999999999997,-14.106,-7.509,6.5969999999999995
3ca,toluene,stddft,3.414,363.2,1.1163,2.627,472.0,0.7870000000000004,-14.106,-7.509,6.5969999999999995
4-Ac,gas,stda,4.002,309.8,0.6236,3.343,370.9,0.6589999999999998,-13.956,-6.324,7.632
4-Ac,gas,stddft,3.951,313.8,0.5396,3.313,374.3,0.6379999999999999,-13.956,-6.324,7.632
4-Ac,toluene,stda,3.945,314.3,0.0205,3.252,381.2,0.6930000000000001,-13.755,-6.205,7.550000000000001
4-Ac,toluene,stddft,3.884,319.3,0.017,3.22,385.1,0.6639999999999997,-13.755,-6.205,7.550000000000001
4-DBFBI,gas,stda,4.175,296.9,0.4349,3.682,336.8,0.4929999999999999,-14.355,-6.924,7.431
4-DBFBI,gas,stddft,4.132,300.1,0.3888,3.655,339.2,0.47699999999999987,-14.355,-6.924,7.431
4-DBFBI,toluene,stda,4.196,295.5,0.424,3.713,333.9,0.48299999999999965,-14.22,-6.935,7.285000000000001
4-DBFBI,toluene,stddft,4.155,298.4,0.3751,3.686,336.4,0.4690000000000003,-14.22,-6.935,7.285000000000001
4-DPM,gas,stda,3.034,408.7,1.1998,2.395,517.6,0.6389999999999998,-13.946,-8.227,5.718999999999999
4-DPM,gas,stddft,3.008,412.2,1.0874,2.361,525.2,0.6469999999999998,-13.946,-8.227,5.718999999999999
4-DPM,toluene,stda,2.85,435.1,1.2987,2.226,556.9,0.6240000000000001,-13.821,-8.305,5.516
4-DPM,toluene,stddft,2.817,440.1,1.1603,2.189,566.5,0.6280000000000001,-13.821,-8.305,5.516
4-SCZ,gas,stda,3.67,337.8,0.1846,3.118,397.6,0.552,-14.246,-7.067,7.179
4-SCZ,gas,stddft,3.59,345.3,0.1533,3.088,401.5,0.5019999999999998,-14.246,-7.067,7.179
4-SCZ,toluene,stda,3.675,337.4,0.1857,3.12,397.4,0.5549999999999997,-14.251,-7.069,7.1819999999999995
4-SCZ,toluene,stddft,3.594,345.0,0.1539,3.09,401.3,0.504,-14.251,-7.069,7.1819999999999995
4BPy-mDTC,gas,stda,3.542,350.0,0.1147,3.274,378.7,0.2679999999999998,-14.148,-8.015,6.132999999999999
4BPy-mDTC,gas,stddft,3.512,353.0,0.1038,3.264,379.9,0.24800000000000022,-14.148,-8.015,6.132999999999999
4BPy-mDTC,toluene,stda,3.44,360.4,0.0803,3.187,389.1,0.2530000000000001,-14.007,-7.983,6.024
4BPy-mDTC,toluene,stddft,3.412,363.4,0.0717,3.177,390.3,0.23499999999999988,-14.007,-7.983,6.024
4CzIPN,gas,stda,3.298,375.9,0.151,3.086,401.7,0.2120000000000002,-14.186,-7.682,6.504
4CzIPN,gas,stddft,3.269,379.3,0.1358,3.077,403.0,0.19200000000000017,-14.186,-7.682,6.504
4CzIPN,toluene,stda,3.21,386.2,0.1588,2.984,415.5,0.22599999999999998,-13.692,-7.265,6.4270000000000005
4CzIPN,toluene,stddft,3.18,389.9,0.1427,2.974,416.9,0.20599999999999996,-13.692,-7.265,6.4270000000000005
4CzMC,gas,stda,3.77,328.9,0.3813,3.239,382.8,0.5310000000000001,-14.284,-7.009,7.275
4CzMC,gas,stddft,3.714,333.8,0.3473,3.206,386.7,0.508,-14.284,-7.009,7.275
4CzMC,toluene,stda,3.738,331.7,0.3997,3.134,395.6,0.6040000000000001,-14.342,-7.174,7.168
4CzMC,toluene,stddft,3.677,337.2,0.3673,3.097,400.4,0.5800000000000001,-14.342,-7.174,7.168
4CzTPN,gas,stda,2.962,418.6,0.4215,2.672,464.0,0.29000000000000004,-14.19,-7.954,6.236
4CzTPN,gas,stddft,2.917,425.1,0.3615,2.659,466.2,0.258,-14.19,-7.954,6.236
4CzTPN,toluene,stda,2.841,436.4,0.4455,2.522,491.6,0.3190000000000004,-13.73,-7.588,6.142
4CzTPN,toluene,stddft,2.79,444.4,0.3773,2.508,494.4,0.28200000000000003,-13.73,-7.588,6.142
4F-m-ν-DABNA,gas,stda,3.215,385.7,1.0122,2.865,432.8,0.34999999999999964,-13.321,-7.091,6.2299999999999995
4F-m-ν-DABNA,gas,stddft,3.174,390.7,0.8896,2.846,435.7,0.32799999999999985,-13.321,-7.091,6.2299999999999995
4F-m-ν-DABNA,toluene,stda,3.203,387.1,1.0391,2.86,433.5,0.34299999999999997,-13.235,-7.028,6.207
4F-m-ν-DABNA,toluene,stddft,3.163,391.9,0.9168,2.841,436.4,0.3219999999999996,-13.235,-7.028,6.207
4F-ν-DABNA,gas,stda,3.211,386.1,0.931,2.858,433.8,0.35299999999999976,-13.411,-7.172,6.239
4F-ν-DABNA,gas,stddft,3.17,391.1,0.8164,2.839,436.7,0.33099999999999996,-13.411,-7.172,6.239
4F-ν-DABNA,toluene,stda,3.187,389.0,0.9736,2.836,437.2,0.351,-13.316,-7.11,6.206
4F-ν-DABNA,toluene,stddft,3.147,394.0,0.8548,2.816,440.3,0.33099999999999996,-13.316,-7.11,6.206
4FBTPI,gas,stda,3.877,319.8,1.077,3.474,356.9,0.4029999999999996,-14.31,-7.69,6.62
4FBTPI,gas,stddft,3.843,322.7,0.9648,3.448,359.6,0.395,-14.31,-7.69,6.62
4FBTPI,toluene,stda,3.846,322.4,1.1529,3.447,359.7,0.399,-14.262,-7.685,6.577000000000001
4FBTPI,toluene,stddft,3.811,325.3,1.0252,3.42,362.5,0.391,-14.262,-7.685,6.577000000000001
4NTAZ-PPI,gas,stda,3.865,320.8,0.6519,3.369,368.0,0.496,-14.315,-7.486,6.829
4NTAZ-PPI,gas,stddft,3.827,324.0,0.5815,3.319,373.5,0.508,-14.315,-7.486,6.829
4NTAZ-PPI,toluene,stda,3.861,321.1,0.2207,3.336,371.7,0.5250000000000004,-14.255,-7.328,6.9270000000000005
4NTAZ-PPI,toluene,stddft,3.823,324.3,0.2032,3.285,377.4,0.5379999999999998,-14.255,-7.328,6.9270000000000005
4PyCNICz,gas,stda,3.762,329.6,0.1332,3.378,367.0,0.3839999999999999,-13.883,-8.038,5.844999999999999
4PyCNICz,gas,stddft,3.715,333.7,0.1294,3.352,369.9,0.363,-13.883,-8.038,5.844999999999999
4PyCNICz,toluene,stda,3.757,330.0,0.1362,3.37,367.9,0.387,-13.891,-8.116,5.775
4PyCNICz,toluene,stddft,3.708,334.4,0.1344,3.344,370.7,0.3640000000000003,-13.891,-8.116,5.775
"5,6PXZ-PIDO",gas,stda,3.219,385.2,0.0711,2.846,435.6,0.3729999999999998,-13.139,-8.416,4.722999999999999
"5,6PXZ-PIDO",gas,stddft,3.196,387.9,0.0019,2.816,440.3,0.38000000000000034,-13.139,-8.416,4.722999999999999
"5,6PXZ-PIDO",toluene,stda,3.295,376.3,0.0,2.913,425.6,0.3820000000000001,-12.907,-8.314,4.593
"5,6PXZ-PIDO",toluene,stddft,3.26,380.4,0.0,2.883,430.0,0.3769999999999998,-12.907,-8.314,4.593
5-Cz-Sac,gas,stda,3.873,320.1,0.2635,3.427,361.7,0.4460000000000002,-14.425,-7.167,7.258000000000001
5-Cz-Sac,gas,stddft,3.805,325.9,0.2237,3.405,364.1,0.40000000000000036,-14.425,-7.167,7.258000000000001
5-Cz-Sac,toluene,stda,3.854,321.7,0.2421,3.414,363.2,0.43999999999999995,-14.288,-7.158,7.13
5-Cz-Sac,toluene,stddft,3.796,326.6,0.2467,3.392,365.5,0.4039999999999999,-14.288,-7.158,7.13
5-DBFBI,gas,stda,4.1,302.4,1.4266,3.578,346.6,0.5219999999999998,-14.305,-6.93,7.375
5-DBFBI,gas,stddft,4.057,305.6,1.2514,3.549,349.3,0.5080000000000005,-14.305,-6.93,7.375
5-DBFBI,toluene,stda,4.093,302.9,1.4258,3.57,347.3,0.5230000000000001,-14.249,-6.893,7.356000000000001
5-DBFBI,toluene,stddft,4.051,306.1,1.2457,3.542,350.1,0.5090000000000003,-14.249,-6.893,7.356000000000001
5CzICz,gas,stda,3.58,346.3,0.2577,3.2,387.4,0.3799999999999999,-14.022,-7.312,6.71
5CzICz,gas,stddft,3.519,352.3,0.2241,3.181,389.8,0.3380000000000001,-14.022,-7.312,6.71
5CzICz,toluene,stda,3.582,346.1,0.2424,3.199,387.5,0.383,-13.971,-7.21,6.761
5CzICz,toluene,stddft,3.521,352.1,0.2122,3.179,390.0,0.3420000000000001,-13.971,-7.21,6.761
"6,7-DCNQx-DICz",gas,stda,3.32,373.5,0.0128,3.296,376.2,0.02400000000000002,-13.852,-8.672,5.18
"6,7-DCNQx-DICz",gas,stddft,3.317,373.8,0.0126,3.278,378.2,0.039000000000000146,-13.852,-8.672,5.18
"6,7-DCNQx-DICz",toluene,stda,3.201,387.4,0.0178,3.148,393.9,0.052999999999999936,-13.626,-8.722,4.904
"6,7-DCNQx-DICz",toluene,stddft,3.198,387.6,0.0178,3.128,396.4,0.06999999999999984,-13.626,-8.722,4.904
6-Cz-Sac,gas,stda,3.803,326.0,0.4927,3.345,370.6,0.45799999999999974,-14.443,-7.229,7.2139999999999995
6-Cz-Sac,gas,stddft,3.745,331.1,0.4131,3.323,373.1,0.42200000000000015,-14.443,-7.229,7.2139999999999995
6-Cz-Sac,toluene,stda,3.784,327.7,0.5568,3.315,374.0,0.46899999999999986,-14.364,-7.221,7.143000000000001
6-Cz-Sac,toluene,stddft,3.728,332.6,0.473,3.293,376.5,0.43500000000000005,-14.364,-7.221,7.143000000000001
6AcBIQ,gas,stda,2.552,485.8,0.0787,2.436,509.0,0.1160000000000001,-13.752,-8.546,5.206000000000001
6AcBIQ,gas,stddft,2.544,487.3,0.0763,2.423,511.6,0.121,-13.752,-8.546,5.206000000000001
6AcBIQ,toluene,stda,2.353,527.0,0.0999,2.215,559.7,0.13800000000000034,-13.551,-8.531,5.02
6AcBIQ,toluene,stddft,2.342,529.4,0.0948,2.204,562.6,0.1379999999999999,-13.551,-8.531,5.02
6tBPA,gas,stda,2.39,518.9,0.4827,1.825,679.4,0.5650000000000002,-13.175,-7.6,5.575000000000001
6tBPA,gas,stddft,2.307,537.3,0.3894,1.767,701.6,0.54,-13.175,-7.6,5.575000000000001
6tBPA,toluene,stda,2.389,519.1,0.4552,1.845,672.1,0.5439999999999998,-12.955,-7.367,5.588
6tBPA,toluene,stddft,2.311,536.5,0.3714,1.788,693.3,0.5229999999999999,-12.955,-7.367,5.588
9ArFDBFxPO,gas,stda,3.87,320.4,0.1996,3.429,361.6,0.4410000000000003,-14.088,-6.866,7.2219999999999995
9ArFDBFxPO,gas,stddft,3.802,326.1,0.1689,3.406,364.0,0.3959999999999999,-14.088,-6.866,7.2219999999999995
9ArFDBFxPO,toluene,stda,3.898,318.1,0.1619,3.43,361.5,0.46799999999999997,-14.086,-6.911,7.175000000000001
9ArFDBFxPO,toluene,stddft,3.83,323.7,0.1375,3.407,363.9,0.42300000000000004,-14.086,-6.911,7.175000000000001
9CzFDBFDPO,gas,stda,3.861,321.1,0.2124,3.411,363.5,0.4500000000000002,-14.15,-6.905,7.245
9CzFDBFDPO,gas,stddft,3.79,327.2,0.1773,3.388,365.9,0.40200000000000014,-14.15,-6.905,7.245
9CzFDBFDPO,toluene,stda,3.895,318.3,0.1681,3.424,362.1,0.4710000000000001,-14.083,-6.912,7.171
9CzFDBFDPO,toluene,stddft,3.827,324.0,0.1429,3.401,364.6,0.42600000000000016,-14.083,-6.912,7.171
9CzFDBFSPO,gas,stda,3.914,316.8,0.201,3.444,360.0,0.4700000000000002,-14.194,-6.963,7.231000000000001
9CzFDBFSPO,gas,stddft,3.847,322.3,0.1701,3.421,362.4,0.42600000000000016,-14.194,-6.963,7.231000000000001
9CzFDBFSPO,toluene,stda,3.833,323.5,0.1876,3.385,366.2,0.4480000000000004,-14.101,-6.85,7.251000000000001
9CzFDBFSPO,toluene,stddft,3.762,329.6,0.1568,3.362,368.8,0.3999999999999999,-14.101,-6.85,7.251000000000001
9CzFDPEPO,gas,stda,3.838,323.1,0.2124,3.414,363.1,0.42399999999999993,-14.198,-6.959,7.239000000000001
9CzFDPEPO,gas,stddft,3.771,328.7,0.1799,3.392,365.5,0.379,-14.198,-6.959,7.239000000000001
9CzFDPEPO,toluene,stda,3.892,318.6,0.1675,3.415,363.1,0.47699999999999987,-14.072,-6.756,7.315999999999999
9CzFDPEPO,toluene,stddft,3.823,324.3,0.1418,3.392,365.5,0.43100000000000005,-14.072,-6.756,7.315999999999999
9CzFDPESPO,gas,stda,3.869,320.5,0.221,3.427,361.7,0.44200000000000017,-14.171,-6.946,7.225
9CzFDPESPO,gas,stddft,3.801,326.2,0.1859,3.405,364.2,0.39600000000000035,-14.171,-6.946,7.225
9CzFDPESPO,toluene,stda,3.803,326.0,0.178,3.37,367.9,0.43299999999999983,-14.097,-6.759,7.337999999999999
9CzFDPESPO,toluene,stddft,3.733,332.1,0.15,3.347,370.4,0.3860000000000001,-14.097,-6.759,7.337999999999999
9CzTPE,gas,stda,3.549,349.4,2.1848,2.868,432.3,0.681,-14.084,-7.756,6.327999999999999
9CzTPE,gas,stddft,3.513,352.9,1.9377,2.82,439.6,0.6930000000000001,-14.084,-7.756,6.327999999999999
9CzTPE,toluene,stda,3.582,346.1,2.1579,2.899,427.7,0.6829999999999998,-14.037,-7.65,6.3870000000000005
9CzTPE,toluene,stddft,3.546,349.6,1.9165,2.852,434.8,0.694,-14.037,-7.65,6.3870000000000005
9PhCzFDBFDPO,gas,stda,3.893,318.5,0.2074,3.44,360.4,0.45299999999999985,-14.133,-6.917,7.215999999999999
9PhCzFDBFDPO,gas,stddft,3.827,324.0,0.1703,3.417,362.8,0.41000000000000014,-14.133,-6.917,7.215999999999999
9PhCzFDBFDPO,toluene,stda,3.909,317.2,0.2089,3.437,360.7,0.472,-14.106,-6.916,7.1899999999999995
9PhCzFDBFDPO,toluene,stddft,3.843,322.6,0.1721,3.414,363.1,0.4289999999999998,-14.106,-6.916,7.1899999999999995
9PhCzFDBFSPO,gas,stda,3.893,318.5,0.2177,3.443,360.1,0.44999999999999973,-14.188,-6.959,7.229000000000001
9PhCzFDBFSPO,gas,stddft,3.828,323.9,0.1796,3.42,362.5,0.4079999999999999,-14.188,-6.959,7.229000000000001
9PhCzFDBFSPO,toluene,stda,3.899,318.0,0.2395,3.432,361.3,0.4670000000000001,-14.115,-6.856,7.259
9PhCzFDBFSPO,toluene,stddft,3.835,323.3,0.1978,3.409,363.7,0.42600000000000016,-14.115,-6.856,7.259
ACID–BPPZ,gas,stda,3.306,375.1,0.1267,2.864,433.0,0.44200000000000017,-13.261,-8.186,5.074999999999999
ACID–BPPZ,gas,stddft,3.274,378.7,0.0017,2.841,436.4,0.43299999999999983,-13.261,-8.186,5.074999999999999
ACID–BPPZ,toluene,stda,3.166,391.6,0.1945,2.841,436.4,0.32499999999999973,-13.117,-8.268,4.849
ACID–BPPZ,toluene,stddft,3.158,392.5,0.1668,2.818,440.0,0.33999999999999986,-13.117,-8.268,4.849
ACRF,gas,stda,3.478,356.4,0.0,3.477,356.6,0.001000000000000334,-13.829,-7.965,5.864000000000001
ACRF,gas,stddft,3.478,356.5,0.0,3.468,357.5,0.010000000000000231,-13.829,-7.965,5.864000000000001
ACRF,toluene,stda,3.277,378.4,0.0,3.276,378.4,0.001000000000000334,-13.527,-7.876,5.650999999999999
ACRF,toluene,stddft,3.276,378.4,0.0,3.276,378.5,0.0,-13.527,-7.876,5.650999999999999
ACRFLCN,gas,stda,3.48,356.3,0.0,3.479,356.3,0.0009999999999998899,-13.829,-7.964,5.865
ACRFLCN,gas,stddft,3.479,356.4,0.0,3.472,357.1,0.007000000000000117,-13.829,-7.964,5.865
ACRFLCN,toluene,stda,3.277,378.4,0.0,3.277,378.4,0.0,-13.527,-7.876,5.650999999999999
ACRFLCN,toluene,stddft,3.276,378.4,0.0,3.276,378.5,0.0,-13.527,-7.876,5.650999999999999
ACRSA,gas,stda,3.426,361.9,0.0,3.422,362.3,0.0040000000000000036,-13.655,-7.779,5.8759999999999994
ACRSA,gas,stddft,3.425,362.0,0.0,3.391,365.6,0.03399999999999981,-13.655,-7.779,5.8759999999999994
ACRSA,toluene,stda,3.243,382.3,0.0,3.243,382.3,0.0,-13.517,-7.83,5.686999999999999
ACRSA,toluene,stddft,3.243,382.3,0.0,3.243,382.3,0.0,-13.517,-7.83,5.686999999999999
ACRXTN,gas,stda,3.596,344.7,0.9058,2.963,418.5,0.633,-13.996,-7.346,6.65
ACRXTN,gas,stddft,3.542,350.1,0.7853,2.933,422.7,0.609,-13.996,-7.346,6.65
ACRXTN,toluene,stda,3.537,350.6,0.9328,2.853,434.6,0.6839999999999997,-13.95,-7.435,6.515
ACRXTN,toluene,stddft,3.474,356.9,0.7966,2.819,439.8,0.6550000000000002,-13.95,-7.435,6.515
ADN,gas,stda,3.229,384.0,0.6361,2.249,551.2,0.98,-14.243,-7.903,6.340000000000001
ADN,gas,stddft,3.063,404.8,0.4527,2.178,569.2,0.8850000000000002,-14.243,-7.903,6.340000000000001
ADN,toluene,stda,3.252,381.3,0.596,2.258,549.1,0.9939999999999998,-14.255,-7.877,6.378000000000001
ADN,toluene,stddft,3.083,402.2,0.4205,2.186,567.1,0.8970000000000002,-14.255,-7.877,6.378000000000001
ADO-TPA,gas,stda,2.098,591.1,0.0003,2.099,590.8,-0.001000000000000334,-13.845,-8.555,5.290000000000001
ADO-TPA,gas,stddft,2.097,591.2,0.0003,2.098,590.9,-0.0009999999999998899,-13.845,-8.555,5.290000000000001
ADO-TPA,toluene,stda,1.968,629.9,0.0002,1.969,629.6,-0.001000000000000112,-13.662,-8.661,5.001000000000001
ADO-TPA,toluene,stddft,1.968,630.1,0.0002,1.969,629.8,-0.001000000000000112,-13.662,-8.661,5.001000000000001
AI-4Cz,gas,stda,2.783,445.5,0.051,2.494,497.2,0.2889999999999997,-14.149,-8.293,5.856
AI-4Cz,gas,stddft,2.75,450.9,0.047,2.482,499.6,0.2679999999999998,-14.149,-8.293,5.856
AI-4Cz,toluene,stda,2.682,462.3,0.0516,2.355,526.5,0.32699999999999996,-13.567,-7.869,5.698
AI-4Cz,toluene,stddft,2.645,468.7,0.0486,2.341,529.6,0.3039999999999998,-13.567,-7.869,5.698
ANOP-DMAC,gas,stda,2.453,505.5,0.1884,2.244,552.6,0.20899999999999963,-13.924,-9.348,4.575999999999999
ANOP-DMAC,gas,stddft,2.436,509.0,0.1724,2.227,556.7,0.20900000000000007,-13.924,-9.348,4.575999999999999
ANOP-DMAC,toluene,stda,2.073,598.1,0.2118,1.812,684.2,0.2609999999999999,-13.755,-9.435,4.32
ANOP-DMAC,toluene,stddft,2.047,605.6,0.1865,1.795,690.8,0.2520000000000002,-13.755,-9.435,4.32
ANOP-MeFAC,gas,stda,2.305,537.8,0.2802,2.034,609.6,0.27100000000000035,-13.85,-9.315,4.535
ANOP-MeFAC,gas,stddft,2.281,543.5,0.2548,2.015,615.2,0.266,-13.85,-9.315,4.535
ANOP-MeFAC,toluene,stda,2.021,613.3,0.279,1.691,733.1,0.32999999999999985,-13.665,-9.392,4.273
ANOP-MeFAC,toluene,stddft,1.988,623.8,0.2492,1.669,742.8,0.31899999999999995,-13.665,-9.392,4.273
ANQDC,gas,stda,3.45,359.4,0.006,2.919,424.8,0.5310000000000001,-15.817,-8.762,7.055
ANQDC,gas,stddft,3.449,359.5,0.006,2.867,432.4,0.5819999999999999,-15.817,-8.762,7.055
ANQDC,toluene,stda,3.402,364.5,0.0056,2.863,433.0,0.5390000000000001,-15.707,-8.734,6.973000000000001
ANQDC,toluene,stddft,3.4,364.6,0.0056,2.812,440.9,0.5880000000000001,-15.707,-8.734,6.973000000000001
ANQDC-PSTA,gas,stda,2.367,523.7,0.2404,2.194,565.0,0.17300000000000004,-13.783,-8.798,4.984999999999999
ANQDC-PSTA,gas,stddft,2.351,527.4,0.2259,2.182,568.3,0.16900000000000004,-13.783,-8.798,4.984999999999999
ANQDC-PSTA,toluene,stda,2.156,575.1,0.3082,1.943,638.1,0.21300000000000008,-13.469,-8.7,4.769
ANQDC-PSTA,toluene,stddft,2.134,581.0,0.2822,1.93,642.4,0.20399999999999996,-13.469,-8.7,4.769
APDC-DTPA,gas,stda,2.942,421.4,1.503,2.414,513.6,0.528,-13.836,-9.026,4.8100000000000005
APDC-DTPA,gas,stddft,2.887,429.4,1.2961,2.383,520.3,0.504,-13.836,-9.026,4.8100000000000005
APDC-DTPA,toluene,stda,2.575,481.5,0.1471,2.076,597.2,0.4990000000000001,-13.46,-9.065,4.395000000000001
APDC-DTPA,toluene,stddft,2.561,484.2,0.1573,2.049,605.2,0.512,-13.46,-9.065,4.395000000000001
APDC-tPh,gas,stda,3.272,378.9,0.0564,2.726,454.8,0.5459999999999998,-15.65,-9.13,6.52
APDC-tPh,gas,stddft,3.237,383.0,0.0613,2.682,462.4,0.5550000000000002,-15.65,-9.13,6.52
APDC-tPh,toluene,stda,3.19,388.7,0.0997,2.595,477.9,0.5949999999999998,-15.457,-9.225,6.232000000000001
APDC-tPh,toluene,stddft,3.151,393.5,0.1192,2.55,486.3,0.601,-15.457,-9.225,6.232000000000001
APPT,gas,stda,3.324,372.9,0.011,2.951,420.1,0.3729999999999998,-15.346,-8.487,6.859
APPT,gas,stddft,3.295,376.3,0.0091,2.901,427.4,0.39400000000000013,-15.346,-8.487,6.859
APPT,toluene,stda,3.319,373.5,0.0089,2.913,425.6,0.40600000000000014,-15.484,-8.582,6.901999999999999
APPT,toluene,stddft,3.289,377.0,0.0073,2.863,433.1,0.42600000000000016,-15.484,-8.582,6.901999999999999
APPT-PXZ,gas,stda,2.045,606.3,0.2975,1.793,691.7,0.252,-13.306,-8.532,4.773999999999999
APPT-PXZ,gas,stddft,2.02,613.8,0.2641,1.78,696.7,0.24,-13.306,-8.532,4.773999999999999
APPT-PXZ,toluene,stda,1.957,633.4,0.308,1.687,734.9,0.27,-13.236,-8.584,4.652000000000001
APPT-PXZ,toluene,stddft,1.93,642.5,0.2704,1.674,740.7,0.256,-13.236,-8.584,4.652000000000001
AQ-S-CZ,gas,stda,2.892,428.8,0.1982,2.45,506.0,0.4419999999999997,-14.189,-8.963,5.226000000000001
AQ-S-CZ,gas,stddft,2.837,437.0,0.1692,2.428,510.6,0.40900000000000025,-14.189,-8.963,5.226000000000001
AQ-S-CZ,toluene,stda,2.807,441.7,0.1865,2.37,523.1,0.43699999999999983,-14.138,-9.045,5.093
AQ-S-CZ,toluene,stddft,2.752,450.5,0.1605,2.347,528.2,0.4049999999999998,-14.138,-9.045,5.093
AQTC,gas,stda,3.358,369.2,0.0056,2.889,429.2,0.4690000000000003,-15.95,-9.062,6.888
AQTC,gas,stddft,3.357,369.3,0.0056,2.838,436.9,0.5190000000000001,-15.95,-9.062,6.888
AQTC,toluene,stda,3.279,378.1,0.0051,2.812,440.9,0.4670000000000001,-15.818,-9.229,6.589
AQTC,toluene,stddft,3.278,378.2,0.005,2.761,449.0,0.5169999999999999,-15.818,-9.229,6.589
ATDBT,gas,stda,3.291,376.7,0.6425,2.291,541.2,1.0,-14.062,-7.939,6.122999999999999
ATDBT,gas,stddft,3.127,396.5,0.441,2.221,558.3,0.9059999999999997,-14.062,-7.939,6.122999999999999
ATDBT,toluene,stda,3.302,375.5,0.609,2.291,541.1,1.0110000000000001,-14.018,-7.845,6.173000000000001
ATDBT,toluene,stddft,3.134,395.6,0.4199,2.22,558.5,0.9139999999999997,-14.018,-7.845,6.173000000000001
Ac-BPCN,gas,stda,2.671,464.2,0.4688,2.07,598.9,0.601,-14.031,-8.503,5.5280000000000005
Ac-BPCN,gas,stddft,2.583,480.0,0.3763,2.03,610.7,0.5530000000000004,-14.031,-8.503,5.5280000000000005
Ac-BPCN,toluene,stda,2.544,487.3,0.4433,1.936,640.4,0.6080000000000001,-13.821,-8.483,5.337999999999999
Ac-BPCN,toluene,stddft,2.454,505.3,0.353,1.894,654.7,0.5600000000000003,-13.821,-8.483,5.337999999999999
AcCN,gas,stda,3.683,336.7,0.2662,3.414,363.2,0.2689999999999997,-13.595,-7.763,5.832000000000001
AcCN,gas,stddft,3.678,337.1,0.2557,3.383,366.5,0.29499999999999993,-13.595,-7.763,5.832000000000001
AcCN,toluene,stda,3.723,333.0,0.195,3.387,366.0,0.33599999999999985,-13.475,-7.685,5.79
AcCN,toluene,stddft,3.719,333.4,0.1888,3.357,369.3,0.36199999999999966,-13.475,-7.685,5.79
AcCYP,gas,stda,3.529,351.3,0.2045,3.406,364.0,0.12299999999999978,-13.563,-7.964,5.599
AcCYP,gas,stddft,3.524,351.9,0.1955,3.38,366.8,0.14400000000000013,-13.563,-7.964,5.599
AcCYP,toluene,stda,3.534,350.9,0.1623,3.388,366.0,0.1459999999999999,-13.474,-7.842,5.632000000000001
AcCYP,toluene,stddft,3.529,351.3,0.156,3.357,369.4,0.1719999999999997,-13.474,-7.842,5.632000000000001
AcDbp,gas,stda,3.221,384.9,0.0049,3.138,395.1,0.08300000000000018,-13.571,-8.354,5.2170000000000005
AcDbp,gas,stddft,3.22,385.1,0.005,3.101,399.8,0.11900000000000022,-13.571,-8.354,5.2170000000000005
AcDbp,toluene,stda,3.186,389.2,0.0255,3.141,394.7,0.04499999999999993,-13.482,-8.318,5.164
AcDbp,toluene,stddft,3.184,389.4,0.0256,3.116,397.9,0.06800000000000006,-13.482,-8.318,5.164
AcHPM,gas,stda,3.56,348.3,0.267,3.434,361.1,0.1259999999999999,-13.621,-7.722,5.899
AcHPM,gas,stddft,3.555,348.8,0.2589,3.404,364.3,0.15100000000000025,-13.621,-7.722,5.899
AcHPM,toluene,stda,3.563,348.0,0.1556,3.403,364.4,0.16000000000000014,-13.484,-7.604,5.88
AcHPM,toluene,stddft,3.559,348.3,0.1512,3.372,367.7,0.18700000000000028,-13.484,-7.604,5.88
B-O-dpa,gas,stda,3.243,382.3,0.3698,2.704,458.5,0.5389999999999997,-13.944,-7.346,6.598000000000001
B-O-dpa,gas,stddft,3.152,393.3,0.2911,2.679,462.8,0.4730000000000003,-13.944,-7.346,6.598000000000001
B-O-dpa,toluene,stda,3.224,384.6,0.3692,2.678,462.9,0.5460000000000003,-13.93,-7.366,6.564
B-O-dpa,toluene,stddft,3.131,395.9,0.2888,2.653,467.4,0.47799999999999976,-13.93,-7.366,6.564
B-dpa-Cz,gas,stda,3.058,405.4,0.6136,2.567,483.0,0.49099999999999966,-13.765,-7.537,6.228000000000001
B-dpa-Cz,gas,stddft,2.981,416.0,0.4897,2.543,487.5,0.4379999999999997,-13.765,-7.537,6.228000000000001
B-dpa-Cz,toluene,stda,3.04,407.9,0.6046,2.55,486.3,0.4900000000000002,-13.703,-7.505,6.1979999999999995
B-dpa-Cz,toluene,stddft,2.963,418.5,0.4818,2.526,490.9,0.4370000000000003,-13.703,-7.505,6.1979999999999995
B-dpa-SpiroAC,gas,stda,2.983,415.7,0.5783,2.536,488.8,0.44700000000000006,-13.527,-7.26,6.2669999999999995
B-dpa-SpiroAC,gas,stddft,2.91,426.1,0.4702,2.514,493.2,0.39600000000000035,-13.527,-7.26,6.2669999999999995
B-dpa-SpiroAC,toluene,stda,2.955,419.6,0.567,2.515,493.0,0.43999999999999995,-13.395,-7.166,6.228999999999999
B-dpa-SpiroAC,toluene,stddft,2.884,430.0,0.4608,2.492,497.4,0.3919999999999999,-13.395,-7.166,6.228999999999999
B4PyPPM,gas,stda,4.044,306.6,0.0117,3.998,310.1,0.045999999999999375,-15.831,-7.75,8.081
B4PyPPM,gas,stddft,4.041,306.8,0.0115,3.958,313.3,0.08300000000000018,-15.831,-7.75,8.081
B4PyPPM,toluene,stda,3.96,313.1,0.0102,3.989,310.8,-0.028999999999999915,-15.702,-7.586,8.116
B4PyPPM,toluene,stddft,3.958,313.2,0.01,3.975,311.9,-0.016999999999999904,-15.702,-7.586,8.116
BACF,gas,stda,3.144,394.3,0.0999,2.567,483.0,0.577,-13.546,-7.037,6.5089999999999995
BACF,gas,stddft,3.054,405.9,0.0772,2.532,489.8,0.5219999999999998,-13.546,-7.037,6.5089999999999995
BACF,toluene,stda,3.062,405.0,0.0969,2.494,497.2,0.5679999999999996,-13.437,-7.035,6.401999999999999
BACF,toluene,stddft,2.972,417.2,0.0747,2.459,504.2,0.5129999999999999,-13.437,-7.035,6.401999999999999
BACH,gas,stda,3.218,385.3,0.1093,2.643,469.1,0.5750000000000002,-13.454,-6.855,6.599
BACH,gas,stddft,3.133,395.8,0.0866,2.608,475.4,0.5249999999999999,-13.454,-6.855,6.599
BACH,toluene,stda,3.173,390.8,0.1087,2.599,477.0,0.5739999999999998,-13.374,-6.836,6.538
BACH,toluene,stddft,3.086,401.7,0.0853,2.564,483.5,0.5219999999999998,-13.374,-6.836,6.538
BACN,gas,stda,3.114,398.2,0.2191,2.544,487.3,0.5699999999999998,-13.741,-7.373,6.367999999999999
BACN,gas,stddft,3.033,408.8,0.1769,2.509,494.2,0.524,-13.741,-7.373,6.367999999999999
BACN,toluene,stda,3.007,412.3,0.2295,2.439,508.4,0.5680000000000001,-13.565,-7.359,6.2059999999999995
BACN,toluene,stddft,2.924,424.0,0.1838,2.403,515.9,0.5209999999999999,-13.565,-7.359,6.2059999999999995
BACQ,gas,stda,3.215,385.7,0.5309,2.499,496.1,0.7159999999999997,-13.989,-7.527,6.462000000000001
BACQ,gas,stddft,3.102,399.7,0.3947,2.465,503.0,0.637,-13.989,-7.527,6.462000000000001
BACQ,toluene,stda,3.205,386.8,0.5103,2.46,504.0,0.7450000000000001,-13.952,-7.513,6.439
BACQ,toluene,stddft,3.084,402.0,0.3751,2.423,511.6,0.661,-13.952,-7.513,6.439
BANE,gas,stda,3.184,389.5,1.0624,2.257,549.2,0.927,-14.264,-7.879,6.385
BANE,gas,stddft,3.068,404.1,0.8156,2.186,567.2,0.8820000000000001,-14.264,-7.879,6.385
BANE,toluene,stda,3.171,391.0,1.0613,2.252,550.5,0.919,-14.228,-7.865,6.3629999999999995
BANE,toluene,stddft,3.056,405.7,0.8189,2.181,568.4,0.875,-14.228,-7.865,6.3629999999999995
BAPCN,gas,stda,3.189,388.8,0.2865,2.606,475.8,0.5830000000000002,-13.594,-7.437,6.156999999999999
BAPCN,gas,stddft,3.114,398.2,0.231,2.571,482.2,0.5429999999999997,-13.594,-7.437,6.156999999999999
BAPCN,toluene,stda,3.14,394.8,0.3018,2.566,483.2,0.5740000000000003,-13.384,-7.408,5.976
BAPCN,toluene,stddft,3.064,404.6,0.241,2.531,489.8,0.5329999999999999,-13.384,-7.408,5.976
BBA-Pyr,gas,stda,3.787,327.4,1.7893,3.331,372.2,0.45599999999999996,-13.695,-7.497,6.198
BBA-Pyr,gas,stddft,3.764,329.4,1.6296,3.309,374.7,0.4549999999999996,-13.695,-7.497,6.198
BBA-Pyr,toluene,stda,3.794,326.8,1.7145,3.331,372.2,0.4630000000000001,-13.558,-7.431,6.127
BBA-Pyr,toluene,stddft,3.77,328.9,1.5387,3.309,374.7,0.46099999999999985,-13.558,-7.431,6.127
BBCz,gas,stda,3.81,325.5,0.0006,3.332,372.1,0.4780000000000002,-13.968,-6.594,7.374
BBCz,gas,stddft,3.759,329.8,0.001,3.297,376.1,0.46199999999999974,-13.968,-6.594,7.374
BBCz,toluene,stda,3.81,325.4,0.0006,3.341,371.1,0.46899999999999986,-14.014,-6.63,7.3839999999999995
BBCz,toluene,stddft,3.759,329.8,0.0011,3.306,375.1,0.45299999999999985,-14.014,-6.63,7.3839999999999995
BBPA,gas,stda,3.212,386.0,0.3976,2.249,551.3,0.9630000000000001,-14.004,-7.598,6.406
BBPA,gas,stddft,3.038,408.1,0.2757,2.177,569.5,0.8609999999999998,-14.004,-7.598,6.406
BBPA,toluene,stda,3.175,390.6,0.4158,2.225,557.2,0.9499999999999997,-14.12,-7.757,6.3629999999999995
BBPA,toluene,stddft,3.001,413.1,0.2878,2.154,575.5,0.847,-14.12,-7.757,6.3629999999999995
BCN,gas,stda,3.097,400.3,0.2914,2.602,476.4,0.4950000000000001,-13.716,-7.483,6.233
BCN,gas,stddft,3.038,408.2,0.2428,2.572,482.0,0.46599999999999975,-13.716,-7.483,6.233
BCN,toluene,stda,2.97,417.4,0.2981,2.478,500.4,0.492,-13.456,-7.41,6.045999999999999
BCN,toluene,stddft,2.909,426.2,0.2467,2.448,506.5,0.46099999999999985,-13.456,-7.41,6.045999999999999
BCPBT,gas,stda,3.745,331.0,1.5437,2.879,430.6,0.8660000000000001,-14.169,-7.989,6.180000000000001
BCPBT,gas,stddft,3.66,338.8,1.2758,2.827,438.5,0.8330000000000002,-14.169,-7.989,6.180000000000001
BCPBT,toluene,stda,3.66,338.8,1.4989,2.859,433.6,0.8010000000000002,-14.09,-7.897,6.193
BCPBT,toluene,stddft,3.564,347.9,1.2035,2.807,441.6,0.7570000000000001,-14.09,-7.897,6.193
BCZ-DPS-AD,gas,stda,3.803,326.0,0.1581,3.383,366.4,0.41999999999999993,-13.618,-6.839,6.779
BCZ-DPS-AD,gas,stddft,3.732,332.3,0.1312,3.36,369.0,0.37200000000000033,-13.618,-6.839,6.779
BCZ-DPS-AD,toluene,stda,3.786,327.5,0.126,3.344,370.8,0.44200000000000017,-13.439,-6.714,6.725
BCZ-DPS-AD,toluene,stddft,3.71,334.1,0.1048,3.321,373.4,0.3889999999999998,-13.439,-6.714,6.725
BCzBMes,gas,stda,3.819,324.6,0.1929,3.379,366.9,0.43999999999999995,-14.031,-7.128,6.9030000000000005
BCzBMes,gas,stddft,3.751,330.6,0.1576,3.357,369.3,0.3939999999999997,-14.031,-7.128,6.9030000000000005
BCzBMes,toluene,stda,3.804,326.0,0.1721,3.361,368.9,0.4429999999999996,-13.962,-6.997,6.965
BCzBMes,toluene,stddft,3.734,332.0,0.141,3.339,371.4,0.395,-13.962,-6.997,6.965
BCzPh,gas,stda,3.857,321.5,0.3548,3.376,367.2,0.4810000000000003,-13.889,-6.571,7.318
BCzPh,gas,stddft,3.788,327.3,0.2889,3.354,369.6,0.4339999999999997,-13.889,-6.571,7.318
BCzPh,toluene,stda,3.841,322.8,0.1603,3.354,369.7,0.4870000000000001,-13.84,-6.533,7.3069999999999995
BCzPh,toluene,stddft,3.77,328.9,0.1118,3.331,372.2,0.43900000000000006,-13.84,-6.533,7.3069999999999995
BDAPM,gas,stda,3.458,358.6,1.193,3.028,409.4,0.43000000000000016,-13.775,-7.036,6.739000000000001
BDAPM,gas,stddft,3.425,362.0,1.0857,3.001,413.2,0.42399999999999993,-13.775,-7.036,6.739000000000001
BDAPM,toluene,stda,3.379,366.9,1.169,2.943,421.2,0.43599999999999994,-13.577,-6.938,6.639
BDAPM,toluene,stddft,3.347,370.5,1.0582,2.914,425.4,0.43299999999999983,-13.577,-6.938,6.639
BDAVBi,gas,stda,3.493,355.0,2.0785,2.842,436.2,0.6509999999999998,-13.599,-7.546,6.053
BDAVBi,gas,stddft,3.463,358.0,1.9389,2.798,443.1,0.665,-13.599,-7.546,6.053
BDAVBi,toluene,stda,3.48,356.3,2.1444,2.829,438.3,0.6509999999999998,-13.512,-7.497,6.015000000000001
BDAVBi,toluene,stddft,3.45,359.4,1.9925,2.786,445.0,0.6640000000000001,-13.512,-7.497,6.015000000000001
BDBFCz-Trz,gas,stda,3.772,328.7,0.7341,3.385,366.3,0.387,-14.166,-7.712,6.454000000000001
BDBFCz-Trz,gas,stddft,3.718,333.5,0.5983,3.364,368.5,0.3540000000000001,-14.166,-7.712,6.454000000000001
BDBFCz-Trz,toluene,stda,3.763,329.4,0.7852,3.381,366.7,0.3820000000000001,-14.08,-7.649,6.431
BDBFCz-Trz,toluene,stddft,3.713,333.9,0.642,3.36,369.0,0.3530000000000002,-14.08,-7.649,6.431
BDBTCz-Trz,gas,stda,3.809,325.5,0.6731,3.422,362.3,0.387,-14.086,-7.704,6.382000000000001
BDBTCz-Trz,gas,stddft,3.757,330.0,0.5514,3.402,364.5,0.355,-14.086,-7.704,6.382000000000001
BDBTCz-Trz,toluene,stda,3.797,326.5,0.7733,3.406,364.0,0.391,-14.017,-7.649,6.367999999999999
BDBTCz-Trz,toluene,stddft,3.747,330.9,0.6314,3.385,366.2,0.3620000000000001,-14.017,-7.649,6.367999999999999
BDPCC,gas,stda,3.77,328.9,0.3476,3.326,372.7,0.44399999999999995,-14.052,-7.068,6.984
BDPCC,gas,stddft,3.719,333.4,0.3072,3.304,375.2,0.41500000000000004,-14.052,-7.068,6.984
BDPCC,toluene,stda,3.81,325.4,0.211,3.362,368.8,0.44799999999999995,-13.988,-6.951,7.037
BDPCC,toluene,stddft,3.76,329.8,0.1949,3.339,371.3,0.4209999999999998,-13.988,-6.951,7.037
BDQ-tBuCz,gas,stda,2.753,450.3,0.3225,2.457,504.6,0.29600000000000026,-13.809,-7.888,5.920999999999999
BDQ-tBuCz,gas,stddft,2.722,455.5,0.2818,2.433,509.5,0.28900000000000015,-13.809,-7.888,5.920999999999999
BDQ-tBuCz,toluene,stda,2.786,445.1,0.3467,2.472,501.5,0.31400000000000006,-13.717,-7.79,5.9270000000000005
BDQ-tBuCz,toluene,stddft,2.752,450.5,0.3016,2.448,506.5,0.3039999999999998,-13.717,-7.79,5.9270000000000005
BDQC-2,gas,stda,3.36,369.0,0.2749,3.009,412.0,0.351,-13.553,-7.895,5.658000000000001
BDQC-2,gas,stddft,3.329,372.5,0.2634,2.985,415.4,0.3440000000000003,-13.553,-7.895,5.658000000000001
BDQC-2,toluene,stda,3.339,371.4,0.2903,2.987,415.1,0.35199999999999987,-13.442,-7.874,5.5680000000000005
BDQC-2,toluene,stddft,3.307,374.9,0.2736,2.963,418.4,0.34399999999999986,-13.442,-7.874,5.5680000000000005
BDQDMAC,gas,stda,2.629,471.7,0.1292,2.497,496.5,0.13200000000000012,-13.52,-7.893,5.627
BDQDMAC,gas,stddft,2.616,473.9,0.1175,2.485,498.9,0.13100000000000023,-13.52,-7.893,5.627
BDQDMAC,toluene,stda,2.664,465.4,0.1313,2.527,490.6,0.137,-13.42,-7.806,5.614
BDQDMAC,toluene,stddft,2.651,467.6,0.1193,2.514,493.1,0.137,-13.42,-7.806,5.614
BDQPCz,gas,stda,3.396,365.1,0.183,3.055,405.9,0.34099999999999975,-14.095,-8.109,5.986000000000001
BDQPCz,gas,stddft,3.381,366.8,0.2038,3.02,410.6,0.36099999999999977,-14.095,-8.109,5.986000000000001
BDQPCz,toluene,stda,3.437,360.8,0.1326,3.091,401.1,0.34599999999999964,-14.059,-8.0,6.058999999999999
BDQPCz,toluene,stddft,3.426,361.9,0.1562,3.054,405.9,0.37200000000000033,-14.059,-8.0,6.058999999999999
BFCZPZ1,gas,stda,3.546,349.6,0.9595,3.139,395.0,0.40700000000000003,-13.954,-7.161,6.793000000000001
BFCZPZ1,gas,stddft,3.504,353.8,0.8394,3.114,398.1,0.3900000000000001,-13.954,-7.161,6.793000000000001
BFCZPZ1,toluene,stda,3.475,356.8,0.9062,3.086,401.8,0.38900000000000023,-13.972,-7.202,6.77
BFCZPZ1,toluene,stddft,3.434,361.0,0.7858,3.063,404.7,0.371,-13.972,-7.202,6.77
BFCZPZ2,gas,stda,3.585,345.9,1.8042,3.162,392.1,0.42300000000000004,-14.043,-7.218,6.824999999999999
BFCZPZ2,gas,stddft,3.546,349.6,1.5898,3.138,395.1,0.4079999999999999,-14.043,-7.218,6.824999999999999
BFCZPZ2,toluene,stda,3.59,345.4,1.6787,3.166,391.6,0.42399999999999993,-14.023,-7.179,6.843999999999999
BFCZPZ2,toluene,stddft,3.551,349.1,1.4799,3.142,394.6,0.40900000000000025,-14.023,-7.179,6.843999999999999
BFCZPZ3,gas,stda,3.694,335.7,0.6531,3.278,378.2,0.4159999999999999,-14.168,-7.046,7.121999999999999
BFCZPZ3,gas,stddft,3.66,338.8,0.5806,3.255,380.9,0.40500000000000025,-14.168,-7.046,7.121999999999999
BFCZPZ3,toluene,stda,3.685,336.4,0.6773,3.248,381.8,0.43699999999999983,-14.126,-7.01,7.116
BFCZPZ3,toluene,stddft,3.649,339.8,0.5973,3.225,384.5,0.42399999999999993,-14.126,-7.01,7.116
BFDMAc-NAI,gas,stda,2.554,485.5,0.0906,2.416,513.3,0.1379999999999999,-13.635,-8.407,5.228
BFDMAc-NAI,gas,stddft,2.544,487.3,0.086,2.401,516.3,0.14300000000000024,-13.635,-8.407,5.228
BFDMAc-NAI,toluene,stda,2.267,546.9,0.1178,2.103,589.7,0.1639999999999997,-13.447,-8.424,5.023
BFDMAc-NAI,toluene,stddft,2.253,550.3,0.1086,2.09,593.1,0.16300000000000026,-13.447,-8.424,5.023
BICFOCz,gas,stda,3.898,318.1,0.0528,3.412,363.3,0.4860000000000002,-13.98,-6.887,7.093000000000001
BICFOCz,gas,stddft,3.828,323.9,0.0458,3.388,365.9,0.43999999999999995,-13.98,-6.887,7.093000000000001
BICFOCz,toluene,stda,3.887,319.0,0.0762,3.429,361.5,0.4580000000000002,-13.911,-6.67,7.241
BICFOCz,toluene,stddft,3.816,324.9,0.062,3.406,364.1,0.4099999999999997,-13.911,-6.67,7.241
BIPOCz,gas,stda,3.894,318.4,0.0278,3.401,364.6,0.4930000000000003,-13.944,-6.582,7.362000000000001
BIPOCz,gas,stddft,3.822,324.4,0.0284,3.373,367.6,0.44899999999999984,-13.944,-6.582,7.362000000000001
BIPOCz,toluene,stda,3.893,318.5,0.0418,3.411,363.5,0.48199999999999976,-13.785,-6.416,7.369
BIPOCz,toluene,stddft,3.822,324.4,0.0368,3.384,366.4,0.43800000000000017,-13.785,-6.416,7.369
BMIM,gas,stda,2.943,421.3,1.5017,2.415,513.4,0.528,-13.835,-9.026,4.809000000000001
BMIM,gas,stddft,2.888,429.3,1.2952,2.383,520.2,0.5049999999999999,-13.835,-9.026,4.809000000000001
BMIM,toluene,stda,2.574,481.6,0.1473,2.075,597.4,0.49899999999999967,-13.46,-9.065,4.395000000000001
BMIM,toluene,stddft,2.56,484.3,0.1524,2.048,605.3,0.512,-13.46,-9.065,4.395000000000001
BMZ-TZ,gas,stda,3.334,371.9,0.0092,3.355,369.6,-0.020999999999999908,-14.862,-8.189,6.673
BMZ-TZ,gas,stddft,3.333,372.0,0.0089,3.354,369.7,-0.020999999999999908,-14.862,-8.189,6.673
BMZ-TZ,toluene,stda,3.373,367.6,0.0077,3.381,366.7,-0.007999999999999563,-14.859,-8.058,6.801
BMZ-TZ,toluene,stddft,3.372,367.7,0.0075,3.378,367.1,-0.006000000000000227,-14.859,-8.058,6.801
BN-DBC-Ph2,gas,stda,2.586,479.4,0.2978,1.876,661.0,0.71,-13.58,-8.132,5.448
BN-DBC-Ph2,gas,stddft,2.51,493.9,0.3149,1.833,676.2,0.6769999999999998,-13.58,-8.132,5.448
BN-DBC-Ph2,toluene,stda,2.45,506.1,0.3011,1.844,672.5,0.6060000000000001,-13.569,-8.304,5.265000000000001
BN-DBC-Ph2,toluene,stddft,2.382,520.5,0.2694,1.806,686.5,0.5760000000000001,-13.569,-8.304,5.265000000000001
BO3N,gas,stda,3.002,413.0,0.1038,2.027,611.5,0.9749999999999996,-13.757,-7.875,5.882
BO3N,gas,stddft,2.892,428.7,0.0568,1.951,635.5,0.9409999999999998,-13.757,-7.875,5.882
BO3N,toluene,stda,2.989,414.8,0.1408,2.046,606.0,0.9430000000000001,-13.842,-7.995,5.847
BO3N,toluene,stddft,2.901,427.3,0.0844,1.969,629.8,0.9319999999999997,-13.842,-7.995,5.847
BP-mDTC,gas,stda,3.698,335.3,0.1663,3.398,364.9,0.2999999999999998,-14.091,-7.789,6.302
BP-mDTC,gas,stddft,3.665,338.3,0.1636,3.382,366.5,0.2829999999999999,-14.091,-7.789,6.302
BP-mDTC,toluene,stda,3.667,338.1,0.1369,3.381,366.7,0.28600000000000003,-13.956,-7.741,6.215
BP-mDTC,toluene,stddft,3.637,340.9,0.1314,3.362,368.8,0.2749999999999999,-13.956,-7.741,6.215
BPBiPA,gas,stda,3.196,387.9,0.6911,2.254,550.1,0.9420000000000002,-14.451,-8.13,6.321
BPBiPA,gas,stddft,3.039,408.0,0.504,2.184,567.7,0.855,-14.451,-8.13,6.321
BPBiPA,toluene,stda,3.219,385.1,0.6309,2.259,548.9,0.96,-14.228,-7.854,6.374
BPBiPA,toluene,stddft,3.053,406.1,0.4545,2.188,566.7,0.8649999999999998,-14.228,-7.854,6.374
BPCN-2Cz,gas,stda,3.859,321.3,0.1982,3.381,366.7,0.4780000000000002,-13.907,-7.298,6.609
BPCN-2Cz,gas,stddft,3.791,327.0,0.1616,3.359,369.1,0.43199999999999994,-13.907,-7.298,6.609
BPCN-2Cz,toluene,stda,3.845,322.4,0.1735,3.363,368.7,0.4820000000000002,-13.852,-7.227,6.625
BPCN-2Cz,toluene,stddft,3.776,328.3,0.1418,3.34,371.2,0.43599999999999994,-13.852,-7.227,6.625
BPCN-Cz2Ph,gas,stda,3.866,320.7,0.1492,3.452,359.2,0.41400000000000015,-14.108,-7.329,6.779000000000001
BPCN-Cz2Ph,gas,stddft,3.805,325.8,0.1257,3.43,361.5,0.375,-14.108,-7.329,6.779000000000001
BPCN-Cz2Ph,toluene,stda,3.846,322.4,0.1626,3.411,363.5,0.43500000000000005,-14.054,-7.234,6.82
BPCN-Cz2Ph,toluene,stddft,3.783,327.7,0.1368,3.389,365.9,0.39400000000000013,-14.054,-7.234,6.82
BPCP-2CPC,gas,stda,3.5,354.3,0.1501,3.216,385.5,0.2839999999999998,-14.121,-7.971,6.15
BPCP-2CPC,gas,stddft,3.478,356.5,0.1344,3.198,387.6,0.28000000000000025,-14.121,-7.971,6.15
BPCP-2CPC,toluene,stda,3.253,381.1,0.2061,2.932,422.8,0.3210000000000002,-13.75,-7.763,5.987
BPCP-2CPC,toluene,stddft,3.227,384.2,0.1816,2.915,425.4,0.31199999999999983,-13.75,-7.763,5.987
BPPyA,gas,stda,2.797,443.3,0.9898,2.263,547.8,0.5340000000000003,-13.135,-7.387,5.748
BPPyA,gas,stddft,2.739,452.7,0.831,2.208,561.5,0.5309999999999997,-13.135,-7.387,5.748
BPPyA,toluene,stda,2.766,448.2,1.0314,2.231,555.7,0.5350000000000001,-13.041,-7.336,5.705
BPPyA,toluene,stddft,2.707,458.0,0.8645,2.175,570.0,0.532,-13.041,-7.336,5.705
BPZPP,gas,stda,2.971,417.4,0.1778,2.666,465.1,0.30500000000000016,-13.401,-8.278,5.122999999999999
BPZPP,gas,stddft,2.945,421.0,0.1558,2.64,469.7,0.3049999999999997,-13.401,-8.278,5.122999999999999
BPZPP,toluene,stda,2.95,420.3,0.1731,2.636,470.3,0.31400000000000006,-13.464,-8.327,5.1370000000000005
BPZPP,toluene,stddft,2.923,424.2,0.1517,2.611,474.8,0.31199999999999983,-13.464,-8.327,5.1370000000000005
BPy-TP2,gas,stda,3.88,319.5,0.0004,3.578,346.5,0.30200000000000005,-14.946,-7.811,7.135
BPy-TP2,gas,stddft,3.853,321.8,0.0004,3.539,350.4,0.31400000000000006,-14.946,-7.811,7.135
BPy-TP2,toluene,stda,3.88,319.5,0.0004,3.586,345.8,0.29400000000000004,-14.942,-7.831,7.111
BPy-TP2,toluene,stddft,3.852,321.8,0.0004,3.546,349.6,0.30600000000000005,-14.942,-7.831,7.111
BSBFB,gas,stda,4.473,277.2,1.4663,3.688,336.2,0.7849999999999997,-14.845,-7.167,7.678000000000001
BSBFB,gas,stddft,4.435,279.6,1.2993,3.65,339.7,0.7849999999999997,-14.845,-7.167,7.678000000000001
BSBFB,toluene,stda,4.503,275.4,1.4124,3.7,335.1,0.8029999999999999,-14.794,-7.102,7.692
BSBFB,toluene,stddft,4.461,277.9,1.2157,3.663,338.5,0.7980000000000005,-14.794,-7.102,7.692
BTCZPZ1,gas,stda,3.46,358.4,0.8727,3.081,402.4,0.379,-13.948,-7.227,6.721
BTCZPZ1,gas,stddft,3.418,362.8,0.7561,3.06,405.2,0.3580000000000001,-13.948,-7.227,6.721
BTCZPZ1,toluene,stda,3.457,358.6,0.7737,3.086,401.7,0.371,-13.932,-7.188,6.744000000000001
BTCZPZ1,toluene,stddft,3.418,362.7,0.6728,3.065,404.5,0.3530000000000002,-13.932,-7.188,6.744000000000001
BTCz3CzTPN,gas,stda,3.018,410.8,0.4602,2.739,452.6,0.2789999999999999,-14.157,-7.976,6.181
BTCz3CzTPN,gas,stddft,2.979,416.3,0.401,2.727,454.6,0.2520000000000002,-14.157,-7.976,6.181
BTCz3CzTPN,toluene,stda,2.866,432.6,0.5234,2.553,485.6,0.31300000000000017,-13.679,-7.576,6.103000000000001
BTCz3CzTPN,toluene,stddft,2.818,440.0,0.4491,2.539,488.3,0.2789999999999999,-13.679,-7.576,6.103000000000001
BTD-PXZ,gas,stda,2.876,431.1,0.1398,2.606,475.7,0.27,-13.19,-7.548,5.6419999999999995
BTD-PXZ,gas,stddft,2.851,435.0,0.1205,2.588,479.1,0.2629999999999999,-13.19,-7.548,5.6419999999999995
BTD-PXZ,toluene,stda,2.82,439.7,0.1282,2.569,482.7,0.2509999999999999,-13.204,-7.659,5.545000000000001
BTD-PXZ,toluene,stddft,2.796,443.4,0.1103,2.552,485.9,0.24399999999999977,-13.204,-7.659,5.545000000000001
BTITrz,gas,stda,3.824,324.3,0.7476,3.437,360.7,0.387,-14.067,-7.933,6.134
BTITrz,gas,stddft,3.8,326.3,0.7056,3.415,363.0,0.3849999999999998,-14.067,-7.933,6.134
BTITrz,toluene,stda,3.801,326.2,0.7101,3.42,362.5,0.3810000000000002,-14.069,-7.92,6.149000000000001
BTITrz,toluene,stddft,3.777,328.3,0.6713,3.399,364.8,0.3780000000000001,-14.069,-7.92,6.149000000000001
BTPBFCz,gas,stda,3.771,328.7,0.1467,3.322,373.2,0.44899999999999984,-14.019,-7.263,6.756
BTPBFCz,gas,stddft,3.711,334.1,0.1237,3.302,375.5,0.4089999999999998,-14.019,-7.263,6.756
BTPBFCz,toluene,stda,3.763,329.5,0.1723,3.339,371.4,0.42399999999999993,-13.974,-7.207,6.767
BTPBFCz,toluene,stddft,3.709,334.3,0.1496,3.318,373.7,0.391,-13.974,-7.207,6.767
BTPBFCz-D3,gas,stda,3.715,333.7,0.0743,3.323,373.1,0.3919999999999999,-14.004,-7.439,6.5649999999999995
BTPBFCz-D3,gas,stddft,3.675,337.4,0.0683,3.304,375.3,0.371,-14.004,-7.439,6.5649999999999995
BTPBFCz-D3,toluene,stda,3.753,330.4,0.0728,3.375,367.3,0.3780000000000001,-13.841,-7.256,6.584999999999999
BTPBFCz-D3,toluene,stddft,3.708,334.4,0.0684,3.354,369.7,0.3540000000000001,-13.841,-7.256,6.584999999999999
BTPO,gas,stda,4.119,301.0,0.2201,3.617,342.8,0.5019999999999998,-14.262,-6.396,7.8660000000000005
BTPO,gas,stddft,4.075,304.3,0.1923,3.593,345.1,0.4820000000000002,-14.262,-6.396,7.8660000000000005
BTPO,toluene,stda,4.098,302.5,0.056,3.636,341.0,0.46199999999999974,-14.272,-6.39,7.882000000000001
BTPO,toluene,stddft,4.048,306.3,0.1872,3.612,343.2,0.43599999999999994,-14.272,-6.39,7.882000000000001
BTZPP,gas,stda,3.554,348.9,2.8737,2.97,417.5,0.5839999999999996,-13.584,-7.679,5.904999999999999
BTZPP,gas,stddft,3.521,352.1,2.5521,2.923,424.2,0.5979999999999999,-13.584,-7.679,5.904999999999999
BTZPP,toluene,stda,3.483,356.0,2.9572,2.917,425.0,0.5660000000000003,-13.485,-7.776,5.709
BTZPP,toluene,stddft,3.451,359.2,2.6271,2.872,431.7,0.5790000000000002,-13.485,-7.776,5.709
BTZ–DMAC,gas,stda,2.888,429.3,0.1921,2.659,466.2,0.2290000000000001,-13.494,-7.587,5.907
BTZ–DMAC,gas,stddft,2.872,431.8,0.1795,2.633,470.8,0.23899999999999988,-13.494,-7.587,5.907
BTZ–DMAC,toluene,stda,2.875,431.2,0.1664,2.67,464.3,0.20500000000000007,-13.445,-7.617,5.828
BTZ–DMAC,toluene,stddft,2.861,433.3,0.1565,2.646,468.6,0.2150000000000003,-13.445,-7.617,5.828
BTZ–DPA,gas,stda,2.678,463.0,0.6302,2.069,599.2,0.609,-13.051,-7.135,5.916
BTZ–DPA,gas,stddft,2.595,477.8,0.503,2.02,613.7,0.5750000000000002,-13.051,-7.135,5.916
BTZ–DPA,toluene,stda,2.609,475.3,0.5965,2.008,617.4,0.601,-13.04,-7.195,5.844999999999999
BTZ–DPA,toluene,stddft,2.524,491.2,0.4747,1.959,632.8,0.565,-13.04,-7.195,5.844999999999999
BTaz-Ar-PXZ,gas,stda,3.017,411.0,0.4639,2.761,449.1,0.2559999999999998,-13.2,-7.554,5.645999999999999
BTaz-Ar-PXZ,gas,stddft,2.997,413.7,0.416,2.729,454.2,0.2679999999999998,-13.2,-7.554,5.645999999999999
BTaz-Ar-PXZ,toluene,stda,3.046,407.0,0.4443,2.766,448.3,0.2799999999999998,-13.165,-7.544,5.6209999999999996
BTaz-Ar-PXZ,toluene,stddft,3.027,409.6,0.399,2.734,453.4,0.29300000000000015,-13.165,-7.544,5.6209999999999996
BTrztCz,gas,stda,3.543,350.0,0.0731,3.369,368.0,0.17399999999999993,-13.947,-7.892,6.054999999999999
BTrztCz,gas,stddft,3.529,351.3,0.0677,3.358,369.2,0.17099999999999982,-13.947,-7.892,6.054999999999999
BTrztCz,toluene,stda,3.624,342.1,0.0891,3.381,366.7,0.24300000000000033,-13.716,-7.629,6.087
BTrztCz,toluene,stddft,3.612,343.3,0.0736,3.362,368.8,0.25,-13.716,-7.629,6.087
BZC-PXZ,gas,stda,2.794,443.7,0.2454,2.508,494.3,0.28600000000000003,-13.165,-7.616,5.5489999999999995
BZC-PXZ,gas,stddft,2.767,448.2,0.2109,2.496,496.7,0.2709999999999999,-13.165,-7.616,5.5489999999999995
BZC-PXZ,toluene,stda,2.762,449.0,0.2693,2.463,503.5,0.29899999999999993,-13.164,-7.644,5.52
BZC-PXZ,toluene,stddft,2.732,453.8,0.2318,2.45,506.0,0.28200000000000003,-13.164,-7.644,5.52
BmPyPhB,gas,stda,3.428,361.7,0.2526,3.337,371.5,0.09099999999999975,-13.616,-7.846,5.77
BmPyPhB,gas,stddft,3.422,362.3,0.2462,3.33,372.4,0.09200000000000008,-13.616,-7.846,5.77
BmPyPhB,toluene,stda,3.452,359.2,0.2506,3.359,369.1,0.09299999999999997,-13.49,-7.682,5.808
BmPyPhB,toluene,stddft,3.447,359.7,0.2444,3.351,369.9,0.09600000000000009,-13.49,-7.682,5.808
BuCzCF3oB,gas,stda,3.124,396.8,0.0588,3.01,411.9,0.11400000000000032,-14.089,-8.082,6.007
BuCzCF3oB,gas,stddft,3.113,398.3,0.054,3.003,412.9,0.10999999999999988,-14.089,-8.082,6.007
BuCzCF3oB,toluene,stda,3.106,399.1,0.0706,2.978,416.3,0.12799999999999967,-13.799,-7.827,5.9719999999999995
BuCzCF3oB,toluene,stddft,3.094,400.8,0.0646,2.971,417.3,0.12299999999999978,-13.799,-7.827,5.9719999999999995
BuPCzBCO,gas,stda,3.808,325.6,0.1589,3.385,366.3,0.42300000000000004,-14.142,-6.571,7.571
BuPCzBCO,gas,stddft,3.737,331.8,0.1338,3.362,368.8,0.375,-14.142,-6.571,7.571
BuPCzBCO,toluene,stda,3.79,327.1,0.1402,3.362,368.8,0.42799999999999994,-14.122,-6.575,7.547
BuPCzBCO,toluene,stddft,3.718,333.4,0.1176,3.338,371.4,0.3799999999999999,-14.122,-6.575,7.547
BzITz,gas,stda,3.756,330.1,0.9415,3.34,371.2,0.4159999999999999,-14.396,-7.905,6.4910000000000005
BzITz,gas,stddft,3.727,332.7,0.8548,3.32,373.5,0.40700000000000003,-14.396,-7.905,6.4910000000000005
BzITz,toluene,stda,3.701,335.0,0.8602,3.303,375.3,0.39800000000000013,-14.343,-7.901,6.442
BzITz,toluene,stddft,3.673,337.6,0.7816,3.284,377.5,0.38900000000000023,-14.343,-7.901,6.442
C-BPyIA,gas,stda,3.265,379.8,0.9573,2.29,541.5,0.9750000000000001,-14.098,-8.018,6.08
C-BPyIA,gas,stddft,3.11,398.7,0.6684,2.223,557.8,0.887,-14.098,-8.018,6.08
C-BPyIA,toluene,stda,3.26,380.3,0.972,2.263,547.8,0.9969999999999999,-14.05,-7.883,6.167000000000001
C-BPyIA,toluene,stddft,3.108,398.9,0.6837,2.193,565.2,0.915,-14.05,-7.883,6.167000000000001
C-H,gas,stda,3.596,344.8,1.0459,2.688,461.2,0.9079999999999999,-14.74,-8.638,6.102
C-H,gas,stddft,3.522,352.0,0.9075,2.62,473.2,0.9019999999999997,-14.74,-8.638,6.102
C-H,toluene,stda,3.513,352.9,1.1132,2.678,462.9,0.835,-14.573,-8.807,5.766
C-H,toluene,stddft,3.449,359.4,0.9646,2.61,475.0,0.839,-14.573,-8.807,5.766
C-O,gas,stda,3.75,330.6,0.1412,3.181,389.7,0.569,-13.776,-6.501,7.2749999999999995
C-O,gas,stddft,3.67,337.9,0.1296,3.157,392.8,0.5129999999999999,-13.776,-6.501,7.2749999999999995
C-O,toluene,stda,3.703,334.8,0.1393,3.114,398.1,0.589,-13.649,-6.385,7.263999999999999
C-O,toluene,stddft,3.618,342.6,0.1217,3.089,401.4,0.5289999999999999,-13.649,-6.385,7.263999999999999
C2FLA-1,gas,stda,3.897,318.2,2.9654,3.24,382.7,0.6569999999999996,-14.665,-7.862,6.802999999999999
C2FLA-1,gas,stddft,3.853,321.8,2.576,3.198,387.7,0.6550000000000002,-14.665,-7.862,6.802999999999999
C2FLA-1,toluene,stda,3.884,319.2,2.9557,3.228,384.0,0.6559999999999997,-14.553,-7.785,6.768000000000001
C2FLA-1,toluene,stddft,3.84,322.9,2.5677,3.187,389.0,0.653,-14.553,-7.785,6.768000000000001
C2MPI,gas,stda,4.098,302.5,0.1847,3.565,347.8,0.5329999999999999,-13.532,-5.873,7.659
C2MPI,gas,stddft,4.057,305.6,0.1569,3.541,350.1,0.5160000000000005,-13.532,-5.873,7.659
C2MPI,toluene,stda,4.051,306.1,0.0408,3.563,347.9,0.488,-13.342,-5.63,7.712000000000001
C2MPI,toluene,stddft,4.007,309.4,0.0305,3.54,350.2,0.46699999999999964,-13.342,-5.63,7.712000000000001
C3F7,gas,stda,3.349,370.2,0.046,3.244,382.1,0.10499999999999998,-14.059,-7.777,6.281999999999999
C3F7,gas,stddft,3.339,371.3,0.0432,3.236,383.2,0.10299999999999976,-14.059,-7.777,6.281999999999999
C3F7,toluene,stda,3.431,361.3,0.0485,3.303,375.4,0.1280000000000001,-13.929,-7.582,6.347
C3F7,toluene,stddft,3.421,362.4,0.0463,3.286,377.3,0.1349999999999998,-13.929,-7.582,6.347
C3FLA-2,gas,stda,3.727,332.7,5.1694,3.224,384.6,0.5029999999999997,-14.568,-8.06,6.507999999999999
C3FLA-2,gas,stddft,3.704,334.7,4.7241,3.185,389.2,0.5190000000000001,-14.568,-8.06,6.507999999999999
C3FLA-2,toluene,stda,3.743,331.3,5.1696,3.24,382.7,0.5029999999999997,-14.403,-7.911,6.492000000000001
C3FLA-2,toluene,stddft,3.72,333.3,4.7302,3.201,387.3,0.5190000000000001,-14.403,-7.911,6.492000000000001
CAPI,gas,stda,2.908,426.4,0.4552,2.176,569.8,0.7319999999999998,-14.071,-8.009,6.061999999999999
CAPI,gas,stddft,2.839,436.7,0.424,2.11,587.5,0.7290000000000001,-14.071,-8.009,6.061999999999999
CAPI,toluene,stda,2.938,422.0,0.4147,2.196,564.6,0.742,-13.972,-7.861,6.111
CAPI,toluene,stddft,2.873,431.6,0.3971,2.129,582.2,0.7440000000000002,-13.972,-7.861,6.111
CBIQD,gas,stda,3.706,334.5,0.0354,2.818,439.9,0.8879999999999999,-14.892,-8.806,6.086
CBIQD,gas,stddft,3.663,338.5,0.2374,2.765,448.4,0.8979999999999997,-14.892,-8.806,6.086
CBIQD,toluene,stda,3.744,331.2,0.0585,2.75,450.9,0.9940000000000002,-15.104,-8.766,6.337999999999999
CBIQD,toluene,stddft,3.637,340.9,0.4218,2.694,460.2,0.9430000000000001,-15.104,-8.766,6.337999999999999
CBM,gas,stda,3.344,370.8,1.1985,2.613,474.6,0.7309999999999999,-14.983,-8.697,6.286000000000001
CBM,gas,stddft,3.286,377.3,1.0255,2.567,482.9,0.7189999999999999,-14.983,-8.697,6.286000000000001
CBM,toluene,stda,3.213,385.9,1.2658,2.451,505.8,0.762,-14.782,-8.703,6.079000000000001
CBM,toluene,stddft,3.149,393.7,1.0642,2.403,516.1,0.746,-14.782,-8.703,6.079000000000001
CBPBM,gas,stda,3.92,316.2,0.3748,3.477,356.6,0.44300000000000006,-14.098,-7.196,6.902000000000001
CBPBM,gas,stddft,3.858,321.3,0.3111,3.454,358.9,0.4039999999999999,-14.098,-7.196,6.902000000000001
CBPBM,toluene,stda,3.905,317.5,0.0664,3.419,362.6,0.48599999999999977,-13.986,-7.018,6.968000000000001
CBPBM,toluene,stddft,3.839,322.9,0.0462,3.396,365.1,0.44300000000000006,-13.986,-7.018,6.968000000000001
CBPMCN,gas,stda,3.874,320.0,0.6695,3.461,358.2,0.41300000000000026,-14.208,-7.545,6.663
CBPMCN,gas,stddft,3.829,323.8,0.5624,3.439,360.5,0.3900000000000001,-14.208,-7.545,6.663
CBPMCN,toluene,stda,3.877,319.8,0.5516,3.439,360.6,0.4379999999999997,-14.067,-7.352,6.715
CBPMCN,toluene,stddft,3.826,324.1,0.442,3.416,363.0,0.41000000000000014,-14.067,-7.352,6.715
CBPPY,gas,stda,3.955,313.5,0.3481,3.479,356.4,0.476,-14.108,-7.033,7.075
CBPPY,gas,stddft,3.891,318.7,0.2665,3.456,358.8,0.43500000000000005,-14.108,-7.033,7.075
CBPPY,toluene,stda,3.931,315.4,0.3632,3.456,358.7,0.4750000000000001,-14.033,-6.882,7.151
CBPPY,toluene,stddft,3.868,320.5,0.2713,3.433,361.1,0.43500000000000005,-14.033,-6.882,7.151
CBPTZ,gas,stda,3.946,314.2,0.4661,3.495,354.7,0.45100000000000007,-14.117,-7.637,6.480000000000001
CBPTZ,gas,stddft,3.889,318.8,0.3804,3.473,357.0,0.4159999999999999,-14.117,-7.637,6.480000000000001
CBPTZ,toluene,stda,3.864,320.8,0.3597,3.415,363.0,0.44899999999999984,-13.841,-7.421,6.419999999999999
CBPTZ,toluene,stddft,3.805,325.9,0.2849,3.393,365.4,0.41200000000000037,-13.841,-7.421,6.419999999999999
CBTD2,gas,stda,3.506,353.7,2.3052,2.787,444.8,0.7189999999999999,-13.928,-7.892,6.0360000000000005
CBTD2,gas,stddft,3.445,359.9,1.9594,2.736,453.2,0.7089999999999996,-13.928,-7.892,6.0360000000000005
CBTD2,toluene,stda,3.507,353.5,2.2613,2.794,443.7,0.7130000000000001,-13.861,-7.895,5.966000000000001
CBTD2,toluene,stddft,3.446,359.8,1.9196,2.743,452.0,0.7030000000000003,-13.861,-7.895,5.966000000000001
CBZ,gas,stda,3.947,314.2,0.162,3.702,334.9,0.2450000000000001,-14.195,-7.713,6.482
CBZ,gas,stddft,3.914,316.8,0.1426,3.677,337.2,0.2370000000000001,-14.195,-7.713,6.482
CBZ,toluene,stda,3.949,314.0,0.1614,3.689,336.1,0.2599999999999998,-14.128,-7.744,6.384
CBZ,toluene,stddft,3.916,316.6,0.1383,3.655,339.3,0.2610000000000001,-14.128,-7.744,6.384
CCAPI,gas,stda,2.894,428.4,0.4555,2.178,569.2,0.7160000000000002,-14.091,-8.131,5.959999999999999
CCAPI,gas,stddft,2.826,438.8,0.4129,2.114,586.4,0.7120000000000002,-14.091,-8.131,5.959999999999999
CCAPI,toluene,stda,2.931,423.0,0.4555,2.198,564.0,0.7330000000000001,-13.955,-7.967,5.988
CCAPI,toluene,stddft,2.862,433.3,0.4155,2.133,581.2,0.7290000000000001,-13.955,-7.967,5.988
CCC,gas,stda,4.292,288.8,0.0104,3.699,335.2,0.593,-14.945,-6.958,7.987
CCC,gas,stddft,4.269,290.4,0.012,3.648,339.8,0.621,-14.945,-6.958,7.987
CCC,toluene,stda,4.29,289.0,0.0102,3.696,335.4,0.5939999999999999,-14.918,-6.932,7.985999999999999
CCC,toluene,stddft,4.267,290.6,0.0117,3.645,340.1,0.6220000000000003,-14.918,-6.932,7.985999999999999
CCDC,gas,stda,3.657,339.0,0.2612,3.214,385.7,0.44300000000000006,-13.877,-7.844,6.033
CCDC,gas,stddft,3.59,345.4,0.207,3.194,388.2,0.3959999999999999,-13.877,-7.844,6.033
CCDC,toluene,stda,3.417,362.8,0.0015,3.231,383.7,0.18599999999999994,-13.744,-7.733,6.011
CCDC,toluene,stddft,3.415,363.0,0.0017,3.21,386.2,0.20500000000000007,-13.744,-7.733,6.011
CCDD,gas,stda,3.294,376.4,0.2304,2.854,434.5,0.43999999999999995,-13.257,-7.755,5.502
CCDD,gas,stddft,3.22,385.0,0.1811,2.833,437.6,0.387,-13.257,-7.755,5.502
CCDD,toluene,stda,3.303,375.4,0.3124,2.856,434.1,0.44700000000000006,-13.104,-7.698,5.405999999999999
CCDD,toluene,stddft,3.23,383.9,0.239,2.836,437.2,0.39400000000000013,-13.104,-7.698,5.405999999999999
CCDMB,gas,stda,3.747,330.9,0.5513,3.313,374.2,0.4339999999999997,-13.926,-7.916,6.01
CCDMB,gas,stddft,3.688,336.2,0.4034,3.292,376.7,0.39600000000000035,-13.926,-7.916,6.01
CCDMB,toluene,stda,3.747,330.9,0.393,3.306,375.0,0.44099999999999984,-13.837,-7.723,6.114
CCDMB,toluene,stddft,3.684,336.5,0.2847,3.284,377.5,0.40000000000000036,-13.837,-7.723,6.114
CDBP-BP-DMAC,gas,stda,3.612,343.3,0.1927,3.339,371.3,0.27300000000000013,-13.57,-7.599,5.971
CDBP-BP-DMAC,gas,stddft,3.607,343.7,0.2006,3.316,373.9,0.29100000000000037,-13.57,-7.599,5.971
CDBP-BP-DMAC,toluene,stda,3.599,344.5,0.1838,3.251,381.4,0.3480000000000003,-13.482,-7.538,5.943999999999999
CDBP-BP-DMAC,toluene,stddft,3.594,345.0,0.1967,3.226,384.3,0.3679999999999999,-13.482,-7.538,5.943999999999999
CDBP-BP-PXZ,gas,stda,3.106,399.2,0.0172,2.744,451.8,0.36199999999999966,-13.139,-7.594,5.544999999999999
CDBP-BP-PXZ,gas,stddft,3.07,403.9,0.0144,2.713,457.0,0.35699999999999976,-13.139,-7.594,5.544999999999999
CDBP-BP-PXZ,toluene,stda,3.135,395.5,0.0245,2.768,447.9,0.367,-13.135,-7.545,5.59
CDBP-BP-PXZ,toluene,stddft,3.098,400.3,0.0183,2.737,453.0,0.36099999999999977,-13.135,-7.545,5.59
CDDPI,gas,stda,3.498,354.4,0.6927,3.011,411.8,0.4870000000000001,-14.094,-7.403,6.691
CDDPI,gas,stddft,3.463,358.0,0.6199,2.973,417.0,0.4900000000000002,-14.094,-7.403,6.691
CDDPI,toluene,stda,3.513,352.9,0.6265,3.045,407.1,0.46799999999999997,-13.995,-7.275,6.719999999999999
CDDPI,toluene,stddft,3.48,356.2,0.5648,3.008,412.2,0.472,-13.995,-7.275,6.719999999999999
CH3OH–CHCl3,gas,stda,3.677,337.1,0.0594,2.704,458.5,0.9729999999999999,-14.47,-7.863,6.607
CH3OH–CHCl3,gas,stddft,3.602,344.2,0.5501,2.634,470.7,0.968,-14.47,-7.863,6.607
CH3OH–CHCl3,toluene,stda,3.688,336.2,0.0151,2.717,456.3,0.9710000000000001,-14.433,-7.801,6.632
CH3OH–CHCl3,toluene,stddft,3.631,341.5,0.5113,2.647,468.4,0.984,-14.433,-7.801,6.632
CMP,gas,stda,5.079,244.1,0.0011,4.897,253.2,0.1819999999999995,-15.581,-6.14,9.440999999999999
CMP,gas,stddft,5.05,245.5,0.001,4.856,255.3,0.19399999999999995,-15.581,-6.14,9.440999999999999
CMP,toluene,stda,5.073,244.4,0.0019,4.899,253.1,0.17400000000000038,-15.552,-6.104,9.448
CMP,toluene,stddft,5.044,245.8,0.0019,4.858,255.2,0.18599999999999994,-15.552,-6.104,9.448
CN-QP,gas,stda,3.297,376.1,0.0335,2.941,421.6,0.3560000000000003,-13.145,-8.355,4.789999999999999
CN-QP,gas,stddft,3.285,377.4,0.0201,2.912,425.8,0.3730000000000002,-13.145,-8.355,4.789999999999999
CN-QP,toluene,stda,3.223,384.7,0.0192,2.924,424.0,0.29899999999999993,-12.967,-8.319,4.648
CN-QP,toluene,stddft,3.221,384.9,0.0196,2.895,428.3,0.32600000000000007,-12.967,-8.319,4.648
CN-TPA,gas,stda,3.791,327.1,0.5919,3.224,384.6,0.5669999999999997,-13.614,-6.379,7.235000000000001
CN-TPA,gas,stddft,3.745,331.1,0.5165,3.199,387.5,0.5460000000000003,-13.614,-6.379,7.235000000000001
CN-TPA,toluene,stda,3.772,328.7,0.615,3.188,388.9,0.5839999999999996,-13.584,-6.381,7.202999999999999
CN-TPA,toluene,stddft,3.722,333.1,0.5323,3.163,392.0,0.5590000000000002,-13.584,-6.381,7.202999999999999
CNDSB,gas,stda,3.764,329.4,2.3896,2.854,434.4,0.9099999999999997,-15.088,-8.326,6.761999999999999
CNDSB,gas,stddft,3.695,335.6,1.9878,2.801,442.6,0.8939999999999997,-15.088,-8.326,6.761999999999999
CNDSB,toluene,stda,3.75,330.6,2.3718,2.838,436.8,0.9119999999999999,-15.106,-8.357,6.7490000000000006
CNDSB,toluene,stddft,3.681,336.8,1.972,2.785,445.3,0.8959999999999999,-15.106,-8.357,6.7490000000000006
CNPP-TPA,gas,stda,3.443,360.1,0.6316,2.969,417.6,0.4740000000000002,-13.865,-8.547,5.318
CNPP-TPA,gas,stddft,3.423,362.2,0.5924,2.946,420.8,0.47699999999999987,-13.865,-8.547,5.318
CNPP-TPA,toluene,stda,3.226,384.3,0.7813,2.686,461.7,0.54,-13.691,-8.737,4.954000000000001
CNPP-TPA,toluene,stddft,3.204,387.0,0.7299,2.663,465.6,0.5410000000000004,-13.691,-8.737,4.954000000000001
CNTPA-CZ,gas,stda,3.787,327.4,0.6571,3.163,392.0,0.6240000000000001,-14.133,-6.995,7.137999999999999
CNTPA-CZ,gas,stddft,3.741,331.4,0.5722,3.136,395.4,0.605,-14.133,-6.995,7.137999999999999
CNTPA-CZ,toluene,stda,3.727,332.6,0.7128,3.074,403.4,0.653,-13.897,-6.857,7.04
CNTPA-CZ,toluene,stddft,3.675,337.3,0.6126,3.046,407.1,0.629,-13.897,-6.857,7.04
CNTPA-PXZ,gas,stda,3.246,382.0,0.0118,2.867,432.5,0.379,-13.216,-7.0,6.215999999999999
CNTPA-PXZ,gas,stddft,3.21,386.2,0.0095,2.836,437.2,0.3740000000000001,-13.216,-7.0,6.215999999999999
CNTPA-PXZ,toluene,stda,3.242,382.4,0.0138,2.851,434.8,0.391,-13.024,-6.859,6.164999999999999
CNTPA-PXZ,toluene,stddft,3.206,386.7,0.0112,2.82,439.6,0.3860000000000001,-13.024,-6.859,6.164999999999999
CPBPMCN,gas,stda,3.874,320.0,0.5555,3.471,357.2,0.403,-14.213,-7.56,6.653
CPBPMCN,gas,stddft,3.831,323.6,0.4971,3.443,360.1,0.3879999999999999,-14.213,-7.56,6.653
CPBPMCN,toluene,stda,3.875,320.0,0.4149,3.471,357.2,0.4039999999999999,-14.099,-7.384,6.715
CPBPMCN,toluene,stddft,3.831,323.6,0.3806,3.446,359.8,0.3849999999999998,-14.099,-7.384,6.715
CPBzFC,gas,stda,3.76,329.8,0.7203,3.198,387.7,0.5619999999999998,-14.138,-7.746,6.3919999999999995
CPBzFC,gas,stddft,3.722,333.1,0.9149,3.16,392.4,0.5619999999999998,-14.138,-7.746,6.3919999999999995
CPBzFC,toluene,stda,3.803,326.0,0.9879,3.228,384.1,0.5749999999999997,-14.143,-7.735,6.408
CPBzFC,toluene,stddft,3.751,330.5,0.9131,3.19,388.7,0.5609999999999999,-14.143,-7.735,6.408
CPPyC,gas,stda,3.852,321.9,0.205,3.436,360.8,0.4159999999999999,-14.271,-7.001,7.2700000000000005
CPPyC,gas,stddft,3.789,327.2,0.1708,3.414,363.2,0.375,-14.271,-7.001,7.2700000000000005
CPPyC,toluene,stda,3.82,324.6,0.4222,3.392,365.5,0.42799999999999994,-14.169,-6.978,7.191000000000001
CPPyC,toluene,stddft,3.753,330.4,0.339,3.369,368.0,0.3839999999999999,-14.169,-6.978,7.191000000000001
CPTBF,gas,stda,3.906,317.4,0.3115,3.424,362.1,0.4820000000000002,-14.179,-6.861,7.3180000000000005
CPTBF,gas,stddft,3.842,322.7,0.2661,3.401,364.5,0.4410000000000003,-14.179,-6.861,7.3180000000000005
CPTBF,toluene,stda,3.9,317.9,0.2562,3.402,364.4,0.4979999999999998,-14.073,-6.603,7.470000000000001
CPTBF,toluene,stddft,3.833,323.5,0.2173,3.379,366.9,0.4540000000000002,-14.073,-6.603,7.470000000000001
CPzPC,gas,stda,3.702,334.9,0.4396,3.345,370.7,0.35699999999999976,-14.262,-7.401,6.861000000000001
CPzPC,gas,stddft,3.66,338.7,0.4202,3.327,372.7,0.3330000000000002,-14.262,-7.401,6.861000000000001
CPzPC,toluene,stda,3.701,335.0,0.4374,3.335,371.8,0.3660000000000001,-14.183,-7.338,6.845
CPzPC,toluene,stddft,3.658,339.0,0.4189,3.317,373.8,0.34099999999999975,-14.183,-7.338,6.845
CPzPyC,gas,stda,3.645,340.1,0.1165,3.332,372.1,0.31300000000000017,-14.334,-7.684,6.6499999999999995
CPzPyC,gas,stddft,3.616,342.9,0.1253,3.314,374.1,0.30200000000000005,-14.334,-7.684,6.6499999999999995
CPzPyC,toluene,stda,3.605,343.9,0.216,3.302,375.5,0.30299999999999994,-14.258,-7.51,6.747999999999999
CPzPyC,toluene,stddft,3.573,347.0,0.2018,3.286,377.3,0.2869999999999999,-14.258,-7.51,6.747999999999999
CPzPzC,gas,stda,3.505,353.7,0.3174,3.062,405.0,0.44300000000000006,-14.477,-7.851,6.626
CPzPzC,gas,stddft,3.463,358.0,0.277,3.038,408.1,0.42500000000000027,-14.477,-7.851,6.626
CPzPzC,toluene,stda,3.467,357.6,0.3004,3.034,408.7,0.4330000000000003,-14.451,-7.871,6.58
CPzPzC,toluene,stddft,3.426,361.9,0.2612,3.011,411.7,0.41500000000000004,-14.451,-7.871,6.58
CTM,gas,stda,3.773,328.6,0.7898,3.363,368.7,0.41000000000000014,-14.308,-7.671,6.637
CTM,gas,stddft,3.723,333.1,0.6355,3.342,371.0,0.3809999999999998,-14.308,-7.671,6.637
CTM,toluene,stda,3.563,348.0,0.0086,3.336,371.6,0.2270000000000003,-14.252,-7.673,6.579000000000001
CTM,toluene,stddft,3.56,348.3,0.012,3.315,374.0,0.2450000000000001,-14.252,-7.673,6.579000000000001
CZ-DPS-DMAC,gas,stda,3.845,322.4,0.2526,3.449,359.5,0.39600000000000035,-13.707,-6.724,6.9830000000000005
CZ-DPS-DMAC,gas,stddft,3.791,327.1,0.2494,3.427,361.7,0.3639999999999999,-13.707,-6.724,6.9830000000000005
CZ-DPS-DMAC,toluene,stda,3.813,325.2,0.0372,3.429,361.5,0.38400000000000034,-13.452,-6.633,6.819
CZ-DPS-DMAC,toluene,stddft,3.791,327.0,0.0385,3.406,364.0,0.3849999999999998,-13.452,-6.633,6.819
CZ-TRZ,gas,stda,3.941,314.6,0.5793,3.52,352.2,0.4209999999999998,-14.275,-7.74,6.535
CZ-TRZ,gas,stddft,3.89,318.7,0.4537,3.498,354.5,0.3919999999999999,-14.275,-7.74,6.535
CZ-TRZ,toluene,stda,3.963,312.8,0.5595,3.501,354.1,0.4620000000000002,-14.181,-7.6,6.5809999999999995
CZ-TRZ,toluene,stddft,3.909,317.2,0.4457,3.479,356.4,0.4299999999999997,-14.181,-7.6,6.5809999999999995
CZ9CZPZ,gas,stda,3.685,336.4,1.5741,3.224,384.5,0.46099999999999985,-13.888,-7.177,6.711
CZ9CZPZ,gas,stddft,3.642,340.5,1.3663,3.202,387.3,0.43999999999999995,-13.888,-7.177,6.711
CZ9CZPZ,toluene,stda,3.669,338.0,1.5127,3.199,387.6,0.4700000000000002,-13.77,-7.009,6.760999999999999
CZ9CZPZ,toluene,stddft,3.624,342.1,1.309,3.176,390.4,0.44799999999999995,-13.77,-7.009,6.760999999999999
CbBPCb,gas,stda,3.933,315.3,0.285,3.478,356.5,0.4549999999999996,-14.443,-6.857,7.585999999999999
CbBPCb,gas,stddft,3.869,320.5,0.2437,3.456,358.7,0.41300000000000026,-14.443,-6.857,7.585999999999999
CbBPCb,toluene,stda,3.917,316.6,0.1336,3.445,359.9,0.472,-14.428,-6.84,7.588000000000001
CbBPCb,toluene,stddft,3.848,322.2,0.1148,3.424,362.2,0.42399999999999993,-14.428,-6.84,7.588000000000001
Cbz-MI,gas,stda,2.618,473.5,0.2446,2.124,583.8,0.4939999999999998,-14.201,-8.776,5.425000000000001
Cbz-MI,gas,stddft,2.571,482.2,0.2134,2.093,592.3,0.4780000000000002,-14.201,-8.776,5.425000000000001
Cbz-MI,toluene,stda,2.846,435.6,0.0009,2.426,511.1,0.41999999999999993,-13.705,-8.5,5.205
Cbz-MI,toluene,stddft,2.812,440.9,0.0008,2.407,515.2,0.4049999999999998,-13.705,-8.5,5.205
Cbz-PYR,gas,stda,3.883,319.3,0.7382,3.515,352.7,0.3679999999999999,-14.467,-6.987,7.48
Cbz-PYR,gas,stddft,3.84,322.9,0.6405,3.493,354.9,0.347,-14.467,-6.987,7.48
Cbz-PYR,toluene,stda,3.874,320.0,0.7528,3.503,353.9,0.371,-14.409,-6.94,7.469
Cbz-PYR,toluene,stddft,3.831,323.6,0.6517,3.481,356.2,0.3500000000000001,-14.409,-6.94,7.469
Cz-SO,gas,stda,3.861,321.2,0.2241,3.407,363.9,0.4540000000000002,-14.315,-6.707,7.608
Cz-SO,gas,stddft,3.787,327.4,0.1929,3.384,366.4,0.403,-14.315,-6.707,7.608
Cz-SO,toluene,stda,3.873,320.1,0.2606,3.421,362.4,0.4520000000000004,-14.244,-6.633,7.611
Cz-SO,toluene,stddft,3.802,326.1,0.224,3.398,364.8,0.4039999999999999,-14.244,-6.633,7.611
Cz2ICz,gas,stda,3.493,355.0,0.4125,3.142,394.6,0.351,-13.953,-7.408,6.544999999999999
Cz2ICz,gas,stddft,3.437,360.7,0.3552,3.123,397.0,0.3139999999999996,-13.953,-7.408,6.544999999999999
Cz2ICz,toluene,stda,3.491,355.2,0.3895,3.137,395.2,0.3540000000000001,-13.84,-7.233,6.607
Cz2ICz,toluene,stddft,3.435,361.0,0.3374,3.118,397.6,0.31700000000000017,-13.84,-7.233,6.607
CzA-PPO,gas,stda,2.423,511.7,0.2981,1.906,650.5,0.5170000000000001,-13.506,-7.832,5.674
CzA-PPO,gas,stddft,2.367,523.8,0.2625,1.85,670.0,0.5169999999999999,-13.506,-7.832,5.674
CzA-PPO,toluene,stda,2.384,520.1,0.2753,1.897,653.5,0.4869999999999999,-13.369,-7.718,5.651
CzA-PPO,toluene,stddft,2.332,531.6,0.2441,1.843,672.7,0.4889999999999999,-13.369,-7.718,5.651
CzB-FMPIM,gas,stda,3.955,313.5,0.374,3.471,357.2,0.484,-14.179,-7.296,6.883
CzB-FMPIM,gas,stddft,3.894,318.4,0.2301,3.447,359.7,0.44700000000000006,-14.179,-7.296,6.883
CzB-FMPIM,toluene,stda,3.935,315.1,0.2229,3.465,357.9,0.4700000000000002,-14.064,-7.062,7.002
CzB-FMPIM,toluene,stddft,3.87,320.4,0.1615,3.441,360.3,0.42900000000000027,-14.064,-7.062,7.002
CzB-FMPPI,gas,stda,3.857,321.4,0.6601,3.436,360.8,0.42100000000000026,-14.202,-7.387,6.815
CzB-FMPPI,gas,stddft,3.815,325.0,0.592,3.408,363.8,0.40700000000000003,-14.202,-7.387,6.815
CzB-FMPPI,toluene,stda,3.856,321.5,0.4772,3.445,359.9,0.41100000000000003,-14.093,-7.194,6.899
CzB-FMPPI,toluene,stddft,3.816,324.9,0.4402,3.416,363.0,0.3999999999999999,-14.093,-7.194,6.899
CzBN,gas,stda,3.719,333.4,0.2543,3.357,369.4,0.36199999999999966,-14.189,-7.103,7.086
CzBN,gas,stddft,3.681,336.9,0.2299,3.339,371.3,0.3420000000000001,-14.189,-7.103,7.086
CzBN,toluene,stda,3.708,334.4,0.2441,3.347,370.5,0.3610000000000002,-14.104,-7.061,7.042999999999999
CzBN,toluene,stddft,3.669,337.9,0.2227,3.328,372.5,0.3410000000000002,-14.104,-7.061,7.042999999999999
CzBPDCb,gas,stda,3.838,323.1,0.1929,3.322,373.2,0.516,-14.25,-6.897,7.353
CzBPDCb,gas,stddft,3.764,329.4,0.1631,3.297,376.1,0.46699999999999964,-14.25,-6.897,7.353
CzBPDCb,toluene,stda,3.792,327.0,0.1176,3.282,377.8,0.5099999999999998,-14.132,-6.88,7.252
CzBPDCb,toluene,stddft,3.711,334.1,0.1011,3.256,380.8,0.45500000000000007,-14.132,-6.88,7.252
CzBroB,gas,stda,3.34,371.2,0.0527,3.228,384.1,0.11199999999999966,-14.117,-7.833,6.284000000000001
CzBroB,gas,stddft,3.33,372.4,0.0492,3.22,385.1,0.10999999999999988,-14.117,-7.833,6.284000000000001
CzBroB,toluene,stda,3.393,365.4,0.0558,3.276,378.5,0.11699999999999999,-13.953,-7.634,6.318999999999999
CzBroB,toluene,stddft,3.383,366.5,0.0522,3.267,379.6,0.1160000000000001,-13.953,-7.634,6.318999999999999
CzCNoB,gas,stda,3.116,397.9,0.0504,2.997,413.7,0.11900000000000022,-14.235,-8.248,5.987
CzCNoB,gas,stddft,3.104,399.4,0.0461,2.99,414.7,0.11399999999999988,-14.235,-8.248,5.987
CzCNoB,toluene,stda,3.12,397.4,0.0508,3.002,413.0,0.11800000000000033,-14.013,-8.043,5.970000000000001
CzCNoB,toluene,stddft,3.108,398.9,0.0463,2.994,414.1,0.11399999999999988,-14.013,-8.043,5.970000000000001
CzCbPy,gas,stda,3.754,330.3,0.2525,3.264,379.9,0.4900000000000002,-14.009,-7.039,6.970000000000001
CzCbPy,gas,stddft,3.685,336.5,0.1996,3.241,382.5,0.44399999999999995,-14.009,-7.039,6.970000000000001
CzCbPy,toluene,stda,3.735,331.9,0.2341,3.242,382.4,0.4929999999999999,-14.006,-7.019,6.987
CzCbPy,toluene,stddft,3.663,338.5,0.1865,3.219,385.1,0.44399999999999995,-14.006,-7.019,6.987
CzDCbTrz,gas,stda,3.666,338.2,0.3597,3.363,368.6,0.30299999999999994,-14.12,-7.848,6.271999999999999
CzDCbTrz,gas,stddft,3.642,340.4,0.3205,3.341,371.1,0.3009999999999997,-14.12,-7.848,6.271999999999999
CzDCbTrz,toluene,stda,3.66,338.7,0.3836,3.29,376.9,0.3700000000000001,-13.853,-7.639,6.2139999999999995
CzDCbTrz,toluene,stddft,3.632,341.4,0.3232,3.264,379.8,0.3680000000000003,-13.853,-7.639,6.2139999999999995
CzPh-PPO,gas,stda,3.773,328.6,1.9221,2.952,420.0,0.8210000000000002,-14.227,-7.711,6.516
CzPh-PPO,gas,stddft,3.713,334.0,1.6027,2.914,425.5,0.7989999999999999,-14.227,-7.711,6.516
CzPh-PPO,toluene,stda,3.77,328.8,1.8832,2.959,419.1,0.8109999999999999,-14.152,-7.72,6.4319999999999995
CzPh-PPO,toluene,stddft,3.711,334.1,1.5847,2.92,424.6,0.7909999999999999,-14.152,-7.72,6.4319999999999995
CzPm,gas,stda,3.849,322.1,1.3294,3.377,367.2,0.4720000000000004,-14.301,-7.901,6.4
CzPm,gas,stddft,3.806,325.8,1.0858,3.354,369.6,0.45199999999999996,-14.301,-7.901,6.4
CzPm,toluene,stda,3.814,325.1,1.5031,3.329,372.5,0.4849999999999999,-14.255,-7.951,6.304000000000001
CzPm,toluene,stddft,3.775,328.4,1.2572,3.306,375.0,0.46899999999999986,-14.255,-7.951,6.304000000000001
CzPrSBI,gas,stda,3.883,319.3,0.053,3.391,365.6,0.492,-13.878,-6.993,6.885
CzPrSBI,gas,stddft,3.806,325.7,0.0437,3.366,368.4,0.43999999999999995,-13.878,-6.993,6.885
CzPrSBI,toluene,stda,3.787,327.4,0.0561,3.301,375.6,0.48599999999999977,-13.671,-6.941,6.7299999999999995
CzPrSBI,toluene,stddft,3.705,334.7,0.0452,3.275,378.5,0.43000000000000016,-13.671,-6.941,6.7299999999999995
CzS2,gas,stda,3.904,317.6,0.3617,3.435,360.9,0.46899999999999986,-14.324,-6.752,7.572
CzS2,gas,stddft,3.841,322.8,0.3182,3.413,363.3,0.4280000000000004,-14.324,-6.752,7.572
CzS2,toluene,stda,3.916,316.6,0.4021,3.45,359.4,0.46599999999999975,-14.219,-6.655,7.563999999999999
CzS2,toluene,stddft,3.856,321.6,0.3514,3.428,361.7,0.42799999999999994,-14.219,-6.655,7.563999999999999
CzSO-1CO,gas,stda,3.72,333.3,0.3195,2.858,433.8,0.8620000000000001,-14.052,-6.881,7.170999999999999
CzSO-1CO,gas,stddft,3.613,343.2,0.2492,2.815,440.4,0.798,-14.052,-6.881,7.170999999999999
CzSO-1CO,toluene,stda,3.703,334.8,0.3322,2.852,434.7,0.851,-13.827,-6.76,7.067
CzSO-1CO,toluene,stddft,3.603,344.1,0.2636,2.81,441.3,0.7930000000000001,-13.827,-6.76,7.067
CzTPA,gas,stda,3.795,326.7,0.1499,3.363,368.7,0.43199999999999994,-13.629,-6.442,7.186999999999999
CzTPA,gas,stddft,3.75,330.7,0.1088,3.34,371.2,0.41000000000000014,-13.629,-6.442,7.186999999999999
CzTPA,toluene,stda,3.778,328.2,0.1297,3.356,369.5,0.42200000000000015,-13.399,-6.304,7.094999999999999
CzTPA,toluene,stddft,3.721,333.2,0.0924,3.334,371.9,0.387,-13.399,-6.304,7.094999999999999
CzTPA-m-Trz,gas,stda,3.608,343.6,0.0779,3.21,386.2,0.39800000000000013,-13.65,-7.539,6.111000000000001
CzTPA-m-Trz,gas,stddft,3.57,347.3,0.0667,3.194,388.2,0.3759999999999999,-13.65,-7.539,6.111000000000001
CzTPA-m-Trz,toluene,stda,3.43,361.4,0.0442,3.063,404.8,0.367,-13.534,-7.593,5.941000000000001
CzTPA-m-Trz,toluene,stddft,3.391,365.7,0.036,3.049,406.6,0.3420000000000001,-13.534,-7.593,5.941000000000001
CzmPPC,gas,stda,4.319,287.1,0.0006,4.125,300.6,0.19399999999999995,-15.528,-7.622,7.906000000000001
CzmPPC,gas,stddft,4.318,287.1,0.0007,4.082,303.8,0.23599999999999977,-15.528,-7.622,7.906000000000001
CzmPPC,toluene,stda,4.228,293.3,0.0081,4.101,302.3,0.12699999999999978,-15.567,-7.655,7.912
CzmPPC,toluene,stddft,4.227,293.3,0.0081,4.069,304.7,0.15800000000000036,-15.567,-7.655,7.912
CzoB,gas,stda,3.348,370.4,0.047,3.242,382.4,0.10599999999999987,-14.059,-7.778,6.281
CzoB,gas,stddft,3.338,371.5,0.044,3.233,383.5,0.10499999999999998,-14.059,-7.778,6.281
CzoB,toluene,stda,3.429,361.6,0.0496,3.301,375.6,0.12799999999999967,-13.928,-7.583,6.345000000000001
CzoB,toluene,stddft,3.419,362.7,0.0473,3.285,377.4,0.1339999999999999,-13.928,-7.583,6.345000000000001
CzppT,gas,stda,4.028,307.8,0.5341,3.506,353.6,0.5219999999999998,-14.299,-7.075,7.223999999999999
CzppT,gas,stddft,3.964,312.8,0.4441,3.483,356.0,0.48099999999999987,-14.299,-7.075,7.223999999999999
CzppT,toluene,stda,4.051,306.1,0.5853,3.511,353.1,0.54,-14.31,-6.974,7.336
CzppT,toluene,stddft,3.986,311.1,0.3765,3.488,355.4,0.4980000000000002,-14.31,-6.974,7.336
Cz–AQ,gas,stda,2.735,453.3,0.267,2.39,518.7,0.34499999999999975,-14.362,-9.049,5.313000000000001
Cz–AQ,gas,stddft,2.697,459.6,0.2314,2.373,522.4,0.32399999999999984,-14.362,-9.049,5.313000000000001
Cz–AQ,toluene,stda,2.654,467.1,0.2718,2.301,538.9,0.35299999999999976,-14.341,-9.11,5.231
Cz–AQ,toluene,stddft,2.615,474.1,0.2347,2.283,543.1,0.3320000000000003,-14.341,-9.11,5.231
D-BP-PXZ,gas,stda,3.097,400.3,0.048,2.747,451.3,0.3500000000000001,-13.095,-7.767,5.328
D-BP-PXZ,gas,stddft,3.083,402.2,0.0479,2.735,453.3,0.3480000000000003,-13.095,-7.767,5.328
D-BP-PXZ,toluene,stda,3.167,391.5,0.0232,2.799,443.0,0.3679999999999999,-13.094,-7.645,5.449
D-BP-PXZ,toluene,stddft,3.132,395.9,0.0197,2.769,447.8,0.363,-13.094,-7.645,5.449
D1–D6,gas,stda,3.844,322.5,0.2169,3.403,364.4,0.44099999999999984,-14.209,-7.251,6.957999999999999
D1–D6,gas,stddft,3.774,328.5,0.1791,3.379,366.9,0.395,-14.209,-7.251,6.957999999999999
D1–D6,toluene,stda,3.829,323.8,0.1976,3.384,366.4,0.4450000000000003,-14.157,-7.184,6.973
D1–D6,toluene,stddft,3.757,330.0,0.1632,3.36,369.0,0.39700000000000024,-14.157,-7.184,6.973
D5,gas,stda,3.88,319.5,0.315,3.424,362.1,0.45599999999999996,-14.186,-7.223,6.963
D5,gas,stddft,3.814,325.1,0.2569,3.401,364.6,0.41300000000000026,-14.186,-7.223,6.963
D5,toluene,stda,3.87,320.4,0.2895,3.4,364.6,0.4700000000000002,-14.135,-7.16,6.975
D5,toluene,stddft,3.801,326.2,0.2358,3.377,367.1,0.4240000000000004,-14.135,-7.16,6.975
D6,gas,stda,3.844,322.6,0.2166,3.403,364.3,0.44099999999999984,-14.209,-7.251,6.957999999999999
D6,gas,stddft,3.774,328.6,0.1789,3.379,366.9,0.395,-14.209,-7.251,6.957999999999999
D6,toluene,stda,3.829,323.8,0.1986,3.384,366.4,0.4450000000000003,-14.157,-7.183,6.974
D6,toluene,stddft,3.757,330.0,0.164,3.36,368.9,0.39700000000000024,-14.157,-7.183,6.974
DAcIPN,gas,stda,3.457,358.6,0.1936,2.963,418.4,0.4939999999999998,-13.751,-7.188,6.563
DAcIPN,gas,stddft,3.412,363.3,0.1751,2.937,422.2,0.4750000000000001,-13.751,-7.188,6.563
DAcIPN,toluene,stda,3.369,368.0,0.1134,2.881,430.4,0.48800000000000043,-13.571,-7.093,6.478
DAcIPN,toluene,stddft,3.322,373.2,0.1067,2.855,434.3,0.4670000000000001,-13.571,-7.093,6.478
DBBPZ-DPXZ,gas,stda,2.965,418.2,0.692,2.712,457.1,0.25299999999999967,-13.167,-8.382,4.785
DBBPZ-DPXZ,gas,stddft,2.945,421.0,0.6384,2.7,459.2,0.24499999999999966,-13.167,-8.382,4.785
DBBPZ-DPXZ,toluene,stda,3.015,411.3,0.631,2.782,445.7,0.2330000000000001,-13.136,-8.342,4.793999999999999
DBBPZ-DPXZ,toluene,stddft,2.997,413.7,0.5899,2.769,447.7,0.22799999999999976,-13.136,-8.342,4.793999999999999
DBCP,gas,stda,2.766,448.2,0.0704,2.68,462.6,0.08599999999999985,-13.07,-8.011,5.059000000000001
DBCP,gas,stddft,2.759,449.4,0.0641,2.672,464.0,0.08699999999999974,-13.07,-8.011,5.059000000000001
DBCP,toluene,stda,2.82,439.7,0.052,2.711,457.3,0.10899999999999999,-13.046,-7.905,5.140999999999999
DBCP,toluene,stddft,2.814,440.6,0.0479,2.68,462.7,0.1339999999999999,-13.046,-7.905,5.140999999999999
DBFDPO,gas,stda,4.325,286.7,0.0443,4.038,307.1,0.2869999999999999,-15.192,-6.713,8.479
DBFDPO,gas,stddft,4.275,290.0,0.0419,4.001,309.9,0.274,-15.192,-6.713,8.479
DBFDPO,toluene,stda,4.357,284.5,0.0638,4.011,309.1,0.3460000000000001,-15.291,-6.871,8.42
DBFDPO,toluene,stddft,4.304,288.0,0.0593,3.979,311.6,0.3250000000000002,-15.291,-6.871,8.42
DBP-3TPA,gas,stda,3.293,376.5,0.0069,3.056,405.7,0.2370000000000001,-13.678,-8.228,5.450000000000001
DBP-3TPA,gas,stddft,3.292,376.6,0.0069,3.021,410.4,0.2709999999999999,-13.678,-8.228,5.450000000000001
DBP-3TPA,toluene,stda,3.272,378.9,0.0074,3.034,408.6,0.238,-13.584,-8.252,5.331999999999999
DBP-3TPA,toluene,stddft,3.272,379.0,0.0078,3.0,413.3,0.2719999999999998,-13.584,-8.252,5.331999999999999
DBQ-3PXZ,gas,stda,2.653,467.3,0.2279,2.461,503.9,0.19200000000000017,-13.081,-7.97,5.111
DBQ-3PXZ,gas,stddft,2.635,470.5,0.2102,2.451,505.8,0.18399999999999972,-13.081,-7.97,5.111
DBQ-3PXZ,toluene,stda,2.728,454.4,0.221,2.546,487.0,0.18200000000000038,-12.959,-7.876,5.082999999999999
DBQ-3PXZ,toluene,stddft,2.711,457.3,0.2053,2.536,488.8,0.17499999999999982,-12.959,-7.876,5.082999999999999
DBT-BZ-DMAC,gas,stda,3.572,347.1,0.0223,2.996,413.9,0.5760000000000001,-13.811,-7.121,6.6899999999999995
DBT-BZ-DMAC,gas,stddft,3.539,350.3,0.021,2.959,419.0,0.5800000000000001,-13.811,-7.121,6.6899999999999995
DBT-BZ-DMAC,toluene,stda,3.594,344.9,0.0112,3.003,412.8,0.5909999999999997,-13.631,-6.989,6.642
DBT-BZ-DMAC,toluene,stddft,3.557,348.6,0.0317,2.966,418.1,0.5909999999999997,-13.631,-6.989,6.642
DBT-SADF,gas,stda,3.822,324.4,0.0247,3.462,358.1,0.3599999999999999,-13.753,-7.376,6.377
DBT-SADF,gas,stddft,3.812,325.3,0.023,3.432,361.3,0.3799999999999999,-13.753,-7.376,6.377
DBT-SADF,toluene,stda,3.646,340.1,0.0212,3.455,358.8,0.19099999999999984,-13.593,-7.409,6.184
DBT-SADF,toluene,stddft,3.636,341.0,0.0197,3.427,361.8,0.20900000000000007,-13.593,-7.409,6.184
DBTO-PTZ,gas,stda,3.279,378.1,0.0126,2.894,428.4,0.3849999999999998,-13.282,-7.425,5.857
DBTO-PTZ,gas,stddft,3.243,382.3,0.0104,2.863,433.0,0.3799999999999999,-13.282,-7.425,5.857
DBTO-PTZ,toluene,stda,3.213,385.9,0.0277,2.9,427.5,0.31300000000000017,-13.192,-7.468,5.724
DBTO-PTZ,toluene,stddft,3.199,387.5,0.0286,2.87,432.0,0.32899999999999974,-13.192,-7.468,5.724
DC-ACR,gas,stda,2.798,443.1,0.0003,2.791,444.2,0.007000000000000117,-13.621,-8.196,5.425000000000001
DC-ACR,gas,stddft,2.797,443.3,0.0002,2.79,444.3,0.007000000000000117,-13.621,-8.196,5.425000000000001
DC-ACR,toluene,stda,2.928,423.4,0.0008,2.851,434.9,0.07699999999999996,-13.52,-8.056,5.464
DC-ACR,toluene,stddft,2.927,423.6,0.0008,2.839,436.7,0.08800000000000008,-13.52,-8.056,5.464
DC-TC,gas,stda,2.885,429.8,0.0011,2.875,431.3,0.009999999999999787,-14.091,-7.935,6.156
DC-TC,gas,stddft,2.883,430.1,0.0011,2.874,431.5,0.008999999999999897,-14.091,-7.935,6.156
DC-TC,toluene,stda,2.665,465.3,0.0006,2.656,466.8,0.008999999999999897,-14.039,-8.182,5.856999999999999
DC-TC,toluene,stddft,2.663,465.6,0.0006,2.655,467.0,0.008000000000000007,-14.039,-8.182,5.856999999999999
DCA,gas,stda,3.242,382.4,0.4863,2.237,554.1,1.005,-14.857,-8.496,6.360999999999999
DCA,gas,stddft,3.066,404.4,0.3499,2.167,572.2,0.899,-14.857,-8.496,6.360999999999999
DCA,toluene,stda,3.285,377.4,0.4479,2.26,548.5,1.0250000000000004,-14.54,-8.13,6.409999999999998
DCA,toluene,stddft,3.106,399.2,0.321,2.189,566.3,0.9169999999999998,-14.54,-8.13,6.409999999999998
DCBNPE,gas,stda,2.44,508.1,0.2756,2.041,607.4,0.399,-14.14,-8.865,5.275
DCBNPE,gas,stddft,2.404,515.7,0.2319,2.016,614.9,0.3879999999999999,-14.14,-8.865,5.275
DCBNPE,toluene,stda,2.225,557.2,0.281,1.842,672.9,0.383,-13.667,-8.783,4.884
DCBNPE,toluene,stddft,2.189,566.4,0.2326,1.819,681.8,0.3700000000000001,-13.667,-8.783,4.884
DCE,gas,stda,6.037,205.4,0.0169,5.212,237.9,0.8250000000000002,-15.436,-5.162,10.274000000000001
DCE,gas,stddft,6.032,205.5,0.0181,5.171,239.8,0.8609999999999998,-15.436,-5.162,10.274000000000001
DCE,toluene,stda,5.988,207.0,0.0128,5.22,237.5,0.7680000000000007,-15.228,-4.962,10.266
DCE,toluene,stddft,5.985,207.1,0.0135,5.178,239.5,0.8070000000000004,-15.228,-4.962,10.266
DCPDAPM,gas,stda,3.45,359.3,0.1296,3.339,371.4,0.11100000000000021,-13.653,-7.911,5.742000000000001
DCPDAPM,gas,stddft,3.444,360.0,0.1236,3.332,372.1,0.1120000000000001,-13.653,-7.911,5.742000000000001
DCPDAPM,toluene,stda,3.404,364.3,1.0133,2.712,457.2,0.6919999999999997,-13.836,-7.422,6.414000000000001
DCPDAPM,toluene,stddft,3.338,371.4,0.8639,2.678,463.0,0.6600000000000001,-13.836,-7.422,6.414000000000001
DCbz-Ph-Bz,gas,stda,3.879,319.6,0.3055,3.438,360.6,0.44099999999999984,-14.242,-7.343,6.899000000000001
DCbz-Ph-Bz,gas,stddft,3.819,324.7,0.2624,3.415,363.1,0.4039999999999999,-14.242,-7.343,6.899000000000001
DCbz-Ph-Bz,toluene,stda,3.883,319.3,0.2785,3.405,364.1,0.4780000000000002,-14.139,-7.199,6.9399999999999995
DCbz-Ph-Bz,toluene,stddft,3.821,324.5,0.2032,3.381,366.7,0.4400000000000004,-14.139,-7.199,6.9399999999999995
DCz-DPPZ,gas,stda,3.147,394.0,0.703,2.78,446.0,0.367,-14.262,-8.541,5.721
DCz-DPPZ,gas,stddft,3.107,399.0,0.6245,2.759,449.3,0.3480000000000003,-14.262,-8.541,5.721
DCz-DPPZ,toluene,stda,2.965,418.2,0.7124,2.579,480.7,0.3859999999999997,-14.054,-8.549,5.505000000000001
DCz-DPPZ,toluene,stddft,2.924,424.1,0.6237,2.559,484.5,0.36499999999999977,-14.054,-8.549,5.505000000000001
DCz-OTP,gas,stda,3.835,323.3,0.1215,3.408,363.8,0.42700000000000005,-14.084,-6.728,7.356
DCz-OTP,gas,stddft,3.77,328.9,0.1032,3.386,366.2,0.3839999999999999,-14.084,-6.728,7.356
DCz-OTP,toluene,stda,3.882,319.4,0.1357,3.405,364.1,0.4770000000000003,-14.022,-6.576,7.446000000000001
DCz-OTP,toluene,stddft,3.815,325.0,0.1156,3.382,366.6,0.43299999999999983,-14.022,-6.576,7.446000000000001
DCzBNPh-1,gas,stda,3.83,323.7,0.1003,3.456,358.7,0.3740000000000001,-14.343,-7.777,6.566
DCzBNPh-1,gas,stddft,3.78,328.0,0.0798,3.435,360.9,0.34499999999999975,-14.343,-7.777,6.566
DCzBNPh-1,toluene,stda,3.915,316.7,0.5626,3.467,357.6,0.44799999999999995,-14.292,-7.52,6.772
DCzBNPh-1,toluene,stddft,3.859,321.3,0.4696,3.445,359.9,0.41400000000000015,-14.292,-7.52,6.772
DCzIPN,gas,stda,3.615,342.9,0.2723,3.14,394.8,0.4750000000000001,-14.589,-7.724,6.865
DCzIPN,gas,stddft,3.57,347.3,0.2284,3.121,397.3,0.44899999999999984,-14.589,-7.724,6.865
DCzIPN,toluene,stda,3.538,350.5,0.304,3.069,404.0,0.46899999999999986,-14.454,-7.673,6.781000000000001
DCzIPN,toluene,stddft,3.495,354.7,0.2314,3.05,406.5,0.4450000000000003,-14.454,-7.673,6.781000000000001
DCzPO,gas,stda,3.89,318.7,0.3682,3.391,365.7,0.4990000000000001,-13.87,-6.372,7.497999999999999
DCzPO,gas,stddft,3.826,324.0,0.0445,3.368,368.1,0.4580000000000002,-13.87,-6.372,7.497999999999999
DCzPO,toluene,stda,3.823,324.3,0.31,3.31,374.5,0.5129999999999999,-13.645,-6.193,7.452
DCzPO,toluene,stddft,3.756,330.1,0.1509,3.287,377.2,0.46899999999999986,-13.645,-6.193,7.452
DCzTrz,gas,stda,3.863,320.9,0.2728,3.452,359.1,0.41100000000000003,-14.237,-7.701,6.5360000000000005
DCzTrz,gas,stddft,3.823,324.4,0.2728,3.428,361.7,0.395,-14.237,-7.701,6.5360000000000005
DCzTrz,toluene,stda,3.879,319.6,0.3357,3.436,360.9,0.44300000000000006,-14.176,-7.658,6.518
DCzTrz,toluene,stddft,3.831,323.6,0.3103,3.412,363.4,0.41900000000000004,-14.176,-7.658,6.518
DC–TC,gas,stda,4.079,303.9,0.3793,3.497,354.6,0.5819999999999999,-13.418,-5.942,7.475999999999999
DC–TC,gas,stddft,4.043,306.7,0.3831,3.474,356.9,0.569,-13.418,-5.942,7.475999999999999
DC–TC,toluene,stda,4.052,306.0,0.3907,3.475,356.8,0.5769999999999995,-13.313,-5.818,7.495000000000001
DC–TC,toluene,stddft,4.015,308.8,0.3628,3.452,359.2,0.5629999999999997,-13.313,-5.818,7.495000000000001
DDBP,gas,stda,3.703,334.8,1.4004,3.147,394.0,0.556,-13.667,-7.32,6.3469999999999995
DDBP,gas,stddft,3.672,337.6,1.2567,3.104,399.4,0.5680000000000001,-13.667,-7.32,6.3469999999999995
DDBP,toluene,stda,3.728,332.5,1.4084,3.174,390.7,0.5540000000000003,-13.544,-7.226,6.3180000000000005
DDBP,toluene,stddft,3.699,335.2,1.2686,3.13,396.1,0.569,-13.544,-7.226,6.3180000000000005
DDCzTrz,gas,stda,3.884,319.2,0.1448,3.561,348.1,0.32299999999999995,-14.189,-7.821,6.368
DDCzTrz,gas,stddft,3.853,321.8,0.1396,3.542,350.0,0.3110000000000004,-14.189,-7.821,6.368
DDCzTrz,toluene,stda,3.867,320.6,0.161,3.529,351.4,0.3380000000000001,-14.051,-7.675,6.376
DDCzTrz,toluene,stddft,3.835,323.3,0.1672,3.512,353.0,0.32299999999999995,-14.051,-7.675,6.376
DDMA-TXO2,gas,stda,4.115,301.3,0.1083,3.439,360.5,0.6760000000000002,-13.676,-6.425,7.251
DDMA-TXO2,gas,stddft,4.065,305.0,0.1017,3.409,363.7,0.6560000000000006,-13.676,-6.425,7.251
DDMA-TXO2,toluene,stda,3.952,313.7,0.0372,3.402,364.4,0.5499999999999998,-13.48,-6.231,7.2490000000000006
DDMA-TXO2,toluene,stddft,3.887,318.9,0.0237,3.37,367.9,0.5169999999999999,-13.48,-6.231,7.2490000000000006
DDPA-Ph-Bz,gas,stda,3.844,322.6,0.0503,3.461,358.2,0.383,-13.636,-7.168,6.467999999999999
DDPA-Ph-Bz,gas,stddft,3.816,324.9,0.0521,3.43,361.4,0.3859999999999997,-13.636,-7.168,6.467999999999999
DDPA-Ph-Bz,toluene,stda,3.846,322.4,0.0606,3.459,358.4,0.387,-13.457,-7.056,6.401000000000001
DDPA-Ph-Bz,toluene,stddft,3.817,324.8,0.0612,3.432,361.3,0.38500000000000023,-13.457,-7.056,6.401000000000001
DDPhCz-DCPP,gas,stda,3.568,347.5,0.524,3.159,392.5,0.40900000000000025,-14.331,-8.504,5.827
DDPhCz-DCPP,gas,stddft,3.535,350.7,0.5121,3.14,394.9,0.395,-14.331,-8.504,5.827
DDPhCz-DCPP,toluene,stda,3.39,365.7,0.5594,2.96,418.8,0.43000000000000016,-14.136,-8.55,5.5859999999999985
DDPhCz-DCPP,toluene,stddft,3.357,369.3,0.5411,2.941,421.5,0.41600000000000037,-14.136,-8.55,5.5859999999999985
DDPhCz-DPPZ,gas,stda,3.24,382.6,0.3315,2.932,422.9,0.3080000000000003,-14.169,-8.6,5.569000000000001
DDPhCz-DPPZ,gas,stddft,3.215,385.7,0.3514,2.909,426.2,0.30600000000000005,-14.169,-8.6,5.569000000000001
DDPhCz-DPPZ,toluene,stda,2.988,414.9,0.7245,2.681,462.4,0.30699999999999994,-13.84,-8.538,5.302
DDPhCz-DPPZ,toluene,stddft,2.96,418.9,0.6588,2.664,465.4,0.2959999999999998,-13.84,-8.538,5.302
DFDBQPXZ,gas,stda,3.34,371.2,0.0124,2.965,418.2,0.375,-13.125,-8.166,4.959
DFDBQPXZ,gas,stddft,3.307,374.9,0.0103,2.935,422.4,0.3719999999999999,-13.125,-8.166,4.959
DFDBQPXZ,toluene,stda,3.324,373.0,0.0002,2.935,422.4,0.3889999999999998,-12.967,-8.156,4.811
DFDBQPXZ,toluene,stddft,3.289,377.0,0.0,2.905,426.7,0.38400000000000034,-12.967,-8.156,4.811
DFPBI,gas,stda,3.555,348.8,1.6164,3.089,401.4,0.4660000000000002,-13.618,-7.062,6.556
DFPBI,gas,stddft,3.527,351.5,1.454,3.06,405.2,0.4670000000000001,-13.618,-7.062,6.556
DFPBI,toluene,stda,3.555,348.8,1.7036,3.092,401.0,0.4630000000000001,-13.463,-6.891,6.571999999999999
DFPBI,toluene,stddft,3.528,351.5,1.5324,3.063,404.8,0.46499999999999986,-13.463,-6.891,6.571999999999999
DFPFPhe,gas,stda,3.163,392.0,0.1356,2.5,496.0,0.6629999999999998,-13.55,-7.346,6.204000000000001
DFPFPhe,gas,stddft,3.088,401.6,0.1047,2.459,504.2,0.629,-13.55,-7.346,6.204000000000001
DFPFPhe,toluene,stda,3.16,392.3,0.1376,2.505,494.9,0.6550000000000002,-13.381,-7.246,6.135
DFPFPhe,toluene,stddft,3.086,401.7,0.1059,2.464,503.1,0.6219999999999999,-13.381,-7.246,6.135
DHID-DBS,gas,stda,3.419,362.6,0.3743,2.853,434.6,0.5659999999999998,-13.535,-7.261,6.274
DHID-DBS,gas,stddft,3.34,371.2,0.305,2.82,439.6,0.52,-13.535,-7.261,6.274
DHID-DBS,toluene,stda,3.496,354.7,0.5322,2.849,435.1,0.6469999999999998,-13.415,-7.347,6.067999999999999
DHID-DBS,toluene,stddft,3.429,361.6,0.4454,2.817,440.1,0.6119999999999997,-13.415,-7.347,6.067999999999999
DHID-DPS,gas,stda,3.53,351.2,0.1922,2.855,434.3,0.6749999999999998,-13.384,-6.836,6.548
DHID-DPS,gas,stddft,3.457,358.6,0.161,2.822,439.3,0.6349999999999998,-13.384,-6.836,6.548
DHID-DPS,toluene,stda,3.498,354.4,0.1812,2.867,432.4,0.6310000000000002,-13.295,-6.819,6.476
DHID-DPS,toluene,stddft,3.43,361.5,0.1557,2.835,437.4,0.5950000000000002,-13.295,-6.819,6.476
DHPZ-2BI,gas,stda,2.595,477.8,0.0003,2.353,527.0,0.242,-12.53,-7.072,5.457999999999999
DHPZ-2BI,gas,stddft,2.566,483.3,0.0002,2.323,533.8,0.24299999999999988,-12.53,-7.072,5.457999999999999
DHPZ-2BI,toluene,stda,2.553,485.7,0.0002,2.316,535.4,0.2370000000000001,-12.295,-6.911,5.384
DHPZ-2BI,toluene,stddft,2.523,491.5,0.0002,2.286,542.4,0.2370000000000001,-12.295,-6.911,5.384
DHPZ-2BN,gas,stda,2.614,474.3,0.0003,2.369,523.4,0.24499999999999966,-12.808,-7.276,5.532
DHPZ-2BN,gas,stddft,2.582,480.2,0.0002,2.338,530.2,0.24399999999999977,-12.808,-7.276,5.532
DHPZ-2BN,toluene,stda,2.52,491.9,0.0,2.256,549.7,0.26400000000000023,-12.502,-7.107,5.3950000000000005
DHPZ-2BN,toluene,stddft,2.492,497.6,0.0,2.247,551.7,0.2450000000000001,-12.502,-7.107,5.3950000000000005
DIC-TRZ,gas,stda,3.515,352.7,0.3088,3.054,406.0,0.4610000000000003,-13.851,-7.539,6.312000000000001
DIC-TRZ,gas,stddft,3.455,358.8,0.2621,3.031,409.0,0.42399999999999993,-13.851,-7.539,6.312000000000001
DIC-TRZ,toluene,stda,3.52,352.2,0.2974,3.05,406.4,0.4700000000000002,-13.786,-7.421,6.364999999999999
DIC-TRZ,toluene,stddft,3.458,358.6,0.2504,3.027,409.6,0.43100000000000005,-13.786,-7.421,6.364999999999999
DICzTrz,gas,stda,3.576,346.7,0.103,3.295,376.3,0.28100000000000014,-14.2,-7.912,6.287999999999999
DICzTrz,gas,stddft,3.547,349.5,0.0584,3.269,379.2,0.278,-14.2,-7.912,6.287999999999999
DICzTrz,toluene,stda,3.581,346.2,0.1433,3.302,375.4,0.2789999999999999,-14.162,-7.9,6.2620000000000005
DICzTrz,toluene,stddft,3.552,349.1,0.0893,3.279,378.1,0.27300000000000013,-14.162,-7.9,6.2620000000000005
DMAC-11-DPPZ,gas,stda,2.953,419.8,0.1409,2.816,440.3,0.137,-13.586,-8.312,5.274000000000001
DMAC-11-DPPZ,gas,stddft,2.943,421.3,0.1343,2.802,442.4,0.14100000000000001,-13.586,-8.312,5.274000000000001
DMAC-11-DPPZ,toluene,stda,2.919,424.7,0.1588,2.769,447.7,0.1499999999999999,-13.559,-8.322,5.237
DMAC-11-DPPZ,toluene,stddft,2.907,426.5,0.1504,2.756,449.8,0.15100000000000025,-13.559,-8.322,5.237
DMAC-AQ,gas,stda,2.355,526.5,0.3141,1.782,695.7,0.573,-14.043,-8.74,5.302999999999999
DMAC-AQ,gas,stddft,2.269,546.4,0.2466,1.744,711.0,0.5250000000000001,-14.043,-8.74,5.302999999999999
DMAC-AQ,toluene,stda,2.207,561.7,0.3089,1.604,773.2,0.6029999999999998,-13.981,-8.862,5.119
DMAC-AQ,toluene,stddft,2.113,586.9,0.2371,1.557,796.1,0.556,-13.981,-8.862,5.119
DMAC-BP,gas,stda,3.387,366.0,0.2404,3.282,377.8,0.10499999999999998,-13.641,-7.918,5.723
DMAC-BP,gas,stddft,3.383,366.5,0.2325,3.275,378.6,0.1080000000000001,-13.641,-7.918,5.723
DMAC-BP,toluene,stda,3.412,363.4,1.12,2.698,459.6,0.714,-13.475,-7.449,6.026
DMAC-BP,toluene,stddft,3.345,370.6,0.9601,2.662,465.7,0.6830000000000003,-13.475,-7.449,6.026
DMAC-BPP,gas,stda,3.712,334.0,0.0163,3.531,351.2,0.18100000000000005,-13.583,-7.6,5.9830000000000005
DMAC-BPP,gas,stddft,3.705,334.6,0.0158,3.502,354.1,0.2030000000000003,-13.583,-7.6,5.9830000000000005
DMAC-BPP,toluene,stda,3.724,333.0,0.0122,3.457,358.7,0.26700000000000035,-13.43,-7.498,5.9319999999999995
DMAC-BPP,toluene,stddft,3.718,333.4,0.0131,3.427,361.8,0.2909999999999999,-13.43,-7.498,5.9319999999999995
DMAC-Cz,gas,stda,3.915,316.7,0.0627,3.39,365.7,0.5249999999999999,-13.505,-6.831,6.674
DMAC-Cz,gas,stddft,3.842,322.7,0.0536,3.358,369.2,0.484,-13.505,-6.831,6.674
DMAC-Cz,toluene,stda,3.913,316.8,0.0643,3.357,369.3,0.5559999999999996,-13.403,-6.642,6.761
DMAC-Cz,toluene,stddft,3.84,322.9,0.0546,3.325,372.9,0.5149999999999997,-13.403,-6.642,6.761
DMAC-Cz-TTR,gas,stda,3.803,326.0,0.35,3.387,366.0,0.4159999999999999,-13.484,-6.99,6.494
DMAC-Cz-TTR,gas,stddft,3.739,331.6,0.305,3.355,369.5,0.3839999999999999,-13.484,-6.99,6.494
DMAC-Cz-TTR,toluene,stda,3.82,324.5,0.4373,3.406,364.0,0.4139999999999997,-13.329,-6.863,6.466
DMAC-Cz-TTR,toluene,stddft,3.765,329.3,0.3902,3.375,367.4,0.3900000000000001,-13.329,-6.863,6.466
DMAC-DPS,gas,stda,3.759,329.9,0.0531,3.267,379.5,0.492,-13.428,-5.706,7.722
DMAC-DPS,gas,stddft,3.728,332.6,0.0458,3.239,382.8,0.4890000000000003,-13.428,-5.706,7.722
DMAC-DPS,toluene,stda,3.764,329.4,0.0464,3.317,373.7,0.4469999999999996,-13.133,-5.402,7.730999999999999
DMAC-DPS,toluene,stddft,3.736,331.9,0.0396,3.292,376.6,0.4440000000000004,-13.133,-5.402,7.730999999999999
DMAC-FO,gas,stda,2.693,460.5,0.113,2.492,497.5,0.20100000000000007,-13.657,-8.635,5.022
DMAC-FO,gas,stddft,2.675,463.4,0.0971,2.484,499.1,0.19099999999999984,-13.657,-8.635,5.022
DMAC-FO,toluene,stda,2.537,488.7,0.2502,2.018,614.3,0.5190000000000001,-13.486,-8.158,5.328000000000001
DMAC-FO,toluene,stddft,2.471,501.7,0.2151,1.977,627.2,0.494,-13.486,-8.158,5.328000000000001
DMAC-ND,gas,stda,3.265,379.7,0.9521,2.778,446.4,0.4870000000000001,-13.751,-7.159,6.592
DMAC-ND,gas,stddft,3.206,386.7,0.8049,2.751,450.7,0.45500000000000007,-13.751,-7.159,6.592
DMAC-ND,toluene,stda,3.258,380.5,0.9572,2.756,449.9,0.5020000000000002,-13.637,-7.068,6.569000000000001
DMAC-ND,toluene,stddft,3.196,387.9,0.8054,2.728,454.5,0.46799999999999997,-13.637,-7.068,6.569000000000001
DMAC-PCN,gas,stda,3.646,340.0,0.2149,3.417,362.9,0.2290000000000001,-13.536,-8.186,5.35
DMAC-PCN,gas,stddft,3.64,340.6,0.2034,3.385,366.3,0.25500000000000034,-13.536,-8.186,5.35
DMAC-PCN,toluene,stda,3.597,344.7,0.2125,3.397,365.0,0.20000000000000018,-13.512,-8.292,5.220000000000001
DMAC-PCN,toluene,stddft,3.591,345.3,0.2016,3.365,368.4,0.22599999999999998,-13.512,-8.292,5.220000000000001
DMAC-TRZ,gas,stda,3.474,356.9,0.1265,3.389,365.8,0.08500000000000041,-13.577,-7.704,5.873
DMAC-TRZ,gas,stddft,3.467,357.6,0.1216,3.369,368.0,0.09799999999999986,-13.577,-7.704,5.873
DMAC-TRZ,toluene,stda,3.454,359.0,0.124,3.371,367.8,0.08300000000000018,-13.506,-7.665,5.841
DMAC-TRZ,toluene,stddft,3.447,359.6,0.1194,3.362,368.8,0.08499999999999996,-13.506,-7.665,5.841
DMACMNPTO,gas,stda,3.974,312.0,0.043,3.373,367.6,0.601,-13.636,-6.268,7.367999999999999
DMACMNPTO,gas,stddft,3.919,316.4,0.0386,3.341,371.1,0.5779999999999998,-13.636,-6.268,7.367999999999999
DMACMNPTO,toluene,stda,3.954,313.6,0.0193,3.35,370.1,0.6040000000000001,-13.355,-6.255,7.1000000000000005
DMACMNPTO,toluene,stddft,3.897,318.1,0.0178,3.317,373.7,0.5799999999999996,-13.355,-6.255,7.1000000000000005
DMACN-B,gas,stda,3.73,332.4,0.2545,3.249,381.6,0.48099999999999987,-12.945,-5.863,7.082
DMACN-B,gas,stddft,3.669,337.9,0.1276,3.232,383.6,0.43699999999999983,-12.945,-5.863,7.082
DMACN-B,toluene,stda,3.718,333.4,0.0502,3.221,385.0,0.4969999999999999,-12.636,-5.664,6.9719999999999995
DMACN-B,toluene,stddft,3.648,339.9,0.0425,3.204,386.9,0.44399999999999995,-12.636,-5.664,6.9719999999999995
DMBFTX,gas,stda,3.502,354.1,0.2056,2.831,437.9,0.6709999999999998,-14.727,-7.731,6.996
DMBFTX,gas,stddft,3.384,366.4,0.1529,2.805,442.0,0.5789999999999997,-14.727,-7.731,6.996
DMBFTX,toluene,stda,3.5,354.2,0.2072,2.823,439.3,0.677,-14.68,-7.683,6.997
DMBFTX,toluene,stddft,3.382,366.6,0.1554,2.795,443.5,0.5870000000000002,-14.68,-7.683,6.997
DMDHNP-DPS,gas,stda,2.392,518.4,0.0036,2.282,543.3,0.10999999999999988,-12.26,-6.012,6.248
DMDHNP-DPS,gas,stddft,2.38,520.9,0.0029,2.279,544.1,0.10099999999999998,-12.26,-6.012,6.248
DMDHNP-DPS,toluene,stda,2.488,498.4,0.0026,2.419,512.5,0.06899999999999995,-11.916,-5.614,6.3020000000000005
DMDHNP-DPS,toluene,stddft,2.48,499.9,0.0019,2.417,513.0,0.06300000000000017,-11.916,-5.614,6.3020000000000005
DMF-AnCN,gas,stda,3.191,388.6,0.6827,2.247,551.9,0.944,-14.408,-8.087,6.321
DMF-AnCN,gas,stddft,3.032,408.9,0.4862,2.178,569.3,0.8540000000000001,-14.408,-8.087,6.321
DMF-AnCN,toluene,stda,3.19,388.6,0.6688,2.251,550.8,0.9390000000000001,-14.284,-7.955,6.329000000000001
DMF-AnCN,toluene,stddft,3.032,408.9,0.4759,2.182,568.2,0.8500000000000001,-14.284,-7.955,6.329000000000001
DMIC-TRZ,gas,stda,1.615,767.9,0.2308,0.942,1316.4,0.673,-13.292,-8.619,4.673
DMIC-TRZ,gas,stddft,1.484,835.7,0.1464,0.765,1621.0,0.719,-13.292,-8.619,4.673
DMIC-TRZ,toluene,stda,1.488,833.0,0.1988,0.817,1517.1,0.671,-13.219,-8.651,4.568
DMIC-TRZ,toluene,stddft,1.354,915.9,0.1234,0.542,2286.9,0.812,-13.219,-8.651,4.568
DMPA,gas,stda,3.212,386.0,0.4693,2.255,549.8,0.9570000000000003,-13.887,-7.522,6.365
DMPA,gas,stddft,3.05,406.5,0.3334,2.185,567.4,0.8649999999999998,-13.887,-7.522,6.365
DMPA,toluene,stda,3.223,384.7,0.4446,2.263,548.0,0.96,-14.076,-7.688,6.388000000000001
DMPA,toluene,stddft,3.059,405.3,0.3169,2.192,565.6,0.867,-14.076,-7.688,6.388000000000001
DMTAC,gas,stda,3.066,404.4,0.2641,2.403,515.9,0.6629999999999998,-13.271,-7.083,6.188000000000001
DMTAC,gas,stddft,2.994,414.1,0.2378,2.352,527.3,0.6420000000000003,-13.271,-7.083,6.188000000000001
DMTAC,toluene,stda,3.12,397.4,0.2668,2.429,510.5,0.6910000000000003,-13.359,-7.11,6.249
DMTAC,toluene,stddft,3.046,407.1,0.2524,2.376,521.7,0.6699999999999999,-13.359,-7.11,6.249
DMeCzIPN,gas,stda,3.521,352.1,0.1763,3.141,394.7,0.3799999999999999,-14.526,-7.74,6.786
DMeCzIPN,gas,stddft,3.487,355.5,0.1527,3.126,396.7,0.3610000000000002,-14.526,-7.74,6.786
DMeCzIPN,toluene,stda,3.446,359.8,0.1789,3.07,403.8,0.37600000000000033,-14.364,-7.661,6.703000000000001
DMeCzIPN,toluene,stddft,3.413,363.3,0.1544,3.055,405.8,0.35799999999999965,-14.364,-7.661,6.703000000000001
DNFPh,gas,stda,2.98,416.0,0.1005,2.261,548.4,0.7189999999999999,-13.435,-7.401,6.034000000000001
DNFPh,gas,stddft,2.902,427.3,0.0712,2.218,558.9,0.6840000000000002,-13.435,-7.401,6.034000000000001
DNFPh,toluene,stda,2.957,419.2,0.1257,2.192,565.7,0.7649999999999997,-13.298,-7.344,5.954
DNFPh,toluene,stddft,2.879,430.7,0.0839,2.139,579.7,0.7400000000000002,-13.298,-7.344,5.954
DPA,gas,stda,3.299,375.8,0.4198,2.247,551.8,1.052,-14.236,-7.842,6.394000000000001
DPA,gas,stddft,3.117,397.8,0.2968,2.174,570.3,0.9430000000000001,-14.236,-7.842,6.394000000000001
DPA,toluene,stda,3.317,373.8,0.3993,2.258,549.1,1.0590000000000002,-14.261,-7.838,6.422999999999999
DPA,toluene,stddft,3.131,396.0,0.2842,2.184,567.6,0.9469999999999996,-14.261,-7.838,6.422999999999999
DPA-DPQ,gas,stda,3.128,396.3,0.4363,2.568,482.9,0.56,-14.064,-7.569,6.495
DPA-DPQ,gas,stddft,3.052,406.2,0.3657,2.538,488.5,0.5140000000000002,-14.064,-7.569,6.495
DPA-DPQ,toluene,stda,3.073,403.5,0.4134,2.502,495.5,0.5710000000000002,-14.045,-7.616,6.429
DPA-DPQ,toluene,stddft,2.993,414.2,0.3431,2.472,501.6,0.5209999999999999,-14.045,-7.616,6.429
DPAA,gas,stda,3.295,376.3,0.4222,2.245,552.3,1.0499999999999998,-14.234,-7.844,6.39
DPAA,gas,stddft,3.113,398.3,0.2982,2.172,570.8,0.9409999999999998,-14.234,-7.844,6.39
DPAA,toluene,stda,3.315,374.0,0.4014,2.257,549.4,1.0579999999999998,-14.26,-7.839,6.420999999999999
DPAA,toluene,stddft,3.129,396.2,0.2858,2.183,567.9,0.9460000000000002,-14.26,-7.839,6.420999999999999
DPACPhTPI,gas,stda,3.786,327.5,0.4723,3.4,364.6,0.3860000000000001,-13.697,-7.211,6.485999999999999
DPACPhTPI,gas,stddft,3.748,330.8,0.428,3.372,367.7,0.37600000000000033,-13.697,-7.211,6.485999999999999
DPACPhTPI,toluene,stda,3.768,329.1,0.4016,3.401,364.6,0.367,-13.517,-7.071,6.446
DPACPhTPI,toluene,stddft,3.728,332.6,0.3643,3.372,367.7,0.3560000000000003,-13.517,-7.071,6.446
DPACpBr,gas,stda,4.106,301.9,0.2727,3.699,335.2,0.40700000000000003,-13.783,-6.007,7.776
DPACpBr,gas,stddft,4.079,304.0,0.2489,3.677,337.2,0.4019999999999997,-13.783,-6.007,7.776
DPACpBr,toluene,stda,4.019,308.5,0.4027,3.541,350.2,0.4780000000000002,-13.561,-5.84,7.721
DPACpBr,toluene,stddft,3.983,311.3,0.3583,3.517,352.5,0.4660000000000002,-13.561,-5.84,7.721
DPCN,gas,stda,3.841,322.8,0.4592,3.385,366.3,0.4560000000000004,-13.583,-7.572,6.011
DPCN,gas,stddft,3.806,325.7,0.3997,3.353,369.7,0.45299999999999985,-13.583,-7.572,6.011
DPCN,toluene,stda,3.834,323.4,0.3121,3.351,370.0,0.4830000000000001,-13.429,-7.385,6.0440000000000005
DPCN,toluene,stddft,3.795,326.7,0.2849,3.319,373.5,0.476,-13.429,-7.385,6.0440000000000005
DPE,gas,stda,3.244,382.2,0.0048,2.861,433.3,0.383,-13.108,-7.315,5.793
DPE,gas,stddft,3.208,386.5,0.0038,2.83,438.1,0.3780000000000001,-13.108,-7.315,5.793
DPE,toluene,stda,3.234,383.4,0.0102,2.848,435.4,0.3860000000000001,-13.077,-7.189,5.888
DPE,toluene,stddft,3.198,387.7,0.0102,2.816,440.2,0.3820000000000001,-13.077,-7.189,5.888
DPE-DDMAc,gas,stda,3.673,337.5,0.1555,3.409,363.7,0.26400000000000023,-13.584,-7.345,6.239
DPE-DDMAc,gas,stddft,3.67,337.8,0.152,3.377,367.2,0.29300000000000015,-13.584,-7.345,6.239
DPE-DDMAc,toluene,stda,3.793,326.9,0.2336,3.388,365.9,0.40500000000000025,-13.474,-7.196,6.2780000000000005
DPE-DDMAc,toluene,stddft,3.79,327.2,0.2338,3.357,369.4,0.43299999999999983,-13.474,-7.196,6.2780000000000005
DPE-DPXZ,gas,stda,3.244,382.2,0.0017,2.86,433.5,0.38400000000000034,-13.108,-7.315,5.793
DPE-DPXZ,gas,stddft,3.208,386.5,0.0016,2.829,438.3,0.379,-13.108,-7.315,5.793
DPE-DPXZ,toluene,stda,3.226,384.4,0.003,2.839,436.7,0.387,-13.076,-7.197,5.8790000000000004
DPE-DPXZ,toluene,stddft,3.188,388.9,0.0026,2.807,441.6,0.3810000000000002,-13.076,-7.197,5.8790000000000004
DPF-AnCN,gas,stda,3.158,392.6,0.7147,2.232,555.6,0.9259999999999997,-14.375,-8.092,6.2829999999999995
DPF-AnCN,gas,stddft,3.003,412.8,0.5128,2.163,573.2,0.8400000000000003,-14.375,-8.092,6.2829999999999995
DPF-AnCN,toluene,stda,3.167,391.5,0.7018,2.241,553.3,0.9259999999999997,-14.252,-7.955,6.297000000000001
DPF-AnCN,toluene,stddft,3.013,411.5,0.5026,2.172,570.9,0.8409999999999997,-14.252,-7.955,6.297000000000001
DPFPhe,gas,stda,3.122,397.2,0.1466,2.391,518.5,0.7309999999999999,-13.401,-7.25,6.151
DPFPhe,gas,stddft,3.044,407.3,0.1057,2.334,531.3,0.71,-13.401,-7.25,6.151
DPFPhe,toluene,stda,3.173,390.8,0.1917,2.476,500.7,0.6970000000000001,-13.365,-7.137,6.228000000000001
DPFPhe,toluene,stddft,3.095,400.6,0.1436,2.427,510.8,0.6680000000000001,-13.365,-7.137,6.228000000000001
DPIBPZ-DPXZ,gas,stda,2.761,449.0,0.691,2.497,496.5,0.26400000000000023,-13.252,-8.668,4.584000000000001
DPIBPZ-DPXZ,gas,stddft,2.739,452.7,0.6258,2.486,498.7,0.25299999999999967,-13.252,-8.668,4.584000000000001
DPIBPZ-DPXZ,toluene,stda,2.781,445.8,0.6499,2.531,489.8,0.25,-13.142,-8.592,4.549999999999999
DPIBPZ-DPXZ,toluene,stddft,2.761,449.1,0.5936,2.521,491.8,0.2400000000000002,-13.142,-8.592,4.549999999999999
DPNC,gas,stda,3.166,391.6,0.086,2.714,456.9,0.45199999999999996,-12.825,-7.185,5.64
DPNC,gas,stddft,3.09,401.2,0.0666,2.693,460.4,0.3969999999999998,-12.825,-7.185,5.64
DPNC,toluene,stda,3.178,390.1,0.084,2.717,456.4,0.46099999999999985,-12.734,-7.046,5.688
DPNC,toluene,stddft,3.1,399.9,0.0647,2.696,460.0,0.4039999999999999,-12.734,-7.046,5.688
DPP-PXZ,gas,stda,2.182,568.3,0.213,1.927,643.5,0.2549999999999999,-13.246,-8.298,4.948
DPP-PXZ,gas,stddft,2.152,576.1,0.1856,1.914,647.9,0.2380000000000002,-13.246,-8.298,4.948
DPP-PXZ,toluene,stda,2.097,591.3,0.2248,1.817,682.3,0.28,-13.362,-8.469,4.893000000000001
DPP-PXZ,toluene,stddft,2.063,601.0,0.193,1.803,687.8,0.26000000000000023,-13.362,-8.469,4.893000000000001
DPPP,gas,stda,3.401,364.5,0.6211,2.584,479.9,0.8169999999999997,-14.15,-7.768,6.382000000000001
DPPP,gas,stddft,3.296,376.1,0.4896,2.52,492.1,0.7759999999999998,-14.15,-7.768,6.382000000000001
DPPP,toluene,stda,3.469,357.5,0.6848,2.615,474.1,0.8539999999999996,-14.03,-7.598,6.4319999999999995
DPPP,toluene,stddft,3.361,368.8,0.5443,2.55,486.2,0.8110000000000004,-14.03,-7.598,6.4319999999999995
DPPSPF,gas,stda,4.401,281.7,1.3068,3.661,338.7,0.7399999999999998,-15.042,-7.232,7.81
DPPSPF,gas,stddft,4.344,285.4,1.1486,3.624,342.1,0.7200000000000002,-15.042,-7.232,7.81
DPPSPF,toluene,stda,4.376,283.3,1.299,3.646,340.0,0.7300000000000004,-14.938,-7.171,7.767
DPPSPF,toluene,stddft,4.319,287.0,1.141,3.61,343.5,0.7090000000000001,-14.938,-7.171,7.767
DPQ-DMAC,gas,stda,3.123,396.9,0.1196,3.0,413.3,0.12300000000000022,-13.59,-8.031,5.558999999999999
DPQ-DMAC,gas,stddft,3.114,398.2,0.1149,2.99,414.6,0.12399999999999967,-13.59,-8.031,5.558999999999999
DPQ-DMAC,toluene,stda,3.018,410.8,0.1098,2.906,426.6,0.11199999999999966,-13.585,-8.135,5.450000000000001
DPQ-DMAC,toluene,stddft,3.009,412.1,0.1047,2.898,427.9,0.11099999999999977,-13.585,-8.135,5.450000000000001
DPQ-PXZ,gas,stda,2.607,475.5,0.2189,2.397,517.3,0.2100000000000004,-13.155,-8.012,5.142999999999999
DPQ-PXZ,gas,stddft,2.587,479.3,0.1978,2.386,519.7,0.20100000000000007,-13.155,-8.012,5.142999999999999
DPQ-PXZ,toluene,stda,2.558,484.6,0.2233,2.336,530.7,0.22199999999999998,-13.243,-8.116,5.127000000000001
DPQ-PXZ,toluene,stddft,2.536,488.9,0.201,2.325,533.3,0.21099999999999985,-13.243,-8.116,5.127000000000001
DPS-PXZ,gas,stda,3.356,369.4,0.0389,2.978,416.3,0.37799999999999967,-13.227,-7.044,6.183000000000001
DPS-PXZ,gas,stddft,3.323,373.1,0.0255,2.949,420.4,0.3740000000000001,-13.227,-7.044,6.183000000000001
DPS-PXZ,toluene,stda,3.287,377.2,0.0049,2.901,427.3,0.3860000000000001,-13.129,-6.573,6.555999999999999
DPS-PXZ,toluene,stddft,3.251,381.4,0.0038,2.871,431.9,0.3799999999999999,-13.129,-6.573,6.555999999999999
DPTPEA,gas,stda,3.525,351.7,0.8389,2.954,419.7,0.5709999999999997,-13.594,-7.277,6.316999999999999
DPTPEA,gas,stddft,3.492,355.1,0.7389,2.92,424.6,0.5720000000000001,-13.594,-7.277,6.316999999999999
DPTPEA,toluene,stda,3.544,349.8,0.8957,2.973,417.1,0.5710000000000002,-13.5,-7.171,6.329
DPTPEA,toluene,stddft,3.511,353.2,0.7904,2.939,421.9,0.5720000000000001,-13.5,-7.171,6.329
DPVBi,gas,stda,3.799,326.4,2.2841,3.15,393.6,0.649,-14.499,-7.56,6.939000000000001
DPVBi,gas,stddft,3.768,329.1,2.0268,3.108,398.9,0.6599999999999997,-14.499,-7.56,6.939000000000001
DPVBi,toluene,stda,3.816,324.9,2.2666,3.173,390.8,0.6429999999999998,-14.492,-7.529,6.963000000000001
DPVBi,toluene,stddft,3.786,327.5,2.0138,3.131,396.0,0.6550000000000002,-14.492,-7.529,6.963000000000001
DPXZ-DPPM,gas,stda,2.886,429.7,0.5928,2.62,473.2,0.266,-13.216,-8.583,4.632999999999999
DPXZ-DPPM,gas,stddft,2.865,432.8,0.5385,2.609,475.3,0.2560000000000002,-13.216,-8.583,4.632999999999999
DPXZ-DPPM,toluene,stda,2.863,433.1,0.5468,2.61,475.0,0.2530000000000001,-13.149,-8.609,4.539999999999999
DPXZ-DPPM,toluene,stddft,2.844,436.0,0.503,2.599,477.0,0.24499999999999966,-13.149,-8.609,4.539999999999999
DPhBCz,gas,stda,3.856,321.5,0.3578,3.376,367.2,0.48,-13.888,-6.571,7.317
DPhBCz,gas,stddft,3.788,327.3,0.2919,3.354,369.6,0.4339999999999997,-13.888,-6.571,7.317
DPhBCz,toluene,stda,3.842,322.7,0.1979,3.353,369.8,0.4889999999999999,-13.84,-6.532,7.308
DPhBCz,toluene,stddft,3.771,328.8,0.1095,3.33,372.3,0.44099999999999984,-13.84,-6.532,7.308
DPimdPPA,gas,stda,3.451,359.2,2.2043,2.703,458.6,0.7480000000000002,-14.266,-8.175,6.090999999999999
DPimdPPA,gas,stddft,3.395,365.2,1.8731,2.658,466.5,0.7370000000000001,-14.266,-8.175,6.090999999999999
DPimdPPA,toluene,stda,3.431,361.4,2.1837,2.683,462.1,0.7480000000000002,-14.26,-8.217,6.042999999999999
DPimdPPA,toluene,stddft,3.373,367.6,1.8528,2.638,470.1,0.7350000000000003,-14.26,-8.217,6.042999999999999
DQP,gas,stda,3.262,380.1,0.0,3.202,387.2,0.06000000000000005,-15.795,-8.519,7.276
DQP,gas,stddft,3.261,380.2,0.0,3.138,395.1,0.12300000000000022,-15.795,-8.519,7.276
DQP,toluene,stda,3.243,382.4,0.0,3.197,387.8,0.04599999999999982,-16.05,-8.777,7.2730000000000015
DQP,toluene,stddft,3.242,382.4,0.0,3.133,395.7,0.10899999999999999,-16.05,-8.777,7.2730000000000015
DTPCZPYTZ,gas,stda,3.616,342.9,1.7381,2.718,456.2,0.8980000000000001,-14.061,-8.008,6.053000000000001
DTPCZPYTZ,gas,stddft,3.53,351.2,1.461,2.655,466.9,0.875,-14.061,-8.008,6.053000000000001
DTPCZPYTZ,toluene,stda,3.617,342.8,1.6789,2.716,456.5,0.9009999999999998,-13.925,-7.882,6.043000000000001
DTPCZPYTZ,toluene,stddft,3.529,351.4,1.4083,2.653,467.3,0.8759999999999999,-13.925,-7.882,6.043000000000001
DTPCZTZ,gas,stda,3.886,319.0,0.2295,3.472,357.1,0.41400000000000015,-14.087,-7.217,6.87
DTPCZTZ,gas,stddft,3.822,324.4,0.1862,3.449,359.4,0.3730000000000002,-14.087,-7.217,6.87
DTPCZTZ,toluene,stda,3.869,320.4,0.2014,3.442,360.3,0.42700000000000005,-13.955,-7.089,6.866
DTPCZTZ,toluene,stddft,3.803,326.0,0.1644,3.419,362.6,0.3839999999999999,-13.955,-7.089,6.866
DTPTCzDP-CN,gas,stda,3.259,380.5,0.5877,2.844,436.0,0.41500000000000004,-13.266,-7.813,5.453
DTPTCzDP-CN,gas,stddft,3.2,387.5,0.4212,2.825,438.9,0.375,-13.266,-7.813,5.453
DTPTCzDP-CN,toluene,stda,3.187,389.1,0.7834,2.784,445.3,0.403,-13.131,-7.727,5.404
DTPTCzDP-CN,toluene,stddft,3.139,395.0,0.6162,2.767,448.1,0.3719999999999999,-13.131,-7.727,5.404
DTRZSFX,gas,stda,3.964,312.7,2.0212,3.343,370.9,0.621,-14.722,-8.058,6.664
DTRZSFX,gas,stddft,3.918,316.4,1.7892,3.306,375.0,0.6120000000000001,-14.722,-8.058,6.664
DTRZSFX,toluene,stda,3.954,313.6,2.0049,3.335,371.8,0.6190000000000002,-14.755,-8.082,6.673
DTRZSFX,toluene,stddft,3.908,317.3,1.7749,3.298,376.0,0.6099999999999999,-14.755,-8.082,6.673
DTXO-TPA2,gas,stda,3.295,376.3,0.3982,2.783,445.5,0.512,-13.586,-7.042,6.5440000000000005
DTXO-TPA2,gas,stddft,3.258,380.5,0.3453,2.75,450.8,0.508,-13.586,-7.042,6.5440000000000005
DTXO-TPA2,toluene,stda,3.269,379.2,0.5929,2.776,446.7,0.4930000000000003,-13.469,-6.959,6.51
DTXO-TPA2,toluene,stddft,3.233,383.5,0.5136,2.744,451.8,0.4889999999999999,-13.469,-6.959,6.51
DV-3CzCN,gas,stda,3.763,329.5,0.6103,3.409,363.7,0.3540000000000001,-14.099,-7.211,6.888
DV-3CzCN,gas,stddft,3.729,332.5,0.54,3.389,365.9,0.3400000000000003,-14.099,-7.211,6.888
DV-3CzCN,toluene,stda,3.802,326.1,0.1914,3.341,371.1,0.46099999999999985,-14.024,-7.117,6.906999999999999
DV-3CzCN,toluene,stddft,3.771,328.8,0.1651,3.318,373.7,0.45299999999999985,-14.024,-7.117,6.906999999999999
DVCz-2CzCN,gas,stda,3.874,320.1,0.2601,3.484,355.8,0.3900000000000001,-13.728,-6.797,6.931
DVCz-2CzCN,gas,stddft,3.815,325.0,0.1923,3.461,358.2,0.3540000000000001,-13.728,-6.797,6.931
DVCz-2CzCN,toluene,stda,3.77,328.9,0.2968,3.436,360.8,0.3340000000000001,-13.812,-6.862,6.949999999999999
DVCz-2CzCN,toluene,stddft,3.734,332.1,0.1006,3.414,363.1,0.31999999999999984,-13.812,-6.862,6.949999999999999
DiCz-Sac,gas,stda,3.69,336.0,0.1753,3.361,368.9,0.32899999999999974,-14.249,-7.254,6.995000000000001
DiCz-Sac,gas,stddft,3.656,339.1,0.1524,3.34,371.3,0.3160000000000003,-14.249,-7.254,6.995000000000001
DiCz-Sac,toluene,stda,3.596,344.8,0.2206,3.242,382.4,0.3540000000000001,-13.934,-7.088,6.845999999999999
DiCz-Sac,toluene,stddft,3.56,348.2,0.1938,3.222,384.8,0.3380000000000001,-13.934,-7.088,6.845999999999999
Diphenylsulfane,gas,stda,4.318,287.2,0.0013,4.14,299.5,0.17799999999999994,-15.528,-7.619,7.909000000000001
Diphenylsulfane,gas,stddft,4.317,287.2,0.0014,4.096,302.7,0.22100000000000009,-15.528,-7.619,7.909000000000001
Diphenylsulfane,toluene,stda,4.118,301.1,0.0052,4.122,300.8,-0.0039999999999995595,-15.547,-7.653,7.894000000000001
Diphenylsulfane,toluene,stddft,4.117,301.1,0.0053,4.089,303.2,0.02799999999999958,-15.547,-7.653,7.894000000000001
DmPy-PPI,gas,stda,3.853,321.8,0.5583,3.446,359.7,0.40700000000000003,-14.331,-7.228,7.103
DmPy-PPI,gas,stddft,3.813,325.1,0.5047,3.419,362.6,0.39400000000000013,-14.331,-7.228,7.103
DmPy-PPI,toluene,stda,3.835,323.3,0.3409,3.478,356.4,0.35699999999999976,-14.272,-7.092,7.180000000000001
DmPy-PPI,toluene,stddft,3.796,326.6,0.311,3.45,359.4,0.34599999999999964,-14.272,-7.092,7.180000000000001
DpAn-BzAc,gas,stda,3.574,346.9,0.1789,3.039,407.9,0.5349999999999997,-13.398,-7.849,5.5489999999999995
DpAn-BzAc,gas,stddft,3.514,352.9,0.1528,3.011,411.7,0.5029999999999997,-13.398,-7.849,5.5489999999999995
DpAn-BzAc,toluene,stda,3.527,351.5,0.1742,2.986,415.2,0.5409999999999999,-13.297,-7.799,5.498
DpAn-BzAc,toluene,stddft,3.466,357.7,0.1486,2.958,419.1,0.508,-13.297,-7.799,5.498
DphAn-Br,gas,stda,3.809,325.5,0.0004,3.815,325.0,-0.005999999999999783,-15.909,-7.828,8.081
DphAn-Br,gas,stddft,3.808,325.6,0.0004,3.814,325.1,-0.006000000000000227,-15.909,-7.828,8.081
DphAn-Br,toluene,stda,3.65,339.7,0.0,3.66,338.8,-0.010000000000000231,-15.804,-7.833,7.971
DphAn-Br,toluene,stddft,3.649,339.8,0.0,3.659,338.9,-0.009999999999999787,-15.804,-7.833,7.971
D–A–D,gas,stda,3.23,383.9,0.0069,3.154,393.1,0.07600000000000007,-15.526,-8.358,7.167999999999999
D–A–D,gas,stddft,3.229,384.0,0.0069,3.119,397.5,0.10999999999999988,-15.526,-8.358,7.167999999999999
D–A–D,toluene,stda,3.191,388.6,0.0068,3.167,391.5,0.02400000000000002,-15.585,-8.412,7.173
D–A–D,toluene,stddft,3.189,388.7,0.0068,3.136,395.3,0.052999999999999936,-15.585,-8.412,7.173
E-o-DHMPA,gas,stda,3.225,384.5,0.3857,2.22,558.4,1.005,-14.142,-7.756,6.385999999999999
E-o-DHMPA,gas,stddft,3.038,408.1,0.2655,2.148,577.2,0.8899999999999997,-14.142,-7.756,6.385999999999999
E-o-DHMPA,toluene,stda,3.285,377.4,0.3628,2.265,547.3,1.02,-14.303,-7.856,6.447000000000001
E-o-DHMPA,toluene,stddft,3.097,400.4,0.2505,2.193,565.4,0.9039999999999999,-14.303,-7.856,6.447000000000001
ECDPTT,gas,stda,3.652,339.5,0.5607,3.007,412.3,0.645,-13.989,-7.446,6.543000000000001
ECDPTT,gas,stddft,3.609,343.5,0.4759,2.974,416.9,0.6349999999999998,-13.989,-7.446,6.543000000000001
ECDPTT,toluene,stda,3.742,331.3,0.3541,3.117,397.8,0.625,-13.858,-7.41,6.448
ECDPTT,toluene,stddft,3.694,335.7,0.1686,3.085,401.9,0.609,-13.858,-7.41,6.448
Et3SiH,gas,stda,4.176,296.9,0.0425,3.567,347.6,0.609,-16.544,-8.885,7.659000000000001
Et3SiH,gas,stddft,4.125,300.6,0.0361,3.535,350.7,0.5899999999999999,-16.544,-8.885,7.659000000000001
Et3SiH,toluene,stda,4.17,297.3,0.4066,3.408,363.8,0.762,-16.391,-8.64,7.750999999999998
Et3SiH,toluene,stddft,4.122,300.8,0.3576,3.376,367.3,0.746,-16.391,-8.64,7.750999999999998
F-2CzB,gas,stda,3.882,319.4,1.2233,3.453,359.1,0.42900000000000027,-14.024,-7.338,6.685999999999999
F-2CzB,gas,stddft,3.832,323.6,0.9594,3.431,361.3,0.4009999999999998,-14.024,-7.338,6.685999999999999
F-2CzB,toluene,stda,3.869,320.4,1.0692,3.423,362.2,0.4460000000000002,-13.906,-7.18,6.726000000000001
F-2CzB,toluene,stddft,3.815,325.0,0.8158,3.401,364.5,0.41400000000000015,-13.906,-7.18,6.726000000000001
F2AcBO,gas,stda,3.528,351.5,0.2551,3.13,396.1,0.39800000000000013,-13.587,-7.846,5.741
F2AcBO,gas,stddft,3.516,352.6,0.3145,3.111,398.5,0.4049999999999998,-13.587,-7.846,5.741
F2AcBO,toluene,stda,3.482,356.1,0.1761,3.107,399.0,0.375,-13.389,-7.692,5.696999999999999
F2AcBO,toluene,stddft,3.454,359.0,0.1355,3.088,401.5,0.3660000000000001,-13.389,-7.692,5.696999999999999
F2PA,gas,stda,3.541,350.1,1.0614,3.052,406.2,0.4889999999999999,-13.548,-6.884,6.664
F2PA,gas,stddft,3.509,353.3,0.9309,3.024,410.1,0.4849999999999999,-13.548,-6.884,6.664
F2PA,toluene,stda,3.544,349.9,1.101,3.056,405.8,0.488,-13.422,-6.771,6.651000000000001
F2PA,toluene,stddft,3.512,353.1,0.967,3.027,409.6,0.4849999999999999,-13.422,-6.771,6.651000000000001
FAC,gas,stda,4.09,303.1,0.0587,3.469,357.4,0.621,-13.714,-6.727,6.987
FAC,gas,stddft,4.021,308.3,0.0892,3.435,360.9,0.5859999999999999,-13.714,-6.727,6.987
FAC,toluene,stda,4.09,303.1,0.1082,3.461,358.2,0.629,-13.74,-6.764,6.976
FAC,toluene,stddft,4.015,308.8,0.0895,3.428,361.7,0.5869999999999997,-13.74,-6.764,6.976
FAPbCl3,gas,stda,4.582,270.6,0.0001,4.199,295.2,0.383,-15.168,-6.766,8.402
FAPbCl3,gas,stddft,4.56,271.9,0.0001,4.158,298.2,0.40199999999999925,-15.168,-6.766,8.402
FAPbCl3,toluene,stda,4.599,269.6,0.0002,4.223,293.6,0.37600000000000033,-15.149,-6.716,8.433
FAPbCl3,toluene,stddft,4.577,270.9,0.0002,4.182,296.4,0.3949999999999996,-15.149,-6.716,8.433
FDQPXZ,gas,stda,2.488,498.3,0.2316,2.27,546.3,0.21799999999999997,-13.187,-8.058,5.129
FDQPXZ,gas,stddft,2.466,502.7,0.2079,2.259,548.9,0.2070000000000003,-13.187,-8.058,5.129
FDQPXZ,toluene,stda,2.557,484.9,0.2227,2.352,527.1,0.20500000000000007,-13.283,-8.117,5.165999999999999
FDQPXZ,toluene,stddft,2.537,488.7,0.2008,2.342,529.5,0.19499999999999984,-13.283,-8.117,5.165999999999999
FSF4A,gas,stda,3.563,348.0,0.2875,3.193,388.4,0.3700000000000001,-13.605,-6.822,6.783
FSF4A,gas,stddft,3.539,350.4,0.2552,3.165,391.7,0.3740000000000001,-13.605,-6.822,6.783
FSF4A,toluene,stda,3.443,360.1,0.3418,3.09,401.2,0.3530000000000002,-13.396,-6.723,6.673000000000001
FSF4A,toluene,stddft,3.418,362.7,0.3065,3.065,404.5,0.3530000000000002,-13.396,-6.723,6.673000000000001
FTAT-FBO,gas,stda,5.208,238.1,0.0,5.19,238.9,0.017999999999999794,-15.848,-5.936,9.912
FTAT-FBO,gas,stddft,5.179,239.4,0.0,5.149,240.8,0.03000000000000025,-15.848,-5.936,9.912
FTAT-FBO,toluene,stda,5.14,241.2,0.0002,5.176,239.5,-0.036000000000000476,-15.786,-6.065,9.721
FTAT-FBO,toluene,stddft,5.11,242.6,0.0002,5.135,241.5,-0.024999999999999467,-15.786,-6.065,9.721
Fene,gas,stda,2.888,429.3,0.0764,2.7,459.2,0.18799999999999972,-12.925,-7.223,5.702000000000001
Fene,gas,stddft,2.877,431.0,0.0715,2.679,462.9,0.19799999999999995,-12.925,-7.223,5.702000000000001
Fene,toluene,stda,3.013,411.4,0.0687,2.739,452.6,0.274,-12.933,-7.117,5.816
Fene,toluene,stddft,3.002,413.0,0.0699,2.714,456.9,0.2879999999999998,-12.933,-7.117,5.816
Fens,gas,stda,3.101,399.9,0.0222,2.776,446.7,0.3250000000000002,-13.057,-7.221,5.836
Fens,gas,stddft,3.092,401.0,0.0318,2.749,451.0,0.34299999999999997,-13.057,-7.221,5.836
Fens,toluene,stda,3.182,389.6,0.0295,2.738,452.8,0.44399999999999995,-12.988,-7.067,5.920999999999999
Fens,toluene,stddft,3.164,391.9,0.1146,2.71,457.4,0.4540000000000002,-12.988,-7.067,5.920999999999999
FlCz,gas,stda,3.732,332.2,0.1518,3.407,364.0,0.3250000000000002,-14.238,-7.781,6.457
FlCz,gas,stddft,3.728,332.6,0.21,3.37,367.9,0.3580000000000001,-14.238,-7.781,6.457
FlCz,toluene,stda,3.731,332.3,0.2038,3.394,365.3,0.33699999999999974,-14.162,-7.77,6.392000000000001
FlCz,toluene,stddft,3.726,332.8,0.2657,3.357,369.3,0.3689999999999998,-14.162,-7.77,6.392000000000001
H4TCPE,gas,stda,4.718,262.8,0.0157,4.305,288.0,0.41300000000000026,-15.992,-7.276,8.716000000000001
H4TCPE,gas,stddft,4.678,265.0,0.0144,4.271,290.3,0.40700000000000003,-15.992,-7.276,8.716000000000001
H4TCPE,toluene,stda,4.704,263.6,0.0152,4.248,291.9,0.4559999999999995,-15.853,-7.207,8.646
H4TCPE,toluene,stddft,4.666,265.7,0.0141,4.215,294.2,0.4510000000000005,-15.853,-7.207,8.646
HAP-3MF,gas,stda,3.254,381.0,0.0,3.171,391.0,0.08300000000000018,-15.714,-8.536,7.178000000000001
HAP-3MF,gas,stddft,3.236,383.2,0.0,3.158,392.6,0.07800000000000029,-15.714,-8.536,7.178000000000001
HAP-3MF,toluene,stda,3.244,382.2,0.0,3.158,392.5,0.0860000000000003,-15.779,-8.61,7.1690000000000005
HAP-3MF,toluene,stddft,3.225,384.5,0.0,3.146,394.2,0.07900000000000018,-15.779,-8.61,7.1690000000000005
HDP,gas,stda,2.775,446.7,0.0001,2.678,463.1,0.09699999999999998,-15.105,-9.034,6.071
HDP,gas,stddft,2.775,446.8,0.0001,2.641,469.4,0.1339999999999999,-15.105,-9.034,6.071
HDP,toluene,stda,2.677,463.2,0.0001,2.63,471.5,0.04700000000000015,-15.233,-9.228,6.005000000000001
HDP,toluene,stddft,2.676,463.3,0.0001,2.593,478.2,0.08300000000000018,-15.233,-9.228,6.005000000000001
HITPE,gas,stda,3.848,322.2,0.86,3.092,401.0,0.7559999999999998,-14.091,-7.316,6.7749999999999995
HITPE,gas,stddft,3.797,326.6,0.7234,3.056,405.8,0.7410000000000001,-14.091,-7.316,6.7749999999999995
HITPE,toluene,stda,3.881,319.5,1.0518,3.114,398.2,0.7669999999999999,-14.053,-7.263,6.790000000000001
HITPE,toluene,stddft,3.828,323.9,0.8801,3.078,402.8,0.75,-14.053,-7.263,6.790000000000001
HPIPXZ,gas,stda,3.722,333.1,0.6094,3.174,390.6,0.548,-14.537,-7.42,7.117000000000001
HPIPXZ,gas,stddft,3.665,338.3,0.5574,3.134,395.6,0.5310000000000001,-14.537,-7.42,7.117000000000001
HPIPXZ,toluene,stda,3.718,333.5,0.6327,3.16,392.4,0.5579999999999998,-14.54,-7.442,7.097999999999999
HPIPXZ,toluene,stddft,3.661,338.7,0.5784,3.119,397.5,0.5419999999999998,-14.54,-7.442,7.097999999999999
HPVAnt,gas,stda,3.398,364.9,0.2998,2.288,541.9,1.1100000000000003,-14.26,-8.014,6.246
HPVAnt,gas,stddft,3.217,385.4,0.1968,2.213,560.1,1.004,-14.26,-8.014,6.246
HPVAnt,toluene,stda,3.395,365.1,0.3085,2.286,542.4,1.109,-14.267,-8.029,6.2379999999999995
HPVAnt,toluene,stddft,3.214,385.8,0.2046,2.21,561.0,1.004,-14.267,-8.029,6.2379999999999995
IABTCN,gas,stda,3.077,402.9,1.4127,2.496,496.7,0.581,-13.65,-8.095,5.555
IABTCN,gas,stddft,3.029,409.3,1.202,2.456,504.8,0.573,-13.65,-8.095,5.555
IABTCN,toluene,stda,2.857,433.9,1.6069,2.242,553.0,0.6150000000000002,-13.461,-8.27,5.191000000000001
IABTCN,toluene,stddft,2.798,443.1,1.3332,2.203,562.9,0.5950000000000002,-13.461,-8.27,5.191000000000001
ICBNTrz4,gas,stda,3.627,341.8,0.8547,3.286,377.4,0.34099999999999975,-14.219,-7.923,6.295999999999999
ICBNTrz4,gas,stddft,3.601,344.4,0.7739,3.268,379.3,0.3330000000000002,-14.219,-7.923,6.295999999999999
ICBNTrz4,toluene,stda,3.587,345.6,0.8047,3.251,381.4,0.3360000000000003,-14.169,-7.889,6.28
ICBNTrz4,toluene,stddft,3.561,348.2,0.7306,3.234,383.4,0.32699999999999996,-14.169,-7.889,6.28
ICZ,gas,stda,3.338,371.5,0.1214,2.771,447.5,0.5670000000000002,-13.648,-6.835,6.813
ICZ,gas,stddft,3.229,384.0,0.0934,2.74,452.5,0.4889999999999999,-13.648,-6.835,6.813
ICZ,toluene,stda,3.343,370.9,0.118,2.777,446.5,0.5659999999999998,-13.664,-6.848,6.816
ICZ,toluene,stddft,3.234,383.4,0.0905,2.745,451.6,0.4889999999999999,-13.664,-6.848,6.816
ICz-2,gas,stda,4.088,303.3,0.0409,3.866,320.7,0.22199999999999998,-15.31,-7.34,7.970000000000001
ICz-2,gas,stddft,4.078,304.1,0.0409,3.833,323.5,0.2450000000000001,-15.31,-7.34,7.970000000000001
ICz-2,toluene,stda,4.135,299.8,0.0551,3.895,318.3,0.23999999999999977,-15.397,-7.41,7.987
ICz-2,toluene,stddft,4.125,300.6,0.0561,3.856,321.6,0.26900000000000013,-15.397,-7.41,7.987
IDAC-MCO,gas,stda,3.372,367.7,0.1271,2.847,435.5,0.5249999999999999,-13.237,-7.068,6.1690000000000005
IDAC-MCO,gas,stddft,3.29,376.9,0.1008,2.824,439.0,0.4660000000000002,-13.237,-7.068,6.1690000000000005
IDAC-MCO,toluene,stda,3.353,369.8,0.1343,2.831,437.9,0.5220000000000002,-13.091,-7.096,5.994999999999999
IDAC-MCO,toluene,stddft,3.271,379.1,0.1064,2.809,441.5,0.46199999999999974,-13.091,-7.096,5.994999999999999
IDFL-2DPA,gas,stda,3.07,403.9,0.3053,2.753,450.4,0.3169999999999997,-13.308,-7.49,5.818
IDFL-2DPA,gas,stddft,3.021,410.5,0.2655,2.735,453.3,0.28600000000000003,-13.308,-7.49,5.818
IDFL-2DPA,toluene,stda,3.071,403.7,0.2975,2.75,450.8,0.3210000000000002,-13.178,-7.358,5.820000000000001
IDFL-2DPA,toluene,stddft,3.021,410.4,0.2597,2.733,453.7,0.2879999999999998,-13.178,-7.358,5.820000000000001
IP-PPI,gas,stda,3.837,323.1,0.9134,3.261,380.2,0.5760000000000001,-14.212,-7.297,6.915
IP-PPI,gas,stddft,3.798,326.4,0.8672,3.229,383.9,0.569,-14.212,-7.297,6.915
IP-PPI,toluene,stda,3.813,325.1,0.7613,3.255,380.9,0.5580000000000003,-14.221,-7.247,6.974
IP-PPI,toluene,stddft,3.774,328.5,0.7113,3.224,384.6,0.5499999999999998,-14.221,-7.247,6.974
IPTAC,gas,stda,3.071,403.8,0.2755,2.402,516.2,0.669,-13.28,-7.094,6.185999999999999
IPTAC,gas,stddft,2.998,413.5,0.2492,2.351,527.4,0.6470000000000002,-13.28,-7.094,6.185999999999999
IPTAC,toluene,stda,3.116,397.9,0.2615,2.426,511.0,0.69,-13.354,-7.107,6.246999999999999
IPTAC,toluene,stddft,3.042,407.5,0.2486,2.374,522.2,0.6679999999999997,-13.354,-7.107,6.246999999999999
IQ-Se,gas,stda,3.627,341.9,0.0765,2.835,437.3,0.7919999999999998,-13.596,-6.764,6.832
IQ-Se,gas,stddft,3.562,348.1,0.041,2.796,443.5,0.766,-13.596,-6.764,6.832
IQ-Se,toluene,stda,3.532,351.0,0.5295,2.715,456.6,0.8170000000000002,-13.474,-6.721,6.753
IQ-Se,toluene,stddft,3.444,360.1,0.3912,2.676,463.3,0.7679999999999998,-13.474,-6.721,6.753
IQ-oTPA,gas,stda,2.799,442.9,0.0016,2.801,442.7,-0.002000000000000224,-13.665,-8.764,4.901
IQ-oTPA,gas,stddft,2.799,443.0,0.0016,2.8,442.8,-0.0009999999999998899,-13.665,-8.764,4.901
IQ-oTPA,toluene,stda,2.701,459.1,0.0027,2.706,458.1,-0.004999999999999893,-13.536,-8.884,4.651999999999999
IQ-oTPA,toluene,stddft,2.7,459.2,0.0025,2.706,458.3,-0.005999999999999783,-13.536,-8.884,4.651999999999999
ImPy-1,gas,stda,3.295,376.3,0.3172,2.661,465.9,0.6339999999999999,-13.764,-7.235,6.528999999999999
ImPy-1,gas,stddft,3.202,387.2,0.2507,2.625,472.3,0.577,-13.764,-7.235,6.528999999999999
ImPy-1,toluene,stda,3.295,376.3,0.3136,2.665,465.2,0.6299999999999999,-13.679,-7.197,6.482
ImPy-1,toluene,stddft,3.203,387.1,0.2478,2.63,471.5,0.573,-13.679,-7.197,6.482
ImPy-2,gas,stda,3.282,377.8,0.3139,2.652,467.5,0.6299999999999999,-13.673,-7.048,6.625
ImPy-2,gas,stddft,3.193,388.3,0.2488,2.616,473.9,0.577,-13.673,-7.048,6.625
ImPy-2,toluene,stda,3.276,378.5,0.307,2.656,466.8,0.6199999999999997,-13.612,-7.04,6.572
ImPy-2,toluene,stddft,3.187,389.0,0.2425,2.621,473.1,0.5659999999999998,-13.612,-7.04,6.572
ImPy-3,gas,stda,3.199,387.5,0.8681,2.546,487.0,0.653,-13.702,-7.831,5.8709999999999996
ImPy-3,gas,stddft,3.134,395.6,0.689,2.489,498.2,0.645,-13.702,-7.831,5.8709999999999996
ImPy-3,toluene,stda,3.162,392.1,0.8639,2.534,489.4,0.6280000000000001,-13.619,-7.818,5.801
ImPy-3,toluene,stddft,3.102,399.6,0.7082,2.478,500.3,0.6239999999999997,-13.619,-7.818,5.801
InDM,gas,stda,3.999,310.0,0.0535,3.371,367.8,0.6280000000000001,-13.725,-6.516,7.209
InDM,gas,stddft,3.916,316.6,0.0461,3.351,370.0,0.565,-13.725,-6.516,7.209
InDM,toluene,stda,4.048,306.3,0.0365,3.378,367.0,0.6699999999999999,-13.551,-6.487,7.064
InDM,toluene,stddft,3.966,312.6,0.0471,3.358,369.3,0.6080000000000001,-13.551,-6.487,7.064
IpCm-PhBzAc,gas,stda,3.781,327.9,1.0878,3.122,397.1,0.6590000000000003,-13.47,-7.358,6.112000000000001
IpCm-PhBzAc,gas,stddft,3.719,333.4,0.9038,3.09,401.2,0.629,-13.47,-7.358,6.112000000000001
IpCm-PhBzAc,toluene,stda,3.732,332.2,0.9657,3.073,403.5,0.6590000000000003,-13.43,-7.394,6.036
IpCm-PhBzAc,toluene,stddft,3.67,337.8,0.9083,3.041,407.7,0.629,-13.43,-7.394,6.036
LEt,gas,stda,5.014,247.3,0.0035,4.824,257.0,0.1900000000000004,-14.946,-6.023,8.923
LEt,gas,stddft,4.987,248.6,0.0031,4.795,258.6,0.19200000000000017,-14.946,-6.023,8.923
LEt,toluene,stda,5.02,247.0,0.0031,4.856,255.3,0.1639999999999997,-14.835,-5.954,8.881
LEt,toluene,stddft,4.993,248.3,0.0029,4.826,256.9,0.1670000000000007,-14.835,-5.954,8.881
LiPr,gas,stda,4.979,249.0,0.0012,4.796,258.5,0.18299999999999983,-14.985,-6.03,8.954999999999998
LiPr,gas,stddft,4.952,250.4,0.0012,4.766,260.1,0.18599999999999994,-14.985,-6.03,8.954999999999998
LiPr,toluene,stda,4.994,248.3,0.0033,4.822,257.1,0.1719999999999997,-14.915,-5.971,8.943999999999999
LiPr,toluene,stddft,4.966,249.6,0.0032,4.793,258.7,0.17300000000000004,-14.915,-5.971,8.943999999999999
MBF,gas,stda,2.773,447.1,0.8425,2.475,500.9,0.29800000000000004,-13.328,-8.398,4.93
MBF,gas,stddft,2.75,450.8,0.7586,2.452,505.6,0.29800000000000004,-13.328,-8.398,4.93
MBF,toluene,stda,2.624,472.6,0.8568,2.307,537.5,0.31700000000000017,-13.199,-8.471,4.728
MBF,toluene,stddft,2.598,477.3,0.7576,2.294,540.6,0.3039999999999998,-13.199,-8.471,4.728
MCZ-P2-DTM,gas,stda,3.68,336.9,1.0725,3.268,379.4,0.41200000000000037,-14.135,-7.755,6.38
MCZ-P2-DTM,gas,stddft,3.641,340.5,0.9363,3.248,381.7,0.3929999999999998,-14.135,-7.755,6.38
MCZ-P2-DTM,toluene,stda,3.642,340.4,1.1305,3.226,384.3,0.4159999999999999,-14.132,-7.805,6.327
MCZ-P2-DTM,toluene,stddft,3.606,343.9,0.9966,3.206,386.7,0.3999999999999999,-14.132,-7.805,6.327
MDP3FL,gas,stda,3.711,334.1,3.5536,3.284,377.5,0.42700000000000005,-13.56,-7.364,6.196000000000001
MDP3FL,gas,stddft,3.693,335.7,3.2873,3.257,380.6,0.43599999999999994,-13.56,-7.364,6.196000000000001
MDP3FL,toluene,stda,3.707,334.5,4.064,3.285,377.5,0.4219999999999997,-13.447,-7.269,6.177999999999999
MDP3FL,toluene,stddft,3.689,336.0,3.7658,3.258,380.6,0.43100000000000005,-13.447,-7.269,6.177999999999999
MOF,gas,stda,4.703,263.6,0.0246,4.237,292.6,0.4660000000000002,-14.814,-6.466,8.347999999999999
MOF,gas,stddft,4.657,266.2,0.0242,4.207,294.7,0.4500000000000002,-14.814,-6.466,8.347999999999999
MOF,toluene,stda,4.828,256.8,0.0382,4.313,287.5,0.5150000000000006,-15.264,-6.611,8.652999999999999
MOF,toluene,stddft,4.785,259.1,0.0361,4.287,289.2,0.4980000000000002,-15.264,-6.611,8.652999999999999
MPA,gas,stda,3.11,398.7,0.0163,2.749,451.0,0.36099999999999977,-13.142,-7.662,5.4799999999999995
MPA,gas,stddft,3.072,403.6,0.0138,2.718,456.2,0.3540000000000001,-13.142,-7.662,5.4799999999999995
MPA,toluene,stda,3.114,398.2,0.0174,2.752,450.5,0.3620000000000001,-13.14,-7.726,5.414000000000001
MPA,toluene,stddft,3.075,403.2,0.0143,2.721,455.7,0.3540000000000001,-13.14,-7.726,5.414000000000001
MPAc,gas,stda,4.266,290.7,0.0935,3.737,331.8,0.5289999999999999,-13.768,-5.786,7.982000000000001
MPAc,gas,stddft,4.202,295.0,0.0791,3.706,334.5,0.496,-13.768,-5.786,7.982000000000001
MPAc,toluene,stda,4.251,291.6,0.0893,3.762,329.6,0.4890000000000003,-13.779,-5.835,7.944
MPAc,toluene,stddft,4.186,296.2,0.0753,3.744,331.1,0.4419999999999997,-13.779,-5.835,7.944
MPPA,gas,stda,2.806,441.8,0.0195,2.449,506.3,0.3570000000000002,-13.35,-8.929,4.420999999999999
MPPA,gas,stddft,2.777,446.5,0.0158,2.434,509.3,0.34299999999999997,-13.35,-8.929,4.420999999999999
MPPA,toluene,stda,2.617,473.8,0.145,2.229,556.2,0.3879999999999999,-13.305,-9.052,4.253
MPPA,toluene,stddft,2.582,480.2,0.108,2.214,560.1,0.3679999999999999,-13.305,-9.052,4.253
Me-DMAC,gas,stda,3.598,344.6,0.1839,3.427,361.8,0.17099999999999982,-13.571,-7.771,5.8
Me-DMAC,gas,stddft,3.589,345.5,0.173,3.395,365.2,0.19399999999999995,-13.571,-7.771,5.8
Me-DMAC,toluene,stda,3.616,342.9,0.1429,3.396,365.1,0.2200000000000002,-13.505,-7.813,5.692000000000001
Me-DMAC,toluene,stddft,3.609,343.5,0.1351,3.364,368.6,0.2450000000000001,-13.505,-7.813,5.692000000000001
Me-DOC,gas,stda,3.522,352.1,0.5253,2.959,419.1,0.5629999999999997,-13.703,-7.699,6.004
Me-DOC,gas,stddft,3.423,362.2,0.3683,2.932,422.9,0.4910000000000001,-13.703,-7.699,6.004
Me-DOC,toluene,stda,3.518,352.4,0.4467,2.941,421.6,0.577,-13.709,-7.789,5.92
Me-DOC,toluene,stddft,3.414,363.2,0.3151,2.913,425.6,0.5010000000000003,-13.709,-7.789,5.92
Me-MOC,gas,stda,3.648,339.8,0.4149,3.135,395.5,0.5130000000000003,-13.917,-7.721,6.196
Me-MOC,gas,stddft,3.563,347.9,0.3081,3.11,398.7,0.4530000000000003,-13.917,-7.721,6.196
Me-MOC,toluene,stda,3.639,340.7,0.3609,3.118,397.7,0.5209999999999999,-13.915,-7.795,6.119999999999999
Me-MOC,toluene,stddft,3.55,349.2,0.2693,3.092,400.9,0.45799999999999974,-13.915,-7.795,6.119999999999999
Me2ACBO,gas,stda,3.412,363.4,0.4683,2.981,415.9,0.43100000000000005,-13.512,-7.8,5.712000000000001
Me2ACBO,gas,stddft,3.375,367.4,0.4261,2.959,419.0,0.4159999999999999,-13.512,-7.8,5.712000000000001
Me2ACBO,toluene,stda,3.528,351.4,0.1893,3.11,398.6,0.41800000000000015,-13.471,-7.734,5.737
Me2ACBO,toluene,stddft,3.508,353.4,0.1997,3.091,401.1,0.4169999999999998,-13.471,-7.734,5.737
MeCZ-TRZ,gas,stda,3.937,314.9,0.5121,3.501,354.1,0.43599999999999994,-14.188,-7.707,6.481000000000001
MeCZ-TRZ,gas,stddft,3.885,319.1,0.3426,3.479,356.4,0.4059999999999997,-14.188,-7.707,6.481000000000001
MeCZ-TRZ,toluene,stda,3.957,313.4,0.6052,3.509,353.4,0.44799999999999995,-14.103,-7.587,6.516
MeCZ-TRZ,toluene,stddft,3.907,317.3,0.4847,3.486,355.6,0.4209999999999998,-14.103,-7.587,6.516
MeOCzPCN,gas,stda,3.502,354.0,0.5418,2.898,427.8,0.6039999999999996,-13.966,-7.359,6.606999999999999
MeOCzPCN,gas,stddft,3.447,359.7,0.3451,2.876,431.2,0.5710000000000002,-13.966,-7.359,6.606999999999999
MeOCzPCN,toluene,stda,3.451,359.3,0.0226,2.823,439.2,0.6280000000000001,-14.017,-7.509,6.507999999999999
MeOCzPCN,toluene,stddft,3.388,365.9,0.0184,2.8,442.7,0.5880000000000001,-14.017,-7.509,6.507999999999999
N-B,gas,stda,4.094,302.8,0.1839,3.838,323.1,0.2560000000000002,-15.402,-7.781,7.6209999999999996
N-B,gas,stddft,4.081,303.8,0.1677,3.822,324.4,0.25900000000000034,-15.402,-7.781,7.6209999999999996
N-B,toluene,stda,4.207,294.7,0.1722,3.965,312.7,0.242,-15.396,-7.722,7.674
N-B,toluene,stddft,4.195,295.6,0.1585,3.949,313.9,0.24600000000000044,-15.396,-7.722,7.674
N-BPyIA,gas,stda,3.187,389.0,0.733,2.251,550.9,0.9359999999999999,-14.163,-8.183,5.98
N-BPyIA,gas,stddft,3.022,410.2,0.5195,2.181,568.5,0.8409999999999997,-14.163,-8.183,5.98
N-BPyIA,toluene,stda,3.212,386.0,0.7437,2.254,550.0,0.9580000000000002,-14.097,-7.881,6.215999999999999
N-BPyIA,toluene,stddft,3.044,407.4,0.5127,2.184,567.8,0.8599999999999999,-14.097,-7.881,6.215999999999999
NA-TNA,gas,stda,3.141,394.7,2.1993,2.477,500.5,0.6640000000000001,-13.772,-8.642,5.130000000000001
NA-TNA,gas,stddft,3.09,401.2,1.9267,2.425,511.3,0.665,-13.772,-8.642,5.130000000000001
NA-TNA,toluene,stda,3.006,412.5,2.3925,2.336,530.7,0.6699999999999999,-13.588,-8.705,4.882999999999999
NA-TNA,toluene,stddft,2.952,420.0,2.0828,2.283,543.2,0.669,-13.588,-8.705,4.882999999999999
NAI–BiFA,gas,stda,2.61,475.0,0.7525,2.058,602.5,0.552,-13.938,-8.323,5.615
NAI–BiFA,gas,stddft,2.546,486.9,0.6352,2.023,612.8,0.5229999999999997,-13.938,-8.323,5.615
NAI–BiFA,toluene,stda,2.545,487.1,0.7547,1.926,643.7,0.619,-13.806,-8.272,5.533999999999999
NAI–BiFA,toluene,stddft,2.468,502.4,0.6167,1.885,657.7,0.583,-13.806,-8.272,5.533999999999999
NAI–PhBiFA,gas,stda,3.299,375.9,1.3782,2.738,452.8,0.5609999999999999,-13.772,-8.488,5.284000000000001
NAI–PhBiFA,gas,stddft,3.266,379.6,1.263,2.696,459.9,0.5699999999999998,-13.772,-8.488,5.284000000000001
NAI–PhBiFA,toluene,stda,3.064,404.6,1.2389,2.589,479.0,0.4750000000000001,-13.545,-8.51,5.035
NAI–PhBiFA,toluene,stddft,3.033,408.8,1.1369,2.551,486.0,0.48199999999999976,-13.545,-8.51,5.035
"NAP-1,5-DPA",gas,stda,2.921,424.4,0.5863,2.453,505.4,0.46799999999999997,-13.042,-6.854,6.188
"NAP-1,5-DPA",gas,stddft,2.874,431.4,0.5023,2.418,512.8,0.45599999999999996,-13.042,-6.854,6.188
"NAP-1,5-DPA",toluene,stda,2.93,423.2,0.594,2.463,503.4,0.4670000000000001,-12.986,-6.779,6.207000000000001
"NAP-1,5-DPA",toluene,stddft,2.883,430.1,0.5091,2.427,510.8,0.45599999999999996,-12.986,-6.779,6.207000000000001
NAQ3,gas,stda,2.539,488.4,0.4894,2.138,579.8,0.40100000000000025,-14.384,-9.102,5.282
NAQ3,gas,stddft,2.498,496.3,0.423,2.117,585.6,0.3810000000000002,-14.384,-9.102,5.282
NAQ3,toluene,stda,2.516,492.7,0.4704,2.118,585.3,0.39800000000000013,-14.413,-9.155,5.258000000000001
NAQ3,toluene,stddft,2.476,500.8,0.4044,2.097,591.3,0.379,-14.413,-9.155,5.258000000000001
NDN,gas,stda,3.837,323.2,0.0479,3.445,359.9,0.39200000000000035,-14.085,-6.883,7.202000000000001
NDN,gas,stddft,3.771,328.8,0.0377,3.427,361.8,0.34399999999999986,-14.085,-6.883,7.202000000000001
NDN,toluene,stda,3.829,323.8,0.0345,3.429,361.6,0.40000000000000036,-14.083,-6.848,7.235
NDN,toluene,stddft,3.763,329.4,0.0259,3.409,363.7,0.3540000000000001,-14.083,-6.848,7.235
NIDPA-1,gas,stda,2.935,422.4,0.1953,2.452,505.6,0.4830000000000001,-13.455,-7.597,5.858
NIDPA-1,gas,stddft,2.863,433.0,0.1535,2.422,512.0,0.44099999999999984,-13.455,-7.597,5.858
NIDPA-1,toluene,stda,2.932,422.9,0.1948,2.443,507.5,0.4889999999999999,-13.331,-7.472,5.858999999999999
NIDPA-1,toluene,stddft,2.859,433.7,0.1535,2.412,513.9,0.44700000000000006,-13.331,-7.472,5.858999999999999
NIDPA-2,gas,stda,3.01,411.9,0.3584,2.584,479.8,0.4259999999999997,-13.399,-7.562,5.836999999999999
NIDPA-2,gas,stddft,2.941,421.5,0.2932,2.564,483.6,0.3769999999999998,-13.399,-7.562,5.836999999999999
NIDPA-2,toluene,stda,3.014,411.3,0.3726,2.58,480.6,0.4339999999999997,-13.267,-7.45,5.816999999999999
NIDPA-2,toluene,stddft,2.944,421.1,0.3033,2.559,484.5,0.3849999999999998,-13.267,-7.45,5.816999999999999
NPE-AcDPS,gas,stda,4.023,308.2,0.0914,3.421,362.4,0.6019999999999999,-13.6,-6.244,7.356
NPE-AcDPS,gas,stddft,3.98,311.5,0.0662,3.39,365.8,0.5899999999999999,-13.6,-6.244,7.356
NPE-AcDPS,toluene,stda,3.859,321.3,0.4285,3.402,364.5,0.45699999999999985,-13.411,-6.065,7.345999999999999
NPE-AcDPS,toluene,stddft,3.824,324.2,0.3455,3.37,367.9,0.45399999999999974,-13.411,-6.065,7.345999999999999
Na-DMAC,gas,stda,3.564,347.8,0.1411,3.117,397.8,0.44700000000000006,-13.551,-8.219,5.332000000000001
Na-DMAC,gas,stddft,3.561,348.2,0.1389,3.072,403.6,0.4889999999999999,-13.551,-8.219,5.332000000000001
Na-DMAC,toluene,stda,3.538,350.4,0.3098,3.102,399.7,0.43599999999999994,-13.522,-8.278,5.244
Na-DMAC,toluene,stddft,3.532,351.1,0.3,3.058,405.5,0.4740000000000002,-13.522,-8.278,5.244
NyDPAc,gas,stda,3.717,333.5,0.0347,3.356,369.4,0.3610000000000002,-13.651,-7.933,5.718
NyDPAc,gas,stddft,3.715,333.7,0.057,3.323,373.1,0.3919999999999999,-13.651,-7.933,5.718
NyDPAc,toluene,stda,3.695,335.5,0.0387,3.336,371.6,0.359,-13.655,-7.988,5.666999999999999
NyDPAc,toluene,stddft,3.693,335.7,0.0621,3.303,375.4,0.3900000000000001,-13.655,-7.988,5.666999999999999
NyDPO,gas,stda,3.179,390.1,1.0715,2.874,431.4,0.3049999999999997,-13.128,-8.076,5.052
NyDPO,gas,stddft,3.168,391.3,1.0171,2.843,436.0,0.3250000000000002,-13.128,-8.076,5.052
NyDPO,toluene,stda,3.227,384.2,0.9584,2.859,433.6,0.3679999999999999,-13.104,-8.006,5.097999999999999
NyDPO,toluene,stddft,3.21,386.2,0.0291,2.828,438.3,0.3820000000000001,-13.104,-8.006,5.097999999999999
OCzBN,gas,stda,3.65,339.7,0.603,3.16,392.4,0.48999999999999977,-13.937,-7.19,6.746999999999999
OCzBN,gas,stddft,3.589,345.4,0.4847,3.135,395.5,0.4540000000000002,-13.937,-7.19,6.746999999999999
OCzBN,toluene,stda,3.72,333.3,0.3414,3.123,397.1,0.597,-13.894,-7.148,6.746
OCzBN,toluene,stddft,3.672,337.6,0.2066,3.097,400.4,0.5750000000000002,-13.894,-7.148,6.746
OPDPO,gas,stda,2.804,442.2,0.0188,2.487,498.5,0.3169999999999997,-13.087,-7.67,5.417
OPDPO,gas,stddft,2.797,443.3,0.0173,2.447,506.6,0.3500000000000001,-13.087,-7.67,5.417
OPDPO,toluene,stda,2.23,556.1,0.0535,2.101,590.2,0.129,-12.819,-7.495,5.324000000000001
OPDPO,toluene,stddft,2.221,558.3,0.0488,2.099,590.8,0.12199999999999989,-12.819,-7.495,5.324000000000001
OXD-7,gas,stda,4.277,289.9,2.0079,3.492,355.1,0.7850000000000001,-15.378,-7.791,7.587
OXD-7,gas,stddft,4.239,292.5,1.7782,3.45,359.4,0.7889999999999997,-15.378,-7.791,7.587
OXD-7,toluene,stda,4.242,292.3,2.0634,3.41,363.5,0.8319999999999999,-15.454,-7.966,7.488
OXD-7,toluene,stddft,4.203,295.0,1.8307,3.367,368.2,0.8360000000000003,-15.454,-7.966,7.488
Oxd-bCZ,gas,stda,3.882,319.4,1.8672,3.456,358.8,0.42600000000000016,-14.24,-7.841,6.399
Oxd-bCZ,gas,stddft,3.835,323.3,1.3426,3.424,362.1,0.41100000000000003,-14.24,-7.841,6.399
Oxd-bCZ,toluene,stda,3.856,321.5,2.2101,3.379,367.0,0.47699999999999987,-14.143,-7.844,6.299
Oxd-bCZ,toluene,stddft,3.813,325.2,1.6381,3.345,370.7,0.46799999999999997,-14.143,-7.844,6.299
P3C,gas,stda,3.503,353.9,1.5378,2.596,477.6,0.907,-14.342,-8.145,6.197000000000001
P3C,gas,stddft,3.416,363.0,1.268,2.529,490.2,0.887,-14.342,-8.145,6.197000000000001
P3C,toluene,stda,3.496,354.6,1.1131,2.598,477.3,0.8980000000000001,-14.269,-8.071,6.198
P3C,toluene,stddft,3.411,363.5,0.953,2.532,489.8,0.879,-14.269,-8.071,6.198
P4CzCN–BCz,gas,stda,4.625,268.1,0.0015,3.758,329.9,0.867,-14.799,-6.855,7.943999999999999
P4CzCN–BCz,gas,stddft,4.6,269.6,0.0016,3.705,334.6,0.8949999999999996,-14.799,-6.855,7.943999999999999
P4CzCN–BCz,toluene,stda,4.623,268.2,0.0015,3.751,330.6,0.8720000000000003,-14.811,-6.833,7.978
P4CzCN–BCz,toluene,stddft,4.597,269.7,0.0016,3.698,335.3,0.8990000000000005,-14.811,-6.833,7.978
PAB,gas,stda,3.164,391.9,0.3898,2.712,457.1,0.45199999999999996,-13.524,-7.041,6.482999999999999
PAB,gas,stddft,3.089,401.4,0.3159,2.69,460.9,0.399,-13.524,-7.041,6.482999999999999
PAB,toluene,stda,3.138,395.1,0.3724,2.688,461.2,0.44999999999999973,-13.417,-6.964,6.452999999999999
PAB,toluene,stddft,3.064,404.7,0.301,2.666,465.0,0.39800000000000013,-13.417,-6.964,6.452999999999999
PABP,gas,stda,3.313,374.2,1.0488,2.251,550.9,1.0620000000000003,-14.244,-7.86,6.3839999999999995
PABP,gas,stddft,3.154,393.2,0.7238,2.182,568.3,0.972,-14.244,-7.86,6.3839999999999995
PABP,toluene,stda,3.201,387.4,0.9726,2.254,549.9,0.9470000000000001,-14.225,-7.833,6.3919999999999995
PABP,toluene,stddft,3.032,408.9,0.7012,2.185,567.4,0.847,-14.225,-7.833,6.3919999999999995
PBICT,gas,stda,3.519,352.3,0.3771,3.113,398.2,0.40600000000000014,-13.701,-7.295,6.406000000000001
PBICT,gas,stddft,3.463,358.0,0.3228,3.089,401.3,0.3740000000000001,-13.701,-7.295,6.406000000000001
PBICT,toluene,stda,3.589,345.4,0.53,3.092,401.0,0.4969999999999999,-13.622,-6.983,6.639
PBICT,toluene,stddft,3.528,351.4,0.4284,3.068,404.2,0.45999999999999996,-13.622,-6.983,6.639
PBTPA,gas,stda,3.038,408.0,1.3829,2.554,485.5,0.484,-13.222,-7.66,5.561999999999999
PBTPA,gas,stddft,3.004,412.7,1.2356,2.511,493.8,0.4929999999999999,-13.222,-7.66,5.561999999999999
PBTPA,toluene,stda,2.974,416.9,1.362,2.499,496.2,0.4750000000000001,-13.222,-7.777,5.444999999999999
PBTPA,toluene,stddft,2.938,422.0,1.2086,2.457,504.6,0.4810000000000003,-13.222,-7.777,5.444999999999999
PCBP,gas,stda,3.871,320.3,0.3973,3.414,363.2,0.45699999999999985,-14.235,-7.811,6.4239999999999995
PCBP,gas,stddft,3.804,325.9,0.3143,3.39,365.7,0.4139999999999997,-14.235,-7.811,6.4239999999999995
PCBP,toluene,stda,3.495,354.7,0.001,3.401,364.6,0.0940000000000003,-14.155,-7.808,6.3469999999999995
PCBP,toluene,stddft,3.494,354.9,0.0009,3.377,367.1,0.11700000000000044,-14.155,-7.808,6.3469999999999995
PCDMB,gas,stda,3.043,407.4,0.0154,2.681,462.4,0.3620000000000001,-13.011,-7.93,5.0809999999999995
PCDMB,gas,stddft,3.005,412.6,0.013,2.649,468.0,0.35599999999999987,-13.011,-7.93,5.0809999999999995
PCDMB,toluene,stda,3.031,409.1,0.0171,2.668,464.7,0.363,-13.01,-7.729,5.281
PCDMB,toluene,stddft,2.994,414.2,0.0145,2.636,470.3,0.3580000000000001,-13.01,-7.729,5.281
PCTXO,gas,stda,3.598,344.6,0.0004,3.263,379.9,0.33499999999999996,-13.92,-8.186,5.734
PCTXO,gas,stddft,3.597,344.7,0.0005,3.238,382.9,0.359,-13.92,-8.186,5.734
PCTXO,toluene,stda,3.602,344.2,0.0006,3.229,384.0,0.3729999999999998,-13.741,-8.236,5.504999999999999
PCTXO,toluene,stddft,3.601,344.3,0.0007,3.204,386.9,0.3969999999999998,-13.741,-8.236,5.504999999999999
PDA-DP,gas,stda,3.84,322.9,1.9016,3.297,376.1,0.5429999999999997,-13.641,-6.727,6.914
PDA-DP,gas,stddft,3.81,325.4,1.7042,3.268,379.3,0.5420000000000003,-13.641,-6.727,6.914
PDA-DP,toluene,stda,3.776,328.4,1.4518,3.26,380.4,0.516,-13.393,-6.65,6.743
PDA-DP,toluene,stddft,3.747,330.9,1.3554,3.233,383.5,0.5139999999999998,-13.393,-6.65,6.743
PFBP-2a,gas,stda,3.423,362.2,0.3056,3.159,392.5,0.26400000000000023,-13.784,-7.539,6.245000000000001
PFBP-2a,gas,stddft,3.406,364.0,0.2808,3.147,394.0,0.25900000000000034,-13.784,-7.539,6.245000000000001
PFBP-2a,toluene,stda,3.225,384.5,0.3451,2.931,422.9,0.29400000000000004,-13.648,-7.601,6.047
PFBP-2a,toluene,stddft,3.205,386.9,0.3132,2.919,424.7,0.28600000000000003,-13.648,-7.601,6.047
PFBP-2b,gas,stda,3.503,353.9,0.6351,3.222,384.8,0.28100000000000014,-13.723,-7.487,6.236000000000001
PFBP-2b,gas,stddft,3.494,354.8,0.6018,3.213,385.8,0.28100000000000014,-13.723,-7.487,6.236000000000001
PFBP-2b,toluene,stda,3.281,377.9,0.0,2.938,422.0,0.34299999999999997,-13.614,-7.586,6.0280000000000005
PFBP-2b,toluene,stddft,3.255,381.0,0.0,2.929,423.4,0.32600000000000007,-13.614,-7.586,6.0280000000000005
PIAnTPh,gas,stda,3.256,380.8,0.8617,2.238,554.0,1.0179999999999998,-14.241,-7.966,6.2749999999999995
PIAnTPh,gas,stddft,3.106,399.1,0.615,2.168,571.8,0.9379999999999997,-14.241,-7.966,6.2749999999999995
PIAnTPh,toluene,stda,3.252,381.3,0.8325,2.245,552.2,1.0069999999999997,-14.178,-7.872,6.306000000000001
PIAnTPh,toluene,stddft,3.102,399.8,0.5958,2.175,569.9,0.927,-14.178,-7.872,6.306000000000001
PICFOCz,gas,stda,3.816,324.9,0.1529,3.351,370.0,0.46499999999999986,-14.051,-7.021,7.03
PICFOCz,gas,stddft,3.743,331.2,0.0776,3.32,373.5,0.42300000000000004,-14.051,-7.021,7.03
PICFOCz,toluene,stda,3.783,327.7,0.2137,3.361,368.9,0.4219999999999997,-13.918,-6.888,7.029999999999999
PICFOCz,toluene,stddft,3.712,334.0,0.0956,3.33,372.3,0.3820000000000001,-13.918,-6.888,7.029999999999999
PICNAnCz,gas,stda,3.855,321.6,0.2342,3.428,361.6,0.42700000000000005,-14.514,-7.529,6.984999999999999
PICNAnCz,gas,stddft,3.812,325.3,0.2208,3.398,364.9,0.4139999999999997,-14.514,-7.529,6.984999999999999
PICNAnCz,toluene,stda,3.837,323.2,0.2144,3.437,360.8,0.40000000000000036,-14.389,-7.373,7.015999999999999
PICNAnCz,toluene,stddft,3.793,326.9,0.2019,3.406,364.0,0.387,-14.389,-7.373,7.015999999999999
PID-3,gas,stda,3.361,368.9,1.7688,2.481,499.7,0.8800000000000003,-13.697,-7.309,6.387999999999999
PID-3,gas,stddft,3.271,379.1,1.4124,2.422,511.9,0.8489999999999998,-13.697,-7.309,6.387999999999999
PID-3,toluene,stda,3.362,368.7,1.7615,2.487,498.5,0.875,-13.689,-7.298,6.391
PID-3,toluene,stddft,3.274,378.7,1.4142,2.427,510.8,0.847,-13.689,-7.298,6.391
PLQYs,gas,stda,3.336,371.6,0.0278,2.807,441.8,0.5289999999999999,-13.999,-7.916,6.083
PLQYs,gas,stddft,3.294,376.4,0.0237,2.735,453.3,0.5590000000000002,-13.999,-7.916,6.083
PLQYs,toluene,stda,3.334,371.9,0.0305,2.803,442.3,0.5310000000000001,-13.873,-7.781,6.092
PLQYs,toluene,stddft,3.29,376.9,0.026,2.732,453.9,0.5579999999999998,-13.873,-7.781,6.092
PO-ABN,gas,stda,3.202,387.2,0.6435,2.251,550.7,0.9510000000000001,-14.488,-8.137,6.350999999999999
PO-ABN,gas,stddft,3.044,407.3,0.4502,2.182,568.2,0.8620000000000001,-14.488,-8.137,6.350999999999999
PO-ABN,toluene,stda,3.203,387.1,0.6929,2.25,551.0,0.9529999999999998,-14.36,-7.994,6.366
PO-ABN,toluene,stddft,3.043,407.5,0.4717,2.18,568.8,0.863,-14.36,-7.994,6.366
PO-TPA,gas,stda,2.1,590.4,0.5823,1.499,827.3,0.601,-13.783,-9.611,4.171999999999999
PO-TPA,gas,stddft,2.021,613.6,0.4503,1.453,853.3,0.5679999999999998,-13.783,-9.611,4.171999999999999
PO-TPA,toluene,stda,1.984,624.8,0.8294,1.295,957.6,0.6890000000000001,-13.583,-9.611,3.9719999999999995
PO-TPA,toluene,stddft,1.874,661.6,0.6084,1.244,996.8,0.6300000000000001,-13.583,-9.611,3.9719999999999995
POBBPE,gas,stda,4.906,252.7,0.0193,4.463,277.8,0.4429999999999996,-14.875,-5.893,8.982
POBBPE,gas,stddft,4.858,255.2,0.018,4.444,279.0,0.4139999999999997,-14.875,-5.893,8.982
POBBPE,toluene,stda,4.796,258.5,0.023,4.415,280.8,0.3810000000000002,-14.814,-5.987,8.827
POBBPE,toluene,stddft,4.746,261.2,0.0205,4.396,282.1,0.35000000000000053,-14.814,-5.987,8.827
POZDBPHZ,gas,stda,3.041,407.8,0.4573,2.876,431.1,0.16500000000000004,-13.165,-8.357,4.808
POZDBPHZ,gas,stddft,3.029,409.4,0.4297,2.849,435.2,0.17999999999999972,-13.165,-8.357,4.808
POZDBPHZ,toluene,stda,3.076,403.1,0.4488,2.88,430.5,0.19600000000000017,-13.148,-8.304,4.843999999999999
POZDBPHZ,toluene,stddft,3.064,404.7,0.422,2.85,435.1,0.21399999999999997,-13.148,-8.304,4.843999999999999
PPI,gas,stda,3.807,325.6,0.2242,3.413,363.2,0.39400000000000013,-14.303,-6.942,7.361000000000001
PPI,gas,stddft,3.763,329.5,0.2089,3.383,366.5,0.3799999999999999,-14.303,-6.942,7.361000000000001
PPI,toluene,stda,3.784,327.6,0.1971,3.411,363.4,0.3729999999999998,-14.296,-6.925,7.3709999999999996
PPI,toluene,stddft,3.739,331.6,0.1836,3.381,366.7,0.3580000000000001,-14.296,-6.925,7.3709999999999996
PPI-An-NPIM,gas,stda,3.31,374.6,0.8741,2.283,543.0,1.0270000000000001,-14.258,-8.081,6.177
PPI-An-NPIM,gas,stddft,3.16,392.3,0.6196,2.216,559.4,0.944,-14.258,-8.081,6.177
PPI-An-NPIM,toluene,stda,3.318,373.6,0.8978,2.258,549.0,1.06,-14.136,-7.862,6.273999999999999
PPI-An-NPIM,toluene,stddft,3.171,391.0,0.648,2.189,566.3,0.9819999999999998,-14.136,-7.862,6.273999999999999
PPI-PIM-1,gas,stda,3.87,320.3,0.8539,3.445,359.9,0.42500000000000027,-14.221,-7.428,6.793
PPI-PIM-1,gas,stddft,3.833,323.5,0.7458,3.417,362.8,0.41600000000000037,-14.221,-7.428,6.793
PPI-PIM-1,toluene,stda,3.845,322.5,0.5621,3.454,359.0,0.391,-14.099,-7.239,6.86
PPI-PIM-1,toluene,stddft,3.807,325.7,0.4978,3.426,361.9,0.3809999999999998,-14.099,-7.239,6.86
PPI-PIM-2,gas,stda,3.846,322.4,0.7036,3.405,364.1,0.4410000000000003,-14.266,-7.464,6.802
PPI-PIM-2,gas,stddft,3.806,325.7,0.6238,3.378,367.1,0.42799999999999994,-14.266,-7.464,6.802
PPI-PIM-2,toluene,stda,3.829,323.8,0.4988,3.419,362.6,0.41000000000000014,-14.148,-7.207,6.941
PPI-PIM-2,toluene,stddft,3.789,327.2,0.4499,3.391,365.7,0.39800000000000013,-14.148,-7.207,6.941
PPINCN,gas,stda,3.404,364.3,0.1784,2.702,458.9,0.702,-14.31,-8.0,6.3100000000000005
PPINCN,gas,stddft,3.38,366.8,0.198,2.636,470.4,0.7439999999999998,-14.31,-8.0,6.3100000000000005
PPINCN,toluene,stda,3.597,344.7,0.8727,2.721,455.7,0.8759999999999999,-14.195,-7.97,6.2250000000000005
PPINCN,toluene,stddft,3.537,350.5,0.7968,2.655,467.0,0.8820000000000001,-14.195,-7.97,6.2250000000000005
PPINCN-Cz,gas,stda,3.727,332.7,1.1702,2.771,447.4,0.956,-14.118,-8.119,5.9990000000000006
PPINCN-Cz,gas,stddft,3.664,338.4,1.0617,2.706,458.2,0.9580000000000002,-14.118,-8.119,5.9990000000000006
PPINCN-Cz,toluene,stda,3.588,345.6,0.2477,2.798,443.1,0.79,-13.962,-7.88,6.082
PPINCN-Cz,toluene,stddft,3.565,347.8,0.286,2.735,453.3,0.8300000000000001,-13.962,-7.88,6.082
PPO21,gas,stda,3.827,323.9,0.2143,3.398,364.9,0.4289999999999998,-14.236,-6.648,7.588000000000001
PPO21,gas,stddft,3.754,330.2,0.1816,3.375,367.3,0.379,-14.236,-6.648,7.588000000000001
PPO21,toluene,stda,3.816,324.9,0.1879,3.389,365.9,0.42700000000000005,-14.24,-6.655,7.585
PPO21,toluene,stddft,3.744,331.2,0.1605,3.366,368.3,0.3780000000000001,-14.24,-6.655,7.585
PPZPPI,gas,stda,2.524,491.2,0.0001,2.287,542.2,0.2370000000000001,-12.421,-6.984,5.436999999999999
PPZPPI,gas,stddft,2.494,497.1,0.0001,2.256,549.6,0.23800000000000043,-12.421,-6.984,5.436999999999999
PPZPPI,toluene,stda,2.497,496.5,0.0001,2.264,547.7,0.2330000000000001,-12.251,-6.904,5.3469999999999995
PPZPPI,toluene,stddft,2.466,502.8,0.0001,2.233,555.2,0.2330000000000001,-12.251,-6.904,5.3469999999999995
PPZTPI,gas,stda,2.53,490.1,0.0001,2.292,540.9,0.238,-12.427,-6.951,5.476
PPZTPI,gas,stddft,2.501,495.7,0.0001,2.262,548.1,0.23899999999999988,-12.427,-6.951,5.476
PPZTPI,toluene,stda,2.494,497.2,0.0001,2.262,548.1,0.2320000000000002,-12.241,-6.89,5.351
PPZTPI,toluene,stddft,2.463,503.3,0.0001,2.232,555.5,0.23099999999999987,-12.241,-6.89,5.351
PS-BZ-DMAC,gas,stda,3.496,354.6,1.1504,2.753,450.4,0.7429999999999999,-14.043,-7.513,6.529999999999999
PS-BZ-DMAC,gas,stddft,3.419,362.7,0.98,2.718,456.2,0.7010000000000001,-14.043,-7.513,6.529999999999999
PS-BZ-DMAC,toluene,stda,3.389,365.8,1.1558,2.607,475.5,0.7819999999999996,-13.872,-7.578,6.294
PS-BZ-DMAC,toluene,stddft,3.304,375.2,0.9703,2.569,482.5,0.7349999999999999,-13.872,-7.578,6.294
PSBC,gas,stda,3.864,320.9,0.0044,3.482,356.1,0.3819999999999997,-14.082,-7.35,6.732000000000001
PSBC,gas,stddft,3.81,325.4,0.0257,3.46,358.4,0.3500000000000001,-14.082,-7.35,6.732000000000001
PSBC,toluene,stda,3.792,326.9,0.0164,3.414,363.2,0.37799999999999967,-13.791,-7.377,6.414000000000001
PSBC,toluene,stddft,3.744,331.2,0.0007,3.392,365.6,0.3520000000000003,-13.791,-7.377,6.414000000000001
PSPBP,gas,stda,3.224,384.6,0.0206,2.851,434.8,0.3730000000000002,-13.239,-6.774,6.465000000000001
PSPBP,gas,stddft,3.188,388.9,0.0172,2.821,439.5,0.367,-13.239,-6.774,6.465000000000001
PSPBP,toluene,stda,3.315,374.0,0.0149,2.93,423.2,0.3849999999999998,-13.172,-6.696,6.476000000000001
PSPBP,toluene,stddft,3.279,378.1,0.0114,2.899,427.7,0.3799999999999999,-13.172,-6.696,6.476000000000001
PSPCz,gas,stda,3.85,322.1,0.1884,3.399,364.7,0.45100000000000007,-14.315,-6.719,7.595999999999999
PSPCz,gas,stddft,3.777,328.3,0.1587,3.376,367.2,0.40100000000000025,-14.315,-6.719,7.595999999999999
PSPCz,toluene,stda,3.863,321.0,0.2183,3.412,363.4,0.45100000000000007,-14.223,-6.616,7.607000000000001
PSPCz,toluene,stddft,3.792,327.0,0.1846,3.389,365.8,0.403,-14.223,-6.616,7.607000000000001
PSPP,gas,stda,3.114,398.1,0.0146,2.75,450.8,0.3639999999999999,-13.259,-6.617,6.642
PSPP,gas,stddft,3.073,403.4,0.0123,2.718,456.1,0.355,-13.259,-6.617,6.642
PSPP,toluene,stda,3.161,392.2,0.0135,2.792,444.1,0.3690000000000002,-13.208,-6.685,6.523000000000001
PSPP,toluene,stddft,3.12,397.3,0.0114,2.76,449.2,0.3600000000000003,-13.208,-6.685,6.523000000000001
PSPSF,gas,stda,4.436,279.5,1.2181,3.699,335.2,0.7370000000000001,-15.012,-7.231,7.781000000000001
PSPSF,gas,stddft,4.381,283.0,1.0836,3.662,338.6,0.7190000000000003,-15.012,-7.231,7.781000000000001
PSPSF,toluene,stda,4.419,280.6,1.1932,3.691,336.0,0.7279999999999998,-14.919,-7.187,7.732
PSPSF,toluene,stddft,4.366,284.0,1.0638,3.654,339.3,0.7119999999999997,-14.919,-7.187,7.732
PT-BZ-DMAC,gas,stda,3.51,353.3,0.1307,3.4,364.7,0.10999999999999988,-13.597,-7.732,5.864999999999999
PT-BZ-DMAC,gas,stddft,3.505,353.8,0.1255,3.368,368.2,0.137,-13.597,-7.732,5.864999999999999
PT-BZ-DMAC,toluene,stda,3.469,357.4,0.1303,3.384,366.4,0.08499999999999996,-13.504,-7.717,5.787
PT-BZ-DMAC,toluene,stddft,3.464,357.9,0.1248,3.36,369.0,0.10400000000000009,-13.504,-7.717,5.787
PTPC,gas,stda,3.864,320.9,0.4734,3.491,355.1,0.3729999999999998,-14.057,-7.273,6.784000000000001
PTPC,gas,stddft,3.827,324.0,0.4387,3.465,357.8,0.3620000000000001,-14.057,-7.273,6.784000000000001
PTPC,toluene,stda,3.832,323.6,0.3457,3.49,355.3,0.34199999999999964,-13.942,-7.156,6.7860000000000005
PTPC,toluene,stddft,3.794,326.8,0.3157,3.462,358.2,0.33199999999999985,-13.942,-7.156,6.7860000000000005
PTZ-2PTO,gas,stda,3.178,390.1,0.0328,2.833,437.6,0.34499999999999975,-13.119,-6.306,6.813
PTZ-2PTO,gas,stddft,3.138,395.1,0.0274,2.804,442.1,0.3340000000000001,-13.119,-6.306,6.813
PTZ-2PTO,toluene,stda,3.825,324.2,0.4611,3.433,361.2,0.39200000000000035,-13.629,-6.199,7.43
PTZ-2PTO,toluene,stddft,3.794,326.8,0.4076,3.405,364.2,0.38900000000000023,-13.629,-6.199,7.43
PTZ-DBTO2,gas,stda,3.505,353.7,0.0488,3.024,410.0,0.48099999999999987,-13.791,-7.091,6.7
PTZ-DBTO2,gas,stddft,3.438,360.7,0.0382,3.004,412.7,0.43400000000000016,-13.791,-7.091,6.7
PTZ-DBTO2,toluene,stda,3.375,367.4,0.0472,2.894,428.4,0.48099999999999987,-13.741,-7.238,6.502999999999999
PTZ-DBTO2,toluene,stddft,3.307,374.9,0.0365,2.875,431.3,0.43199999999999994,-13.741,-7.238,6.502999999999999
PTZ-DCPP,gas,stda,3.106,399.2,0.3827,2.579,480.7,0.5269999999999997,-13.806,-8.035,5.770999999999999
PTZ-DCPP,gas,stddft,3.052,406.2,0.357,2.552,485.8,0.5,-13.806,-8.035,5.770999999999999
PTZ-DCPP,toluene,stda,2.905,426.8,0.3254,2.353,527.0,0.5519999999999996,-13.663,-8.177,5.486000000000001
PTZ-DCPP,toluene,stddft,2.851,434.9,0.3169,2.321,534.2,0.5299999999999998,-13.663,-8.177,5.486000000000001
PTZ-NAI,gas,stda,2.135,580.7,0.0001,2.135,580.8,0.0,-13.245,-8.592,4.652999999999999
PTZ-NAI,gas,stddft,2.134,581.1,0.0001,2.133,581.2,0.0009999999999998899,-13.245,-8.592,4.652999999999999
PTZ-NAI,toluene,stda,2.028,611.5,0.1153,1.878,660.1,0.15000000000000013,-13.16,-8.549,4.611000000000001
PTZ-NAI,toluene,stddft,2.014,615.6,0.1047,1.87,662.9,0.14399999999999968,-13.16,-8.549,4.611000000000001
PTZ-mPYR,gas,stda,3.174,390.6,0.0624,2.807,441.8,0.367,-13.091,-7.526,5.5649999999999995
PTZ-mPYR,gas,stddft,3.135,395.5,0.0517,2.778,446.4,0.35699999999999976,-13.091,-7.526,5.5649999999999995
PTZ-mPYR,toluene,stda,3.157,392.8,0.0514,2.794,443.8,0.363,-13.042,-7.367,5.675
PTZ-mPYR,toluene,stddft,3.116,397.8,0.0435,2.765,448.5,0.351,-13.042,-7.367,5.675
PTZTPE-2,gas,stda,3.873,320.1,0.7007,3.07,403.8,0.8030000000000004,-14.577,-7.366,7.211
PTZTPE-2,gas,stddft,3.81,325.4,0.5793,3.033,408.8,0.7770000000000001,-14.577,-7.366,7.211
PTZTPE-2,toluene,stda,3.894,318.4,0.707,3.091,401.1,0.8029999999999999,-14.601,-7.371,7.23
PTZTPE-2,toluene,stddft,3.831,323.6,0.5858,3.055,405.9,0.7759999999999998,-14.601,-7.371,7.23
PTZ–TAZ,gas,stda,3.099,400.1,0.8605,2.817,440.2,0.28200000000000003,-13.212,-7.735,5.476999999999999
PTZ–TAZ,gas,stddft,3.087,401.6,0.8049,2.807,441.7,0.28000000000000025,-13.212,-7.735,5.476999999999999
PTZ–TAZ,toluene,stda,3.1,400.0,0.893,2.825,438.8,0.2749999999999999,-13.167,-7.712,5.455
PTZ–TAZ,toluene,stddft,3.088,401.5,0.8365,2.816,440.3,0.27200000000000024,-13.167,-7.712,5.455
PX-TRZ,gas,stda,4.174,297.1,0.0312,3.731,332.3,0.4430000000000005,-15.476,-8.287,7.189
PX-TRZ,gas,stddft,4.125,300.5,0.0135,3.7,335.1,0.4249999999999998,-15.476,-8.287,7.189
PX-TRZ,toluene,stda,4.176,296.9,0.068,3.704,334.8,0.472,-15.418,-8.32,7.097999999999999
PX-TRZ,toluene,stddft,4.134,299.9,0.0154,3.67,337.8,0.4640000000000004,-15.418,-8.32,7.097999999999999
PXZ-10-DPPZ,gas,stda,2.091,593.1,0.0911,1.919,646.0,0.17200000000000015,-13.086,-8.239,4.8469999999999995
PXZ-10-DPPZ,gas,stddft,2.073,598.0,0.079,1.909,649.5,0.16399999999999992,-13.086,-8.239,4.8469999999999995
PXZ-10-DPPZ,toluene,stda,2.188,566.7,0.086,2.033,609.7,0.15500000000000025,-13.157,-8.26,4.897
PXZ-10-DPPZ,toluene,stddft,2.173,570.6,0.0755,2.024,612.6,0.14900000000000002,-13.157,-8.26,4.897
PXZ-11-DPPZ,gas,stda,2.406,515.3,0.2596,2.175,570.1,0.23100000000000032,-13.154,-8.289,4.865
PXZ-11-DPPZ,gas,stddft,2.383,520.4,0.2294,2.163,573.3,0.2200000000000002,-13.154,-8.289,4.865
PXZ-11-DPPZ,toluene,stda,2.451,505.9,0.2495,2.227,556.7,0.2240000000000002,-13.204,-8.311,4.893000000000001
PXZ-11-DPPZ,toluene,stddft,2.428,510.6,0.2215,2.215,559.7,0.21300000000000008,-13.204,-8.311,4.893000000000001
PXZ-BOO,gas,stda,2.993,414.3,0.2545,2.713,456.9,0.2799999999999998,-13.219,-7.267,5.951999999999999
PXZ-BOO,gas,stddft,2.967,417.8,0.2216,2.702,458.8,0.2650000000000001,-13.219,-7.267,5.951999999999999
PXZ-BOO,toluene,stda,2.925,423.8,0.273,2.626,472.2,0.29899999999999993,-13.239,-7.358,5.881000000000001
PXZ-BOO,toluene,stddft,2.897,427.9,0.2356,2.614,474.3,0.2829999999999999,-13.239,-7.358,5.881000000000001
PXZ-NAI,gas,stda,1.927,643.6,0.194,1.667,743.7,0.26,-13.343,-8.527,4.816000000000001
PXZ-NAI,gas,stddft,1.899,653.0,0.1666,1.654,749.8,0.2450000000000001,-13.343,-8.527,4.816000000000001
PXZ-NAI,toluene,stda,1.834,676.0,0.223,1.525,813.0,0.30900000000000016,-13.252,-8.526,4.726000000000001
PXZ-NAI,toluene,stddft,1.798,689.5,0.1856,1.509,821.9,0.28900000000000015,-13.252,-8.526,4.726000000000001
PXZ-ND,gas,stda,2.982,415.8,0.8906,2.558,484.6,0.4240000000000004,-13.424,-7.346,6.077999999999999
PXZ-ND,gas,stddft,2.937,422.2,0.7587,2.534,489.2,0.403,-13.424,-7.346,6.077999999999999
PXZ-ND,toluene,stda,3.025,409.9,0.8827,2.592,478.4,0.43299999999999983,-13.423,-7.28,6.143
PXZ-ND,toluene,stddft,2.978,416.4,0.7509,2.568,482.9,0.41000000000000014,-13.423,-7.28,6.143
PXZ-OXD,gas,stda,3.111,398.6,0.4386,2.762,448.8,0.3490000000000002,-13.215,-7.656,5.559
PXZ-OXD,gas,stddft,3.085,401.9,0.0164,2.731,454.0,0.3540000000000001,-13.215,-7.656,5.559
PXZ-OXD,toluene,stda,3.096,400.5,0.4346,2.777,446.4,0.31899999999999995,-13.193,-7.703,5.489999999999999
PXZ-OXD,toluene,stddft,3.078,402.8,0.3938,2.746,451.5,0.33199999999999985,-13.193,-7.703,5.489999999999999
PXZ-PPO,gas,stda,3.547,349.5,0.6101,2.919,424.8,0.6280000000000001,-13.746,-6.969,6.777
PXZ-PPO,gas,stddft,3.485,355.7,0.5298,2.892,428.6,0.593,-13.746,-6.969,6.777
PXZ-PPO,toluene,stda,3.577,346.6,0.1438,2.901,427.4,0.6760000000000002,-13.821,-7.051,6.77
PXZ-PPO,toluene,stddft,3.522,352.0,0.5471,2.872,431.8,0.6499999999999999,-13.821,-7.051,6.77
PXZ-QL,gas,stda,3.139,395.0,0.3339,2.696,459.9,0.4429999999999996,-13.483,-7.245,6.238
PXZ-QL,gas,stddft,3.085,401.9,0.2769,2.676,463.3,0.4089999999999998,-13.483,-7.245,6.238
PXZ-QL,toluene,stda,3.173,390.7,0.3234,2.726,454.8,0.44700000000000006,-13.516,-7.222,6.294
PXZ-QL,toluene,stddft,3.118,397.6,0.2682,2.705,458.3,0.4129999999999998,-13.516,-7.222,6.294
PXZ2PTO,gas,stda,3.098,400.2,0.0147,2.734,453.5,0.3639999999999999,-13.163,-6.281,6.882000000000001
PXZ2PTO,gas,stddft,3.059,405.3,0.0124,2.702,458.8,0.3570000000000002,-13.163,-6.281,6.882000000000001
PXZ2PTO,toluene,stda,3.144,394.3,0.0115,2.78,446.0,0.3640000000000003,-13.137,-6.355,6.782
PXZ2PTO,toluene,stddft,3.106,399.2,0.0096,2.749,451.1,0.35699999999999976,-13.137,-6.355,6.782
PXZPDO,gas,stda,3.073,403.5,0.0172,2.708,457.9,0.36499999999999977,-13.073,-7.623,5.45
PXZPDO,gas,stddft,3.035,408.5,0.0147,2.676,463.3,0.359,-13.073,-7.623,5.45
PXZPDO,toluene,stda,3.119,397.5,0.0253,2.739,452.7,0.38000000000000034,-13.078,-7.544,5.534
PXZPDO,toluene,stddft,3.082,402.2,0.022,2.708,457.9,0.37399999999999967,-13.078,-7.544,5.534
PY-TPA,gas,stda,3.253,381.1,0.0582,2.934,422.6,0.31899999999999995,-13.666,-8.802,4.864000000000001
PY-TPA,gas,stddft,3.248,381.7,0.1848,2.905,426.8,0.3430000000000004,-13.666,-8.802,4.864000000000001
PY-TPA,toluene,stda,3.177,390.3,0.8896,2.817,440.1,0.3599999999999999,-13.485,-8.737,4.747999999999999
PY-TPA,toluene,stddft,3.149,393.8,0.8158,2.791,444.3,0.3580000000000001,-13.485,-8.737,4.747999999999999
Pd-1,gas,stda,2.941,421.6,0.1748,2.616,473.9,0.32499999999999973,-13.893,-7.612,6.281000000000001
Pd-1,gas,stddft,2.92,424.6,0.1565,2.58,480.6,0.33999999999999986,-13.893,-7.612,6.281000000000001
Pd-1,toluene,stda,2.916,425.2,0.3357,2.501,495.7,0.41500000000000004,-13.783,-7.807,5.975999999999999
Pd-1,toluene,stddft,2.888,429.3,0.298,2.46,503.9,0.42799999999999994,-13.783,-7.807,5.975999999999999
Perylene,gas,stda,3.252,381.2,0.8646,2.154,575.7,1.0979999999999999,-14.138,-8.144,5.994
Perylene,gas,stddft,3.079,402.6,0.6017,2.081,595.7,0.9980000000000002,-14.138,-8.144,5.994
Perylene,toluene,stda,3.251,381.4,0.8641,2.155,575.2,1.096,-14.155,-8.159,5.995999999999999
Perylene,toluene,stddft,3.078,402.8,0.6016,2.083,595.1,0.9949999999999997,-14.155,-8.159,5.995999999999999
Ph-CF3,gas,stda,3.847,322.3,1.1704,3.392,365.5,0.45500000000000007,-13.65,-6.591,7.059
Ph-CF3,gas,stddft,3.801,326.2,0.9295,3.362,368.8,0.43900000000000006,-13.65,-6.591,7.059
Ph-CF3,toluene,stda,3.866,320.7,1.1506,3.403,364.3,0.4630000000000001,-13.551,-6.542,7.009
Ph-CF3,toluene,stddft,3.817,324.8,0.8872,3.373,367.5,0.44399999999999995,-13.551,-6.542,7.009
Ph-OBNA,gas,stda,3.467,357.6,0.1721,3.07,403.9,0.39700000000000024,-14.161,-7.58,6.5809999999999995
Ph-OBNA,gas,stddft,3.414,363.1,0.1453,3.051,406.4,0.363,-14.161,-7.58,6.5809999999999995
Ph-OBNA,toluene,stda,3.466,357.7,0.1677,3.073,403.4,0.39300000000000024,-14.181,-7.626,6.554999999999999
Ph-OBNA,toluene,stddft,3.414,363.1,0.1412,3.054,405.9,0.3600000000000003,-14.181,-7.626,6.554999999999999
PhCO-DMAC,gas,stda,3.474,356.9,0.1342,3.357,369.3,0.11699999999999999,-13.616,-7.788,5.827999999999999
PhCO-DMAC,gas,stddft,3.466,357.7,0.1266,3.35,370.1,0.1160000000000001,-13.616,-7.788,5.827999999999999
PhCO-DMAC,toluene,stda,3.416,362.9,0.04,3.319,373.6,0.09699999999999998,-13.514,-7.764,5.749999999999999
PhCO-DMAC,toluene,stddft,3.411,363.4,0.0498,3.312,374.4,0.0990000000000002,-13.514,-7.764,5.749999999999999
PhCz-Pyr,gas,stda,3.825,324.1,0.3683,3.408,363.8,0.41700000000000026,-14.126,-7.543,6.582999999999999
PhCz-Pyr,gas,stddft,3.768,329.1,0.3,3.387,366.1,0.3809999999999998,-14.126,-7.543,6.582999999999999
PhCz-Pyr,toluene,stda,3.815,325.0,0.3089,3.391,365.6,0.42399999999999993,-14.031,-7.472,6.559
PhCz-Pyr,toluene,stddft,3.756,330.1,0.251,3.369,368.0,0.38699999999999957,-14.031,-7.472,6.559
PhCzSPOTz,gas,stda,4.034,307.4,0.3972,3.617,342.8,0.4169999999999998,-14.779,-7.486,7.293
PhCzSPOTz,gas,stddft,3.976,311.8,0.3481,3.598,344.6,0.3780000000000001,-14.779,-7.486,7.293
PhCzSPOTz,toluene,stda,4.019,308.5,0.3841,3.609,343.6,0.41000000000000014,-14.808,-7.487,7.321
PhCzSPOTz,toluene,stddft,3.963,312.9,0.3396,3.589,345.4,0.3740000000000001,-14.808,-7.487,7.321
PhICz-Pyr,gas,stda,3.704,334.8,0.5284,3.308,374.8,0.39600000000000035,-14.388,-7.537,6.851
PhICz-Pyr,gas,stddft,3.649,339.8,0.456,3.289,376.9,0.3599999999999999,-14.388,-7.537,6.851
PhICz-Pyr,toluene,stda,3.632,341.3,0.4006,3.248,381.7,0.3839999999999999,-14.296,-7.483,6.813
PhICz-Pyr,toluene,stddft,3.574,346.9,0.3497,3.23,383.9,0.34399999999999986,-14.296,-7.483,6.813
PhPC,gas,stda,3.306,375.0,0.6103,2.259,548.9,1.0470000000000002,-14.148,-7.915,6.233
PhPC,gas,stddft,3.139,394.9,0.4277,2.187,567.0,0.952,-14.148,-7.915,6.233
PhPC,toluene,stda,3.308,374.8,0.6021,2.255,549.9,1.053,-14.089,-7.846,6.243
PhPC,toluene,stddft,3.141,394.7,0.4235,2.183,568.0,0.9580000000000002,-14.089,-7.846,6.243
PhQLPXZ,gas,stda,2.912,425.8,0.1919,2.718,456.1,0.19399999999999995,-13.098,-7.729,5.369000000000001
PhQLPXZ,gas,stddft,2.895,428.2,0.1742,2.694,460.2,0.20100000000000007,-13.098,-7.729,5.369000000000001
PhQLPXZ,toluene,stda,2.992,414.4,0.1707,2.726,454.9,0.266,-13.11,-7.673,5.436999999999999
PhQLPXZ,toluene,stddft,2.978,416.4,0.1561,2.695,460.1,0.28300000000000036,-13.11,-7.673,5.436999999999999
PmPmP,gas,stda,3.126,396.6,0.0153,2.765,448.4,0.36099999999999977,-13.208,-7.918,5.29
PmPmP,gas,stddft,3.087,401.6,0.013,2.734,453.5,0.3530000000000002,-13.208,-7.918,5.29
PmPmP,toluene,stda,3.124,396.9,0.0152,2.761,449.0,0.363,-13.134,-7.874,5.260000000000001
PmPmP,toluene,stddft,3.085,401.9,0.0128,2.73,454.1,0.355,-13.134,-7.874,5.260000000000001
PnB,gas,stda,3.536,350.6,0.7315,2.678,463.0,0.8580000000000001,-14.135,-7.871,6.263999999999999
PnB,gas,stddft,3.474,356.9,0.6544,2.612,474.6,0.8620000000000001,-14.135,-7.871,6.263999999999999
PnB,toluene,stda,3.537,350.5,0.7045,2.685,461.8,0.8519999999999999,-14.048,-7.78,6.268
PnB,toluene,stddft,3.476,356.6,0.6358,2.62,473.3,0.8559999999999999,-14.048,-7.78,6.268
PrDPhAc,gas,stda,3.898,318.1,0.5722,3.242,382.4,0.6560000000000001,-13.716,-6.053,7.662999999999999
PrDPhAc,gas,stddft,3.835,323.3,0.4757,3.213,385.8,0.6219999999999999,-13.716,-6.053,7.662999999999999
PrDPhAc,toluene,stda,3.786,327.5,0.6192,3.105,399.3,0.681,-13.412,-5.879,7.533000000000001
PrDPhAc,toluene,stddft,3.715,333.7,0.5094,3.075,403.3,0.6399999999999997,-13.412,-5.879,7.533000000000001
Pra-2DMAC,gas,stda,4.003,309.7,0.0859,3.397,365.0,0.6060000000000003,-13.568,-6.226,7.342
Pra-2DMAC,gas,stddft,3.949,314.0,0.1184,3.365,368.4,0.5839999999999996,-13.568,-6.226,7.342
Pra-2DMAC,toluene,stda,3.972,312.2,0.0223,3.369,368.1,0.6029999999999998,-13.419,-6.065,7.354
Pra-2DMAC,toluene,stddft,3.917,316.5,0.023,3.337,371.6,0.5799999999999996,-13.419,-6.065,7.354
PtB,gas,stda,3.486,355.6,1.0876,2.631,471.3,0.8550000000000004,-14.056,-7.841,6.214999999999999
PtB,gas,stddft,3.416,363.0,0.9302,2.566,483.2,0.8500000000000001,-14.056,-7.841,6.214999999999999
PtB,toluene,stda,3.522,352.0,0.716,2.676,463.2,0.8459999999999996,-14.039,-7.784,6.255
PtB,toluene,stddft,3.463,358.1,0.6422,2.611,474.9,0.8519999999999999,-14.039,-7.784,6.255
PtOEP,gas,stda,0.944,1312.8,0.0,0.163,7613.9,0.7809999999999999,-13.118,-8.896,4.2219999999999995
PtOEP,gas,stddft,0.601,2062.3,0.0,1.329,933.0,-0.728,-13.118,-8.896,4.2219999999999995
PtOEP,toluene,stda,0.991,1251.6,0.0,0.094,13237.6,0.897,-12.773,-8.591,4.182
PtOEP,toluene,stddft,0.569,2179.3,0.0,1.386,894.7,-0.817,-12.773,-8.591,4.182
Px2BP,gas,stda,2.913,425.7,0.1044,2.572,482.1,0.34099999999999975,-13.201,-7.868,5.333
Px2BP,gas,stddft,2.88,430.5,0.0862,2.561,484.1,0.31899999999999995,-13.201,-7.868,5.333
Px2BP,toluene,stda,2.953,419.8,0.0985,2.633,470.8,0.31999999999999984,-13.137,-7.779,5.3580000000000005
Px2BP,toluene,stddft,2.924,424.0,0.0824,2.623,472.7,0.3009999999999997,-13.137,-7.779,5.3580000000000005
PxCN,gas,stda,3.263,379.9,0.0038,2.88,430.4,0.383,-13.153,-7.781,5.372000000000001
PxCN,gas,stddft,3.228,384.0,0.0035,2.85,435.0,0.3780000000000001,-13.153,-7.781,5.372000000000001
PxCN,toluene,stda,3.237,383.0,0.0167,2.852,434.8,0.38500000000000023,-13.114,-7.697,5.417000000000001
PxCN,toluene,stddft,3.202,387.3,0.0139,2.821,439.5,0.3809999999999998,-13.114,-7.697,5.417000000000001
PxCYP,gas,stda,3.085,401.8,0.4411,2.751,450.7,0.3340000000000001,-13.123,-7.952,5.170999999999999
PxCYP,gas,stddft,3.067,404.3,0.3037,2.72,455.8,0.347,-13.123,-7.952,5.170999999999999
PxCYP,toluene,stda,3.119,397.5,0.0125,2.754,450.2,0.3650000000000002,-13.116,-7.829,5.287
PxCYP,toluene,stddft,3.083,402.2,0.0122,2.723,455.3,0.3600000000000003,-13.116,-7.829,5.287
PxPYM,gas,stda,3.125,396.8,0.715,2.855,434.3,0.27,-13.138,-7.749,5.389
PxPYM,gas,stddft,3.109,398.8,0.6504,2.824,439.0,0.28500000000000014,-13.138,-7.749,5.389
PxPYM,toluene,stda,3.127,396.5,0.5068,2.772,447.3,0.355,-13.092,-7.675,5.417000000000001
PxPYM,toluene,stddft,3.106,399.2,0.0152,2.741,452.4,0.36499999999999977,-13.092,-7.675,5.417000000000001
Py-TPA,gas,stda,3.211,386.1,0.042,2.863,433.0,0.34799999999999986,-13.722,-8.907,4.8149999999999995
Py-TPA,gas,stddft,3.207,386.6,0.1972,2.834,437.6,0.3729999999999998,-13.722,-8.907,4.8149999999999995
Py-TPA,toluene,stda,3.04,407.9,0.6366,2.704,458.6,0.33599999999999985,-13.59,-8.984,4.606
Py-TPA,toluene,stddft,3.012,411.6,0.5953,2.68,462.7,0.33199999999999985,-13.59,-8.984,4.606
PyDCN,gas,stda,4.46,278.0,0.5567,3.847,322.3,0.613,-15.839,-7.828,8.011
PyDCN,gas,stddft,4.42,280.5,0.5163,3.804,325.9,0.6160000000000001,-15.839,-7.828,8.011
PyDCN,toluene,stda,4.487,276.3,0.5733,3.856,321.5,0.6310000000000002,-15.707,-7.705,8.002
PyDCN,toluene,stddft,4.449,278.7,0.5315,3.814,325.1,0.6349999999999998,-15.707,-7.705,8.002
PyDCN–DMAC,gas,stda,3.771,328.8,0.0373,3.391,365.6,0.3799999999999999,-13.71,-7.89,5.820000000000001
PyDCN–DMAC,gas,stddft,3.767,329.1,0.0329,3.358,369.2,0.4089999999999998,-13.71,-7.89,5.820000000000001
PyDCN–DMAC,toluene,stda,3.859,321.2,0.0534,3.368,368.1,0.4910000000000001,-13.453,-7.713,5.739999999999999
PyDCN–DMAC,toluene,stddft,3.851,322.0,0.0355,3.336,371.6,0.5150000000000001,-13.453,-7.713,5.739999999999999
PyI,gas,stda,3.751,330.5,0.0155,2.852,434.7,0.899,-14.3,-7.515,6.785000000000001
PyI,gas,stddft,3.691,335.9,0.2585,2.79,444.4,0.9009999999999998,-14.3,-7.515,6.785000000000001
PyI,toluene,stda,3.748,330.8,0.0074,2.848,435.4,0.9000000000000004,-14.36,-7.578,6.781999999999999
PyI,toluene,stddft,3.691,335.9,0.2813,2.786,445.0,0.9049999999999998,-14.36,-7.578,6.781999999999999
PyIAnTPh,gas,stda,3.242,382.4,0.7805,2.28,543.7,0.9620000000000002,-14.096,-7.962,6.134
PyIAnTPh,gas,stddft,3.084,402.0,0.5467,2.212,560.6,0.8719999999999999,-14.096,-7.962,6.134
PyIAnTPh,toluene,stda,3.266,379.6,0.736,2.291,541.2,0.9750000000000001,-14.082,-7.856,6.226000000000001
PyIAnTPh,toluene,stddft,3.105,399.3,0.5126,2.221,558.2,0.8839999999999999,-14.082,-7.856,6.226000000000001
PzTDBA,gas,stda,3.653,339.4,0.0453,3.209,386.4,0.44399999999999995,-14.16,-7.343,6.817
PzTDBA,gas,stddft,3.601,344.3,0.0561,3.192,388.4,0.4089999999999998,-14.16,-7.343,6.817
PzTDBA,toluene,stda,2.562,483.9,0.0002,2.321,534.2,0.24099999999999966,-12.437,-7.692,4.744999999999999
PzTDBA,toluene,stddft,2.533,489.4,0.0001,2.291,541.2,0.242,-12.437,-7.692,4.744999999999999
P–Cu–C,gas,stda,4.956,250.2,0.0014,4.406,281.4,0.5500000000000007,-14.638,-6.583,8.055
P–Cu–C,gas,stddft,4.935,251.2,0.0012,4.368,283.8,0.5669999999999993,-14.638,-6.583,8.055
P–Cu–C,toluene,stda,4.939,251.0,0.0003,4.399,281.9,0.54,-14.516,-6.526,7.99
P–Cu–C,toluene,stddft,4.921,252.0,0.0005,4.362,284.2,0.5590000000000002,-14.516,-6.526,7.99
SABIQ,gas,stda,2.855,434.3,0.0013,2.407,515.2,0.44799999999999995,-13.551,-8.249,5.302
SABIQ,gas,stddft,2.854,434.5,0.0013,2.342,529.3,0.512,-13.551,-8.249,5.302
SABIQ,toluene,stda,2.846,435.7,0.0012,2.43,510.3,0.4159999999999999,-13.574,-8.357,5.2170000000000005
SABIQ,toluene,stddft,2.845,435.8,0.0012,2.365,524.3,0.48,-13.574,-8.357,5.2170000000000005
SAF-2CzB,gas,stda,3.878,319.7,1.2231,3.453,359.1,0.42500000000000027,-13.68,-7.329,6.351
SAF-2CzB,gas,stddft,3.828,323.9,0.9622,3.431,361.4,0.3969999999999998,-13.68,-7.329,6.351
SAF-2CzB,toluene,stda,3.853,321.8,0.9382,3.406,364.0,0.44700000000000006,-13.431,-7.116,6.3149999999999995
SAF-2CzB,toluene,stddft,3.796,326.6,0.7325,3.384,366.4,0.4119999999999999,-13.431,-7.116,6.3149999999999995
SAF-2NP,gas,stda,2.866,432.6,0.2239,2.672,464.0,0.19399999999999995,-13.735,-8.54,5.195
SAF-2NP,gas,stddft,2.85,435.1,0.2107,2.658,466.5,0.19200000000000017,-13.735,-8.54,5.195
SAF-2NP,toluene,stda,2.703,458.7,0.2209,2.524,491.2,0.17899999999999983,-13.647,-8.625,5.022
SAF-2NP,toluene,stddft,2.688,461.3,0.2077,2.513,493.4,0.17500000000000027,-13.647,-8.625,5.022
SAF-CzB,gas,stda,3.809,325.5,0.2766,3.412,363.4,0.39700000000000024,-13.639,-7.078,6.560999999999999
SAF-CzB,gas,stddft,3.745,331.0,0.2247,3.39,365.8,0.355,-13.639,-7.078,6.560999999999999
SAF-CzB,toluene,stda,3.792,327.0,0.2546,3.381,366.7,0.41100000000000003,-13.46,-6.972,6.488
SAF-CzB,toluene,stddft,3.725,332.8,0.2059,3.359,369.1,0.3660000000000001,-13.46,-6.972,6.488
SAFDPA,gas,stda,3.681,336.8,0.0627,3.32,373.5,0.3610000000000002,-13.578,-6.708,6.869999999999999
SAFDPA,gas,stddft,3.641,340.5,0.0524,3.3,375.7,0.3410000000000002,-13.578,-6.708,6.869999999999999
SAFDPA,toluene,stda,3.668,338.0,0.0579,3.31,374.6,0.3580000000000001,-13.444,-6.627,6.817000000000001
SAFDPA,toluene,stddft,3.626,341.9,0.0484,3.291,376.7,0.33499999999999996,-13.444,-6.627,6.817000000000001
SAIP,gas,stda,3.622,342.3,0.0059,3.409,363.7,0.21300000000000008,-13.557,-7.263,6.2940000000000005
SAIP,gas,stddft,3.62,342.5,0.0062,3.378,367.0,0.242,-13.557,-7.263,6.2940000000000005
SAIP,toluene,stda,3.566,347.6,0.0031,3.407,363.9,0.1589999999999998,-13.597,-7.409,6.188
SAIP,toluene,stddft,3.565,347.7,0.0032,3.377,367.2,0.18800000000000017,-13.597,-7.409,6.188
SBA,gas,stda,4.084,303.6,0.0682,3.466,357.7,0.6179999999999994,-13.63,-5.961,7.6690000000000005
SBA,gas,stddft,4.028,307.8,0.0577,3.433,361.1,0.5949999999999998,-13.63,-5.961,7.6690000000000005
SBA,toluene,stda,4.089,303.2,0.0612,3.459,358.4,0.6300000000000003,-13.697,-6.028,7.669
SBA,toluene,stddft,4.034,307.4,0.0514,3.427,361.8,0.6069999999999998,-13.697,-6.028,7.669
SBA-2DPS,gas,stda,4.069,304.7,0.0848,3.478,356.5,0.5909999999999997,-13.678,-6.39,7.288000000000001
SBA-2DPS,gas,stddft,4.03,307.6,0.061,3.448,359.6,0.5820000000000003,-13.678,-6.39,7.288000000000001
SBA-2DPS,toluene,stda,3.939,314.7,0.1153,3.448,359.6,0.4910000000000001,-13.38,-6.324,7.056000000000001
SBA-2DPS,toluene,stddft,3.931,315.4,0.0701,3.418,362.7,0.5129999999999999,-13.38,-6.324,7.056000000000001
SBDBQ-PXZ,gas,stda,2.679,462.8,0.2081,2.481,499.8,0.19799999999999995,-13.146,-7.935,5.211000000000001
SBDBQ-PXZ,gas,stddft,2.66,466.1,0.1898,2.47,501.9,0.18999999999999995,-13.146,-7.935,5.211000000000001
SBDBQ-PXZ,toluene,stda,2.702,458.9,0.1991,2.505,494.9,0.19700000000000006,-13.198,-7.957,5.2410000000000005
SBDBQ-PXZ,toluene,stddft,2.683,462.2,0.1816,2.495,497.0,0.18799999999999972,-13.198,-7.957,5.2410000000000005
SBF-AnCN,gas,stda,3.174,390.6,0.6935,2.242,553.1,0.9319999999999999,-14.379,-8.074,6.305
SBF-AnCN,gas,stddft,3.017,411.0,0.4977,2.173,570.6,0.8439999999999999,-14.379,-8.074,6.305
SBF-AnCN,toluene,stda,3.178,390.2,0.6836,2.248,551.5,0.9299999999999997,-14.266,-7.95,6.316
SBF-AnCN,toluene,stddft,3.022,410.3,0.4907,2.179,569.0,0.843,-14.266,-7.95,6.316
SBF-PXZ,gas,stda,3.25,381.5,0.0383,2.863,433.0,0.387,-13.047,-7.107,5.94
SBF-PXZ,gas,stddft,3.216,385.5,0.0229,2.833,437.6,0.383,-13.047,-7.107,5.94
SBF-PXZ,toluene,stda,3.23,383.9,0.0284,2.836,437.1,0.39400000000000013,-12.997,-6.904,6.093
SBF-PXZ,toluene,stddft,3.195,388.1,0.0241,2.806,441.8,0.3889999999999998,-12.997,-6.904,6.093
SBTF,gas,stda,3.558,348.4,1.4779,2.822,439.3,0.7359999999999998,-14.34,-7.723,6.617
SBTF,gas,stddft,3.486,355.7,1.2187,2.773,447.2,0.7130000000000001,-14.34,-7.723,6.617
SBTF,toluene,stda,3.57,347.3,1.4634,2.829,438.3,0.7409999999999997,-14.289,-7.667,6.622
SBTF,toluene,stddft,3.497,354.6,1.2059,2.779,446.1,0.718,-14.289,-7.667,6.622
SF-DPSO,gas,stda,4.494,275.9,2.0199,3.77,328.8,0.7239999999999998,-15.0,-7.242,7.758
SF-DPSO,gas,stddft,4.454,278.4,1.8374,3.737,331.8,0.7169999999999996,-15.0,-7.242,7.758
SF-DPSO,toluene,stda,4.499,275.6,2.1146,3.794,326.8,0.7049999999999996,-14.915,-7.209,7.7059999999999995
SF-DPSO,toluene,stddft,4.461,277.9,1.9359,3.761,329.7,0.7000000000000002,-14.915,-7.209,7.7059999999999995
SFAC-BP-SFAC,gas,stda,3.416,362.9,0.3127,3.29,376.9,0.1259999999999999,-13.698,-7.944,5.7540000000000004
SFAC-BP-SFAC,gas,stddft,3.41,363.6,0.3028,3.282,377.8,0.1280000000000001,-13.698,-7.944,5.7540000000000004
SFAC-BP-SFAC,toluene,stda,3.411,363.5,0.3468,3.263,380.0,0.14800000000000013,-13.519,-7.79,5.729
SFAC-BP-SFAC,toluene,stddft,3.405,364.1,0.3392,3.254,381.0,0.1509999999999998,-13.519,-7.79,5.729
SFCz,gas,stda,3.772,328.7,0.2134,3.431,361.3,0.34099999999999975,-14.23,-7.79,6.44
SFCz,gas,stddft,3.765,329.3,0.3302,3.407,363.9,0.3580000000000001,-14.23,-7.79,6.44
SFCz,toluene,stda,3.762,329.5,0.2169,3.42,362.5,0.3420000000000001,-14.163,-7.786,6.377000000000001
SFCz,toluene,stddft,3.756,330.1,0.3235,3.396,365.1,0.3599999999999999,-14.163,-7.786,6.377000000000001
SFI23pPM,gas,stda,3.809,325.5,0.3773,3.42,362.6,0.38900000000000023,-14.124,-7.452,6.672000000000001
SFI23pPM,gas,stddft,3.754,330.2,0.2985,3.397,364.9,0.3570000000000002,-14.124,-7.452,6.672000000000001
SFI23pPM,toluene,stda,3.821,324.5,0.278,3.418,362.7,0.403,-14.037,-7.357,6.680000000000001
SFI23pPM,toluene,stddft,3.765,329.3,0.2219,3.395,365.2,0.3700000000000001,-14.037,-7.357,6.680000000000001
SFI34pPM,gas,stda,3.75,330.6,0.3884,3.384,366.4,0.3660000000000001,-14.047,-7.479,6.5680000000000005
SFI34pPM,gas,stddft,3.694,335.7,0.311,3.362,368.8,0.33199999999999985,-14.047,-7.479,6.5680000000000005
SFI34pPM,toluene,stda,3.751,330.5,0.3399,3.385,366.2,0.3660000000000001,-13.976,-7.388,6.588000000000001
SFI34pPM,toluene,stddft,3.694,335.7,0.2751,3.364,368.6,0.33000000000000007,-13.976,-7.388,6.588000000000001
SFPC,gas,stda,3.257,380.7,0.0398,2.918,424.8,0.33899999999999997,-13.21,-7.021,6.189000000000001
SFPC,gas,stddft,3.22,385.1,0.0332,2.891,428.8,0.3290000000000002,-13.21,-7.021,6.189000000000001
SFPC,toluene,stda,3.82,324.6,0.4811,3.396,365.1,0.42399999999999993,-13.683,-6.622,7.061
SFPC,toluene,stddft,3.764,329.4,0.379,3.378,367.1,0.3859999999999997,-13.683,-6.622,7.061
SFX-bPy,gas,stda,4.067,304.8,0.5808,3.468,357.5,0.5990000000000002,-14.67,-7.476,7.194
SFX-bPy,gas,stddft,4.018,308.6,0.5258,3.425,362.0,0.593,-14.67,-7.476,7.194
SFX-bPy,toluene,stda,4.073,304.4,0.5407,3.466,357.7,0.6070000000000002,-14.7,-7.533,7.166999999999999
SFX-bPy,toluene,stddft,4.024,308.1,0.4935,3.421,362.4,0.6030000000000002,-14.7,-7.533,7.166999999999999
SIR-A,gas,stda,3.329,372.5,0.0,3.329,372.5,0.0,-13.491,-7.746,5.744999999999999
SIR-A,gas,stddft,3.328,372.5,0.0,3.328,372.6,0.0,-13.491,-7.746,5.744999999999999
SIR-A,toluene,stda,3.131,396.0,0.0001,3.131,396.0,0.0,-13.357,-7.82,5.536999999999999
SIR-A,toluene,stddft,3.13,396.1,0.0001,3.13,396.1,0.0,-13.357,-7.82,5.536999999999999
SIR-B,gas,stda,3.264,379.9,0.0009,3.253,381.2,0.010999999999999677,-13.504,-7.845,5.659
SIR-B,gas,stddft,3.263,380.0,0.0008,3.249,381.6,0.01399999999999979,-13.504,-7.845,5.659
SIR-B,toluene,stda,3.086,401.8,0.0005,3.083,402.1,0.0029999999999996696,-13.342,-7.877,5.465000000000001
SIR-B,toluene,stddft,3.085,401.9,0.0005,3.082,402.2,0.0030000000000001137,-13.342,-7.877,5.465000000000001
SIR-C,gas,stda,3.272,379.0,0.0029,3.258,380.5,0.01399999999999979,-13.46,-7.784,5.676000000000001
SIR-C,gas,stddft,3.27,379.1,0.0027,3.256,380.8,0.014000000000000234,-13.46,-7.784,5.676000000000001
SIR-C,toluene,stda,3.11,398.6,0.0008,3.111,398.6,-0.001000000000000334,-13.216,-7.717,5.499
SIR-C,toluene,stddft,3.11,398.7,0.0007,3.11,398.6,0.0,-13.216,-7.717,5.499
SPAC-FO,gas,stda,2.69,461.0,0.1317,2.469,502.1,0.22100000000000009,-13.719,-8.668,5.051
SPAC-FO,gas,stddft,2.671,464.2,0.1135,2.461,503.9,0.20999999999999996,-13.719,-8.668,5.051
SPAC-FO,toluene,stda,2.661,466.0,0.1367,2.436,508.9,0.2250000000000001,-13.51,-8.518,4.991999999999999
SPAC-FO,toluene,stddft,2.641,469.5,0.1182,2.427,510.9,0.21399999999999997,-13.51,-8.518,4.991999999999999
SPBAC-PH,gas,stda,3.378,367.1,0.2293,2.768,447.9,0.6100000000000003,-13.573,-6.875,6.698
SPBAC-PH,gas,stddft,3.296,376.2,0.1885,2.731,453.9,0.565,-13.573,-6.875,6.698
SPBAC-PH,toluene,stda,3.326,372.8,0.2576,2.712,457.1,0.6139999999999999,-13.488,-6.871,6.616999999999999
SPBAC-PH,toluene,stddft,3.242,382.5,0.2098,2.676,463.3,0.5659999999999998,-13.488,-6.871,6.616999999999999
SPBP-DPAC,gas,stda,3.396,365.0,0.8572,2.778,446.4,0.6179999999999999,-13.934,-7.506,6.427999999999999
SPBP-DPAC,gas,stddft,3.336,371.6,0.7278,2.747,451.3,0.589,-13.934,-7.506,6.427999999999999
SPBP-DPAC,toluene,stda,3.289,376.9,0.943,2.618,473.6,0.6710000000000003,-13.702,-7.503,6.199
SPBP-DPAC,toluene,stddft,3.22,385.1,0.787,2.584,479.8,0.6360000000000001,-13.702,-7.503,6.199
SPFS-PXZ,gas,stda,3.29,376.9,0.0135,2.905,426.8,0.38500000000000023,-13.193,-6.955,6.2379999999999995
SPFS-PXZ,gas,stddft,3.256,380.7,0.0112,2.875,431.2,0.3809999999999998,-13.193,-6.955,6.2379999999999995
SPFS-PXZ,toluene,stda,3.296,376.1,0.0119,2.911,425.9,0.3849999999999998,-13.11,-6.779,6.3309999999999995
SPFS-PXZ,toluene,stddft,3.262,380.1,0.0096,2.882,430.2,0.3799999999999999,-13.11,-6.779,6.3309999999999995
STAC-BP-STAC,gas,stda,3.412,363.4,0.3196,3.274,378.7,0.1379999999999999,-13.724,-7.971,5.753
STAC-BP-STAC,gas,stddft,3.406,364.0,0.3108,3.267,379.6,0.13900000000000023,-13.724,-7.971,5.753
STAC-BP-STAC,toluene,stda,3.413,363.3,0.3519,3.213,385.8,0.19999999999999973,-13.493,-7.744,5.7490000000000006
STAC-BP-STAC,toluene,stddft,3.405,364.1,0.3019,3.205,386.9,0.19999999999999973,-13.493,-7.744,5.7490000000000006
SXAC-BP-SXAC,gas,stda,3.418,362.7,0.3317,3.284,377.6,0.13400000000000034,-13.727,-7.964,5.763
SXAC-BP-SXAC,gas,stddft,3.412,363.3,0.3224,3.275,378.5,0.137,-13.727,-7.964,5.763
SXAC-BP-SXAC,toluene,stda,3.428,361.6,0.3443,3.278,378.2,0.1499999999999999,-13.527,-7.77,5.757
SXAC-BP-SXAC,toluene,stddft,3.423,362.3,0.3348,3.27,379.2,0.15300000000000002,-13.527,-7.77,5.757
SiCN2Cz,gas,stda,4.064,305.1,0.5644,3.651,339.6,0.41300000000000026,-14.751,-7.638,7.1129999999999995
SiCN2Cz,gas,stddft,4.022,308.3,0.475,3.631,341.4,0.39100000000000046,-14.751,-7.638,7.1129999999999995
SiCN2Cz,toluene,stda,4.077,304.1,0.5497,3.656,339.1,0.4209999999999998,-14.65,-7.589,7.061
SiCN2Cz,toluene,stddft,4.033,307.4,0.4604,3.637,340.9,0.39600000000000035,-14.65,-7.589,7.061
SiCz1Py3,gas,stda,3.822,324.4,0.2084,3.391,365.6,0.43100000000000005,-14.238,-6.969,7.268999999999999
SiCz1Py3,gas,stddft,3.752,330.4,0.1766,3.368,368.1,0.3839999999999999,-14.238,-6.969,7.268999999999999
SiCz1Py3,toluene,stda,3.807,325.7,0.1869,3.367,368.2,0.43999999999999995,-14.123,-6.854,7.268999999999999
SiCz1Py3,toluene,stddft,3.735,332.0,0.1584,3.343,370.8,0.3919999999999999,-14.123,-6.854,7.268999999999999
SiCz2Py2,gas,stda,3.835,323.3,0.2756,3.413,363.3,0.42200000000000015,-14.226,-6.979,7.247000000000001
SiCz2Py2,gas,stddft,3.77,328.9,0.2373,3.39,365.8,0.3799999999999999,-14.226,-6.979,7.247000000000001
SiCz2Py2,toluene,stda,3.833,323.5,0.263,3.39,365.7,0.44300000000000006,-14.116,-6.843,7.273
SiCz2Py2,toluene,stddft,3.765,329.3,0.225,3.367,368.2,0.39800000000000013,-14.116,-6.843,7.273
SiCz3Py1,gas,stda,3.844,322.5,0.2811,3.425,362.0,0.41900000000000004,-14.23,-6.979,7.251
SiCz3Py1,gas,stddft,3.781,327.9,0.2419,3.402,364.4,0.379,-14.23,-6.979,7.251
SiCz3Py1,toluene,stda,3.899,318.0,0.1901,3.416,363.0,0.4830000000000001,-14.099,-6.836,7.263
SiCz3Py1,toluene,stddft,3.831,323.6,0.1575,3.393,365.4,0.43800000000000017,-14.099,-6.836,7.263
SiTCNCz,gas,stda,4.036,307.2,0.4183,3.623,342.3,0.41299999999999937,-14.81,-7.826,6.984000000000001
SiTCNCz,gas,stddft,3.983,311.3,0.3618,3.604,344.0,0.379,-14.81,-7.826,6.984000000000001
SiTCNCz,toluene,stda,4.042,306.7,0.3962,3.63,341.5,0.4119999999999999,-14.727,-7.756,6.971
SiTCNCz,toluene,stddft,3.989,310.8,0.3443,3.612,343.2,0.3769999999999998,-14.727,-7.756,6.971
Spiro-CN,gas,stda,3.329,372.4,1.5371,2.9,427.5,0.42900000000000027,-13.385,-8.0,5.385
Spiro-CN,gas,stddft,3.305,375.1,1.3876,2.87,432.1,0.43500000000000005,-13.385,-8.0,5.385
Spiro-CN,toluene,stda,3.382,366.6,1.5802,2.941,421.5,0.4410000000000003,-13.149,-7.87,5.278999999999999
Spiro-CN,toluene,stddft,3.358,369.2,1.4605,2.91,426.0,0.44799999999999995,-13.149,-7.87,5.278999999999999
SpiroAC-TRZ,gas,stda,3.515,352.8,0.2067,3.398,364.9,0.11699999999999999,-13.635,-7.717,5.918
SpiroAC-TRZ,gas,stddft,3.507,353.6,0.1994,3.39,365.8,0.11699999999999999,-13.635,-7.717,5.918
SpiroAC-TRZ,toluene,stda,3.495,354.7,0.1741,3.396,365.1,0.0990000000000002,-13.549,-7.664,5.885
SpiroAC-TRZ,toluene,stddft,3.488,355.4,0.1688,3.386,366.2,0.10199999999999987,-13.549,-7.664,5.885
SpiroAc,gas,stda,4.088,303.3,0.0495,3.464,357.9,0.6240000000000001,-13.71,-6.726,6.984000000000001
SpiroAc,gas,stddft,4.018,308.6,0.0916,3.431,361.4,0.5869999999999997,-13.71,-6.726,6.984000000000001
SpiroAc,toluene,stda,4.09,303.2,0.1074,3.455,358.8,0.6349999999999998,-13.735,-6.763,6.9719999999999995
SpiroAc,toluene,stddft,4.014,308.8,0.0892,3.422,362.4,0.5920000000000001,-13.735,-6.763,6.9719999999999995
TAA-PPO,gas,stda,2.43,510.3,0.2909,1.914,647.7,0.5160000000000002,-13.488,-7.807,5.680999999999999
TAA-PPO,gas,stddft,2.374,522.2,0.2582,1.859,667.1,0.5150000000000001,-13.488,-7.807,5.680999999999999
TAA-PPO,toluene,stda,2.392,518.3,0.2766,1.894,654.6,0.498,-13.379,-7.733,5.646
TAA-PPO,toluene,stddft,2.338,530.3,0.2444,1.84,673.8,0.498,-13.379,-7.733,5.646
TABD-COOH,gas,stda,3.343,370.9,0.5648,2.629,471.6,0.714,-14.553,-7.826,6.727000000000001
TABD-COOH,gas,stddft,3.289,377.0,0.4725,2.585,479.7,0.7040000000000002,-14.553,-7.826,6.727000000000001
TABD-COOH,toluene,stda,3.346,370.5,0.5747,2.635,470.6,0.7110000000000003,-14.508,-7.802,6.7059999999999995
TABD-COOH,toluene,stddft,3.293,376.5,0.4826,2.591,478.6,0.702,-14.508,-7.802,6.7059999999999995
TATP-BP,gas,stda,3.642,340.5,0.1626,3.403,364.3,0.23899999999999988,-13.739,-7.769,5.970000000000001
TATP-BP,gas,stddft,3.619,342.6,0.1427,3.381,366.7,0.23800000000000043,-13.739,-7.769,5.970000000000001
TATP-BP,toluene,stda,3.68,337.0,0.1226,3.462,358.2,0.21799999999999997,-13.53,-7.555,5.975
TATP-BP,toluene,stddft,3.657,339.1,0.1103,3.431,361.4,0.22599999999999998,-13.53,-7.555,5.975
TAZ-PPI,gas,stda,3.845,322.5,0.5962,3.452,359.2,0.39300000000000024,-14.323,-7.379,6.944000000000001
TAZ-PPI,gas,stddft,3.807,325.7,0.5326,3.423,362.2,0.3839999999999999,-14.323,-7.379,6.944000000000001
TAZ-PPI,toluene,stda,3.817,324.8,0.5218,3.441,360.3,0.37600000000000033,-14.263,-7.283,6.9799999999999995
TAZ-PPI,toluene,stddft,3.777,328.3,0.4669,3.413,363.3,0.3640000000000003,-14.263,-7.283,6.9799999999999995
TBAc,gas,stda,3.866,320.7,0.028,3.094,400.7,0.7720000000000002,-13.456,-6.496,6.959999999999999
TBAc,gas,stddft,3.818,324.7,0.0235,3.043,407.4,0.7749999999999999,-13.456,-6.496,6.959999999999999
TBAc,toluene,stda,3.834,323.4,0.0232,3.098,400.2,0.7360000000000002,-13.08,-6.186,6.894
TBAc,toluene,stddft,3.779,328.1,0.0356,3.047,406.9,0.7319999999999998,-13.08,-6.186,6.894
TBN-TPA,gas,stda,3.145,394.3,0.4391,2.685,461.7,0.45999999999999996,-13.531,-7.076,6.455000000000001
TBN-TPA,gas,stddft,3.067,404.2,0.3542,2.663,465.7,0.40400000000000036,-13.531,-7.076,6.455000000000001
TBN-TPA,toluene,stda,3.13,396.2,0.4393,2.67,464.4,0.45999999999999996,-13.351,-6.916,6.4350000000000005
TBN-TPA,toluene,stddft,3.053,406.2,0.3542,2.647,468.4,0.40600000000000014,-13.351,-6.916,6.4350000000000005
TBPM2CN,gas,stda,3.745,331.1,0.9435,3.342,371.0,0.403,-13.771,-7.682,6.089
TBPM2CN,gas,stddft,3.713,333.9,0.8338,3.31,374.6,0.403,-13.771,-7.682,6.089
TBPM2CN,toluene,stda,3.737,331.8,0.8175,3.337,371.5,0.3999999999999999,-13.566,-7.563,6.003000000000001
TBPM2CN,toluene,stddft,3.704,334.7,0.7226,3.307,375.0,0.39700000000000024,-13.566,-7.563,6.003000000000001
TBPe,gas,stda,3.218,385.3,0.8779,2.215,559.7,1.0030000000000001,-13.973,-7.935,6.038000000000001
TBPe,gas,stddft,3.059,405.3,0.6176,2.149,577.0,0.9100000000000001,-13.973,-7.935,6.038000000000001
TBPe,toluene,stda,3.218,385.3,0.8715,2.213,560.2,1.005,-13.931,-7.895,6.036
TBPe,toluene,stddft,3.058,405.5,0.6112,2.147,577.6,0.911,-13.931,-7.895,6.036
TBRb,gas,stda,2.453,505.5,0.491,1.532,809.1,0.9209999999999998,-13.613,-8.237,5.3759999999999994
TBRb,gas,stddft,2.248,551.6,0.3137,1.444,858.7,0.8040000000000003,-13.613,-8.237,5.3759999999999994
TBRb,toluene,stda,2.448,506.4,0.4864,1.526,812.3,0.9219999999999999,-13.453,-8.08,5.372999999999999
TBRb,toluene,stddft,2.243,552.8,0.3098,1.438,862.5,0.8049999999999999,-13.453,-8.08,5.372999999999999
TBTAC,gas,stda,3.078,402.9,0.2741,2.405,515.5,0.673,-13.311,-7.11,6.201
TBTAC,gas,stddft,3.006,412.5,0.2518,2.354,526.7,0.6519999999999997,-13.311,-7.11,6.201
TBTAC,toluene,stda,3.121,397.3,0.2589,2.43,510.1,0.6909999999999998,-13.338,-7.085,6.252999999999999
TBTAC,toluene,stddft,3.048,406.8,0.2517,2.379,521.2,0.669,-13.338,-7.085,6.252999999999999
TCB,gas,stda,3.729,332.5,1.6588,3.336,371.6,0.39300000000000024,-13.592,-7.762,5.830000000000001
TCB,gas,stddft,3.701,335.0,1.445,3.311,374.5,0.3900000000000001,-13.592,-7.762,5.830000000000001
TCB,toluene,stda,3.685,336.5,0.0055,3.342,371.0,0.34299999999999997,-13.501,-7.744,5.757
TCB,toluene,stddft,3.68,336.9,0.2909,3.319,373.5,0.3610000000000002,-13.501,-7.744,5.757
TCP,gas,stda,3.937,314.9,0.3497,3.442,360.2,0.49499999999999966,-14.243,-6.701,7.542000000000001
TCP,gas,stddft,3.877,319.8,0.2917,3.418,362.8,0.45899999999999963,-14.243,-6.701,7.542000000000001
TCP,toluene,stda,3.925,315.9,0.325,3.419,362.6,0.5059999999999998,-14.099,-6.578,7.521
TCP,toluene,stddft,3.863,321.0,0.2736,3.395,365.2,0.46799999999999997,-14.099,-6.578,7.521
TCPZ,gas,stda,2.197,564.2,0.4144,1.477,839.6,0.72,-13.639,-7.805,5.834
TCPZ,gas,stddft,2.078,596.5,0.2997,1.42,872.9,0.6579999999999999,-13.639,-7.805,5.834
TCPZ,toluene,stda,2.054,603.6,0.3679,1.371,904.6,0.6829999999999998,-13.216,-7.481,5.734999999999999
TCPZ,toluene,stddft,1.939,639.5,0.2663,1.314,943.5,0.625,-13.216,-7.481,5.734999999999999
TCZ1,gas,stda,3.616,342.9,0.0592,3.149,393.7,0.4670000000000001,-13.773,-6.729,7.044
TCZ1,gas,stddft,3.542,350.1,0.0477,3.126,396.6,0.4159999999999999,-13.773,-6.729,7.044
TCZ1,toluene,stda,3.633,341.3,0.0486,3.157,392.7,0.476,-13.634,-6.524,7.11
TCZ1,toluene,stddft,3.556,348.6,0.0386,3.134,395.6,0.42200000000000015,-13.634,-6.524,7.11
TCbTrz,gas,stda,3.745,331.0,0.3806,3.367,368.2,0.3780000000000001,-14.298,-7.88,6.418
TCbTrz,gas,stddft,3.717,333.6,0.3476,3.347,370.4,0.3700000000000001,-14.298,-7.88,6.418
TCbTrz,toluene,stda,3.811,325.4,0.2882,3.315,374.0,0.496,-14.108,-7.67,6.438000000000001
TCbTrz,toluene,stddft,3.762,329.6,0.2461,3.291,376.7,0.4710000000000001,-14.108,-7.67,6.438000000000001
TCz-3PA-TCz,gas,stda,3.713,333.9,2.5642,3.242,382.4,0.4710000000000001,-13.985,-7.396,6.5889999999999995
TCz-3PA-TCz,gas,stddft,3.687,336.2,2.3507,3.211,386.1,0.476,-13.985,-7.396,6.5889999999999995
TCz-3PA-TCz,toluene,stda,3.657,339.0,2.4886,3.19,388.6,0.4670000000000001,-13.965,-7.457,6.508
TCz-3PA-TCz,toluene,stddft,3.631,341.5,2.2719,3.159,392.5,0.472,-13.965,-7.457,6.508
TCz1,gas,stda,3.624,342.1,0.056,3.156,392.8,0.46799999999999997,-13.781,-6.73,7.051
TCz1,gas,stddft,3.549,349.3,0.0449,3.133,395.7,0.4159999999999999,-13.781,-6.73,7.051
TCz1,toluene,stda,3.637,340.9,0.0467,3.163,392.0,0.4740000000000002,-13.631,-6.514,7.117
TCz1,toluene,stddft,3.562,348.1,0.0371,3.14,394.9,0.4219999999999997,-13.631,-6.514,7.117
TCzTrz,gas,stda,3.717,333.6,0.3528,3.409,363.7,0.3080000000000003,-14.045,-7.761,6.284
TCzTrz,gas,stddft,3.693,335.7,0.3184,3.39,365.7,0.30299999999999994,-14.045,-7.761,6.284
TCzTrz,toluene,stda,3.702,334.9,0.4086,3.368,368.2,0.3340000000000001,-13.763,-7.593,6.17
TCzTrz,toluene,stddft,3.675,337.4,0.36,3.347,370.4,0.32799999999999985,-13.763,-7.593,6.17
TDBA-DI,gas,stda,3.573,347.0,0.149,3.095,400.6,0.47799999999999976,-13.726,-7.682,6.0440000000000005
TDBA-DI,gas,stddft,3.503,353.9,0.2169,3.076,403.1,0.42700000000000005,-13.726,-7.682,6.0440000000000005
TDBA-DI,toluene,stda,3.569,347.4,0.031,3.103,399.6,0.46599999999999975,-13.646,-7.657,5.989000000000001
TDBA-DI,toluene,stddft,3.504,353.9,0.218,3.084,402.0,0.41999999999999993,-13.646,-7.657,5.989000000000001
TDBA-SBA,gas,stda,3.561,348.2,0.2821,3.069,404.0,0.492,-13.479,-7.735,5.743999999999999
TDBA-SBA,gas,stddft,3.485,355.7,0.2286,3.049,406.6,0.43599999999999994,-13.479,-7.735,5.743999999999999
TDBA-SBA,toluene,stda,3.561,348.2,0.279,3.075,403.2,0.48599999999999977,-13.384,-7.706,5.678
TDBA-SBA,toluene,stddft,3.487,355.6,0.227,3.055,405.8,0.43199999999999994,-13.384,-7.706,5.678
TDBA-TPDICz,gas,stda,3.198,387.6,0.391,2.697,459.8,0.5009999999999999,-13.508,-7.671,5.836999999999999
TDBA-TPDICz,gas,stddft,3.103,399.6,0.3087,2.67,464.4,0.4330000000000003,-13.508,-7.671,5.836999999999999
TDBA-TPDICz,toluene,stda,3.178,390.1,0.3837,2.675,463.5,0.5030000000000001,-13.393,-7.61,5.783
TDBA-TPDICz,toluene,stddft,3.082,402.3,0.302,2.648,468.3,0.4339999999999997,-13.393,-7.61,5.783
TDPA–TRZ,gas,stda,3.497,354.5,1.557,2.966,418.0,0.5309999999999997,-13.744,-7.348,6.396
TDPA–TRZ,gas,stddft,3.47,357.3,1.4361,2.938,422.0,0.532,-13.744,-7.348,6.396
TDPA–TRZ,toluene,stda,3.488,355.4,1.6169,2.942,421.4,0.5459999999999998,-13.701,-7.28,6.421
TDPA–TRZ,toluene,stddft,3.459,358.4,1.4857,2.913,425.6,0.5460000000000003,-13.701,-7.28,6.421
TFM-QP,gas,stda,3.331,372.3,0.0086,2.953,419.9,0.3780000000000001,-13.129,-8.236,4.892999999999999
TFM-QP,gas,stddft,3.297,376.0,0.0118,2.924,424.1,0.3730000000000002,-13.129,-8.236,4.892999999999999
TFM-QP,toluene,stda,3.29,376.9,0.0147,2.93,423.2,0.3599999999999999,-12.969,-8.17,4.7989999999999995
TFM-QP,toluene,stddft,3.278,378.2,0.0071,2.9,427.5,0.3780000000000001,-12.969,-8.17,4.7989999999999995
TMAB,gas,stda,3.983,311.3,0.0538,3.558,348.5,0.42500000000000027,-13.295,-7.497,5.798
TMAB,gas,stddft,3.974,312.0,0.0469,3.536,350.6,0.43800000000000017,-13.295,-7.497,5.798
TMAB,toluene,stda,4.042,306.7,0.0837,3.474,356.9,0.5679999999999996,-13.432,-7.495,5.937
TMAB,toluene,stddft,3.96,313.1,0.0685,3.453,359.0,0.5070000000000001,-13.432,-7.495,5.937
TMDBP,gas,stda,3.939,314.8,0.1578,3.357,369.4,0.5819999999999999,-13.422,-5.776,7.646000000000001
TMDBP,gas,stddft,3.895,318.3,0.2,3.32,373.4,0.5750000000000002,-13.422,-5.776,7.646000000000001
TMDBP,toluene,stda,3.953,313.7,0.1896,3.358,369.2,0.5949999999999998,-13.45,-5.797,7.653
TMDBP,toluene,stddft,3.907,317.4,0.2329,3.323,373.2,0.5840000000000001,-13.45,-5.797,7.653
TMOE,gas,stda,3.677,337.2,0.7044,2.911,425.9,0.766,-13.824,-6.887,6.937
TMOE,gas,stddft,3.615,343.0,0.58,2.873,431.6,0.742,-13.824,-6.887,6.937
TMOE,toluene,stda,3.715,333.7,0.737,2.947,420.7,0.7679999999999998,-13.877,-6.906,6.971000000000001
TMOE,toluene,stddft,3.655,339.2,0.6091,2.909,426.2,0.746,-13.877,-6.906,6.971000000000001
TNPZ,gas,stda,3.296,376.1,0.0071,3.078,402.8,0.21799999999999997,-13.709,-8.526,5.183
TNPZ,gas,stddft,3.296,376.2,0.0072,3.05,406.5,0.246,-13.709,-8.526,5.183
TNPZ,toluene,stda,3.277,378.4,0.0067,3.052,406.2,0.2250000000000001,-13.514,-8.342,5.171999999999999
TNPZ,toluene,stddft,3.275,378.6,0.0068,3.023,410.1,0.2519999999999998,-13.514,-8.342,5.171999999999999
TPA-2,gas,stda,2.518,492.3,0.0054,2.378,521.4,0.13999999999999968,-13.728,-9.19,4.538
TPA-2,gas,stddft,2.517,492.6,0.0055,2.357,525.9,0.1599999999999997,-13.728,-9.19,4.538
TPA-2,toluene,stda,2.453,505.5,0.0484,2.13,582.2,0.32299999999999995,-13.635,-9.292,4.343
TPA-2,toluene,stddft,2.448,506.4,0.0812,2.108,588.1,0.33999999999999986,-13.635,-9.292,4.343
TPA-AN-NA,gas,stda,3.232,383.7,0.8182,2.281,543.5,0.9510000000000001,-13.665,-7.88,5.784999999999999
TPA-AN-NA,gas,stddft,3.08,402.6,0.5647,2.212,560.4,0.8679999999999999,-13.665,-7.88,5.784999999999999
TPA-AN-NA,toluene,stda,3.232,383.6,0.7717,2.281,543.4,0.9510000000000001,-13.57,-7.828,5.742
TPA-AN-NA,toluene,stddft,3.078,402.9,0.5279,2.211,560.7,0.867,-13.57,-7.828,5.742
TPA-AP,gas,stda,3.537,350.5,0.1889,2.985,415.4,0.552,-13.673,-8.24,5.433
TPA-AP,gas,stddft,3.516,352.6,0.1722,2.935,422.4,0.581,-13.673,-8.24,5.433
TPA-AP,toluene,stda,3.519,352.4,0.2175,2.976,416.6,0.5430000000000001,-13.632,-8.322,5.3100000000000005
TPA-AP,toluene,stddft,3.498,354.5,0.1955,2.927,423.6,0.5710000000000002,-13.632,-8.322,5.3100000000000005
TPA-APm,gas,stda,2.656,466.8,0.0002,2.637,470.3,0.019000000000000128,-13.805,-8.43,5.375
TPA-APm,gas,stddft,2.655,466.9,0.0002,2.604,476.1,0.05099999999999971,-13.805,-8.43,5.375
TPA-APm,toluene,stda,2.636,470.3,0.0003,2.529,490.2,0.1070000000000002,-13.812,-8.569,5.2429999999999986
TPA-APm,toluene,stddft,2.635,470.5,0.0004,2.495,496.9,0.13999999999999968,-13.812,-8.569,5.2429999999999986
TPA-APy,gas,stda,2.796,443.5,0.002,2.831,438.0,-0.03500000000000014,-13.726,-8.353,5.373000000000001
TPA-APy,gas,stddft,2.794,443.7,0.002,2.829,438.2,-0.03500000000000014,-13.726,-8.353,5.373000000000001
TPA-APy,toluene,stda,2.745,451.7,0.0035,2.779,446.2,-0.03399999999999981,-13.68,-8.462,5.218
TPA-APy,toluene,stddft,2.743,452.0,0.0035,2.777,446.4,-0.03400000000000025,-13.68,-8.462,5.218
TPA-BT-Q,gas,stda,4.076,304.2,0.3453,3.492,355.1,0.5839999999999996,-13.424,-5.941,7.483
TPA-BT-Q,gas,stddft,4.039,307.0,0.351,3.469,357.5,0.5699999999999998,-13.424,-5.941,7.483
TPA-BT-Q,toluene,stda,4.057,305.6,0.5085,3.481,356.2,0.5760000000000005,-13.316,-5.82,7.496
TPA-BT-Q,toluene,stddft,4.02,308.4,0.434,3.458,358.5,0.5619999999999994,-13.316,-5.82,7.496
TPA-CN-N4,gas,stda,3.218,385.3,0.007,3.152,393.3,0.06599999999999984,-15.691,-8.447,7.2440000000000015
TPA-CN-N4,gas,stddft,3.217,385.4,0.007,3.102,399.7,0.11500000000000021,-15.691,-8.447,7.2440000000000015
TPA-CN-N4,toluene,stda,3.215,385.6,0.007,3.133,395.7,0.08199999999999985,-15.84,-8.602,7.2379999999999995
TPA-CN-N4,toluene,stddft,3.214,385.8,0.007,3.083,402.1,0.13099999999999978,-15.84,-8.602,7.2379999999999995
TPA-CN-N4-2PY,gas,stda,3.754,330.3,0.8656,3.198,387.7,0.556,-13.486,-6.668,6.8180000000000005
TPA-CN-N4-2PY,gas,stddft,3.716,333.6,0.7377,3.165,391.7,0.5510000000000002,-13.486,-6.668,6.8180000000000005
TPA-CN-N4-2PY,toluene,stda,3.735,332.0,0.829,3.15,393.6,0.585,-13.468,-6.756,6.712
TPA-CN-N4-2PY,toluene,stddft,3.695,335.6,0.6874,3.115,398.0,0.5799999999999996,-13.468,-6.756,6.712
TPA-DCPP,gas,stda,3.641,340.5,0.901,3.249,381.7,0.3919999999999999,-13.846,-8.391,5.455
TPA-DCPP,gas,stddft,3.626,342.0,0.8525,3.225,384.4,0.4009999999999998,-13.846,-8.391,5.455
TPA-DCPP,toluene,stda,3.461,358.2,0.947,3.066,404.4,0.395,-13.616,-8.532,5.084
TPA-DCPP,toluene,stddft,3.445,359.9,0.8922,3.044,407.4,0.4009999999999998,-13.616,-8.532,5.084
TPA-DPPI,gas,stda,3.859,321.3,1.3103,3.46,358.3,0.399,-13.747,-7.257,6.49
TPA-DPPI,gas,stddft,3.828,323.9,1.143,3.432,361.2,0.3959999999999999,-13.747,-7.257,6.49
TPA-DPPI,toluene,stda,3.879,319.7,0.1293,3.458,358.5,0.4209999999999998,-13.544,-6.98,6.564
TPA-DPPI,toluene,stddft,3.842,322.7,0.0604,3.429,361.5,0.41300000000000026,-13.544,-6.98,6.564
TPA-L-BN,gas,stda,3.955,313.5,0.3396,3.418,362.8,0.5369999999999999,-13.568,-6.91,6.6579999999999995
TPA-L-BN,gas,stddft,3.914,316.8,0.2941,3.394,365.4,0.52,-13.568,-6.91,6.6579999999999995
TPA-L-BN,toluene,stda,3.915,316.7,0.0826,3.411,363.5,0.504,-13.452,-6.842,6.61
TPA-L-BN,toluene,stddft,3.874,320.1,0.0628,3.388,366.0,0.4860000000000002,-13.452,-6.842,6.61
TPA-NZP,gas,stda,2.866,432.6,1.0929,1.862,665.8,1.004,-13.548,-8.111,5.436999999999999
TPA-NZP,gas,stddft,2.707,458.0,0.7557,1.778,697.5,0.9289999999999998,-13.548,-8.111,5.436999999999999
TPA-NZP,toluene,stda,2.837,437.1,1.0541,1.852,669.3,0.9850000000000001,-13.533,-8.212,5.321
TPA-NZP,toluene,stddft,2.681,462.4,0.7373,1.768,701.4,0.913,-13.533,-8.212,5.321
TPA-PPO,gas,stda,3.562,348.1,2.1444,2.927,423.6,0.6349999999999998,-13.747,-7.604,6.143
TPA-PPO,gas,stddft,3.529,351.3,1.9195,2.888,429.2,0.641,-13.747,-7.604,6.143
TPA-PPO,toluene,stda,3.517,352.5,2.1353,2.921,424.4,0.5960000000000001,-13.638,-7.665,5.973
TPA-PPO,toluene,stddft,3.486,355.7,1.9188,2.882,430.2,0.6040000000000001,-13.638,-7.665,5.973
TPA-PZCN,gas,stda,3.269,379.3,0.0075,3.027,409.6,0.242,-13.753,-8.741,5.0120000000000005
TPA-PZCN,gas,stddft,3.267,379.5,0.0082,2.995,414.0,0.2719999999999998,-13.753,-8.741,5.0120000000000005
TPA-PZCN,toluene,stda,3.265,379.7,0.7843,2.919,424.7,0.3460000000000001,-13.523,-8.649,4.8740000000000006
TPA-PZCN,toluene,stddft,3.24,382.7,1.2133,2.892,428.8,0.3480000000000003,-13.523,-8.649,4.8740000000000006
TPA-PyF2,gas,stda,4.025,308.0,0.335,3.522,352.0,0.5030000000000006,-13.562,-6.818,6.744
TPA-PyF2,gas,stddft,3.992,310.6,0.0792,3.499,354.3,0.4929999999999999,-13.562,-6.818,6.744
TPA-PyF2,toluene,stda,3.941,314.6,0.0467,3.485,355.8,0.45599999999999996,-13.382,-6.613,6.768999999999999
TPA-PyF2,toluene,stddft,3.899,318.0,0.0379,3.463,358.0,0.43599999999999994,-13.382,-6.613,6.768999999999999
TPA-PyI,gas,stda,3.836,323.2,1.8102,3.376,367.2,0.45999999999999996,-13.684,-7.014,6.669999999999999
TPA-PyI,gas,stddft,3.813,325.2,1.6477,3.349,370.2,0.46399999999999997,-13.684,-7.014,6.669999999999999
TPA-PyI,toluene,stda,3.822,324.4,1.801,3.372,367.7,0.4500000000000002,-13.554,-6.874,6.680000000000001
TPA-PyI,toluene,stddft,3.8,326.3,1.6416,3.345,370.6,0.4549999999999996,-13.554,-6.874,6.680000000000001
TPACzPI,gas,stda,3.785,327.5,0.0824,3.38,366.8,0.40500000000000025,-13.663,-7.0,6.663
TPACzPI,gas,stddft,3.72,333.3,0.0707,3.358,369.2,0.3620000000000001,-13.663,-7.0,6.663
TPACzPI,toluene,stda,3.767,329.2,0.6165,3.388,366.0,0.379,-13.509,-6.971,6.538
TPACzPI,toluene,stddft,3.721,333.2,0.1491,3.366,368.4,0.355,-13.509,-6.971,6.538
TPADSO2,gas,stda,3.681,336.8,1.1537,3.139,395.0,0.5420000000000003,-13.774,-6.932,6.841999999999999
TPADSO2,gas,stddft,3.637,340.9,1.0344,3.111,398.5,0.5259999999999998,-13.774,-6.932,6.841999999999999
TPADSO2,toluene,stda,3.586,345.7,1.2069,3.041,407.7,0.5449999999999999,-13.642,-7.059,6.582999999999999
TPADSO2,toluene,stddft,3.539,350.3,1.077,3.014,411.4,0.5250000000000004,-13.642,-7.059,6.582999999999999
TPAPm,gas,stda,3.487,355.5,2.0,2.856,434.2,0.6310000000000002,-13.819,-7.62,6.199000000000001
TPAPm,gas,stddft,3.463,358.1,1.8451,2.829,438.3,0.6339999999999999,-13.819,-7.62,6.199000000000001
TPAPm,toluene,stda,3.369,368.0,2.0825,2.727,454.6,0.6420000000000003,-13.802,-7.75,6.052
TPAPm,toluene,stddft,3.341,371.1,1.9133,2.699,459.4,0.6420000000000003,-13.802,-7.75,6.052
TPAPyPI,gas,stda,3.688,336.2,0.0111,2.736,453.2,0.952,-13.74,-7.859,5.881
TPAPyPI,gas,stddft,3.6,344.4,0.18,2.668,464.7,0.9319999999999999,-13.74,-7.859,5.881
TPAPyPI,toluene,stda,3.678,337.1,0.0487,2.727,454.7,0.9510000000000001,-13.567,-7.785,5.782
TPAPyPI,toluene,stddft,3.618,342.7,0.5593,2.658,466.4,0.96,-13.567,-7.785,5.782
TPA–2PPITPA,gas,stda,3.846,322.4,0.4272,3.474,356.8,0.3719999999999999,-13.831,-7.237,6.593999999999999
TPA–2PPITPA,gas,stddft,3.817,324.8,0.3862,3.453,359.0,0.3640000000000003,-13.831,-7.237,6.593999999999999
TPA–2PPITPA,toluene,stda,3.846,322.4,1.2335,3.482,356.1,0.3639999999999999,-13.494,-6.986,6.508
TPA–2PPITPA,toluene,stddft,3.822,324.4,1.0918,3.459,358.5,0.363,-13.494,-6.986,6.508
TPA–2SPPITPA,gas,stda,3.505,353.7,0.7535,2.892,428.8,0.613,-13.727,-7.733,5.994000000000001
TPA–2SPPITPA,gas,stddft,3.483,356.0,0.7518,2.852,434.7,0.6310000000000002,-13.727,-7.733,5.994000000000001
TPA–2SPPITPA,toluene,stda,3.441,360.3,0.4404,2.818,440.0,0.6229999999999998,-13.335,-7.482,5.853000000000001
TPA–2SPPITPA,toluene,stddft,3.408,363.8,0.4906,2.777,446.5,0.6309999999999998,-13.335,-7.482,5.853000000000001
TPA–DAP–TPA,gas,stda,3.222,384.8,2.076,2.309,536.9,0.9129999999999998,-13.673,-7.927,5.746
TPA–DAP–TPA,gas,stddft,3.124,396.9,1.566,2.242,552.9,0.8820000000000001,-13.673,-7.927,5.746
TPA–DAP–TPA,toluene,stda,3.206,386.7,2.1293,2.3,539.0,0.9060000000000001,-13.565,-7.89,5.675
TPA–DAP–TPA,toluene,stddft,3.111,398.5,1.6098,2.233,555.3,0.8780000000000001,-13.565,-7.89,5.675
TPB-AC,gas,stda,3.867,320.6,0.9884,3.384,366.4,0.4830000000000001,-13.713,-7.406,6.3069999999999995
TPB-AC,gas,stddft,3.837,323.1,0.8853,3.36,369.0,0.4770000000000003,-13.713,-7.406,6.3069999999999995
TPB-AC,toluene,stda,3.9,317.9,1.0634,3.419,362.6,0.48099999999999987,-13.545,-7.349,6.196
TPB-AC,toluene,stddft,3.872,320.2,0.9542,3.395,365.2,0.47699999999999987,-13.545,-7.349,6.196
TPBPPI-PBI,gas,stda,3.936,315.0,0.1292,3.6,344.4,0.33599999999999985,-14.374,-7.447,6.9270000000000005
TPBPPI-PBI,gas,stddft,3.899,318.0,0.1225,3.57,347.3,0.3290000000000002,-14.374,-7.447,6.9270000000000005
TPBPPI-PBI,toluene,stda,3.871,320.3,0.1928,3.54,350.3,0.33099999999999996,-14.261,-7.231,7.029999999999999
TPBPPI-PBI,toluene,stddft,3.831,323.7,0.1788,3.512,353.0,0.31899999999999995,-14.261,-7.231,7.029999999999999
TPBPPI-PY,gas,stda,3.962,312.9,0.136,3.547,349.5,0.41500000000000004,-14.364,-7.243,7.121
TPBPPI-PY,gas,stddft,3.928,315.7,0.1292,3.515,352.8,0.4129999999999998,-14.364,-7.243,7.121
TPBPPI-PY,toluene,stda,3.894,318.4,0.2671,3.493,354.9,0.40100000000000025,-14.271,-7.094,7.1770000000000005
TPBPPI-PY,toluene,stddft,3.857,321.5,0.2479,3.463,358.0,0.39400000000000013,-14.271,-7.094,7.1770000000000005
TPD4PA,gas,stda,3.286,377.4,0.2709,2.893,428.5,0.39300000000000024,-13.639,-7.511,6.127999999999999
TPD4PA,gas,stddft,3.227,384.2,0.2336,2.873,431.5,0.35399999999999965,-13.639,-7.511,6.127999999999999
TPD4PA,toluene,stda,3.288,377.1,0.2559,2.887,429.5,0.4009999999999998,-13.522,-7.555,5.9670000000000005
TPD4PA,toluene,stddft,3.231,383.7,0.2209,2.866,432.6,0.36499999999999977,-13.522,-7.555,5.9670000000000005
TPM2CN,gas,stda,3.764,329.4,0.9447,3.357,369.4,0.4069999999999996,-13.807,-7.658,6.149
TPM2CN,gas,stddft,3.735,332.0,0.8261,3.327,372.7,0.4079999999999999,-13.807,-7.658,6.149
TPM2CN,toluene,stda,3.749,330.7,0.8176,3.354,369.7,0.395,-13.546,-7.546,5.999999999999999
TPM2CN,toluene,stddft,3.718,333.5,0.7091,3.323,373.1,0.395,-13.546,-7.546,5.999999999999999
TPSi-F,gas,stda,4.668,265.6,0.3428,3.838,323.0,0.8300000000000001,-15.124,-6.839,8.285
TPSi-F,gas,stddft,4.605,269.2,0.3388,3.799,326.4,0.8060000000000005,-15.124,-6.839,8.285
TPSi-F,toluene,stda,4.637,267.4,0.3302,3.828,323.9,0.8089999999999997,-15.067,-6.792,8.275
TPSi-F,toluene,stddft,4.576,270.9,0.3184,3.79,327.2,0.7859999999999996,-15.067,-6.792,8.275
TPTI,gas,stda,3.233,383.4,0.1816,2.569,482.7,0.6640000000000001,-13.82,-7.2,6.62
TPTI,gas,stddft,3.112,398.4,0.1426,2.537,488.7,0.5750000000000002,-13.82,-7.2,6.62
TPTI,toluene,stda,3.215,385.7,0.1809,2.55,486.2,0.665,-13.957,-7.366,6.591000000000001
TPTI,toluene,stddft,3.094,400.8,0.1422,2.518,492.4,0.5760000000000001,-13.957,-7.366,6.591000000000001
TPXZ-as-TAZ,gas,stda,3.033,408.7,0.4392,2.826,438.7,0.20699999999999985,-13.173,-8.079,5.093999999999999
TPXZ-as-TAZ,gas,stddft,3.025,409.9,0.4781,2.815,440.4,0.20999999999999996,-13.173,-8.079,5.093999999999999
TPXZ-as-TAZ,toluene,stda,2.926,423.8,0.4911,2.699,459.4,0.2270000000000003,-12.99,-7.778,5.212000000000001
TPXZ-as-TAZ,toluene,stddft,2.909,426.3,0.4546,2.689,461.0,0.21999999999999975,-12.99,-7.778,5.212000000000001
TPXZ–as-TAZ,gas,stda,3.035,408.5,0.6806,2.821,439.4,0.21399999999999997,-13.172,-8.083,5.089
TPXZ–as-TAZ,gas,stddft,3.024,410.0,0.6685,2.811,441.1,0.21300000000000008,-13.172,-8.083,5.089
TPXZ–as-TAZ,toluene,stda,2.885,429.7,0.0414,2.832,437.8,0.052999999999999936,-13.097,-7.9,5.196999999999999
TPXZ–as-TAZ,toluene,stddft,2.881,430.3,0.0404,2.812,441.0,0.06899999999999995,-13.097,-7.9,5.196999999999999
TRZ-3SO2,gas,stda,4.205,294.8,0.0056,4.137,299.7,0.0680000000000005,-15.682,-7.985,7.697
TRZ-3SO2,gas,stddft,4.204,294.9,0.0055,4.103,302.2,0.10099999999999998,-15.682,-7.985,7.697
TRZ-3SO2,toluene,stda,4.122,300.8,0.0011,4.139,299.5,-0.017000000000000348,-15.81,-7.978,7.832000000000001
TRZ-3SO2,toluene,stddft,4.12,300.9,0.0011,4.132,300.0,-0.011999999999999567,-15.81,-7.978,7.832000000000001
TRZ-pIC,gas,stda,3.198,387.7,0.3913,2.697,459.7,0.5009999999999999,-13.511,-7.668,5.842999999999999
TRZ-pIC,gas,stddft,3.103,399.6,0.3089,2.67,464.3,0.4330000000000003,-13.511,-7.668,5.842999999999999
TRZ-pIC,toluene,stda,3.178,390.1,0.3844,2.675,463.5,0.5030000000000001,-13.394,-7.608,5.7860000000000005
TRZ-pIC,toluene,stddft,3.082,402.3,0.3027,2.648,468.2,0.4339999999999997,-13.394,-7.608,5.7860000000000005
TRZ3DPA,gas,stda,3.5,354.3,1.5555,2.97,417.4,0.5299999999999998,-13.744,-7.345,6.399
TRZ3DPA,gas,stddft,3.473,357.0,1.4346,2.942,421.4,0.5309999999999997,-13.744,-7.345,6.399
TRZ3DPA,toluene,stda,3.485,355.7,1.6313,2.936,422.2,0.5489999999999999,-13.702,-7.28,6.422
TRZ3DPA,toluene,stddft,3.457,358.7,1.4985,2.907,426.5,0.5499999999999998,-13.702,-7.28,6.422
TS-1,gas,stda,3.861,321.1,0.2239,3.407,363.9,0.4540000000000002,-14.315,-6.708,7.606999999999999
TS-1,gas,stddft,3.788,327.3,0.1926,3.384,366.4,0.4039999999999999,-14.315,-6.708,7.606999999999999
TS-1,toluene,stda,3.874,320.1,0.2631,3.421,362.4,0.4530000000000003,-14.245,-6.637,7.608
TS-1,toluene,stddft,3.803,326.0,0.2262,3.399,364.8,0.4039999999999999,-14.245,-6.637,7.608
TSBFB,gas,stda,4.485,276.4,2.2068,3.734,332.0,0.7510000000000003,-14.833,-7.167,7.666
TSBFB,gas,stddft,4.448,278.8,1.9625,3.695,335.5,0.7530000000000006,-14.833,-7.167,7.666
TSBFB,toluene,stda,4.456,278.2,1.4771,3.729,332.5,0.7270000000000003,-14.756,-7.105,7.651
TSBFB,toluene,stddft,4.419,280.6,1.3087,3.691,335.9,0.7279999999999998,-14.756,-7.105,7.651
TX-CzPh,gas,stda,3.596,344.8,0.1698,2.884,429.9,0.7120000000000002,-14.081,-7.642,6.438999999999999
TX-CzPh,gas,stddft,3.485,355.8,0.1314,2.859,433.7,0.6259999999999999,-14.081,-7.642,6.438999999999999
TX-CzPh,toluene,stda,3.62,342.5,0.175,2.904,427.0,0.7160000000000002,-14.052,-7.684,6.367999999999999
TX-CzPh,toluene,stddft,3.51,353.3,0.1368,2.877,430.9,0.633,-14.052,-7.684,6.367999999999999
TXO-P-Si,gas,stda,3.534,350.9,0.0005,3.543,350.0,-0.009000000000000341,-15.56,-8.16,7.4
TXO-P-Si,gas,stddft,3.532,351.0,0.0004,3.542,350.1,-0.009999999999999787,-15.56,-8.16,7.4
TXO-P-Si,toluene,stda,3.625,342.0,0.0002,3.63,341.6,-0.004999999999999893,-15.616,-8.267,7.349
TXO-P-Si,toluene,stddft,3.624,342.1,0.0002,3.629,341.7,-0.004999999999999893,-15.616,-8.267,7.349
TXO-TPA,gas,stda,3.606,343.8,0.0019,3.186,389.1,0.41999999999999993,-13.765,-8.135,5.630000000000001
TXO-TPA,gas,stddft,3.605,344.0,0.0035,3.159,392.5,0.4460000000000002,-13.765,-8.135,5.630000000000001
TXO-TPA,toluene,stda,3.604,344.0,0.1449,3.127,396.5,0.4770000000000003,-13.621,-8.243,5.378
TXO-TPA,toluene,stddft,3.592,345.2,0.5004,3.101,399.8,0.4910000000000001,-13.621,-8.243,5.378
Tri-PXZ-PCN,gas,stda,2.868,432.3,0.6123,2.582,480.1,0.28600000000000003,-13.152,-8.358,4.793999999999999
Tri-PXZ-PCN,gas,stddft,2.849,435.2,0.5454,2.572,482.1,0.27700000000000014,-13.152,-8.358,4.793999999999999
Tri-PXZ-PCN,toluene,stda,2.872,431.7,0.5192,2.581,480.4,0.2909999999999999,-13.148,-8.306,4.8420000000000005
Tri-PXZ-PCN,toluene,stddft,2.851,434.9,0.4646,2.57,482.4,0.28100000000000014,-13.148,-8.306,4.8420000000000005
TrisCz-Trz,gas,stda,3.628,341.7,0.0766,3.389,365.8,0.23900000000000032,-13.918,-7.482,6.435999999999999
TrisCz-Trz,gas,stddft,3.609,343.5,0.0754,3.369,368.0,0.23999999999999977,-13.918,-7.482,6.435999999999999
TrisCz-Trz,toluene,stda,3.781,327.9,0.1057,3.417,362.8,0.3640000000000003,-13.878,-7.144,6.734
TrisCz-Trz,toluene,stddft,3.764,329.4,0.1082,3.395,365.2,0.3689999999999998,-13.878,-7.144,6.734
UGH3,gas,stda,5.244,236.4,0.0002,5.246,236.3,-0.002000000000000668,-15.804,-5.877,9.927
UGH3,gas,stddft,5.215,237.7,0.0002,5.202,238.3,0.0129999999999999,-15.804,-5.877,9.927
UGH3,toluene,stda,5.214,237.8,0.0003,5.189,238.9,0.025000000000000355,-15.792,-5.845,9.947
UGH3,toluene,stddft,5.187,239.0,0.0003,5.145,241.0,0.0420000000000007,-15.792,-5.845,9.947
VBC-PTZ,gas,stda,3.156,392.8,1.2251,2.544,487.3,0.6120000000000001,-13.843,-7.796,6.047
VBC-PTZ,gas,stddft,3.113,398.2,1.062,2.505,495.0,0.6080000000000001,-13.843,-7.796,6.047
VBC-PTZ,toluene,stda,3.038,408.1,1.2758,2.354,526.7,0.6839999999999997,-13.851,-8.043,5.808000000000002
VBC-PTZ,toluene,stddft,2.986,415.2,1.0905,2.309,537.0,0.677,-13.851,-8.043,5.808000000000002
VBN0,gas,stda,3.657,339.0,0.4964,3.204,387.0,0.45299999999999985,-13.923,-7.108,6.815
VBN0,gas,stddft,3.623,342.2,0.4566,3.18,389.9,0.44300000000000006,-13.923,-7.108,6.815
VBN0,toluene,stda,3.656,339.1,0.5364,3.145,394.2,0.5110000000000001,-13.866,-7.051,6.8149999999999995
VBN0,toluene,stddft,3.613,343.1,0.4794,3.121,397.3,0.492,-13.866,-7.051,6.8149999999999995
V–TPA,gas,stda,3.837,323.1,1.0765,3.464,357.9,0.3730000000000002,-13.497,-6.866,6.631
V–TPA,gas,stddft,3.805,325.8,0.9371,3.44,360.4,0.3650000000000002,-13.497,-6.866,6.631
V–TPA,toluene,stda,3.826,324.1,1.043,3.437,360.8,0.38900000000000023,-13.254,-6.819,6.435
V–TPA,toluene,stddft,3.794,326.8,0.9066,3.414,363.2,0.3799999999999999,-13.254,-6.819,6.435
XCBP,gas,stda,3.86,321.2,0.2014,3.399,364.7,0.46099999999999985,-14.215,-7.759,6.4559999999999995
XCBP,gas,stddft,3.789,327.2,0.1661,3.375,367.4,0.41400000000000015,-14.215,-7.759,6.4559999999999995
XCBP,toluene,stda,3.461,358.2,0.0008,3.384,366.4,0.07699999999999996,-14.134,-7.763,6.371
XCBP,toluene,stddft,3.46,358.4,0.0007,3.359,369.1,0.10099999999999998,-14.134,-7.763,6.371
XPhos,gas,stda,4.17,297.3,0.5927,3.024,410.0,1.146,-14.326,-6.573,7.753
XPhos,gas,stddft,4.037,307.1,0.4492,2.974,416.9,1.0629999999999997,-14.326,-6.573,7.753
XPhos,toluene,stda,4.165,297.7,0.5139,3.048,406.7,1.117,-14.113,-6.313,7.8
XPhos,toluene,stddft,4.039,306.9,0.3945,3.0,413.3,1.0389999999999997,-14.113,-6.313,7.8
XT-T,gas,stda,4.013,309.0,0.0316,3.509,353.4,0.504,-13.493,-5.964,7.529
XT-T,gas,stddft,3.983,311.3,0.0329,3.483,356.0,0.5,-13.493,-5.964,7.529
XT-T,toluene,stda,4.152,298.6,0.0476,3.595,344.9,0.5569999999999999,-13.353,-5.612,7.741
XT-T,toluene,stddft,4.11,301.6,0.034,3.572,347.1,0.5380000000000003,-13.353,-5.612,7.741
Xm-mCP,gas,stda,3.884,319.2,0.2301,3.253,381.1,0.6309999999999998,-14.189,-7.748,6.441
Xm-mCP,gas,stddft,3.809,325.5,0.0509,3.228,384.1,0.581,-14.189,-7.748,6.441
Xm-mCP,toluene,stda,3.805,325.8,0.0019,3.286,377.3,0.5190000000000001,-14.149,-7.727,6.421999999999999
Xm-mCP,toluene,stddft,3.803,326.0,0.0045,3.259,380.4,0.544,-14.149,-7.727,6.421999999999999
Xp-mCP,gas,stda,3.904,317.5,0.1881,3.259,380.5,0.645,-14.281,-7.839,6.442
Xp-mCP,gas,stddft,3.806,325.7,0.1419,3.232,383.6,0.5739999999999998,-14.281,-7.839,6.442
Xp-mCP,toluene,stda,3.877,319.8,0.0069,3.297,376.1,0.5799999999999996,-14.167,-7.842,6.325
Xp-mCP,toluene,stddft,3.833,323.5,0.1788,3.268,379.3,0.5650000000000004,-14.167,-7.842,6.325
Yad,gas,stda,3.353,369.8,0.2857,2.838,436.9,0.5150000000000001,-13.547,-7.157,6.390000000000001
Yad,gas,stddft,3.28,378.0,0.2304,2.81,441.2,0.46999999999999975,-13.547,-7.157,6.390000000000001
Yad,toluene,stda,3.316,373.9,0.2926,2.799,443.0,0.5169999999999999,-13.389,-6.971,6.417999999999999
Yad,toluene,stddft,3.242,382.5,0.2365,2.771,447.5,0.4710000000000001,-13.389,-6.971,6.417999999999999
Z-o-DHMPA,gas,stda,3.223,384.7,0.3853,2.219,558.7,1.004,-14.14,-7.754,6.386000000000001
Z-o-DHMPA,gas,stddft,3.037,408.3,0.2648,2.147,577.5,0.8900000000000001,-14.14,-7.754,6.386000000000001
Z-o-DHMPA,toluene,stda,3.285,377.5,0.3588,2.266,547.3,1.0190000000000001,-14.303,-7.855,6.448
Z-o-DHMPA,toluene,stddft,3.097,400.3,0.2481,2.193,565.4,0.9039999999999999,-14.303,-7.855,6.448
ZDN,gas,stda,3.831,323.6,0.104,3.425,362.0,0.40600000000000014,-13.991,-6.892,7.098999999999999
ZDN,gas,stddft,3.77,328.9,0.0856,3.402,364.5,0.3679999999999999,-13.991,-6.892,7.098999999999999
ZDN,toluene,stda,3.826,324.1,0.1089,3.405,364.1,0.42100000000000026,-13.965,-6.844,7.1209999999999996
ZDN,toluene,stddft,3.763,329.4,0.0904,3.382,366.6,0.3809999999999998,-13.965,-6.844,7.1209999999999996
ZDZ,gas,stda,3.77,328.9,0.0854,3.388,365.9,0.3820000000000001,-14.012,-6.956,7.056
ZDZ,gas,stddft,3.708,334.4,0.0698,3.372,367.7,0.3360000000000003,-14.012,-6.956,7.056
ZDZ,toluene,stda,3.774,328.5,0.0882,3.389,365.9,0.38500000000000023,-13.922,-6.827,7.095000000000001
ZDZ,toluene,stddft,3.711,334.1,0.072,3.372,367.7,0.33899999999999997,-13.922,-6.827,7.095000000000001
"[2,1-b]IF",gas,stda,0.672,1844.0,0.0061,0.255,4857.3,0.41700000000000004,-13.359,-9.162,4.196999999999999
"[2,1-b]IF",gas,stddft,0.562,2206.7,0.0023,0.121,10230.7,0.44100000000000006,-13.359,-9.162,4.196999999999999
"[2,1-b]IF",toluene,stda,0.736,1683.6,0.0072,0.305,4071.0,0.431,-13.328,-9.031,4.296999999999999
"[2,1-b]IF",toluene,stddft,0.625,1984.2,0.0029,0.192,6462.1,0.433,-13.328,-9.031,4.296999999999999
[BMIM][PF6],gas,stda,4.604,269.3,0.1939,3.817,324.8,0.7869999999999999,-15.152,-6.866,8.286
[BMIM][PF6],gas,stddft,4.551,272.4,0.3068,3.777,328.2,0.774,-15.152,-6.866,8.286
[BMIM][PF6],toluene,stda,4.562,271.8,0.3002,3.8,326.3,0.7620000000000005,-15.043,-6.775,8.267999999999999
[BMIM][PF6],toluene,stddft,4.504,275.3,0.324,3.761,329.6,0.7429999999999994,-15.043,-6.775,8.267999999999999
arylene,gas,stda,3.848,322.2,1.1827,3.392,365.5,0.45599999999999996,-13.65,-6.591,7.059
arylene,gas,stddft,3.802,326.1,0.9396,3.362,368.8,0.43999999999999995,-13.65,-6.591,7.059
arylene,toluene,stda,3.855,321.6,1.2051,3.39,365.7,0.46499999999999986,-13.532,-6.542,6.99
arylene,toluene,stddft,3.809,325.5,0.9453,3.36,369.0,0.4490000000000003,-13.532,-6.542,6.99
benzoxazole,gas,stda,3.663,338.5,0.3092,2.991,414.6,0.6719999999999997,-14.589,-7.342,7.247000000000001
benzoxazole,gas,stddft,3.605,343.9,0.2682,2.95,420.3,0.6549999999999998,-14.589,-7.342,7.247000000000001
benzoxazole,toluene,stda,3.541,350.1,0.3316,2.882,430.2,0.6589999999999998,-14.516,-7.416,7.1
benzoxazole,toluene,stddft,3.483,356.0,0.2851,2.842,436.3,0.641,-14.516,-7.416,7.1
bpipH,gas,stda,3.839,322.9,0.5819,3.202,387.1,0.637,-14.814,-7.615,7.199
bpipH,gas,stddft,3.764,329.4,0.515,3.171,391.0,0.593,-14.814,-7.615,7.199
bpipH,toluene,stda,3.85,322.1,0.5233,3.224,384.5,0.6259999999999999,-14.962,-7.725,7.237
bpipH,toluene,stddft,3.776,328.3,0.4709,3.192,388.4,0.5839999999999996,-14.962,-7.725,7.237
c-D2T,gas,stda,3.56,348.2,0.2903,3.344,370.7,0.2160000000000002,-13.543,-7.59,5.952999999999999
c-D2T,gas,stddft,3.547,349.5,0.2683,3.334,371.9,0.21300000000000008,-13.543,-7.59,5.952999999999999
c-D2T,toluene,stda,3.766,329.2,0.1118,3.348,370.3,0.41800000000000015,-13.099,-7.051,6.048
c-D2T,toluene,stddft,3.699,335.2,0.1562,3.327,372.7,0.3719999999999999,-13.099,-7.051,6.048
cyclohexanone,gas,stda,4.554,272.3,0.3688,3.783,327.7,0.7710000000000004,-15.175,-6.944,8.231000000000002
cyclohexanone,gas,stddft,4.491,276.1,0.417,3.746,331.0,0.7449999999999997,-15.175,-6.944,8.231000000000002
cyclohexanone,toluene,stda,4.521,274.2,0.3798,3.78,328.0,0.7410000000000001,-15.078,-6.843,8.235
cyclohexanone,toluene,stddft,4.458,278.1,0.3899,3.742,331.3,0.7160000000000002,-15.078,-6.843,8.235
czpzpy,gas,stda,3.611,343.4,0.3712,3.086,401.7,0.5250000000000004,-14.353,-7.243,7.109999999999999
czpzpy,gas,stddft,3.535,350.7,0.3035,3.059,405.3,0.476,-14.353,-7.243,7.109999999999999
czpzpy,toluene,stda,3.631,341.5,0.3709,3.105,399.3,0.5259999999999998,-14.382,-7.232,7.1499999999999995
czpzpy,toluene,stddft,3.555,348.7,0.3035,3.078,402.8,0.4770000000000003,-14.382,-7.232,7.1499999999999995
dTolmp,gas,stda,5.055,245.3,0.0006,4.991,248.4,0.06400000000000006,-15.489,-5.938,9.551000000000002
dTolmp,gas,stddft,5.027,246.7,0.0006,4.953,250.3,0.07399999999999984,-15.489,-5.938,9.551000000000002
dTolmp,toluene,stda,5.033,246.3,0.0005,4.987,248.6,0.04600000000000026,-15.381,-5.916,9.465
dTolmp,toluene,stddft,5.005,247.7,0.0005,4.955,250.2,0.04999999999999982,-15.381,-5.916,9.465
dbG2TAZ,gas,stda,3.649,339.8,0.0401,3.049,406.6,0.6000000000000001,-14.267,-7.228,7.039
dbG2TAZ,gas,stddft,3.595,344.9,0.0378,2.998,413.5,0.597,-14.267,-7.228,7.039
dbG2TAZ,toluene,stda,3.65,339.7,0.0381,3.043,407.4,0.6069999999999998,-14.285,-7.252,7.033
dbG2TAZ,toluene,stddft,3.598,344.6,0.0359,2.993,414.3,0.605,-14.285,-7.252,7.033
diarylbiindole,gas,stda,3.654,339.3,0.177,2.666,465.1,0.988,-14.359,-7.838,6.521
diarylbiindole,gas,stddft,3.545,349.8,0.6816,2.598,477.2,0.9470000000000001,-14.359,-7.838,6.521
diarylbiindole,toluene,stda,3.643,340.3,0.1753,2.666,465.1,0.9769999999999999,-14.301,-7.775,6.526
diarylbiindole,toluene,stddft,3.54,350.3,0.6638,2.598,477.2,0.9420000000000002,-14.301,-7.775,6.526
dpmb,gas,stda,4.979,249.0,0.0009,4.818,257.3,0.16100000000000048,-15.063,-5.946,9.117
dpmb,gas,stddft,4.951,250.4,0.0009,4.779,259.4,0.1719999999999997,-15.063,-5.946,9.117
dpmb,toluene,stda,4.955,250.2,0.0014,4.829,256.7,0.12600000000000033,-15.012,-5.929,9.083
dpmb,toluene,stddft,4.927,251.7,0.0014,4.79,258.8,0.13699999999999957,-15.012,-5.929,9.083
dpmt,gas,stda,5.105,242.9,0.001,4.056,305.7,1.0490000000000004,-14.474,-5.951,8.523
dpmt,gas,stddft,5.076,244.3,0.0013,4.011,309.1,1.0649999999999995,-14.474,-5.951,8.523
dpmt,toluene,stda,5.09,243.6,0.0014,4.041,306.8,1.0489999999999995,-14.412,-5.92,8.492
dpmt,toluene,stddft,5.061,245.0,0.002,3.995,310.3,1.0659999999999998,-14.412,-5.92,8.492
ethylacetate,gas,stda,3.132,395.9,0.0016,3.0,413.2,0.13200000000000012,-13.66,-7.248,6.412
ethylacetate,gas,stddft,3.124,396.9,0.0016,2.984,415.5,0.14000000000000012,-13.66,-7.248,6.412
ethylacetate,toluene,stda,3.331,372.3,0.0089,3.159,392.5,0.17200000000000015,-13.693,-7.067,6.6259999999999994
ethylacetate,toluene,stddft,3.321,373.3,0.008,3.139,395.0,0.18200000000000038,-13.693,-7.067,6.6259999999999994
iTPBI-CN,gas,stda,4.234,292.8,0.2155,3.822,324.4,0.4119999999999999,-15.113,-7.636,7.476999999999999
iTPBI-CN,gas,stddft,4.208,294.7,0.204,3.793,326.9,0.41500000000000004,-15.113,-7.636,7.476999999999999
iTPBI-CN,toluene,stda,4.22,293.8,0.1576,3.742,331.4,0.47799999999999976,-14.965,-7.46,7.505
iTPBI-CN,toluene,stddft,4.195,295.6,0.155,3.714,333.9,0.4810000000000003,-14.965,-7.46,7.505
indenoacridine,gas,stda,2.215,559.9,0.5263,1.261,982.9,0.954,-13.341,-8.266,5.074999999999999
indenoacridine,gas,stddft,2.033,609.8,0.3562,1.175,1055.6,0.8579999999999999,-13.341,-8.266,5.074999999999999
indenoacridine,toluene,stda,2.157,574.8,0.5573,1.053,1177.8,1.104,-13.269,-8.351,4.917999999999999
indenoacridine,toluene,stddft,1.938,639.8,0.3653,0.918,1350.2,1.02,-13.269,-8.351,4.917999999999999
m-CF3PIBI,gas,stda,3.92,316.3,0.3909,3.488,355.5,0.43199999999999994,-14.46,-7.425,7.035000000000001
m-CF3PIBI,gas,stddft,3.884,319.2,0.3495,3.458,358.6,0.4259999999999997,-14.46,-7.425,7.035000000000001
m-CF3PIBI,toluene,stda,3.885,319.2,0.3646,3.497,354.6,0.3879999999999999,-14.33,-7.345,6.985
m-CF3PIBI,toluene,stddft,3.847,322.3,0.3266,3.467,357.6,0.3799999999999999,-14.33,-7.345,6.985
m-CZ-DPS-DMAC,gas,stda,3.854,321.7,0.3929,3.43,361.4,0.42399999999999993,-13.63,-6.702,6.928000000000001
m-CZ-DPS-DMAC,gas,stddft,3.798,326.5,0.3319,3.407,363.9,0.391,-13.63,-6.702,6.928000000000001
m-CZ-DPS-DMAC,toluene,stda,3.836,323.2,0.1224,3.348,370.3,0.488,-13.623,-6.589,7.033999999999999
m-CZ-DPS-DMAC,toluene,stddft,3.777,328.2,0.0946,3.328,372.6,0.4490000000000003,-13.623,-6.589,7.033999999999999
m-CzCNDMT,gas,stda,3.941,314.6,0.0945,3.529,351.4,0.4119999999999999,-14.578,-6.999,7.579
m-CzCNDMT,gas,stddft,3.887,318.9,0.0839,3.506,353.6,0.3810000000000002,-14.578,-6.999,7.579
m-CzCNDMT,toluene,stda,3.909,317.2,0.1063,3.481,356.2,0.42799999999999994,-14.438,-6.837,7.601000000000001
m-CzCNDMT,toluene,stddft,3.851,321.9,0.0938,3.458,358.5,0.3929999999999998,-14.438,-6.837,7.601000000000001
m-DHMPA,gas,stda,3.258,380.6,0.4347,2.248,551.5,1.0099999999999998,-14.283,-7.892,6.390999999999999
m-DHMPA,gas,stddft,3.076,403.0,0.3056,2.177,569.4,0.899,-14.283,-7.892,6.390999999999999
m-DHMPA,toluene,stda,3.264,379.8,0.4262,2.252,550.7,1.012,-14.238,-7.836,6.401999999999999
m-DHMPA,toluene,stddft,3.083,402.2,0.3009,2.181,568.6,0.9020000000000001,-14.238,-7.836,6.401999999999999
m-DTPACO,gas,stda,3.445,359.9,0.0319,3.018,410.9,0.42700000000000005,-13.835,-7.744,6.091000000000001
m-DTPACO,gas,stddft,3.414,363.2,0.0294,2.995,413.9,0.41900000000000004,-13.835,-7.744,6.091000000000001
m-DTPACO,toluene,stda,3.253,381.1,0.0471,2.793,443.9,0.45999999999999996,-13.64,-7.735,5.905
m-DTPACO,toluene,stddft,3.218,385.3,0.0442,2.769,447.7,0.44899999999999984,-13.64,-7.735,5.905
m-PCzTPD,gas,stda,3.666,338.2,0.5189,3.041,407.7,0.625,-14.165,-7.707,6.457999999999999
m-PCzTPD,gas,stddft,3.618,342.7,0.5183,3.004,412.8,0.6139999999999999,-14.165,-7.707,6.457999999999999
m-PCzTPD,toluene,stda,3.59,345.4,0.041,2.926,423.8,0.6639999999999997,-14.1,-7.657,6.443
m-PCzTPD,toluene,stddft,3.553,349.0,0.0592,2.88,430.4,0.673,-14.1,-7.657,6.443
m-PO-ABN,gas,stda,3.207,386.6,0.6391,2.254,550.1,0.9529999999999998,-14.49,-8.132,6.3580000000000005
m-PO-ABN,gas,stddft,3.048,406.7,0.4464,2.185,567.5,0.863,-14.49,-8.132,6.3580000000000005
m-PO-ABN,toluene,stda,3.21,386.3,0.6178,2.254,550.1,0.956,-14.373,-7.997,6.3759999999999994
m-PO-ABN,toluene,stddft,3.049,406.6,0.431,2.183,568.0,0.8660000000000001,-14.373,-7.997,6.3759999999999994
m-TPA-AP-TPA,gas,stda,3.201,387.4,1.0744,2.254,550.1,0.9470000000000001,-13.691,-7.953,5.738
m-TPA-AP-TPA,gas,stddft,3.085,401.9,0.7726,2.185,567.5,0.8999999999999999,-13.691,-7.953,5.738
m-TPA-AP-TPA,toluene,stda,3.199,387.6,0.9434,2.274,545.3,0.9249999999999998,-13.586,-7.796,5.79
m-TPA-AP-TPA,toluene,stddft,3.067,404.2,0.6619,2.203,562.8,0.8640000000000003,-13.586,-7.796,5.79
m-ν-DABNA,gas,stda,3.16,392.4,0.8979,2.8,442.8,0.3600000000000003,-13.316,-7.116,6.200000000000001
m-ν-DABNA,gas,stddft,3.116,397.9,0.7834,2.78,446.0,0.3360000000000003,-13.316,-7.116,6.200000000000001
m-ν-DABNA,toluene,stda,3.147,394.0,0.8814,2.793,443.9,0.35399999999999965,-13.158,-6.971,6.186999999999999
m-ν-DABNA,toluene,stddft,3.104,399.4,0.7715,2.773,447.2,0.33099999999999996,-13.158,-6.971,6.186999999999999
m2Cz2Trz,gas,stda,3.472,357.1,0.21,3.216,385.5,0.2559999999999998,-14.186,-7.729,6.457
m2Cz2Trz,gas,stddft,3.451,359.2,0.193,3.202,387.2,0.2490000000000001,-14.186,-7.729,6.457
m2Cz2Trz,toluene,stda,3.666,338.2,0.2158,3.367,368.2,0.29899999999999993,-14.045,-7.528,6.517
m2Cz2Trz,toluene,stddft,3.644,340.3,0.202,3.35,370.2,0.29400000000000004,-14.045,-7.528,6.517
mAP,gas,stda,4.095,302.7,0.0077,3.41,363.6,0.6849999999999996,-13.554,-6.269,7.285
mAP,gas,stddft,4.047,306.3,0.1246,3.378,367.1,0.6689999999999996,-13.554,-6.269,7.285
mAP,toluene,stda,4.082,303.8,0.0939,3.385,366.3,0.6970000000000001,-13.394,-6.043,7.351
mAP,toluene,stddft,4.026,307.9,0.0591,3.353,369.8,0.6729999999999996,-13.394,-6.043,7.351
mCBP,gas,stda,3.918,316.5,0.1474,3.443,360.1,0.4750000000000001,-14.212,-6.767,7.444999999999999
mCBP,gas,stddft,3.853,321.8,0.1266,3.42,362.5,0.4330000000000003,-14.212,-6.767,7.444999999999999
mCBP,toluene,stda,3.907,317.4,0.1438,3.423,362.2,0.484,-14.125,-6.651,7.474
mCBP,toluene,stddft,3.84,322.9,0.1234,3.4,364.7,0.43999999999999995,-14.125,-6.651,7.474
mCP,gas,stda,3.906,317.5,0.3371,3.415,363.1,0.4910000000000001,-14.199,-6.645,7.554
mCP,gas,stddft,3.841,322.8,0.2854,3.391,365.7,0.4500000000000002,-14.199,-6.645,7.554
mCP,toluene,stda,3.889,318.8,0.3023,3.394,365.3,0.49499999999999966,-14.103,-6.562,7.5409999999999995
mCP,toluene,stddft,3.821,324.5,0.2549,3.37,367.9,0.45100000000000007,-14.103,-6.562,7.5409999999999995
mCP-BP-DMAC,gas,stda,3.106,399.2,0.0166,2.743,451.9,0.363,-13.134,-7.604,5.53
mCP-BP-DMAC,gas,stddft,3.069,404.0,0.0142,2.713,457.1,0.35599999999999987,-13.134,-7.604,5.53
mCP-BP-DMAC,toluene,stda,3.115,398.0,0.0174,2.751,450.8,0.3640000000000003,-13.131,-7.559,5.572
mCP-BP-DMAC,toluene,stddft,3.078,402.9,0.0135,2.719,456.0,0.359,-13.131,-7.559,5.572
mCP-BmPy,gas,stda,3.887,319.0,0.3402,3.426,361.9,0.46099999999999985,-14.183,-7.006,7.177
mCP-BmPy,gas,stddft,3.828,323.9,0.2773,3.402,364.4,0.4259999999999997,-14.183,-7.006,7.177
mCP-BmPy,toluene,stda,3.777,328.3,0.3317,3.379,366.9,0.39800000000000013,-14.006,-6.932,7.074
mCP-BmPy,toluene,stddft,3.712,334.0,0.2795,3.357,369.4,0.355,-14.006,-6.932,7.074
mCP-Ph,gas,stda,3.839,322.9,0.3221,3.427,361.8,0.4119999999999999,-14.163,-6.728,7.4350000000000005
mCP-Ph,gas,stddft,3.78,328.0,0.2761,3.405,364.1,0.375,-14.163,-6.728,7.4350000000000005
mCP-Ph,toluene,stda,3.81,325.5,0.3078,3.39,365.8,0.41999999999999993,-14.004,-6.577,7.427
mCP-Ph,toluene,stddft,3.744,331.1,0.2599,3.367,368.2,0.3770000000000002,-14.004,-6.577,7.427
mCP-Py,gas,stda,3.897,318.2,0.3082,3.421,362.4,0.476,-14.166,-6.787,7.3790000000000004
mCP-Py,gas,stddft,3.837,323.1,0.2147,3.398,364.9,0.43900000000000006,-14.166,-6.787,7.3790000000000004
mCP-Py,toluene,stda,3.807,325.7,0.3283,3.388,365.9,0.41900000000000004,-14.021,-6.642,7.3790000000000004
mCP-Py,toluene,stddft,3.743,331.3,0.2782,3.366,368.3,0.3769999999999998,-14.021,-6.642,7.3790000000000004
mCz-TAn-CN,gas,stda,3.223,384.7,0.5396,2.301,538.8,0.9219999999999997,-14.246,-8.016,6.23
mCz-TAn-CN,gas,stddft,3.072,403.5,0.391,2.236,554.6,0.8359999999999999,-14.246,-8.016,6.23
mCz-TAn-CN,toluene,stda,3.29,376.8,0.5226,2.325,533.2,0.9649999999999999,-14.12,-7.801,6.318999999999999
mCz-TAn-CN,toluene,stddft,3.14,394.9,0.3803,2.259,548.7,0.8810000000000002,-14.12,-7.801,6.318999999999999
mDPBPZ-DPXZ,gas,stda,2.87,432.0,0.6926,2.613,474.6,0.2570000000000001,-13.199,-8.507,4.692
mDPBPZ-DPXZ,gas,stddft,2.849,435.1,0.6329,2.601,476.6,0.24800000000000022,-13.199,-8.507,4.692
mDPBPZ-DPXZ,toluene,stda,2.923,424.1,0.6392,2.684,461.9,0.23899999999999988,-13.138,-8.446,4.692
mDPBPZ-DPXZ,toluene,stddft,2.905,426.8,0.5914,2.673,463.8,0.23199999999999976,-13.138,-8.446,4.692
mP2MPC,gas,stda,3.812,325.3,0.3059,3.419,362.6,0.3929999999999998,-14.164,-6.978,7.186
mP2MPC,gas,stddft,3.767,329.1,0.2609,3.391,365.7,0.3759999999999999,-14.164,-6.978,7.186
mP2MPC,toluene,stda,3.777,328.2,0.2825,3.387,366.1,0.3900000000000001,-14.127,-6.93,7.197000000000001
mP2MPC,toluene,stddft,3.734,332.1,0.2578,3.363,368.6,0.371,-14.127,-6.93,7.197000000000001
mPTBC,gas,stda,2.986,415.2,0.2837,2.705,458.4,0.28100000000000014,-13.527,-7.894,5.632999999999999
mPTBC,gas,stddft,2.962,418.5,0.2502,2.694,460.2,0.26800000000000024,-13.527,-7.894,5.632999999999999
mPTBC,toluene,stda,2.949,420.4,0.2783,2.671,464.2,0.278,-13.268,-7.741,5.527000000000001
mPTBC,toluene,stddft,2.926,423.8,0.246,2.661,466.0,0.2650000000000001,-13.268,-7.741,5.527000000000001
mPXTMP,gas,stda,3.871,320.3,0.0007,3.455,358.9,0.4159999999999999,-13.771,-6.449,7.322000000000001
mPXTMP,gas,stddft,3.836,323.2,0.0006,3.427,361.8,0.4089999999999998,-13.771,-6.449,7.322000000000001
mPXTMP,toluene,stda,3.902,317.7,0.0019,3.485,355.8,0.41700000000000026,-13.831,-6.456,7.374999999999999
mPXTMP,toluene,stddft,3.867,320.6,0.0018,3.457,358.7,0.41000000000000014,-13.831,-6.456,7.374999999999999
mTPA-PPI,gas,stda,3.791,327.0,0.5561,3.428,361.7,0.363,-13.727,-6.968,6.759
mTPA-PPI,gas,stddft,3.754,330.2,0.4782,3.397,365.0,0.3570000000000002,-13.727,-6.968,6.759
mTPA-PPI,toluene,stda,3.748,330.8,0.5607,3.383,366.5,0.3650000000000002,-13.561,-6.923,6.638
mTPA-PPI,toluene,stddft,3.71,334.2,0.4756,3.357,369.3,0.35299999999999976,-13.561,-6.923,6.638
mTPA–PPI,gas,stda,3.794,326.8,0.5346,3.432,361.2,0.3620000000000001,-13.726,-6.964,6.7620000000000005
mTPA–PPI,gas,stddft,3.757,330.0,0.4594,3.402,364.4,0.355,-13.726,-6.964,6.7620000000000005
mTPA–PPI,toluene,stda,3.749,330.8,0.5946,3.385,366.2,0.3640000000000003,-13.565,-6.93,6.635
mTPA–PPI,toluene,stddft,3.711,334.1,0.5021,3.36,369.0,0.351,-13.565,-6.93,6.635
o-Ac2BBP,gas,stda,3.313,374.2,0.2593,2.78,446.0,0.5330000000000004,-13.582,-7.817,5.765000000000001
o-Ac2BBP,gas,stddft,3.294,376.4,0.2864,2.749,451.1,0.5449999999999999,-13.582,-7.817,5.765000000000001
o-Ac2BBP,toluene,stda,3.233,383.5,0.0667,3.106,399.1,0.12700000000000022,-13.32,-7.823,5.497
o-Ac2BBP,toluene,stddft,3.226,384.4,0.0641,3.099,400.1,0.12699999999999978,-13.32,-7.823,5.497
o-CzOXD,gas,stda,3.756,330.1,0.3198,3.415,363.1,0.34099999999999975,-14.093,-7.432,6.661
o-CzOXD,gas,stddft,3.73,332.4,0.2658,3.391,365.6,0.33899999999999997,-14.093,-7.432,6.661
o-CzOXD,toluene,stda,3.725,332.9,0.2886,3.38,366.8,0.3450000000000002,-14.053,-7.352,6.7010000000000005
o-CzOXD,toluene,stddft,3.698,335.3,0.2559,3.356,369.4,0.3420000000000001,-14.053,-7.352,6.7010000000000005
o-PCzTPD,gas,stda,3.721,333.2,0.2236,3.276,378.4,0.4450000000000003,-14.022,-7.237,6.785
o-PCzTPD,gas,stddft,3.699,335.2,0.2044,3.239,382.8,0.45999999999999996,-14.022,-7.237,6.785
o-PCzTPD,toluene,stda,3.756,330.1,0.0276,3.335,371.8,0.4209999999999998,-13.757,-6.866,6.891
o-PCzTPD,toluene,stddft,3.71,334.2,0.0301,3.298,376.0,0.4119999999999999,-13.757,-6.866,6.891
o-Px2BBP,gas,stda,2.777,446.4,0.3445,2.386,519.6,0.391,-13.088,-7.877,5.210999999999999
o-Px2BBP,gas,stddft,2.742,452.2,0.3008,2.371,522.9,0.371,-13.088,-7.877,5.210999999999999
o-Px2BBP,toluene,stda,2.98,416.1,0.3215,2.681,462.5,0.29899999999999993,-13.112,-7.952,5.16
o-Px2BBP,toluene,stddft,2.963,418.5,0.2852,2.671,464.3,0.29200000000000026,-13.112,-7.952,5.16
o-TPA-AP-TPA,gas,stda,3.127,396.5,0.8104,2.213,560.2,0.9139999999999997,-13.622,-7.876,5.7459999999999996
o-TPA-AP-TPA,gas,stddft,3.008,412.2,0.5779,2.145,578.1,0.863,-13.622,-7.876,5.7459999999999996
o-TPA-AP-TPA,toluene,stda,3.107,399.1,0.8245,2.199,563.8,0.9080000000000004,-13.425,-7.693,5.732000000000001
o-TPA-AP-TPA,toluene,stddft,2.989,414.8,0.5899,2.131,581.8,0.8580000000000001,-13.425,-7.693,5.732000000000001
oCBP,gas,stda,3.858,321.3,0.1346,3.378,367.0,0.48,-13.797,-6.612,7.1850000000000005
oCBP,gas,stddft,3.79,327.1,0.1134,3.356,369.5,0.43400000000000016,-13.797,-6.612,7.1850000000000005
oCBP,toluene,stda,3.816,324.9,0.143,3.328,372.5,0.488,-13.572,-6.334,7.2379999999999995
oCBP,toluene,stddft,3.748,330.8,0.1175,3.306,375.1,0.44200000000000017,-13.572,-6.334,7.2379999999999995
oDTBPZ-DPXZ,gas,stda,2.985,415.3,0.6449,2.736,453.2,0.24899999999999967,-13.169,-8.352,4.817
oDTBPZ-DPXZ,gas,stddft,2.966,418.0,0.5947,2.724,455.2,0.242,-13.169,-8.352,4.817
oDTBPZ-DPXZ,toluene,stda,3.042,407.6,0.5814,2.813,440.8,0.22899999999999965,-13.135,-8.301,4.834
oDTBPZ-DPXZ,toluene,stddft,3.025,409.9,0.5435,2.801,442.6,0.22399999999999975,-13.135,-8.301,4.834
oDTPA-DTPZ,gas,stda,2.98,416.1,0.0413,2.495,496.9,0.4849999999999999,-13.609,-8.195,5.414
oDTPA-DTPZ,gas,stddft,2.906,426.6,0.0295,2.456,504.8,0.4500000000000002,-13.609,-8.195,5.414
oDTPA-DTPZ,toluene,stda,3.07,403.8,0.0355,2.549,486.3,0.5209999999999999,-13.507,-8.177,5.33
oDTPA-DTPZ,toluene,stddft,2.993,414.2,0.0251,2.508,494.4,0.4849999999999999,-13.507,-8.177,5.33
oPTBC,gas,stda,2.726,454.8,0.0935,2.573,481.8,0.15300000000000002,-13.466,-7.728,5.7379999999999995
oPTBC,gas,stddft,2.713,457.0,0.0811,2.566,483.1,0.14700000000000024,-13.466,-7.728,5.7379999999999995
oPTBC,toluene,stda,2.711,457.3,0.0915,2.56,484.3,0.1509999999999998,-13.05,-7.42,5.630000000000001
oPTBC,toluene,stddft,2.698,459.5,0.0798,2.553,485.6,0.14500000000000002,-13.05,-7.42,5.630000000000001
oTPAPO-DTPZ,gas,stda,2.96,418.9,0.049,2.466,502.8,0.4939999999999998,-13.576,-8.194,5.382
oTPAPO-DTPZ,gas,stddft,2.883,430.0,0.0355,2.426,511.2,0.45699999999999985,-13.576,-8.194,5.382
oTPAPO-DTPZ,toluene,stda,3.021,410.4,0.0497,2.51,493.9,0.5110000000000001,-13.519,-8.243,5.276
oTPAPO-DTPZ,toluene,stddft,2.942,421.4,0.0368,2.469,502.1,0.4730000000000003,-13.519,-8.243,5.276
p-DHMPA,gas,stda,3.254,381.0,0.4532,2.244,552.5,1.0099999999999998,-14.245,-7.865,6.379999999999999
p-DHMPA,gas,stddft,3.076,403.0,0.32,2.172,570.7,0.9039999999999999,-14.245,-7.865,6.379999999999999
p-DHMPA,toluene,stda,3.279,378.2,0.4219,2.258,549.2,1.021,-14.232,-7.815,6.416999999999999
p-DHMPA,toluene,stddft,3.098,400.3,0.2986,2.185,567.5,0.9129999999999998,-14.232,-7.815,6.416999999999999
p-DTPACO,gas,stda,3.404,364.3,1.8591,2.82,439.7,0.5840000000000001,-13.894,-7.905,5.989
p-DTPACO,gas,stddft,3.36,369.0,1.6506,2.794,443.8,0.5659999999999998,-13.894,-7.905,5.989
p-DTPACO,toluene,stda,3.354,369.7,1.5125,2.713,456.9,0.641,-13.854,-7.957,5.896999999999999
p-DTPACO,toluene,stddft,3.306,375.0,1.3427,2.685,461.8,0.621,-13.854,-7.957,5.896999999999999
p-PCzTPD,gas,stda,3.446,359.8,2.2282,2.864,432.9,0.5820000000000003,-14.086,-7.784,6.3020000000000005
p-PCzTPD,gas,stddft,3.409,363.7,1.9739,2.824,439.1,0.585,-14.086,-7.784,6.3020000000000005
p-PCzTPD,toluene,stda,3.432,361.3,2.2174,2.836,437.1,0.5960000000000001,-13.977,-7.682,6.295
p-PCzTPD,toluene,stddft,3.393,365.4,1.9562,2.794,443.7,0.5989999999999998,-13.977,-7.682,6.295
p-PO-ABN,gas,stda,3.226,384.3,1.0467,2.246,551.9,0.98,-14.455,-8.177,6.2780000000000005
p-PO-ABN,gas,stddft,3.086,401.8,0.7278,2.177,569.6,0.9089999999999998,-14.455,-8.177,6.2780000000000005
p-PO-ABN,toluene,stda,3.212,386.0,1.0158,2.266,547.1,0.9460000000000002,-14.347,-8.03,6.317
p-PO-ABN,toluene,stddft,3.07,403.8,0.7121,2.196,564.6,0.8739999999999997,-14.347,-8.03,6.317
p-PO15NCzDPA,gas,stda,3.207,386.6,0.6746,2.257,549.2,0.9499999999999997,-14.277,-7.936,6.340999999999999
p-PO15NCzDPA,gas,stddft,3.047,406.9,0.4898,2.187,566.9,0.8600000000000003,-14.277,-7.936,6.340999999999999
p-PO15NCzDPA,toluene,stda,3.215,385.6,0.6454,2.26,548.7,0.9550000000000001,-14.235,-7.872,6.3629999999999995
p-PO15NCzDPA,toluene,stddft,3.05,406.5,0.4663,2.189,566.5,0.8609999999999998,-14.235,-7.872,6.3629999999999995
p-TPA-AP-TPA,gas,stda,3.253,381.2,1.4734,2.297,539.8,0.956,-13.661,-7.91,5.7509999999999994
p-TPA-AP-TPA,gas,stddft,3.138,395.1,1.0226,2.228,556.5,0.9099999999999997,-13.661,-7.91,5.7509999999999994
p-TPA-AP-TPA,toluene,stda,3.243,382.3,1.3797,2.291,541.3,0.952,-13.557,-7.827,5.73
p-TPA-AP-TPA,toluene,stddft,3.122,397.2,0.9504,2.22,558.4,0.9019999999999997,-13.557,-7.827,5.73
p2Cz2Trz,gas,stda,3.258,380.6,0.1474,3.057,405.6,0.20100000000000007,-13.999,-7.906,6.093000000000001
p2Cz2Trz,gas,stddft,3.235,383.3,0.1297,3.046,407.0,0.18900000000000006,-13.999,-7.906,6.093000000000001
p2Cz2Trz,toluene,stda,3.3,375.8,0.1487,3.096,400.5,0.20399999999999974,-13.851,-7.739,6.112000000000001
p2Cz2Trz,toluene,stddft,3.276,378.4,0.1314,3.085,401.9,0.19099999999999984,-13.851,-7.739,6.112000000000001
pCNBCzoCF3,gas,stda,3.879,319.6,0.7737,3.457,358.7,0.42200000000000015,-14.253,-7.649,6.604
pCNBCzoCF3,gas,stddft,3.833,323.4,0.2682,3.438,360.6,0.395,-14.253,-7.649,6.604
pCNBCzoCF3,toluene,stda,3.839,322.9,1.0421,3.441,360.3,0.39800000000000013,-14.044,-7.519,6.525
pCNBCzoCF3,toluene,stddft,3.804,325.9,0.8421,3.424,362.1,0.3799999999999999,-14.044,-7.519,6.525
pCbz-PYR,gas,stda,3.872,320.2,1.0415,3.496,354.6,0.3759999999999999,-14.365,-7.104,7.261
pCbz-PYR,gas,stddft,3.839,322.9,0.9302,3.476,356.7,0.363,-14.365,-7.104,7.261
pCbz-PYR,toluene,stda,3.854,321.7,1.0697,3.488,355.4,0.3660000000000001,-14.262,-7.02,7.242000000000001
pCbz-PYR,toluene,stddft,3.82,324.6,0.9506,3.468,357.5,0.35199999999999987,-14.262,-7.02,7.242000000000001
pCzAnBzt,gas,stda,3.285,377.4,0.6744,2.279,544.0,1.0060000000000002,-14.232,-8.134,6.097999999999999
pCzAnBzt,gas,stddft,3.122,397.1,0.4747,2.209,561.4,0.9129999999999998,-14.232,-8.134,6.097999999999999
pCzAnBzt,toluene,stda,3.293,376.5,0.652,2.278,544.2,1.0150000000000001,-14.108,-7.949,6.159000000000001
pCzAnBzt,toluene,stddft,3.13,396.1,0.4629,2.208,561.6,0.9219999999999997,-14.108,-7.949,6.159000000000001
pCzAnN,gas,stda,3.27,379.2,0.7708,2.252,550.6,1.0180000000000002,-14.143,-7.954,6.189000000000001
pCzAnN,gas,stddft,3.115,398.0,0.5475,2.182,568.3,0.9330000000000003,-14.143,-7.954,6.189000000000001
pCzAnN,toluene,stda,3.287,377.2,0.7107,2.259,548.9,1.028,-14.095,-7.867,6.228000000000001
pCzAnN,toluene,stddft,3.128,396.3,0.5031,2.189,566.5,0.9390000000000001,-14.095,-7.867,6.228000000000001
pDPAPQ-PXZ,gas,stda,2.066,600.1,0.2948,1.821,680.9,0.24499999999999988,-13.334,-8.465,4.869
pDPAPQ-PXZ,gas,stddft,2.042,607.2,0.2639,1.808,685.8,0.23399999999999976,-13.334,-8.465,4.869
pDPAPQ-PXZ,toluene,stda,2.032,610.1,0.291,1.786,694.3,0.246,-13.222,-8.411,4.811
pDPAPQ-PXZ,toluene,stddft,2.007,617.6,0.2607,1.773,699.4,0.2340000000000002,-13.222,-8.411,4.811
pDPBPZ-PXZ,gas,stda,2.985,415.4,0.4127,2.757,449.7,0.22799999999999976,-13.23,-8.526,4.704000000000001
pDPBPZ-PXZ,gas,stddft,2.97,417.4,0.3878,2.726,454.8,0.24400000000000022,-13.23,-8.526,4.704000000000001
pDPBPZ-PXZ,toluene,stda,2.99,414.7,0.4105,2.768,447.9,0.22200000000000042,-13.174,-8.479,4.695
pDPBPZ-PXZ,toluene,stddft,2.975,416.7,0.3862,2.737,452.9,0.238,-13.174,-8.479,4.695
pDTCz-2DPyS,gas,stda,3.707,334.4,0.1711,3.348,370.4,0.359,-14.155,-7.187,6.967999999999999
pDTCz-2DPyS,gas,stddft,3.686,336.4,0.1646,3.329,372.4,0.35699999999999976,-14.155,-7.187,6.967999999999999
pDTCz-2DPyS,toluene,stda,3.732,332.2,0.1279,3.277,378.3,0.45500000000000007,-13.925,-7.11,6.815
pDTCz-2DPyS,toluene,stddft,3.698,335.3,0.116,3.259,380.5,0.43900000000000006,-13.925,-7.11,6.815
pDTPA-DTPZ,gas,stda,2.947,420.7,0.5629,2.424,511.6,0.5230000000000001,-13.486,-8.197,5.2890000000000015
pDTPA-DTPZ,gas,stddft,2.874,431.4,0.4251,2.381,520.6,0.4930000000000003,-13.486,-8.197,5.2890000000000015
pDTPA-DTPZ,toluene,stda,2.978,416.3,0.6901,2.442,507.7,0.536,-13.453,-8.156,5.296999999999999
pDTPA-DTPZ,toluene,stddft,2.906,426.6,0.5147,2.399,516.8,0.5070000000000001,-13.453,-8.156,5.296999999999999
pSFIAc2,gas,stda,3.096,400.5,0.4214,2.665,465.3,0.43100000000000005,-13.298,-6.926,6.372
pSFIAc2,gas,stddft,3.011,411.7,0.3386,2.641,469.5,0.3700000000000001,-13.298,-6.926,6.372
pSFIAc2,toluene,stda,3.09,401.2,0.4112,2.655,466.9,0.43500000000000005,-13.115,-6.78,6.335
pSFIAc2,toluene,stddft,3.008,412.1,0.3323,2.632,471.1,0.3759999999999999,-13.115,-6.78,6.335
phenazasiline,gas,stda,3.23,383.9,0.0069,3.154,393.1,0.07600000000000007,-15.526,-8.358,7.167999999999999
phenazasiline,gas,stddft,3.229,384.0,0.0069,3.119,397.5,0.10999999999999988,-15.526,-8.358,7.167999999999999
phenazasiline,toluene,stda,3.191,388.6,0.0068,3.167,391.5,0.02400000000000002,-15.585,-8.412,7.173
phenazasiline,toluene,stddft,3.19,388.7,0.0068,3.137,395.3,0.052999999999999936,-15.585,-8.412,7.173
phenylperylene,gas,stda,3.105,399.3,0.717,2.123,584.0,0.9819999999999998,-14.072,-8.146,5.925999999999998
phenylperylene,gas,stddft,2.961,418.8,0.5057,2.056,603.1,0.9049999999999998,-14.072,-8.146,5.925999999999998
phenylperylene,toluene,stda,3.113,398.3,0.7235,2.128,582.7,0.9849999999999999,-14.083,-8.152,5.931000000000001
phenylperylene,toluene,stddft,2.968,417.8,0.5111,2.061,601.7,0.907,-14.083,-8.152,5.931000000000001
poCz-SO,gas,stda,3.98,311.5,0.0692,3.54,350.3,0.43999999999999995,-14.518,-6.614,7.904000000000001
poCz-SO,gas,stddft,3.903,317.7,0.0585,3.516,352.6,0.387,-14.518,-6.614,7.904000000000001
poCz-SO,toluene,stda,3.968,312.5,0.0594,3.538,350.5,0.43000000000000016,-14.624,-6.727,7.897
poCz-SO,toluene,stddft,3.893,318.5,0.0498,3.513,352.9,0.3799999999999999,-14.624,-6.727,7.897
pzpy,gas,stda,3.196,388.0,0.6901,2.254,550.1,0.9420000000000002,-14.451,-8.13,6.321
pzpy,gas,stddft,3.038,408.1,0.503,2.184,567.7,0.8539999999999996,-14.451,-8.13,6.321
pzpy,toluene,stda,3.22,385.1,0.6313,2.259,548.9,0.9610000000000003,-14.229,-7.854,6.374999999999999
pzpy,toluene,stddft,3.053,406.1,0.4547,2.188,566.7,0.8649999999999998,-14.229,-7.854,6.374999999999999
s-triazine,gas,stda,4.92,252.0,0.008,4.865,254.8,0.054999999999999716,-15.746,-6.3,9.446000000000002
s-triazine,gas,stddft,4.888,253.7,0.008,4.845,255.9,0.04300000000000015,-15.746,-6.3,9.446000000000002
s-triazine,toluene,stda,5.028,246.6,0.0038,4.977,249.1,0.05099999999999927,-15.866,-6.187,9.678999999999998
s-triazine,toluene,stddft,4.998,248.1,0.0038,4.936,251.2,0.06200000000000028,-15.866,-6.187,9.678999999999998
t-BuPCz,gas,stda,3.873,320.1,0.0429,3.469,357.4,0.40400000000000036,-14.247,-6.571,7.676
t-BuPCz,gas,stddft,3.805,325.8,0.0375,3.445,359.9,0.3600000000000003,-14.247,-6.571,7.676
t-BuPCz,toluene,stda,3.888,318.9,0.0433,3.476,356.7,0.4119999999999999,-14.257,-6.57,7.686999999999999
t-BuPCz,toluene,stddft,3.819,324.7,0.0378,3.452,359.2,0.367,-14.257,-6.57,7.686999999999999
t-DABNA,gas,stda,3.143,394.5,0.467,2.654,467.2,0.4889999999999999,-13.462,-6.985,6.476999999999999
t-DABNA,gas,stddft,3.061,405.1,0.3778,2.628,471.7,0.43299999999999983,-13.462,-6.985,6.476999999999999
t-DABNA,toluene,stda,3.136,395.4,0.4709,2.648,468.2,0.488,-13.381,-6.919,6.462000000000001
t-DABNA,toluene,stddft,3.053,406.1,0.3806,2.622,472.8,0.43100000000000005,-13.381,-6.919,6.462000000000001
t3Cz-SO,gas,stda,3.605,343.9,0.2065,3.156,392.9,0.44899999999999984,-13.771,-6.908,6.863
t3Cz-SO,gas,stddft,3.537,350.6,0.1741,3.135,395.4,0.40200000000000014,-13.771,-6.908,6.863
t3Cz-SO,toluene,stda,3.634,341.1,0.2438,3.188,388.9,0.44599999999999973,-13.573,-6.682,6.891
t3Cz-SO,toluene,stddft,3.568,347.4,0.206,3.168,391.4,0.3999999999999999,-13.573,-6.682,6.891
tBuCz2,gas,stda,3.675,337.3,0.0491,3.206,386.8,0.46899999999999986,-13.752,-6.765,6.987000000000001
tBuCz2,gas,stddft,3.603,344.1,0.0398,3.183,389.5,0.4200000000000004,-13.752,-6.765,6.987000000000001
tBuCz2,toluene,stda,3.716,333.6,0.0421,3.259,380.5,0.4570000000000003,-13.643,-6.61,7.033
tBuCz2,toluene,stddft,3.649,339.8,0.0335,3.237,383.1,0.4119999999999999,-13.643,-6.61,7.033
tBuCzDBA,gas,stda,3.005,412.6,0.0015,2.942,421.5,0.06299999999999972,-13.994,-9.235,4.759
tBuCzDBA,gas,stddft,3.005,412.7,0.0015,2.916,425.2,0.08899999999999997,-13.994,-9.235,4.759
tBuCzDBA,toluene,stda,3.124,396.9,0.0002,2.944,421.1,0.18000000000000016,-13.882,-8.97,4.911999999999999
tBuCzDBA,toluene,stddft,3.124,396.9,0.0002,2.918,424.9,0.20599999999999996,-13.882,-8.97,4.911999999999999
tCTM,gas,stda,3.701,335.0,0.706,3.311,374.5,0.3900000000000001,-14.171,-7.661,6.51
tCTM,gas,stddft,3.654,339.3,0.5878,3.29,376.8,0.3639999999999999,-14.171,-7.661,6.51
tCTM,toluene,stda,3.621,342.4,0.2738,3.251,381.3,0.3700000000000001,-14.075,-7.654,6.420999999999999
tCTM,toluene,stddft,3.597,344.7,0.4974,3.231,383.7,0.3660000000000001,-14.075,-7.654,6.420999999999999
tCbz-mPYRs,gas,stda,3.826,324.1,0.638,3.433,361.1,0.39300000000000024,-14.166,-6.713,7.453
tCbz-mPYRs,gas,stddft,3.782,327.8,0.5521,3.412,363.4,0.3700000000000001,-14.166,-6.713,7.453
tCbz-mPYRs,toluene,stda,3.819,324.7,0.6238,3.409,363.7,0.41000000000000014,-14.047,-6.603,7.444000000000001
tCbz-mPYRs,toluene,stddft,3.774,328.5,0.536,3.387,366.0,0.387,-14.047,-6.603,7.444000000000001
tDMAC-BN,gas,stda,3.042,407.6,0.4887,2.631,471.2,0.41100000000000003,-13.489,-7.164,6.325000000000001
tDMAC-BN,gas,stddft,2.977,416.5,0.399,2.611,474.8,0.36599999999999966,-13.489,-7.164,6.325000000000001
tDMAC-BN,toluene,stda,3.007,412.4,0.4669,2.602,476.4,0.40500000000000025,-13.28,-6.992,6.287999999999999
tDMAC-BN,toluene,stddft,2.943,421.2,0.3812,2.582,480.1,0.3610000000000002,-13.28,-6.992,6.287999999999999
tDPAC-BN,gas,stda,3.137,395.3,0.4632,2.674,463.6,0.4630000000000001,-13.513,-7.085,6.428
tDPAC-BN,gas,stddft,3.06,405.1,0.3722,2.652,467.6,0.4079999999999999,-13.513,-7.085,6.428
tDPAC-BN,toluene,stda,3.124,396.8,0.4333,2.651,467.7,0.4730000000000003,-13.291,-6.893,6.398000000000001
tDPAC-BN,toluene,stddft,3.048,406.8,0.3479,2.628,471.8,0.41999999999999993,-13.291,-6.893,6.398000000000001
teracridan,gas,stda,4.08,303.9,0.0554,3.596,344.8,0.484,-13.707,-6.091,7.6160000000000005
teracridan,gas,stddft,4.024,308.1,0.047,3.569,347.4,0.45500000000000007,-13.707,-6.091,7.6160000000000005
teracridan,toluene,stda,4.217,294.0,0.0262,3.684,336.5,0.5329999999999995,-13.783,-5.788,7.994999999999999
teracridan,toluene,stddft,4.156,298.3,0.0195,3.654,339.3,0.5019999999999998,-13.783,-5.788,7.994999999999999
thio-ether,gas,stda,0.672,1843.9,0.0061,0.255,4854.4,0.41700000000000004,-13.359,-9.162,4.196999999999999
thio-ether,gas,stddft,0.562,2206.7,0.0023,0.121,10230.7,0.44100000000000006,-13.359,-9.162,4.196999999999999
thio-ether,toluene,stda,0.736,1684.4,0.0072,0.304,4073.3,0.432,-13.327,-9.031,4.295999999999999
thio-ether,toluene,stddft,0.625,1985.2,0.0029,0.192,6462.1,0.433,-13.327,-9.031,4.295999999999999
trimesitylboron,gas,stda,4.015,308.8,0.1751,3.702,334.9,0.3129999999999997,-15.355,-7.657,7.698
trimesitylboron,gas,stddft,3.997,310.2,0.1564,3.684,336.6,0.3129999999999997,-15.355,-7.657,7.698
trimesitylboron,toluene,stda,4.044,306.6,0.1827,3.724,333.0,0.3199999999999994,-15.305,-7.582,7.723
trimesitylboron,toluene,stddft,4.026,308.0,0.1647,3.705,334.6,0.32099999999999973,-15.305,-7.582,7.723
t–BuCz2BP,gas,stda,3.737,331.8,1.1208,3.241,382.6,0.496,-14.155,-7.812,6.342999999999999
t–BuCz2BP,gas,stddft,3.701,335.0,0.9414,3.221,385.0,0.48,-14.155,-7.812,6.342999999999999
t–BuCz2BP,toluene,stda,3.694,335.7,0.0709,3.204,386.9,0.48999999999999977,-14.046,-7.719,6.326999999999999
t–BuCz2BP,toluene,stddft,3.674,337.5,0.2007,3.184,389.4,0.48999999999999977,-14.046,-7.719,6.326999999999999
α-2CbPN,gas,stda,3.696,335.4,0.2529,3.306,375.0,0.3900000000000001,-14.698,-7.818,6.880000000000001
α-2CbPN,gas,stddft,3.661,338.7,0.2235,3.283,377.6,0.3780000000000001,-14.698,-7.818,6.880000000000001
α-2CbPN,toluene,stda,3.505,353.7,0.2885,3.103,399.6,0.4019999999999997,-14.442,-7.824,6.618
α-2CbPN,toluene,stddft,3.467,357.6,0.2529,3.081,402.4,0.3860000000000001,-14.442,-7.824,6.618
α-2DMAC-DBP,gas,stda,2.452,505.6,0.0992,2.324,533.5,0.1280000000000001,-13.499,-8.253,5.246
α-2DMAC-DBP,gas,stddft,2.442,507.8,0.0916,2.312,536.4,0.13000000000000034,-13.499,-8.253,5.246
α-2DMAC-DBP,toluene,stda,2.493,497.3,0.0934,2.372,522.7,0.121,-13.421,-8.177,5.244
α-2DMAC-DBP,toluene,stddft,2.483,499.3,0.0868,2.36,525.4,0.12300000000000022,-13.421,-8.177,5.244
α-DMAC-DBP,gas,stda,2.557,484.9,0.0597,2.44,508.2,0.11699999999999999,-13.532,-8.236,5.295999999999999
α-DMAC-DBP,gas,stddft,2.547,486.7,0.0548,2.43,510.3,0.11699999999999999,-13.532,-8.236,5.295999999999999
α-DMAC-DBP,toluene,stda,2.565,483.4,0.0528,2.464,503.1,0.10099999999999998,-13.503,-8.241,5.2620000000000005
α-DMAC-DBP,toluene,stddft,2.557,485.0,0.0488,2.455,505.0,0.10199999999999987,-13.503,-8.241,5.2620000000000005
β-DI-DBP,gas,stda,3.287,377.2,0.0163,3.014,411.3,0.27300000000000013,-13.745,-8.246,5.498999999999999
β-DI-DBP,gas,stddft,3.284,377.5,0.0213,2.984,415.5,0.2999999999999998,-13.745,-8.246,5.498999999999999
β-DI-DBP,toluene,stda,3.264,379.9,0.0215,2.984,415.4,0.2799999999999998,-13.669,-8.271,5.398
β-DI-DBP,toluene,stddft,3.261,380.2,0.0306,2.955,419.5,0.30600000000000005,-13.669,-8.271,5.398
δ-2CbPN,gas,stda,3.514,352.8,0.2362,3.161,392.2,0.35299999999999976,-14.711,-8.053,6.6579999999999995
δ-2CbPN,gas,stddft,3.482,356.1,0.2086,3.14,394.9,0.3420000000000001,-14.711,-8.053,6.6579999999999995
δ-2CbPN,toluene,stda,3.399,364.8,0.2633,3.035,408.6,0.3639999999999999,-14.439,-7.944,6.495
δ-2CbPN,toluene,stddft,3.364,368.5,0.2311,3.014,411.4,0.3500000000000001,-14.439,-7.944,6.495
